year,country_code,country,indicator,indicator_code,value,unit,frequency,latest_actual_data,basis_of_projections,source,release,observation_type
1980,AUS,Australia,cpi_inflation,PCPIPCH,10.136,Percent,Annual,2025,,IMF WEO,April 2026,historical
1981,AUS,Australia,cpi_inflation,PCPIPCH,9.488,Percent,Annual,2025,,IMF WEO,April 2026,historical
1982,AUS,Australia,cpi_inflation,PCPIPCH,11.352,Percent,Annual,2025,,IMF WEO,April 2026,historical
1983,AUS,Australia,cpi_inflation,PCPIPCH,10.039,Percent,Annual,2025,,IMF WEO,April 2026,historical
1984,AUS,Australia,cpi_inflation,PCPIPCH,3.96,Percent,Annual,2025,,IMF WEO,April 2026,historical
1985,AUS,Australia,cpi_inflation,PCPIPCH,6.735,Percent,Annual,2025,,IMF WEO,April 2026,historical
1986,AUS,Australia,cpi_inflation,PCPIPCH,9.05,Percent,Annual,2025,,IMF WEO,April 2026,historical
1987,AUS,Australia,cpi_inflation,PCPIPCH,8.533,Percent,Annual,2025,,IMF WEO,April 2026,historical
1988,AUS,Australia,cpi_inflation,PCPIPCH,7.27,Percent,Annual,2025,,IMF WEO,April 2026,historical
1989,AUS,Australia,cpi_inflation,PCPIPCH,7.58,Percent,Annual,2025,,IMF WEO,April 2026,historical
1990,AUS,Australia,cpi_inflation,PCPIPCH,7.233,Percent,Annual,2025,,IMF WEO,April 2026,historical
1991,AUS,Australia,cpi_inflation,PCPIPCH,3.307,Percent,Annual,2025,,IMF WEO,April 2026,historical
1992,AUS,Australia,cpi_inflation,PCPIPCH,0.969,Percent,Annual,2025,,IMF WEO,April 2026,historical
1993,AUS,Australia,cpi_inflation,PCPIPCH,1.752,Percent,Annual,2025,,IMF WEO,April 2026,historical
1994,AUS,Australia,cpi_inflation,PCPIPCH,1.927,Percent,Annual,2025,,IMF WEO,April 2026,historical
1995,AUS,Australia,cpi_inflation,PCPIPCH,4.626,Percent,Annual,2025,,IMF WEO,April 2026,historical
1996,AUS,Australia,cpi_inflation,PCPIPCH,2.653,Percent,Annual,2025,,IMF WEO,April 2026,historical
1997,AUS,Australia,cpi_inflation,PCPIPCH,0.225,Percent,Annual,2025,,IMF WEO,April 2026,historical
1998,AUS,Australia,cpi_inflation,PCPIPCH,0.859,Percent,Annual,2025,,IMF WEO,April 2026,historical
1999,AUS,Australia,cpi_inflation,PCPIPCH,1.408,Percent,Annual,2025,,IMF WEO,April 2026,historical
2000,AUS,Australia,cpi_inflation,PCPIPCH,4.457,Percent,Annual,2025,,IMF WEO,April 2026,historical
2001,AUS,Australia,cpi_inflation,PCPIPCH,4.407,Percent,Annual,2025,,IMF WEO,April 2026,historical
2002,AUS,Australia,cpi_inflation,PCPIPCH,3.049,Percent,Annual,2025,,IMF WEO,April 2026,historical
2003,AUS,Australia,cpi_inflation,PCPIPCH,2.731,Percent,Annual,2025,,IMF WEO,April 2026,historical
2004,AUS,Australia,cpi_inflation,PCPIPCH,2.342,Percent,Annual,2025,,IMF WEO,April 2026,historical
2005,AUS,Australia,cpi_inflation,PCPIPCH,2.659,Percent,Annual,2025,,IMF WEO,April 2026,historical
2006,AUS,Australia,cpi_inflation,PCPIPCH,3.554,Percent,Annual,2025,,IMF WEO,April 2026,historical
2007,AUS,Australia,cpi_inflation,PCPIPCH,2.356,Percent,Annual,2025,,IMF WEO,April 2026,historical
2008,AUS,Australia,cpi_inflation,PCPIPCH,4.348,Percent,Annual,2025,,IMF WEO,April 2026,historical
2009,AUS,Australia,cpi_inflation,PCPIPCH,1.77,Percent,Annual,2025,,IMF WEO,April 2026,historical
2010,AUS,Australia,cpi_inflation,PCPIPCH,2.863,Percent,Annual,2025,,IMF WEO,April 2026,historical
2011,AUS,Australia,cpi_inflation,PCPIPCH,3.356,Percent,Annual,2025,,IMF WEO,April 2026,historical
2012,AUS,Australia,cpi_inflation,PCPIPCH,1.686,Percent,Annual,2025,,IMF WEO,April 2026,historical
2013,AUS,Australia,cpi_inflation,PCPIPCH,2.45,Percent,Annual,2025,,IMF WEO,April 2026,historical
2014,AUS,Australia,cpi_inflation,PCPIPCH,2.513,Percent,Annual,2025,,IMF WEO,April 2026,historical
2015,AUS,Australia,cpi_inflation,PCPIPCH,1.485,Percent,Annual,2025,,IMF WEO,April 2026,historical
2016,AUS,Australia,cpi_inflation,PCPIPCH,1.277,Percent,Annual,2025,,IMF WEO,April 2026,historical
2017,AUS,Australia,cpi_inflation,PCPIPCH,1.995,Percent,Annual,2025,,IMF WEO,April 2026,historical
2018,AUS,Australia,cpi_inflation,PCPIPCH,1.933,Percent,Annual,2025,,IMF WEO,April 2026,historical
2019,AUS,Australia,cpi_inflation,PCPIPCH,1.566,Percent,Annual,2025,,IMF WEO,April 2026,historical
2020,AUS,Australia,cpi_inflation,PCPIPCH,0.89,Percent,Annual,2025,,IMF WEO,April 2026,historical
2021,AUS,Australia,cpi_inflation,PCPIPCH,2.841,Percent,Annual,2025,,IMF WEO,April 2026,historical
2022,AUS,Australia,cpi_inflation,PCPIPCH,6.614,Percent,Annual,2025,,IMF WEO,April 2026,historical
2023,AUS,Australia,cpi_inflation,PCPIPCH,5.614,Percent,Annual,2025,,IMF WEO,April 2026,historical
2024,AUS,Australia,cpi_inflation,PCPIPCH,3.16,Percent,Annual,2025,,IMF WEO,April 2026,historical
2025,AUS,Australia,cpi_inflation,PCPIPCH,2.865,Percent,Annual,2025,,IMF WEO,April 2026,historical
2026,AUS,Australia,cpi_inflation,PCPIPCH,4.019,Percent,Annual,2025,,IMF WEO,April 2026,projection
2027,AUS,Australia,cpi_inflation,PCPIPCH,3.154,Percent,Annual,2025,,IMF WEO,April 2026,projection
2028,AUS,Australia,cpi_inflation,PCPIPCH,2.584,Percent,Annual,2025,,IMF WEO,April 2026,projection
2029,AUS,Australia,cpi_inflation,PCPIPCH,2.526,Percent,Annual,2025,,IMF WEO,April 2026,projection
2030,AUS,Australia,cpi_inflation,PCPIPCH,2.498,Percent,Annual,2025,,IMF WEO,April 2026,projection
2031,AUS,Australia,cpi_inflation,PCPIPCH,2.429,Percent,Annual,2025,,IMF WEO,April 2026,projection
1980,AUS,Australia,current_account_pct_gdp,BCA_NGDPD,-2.364,Percent,Annual,2025,,IMF WEO,April 2026,historical
1981,AUS,Australia,current_account_pct_gdp,BCA_NGDPD,-4.051,Percent,Annual,2025,,IMF WEO,April 2026,historical
1982,AUS,Australia,current_account_pct_gdp,BCA_NGDPD,-4.101,Percent,Annual,2025,,IMF WEO,April 2026,historical
1983,AUS,Australia,current_account_pct_gdp,BCA_NGDPD,-3.143,Percent,Annual,2025,,IMF WEO,April 2026,historical
1984,AUS,Australia,current_account_pct_gdp,BCA_NGDPD,-4.141,Percent,Annual,2025,,IMF WEO,April 2026,historical
1985,AUS,Australia,current_account_pct_gdp,BCA_NGDPD,-4.856,Percent,Annual,2025,,IMF WEO,April 2026,historical
1986,AUS,Australia,current_account_pct_gdp,BCA_NGDPD,-5.042,Percent,Annual,2025,,IMF WEO,April 2026,historical
1987,AUS,Australia,current_account_pct_gdp,BCA_NGDPD,-3.385,Percent,Annual,2025,,IMF WEO,April 2026,historical
1988,AUS,Australia,current_account_pct_gdp,BCA_NGDPD,-3.828,Percent,Annual,2025,,IMF WEO,April 2026,historical
1989,AUS,Australia,current_account_pct_gdp,BCA_NGDPD,-5.978,Percent,Annual,2025,,IMF WEO,April 2026,historical
1990,AUS,Australia,current_account_pct_gdp,BCA_NGDPD,-4.862,Percent,Annual,2025,,IMF WEO,April 2026,historical
1991,AUS,Australia,current_account_pct_gdp,BCA_NGDPD,-3.291,Percent,Annual,2025,,IMF WEO,April 2026,historical
1992,AUS,Australia,current_account_pct_gdp,BCA_NGDPD,-3.287,Percent,Annual,2025,,IMF WEO,April 2026,historical
1993,AUS,Australia,current_account_pct_gdp,BCA_NGDPD,-3.039,Percent,Annual,2025,,IMF WEO,April 2026,historical
1994,AUS,Australia,current_account_pct_gdp,BCA_NGDPD,-4.493,Percent,Annual,2025,,IMF WEO,April 2026,historical
1995,AUS,Australia,current_account_pct_gdp,BCA_NGDPD,-4.958,Percent,Annual,2025,,IMF WEO,April 2026,historical
1996,AUS,Australia,current_account_pct_gdp,BCA_NGDPD,-3.498,Percent,Annual,2025,,IMF WEO,April 2026,historical
1997,AUS,Australia,current_account_pct_gdp,BCA_NGDPD,-2.922,Percent,Annual,2025,,IMF WEO,April 2026,historical
1998,AUS,Australia,current_account_pct_gdp,BCA_NGDPD,-4.898,Percent,Annual,2025,,IMF WEO,April 2026,historical
1999,AUS,Australia,current_account_pct_gdp,BCA_NGDPD,-5.469,Percent,Annual,2025,,IMF WEO,April 2026,historical
2000,AUS,Australia,current_account_pct_gdp,BCA_NGDPD,-4.041,Percent,Annual,2025,,IMF WEO,April 2026,historical
2001,AUS,Australia,current_account_pct_gdp,BCA_NGDPD,-2.25,Percent,Annual,2025,,IMF WEO,April 2026,historical
2002,AUS,Australia,current_account_pct_gdp,BCA_NGDPD,-3.8,Percent,Annual,2025,,IMF WEO,April 2026,historical
2003,AUS,Australia,current_account_pct_gdp,BCA_NGDPD,-5.324,Percent,Annual,2025,,IMF WEO,April 2026,historical
2004,AUS,Australia,current_account_pct_gdp,BCA_NGDPD,-6.308,Percent,Annual,2025,,IMF WEO,April 2026,historical
2005,AUS,Australia,current_account_pct_gdp,BCA_NGDPD,-5.953,Percent,Annual,2025,,IMF WEO,April 2026,historical
2006,AUS,Australia,current_account_pct_gdp,BCA_NGDPD,-5.878,Percent,Annual,2025,,IMF WEO,April 2026,historical
2007,AUS,Australia,current_account_pct_gdp,BCA_NGDPD,-6.747,Percent,Annual,2025,,IMF WEO,April 2026,historical
2008,AUS,Australia,current_account_pct_gdp,BCA_NGDPD,-4.853,Percent,Annual,2025,,IMF WEO,April 2026,historical
2009,AUS,Australia,current_account_pct_gdp,BCA_NGDPD,-4.511,Percent,Annual,2025,,IMF WEO,April 2026,historical
2010,AUS,Australia,current_account_pct_gdp,BCA_NGDPD,-3.693,Percent,Annual,2025,,IMF WEO,April 2026,historical
2011,AUS,Australia,current_account_pct_gdp,BCA_NGDPD,-2.981,Percent,Annual,2025,,IMF WEO,April 2026,historical
2012,AUS,Australia,current_account_pct_gdp,BCA_NGDPD,-4.352,Percent,Annual,2025,,IMF WEO,April 2026,historical
2013,AUS,Australia,current_account_pct_gdp,BCA_NGDPD,-3.385,Percent,Annual,2025,,IMF WEO,April 2026,historical
2014,AUS,Australia,current_account_pct_gdp,BCA_NGDPD,-3.085,Percent,Annual,2025,,IMF WEO,April 2026,historical
2015,AUS,Australia,current_account_pct_gdp,BCA_NGDPD,-4.709,Percent,Annual,2025,,IMF WEO,April 2026,historical
2016,AUS,Australia,current_account_pct_gdp,BCA_NGDPD,-3.455,Percent,Annual,2025,,IMF WEO,April 2026,historical
2017,AUS,Australia,current_account_pct_gdp,BCA_NGDPD,-2.857,Percent,Annual,2025,,IMF WEO,April 2026,historical
2018,AUS,Australia,current_account_pct_gdp,BCA_NGDPD,-2.626,Percent,Annual,2025,,IMF WEO,April 2026,historical
2019,AUS,Australia,current_account_pct_gdp,BCA_NGDPD,-0.13,Percent,Annual,2025,,IMF WEO,April 2026,historical
2020,AUS,Australia,current_account_pct_gdp,BCA_NGDPD,1.562,Percent,Annual,2025,,IMF WEO,April 2026,historical
2021,AUS,Australia,current_account_pct_gdp,BCA_NGDPD,2.281,Percent,Annual,2025,,IMF WEO,April 2026,historical
2022,AUS,Australia,current_account_pct_gdp,BCA_NGDPD,0.301,Percent,Annual,2025,,IMF WEO,April 2026,historical
2023,AUS,Australia,current_account_pct_gdp,BCA_NGDPD,-0.417,Percent,Annual,2025,,IMF WEO,April 2026,historical
2024,AUS,Australia,current_account_pct_gdp,BCA_NGDPD,-2.245,Percent,Annual,2025,,IMF WEO,April 2026,historical
2025,AUS,Australia,current_account_pct_gdp,BCA_NGDPD,-2.63,Percent,Annual,2025,,IMF WEO,April 2026,historical
2026,AUS,Australia,current_account_pct_gdp,BCA_NGDPD,-2.312,Percent,Annual,2025,,IMF WEO,April 2026,projection
2027,AUS,Australia,current_account_pct_gdp,BCA_NGDPD,-2.243,Percent,Annual,2025,,IMF WEO,April 2026,projection
2028,AUS,Australia,current_account_pct_gdp,BCA_NGDPD,-2.316,Percent,Annual,2025,,IMF WEO,April 2026,projection
2029,AUS,Australia,current_account_pct_gdp,BCA_NGDPD,-2.32,Percent,Annual,2025,,IMF WEO,April 2026,projection
2030,AUS,Australia,current_account_pct_gdp,BCA_NGDPD,-2.371,Percent,Annual,2025,,IMF WEO,April 2026,projection
2031,AUS,Australia,current_account_pct_gdp,BCA_NGDPD,-2.414,Percent,Annual,2025,,IMF WEO,April 2026,projection
1980,AUS,Australia,export_price_growth,TXG_RPCH,16.399,Percent,Annual,2025,,IMF WEO,April 2026,historical
1981,AUS,Australia,export_price_growth,TXG_RPCH,2.533,Percent,Annual,2025,,IMF WEO,April 2026,historical
1982,AUS,Australia,export_price_growth,TXG_RPCH,2.816,Percent,Annual,2025,,IMF WEO,April 2026,historical
1983,AUS,Australia,export_price_growth,TXG_RPCH,8.826,Percent,Annual,2025,,IMF WEO,April 2026,historical
1984,AUS,Australia,export_price_growth,TXG_RPCH,1.653,Percent,Annual,2025,,IMF WEO,April 2026,historical
1985,AUS,Australia,export_price_growth,TXG_RPCH,14.528,Percent,Annual,2025,,IMF WEO,April 2026,historical
1986,AUS,Australia,export_price_growth,TXG_RPCH,6.532,Percent,Annual,2025,,IMF WEO,April 2026,historical
1987,AUS,Australia,export_price_growth,TXG_RPCH,11.568,Percent,Annual,2025,,IMF WEO,April 2026,historical
1988,AUS,Australia,export_price_growth,TXG_RPCH,3.9,Percent,Annual,2025,,IMF WEO,April 2026,historical
1989,AUS,Australia,export_price_growth,TXG_RPCH,3.545,Percent,Annual,2025,,IMF WEO,April 2026,historical
1990,AUS,Australia,export_price_growth,TXG_RPCH,7.122,Percent,Annual,2025,,IMF WEO,April 2026,historical
1991,AUS,Australia,export_price_growth,TXG_RPCH,15.08,Percent,Annual,2025,,IMF WEO,April 2026,historical
1992,AUS,Australia,export_price_growth,TXG_RPCH,5.683,Percent,Annual,2025,,IMF WEO,April 2026,historical
1993,AUS,Australia,export_price_growth,TXG_RPCH,6.283,Percent,Annual,2025,,IMF WEO,April 2026,historical
1994,AUS,Australia,export_price_growth,TXG_RPCH,7.689,Percent,Annual,2025,,IMF WEO,April 2026,historical
1995,AUS,Australia,export_price_growth,TXG_RPCH,3.395,Percent,Annual,2025,,IMF WEO,April 2026,historical
1996,AUS,Australia,export_price_growth,TXG_RPCH,11.621,Percent,Annual,2025,,IMF WEO,April 2026,historical
1997,AUS,Australia,export_price_growth,TXG_RPCH,14.178,Percent,Annual,2025,,IMF WEO,April 2026,historical
1998,AUS,Australia,export_price_growth,TXG_RPCH,-0.733,Percent,Annual,2025,,IMF WEO,April 2026,historical
1999,AUS,Australia,export_price_growth,TXG_RPCH,4.449,Percent,Annual,2025,,IMF WEO,April 2026,historical
2000,AUS,Australia,export_price_growth,TXG_RPCH,9.962,Percent,Annual,2025,,IMF WEO,April 2026,historical
2001,AUS,Australia,export_price_growth,TXG_RPCH,3.575,Percent,Annual,2025,,IMF WEO,April 2026,historical
2002,AUS,Australia,export_price_growth,TXG_RPCH,0.786,Percent,Annual,2025,,IMF WEO,April 2026,historical
2003,AUS,Australia,export_price_growth,TXG_RPCH,-1.643,Percent,Annual,2025,,IMF WEO,April 2026,historical
2004,AUS,Australia,export_price_growth,TXG_RPCH,4.158,Percent,Annual,2025,,IMF WEO,April 2026,historical
2005,AUS,Australia,export_price_growth,TXG_RPCH,3.018,Percent,Annual,2025,,IMF WEO,April 2026,historical
2006,AUS,Australia,export_price_growth,TXG_RPCH,1.99,Percent,Annual,2025,,IMF WEO,April 2026,historical
2007,AUS,Australia,export_price_growth,TXG_RPCH,1.77,Percent,Annual,2025,,IMF WEO,April 2026,historical
2008,AUS,Australia,export_price_growth,TXG_RPCH,4.068,Percent,Annual,2025,,IMF WEO,April 2026,historical
2009,AUS,Australia,export_price_growth,TXG_RPCH,3.369,Percent,Annual,2025,,IMF WEO,April 2026,historical
2010,AUS,Australia,export_price_growth,TXG_RPCH,7.468,Percent,Annual,2025,,IMF WEO,April 2026,historical
2011,AUS,Australia,export_price_growth,TXG_RPCH,0.415,Percent,Annual,2025,,IMF WEO,April 2026,historical
2012,AUS,Australia,export_price_growth,TXG_RPCH,7.299,Percent,Annual,2025,,IMF WEO,April 2026,historical
2013,AUS,Australia,export_price_growth,TXG_RPCH,6.24,Percent,Annual,2025,,IMF WEO,April 2026,historical
2014,AUS,Australia,export_price_growth,TXG_RPCH,6.905,Percent,Annual,2025,,IMF WEO,April 2026,historical
2015,AUS,Australia,export_price_growth,TXG_RPCH,5.527,Percent,Annual,2025,,IMF WEO,April 2026,historical
2016,AUS,Australia,export_price_growth,TXG_RPCH,7.268,Percent,Annual,2025,,IMF WEO,April 2026,historical
2017,AUS,Australia,export_price_growth,TXG_RPCH,2.052,Percent,Annual,2025,,IMF WEO,April 2026,historical
2018,AUS,Australia,export_price_growth,TXG_RPCH,4.618,Percent,Annual,2025,,IMF WEO,April 2026,historical
2019,AUS,Australia,export_price_growth,TXG_RPCH,1.716,Percent,Annual,2025,,IMF WEO,April 2026,historical
2020,AUS,Australia,export_price_growth,TXG_RPCH,-4.099,Percent,Annual,2025,,IMF WEO,April 2026,historical
2021,AUS,Australia,export_price_growth,TXG_RPCH,0.687,Percent,Annual,2025,,IMF WEO,April 2026,historical
2022,AUS,Australia,export_price_growth,TXG_RPCH,0.306,Percent,Annual,2025,,IMF WEO,April 2026,historical
2023,AUS,Australia,export_price_growth,TXG_RPCH,1.869,Percent,Annual,2025,,IMF WEO,April 2026,historical
2024,AUS,Australia,export_price_growth,TXG_RPCH,0.002,Percent,Annual,2025,,IMF WEO,April 2026,historical
2025,AUS,Australia,export_price_growth,TXG_RPCH,1.765,Percent,Annual,2025,,IMF WEO,April 2026,historical
2026,AUS,Australia,export_price_growth,TXG_RPCH,4.426,Percent,Annual,2025,,IMF WEO,April 2026,projection
2027,AUS,Australia,export_price_growth,TXG_RPCH,4.213,Percent,Annual,2025,,IMF WEO,April 2026,projection
2028,AUS,Australia,export_price_growth,TXG_RPCH,3.636,Percent,Annual,2025,,IMF WEO,April 2026,projection
2029,AUS,Australia,export_price_growth,TXG_RPCH,3.59,Percent,Annual,2025,,IMF WEO,April 2026,projection
2030,AUS,Australia,export_price_growth,TXG_RPCH,3.6,Percent,Annual,2025,,IMF WEO,April 2026,projection
2031,AUS,Australia,export_price_growth,TXG_RPCH,3.629,Percent,Annual,2025,,IMF WEO,April 2026,projection
1980,AUS,Australia,export_volume_growth,TX_RPCH,-0.915,Percent,Annual,2025,,IMF WEO,April 2026,historical
1981,AUS,Australia,export_volume_growth,TX_RPCH,-3.403,Percent,Annual,2025,,IMF WEO,April 2026,historical
1982,AUS,Australia,export_volume_growth,TX_RPCH,8.771,Percent,Annual,2025,,IMF WEO,April 2026,historical
1983,AUS,Australia,export_volume_growth,TX_RPCH,-4.36,Percent,Annual,2025,,IMF WEO,April 2026,historical
1984,AUS,Australia,export_volume_growth,TX_RPCH,16.092,Percent,Annual,2025,,IMF WEO,April 2026,historical
1985,AUS,Australia,export_volume_growth,TX_RPCH,10.397,Percent,Annual,2025,,IMF WEO,April 2026,historical
1986,AUS,Australia,export_volume_growth,TX_RPCH,3.625,Percent,Annual,2025,,IMF WEO,April 2026,historical
1987,AUS,Australia,export_volume_growth,TX_RPCH,12.119,Percent,Annual,2025,,IMF WEO,April 2026,historical
1988,AUS,Australia,export_volume_growth,TX_RPCH,7.3,Percent,Annual,2025,,IMF WEO,April 2026,historical
1989,AUS,Australia,export_volume_growth,TX_RPCH,3.192,Percent,Annual,2025,,IMF WEO,April 2026,historical
1990,AUS,Australia,export_volume_growth,TX_RPCH,7.536,Percent,Annual,2025,,IMF WEO,April 2026,historical
1991,AUS,Australia,export_volume_growth,TX_RPCH,12.923,Percent,Annual,2025,,IMF WEO,April 2026,historical
1992,AUS,Australia,export_volume_growth,TX_RPCH,6.422,Percent,Annual,2025,,IMF WEO,April 2026,historical
1993,AUS,Australia,export_volume_growth,TX_RPCH,8.375,Percent,Annual,2025,,IMF WEO,April 2026,historical
1994,AUS,Australia,export_volume_growth,TX_RPCH,7.941,Percent,Annual,2025,,IMF WEO,April 2026,historical
1995,AUS,Australia,export_volume_growth,TX_RPCH,5.422,Percent,Annual,2025,,IMF WEO,April 2026,historical
1996,AUS,Australia,export_volume_growth,TX_RPCH,10.511,Percent,Annual,2025,,IMF WEO,April 2026,historical
1997,AUS,Australia,export_volume_growth,TX_RPCH,11.926,Percent,Annual,2025,,IMF WEO,April 2026,historical
1998,AUS,Australia,export_volume_growth,TX_RPCH,0.154,Percent,Annual,2025,,IMF WEO,April 2026,historical
1999,AUS,Australia,export_volume_growth,TX_RPCH,4.642,Percent,Annual,2025,,IMF WEO,April 2026,historical
2000,AUS,Australia,export_volume_growth,TX_RPCH,11.738,Percent,Annual,2025,,IMF WEO,April 2026,historical
2001,AUS,Australia,export_volume_growth,TX_RPCH,3.028,Percent,Annual,2025,,IMF WEO,April 2026,historical
2002,AUS,Australia,export_volume_growth,TX_RPCH,0.836,Percent,Annual,2025,,IMF WEO,April 2026,historical
2003,AUS,Australia,export_volume_growth,TX_RPCH,-1.202,Percent,Annual,2025,,IMF WEO,April 2026,historical
2004,AUS,Australia,export_volume_growth,TX_RPCH,3.864,Percent,Annual,2025,,IMF WEO,April 2026,historical
2005,AUS,Australia,export_volume_growth,TX_RPCH,3.353,Percent,Annual,2025,,IMF WEO,April 2026,historical
2006,AUS,Australia,export_volume_growth,TX_RPCH,3.394,Percent,Annual,2025,,IMF WEO,April 2026,historical
2007,AUS,Australia,export_volume_growth,TX_RPCH,3.309,Percent,Annual,2025,,IMF WEO,April 2026,historical
2008,AUS,Australia,export_volume_growth,TX_RPCH,4.665,Percent,Annual,2025,,IMF WEO,April 2026,historical
2009,AUS,Australia,export_volume_growth,TX_RPCH,1.922,Percent,Annual,2025,,IMF WEO,April 2026,historical
2010,AUS,Australia,export_volume_growth,TX_RPCH,5.61,Percent,Annual,2025,,IMF WEO,April 2026,historical
2011,AUS,Australia,export_volume_growth,TX_RPCH,-0.262,Percent,Annual,2025,,IMF WEO,April 2026,historical
2012,AUS,Australia,export_volume_growth,TX_RPCH,5.722,Percent,Annual,2025,,IMF WEO,April 2026,historical
2013,AUS,Australia,export_volume_growth,TX_RPCH,5.832,Percent,Annual,2025,,IMF WEO,April 2026,historical
2014,AUS,Australia,export_volume_growth,TX_RPCH,6.971,Percent,Annual,2025,,IMF WEO,April 2026,historical
2015,AUS,Australia,export_volume_growth,TX_RPCH,6.194,Percent,Annual,2025,,IMF WEO,April 2026,historical
2016,AUS,Australia,export_volume_growth,TX_RPCH,6.839,Percent,Annual,2025,,IMF WEO,April 2026,historical
2017,AUS,Australia,export_volume_growth,TX_RPCH,3.375,Percent,Annual,2025,,IMF WEO,April 2026,historical
2018,AUS,Australia,export_volume_growth,TX_RPCH,5.166,Percent,Annual,2025,,IMF WEO,April 2026,historical
2019,AUS,Australia,export_volume_growth,TX_RPCH,3.116,Percent,Annual,2025,,IMF WEO,April 2026,historical
2020,AUS,Australia,export_volume_growth,TX_RPCH,-9.584,Percent,Annual,2025,,IMF WEO,April 2026,historical
2021,AUS,Australia,export_volume_growth,TX_RPCH,-2.256,Percent,Annual,2025,,IMF WEO,April 2026,historical
2022,AUS,Australia,export_volume_growth,TX_RPCH,2.611,Percent,Annual,2025,,IMF WEO,April 2026,historical
2023,AUS,Australia,export_volume_growth,TX_RPCH,6.845,Percent,Annual,2025,,IMF WEO,April 2026,historical
2024,AUS,Australia,export_volume_growth,TX_RPCH,1.091,Percent,Annual,2025,,IMF WEO,April 2026,historical
2025,AUS,Australia,export_volume_growth,TX_RPCH,2.69,Percent,Annual,2025,,IMF WEO,April 2026,historical
2026,AUS,Australia,export_volume_growth,TX_RPCH,4.582,Percent,Annual,2025,,IMF WEO,April 2026,projection
2027,AUS,Australia,export_volume_growth,TX_RPCH,3.923,Percent,Annual,2025,,IMF WEO,April 2026,projection
2028,AUS,Australia,export_volume_growth,TX_RPCH,3.462,Percent,Annual,2025,,IMF WEO,April 2026,projection
2029,AUS,Australia,export_volume_growth,TX_RPCH,3.426,Percent,Annual,2025,,IMF WEO,April 2026,projection
2030,AUS,Australia,export_volume_growth,TX_RPCH,3.435,Percent,Annual,2025,,IMF WEO,April 2026,projection
2031,AUS,Australia,export_volume_growth,TX_RPCH,3.46,Percent,Annual,2025,,IMF WEO,April 2026,projection
1980,AUS,Australia,gdp_current_usd,NGDP,143.162,Domestic currency,Annual,2025,,IMF WEO,April 2026,historical
1981,AUS,Australia,gdp_current_usd,NGDP,164.144,Domestic currency,Annual,2025,,IMF WEO,April 2026,historical
1982,AUS,Australia,gdp_current_usd,NGDP,184.089,Domestic currency,Annual,2025,,IMF WEO,April 2026,historical
1983,AUS,Australia,gdp_current_usd,NGDP,199.15,Domestic currency,Annual,2025,,IMF WEO,April 2026,historical
1984,AUS,Australia,gdp_current_usd,NGDP,224.416,Domestic currency,Annual,2025,,IMF WEO,April 2026,historical
1985,AUS,Australia,gdp_current_usd,NGDP,249.158,Domestic currency,Annual,2025,,IMF WEO,April 2026,historical
1986,AUS,Australia,gdp_current_usd,NGDP,270.858,Domestic currency,Annual,2025,,IMF WEO,April 2026,historical
1987,AUS,Australia,gdp_current_usd,NGDP,304.449,Domestic currency,Annual,2025,,IMF WEO,April 2026,historical
1988,AUS,Australia,gdp_current_usd,NGDP,346.181,Domestic currency,Annual,2025,,IMF WEO,April 2026,historical
1989,AUS,Australia,gdp_current_usd,NGDP,389.735,Domestic currency,Annual,2025,,IMF WEO,April 2026,historical
1990,AUS,Australia,gdp_current_usd,NGDP,415.5,Domestic currency,Annual,2025,,IMF WEO,April 2026,historical
1991,AUS,Australia,gdp_current_usd,NGDP,417.03,Domestic currency,Annual,2025,,IMF WEO,April 2026,historical
1992,AUS,Australia,gdp_current_usd,NGDP,433.101,Domestic currency,Annual,2025,,IMF WEO,April 2026,historical
1993,AUS,Australia,gdp_current_usd,NGDP,455.22,Domestic currency,Annual,2025,,IMF WEO,April 2026,historical
1994,AUS,Australia,gdp_current_usd,NGDP,483.691,Domestic currency,Annual,2025,,IMF WEO,April 2026,historical
1995,AUS,Australia,gdp_current_usd,NGDP,512.199,Domestic currency,Annual,2025,,IMF WEO,April 2026,historical
1996,AUS,Australia,gdp_current_usd,NGDP,543.238,Domestic currency,Annual,2025,,IMF WEO,April 2026,historical
1997,AUS,Australia,gdp_current_usd,NGDP,574.031,Domestic currency,Annual,2025,,IMF WEO,April 2026,historical
1998,AUS,Australia,gdp_current_usd,NGDP,607.179,Domestic currency,Annual,2025,,IMF WEO,April 2026,historical
1999,AUS,Australia,gdp_current_usd,NGDP,639.52,Domestic currency,Annual,2025,,IMF WEO,April 2026,historical
2000,AUS,Australia,gdp_current_usd,NGDP,688.741,Domestic currency,Annual,2025,,IMF WEO,April 2026,historical
2001,AUS,Australia,gdp_current_usd,NGDP,731.769,Domestic currency,Annual,2025,,IMF WEO,April 2026,historical
2002,AUS,Australia,gdp_current_usd,NGDP,783.679,Domestic currency,Annual,2025,,IMF WEO,April 2026,historical
2003,AUS,Australia,gdp_current_usd,NGDP,831.52,Domestic currency,Annual,2025,,IMF WEO,April 2026,historical
2004,AUS,Australia,gdp_current_usd,NGDP,895.759,Domestic currency,Annual,2025,,IMF WEO,April 2026,historical
2005,AUS,Australia,gdp_current_usd,NGDP,965.787,Domestic currency,Annual,2025,,IMF WEO,April 2026,historical
2006,AUS,Australia,gdp_current_usd,NGDP,1041.844,Domestic currency,Annual,2025,,IMF WEO,April 2026,historical
2007,AUS,Australia,gdp_current_usd,NGDP,1135.21,Domestic currency,Annual,2025,,IMF WEO,April 2026,historical
2008,AUS,Australia,gdp_current_usd,NGDP,1238.803,Domestic currency,Annual,2025,,IMF WEO,April 2026,historical
2009,AUS,Australia,gdp_current_usd,NGDP,1269.07,Domestic currency,Annual,2025,,IMF WEO,April 2026,historical
2010,AUS,Australia,gdp_current_usd,NGDP,1368.625,Domestic currency,Annual,2025,,IMF WEO,April 2026,historical
2011,AUS,Australia,gdp_current_usd,NGDP,1472.992,Domestic currency,Annual,2025,,IMF WEO,April 2026,historical
2012,AUS,Australia,gdp_current_usd,NGDP,1521.462,Domestic currency,Annual,2025,,IMF WEO,April 2026,historical
2013,AUS,Australia,gdp_current_usd,NGDP,1576.38,Domestic currency,Annual,2025,,IMF WEO,April 2026,historical
2014,AUS,Australia,gdp_current_usd,NGDP,1620.803,Domestic currency,Annual,2025,,IMF WEO,April 2026,historical
2015,AUS,Australia,gdp_current_usd,NGDP,1646.083,Domestic currency,Annual,2025,,IMF WEO,April 2026,historical
2016,AUS,Australia,gdp_current_usd,NGDP,1704.098,Domestic currency,Annual,2025,,IMF WEO,April 2026,historical
2017,AUS,Australia,gdp_current_usd,NGDP,1808.053,Domestic currency,Annual,2025,,IMF WEO,April 2026,historical
2018,AUS,Australia,gdp_current_usd,NGDP,1901.511,Domestic currency,Annual,2025,,IMF WEO,April 2026,historical
2019,AUS,Australia,gdp_current_usd,NGDP,2001.638,Domestic currency,Annual,2025,,IMF WEO,April 2026,historical
2020,AUS,Australia,gdp_current_usd,NGDP,1979.468,Domestic currency,Annual,2025,,IMF WEO,April 2026,historical
2021,AUS,Australia,gdp_current_usd,NGDP,2208.259,Domestic currency,Annual,2025,,IMF WEO,April 2026,historical
2022,AUS,Australia,gdp_current_usd,NGDP,2491.143,Domestic currency,Annual,2025,,IMF WEO,April 2026,historical
2023,AUS,Australia,gdp_current_usd,NGDP,2629.518,Domestic currency,Annual,2025,,IMF WEO,April 2026,historical
2024,AUS,Australia,gdp_current_usd,NGDP,2726.024,Domestic currency,Annual,2025,,IMF WEO,April 2026,historical
2025,AUS,Australia,gdp_current_usd,NGDP,2854.421,Domestic currency,Annual,2025,,IMF WEO,April 2026,historical
2026,AUS,Australia,gdp_current_usd,NGDP,3016.615,Domestic currency,Annual,2025,,IMF WEO,April 2026,projection
2027,AUS,Australia,gdp_current_usd,NGDP,3145.259,Domestic currency,Annual,2025,,IMF WEO,April 2026,projection
2028,AUS,Australia,gdp_current_usd,NGDP,3275.482,Domestic currency,Annual,2025,,IMF WEO,April 2026,projection
2029,AUS,Australia,gdp_current_usd,NGDP,3416.855,Domestic currency,Annual,2025,,IMF WEO,April 2026,projection
2030,AUS,Australia,gdp_current_usd,NGDP,3573.932,Domestic currency,Annual,2025,,IMF WEO,April 2026,projection
2031,AUS,Australia,gdp_current_usd,NGDP,3739.064,Domestic currency,Annual,2025,,IMF WEO,April 2026,projection
1980,AUS,Australia,import_price_growth,TMG_RPCH,6.011,Percent,Annual,2025,,IMF WEO,April 2026,historical
1981,AUS,Australia,import_price_growth,TMG_RPCH,9.88,Percent,Annual,2025,,IMF WEO,April 2026,historical
1982,AUS,Australia,import_price_growth,TMG_RPCH,4.947,Percent,Annual,2025,,IMF WEO,April 2026,historical
1983,AUS,Australia,import_price_growth,TMG_RPCH,-12.212,Percent,Annual,2025,,IMF WEO,April 2026,historical
1984,AUS,Australia,import_price_growth,TMG_RPCH,22.765,Percent,Annual,2025,,IMF WEO,April 2026,historical
1985,AUS,Australia,import_price_growth,TMG_RPCH,5.805,Percent,Annual,2025,,IMF WEO,April 2026,historical
1986,AUS,Australia,import_price_growth,TMG_RPCH,-2.008,Percent,Annual,2025,,IMF WEO,April 2026,historical
1987,AUS,Australia,import_price_growth,TMG_RPCH,1.316,Percent,Annual,2025,,IMF WEO,April 2026,historical
1988,AUS,Australia,import_price_growth,TMG_RPCH,30.8,Percent,Annual,2025,,IMF WEO,April 2026,historical
1989,AUS,Australia,import_price_growth,TMG_RPCH,20.776,Percent,Annual,2025,,IMF WEO,April 2026,historical
1990,AUS,Australia,import_price_growth,TMG_RPCH,-4.296,Percent,Annual,2025,,IMF WEO,April 2026,historical
1991,AUS,Australia,import_price_growth,TMG_RPCH,-1.783,Percent,Annual,2025,,IMF WEO,April 2026,historical
1992,AUS,Australia,import_price_growth,TMG_RPCH,8.516,Percent,Annual,2025,,IMF WEO,April 2026,historical
1993,AUS,Australia,import_price_growth,TMG_RPCH,5.739,Percent,Annual,2025,,IMF WEO,April 2026,historical
1994,AUS,Australia,import_price_growth,TMG_RPCH,15.034,Percent,Annual,2025,,IMF WEO,April 2026,historical
1995,AUS,Australia,import_price_growth,TMG_RPCH,9.941,Percent,Annual,2025,,IMF WEO,April 2026,historical
1996,AUS,Australia,import_price_growth,TMG_RPCH,8.424,Percent,Annual,2025,,IMF WEO,April 2026,historical
1997,AUS,Australia,import_price_growth,TMG_RPCH,12.213,Percent,Annual,2025,,IMF WEO,April 2026,historical
1998,AUS,Australia,import_price_growth,TMG_RPCH,8.172,Percent,Annual,2025,,IMF WEO,April 2026,historical
1999,AUS,Australia,import_price_growth,TMG_RPCH,10.167,Percent,Annual,2025,,IMF WEO,April 2026,historical
2000,AUS,Australia,import_price_growth,TMG_RPCH,8.847,Percent,Annual,2025,,IMF WEO,April 2026,historical
2001,AUS,Australia,import_price_growth,TMG_RPCH,-4.106,Percent,Annual,2025,,IMF WEO,April 2026,historical
2002,AUS,Australia,import_price_growth,TMG_RPCH,13.921,Percent,Annual,2025,,IMF WEO,April 2026,historical
2003,AUS,Australia,import_price_growth,TMG_RPCH,11.601,Percent,Annual,2025,,IMF WEO,April 2026,historical
2004,AUS,Australia,import_price_growth,TMG_RPCH,14.72,Percent,Annual,2025,,IMF WEO,April 2026,historical
2005,AUS,Australia,import_price_growth,TMG_RPCH,9.66,Percent,Annual,2025,,IMF WEO,April 2026,historical
2006,AUS,Australia,import_price_growth,TMG_RPCH,9.504,Percent,Annual,2025,,IMF WEO,April 2026,historical
2007,AUS,Australia,import_price_growth,TMG_RPCH,11.905,Percent,Annual,2025,,IMF WEO,April 2026,historical
2008,AUS,Australia,import_price_growth,TMG_RPCH,10.428,Percent,Annual,2025,,IMF WEO,April 2026,historical
2009,AUS,Australia,import_price_growth,TMG_RPCH,-9.904,Percent,Annual,2025,,IMF WEO,April 2026,historical
2010,AUS,Australia,import_price_growth,TMG_RPCH,15.59,Percent,Annual,2025,,IMF WEO,April 2026,historical
2011,AUS,Australia,import_price_growth,TMG_RPCH,10.076,Percent,Annual,2025,,IMF WEO,April 2026,historical
2012,AUS,Australia,import_price_growth,TMG_RPCH,5.996,Percent,Annual,2025,,IMF WEO,April 2026,historical
2013,AUS,Australia,import_price_growth,TMG_RPCH,-3.408,Percent,Annual,2025,,IMF WEO,April 2026,historical
2014,AUS,Australia,import_price_growth,TMG_RPCH,0.027,Percent,Annual,2025,,IMF WEO,April 2026,historical
2015,AUS,Australia,import_price_growth,TMG_RPCH,2.773,Percent,Annual,2025,,IMF WEO,April 2026,historical
2016,AUS,Australia,import_price_growth,TMG_RPCH,0.301,Percent,Annual,2025,,IMF WEO,April 2026,historical
2017,AUS,Australia,import_price_growth,TMG_RPCH,7.833,Percent,Annual,2025,,IMF WEO,April 2026,historical
2018,AUS,Australia,import_price_growth,TMG_RPCH,4.265,Percent,Annual,2025,,IMF WEO,April 2026,historical
2019,AUS,Australia,import_price_growth,TMG_RPCH,-1.237,Percent,Annual,2025,,IMF WEO,April 2026,historical
2020,AUS,Australia,import_price_growth,TMG_RPCH,-2.069,Percent,Annual,2025,,IMF WEO,April 2026,historical
2021,AUS,Australia,import_price_growth,TMG_RPCH,9.75,Percent,Annual,2025,,IMF WEO,April 2026,historical
2022,AUS,Australia,import_price_growth,TMG_RPCH,6.771,Percent,Annual,2025,,IMF WEO,April 2026,historical
2023,AUS,Australia,import_price_growth,TMG_RPCH,0.624,Percent,Annual,2025,,IMF WEO,April 2026,historical
2024,AUS,Australia,import_price_growth,TMG_RPCH,4.45,Percent,Annual,2025,,IMF WEO,April 2026,historical
2025,AUS,Australia,import_price_growth,TMG_RPCH,3.524,Percent,Annual,2025,,IMF WEO,April 2026,historical
2026,AUS,Australia,import_price_growth,TMG_RPCH,5.949,Percent,Annual,2025,,IMF WEO,April 2026,projection
2027,AUS,Australia,import_price_growth,TMG_RPCH,2.574,Percent,Annual,2025,,IMF WEO,April 2026,projection
2028,AUS,Australia,import_price_growth,TMG_RPCH,2.167,Percent,Annual,2025,,IMF WEO,April 2026,projection
2029,AUS,Australia,import_price_growth,TMG_RPCH,2.015,Percent,Annual,2025,,IMF WEO,April 2026,projection
2030,AUS,Australia,import_price_growth,TMG_RPCH,2.015,Percent,Annual,2025,,IMF WEO,April 2026,projection
2031,AUS,Australia,import_price_growth,TMG_RPCH,2.015,Percent,Annual,2025,,IMF WEO,April 2026,projection
1980,AUS,Australia,import_volume_growth,TM_RPCH,4.997,Percent,Annual,2025,,IMF WEO,April 2026,historical
1981,AUS,Australia,import_volume_growth,TM_RPCH,10.042,Percent,Annual,2025,,IMF WEO,April 2026,historical
1982,AUS,Australia,import_volume_growth,TM_RPCH,5.46,Percent,Annual,2025,,IMF WEO,April 2026,historical
1983,AUS,Australia,import_volume_growth,TM_RPCH,-9.819,Percent,Annual,2025,,IMF WEO,April 2026,historical
1984,AUS,Australia,import_volume_growth,TM_RPCH,22.058,Percent,Annual,2025,,IMF WEO,April 2026,historical
1985,AUS,Australia,import_volume_growth,TM_RPCH,3.79,Percent,Annual,2025,,IMF WEO,April 2026,historical
1986,AUS,Australia,import_volume_growth,TM_RPCH,-3.149,Percent,Annual,2025,,IMF WEO,April 2026,historical
1987,AUS,Australia,import_volume_growth,TM_RPCH,2.516,Percent,Annual,2025,,IMF WEO,April 2026,historical
1988,AUS,Australia,import_volume_growth,TM_RPCH,21.0,Percent,Annual,2025,,IMF WEO,April 2026,historical
1989,AUS,Australia,import_volume_growth,TM_RPCH,21.179,Percent,Annual,2025,,IMF WEO,April 2026,historical
1990,AUS,Australia,import_volume_growth,TM_RPCH,-3.864,Percent,Annual,2025,,IMF WEO,April 2026,historical
1991,AUS,Australia,import_volume_growth,TM_RPCH,-2.6,Percent,Annual,2025,,IMF WEO,April 2026,historical
1992,AUS,Australia,import_volume_growth,TM_RPCH,6.854,Percent,Annual,2025,,IMF WEO,April 2026,historical
1993,AUS,Australia,import_volume_growth,TM_RPCH,5.161,Percent,Annual,2025,,IMF WEO,April 2026,historical
1994,AUS,Australia,import_volume_growth,TM_RPCH,14.287,Percent,Annual,2025,,IMF WEO,April 2026,historical
1995,AUS,Australia,import_volume_growth,TM_RPCH,8.793,Percent,Annual,2025,,IMF WEO,April 2026,historical
1996,AUS,Australia,import_volume_growth,TM_RPCH,8.009,Percent,Annual,2025,,IMF WEO,April 2026,historical
1997,AUS,Australia,import_volume_growth,TM_RPCH,10.433,Percent,Annual,2025,,IMF WEO,April 2026,historical
1998,AUS,Australia,import_volume_growth,TM_RPCH,7.276,Percent,Annual,2025,,IMF WEO,April 2026,historical
1999,AUS,Australia,import_volume_growth,TM_RPCH,8.196,Percent,Annual,2025,,IMF WEO,April 2026,historical
2000,AUS,Australia,import_volume_growth,TM_RPCH,8.035,Percent,Annual,2025,,IMF WEO,April 2026,historical
2001,AUS,Australia,import_volume_growth,TM_RPCH,-4.652,Percent,Annual,2025,,IMF WEO,April 2026,historical
2002,AUS,Australia,import_volume_growth,TM_RPCH,10.878,Percent,Annual,2025,,IMF WEO,April 2026,historical
2003,AUS,Australia,import_volume_growth,TM_RPCH,11.006,Percent,Annual,2025,,IMF WEO,April 2026,historical
2004,AUS,Australia,import_volume_growth,TM_RPCH,15.548,Percent,Annual,2025,,IMF WEO,April 2026,historical
2005,AUS,Australia,import_volume_growth,TM_RPCH,9.362,Percent,Annual,2025,,IMF WEO,April 2026,historical
2006,AUS,Australia,import_volume_growth,TM_RPCH,8.719,Percent,Annual,2025,,IMF WEO,April 2026,historical
2007,AUS,Australia,import_volume_growth,TM_RPCH,13.033,Percent,Annual,2025,,IMF WEO,April 2026,historical
2008,AUS,Australia,import_volume_growth,TM_RPCH,10.897,Percent,Annual,2025,,IMF WEO,April 2026,historical
2009,AUS,Australia,import_volume_growth,TM_RPCH,-9.031,Percent,Annual,2025,,IMF WEO,April 2026,historical
2010,AUS,Australia,import_volume_growth,TM_RPCH,16.299,Percent,Annual,2025,,IMF WEO,April 2026,historical
2011,AUS,Australia,import_volume_growth,TM_RPCH,10.248,Percent,Annual,2025,,IMF WEO,April 2026,historical
2012,AUS,Australia,import_volume_growth,TM_RPCH,6.58,Percent,Annual,2025,,IMF WEO,April 2026,historical
2013,AUS,Australia,import_volume_growth,TM_RPCH,-2.248,Percent,Annual,2025,,IMF WEO,April 2026,historical
2014,AUS,Australia,import_volume_growth,TM_RPCH,-1.396,Percent,Annual,2025,,IMF WEO,April 2026,historical
2015,AUS,Australia,import_volume_growth,TM_RPCH,2.319,Percent,Annual,2025,,IMF WEO,April 2026,historical
2016,AUS,Australia,import_volume_growth,TM_RPCH,0.598,Percent,Annual,2025,,IMF WEO,April 2026,historical
2017,AUS,Australia,import_volume_growth,TM_RPCH,8.211,Percent,Annual,2025,,IMF WEO,April 2026,historical
2018,AUS,Australia,import_volume_growth,TM_RPCH,4.947,Percent,Annual,2025,,IMF WEO,April 2026,historical
2019,AUS,Australia,import_volume_growth,TM_RPCH,-1.117,Percent,Annual,2025,,IMF WEO,April 2026,historical
2020,AUS,Australia,import_volume_growth,TM_RPCH,-12.012,Percent,Annual,2025,,IMF WEO,April 2026,historical
2021,AUS,Australia,import_volume_growth,TM_RPCH,5.259,Percent,Annual,2025,,IMF WEO,April 2026,historical
2022,AUS,Australia,import_volume_growth,TM_RPCH,13.651,Percent,Annual,2025,,IMF WEO,April 2026,historical
2023,AUS,Australia,import_volume_growth,TM_RPCH,6.742,Percent,Annual,2025,,IMF WEO,April 2026,historical
2024,AUS,Australia,import_volume_growth,TM_RPCH,5.84,Percent,Annual,2025,,IMF WEO,April 2026,historical
2025,AUS,Australia,import_volume_growth,TM_RPCH,3.808,Percent,Annual,2025,,IMF WEO,April 2026,historical
2026,AUS,Australia,import_volume_growth,TM_RPCH,4.923,Percent,Annual,2025,,IMF WEO,April 2026,projection
2027,AUS,Australia,import_volume_growth,TM_RPCH,2.581,Percent,Annual,2025,,IMF WEO,April 2026,projection
2028,AUS,Australia,import_volume_growth,TM_RPCH,2.35,Percent,Annual,2025,,IMF WEO,April 2026,projection
2029,AUS,Australia,import_volume_growth,TM_RPCH,2.247,Percent,Annual,2025,,IMF WEO,April 2026,projection
2030,AUS,Australia,import_volume_growth,TM_RPCH,2.18,Percent,Annual,2025,,IMF WEO,April 2026,projection
2031,AUS,Australia,import_volume_growth,TM_RPCH,2.161,Percent,Annual,2025,,IMF WEO,April 2026,projection
1980,AUS,Australia,real_gdp_growth,NGDP_RPCH,2.894,Percent,Annual,2025,,IMF WEO,April 2026,historical
1981,AUS,Australia,real_gdp_growth,NGDP_RPCH,4.127,Percent,Annual,2025,,IMF WEO,April 2026,historical
1982,AUS,Australia,real_gdp_growth,NGDP_RPCH,0.063,Percent,Annual,2025,,IMF WEO,April 2026,historical
1983,AUS,Australia,real_gdp_growth,NGDP_RPCH,-0.474,Percent,Annual,2025,,IMF WEO,April 2026,historical
1984,AUS,Australia,real_gdp_growth,NGDP_RPCH,6.346,Percent,Annual,2025,,IMF WEO,April 2026,historical
1985,AUS,Australia,real_gdp_growth,NGDP_RPCH,5.456,Percent,Annual,2025,,IMF WEO,April 2026,historical
1986,AUS,Australia,real_gdp_growth,NGDP_RPCH,2.448,Percent,Annual,2025,,IMF WEO,April 2026,historical
1987,AUS,Australia,real_gdp_growth,NGDP_RPCH,4.893,Percent,Annual,2025,,IMF WEO,April 2026,historical
1988,AUS,Australia,real_gdp_growth,NGDP_RPCH,4.253,Percent,Annual,2025,,IMF WEO,April 2026,historical
1989,AUS,Australia,real_gdp_growth,NGDP_RPCH,4.631,Percent,Annual,2025,,IMF WEO,April 2026,historical
1990,AUS,Australia,real_gdp_growth,NGDP_RPCH,1.486,Percent,Annual,2025,,IMF WEO,April 2026,historical
1991,AUS,Australia,real_gdp_growth,NGDP_RPCH,-0.986,Percent,Annual,2025,,IMF WEO,April 2026,historical
1992,AUS,Australia,real_gdp_growth,NGDP_RPCH,2.602,Percent,Annual,2025,,IMF WEO,April 2026,historical
1993,AUS,Australia,real_gdp_growth,NGDP_RPCH,3.918,Percent,Annual,2025,,IMF WEO,April 2026,historical
1994,AUS,Australia,real_gdp_growth,NGDP_RPCH,4.876,Percent,Annual,2025,,IMF WEO,April 2026,historical
1995,AUS,Australia,real_gdp_growth,NGDP_RPCH,2.959,Percent,Annual,2025,,IMF WEO,April 2026,historical
1996,AUS,Australia,real_gdp_growth,NGDP_RPCH,3.968,Percent,Annual,2025,,IMF WEO,April 2026,historical
1997,AUS,Australia,real_gdp_growth,NGDP_RPCH,4.723,Percent,Annual,2025,,IMF WEO,April 2026,historical
1998,AUS,Australia,real_gdp_growth,NGDP_RPCH,4.687,Percent,Annual,2025,,IMF WEO,April 2026,historical
1999,AUS,Australia,real_gdp_growth,NGDP_RPCH,4.42,Percent,Annual,2025,,IMF WEO,April 2026,historical
2000,AUS,Australia,real_gdp_growth,NGDP_RPCH,3.108,Percent,Annual,2025,,IMF WEO,April 2026,historical
2001,AUS,Australia,real_gdp_growth,NGDP_RPCH,2.584,Percent,Annual,2025,,IMF WEO,April 2026,historical
2002,AUS,Australia,real_gdp_growth,NGDP_RPCH,4.147,Percent,Annual,2025,,IMF WEO,April 2026,historical
2003,AUS,Australia,real_gdp_growth,NGDP_RPCH,3.018,Percent,Annual,2025,,IMF WEO,April 2026,historical
2004,AUS,Australia,real_gdp_growth,NGDP_RPCH,4.103,Percent,Annual,2025,,IMF WEO,April 2026,historical
2005,AUS,Australia,real_gdp_growth,NGDP_RPCH,3.04,Percent,Annual,2025,,IMF WEO,April 2026,historical
2006,AUS,Australia,real_gdp_growth,NGDP_RPCH,2.636,Percent,Annual,2025,,IMF WEO,April 2026,historical
2007,AUS,Australia,real_gdp_growth,NGDP_RPCH,4.357,Percent,Annual,2025,,IMF WEO,April 2026,historical
2008,AUS,Australia,real_gdp_growth,NGDP_RPCH,2.664,Percent,Annual,2025,,IMF WEO,April 2026,historical
2009,AUS,Australia,real_gdp_growth,NGDP_RPCH,1.977,Percent,Annual,2025,,IMF WEO,April 2026,historical
2010,AUS,Australia,real_gdp_growth,NGDP_RPCH,2.428,Percent,Annual,2025,,IMF WEO,April 2026,historical
2011,AUS,Australia,real_gdp_growth,NGDP_RPCH,2.751,Percent,Annual,2025,,IMF WEO,April 2026,historical
2012,AUS,Australia,real_gdp_growth,NGDP_RPCH,3.875,Percent,Annual,2025,,IMF WEO,April 2026,historical
2013,AUS,Australia,real_gdp_growth,NGDP_RPCH,2.243,Percent,Annual,2025,,IMF WEO,April 2026,historical
2014,AUS,Australia,real_gdp_growth,NGDP_RPCH,2.559,Percent,Annual,2025,,IMF WEO,April 2026,historical
2015,AUS,Australia,real_gdp_growth,NGDP_RPCH,2.32,Percent,Annual,2025,,IMF WEO,April 2026,historical
2016,AUS,Australia,real_gdp_growth,NGDP_RPCH,2.703,Percent,Annual,2025,,IMF WEO,April 2026,historical
2017,AUS,Australia,real_gdp_growth,NGDP_RPCH,2.387,Percent,Annual,2025,,IMF WEO,April 2026,historical
2018,AUS,Australia,real_gdp_growth,NGDP_RPCH,2.789,Percent,Annual,2025,,IMF WEO,April 2026,historical
2019,AUS,Australia,real_gdp_growth,NGDP_RPCH,1.974,Percent,Annual,2025,,IMF WEO,April 2026,historical
2020,AUS,Australia,real_gdp_growth,NGDP_RPCH,-2.043,Percent,Annual,2025,,IMF WEO,April 2026,historical
2021,AUS,Australia,real_gdp_growth,NGDP_RPCH,5.358,Percent,Annual,2025,,IMF WEO,April 2026,historical
2022,AUS,Australia,real_gdp_growth,NGDP_RPCH,4.208,Percent,Annual,2025,,IMF WEO,April 2026,historical
2023,AUS,Australia,real_gdp_growth,NGDP_RPCH,2.135,Percent,Annual,2025,,IMF WEO,April 2026,historical
2024,AUS,Australia,real_gdp_growth,NGDP_RPCH,1.004,Percent,Annual,2025,,IMF WEO,April 2026,historical
2025,AUS,Australia,real_gdp_growth,NGDP_RPCH,1.971,Percent,Annual,2025,,IMF WEO,April 2026,historical
2026,AUS,Australia,real_gdp_growth,NGDP_RPCH,2.009,Percent,Annual,2025,,IMF WEO,April 2026,projection
2027,AUS,Australia,real_gdp_growth,NGDP_RPCH,1.698,Percent,Annual,2025,,IMF WEO,April 2026,projection
2028,AUS,Australia,real_gdp_growth,NGDP_RPCH,1.855,Percent,Annual,2025,,IMF WEO,April 2026,projection
2029,AUS,Australia,real_gdp_growth,NGDP_RPCH,2.057,Percent,Annual,2025,,IMF WEO,April 2026,projection
2030,AUS,Australia,real_gdp_growth,NGDP_RPCH,2.259,Percent,Annual,2025,,IMF WEO,April 2026,projection
2031,AUS,Australia,real_gdp_growth,NGDP_RPCH,2.325,Percent,Annual,2025,,IMF WEO,April 2026,projection
1980,AUS,Australia,unemployment_rate,LUR,6.133,,Annual,2025,,IMF WEO,April 2026,historical
1981,AUS,Australia,unemployment_rate,LUR,5.783,,Annual,2025,,IMF WEO,April 2026,historical
1982,AUS,Australia,unemployment_rate,LUR,7.183,,Annual,2025,,IMF WEO,April 2026,historical
1983,AUS,Australia,unemployment_rate,LUR,9.967,,Annual,2025,,IMF WEO,April 2026,historical
1984,AUS,Australia,unemployment_rate,LUR,8.967,,Annual,2025,,IMF WEO,April 2026,historical
1985,AUS,Australia,unemployment_rate,LUR,8.258,,Annual,2025,,IMF WEO,April 2026,historical
1986,AUS,Australia,unemployment_rate,LUR,8.117,,Annual,2025,,IMF WEO,April 2026,historical
1987,AUS,Australia,unemployment_rate,LUR,8.108,,Annual,2025,,IMF WEO,April 2026,historical
1988,AUS,Australia,unemployment_rate,LUR,7.208,,Annual,2025,,IMF WEO,April 2026,historical
1989,AUS,Australia,unemployment_rate,LUR,6.133,,Annual,2025,,IMF WEO,April 2026,historical
1990,AUS,Australia,unemployment_rate,LUR,6.942,,Annual,2025,,IMF WEO,April 2026,historical
1991,AUS,Australia,unemployment_rate,LUR,9.617,,Annual,2025,,IMF WEO,April 2026,historical
1992,AUS,Australia,unemployment_rate,LUR,10.742,,Annual,2025,,IMF WEO,April 2026,historical
1993,AUS,Australia,unemployment_rate,LUR,10.883,,Annual,2025,,IMF WEO,April 2026,historical
1994,AUS,Australia,unemployment_rate,LUR,9.717,,Annual,2025,,IMF WEO,April 2026,historical
1995,AUS,Australia,unemployment_rate,LUR,8.483,,Annual,2025,,IMF WEO,April 2026,historical
1996,AUS,Australia,unemployment_rate,LUR,8.525,,Annual,2025,,IMF WEO,April 2026,historical
1997,AUS,Australia,unemployment_rate,LUR,8.367,,Annual,2025,,IMF WEO,April 2026,historical
1998,AUS,Australia,unemployment_rate,LUR,7.692,,Annual,2025,,IMF WEO,April 2026,historical
1999,AUS,Australia,unemployment_rate,LUR,6.867,,Annual,2025,,IMF WEO,April 2026,historical
2000,AUS,Australia,unemployment_rate,LUR,6.292,,Annual,2025,,IMF WEO,April 2026,historical
2001,AUS,Australia,unemployment_rate,LUR,6.775,,Annual,2025,,IMF WEO,April 2026,historical
2002,AUS,Australia,unemployment_rate,LUR,6.358,,Annual,2025,,IMF WEO,April 2026,historical
2003,AUS,Australia,unemployment_rate,LUR,5.942,,Annual,2025,,IMF WEO,April 2026,historical
2004,AUS,Australia,unemployment_rate,LUR,5.392,,Annual,2025,,IMF WEO,April 2026,historical
2005,AUS,Australia,unemployment_rate,LUR,5.033,,Annual,2025,,IMF WEO,April 2026,historical
2006,AUS,Australia,unemployment_rate,LUR,4.792,,Annual,2025,,IMF WEO,April 2026,historical
2007,AUS,Australia,unemployment_rate,LUR,4.375,,Annual,2025,,IMF WEO,April 2026,historical
2008,AUS,Australia,unemployment_rate,LUR,4.258,,Annual,2025,,IMF WEO,April 2026,historical
2009,AUS,Australia,unemployment_rate,LUR,5.575,,Annual,2025,,IMF WEO,April 2026,historical
2010,AUS,Australia,unemployment_rate,LUR,5.208,,Annual,2025,,IMF WEO,April 2026,historical
2011,AUS,Australia,unemployment_rate,LUR,5.083,,Annual,2025,,IMF WEO,April 2026,historical
2012,AUS,Australia,unemployment_rate,LUR,5.233,,Annual,2025,,IMF WEO,April 2026,historical
2013,AUS,Australia,unemployment_rate,LUR,5.658,,Annual,2025,,IMF WEO,April 2026,historical
2014,AUS,Australia,unemployment_rate,LUR,6.058,,Annual,2025,,IMF WEO,April 2026,historical
2015,AUS,Australia,unemployment_rate,LUR,6.067,,Annual,2025,,IMF WEO,April 2026,historical
2016,AUS,Australia,unemployment_rate,LUR,5.717,,Annual,2025,,IMF WEO,April 2026,historical
2017,AUS,Australia,unemployment_rate,LUR,5.6,,Annual,2025,,IMF WEO,April 2026,historical
2018,AUS,Australia,unemployment_rate,LUR,5.283,,Annual,2025,,IMF WEO,April 2026,historical
2019,AUS,Australia,unemployment_rate,LUR,5.175,,Annual,2025,,IMF WEO,April 2026,historical
2020,AUS,Australia,unemployment_rate,LUR,6.458,,Annual,2025,,IMF WEO,April 2026,historical
2021,AUS,Australia,unemployment_rate,LUR,5.125,,Annual,2025,,IMF WEO,April 2026,historical
2022,AUS,Australia,unemployment_rate,LUR,3.717,,Annual,2025,,IMF WEO,April 2026,historical
2023,AUS,Australia,unemployment_rate,LUR,3.7,,Annual,2025,,IMF WEO,April 2026,historical
2024,AUS,Australia,unemployment_rate,LUR,4.008,,Annual,2025,,IMF WEO,April 2026,historical
2025,AUS,Australia,unemployment_rate,LUR,4.2,,Annual,2025,,IMF WEO,April 2026,historical
2026,AUS,Australia,unemployment_rate,LUR,4.214,,Annual,2025,,IMF WEO,April 2026,projection
2027,AUS,Australia,unemployment_rate,LUR,4.306,,Annual,2025,,IMF WEO,April 2026,projection
2028,AUS,Australia,unemployment_rate,LUR,4.406,,Annual,2025,,IMF WEO,April 2026,projection
2029,AUS,Australia,unemployment_rate,LUR,4.386,,Annual,2025,,IMF WEO,April 2026,projection
2030,AUS,Australia,unemployment_rate,LUR,4.457,,Annual,2025,,IMF WEO,April 2026,projection
2031,AUS,Australia,unemployment_rate,LUR,4.457,,Annual,2025,,IMF WEO,April 2026,projection
1980,IDN,Indonesia,cpi_inflation,PCPIPCH,18.017,Percent,Annual,2025,,IMF WEO,April 2026,historical
1981,IDN,Indonesia,cpi_inflation,PCPIPCH,12.244,Percent,Annual,2025,,IMF WEO,April 2026,historical
1982,IDN,Indonesia,cpi_inflation,PCPIPCH,9.481,Percent,Annual,2025,,IMF WEO,April 2026,historical
1983,IDN,Indonesia,cpi_inflation,PCPIPCH,11.787,Percent,Annual,2025,,IMF WEO,April 2026,historical
1984,IDN,Indonesia,cpi_inflation,PCPIPCH,10.475,Percent,Annual,2025,,IMF WEO,April 2026,historical
1985,IDN,Indonesia,cpi_inflation,PCPIPCH,4.705,Percent,Annual,2025,,IMF WEO,April 2026,historical
1986,IDN,Indonesia,cpi_inflation,PCPIPCH,5.821,Percent,Annual,2025,,IMF WEO,April 2026,historical
1987,IDN,Indonesia,cpi_inflation,PCPIPCH,9.25,Percent,Annual,2025,,IMF WEO,April 2026,historical
1988,IDN,Indonesia,cpi_inflation,PCPIPCH,8.072,Percent,Annual,2025,,IMF WEO,April 2026,historical
1989,IDN,Indonesia,cpi_inflation,PCPIPCH,6.407,Percent,Annual,2025,,IMF WEO,April 2026,historical
1990,IDN,Indonesia,cpi_inflation,PCPIPCH,7.8,Percent,Annual,2025,,IMF WEO,April 2026,historical
1991,IDN,Indonesia,cpi_inflation,PCPIPCH,9.435,Percent,Annual,2025,,IMF WEO,April 2026,historical
1992,IDN,Indonesia,cpi_inflation,PCPIPCH,7.546,Percent,Annual,2025,,IMF WEO,April 2026,historical
1993,IDN,Indonesia,cpi_inflation,PCPIPCH,9.664,Percent,Annual,2025,,IMF WEO,April 2026,historical
1994,IDN,Indonesia,cpi_inflation,PCPIPCH,8.528,Percent,Annual,2025,,IMF WEO,April 2026,historical
1995,IDN,Indonesia,cpi_inflation,PCPIPCH,9.415,Percent,Annual,2025,,IMF WEO,April 2026,historical
1996,IDN,Indonesia,cpi_inflation,PCPIPCH,7.981,Percent,Annual,2025,,IMF WEO,April 2026,historical
1997,IDN,Indonesia,cpi_inflation,PCPIPCH,6.237,Percent,Annual,2025,,IMF WEO,April 2026,historical
1998,IDN,Indonesia,cpi_inflation,PCPIPCH,58.447,Percent,Annual,2025,,IMF WEO,April 2026,historical
1999,IDN,Indonesia,cpi_inflation,PCPIPCH,20.47,Percent,Annual,2025,,IMF WEO,April 2026,historical
2000,IDN,Indonesia,cpi_inflation,PCPIPCH,3.688,Percent,Annual,2025,,IMF WEO,April 2026,historical
2001,IDN,Indonesia,cpi_inflation,PCPIPCH,11.466,Percent,Annual,2025,,IMF WEO,April 2026,historical
2002,IDN,Indonesia,cpi_inflation,PCPIPCH,11.908,Percent,Annual,2025,,IMF WEO,April 2026,historical
2003,IDN,Indonesia,cpi_inflation,PCPIPCH,6.791,Percent,Annual,2025,,IMF WEO,April 2026,historical
2004,IDN,Indonesia,cpi_inflation,PCPIPCH,6.062,Percent,Annual,2025,,IMF WEO,April 2026,historical
2005,IDN,Indonesia,cpi_inflation,PCPIPCH,10.464,Percent,Annual,2025,,IMF WEO,April 2026,historical
2006,IDN,Indonesia,cpi_inflation,PCPIPCH,13.099,Percent,Annual,2025,,IMF WEO,April 2026,historical
2007,IDN,Indonesia,cpi_inflation,PCPIPCH,6.319,Percent,Annual,2025,,IMF WEO,April 2026,historical
2008,IDN,Indonesia,cpi_inflation,PCPIPCH,9.871,Percent,Annual,2025,,IMF WEO,April 2026,historical
2009,IDN,Indonesia,cpi_inflation,PCPIPCH,4.804,Percent,Annual,2025,,IMF WEO,April 2026,historical
2010,IDN,Indonesia,cpi_inflation,PCPIPCH,5.137,Percent,Annual,2025,,IMF WEO,April 2026,historical
2011,IDN,Indonesia,cpi_inflation,PCPIPCH,5.345,Percent,Annual,2025,,IMF WEO,April 2026,historical
2012,IDN,Indonesia,cpi_inflation,PCPIPCH,3.979,Percent,Annual,2025,,IMF WEO,April 2026,historical
2013,IDN,Indonesia,cpi_inflation,PCPIPCH,6.41,Percent,Annual,2025,,IMF WEO,April 2026,historical
2014,IDN,Indonesia,cpi_inflation,PCPIPCH,6.399,Percent,Annual,2025,,IMF WEO,April 2026,historical
2015,IDN,Indonesia,cpi_inflation,PCPIPCH,6.36,Percent,Annual,2025,,IMF WEO,April 2026,historical
2016,IDN,Indonesia,cpi_inflation,PCPIPCH,3.53,Percent,Annual,2025,,IMF WEO,April 2026,historical
2017,IDN,Indonesia,cpi_inflation,PCPIPCH,3.807,Percent,Annual,2025,,IMF WEO,April 2026,historical
2018,IDN,Indonesia,cpi_inflation,PCPIPCH,3.291,Percent,Annual,2025,,IMF WEO,April 2026,historical
2019,IDN,Indonesia,cpi_inflation,PCPIPCH,2.822,Percent,Annual,2025,,IMF WEO,April 2026,historical
2020,IDN,Indonesia,cpi_inflation,PCPIPCH,2.031,Percent,Annual,2025,,IMF WEO,April 2026,historical
2021,IDN,Indonesia,cpi_inflation,PCPIPCH,1.561,Percent,Annual,2025,,IMF WEO,April 2026,historical
2022,IDN,Indonesia,cpi_inflation,PCPIPCH,4.139,Percent,Annual,2025,,IMF WEO,April 2026,historical
2023,IDN,Indonesia,cpi_inflation,PCPIPCH,3.713,Percent,Annual,2025,,IMF WEO,April 2026,historical
2024,IDN,Indonesia,cpi_inflation,PCPIPCH,2.3,Percent,Annual,2025,,IMF WEO,April 2026,historical
2025,IDN,Indonesia,cpi_inflation,PCPIPCH,1.913,Percent,Annual,2025,,IMF WEO,April 2026,historical
2026,IDN,Indonesia,cpi_inflation,PCPIPCH,2.987,Percent,Annual,2025,,IMF WEO,April 2026,projection
2027,IDN,Indonesia,cpi_inflation,PCPIPCH,2.578,Percent,Annual,2025,,IMF WEO,April 2026,projection
2028,IDN,Indonesia,cpi_inflation,PCPIPCH,2.517,Percent,Annual,2025,,IMF WEO,April 2026,projection
2029,IDN,Indonesia,cpi_inflation,PCPIPCH,2.517,Percent,Annual,2025,,IMF WEO,April 2026,projection
2030,IDN,Indonesia,cpi_inflation,PCPIPCH,2.517,Percent,Annual,2025,,IMF WEO,April 2026,projection
2031,IDN,Indonesia,cpi_inflation,PCPIPCH,2.517,Percent,Annual,2025,,IMF WEO,April 2026,projection
1980,IDN,Indonesia,current_account_pct_gdp,BCA_NGDPD,2.921,Percent,Annual,2024,,IMF WEO,April 2026,historical
1981,IDN,Indonesia,current_account_pct_gdp,BCA_NGDPD,-0.541,Percent,Annual,2024,,IMF WEO,April 2026,historical
1982,IDN,Indonesia,current_account_pct_gdp,BCA_NGDPD,-4.745,Percent,Annual,2024,,IMF WEO,April 2026,historical
1983,IDN,Indonesia,current_account_pct_gdp,BCA_NGDPD,-6.495,Percent,Annual,2024,,IMF WEO,April 2026,historical
1984,IDN,Indonesia,current_account_pct_gdp,BCA_NGDPD,-2.145,Percent,Annual,2024,,IMF WEO,April 2026,historical
1985,IDN,Indonesia,current_account_pct_gdp,BCA_NGDPD,-1.961,Percent,Annual,2024,,IMF WEO,April 2026,historical
1986,IDN,Indonesia,current_account_pct_gdp,BCA_NGDPD,-4.248,Percent,Annual,2024,,IMF WEO,April 2026,historical
1987,IDN,Indonesia,current_account_pct_gdp,BCA_NGDPD,-2.521,Percent,Annual,2024,,IMF WEO,April 2026,historical
1988,IDN,Indonesia,current_account_pct_gdp,BCA_NGDPD,-1.958,Percent,Annual,2024,,IMF WEO,April 2026,historical
1989,IDN,Indonesia,current_account_pct_gdp,BCA_NGDPD,-1.387,Percent,Annual,2024,,IMF WEO,April 2026,historical
1990,IDN,Indonesia,current_account_pct_gdp,BCA_NGDPD,-2.315,Percent,Annual,2024,,IMF WEO,April 2026,historical
1991,IDN,Indonesia,current_account_pct_gdp,BCA_NGDPD,-2.847,Percent,Annual,2024,,IMF WEO,April 2026,historical
1992,IDN,Indonesia,current_account_pct_gdp,BCA_NGDPD,-1.842,Percent,Annual,2024,,IMF WEO,April 2026,historical
1993,IDN,Indonesia,current_account_pct_gdp,BCA_NGDPD,-1.205,Percent,Annual,2024,,IMF WEO,April 2026,historical
1994,IDN,Indonesia,current_account_pct_gdp,BCA_NGDPD,-1.404,Percent,Annual,2024,,IMF WEO,April 2026,historical
1995,IDN,Indonesia,current_account_pct_gdp,BCA_NGDPD,-2.784,Percent,Annual,2024,,IMF WEO,April 2026,historical
1996,IDN,Indonesia,current_account_pct_gdp,BCA_NGDPD,-2.657,Percent,Annual,2024,,IMF WEO,April 2026,historical
1997,IDN,Indonesia,current_account_pct_gdp,BCA_NGDPD,-1.458,Percent,Annual,2024,,IMF WEO,April 2026,historical
1998,IDN,Indonesia,current_account_pct_gdp,BCA_NGDPD,3.469,Percent,Annual,2024,,IMF WEO,April 2026,historical
1999,IDN,Indonesia,current_account_pct_gdp,BCA_NGDPD,3.4,Percent,Annual,2024,,IMF WEO,April 2026,historical
2000,IDN,Indonesia,current_account_pct_gdp,BCA_NGDPD,4.452,Percent,Annual,2024,,IMF WEO,April 2026,historical
2001,IDN,Indonesia,current_account_pct_gdp,BCA_NGDPD,3.954,Percent,Annual,2024,,IMF WEO,April 2026,historical
2002,IDN,Indonesia,current_account_pct_gdp,BCA_NGDPD,3.676,Percent,Annual,2024,,IMF WEO,April 2026,historical
2003,IDN,Indonesia,current_account_pct_gdp,BCA_NGDPD,3.175,Percent,Annual,2024,,IMF WEO,April 2026,historical
2004,IDN,Indonesia,current_account_pct_gdp,BCA_NGDPD,1.882,Percent,Annual,2024,,IMF WEO,April 2026,historical
2005,IDN,Indonesia,current_account_pct_gdp,BCA_NGDPD,0.513,Percent,Annual,2024,,IMF WEO,April 2026,historical
2006,IDN,Indonesia,current_account_pct_gdp,BCA_NGDPD,2.406,Percent,Annual,2024,,IMF WEO,April 2026,historical
2007,IDN,Indonesia,current_account_pct_gdp,BCA_NGDPD,1.446,Percent,Annual,2024,,IMF WEO,April 2026,historical
2008,IDN,Indonesia,current_account_pct_gdp,BCA_NGDPD,0.022,Percent,Annual,2024,,IMF WEO,April 2026,historical
2009,IDN,Indonesia,current_account_pct_gdp,BCA_NGDPD,1.837,Percent,Annual,2024,,IMF WEO,April 2026,historical
2010,IDN,Indonesia,current_account_pct_gdp,BCA_NGDPD,0.702,Percent,Annual,2024,,IMF WEO,April 2026,historical
2011,IDN,Indonesia,current_account_pct_gdp,BCA_NGDPD,0.189,Percent,Annual,2024,,IMF WEO,April 2026,historical
2012,IDN,Indonesia,current_account_pct_gdp,BCA_NGDPD,-2.66,Percent,Annual,2024,,IMF WEO,April 2026,historical
2013,IDN,Indonesia,current_account_pct_gdp,BCA_NGDPD,-3.19,Percent,Annual,2024,,IMF WEO,April 2026,historical
2014,IDN,Indonesia,current_account_pct_gdp,BCA_NGDPD,-3.146,Percent,Annual,2024,,IMF WEO,April 2026,historical
2015,IDN,Indonesia,current_account_pct_gdp,BCA_NGDPD,-2.035,Percent,Annual,2024,,IMF WEO,April 2026,historical
2016,IDN,Indonesia,current_account_pct_gdp,BCA_NGDPD,-1.819,Percent,Annual,2024,,IMF WEO,April 2026,historical
2017,IDN,Indonesia,current_account_pct_gdp,BCA_NGDPD,-1.595,Percent,Annual,2024,,IMF WEO,April 2026,historical
2018,IDN,Indonesia,current_account_pct_gdp,BCA_NGDPD,-2.939,Percent,Annual,2024,,IMF WEO,April 2026,historical
2019,IDN,Indonesia,current_account_pct_gdp,BCA_NGDPD,-2.706,Percent,Annual,2024,,IMF WEO,April 2026,historical
2020,IDN,Indonesia,current_account_pct_gdp,BCA_NGDPD,-0.419,Percent,Annual,2024,,IMF WEO,April 2026,historical
2021,IDN,Indonesia,current_account_pct_gdp,BCA_NGDPD,0.296,Percent,Annual,2024,,IMF WEO,April 2026,historical
2022,IDN,Indonesia,current_account_pct_gdp,BCA_NGDPD,1.002,Percent,Annual,2024,,IMF WEO,April 2026,historical
2023,IDN,Indonesia,current_account_pct_gdp,BCA_NGDPD,-0.149,Percent,Annual,2024,,IMF WEO,April 2026,historical
2024,IDN,Indonesia,current_account_pct_gdp,BCA_NGDPD,-0.615,Percent,Annual,2024,,IMF WEO,April 2026,historical
2025,IDN,Indonesia,current_account_pct_gdp,BCA_NGDPD,-0.101,Percent,Annual,2024,,IMF WEO,April 2026,projection
2026,IDN,Indonesia,current_account_pct_gdp,BCA_NGDPD,-1.06,Percent,Annual,2024,,IMF WEO,April 2026,projection
2027,IDN,Indonesia,current_account_pct_gdp,BCA_NGDPD,-0.91,Percent,Annual,2024,,IMF WEO,April 2026,projection
2028,IDN,Indonesia,current_account_pct_gdp,BCA_NGDPD,-0.775,Percent,Annual,2024,,IMF WEO,April 2026,projection
2029,IDN,Indonesia,current_account_pct_gdp,BCA_NGDPD,-0.785,Percent,Annual,2024,,IMF WEO,April 2026,projection
2030,IDN,Indonesia,current_account_pct_gdp,BCA_NGDPD,-0.775,Percent,Annual,2024,,IMF WEO,April 2026,projection
2031,IDN,Indonesia,current_account_pct_gdp,BCA_NGDPD,-0.784,Percent,Annual,2024,,IMF WEO,April 2026,projection
1980,IDN,Indonesia,export_price_growth,TXG_RPCH,6.3,Percent,Annual,2024,,IMF WEO,April 2026,historical
1981,IDN,Indonesia,export_price_growth,TXG_RPCH,-24.8,Percent,Annual,2024,,IMF WEO,April 2026,historical
1982,IDN,Indonesia,export_price_growth,TXG_RPCH,-25.0,Percent,Annual,2024,,IMF WEO,April 2026,historical
1983,IDN,Indonesia,export_price_growth,TXG_RPCH,12.0,Percent,Annual,2024,,IMF WEO,April 2026,historical
1984,IDN,Indonesia,export_price_growth,TXG_RPCH,15.2,Percent,Annual,2024,,IMF WEO,April 2026,historical
1985,IDN,Indonesia,export_price_growth,TXG_RPCH,-3.1,Percent,Annual,2024,,IMF WEO,April 2026,historical
1986,IDN,Indonesia,export_price_growth,TXG_RPCH,13.9,Percent,Annual,2024,,IMF WEO,April 2026,historical
1987,IDN,Indonesia,export_price_growth,TXG_RPCH,21.9,Percent,Annual,2024,,IMF WEO,April 2026,historical
1988,IDN,Indonesia,export_price_growth,TXG_RPCH,1.1,Percent,Annual,2024,,IMF WEO,April 2026,historical
1989,IDN,Indonesia,export_price_growth,TXG_RPCH,10.4,Percent,Annual,2024,,IMF WEO,April 2026,historical
1990,IDN,Indonesia,export_price_growth,TXG_RPCH,0.4,Percent,Annual,2024,,IMF WEO,April 2026,historical
1991,IDN,Indonesia,export_price_growth,TXG_RPCH,19.9,Percent,Annual,2024,,IMF WEO,April 2026,historical
1992,IDN,Indonesia,export_price_growth,TXG_RPCH,15.2,Percent,Annual,2024,,IMF WEO,April 2026,historical
1993,IDN,Indonesia,export_price_growth,TXG_RPCH,3.3,Percent,Annual,2024,,IMF WEO,April 2026,historical
1994,IDN,Indonesia,export_price_growth,TXG_RPCH,13.7,Percent,Annual,2024,,IMF WEO,April 2026,historical
1995,IDN,Indonesia,export_price_growth,TXG_RPCH,7.7,Percent,Annual,2024,,IMF WEO,April 2026,historical
1996,IDN,Indonesia,export_price_growth,TXG_RPCH,5.5,Percent,Annual,2024,,IMF WEO,April 2026,historical
1997,IDN,Indonesia,export_price_growth,TXG_RPCH,23.8,Percent,Annual,2024,,IMF WEO,April 2026,historical
1998,IDN,Indonesia,export_price_growth,TXG_RPCH,8.9,Percent,Annual,2024,,IMF WEO,April 2026,historical
1999,IDN,Indonesia,export_price_growth,TXG_RPCH,-9.401,Percent,Annual,2024,,IMF WEO,April 2026,historical
2000,IDN,Indonesia,export_price_growth,TXG_RPCH,17.851,Percent,Annual,2024,,IMF WEO,April 2026,historical
2001,IDN,Indonesia,export_price_growth,TXG_RPCH,-7.504,Percent,Annual,2024,,IMF WEO,April 2026,historical
2002,IDN,Indonesia,export_price_growth,TXG_RPCH,-1.242,Percent,Annual,2024,,IMF WEO,April 2026,historical
2003,IDN,Indonesia,export_price_growth,TXG_RPCH,-0.017,Percent,Annual,2024,,IMF WEO,April 2026,historical
2004,IDN,Indonesia,export_price_growth,TXG_RPCH,4.95,Percent,Annual,2024,,IMF WEO,April 2026,historical
2005,IDN,Indonesia,export_price_growth,TXG_RPCH,11.152,Percent,Annual,2024,,IMF WEO,April 2026,historical
2006,IDN,Indonesia,export_price_growth,TXG_RPCH,2.879,Percent,Annual,2024,,IMF WEO,April 2026,historical
2007,IDN,Indonesia,export_price_growth,TXG_RPCH,-1.277,Percent,Annual,2024,,IMF WEO,April 2026,historical
2008,IDN,Indonesia,export_price_growth,TXG_RPCH,10.581,Percent,Annual,2024,,IMF WEO,April 2026,historical
2009,IDN,Indonesia,export_price_growth,TXG_RPCH,-8.092,Percent,Annual,2024,,IMF WEO,April 2026,historical
2010,IDN,Indonesia,export_price_growth,TXG_RPCH,2.057,Percent,Annual,2024,,IMF WEO,April 2026,historical
2011,IDN,Indonesia,export_price_growth,TXG_RPCH,14.925,Percent,Annual,2024,,IMF WEO,April 2026,historical
2012,IDN,Indonesia,export_price_growth,TXG_RPCH,4.331,Percent,Annual,2024,,IMF WEO,April 2026,historical
2013,IDN,Indonesia,export_price_growth,TXG_RPCH,0.737,Percent,Annual,2024,,IMF WEO,April 2026,historical
2014,IDN,Indonesia,export_price_growth,TXG_RPCH,5.152,Percent,Annual,2024,,IMF WEO,April 2026,historical
2015,IDN,Indonesia,export_price_growth,TXG_RPCH,-3.915,Percent,Annual,2024,,IMF WEO,April 2026,historical
2016,IDN,Indonesia,export_price_growth,TXG_RPCH,-0.599,Percent,Annual,2024,,IMF WEO,April 2026,historical
2017,IDN,Indonesia,export_price_growth,TXG_RPCH,11.11,Percent,Annual,2024,,IMF WEO,April 2026,historical
2018,IDN,Indonesia,export_price_growth,TXG_RPCH,5.652,Percent,Annual,2024,,IMF WEO,April 2026,historical
2019,IDN,Indonesia,export_price_growth,TXG_RPCH,-8.997,Percent,Annual,2024,,IMF WEO,April 2026,historical
2020,IDN,Indonesia,export_price_growth,TXG_RPCH,-2.303,Percent,Annual,2024,,IMF WEO,April 2026,historical
2021,IDN,Indonesia,export_price_growth,TXG_RPCH,23.767,Percent,Annual,2024,,IMF WEO,April 2026,historical
2022,IDN,Indonesia,export_price_growth,TXG_RPCH,-3.886,Percent,Annual,2024,,IMF WEO,April 2026,historical
2023,IDN,Indonesia,export_price_growth,TXG_RPCH,2.839,Percent,Annual,2024,,IMF WEO,April 2026,historical
2024,IDN,Indonesia,export_price_growth,TXG_RPCH,0.306,Percent,Annual,2024,,IMF WEO,April 2026,historical
2025,IDN,Indonesia,export_price_growth,TXG_RPCH,7.02,Percent,Annual,2024,,IMF WEO,April 2026,projection
2026,IDN,Indonesia,export_price_growth,TXG_RPCH,-1.589,Percent,Annual,2024,,IMF WEO,April 2026,projection
2027,IDN,Indonesia,export_price_growth,TXG_RPCH,9.506,Percent,Annual,2024,,IMF WEO,April 2026,projection
2028,IDN,Indonesia,export_price_growth,TXG_RPCH,8.46,Percent,Annual,2024,,IMF WEO,April 2026,projection
2029,IDN,Indonesia,export_price_growth,TXG_RPCH,7.546,Percent,Annual,2024,,IMF WEO,April 2026,projection
2030,IDN,Indonesia,export_price_growth,TXG_RPCH,7.654,Percent,Annual,2024,,IMF WEO,April 2026,projection
2031,IDN,Indonesia,export_price_growth,TXG_RPCH,7.848,Percent,Annual,2024,,IMF WEO,April 2026,projection
1980,IDN,Indonesia,export_volume_growth,TX_RPCH,6.3,Percent,Annual,2024,,IMF WEO,April 2026,historical
1981,IDN,Indonesia,export_volume_growth,TX_RPCH,-24.8,Percent,Annual,2024,,IMF WEO,April 2026,historical
1982,IDN,Indonesia,export_volume_growth,TX_RPCH,-25.0,Percent,Annual,2024,,IMF WEO,April 2026,historical
1983,IDN,Indonesia,export_volume_growth,TX_RPCH,12.0,Percent,Annual,2024,,IMF WEO,April 2026,historical
1984,IDN,Indonesia,export_volume_growth,TX_RPCH,15.2,Percent,Annual,2024,,IMF WEO,April 2026,historical
1985,IDN,Indonesia,export_volume_growth,TX_RPCH,-4.8,Percent,Annual,2024,,IMF WEO,April 2026,historical
1986,IDN,Indonesia,export_volume_growth,TX_RPCH,14.8,Percent,Annual,2024,,IMF WEO,April 2026,historical
1987,IDN,Indonesia,export_volume_growth,TX_RPCH,-5.9,Percent,Annual,2024,,IMF WEO,April 2026,historical
1988,IDN,Indonesia,export_volume_growth,TX_RPCH,26.3,Percent,Annual,2024,,IMF WEO,April 2026,historical
1989,IDN,Indonesia,export_volume_growth,TX_RPCH,11.0,Percent,Annual,2024,,IMF WEO,April 2026,historical
1990,IDN,Indonesia,export_volume_growth,TX_RPCH,1.4,Percent,Annual,2024,,IMF WEO,April 2026,historical
1991,IDN,Indonesia,export_volume_growth,TX_RPCH,14.7,Percent,Annual,2024,,IMF WEO,April 2026,historical
1992,IDN,Indonesia,export_volume_growth,TX_RPCH,12.5,Percent,Annual,2024,,IMF WEO,April 2026,historical
1993,IDN,Indonesia,export_volume_growth,TX_RPCH,4.6,Percent,Annual,2024,,IMF WEO,April 2026,historical
1994,IDN,Indonesia,export_volume_growth,TX_RPCH,11.4,Percent,Annual,2024,,IMF WEO,April 2026,historical
1995,IDN,Indonesia,export_volume_growth,TX_RPCH,8.2,Percent,Annual,2024,,IMF WEO,April 2026,historical
1996,IDN,Indonesia,export_volume_growth,TX_RPCH,0.9,Percent,Annual,2024,,IMF WEO,April 2026,historical
1997,IDN,Indonesia,export_volume_growth,TX_RPCH,13.4,Percent,Annual,2024,,IMF WEO,April 2026,historical
1998,IDN,Indonesia,export_volume_growth,TX_RPCH,15.2,Percent,Annual,2024,,IMF WEO,April 2026,historical
1999,IDN,Indonesia,export_volume_growth,TX_RPCH,-25.711,Percent,Annual,2024,,IMF WEO,April 2026,historical
2000,IDN,Indonesia,export_volume_growth,TX_RPCH,17.851,Percent,Annual,2024,,IMF WEO,April 2026,historical
2001,IDN,Indonesia,export_volume_growth,TX_RPCH,-7.504,Percent,Annual,2024,,IMF WEO,April 2026,historical
2002,IDN,Indonesia,export_volume_growth,TX_RPCH,-1.242,Percent,Annual,2024,,IMF WEO,April 2026,historical
2003,IDN,Indonesia,export_volume_growth,TX_RPCH,-0.017,Percent,Annual,2024,,IMF WEO,April 2026,historical
2004,IDN,Indonesia,export_volume_growth,TX_RPCH,4.95,Percent,Annual,2024,,IMF WEO,April 2026,historical
2005,IDN,Indonesia,export_volume_growth,TX_RPCH,11.152,Percent,Annual,2024,,IMF WEO,April 2026,historical
2006,IDN,Indonesia,export_volume_growth,TX_RPCH,2.879,Percent,Annual,2024,,IMF WEO,April 2026,historical
2007,IDN,Indonesia,export_volume_growth,TX_RPCH,-1.277,Percent,Annual,2024,,IMF WEO,April 2026,historical
2008,IDN,Indonesia,export_volume_growth,TX_RPCH,10.581,Percent,Annual,2024,,IMF WEO,April 2026,historical
2009,IDN,Indonesia,export_volume_growth,TX_RPCH,-8.092,Percent,Annual,2024,,IMF WEO,April 2026,historical
2010,IDN,Indonesia,export_volume_growth,TX_RPCH,11.089,Percent,Annual,2024,,IMF WEO,April 2026,historical
2011,IDN,Indonesia,export_volume_growth,TX_RPCH,14.223,Percent,Annual,2024,,IMF WEO,April 2026,historical
2012,IDN,Indonesia,export_volume_growth,TX_RPCH,-1.077,Percent,Annual,2024,,IMF WEO,April 2026,historical
2013,IDN,Indonesia,export_volume_growth,TX_RPCH,-0.76,Percent,Annual,2024,,IMF WEO,April 2026,historical
2014,IDN,Indonesia,export_volume_growth,TX_RPCH,3.396,Percent,Annual,2024,,IMF WEO,April 2026,historical
2015,IDN,Indonesia,export_volume_growth,TX_RPCH,-4.488,Percent,Annual,2024,,IMF WEO,April 2026,historical
2016,IDN,Indonesia,export_volume_growth,TX_RPCH,3.774,Percent,Annual,2024,,IMF WEO,April 2026,historical
2017,IDN,Indonesia,export_volume_growth,TX_RPCH,9.482,Percent,Annual,2024,,IMF WEO,April 2026,historical
2018,IDN,Indonesia,export_volume_growth,TX_RPCH,3.075,Percent,Annual,2024,,IMF WEO,April 2026,historical
2019,IDN,Indonesia,export_volume_growth,TX_RPCH,-3.454,Percent,Annual,2024,,IMF WEO,April 2026,historical
2020,IDN,Indonesia,export_volume_growth,TX_RPCH,-9.044,Percent,Annual,2024,,IMF WEO,April 2026,historical
2021,IDN,Indonesia,export_volume_growth,TX_RPCH,20.086,Percent,Annual,2024,,IMF WEO,April 2026,historical
2022,IDN,Indonesia,export_volume_growth,TX_RPCH,0.954,Percent,Annual,2024,,IMF WEO,April 2026,historical
2023,IDN,Indonesia,export_volume_growth,TX_RPCH,4.405,Percent,Annual,2024,,IMF WEO,April 2026,historical
2024,IDN,Indonesia,export_volume_growth,TX_RPCH,1.84,Percent,Annual,2024,,IMF WEO,April 2026,historical
2025,IDN,Indonesia,export_volume_growth,TX_RPCH,7.026,Percent,Annual,2024,,IMF WEO,April 2026,projection
2026,IDN,Indonesia,export_volume_growth,TX_RPCH,-0.506,Percent,Annual,2024,,IMF WEO,April 2026,projection
2027,IDN,Indonesia,export_volume_growth,TX_RPCH,8.686,Percent,Annual,2024,,IMF WEO,April 2026,projection
2028,IDN,Indonesia,export_volume_growth,TX_RPCH,7.992,Percent,Annual,2024,,IMF WEO,April 2026,projection
2029,IDN,Indonesia,export_volume_growth,TX_RPCH,7.139,Percent,Annual,2024,,IMF WEO,April 2026,projection
2030,IDN,Indonesia,export_volume_growth,TX_RPCH,6.943,Percent,Annual,2024,,IMF WEO,April 2026,projection
2031,IDN,Indonesia,export_volume_growth,TX_RPCH,7.164,Percent,Annual,2024,,IMF WEO,April 2026,projection
1980,IDN,Indonesia,gdp_current_usd,NGDP,62257.713,Domestic currency,Annual,2025,,IMF WEO,April 2026,historical
1981,IDN,Indonesia,gdp_current_usd,NGDP,70029.203,Domestic currency,Annual,2025,,IMF WEO,April 2026,historical
1982,IDN,Indonesia,gdp_current_usd,NGDP,75268.725,Domestic currency,Annual,2025,,IMF WEO,April 2026,historical
1983,IDN,Indonesia,gdp_current_usd,NGDP,93789.9,Domestic currency,Annual,2025,,IMF WEO,April 2026,historical
1984,IDN,Indonesia,gdp_current_usd,NGDP,109999.8,Domestic currency,Annual,2025,,IMF WEO,April 2026,historical
1985,IDN,Indonesia,gdp_current_usd,NGDP,118901.2,Domestic currency,Annual,2025,,IMF WEO,April 2026,historical
1986,IDN,Indonesia,gdp_current_usd,NGDP,129820.3,Domestic currency,Annual,2025,,IMF WEO,April 2026,historical
1987,IDN,Indonesia,gdp_current_usd,NGDP,156517.9,Domestic currency,Annual,2025,,IMF WEO,April 2026,historical
1988,IDN,Indonesia,gdp_current_usd,NGDP,180840.1,Domestic currency,Annual,2025,,IMF WEO,April 2026,historical
1989,IDN,Indonesia,gdp_current_usd,NGDP,216981.6,Domestic currency,Annual,2025,,IMF WEO,April 2026,historical
1990,IDN,Indonesia,gdp_current_usd,NGDP,254781.0,Domestic currency,Annual,2025,,IMF WEO,April 2026,historical
1991,IDN,Indonesia,gdp_current_usd,NGDP,301434.9,Domestic currency,Annual,2025,,IMF WEO,April 2026,historical
1992,IDN,Indonesia,gdp_current_usd,NGDP,341591.6,Domestic currency,Annual,2025,,IMF WEO,April 2026,historical
1993,IDN,Indonesia,gdp_current_usd,NGDP,398454.6,Domestic currency,Annual,2025,,IMF WEO,April 2026,historical
1994,IDN,Indonesia,gdp_current_usd,NGDP,461820.4,Domestic currency,Annual,2025,,IMF WEO,April 2026,historical
1995,IDN,Indonesia,gdp_current_usd,NGDP,549170.8,Domestic currency,Annual,2025,,IMF WEO,April 2026,historical
1996,IDN,Indonesia,gdp_current_usd,NGDP,643480.0,Domestic currency,Annual,2025,,IMF WEO,April 2026,historical
1997,IDN,Indonesia,gdp_current_usd,NGDP,758418.5,Domestic currency,Annual,2025,,IMF WEO,April 2026,historical
1998,IDN,Indonesia,gdp_current_usd,NGDP,1154797.6,Domestic currency,Annual,2025,,IMF WEO,April 2026,historical
1999,IDN,Indonesia,gdp_current_usd,NGDP,1328760.7,Domestic currency,Annual,2025,,IMF WEO,April 2026,historical
2000,IDN,Indonesia,gdp_current_usd,NGDP,1511556.6,Domestic currency,Annual,2025,,IMF WEO,April 2026,historical
2001,IDN,Indonesia,gdp_current_usd,NGDP,1790590.7,Domestic currency,Annual,2025,,IMF WEO,April 2026,historical
2002,IDN,Indonesia,gdp_current_usd,NGDP,1981482.2,Domestic currency,Annual,2025,,IMF WEO,April 2026,historical
2003,IDN,Indonesia,gdp_current_usd,NGDP,2190134.7,Domestic currency,Annual,2025,,IMF WEO,April 2026,historical
2004,IDN,Indonesia,gdp_current_usd,NGDP,2497011.5,Domestic currency,Annual,2025,,IMF WEO,April 2026,historical
2005,IDN,Indonesia,gdp_current_usd,NGDP,3017393.8,Domestic currency,Annual,2025,,IMF WEO,April 2026,historical
2006,IDN,Indonesia,gdp_current_usd,NGDP,3631835.3,Domestic currency,Annual,2025,,IMF WEO,April 2026,historical
2007,IDN,Indonesia,gdp_current_usd,NGDP,4297113.4,Domestic currency,Annual,2025,,IMF WEO,April 2026,historical
2008,IDN,Indonesia,gdp_current_usd,NGDP,5414841.9,Domestic currency,Annual,2025,,IMF WEO,April 2026,historical
2009,IDN,Indonesia,gdp_current_usd,NGDP,6011375.0,Domestic currency,Annual,2025,,IMF WEO,April 2026,historical
2010,IDN,Indonesia,gdp_current_usd,NGDP,6864133.1,Domestic currency,Annual,2025,,IMF WEO,April 2026,historical
2011,IDN,Indonesia,gdp_current_usd,NGDP,7831726.0,Domestic currency,Annual,2025,,IMF WEO,April 2026,historical
2012,IDN,Indonesia,gdp_current_usd,NGDP,8615704.5,Domestic currency,Annual,2025,,IMF WEO,April 2026,historical
2013,IDN,Indonesia,gdp_current_usd,NGDP,9546134.0,Domestic currency,Annual,2025,,IMF WEO,April 2026,historical
2014,IDN,Indonesia,gdp_current_usd,NGDP,10569705.3,Domestic currency,Annual,2025,,IMF WEO,April 2026,historical
2015,IDN,Indonesia,gdp_current_usd,NGDP,11526332.8,Domestic currency,Annual,2025,,IMF WEO,April 2026,historical
2016,IDN,Indonesia,gdp_current_usd,NGDP,12401728.5,Domestic currency,Annual,2025,,IMF WEO,April 2026,historical
2017,IDN,Indonesia,gdp_current_usd,NGDP,13589825.7,Domestic currency,Annual,2025,,IMF WEO,April 2026,historical
2018,IDN,Indonesia,gdp_current_usd,NGDP,14838756.0,Domestic currency,Annual,2025,,IMF WEO,April 2026,historical
2019,IDN,Indonesia,gdp_current_usd,NGDP,15832657.2,Domestic currency,Annual,2025,,IMF WEO,April 2026,historical
2020,IDN,Indonesia,gdp_current_usd,NGDP,15443353.2,Domestic currency,Annual,2025,,IMF WEO,April 2026,historical
2021,IDN,Indonesia,gdp_current_usd,NGDP,16976751.4,Domestic currency,Annual,2025,,IMF WEO,April 2026,historical
2022,IDN,Indonesia,gdp_current_usd,NGDP,19588459.9,Domestic currency,Annual,2025,,IMF WEO,April 2026,historical
2023,IDN,Indonesia,gdp_current_usd,NGDP,20892312.3,Domestic currency,Annual,2025,,IMF WEO,April 2026,historical
2024,IDN,Indonesia,gdp_current_usd,NGDP,22138990.8,Domestic currency,Annual,2025,,IMF WEO,April 2026,historical
2025,IDN,Indonesia,gdp_current_usd,NGDP,23821103.6,Domestic currency,Annual,2025,,IMF WEO,April 2026,historical
2026,IDN,Indonesia,gdp_current_usd,NGDP,25747047.223,Domestic currency,Annual,2025,,IMF WEO,April 2026,projection
2027,IDN,Indonesia,gdp_current_usd,NGDP,27749649.375,Domestic currency,Annual,2025,,IMF WEO,April 2026,projection
2028,IDN,Indonesia,gdp_current_usd,NGDP,29918819.137,Domestic currency,Annual,2025,,IMF WEO,April 2026,projection
2029,IDN,Indonesia,gdp_current_usd,NGDP,32262242.292,Domestic currency,Annual,2025,,IMF WEO,April 2026,projection
2030,IDN,Indonesia,gdp_current_usd,NGDP,34801877.771,Domestic currency,Annual,2025,,IMF WEO,April 2026,projection
2031,IDN,Indonesia,gdp_current_usd,NGDP,37544461.863,Domestic currency,Annual,2025,,IMF WEO,April 2026,projection
1980,IDN,Indonesia,import_price_growth,TMG_RPCH,5.0,Percent,Annual,2024,,IMF WEO,April 2026,historical
1981,IDN,Indonesia,import_price_growth,TMG_RPCH,51.1,Percent,Annual,2024,,IMF WEO,April 2026,historical
1982,IDN,Indonesia,import_price_growth,TMG_RPCH,6.6,Percent,Annual,2024,,IMF WEO,April 2026,historical
1983,IDN,Indonesia,import_price_growth,TMG_RPCH,12.5,Percent,Annual,2024,,IMF WEO,April 2026,historical
1984,IDN,Indonesia,import_price_growth,TMG_RPCH,-12.4,Percent,Annual,2024,,IMF WEO,April 2026,historical
1985,IDN,Indonesia,import_price_growth,TMG_RPCH,-3.7,Percent,Annual,2024,,IMF WEO,April 2026,historical
1986,IDN,Indonesia,import_price_growth,TMG_RPCH,1.9,Percent,Annual,2024,,IMF WEO,April 2026,historical
1987,IDN,Indonesia,import_price_growth,TMG_RPCH,22.7,Percent,Annual,2024,,IMF WEO,April 2026,historical
1988,IDN,Indonesia,import_price_growth,TMG_RPCH,6.336,Percent,Annual,2024,,IMF WEO,April 2026,historical
1989,IDN,Indonesia,import_price_growth,TMG_RPCH,11.6,Percent,Annual,2024,,IMF WEO,April 2026,historical
1990,IDN,Indonesia,import_price_growth,TMG_RPCH,21.4,Percent,Annual,2024,,IMF WEO,April 2026,historical
1991,IDN,Indonesia,import_price_growth,TMG_RPCH,15.9,Percent,Annual,2024,,IMF WEO,April 2026,historical
1992,IDN,Indonesia,import_price_growth,TMG_RPCH,8.8,Percent,Annual,2024,,IMF WEO,April 2026,historical
1993,IDN,Indonesia,import_price_growth,TMG_RPCH,5.4,Percent,Annual,2024,,IMF WEO,April 2026,historical
1994,IDN,Indonesia,import_price_growth,TMG_RPCH,20.3,Percent,Annual,2024,,IMF WEO,April 2026,historical
1995,IDN,Indonesia,import_price_growth,TMG_RPCH,17.814,Percent,Annual,2024,,IMF WEO,April 2026,historical
1996,IDN,Indonesia,import_price_growth,TMG_RPCH,10.623,Percent,Annual,2024,,IMF WEO,April 2026,historical
1997,IDN,Indonesia,import_price_growth,TMG_RPCH,0.703,Percent,Annual,2024,,IMF WEO,April 2026,historical
1998,IDN,Indonesia,import_price_growth,TMG_RPCH,-25.611,Percent,Annual,2024,,IMF WEO,April 2026,historical
1999,IDN,Indonesia,import_price_growth,TMG_RPCH,-32.913,Percent,Annual,2024,,IMF WEO,April 2026,historical
2000,IDN,Indonesia,import_price_growth,TMG_RPCH,25.495,Percent,Annual,2024,,IMF WEO,April 2026,historical
2001,IDN,Indonesia,import_price_growth,TMG_RPCH,-10.439,Percent,Annual,2024,,IMF WEO,April 2026,historical
2002,IDN,Indonesia,import_price_growth,TMG_RPCH,3.126,Percent,Annual,2024,,IMF WEO,April 2026,historical
2003,IDN,Indonesia,import_price_growth,TMG_RPCH,4.083,Percent,Annual,2024,,IMF WEO,April 2026,historical
2004,IDN,Indonesia,import_price_growth,TMG_RPCH,14.818,Percent,Annual,2024,,IMF WEO,April 2026,historical
2005,IDN,Indonesia,import_price_growth,TMG_RPCH,23.946,Percent,Annual,2024,,IMF WEO,April 2026,historical
2006,IDN,Indonesia,import_price_growth,TMG_RPCH,-2.312,Percent,Annual,2024,,IMF WEO,April 2026,historical
2007,IDN,Indonesia,import_price_growth,TMG_RPCH,7.688,Percent,Annual,2024,,IMF WEO,April 2026,historical
2008,IDN,Indonesia,import_price_growth,TMG_RPCH,17.611,Percent,Annual,2024,,IMF WEO,April 2026,historical
2009,IDN,Indonesia,import_price_growth,TMG_RPCH,-19.389,Percent,Annual,2024,,IMF WEO,April 2026,historical
2010,IDN,Indonesia,import_price_growth,TMG_RPCH,17.342,Percent,Annual,2024,,IMF WEO,April 2026,historical
2011,IDN,Indonesia,import_price_growth,TMG_RPCH,17.808,Percent,Annual,2024,,IMF WEO,April 2026,historical
2012,IDN,Indonesia,import_price_growth,TMG_RPCH,15.596,Percent,Annual,2024,,IMF WEO,April 2026,historical
2013,IDN,Indonesia,import_price_growth,TMG_RPCH,1.087,Percent,Annual,2024,,IMF WEO,April 2026,historical
2014,IDN,Indonesia,import_price_growth,TMG_RPCH,3.526,Percent,Annual,2024,,IMF WEO,April 2026,historical
2015,IDN,Indonesia,import_price_growth,TMG_RPCH,-9.358,Percent,Annual,2024,,IMF WEO,April 2026,historical
2016,IDN,Indonesia,import_price_growth,TMG_RPCH,1.055,Percent,Annual,2024,,IMF WEO,April 2026,historical
2017,IDN,Indonesia,import_price_growth,TMG_RPCH,10.294,Percent,Annual,2024,,IMF WEO,April 2026,historical
2018,IDN,Indonesia,import_price_growth,TMG_RPCH,13.854,Percent,Annual,2024,,IMF WEO,April 2026,historical
2019,IDN,Indonesia,import_price_growth,TMG_RPCH,-9.354,Percent,Annual,2024,,IMF WEO,April 2026,historical
2020,IDN,Indonesia,import_price_growth,TMG_RPCH,-14.424,Percent,Annual,2024,,IMF WEO,April 2026,historical
2021,IDN,Indonesia,import_price_growth,TMG_RPCH,14.281,Percent,Annual,2024,,IMF WEO,April 2026,historical
2022,IDN,Indonesia,import_price_growth,TMG_RPCH,8.308,Percent,Annual,2024,,IMF WEO,April 2026,historical
2023,IDN,Indonesia,import_price_growth,TMG_RPCH,-3.235,Percent,Annual,2024,,IMF WEO,April 2026,historical
2024,IDN,Indonesia,import_price_growth,TMG_RPCH,6.253,Percent,Annual,2024,,IMF WEO,April 2026,historical
2025,IDN,Indonesia,import_price_growth,TMG_RPCH,5.332,Percent,Annual,2024,,IMF WEO,April 2026,projection
2026,IDN,Indonesia,import_price_growth,TMG_RPCH,7.24,Percent,Annual,2024,,IMF WEO,April 2026,projection
2027,IDN,Indonesia,import_price_growth,TMG_RPCH,8.91,Percent,Annual,2024,,IMF WEO,April 2026,projection
2028,IDN,Indonesia,import_price_growth,TMG_RPCH,7.282,Percent,Annual,2024,,IMF WEO,April 2026,projection
2029,IDN,Indonesia,import_price_growth,TMG_RPCH,7.284,Percent,Annual,2024,,IMF WEO,April 2026,projection
2030,IDN,Indonesia,import_price_growth,TMG_RPCH,7.409,Percent,Annual,2024,,IMF WEO,April 2026,projection
2031,IDN,Indonesia,import_price_growth,TMG_RPCH,7.258,Percent,Annual,2024,,IMF WEO,April 2026,projection
1980,IDN,Indonesia,import_volume_growth,TM_RPCH,9.3,Percent,Annual,2024,,IMF WEO,April 2026,historical
1981,IDN,Indonesia,import_volume_growth,TM_RPCH,38.7,Percent,Annual,2024,,IMF WEO,April 2026,historical
1982,IDN,Indonesia,import_volume_growth,TM_RPCH,1.2,Percent,Annual,2024,,IMF WEO,April 2026,historical
1983,IDN,Indonesia,import_volume_growth,TM_RPCH,3.6,Percent,Annual,2024,,IMF WEO,April 2026,historical
1984,IDN,Indonesia,import_volume_growth,TM_RPCH,-10.5,Percent,Annual,2024,,IMF WEO,April 2026,historical
1985,IDN,Indonesia,import_volume_growth,TM_RPCH,2.1,Percent,Annual,2024,,IMF WEO,April 2026,historical
1986,IDN,Indonesia,import_volume_growth,TM_RPCH,-4.9,Percent,Annual,2024,,IMF WEO,April 2026,historical
1987,IDN,Indonesia,import_volume_growth,TM_RPCH,24.4,Percent,Annual,2024,,IMF WEO,April 2026,historical
1988,IDN,Indonesia,import_volume_growth,TM_RPCH,-17.734,Percent,Annual,2024,,IMF WEO,April 2026,historical
1989,IDN,Indonesia,import_volume_growth,TM_RPCH,14.4,Percent,Annual,2024,,IMF WEO,April 2026,historical
1990,IDN,Indonesia,import_volume_growth,TM_RPCH,27.6,Percent,Annual,2024,,IMF WEO,April 2026,historical
1991,IDN,Indonesia,import_volume_growth,TM_RPCH,14.9,Percent,Annual,2024,,IMF WEO,April 2026,historical
1992,IDN,Indonesia,import_volume_growth,TM_RPCH,6.1,Percent,Annual,2024,,IMF WEO,April 2026,historical
1993,IDN,Indonesia,import_volume_growth,TM_RPCH,4.7,Percent,Annual,2024,,IMF WEO,April 2026,historical
1994,IDN,Indonesia,import_volume_growth,TM_RPCH,15.5,Percent,Annual,2024,,IMF WEO,April 2026,historical
1995,IDN,Indonesia,import_volume_growth,TM_RPCH,20.27,Percent,Annual,2024,,IMF WEO,April 2026,historical
1996,IDN,Indonesia,import_volume_growth,TM_RPCH,9.434,Percent,Annual,2024,,IMF WEO,April 2026,historical
1997,IDN,Indonesia,import_volume_growth,TM_RPCH,0.674,Percent,Annual,2024,,IMF WEO,April 2026,historical
1998,IDN,Indonesia,import_volume_growth,TM_RPCH,-12.5,Percent,Annual,2024,,IMF WEO,April 2026,historical
1999,IDN,Indonesia,import_volume_growth,TM_RPCH,-24.103,Percent,Annual,2024,,IMF WEO,April 2026,historical
2000,IDN,Indonesia,import_volume_growth,TM_RPCH,25.495,Percent,Annual,2024,,IMF WEO,April 2026,historical
2001,IDN,Indonesia,import_volume_growth,TM_RPCH,-10.439,Percent,Annual,2024,,IMF WEO,April 2026,historical
2002,IDN,Indonesia,import_volume_growth,TM_RPCH,3.126,Percent,Annual,2024,,IMF WEO,April 2026,historical
2003,IDN,Indonesia,import_volume_growth,TM_RPCH,4.083,Percent,Annual,2024,,IMF WEO,April 2026,historical
2004,IDN,Indonesia,import_volume_growth,TM_RPCH,14.818,Percent,Annual,2024,,IMF WEO,April 2026,historical
2005,IDN,Indonesia,import_volume_growth,TM_RPCH,23.946,Percent,Annual,2024,,IMF WEO,April 2026,historical
2006,IDN,Indonesia,import_volume_growth,TM_RPCH,-2.312,Percent,Annual,2024,,IMF WEO,April 2026,historical
2007,IDN,Indonesia,import_volume_growth,TM_RPCH,7.688,Percent,Annual,2024,,IMF WEO,April 2026,historical
2008,IDN,Indonesia,import_volume_growth,TM_RPCH,17.611,Percent,Annual,2024,,IMF WEO,April 2026,historical
2009,IDN,Indonesia,import_volume_growth,TM_RPCH,-19.389,Percent,Annual,2024,,IMF WEO,April 2026,historical
2010,IDN,Indonesia,import_volume_growth,TM_RPCH,17.342,Percent,Annual,2024,,IMF WEO,April 2026,historical
2011,IDN,Indonesia,import_volume_growth,TM_RPCH,17.808,Percent,Annual,2024,,IMF WEO,April 2026,historical
2012,IDN,Indonesia,import_volume_growth,TM_RPCH,15.596,Percent,Annual,2024,,IMF WEO,April 2026,historical
2013,IDN,Indonesia,import_volume_growth,TM_RPCH,1.087,Percent,Annual,2024,,IMF WEO,April 2026,historical
2014,IDN,Indonesia,import_volume_growth,TM_RPCH,3.526,Percent,Annual,2024,,IMF WEO,April 2026,historical
2015,IDN,Indonesia,import_volume_growth,TM_RPCH,-9.358,Percent,Annual,2024,,IMF WEO,April 2026,historical
2016,IDN,Indonesia,import_volume_growth,TM_RPCH,1.055,Percent,Annual,2024,,IMF WEO,April 2026,historical
2017,IDN,Indonesia,import_volume_growth,TM_RPCH,10.294,Percent,Annual,2024,,IMF WEO,April 2026,historical
2018,IDN,Indonesia,import_volume_growth,TM_RPCH,13.854,Percent,Annual,2024,,IMF WEO,April 2026,historical
2019,IDN,Indonesia,import_volume_growth,TM_RPCH,-9.354,Percent,Annual,2024,,IMF WEO,April 2026,historical
2020,IDN,Indonesia,import_volume_growth,TM_RPCH,-14.424,Percent,Annual,2024,,IMF WEO,April 2026,historical
2021,IDN,Indonesia,import_volume_growth,TM_RPCH,14.281,Percent,Annual,2024,,IMF WEO,April 2026,historical
2022,IDN,Indonesia,import_volume_growth,TM_RPCH,8.308,Percent,Annual,2024,,IMF WEO,April 2026,historical
2023,IDN,Indonesia,import_volume_growth,TM_RPCH,-3.235,Percent,Annual,2024,,IMF WEO,April 2026,historical
2024,IDN,Indonesia,import_volume_growth,TM_RPCH,6.253,Percent,Annual,2024,,IMF WEO,April 2026,historical
2025,IDN,Indonesia,import_volume_growth,TM_RPCH,5.332,Percent,Annual,2024,,IMF WEO,April 2026,projection
2026,IDN,Indonesia,import_volume_growth,TM_RPCH,7.24,Percent,Annual,2024,,IMF WEO,April 2026,projection
2027,IDN,Indonesia,import_volume_growth,TM_RPCH,8.91,Percent,Annual,2024,,IMF WEO,April 2026,projection
2028,IDN,Indonesia,import_volume_growth,TM_RPCH,7.282,Percent,Annual,2024,,IMF WEO,April 2026,projection
2029,IDN,Indonesia,import_volume_growth,TM_RPCH,7.284,Percent,Annual,2024,,IMF WEO,April 2026,projection
2030,IDN,Indonesia,import_volume_growth,TM_RPCH,7.409,Percent,Annual,2024,,IMF WEO,April 2026,projection
2031,IDN,Indonesia,import_volume_growth,TM_RPCH,7.258,Percent,Annual,2024,,IMF WEO,April 2026,projection
1980,IDN,Indonesia,real_gdp_growth,NGDP_RPCH,9.88,Percent,Annual,2025,,IMF WEO,April 2026,historical
1981,IDN,Indonesia,real_gdp_growth,NGDP_RPCH,7.604,Percent,Annual,2025,,IMF WEO,April 2026,historical
1982,IDN,Indonesia,real_gdp_growth,NGDP_RPCH,2.246,Percent,Annual,2025,,IMF WEO,April 2026,historical
1983,IDN,Indonesia,real_gdp_growth,NGDP_RPCH,4.193,Percent,Annual,2025,,IMF WEO,April 2026,historical
1984,IDN,Indonesia,real_gdp_growth,NGDP_RPCH,7.574,Percent,Annual,2025,,IMF WEO,April 2026,historical
1985,IDN,Indonesia,real_gdp_growth,NGDP_RPCH,3.906,Percent,Annual,2025,,IMF WEO,April 2026,historical
1986,IDN,Indonesia,real_gdp_growth,NGDP_RPCH,7.189,Percent,Annual,2025,,IMF WEO,April 2026,historical
1987,IDN,Indonesia,real_gdp_growth,NGDP_RPCH,6.572,Percent,Annual,2025,,IMF WEO,April 2026,historical
1988,IDN,Indonesia,real_gdp_growth,NGDP_RPCH,6.979,Percent,Annual,2025,,IMF WEO,April 2026,historical
1989,IDN,Indonesia,real_gdp_growth,NGDP_RPCH,9.085,Percent,Annual,2025,,IMF WEO,April 2026,historical
1990,IDN,Indonesia,real_gdp_growth,NGDP_RPCH,9.002,Percent,Annual,2025,,IMF WEO,April 2026,historical
1991,IDN,Indonesia,real_gdp_growth,NGDP_RPCH,8.928,Percent,Annual,2025,,IMF WEO,April 2026,historical
1992,IDN,Indonesia,real_gdp_growth,NGDP_RPCH,6.523,Percent,Annual,2025,,IMF WEO,April 2026,historical
1993,IDN,Indonesia,real_gdp_growth,NGDP_RPCH,7.956,Percent,Annual,2025,,IMF WEO,April 2026,historical
1994,IDN,Indonesia,real_gdp_growth,NGDP_RPCH,7.54,Percent,Annual,2025,,IMF WEO,April 2026,historical
1995,IDN,Indonesia,real_gdp_growth,NGDP_RPCH,8.22,Percent,Annual,2025,,IMF WEO,April 2026,historical
1996,IDN,Indonesia,real_gdp_growth,NGDP_RPCH,7.818,Percent,Annual,2025,,IMF WEO,April 2026,historical
1997,IDN,Indonesia,real_gdp_growth,NGDP_RPCH,4.7,Percent,Annual,2025,,IMF WEO,April 2026,historical
1998,IDN,Indonesia,real_gdp_growth,NGDP_RPCH,-13.127,Percent,Annual,2025,,IMF WEO,April 2026,historical
1999,IDN,Indonesia,real_gdp_growth,NGDP_RPCH,0.791,Percent,Annual,2025,,IMF WEO,April 2026,historical
2000,IDN,Indonesia,real_gdp_growth,NGDP_RPCH,4.979,Percent,Annual,2025,,IMF WEO,April 2026,historical
2001,IDN,Indonesia,real_gdp_growth,NGDP_RPCH,3.643,Percent,Annual,2025,,IMF WEO,April 2026,historical
2002,IDN,Indonesia,real_gdp_growth,NGDP_RPCH,4.499,Percent,Annual,2025,,IMF WEO,April 2026,historical
2003,IDN,Indonesia,real_gdp_growth,NGDP_RPCH,4.78,Percent,Annual,2025,,IMF WEO,April 2026,historical
2004,IDN,Indonesia,real_gdp_growth,NGDP_RPCH,5.031,Percent,Annual,2025,,IMF WEO,April 2026,historical
2005,IDN,Indonesia,real_gdp_growth,NGDP_RPCH,5.693,Percent,Annual,2025,,IMF WEO,April 2026,historical
2006,IDN,Indonesia,real_gdp_growth,NGDP_RPCH,5.501,Percent,Annual,2025,,IMF WEO,April 2026,historical
2007,IDN,Indonesia,real_gdp_growth,NGDP_RPCH,6.345,Percent,Annual,2025,,IMF WEO,April 2026,historical
2008,IDN,Indonesia,real_gdp_growth,NGDP_RPCH,7.442,Percent,Annual,2025,,IMF WEO,April 2026,historical
2009,IDN,Indonesia,real_gdp_growth,NGDP_RPCH,4.702,Percent,Annual,2025,,IMF WEO,April 2026,historical
2010,IDN,Indonesia,real_gdp_growth,NGDP_RPCH,6.378,Percent,Annual,2025,,IMF WEO,April 2026,historical
2011,IDN,Indonesia,real_gdp_growth,NGDP_RPCH,6.17,Percent,Annual,2025,,IMF WEO,April 2026,historical
2012,IDN,Indonesia,real_gdp_growth,NGDP_RPCH,6.03,Percent,Annual,2025,,IMF WEO,April 2026,historical
2013,IDN,Indonesia,real_gdp_growth,NGDP_RPCH,5.557,Percent,Annual,2025,,IMF WEO,April 2026,historical
2014,IDN,Indonesia,real_gdp_growth,NGDP_RPCH,5.007,Percent,Annual,2025,,IMF WEO,April 2026,historical
2015,IDN,Indonesia,real_gdp_growth,NGDP_RPCH,4.876,Percent,Annual,2025,,IMF WEO,April 2026,historical
2016,IDN,Indonesia,real_gdp_growth,NGDP_RPCH,5.033,Percent,Annual,2025,,IMF WEO,April 2026,historical
2017,IDN,Indonesia,real_gdp_growth,NGDP_RPCH,5.07,Percent,Annual,2025,,IMF WEO,April 2026,historical
2018,IDN,Indonesia,real_gdp_growth,NGDP_RPCH,5.174,Percent,Annual,2025,,IMF WEO,April 2026,historical
2019,IDN,Indonesia,real_gdp_growth,NGDP_RPCH,5.019,Percent,Annual,2025,,IMF WEO,April 2026,historical
2020,IDN,Indonesia,real_gdp_growth,NGDP_RPCH,-2.066,Percent,Annual,2025,,IMF WEO,April 2026,historical
2021,IDN,Indonesia,real_gdp_growth,NGDP_RPCH,3.703,Percent,Annual,2025,,IMF WEO,April 2026,historical
2022,IDN,Indonesia,real_gdp_growth,NGDP_RPCH,5.307,Percent,Annual,2025,,IMF WEO,April 2026,historical
2023,IDN,Indonesia,real_gdp_growth,NGDP_RPCH,5.049,Percent,Annual,2025,,IMF WEO,April 2026,historical
2024,IDN,Indonesia,real_gdp_growth,NGDP_RPCH,5.033,Percent,Annual,2025,,IMF WEO,April 2026,historical
2025,IDN,Indonesia,real_gdp_growth,NGDP_RPCH,5.108,Percent,Annual,2025,,IMF WEO,April 2026,historical
2026,IDN,Indonesia,real_gdp_growth,NGDP_RPCH,4.95,Percent,Annual,2025,,IMF WEO,April 2026,projection
2027,IDN,Indonesia,real_gdp_growth,NGDP_RPCH,5.07,Percent,Annual,2025,,IMF WEO,April 2026,projection
2028,IDN,Indonesia,real_gdp_growth,NGDP_RPCH,5.169,Percent,Annual,2025,,IMF WEO,April 2026,projection
2029,IDN,Indonesia,real_gdp_growth,NGDP_RPCH,5.185,Percent,Annual,2025,,IMF WEO,April 2026,projection
2030,IDN,Indonesia,real_gdp_growth,NGDP_RPCH,5.223,Percent,Annual,2025,,IMF WEO,April 2026,projection
2031,IDN,Indonesia,real_gdp_growth,NGDP_RPCH,5.232,Percent,Annual,2025,,IMF WEO,April 2026,projection
1984,IDN,Indonesia,unemployment_rate,LUR,1.62,,Annual,2025,,IMF WEO,April 2026,historical
1985,IDN,Indonesia,unemployment_rate,LUR,2.22,,Annual,2025,,IMF WEO,April 2026,historical
1986,IDN,Indonesia,unemployment_rate,LUR,2.75,,Annual,2025,,IMF WEO,April 2026,historical
1987,IDN,Indonesia,unemployment_rate,LUR,2.64,,Annual,2025,,IMF WEO,April 2026,historical
1988,IDN,Indonesia,unemployment_rate,LUR,2.89,,Annual,2025,,IMF WEO,April 2026,historical
1989,IDN,Indonesia,unemployment_rate,LUR,2.86,,Annual,2025,,IMF WEO,April 2026,historical
1990,IDN,Indonesia,unemployment_rate,LUR,2.59,,Annual,2025,,IMF WEO,April 2026,historical
1991,IDN,Indonesia,unemployment_rate,LUR,2.67,,Annual,2025,,IMF WEO,April 2026,historical
1992,IDN,Indonesia,unemployment_rate,LUR,2.79,,Annual,2025,,IMF WEO,April 2026,historical
1993,IDN,Indonesia,unemployment_rate,LUR,2.83,,Annual,2025,,IMF WEO,April 2026,historical
1994,IDN,Indonesia,unemployment_rate,LUR,4.47,,Annual,2025,,IMF WEO,April 2026,historical
1995,IDN,Indonesia,unemployment_rate,LUR,7.42,,Annual,2025,,IMF WEO,April 2026,historical
1996,IDN,Indonesia,unemployment_rate,LUR,4.998,,Annual,2025,,IMF WEO,April 2026,historical
1997,IDN,Indonesia,unemployment_rate,LUR,4.77,,Annual,2025,,IMF WEO,April 2026,historical
1998,IDN,Indonesia,unemployment_rate,LUR,5.46,,Annual,2025,,IMF WEO,April 2026,historical
1999,IDN,Indonesia,unemployment_rate,LUR,6.36,,Annual,2025,,IMF WEO,April 2026,historical
2000,IDN,Indonesia,unemployment_rate,LUR,6.08,,Annual,2025,,IMF WEO,April 2026,historical
2001,IDN,Indonesia,unemployment_rate,LUR,8.1,,Annual,2025,,IMF WEO,April 2026,historical
2002,IDN,Indonesia,unemployment_rate,LUR,9.06,,Annual,2025,,IMF WEO,April 2026,historical
2003,IDN,Indonesia,unemployment_rate,LUR,9.67,,Annual,2025,,IMF WEO,April 2026,historical
2004,IDN,Indonesia,unemployment_rate,LUR,9.86,,Annual,2025,,IMF WEO,April 2026,historical
2005,IDN,Indonesia,unemployment_rate,LUR,11.24,,Annual,2025,,IMF WEO,April 2026,historical
2006,IDN,Indonesia,unemployment_rate,LUR,10.28,,Annual,2025,,IMF WEO,April 2026,historical
2007,IDN,Indonesia,unemployment_rate,LUR,9.11,,Annual,2025,,IMF WEO,April 2026,historical
2008,IDN,Indonesia,unemployment_rate,LUR,8.39,,Annual,2025,,IMF WEO,April 2026,historical
2009,IDN,Indonesia,unemployment_rate,LUR,7.87,,Annual,2025,,IMF WEO,April 2026,historical
2010,IDN,Indonesia,unemployment_rate,LUR,7.14,,Annual,2025,,IMF WEO,April 2026,historical
2011,IDN,Indonesia,unemployment_rate,LUR,6.56,,Annual,2025,,IMF WEO,April 2026,historical
2012,IDN,Indonesia,unemployment_rate,LUR,6.14,,Annual,2025,,IMF WEO,April 2026,historical
2013,IDN,Indonesia,unemployment_rate,LUR,6.25,,Annual,2025,,IMF WEO,April 2026,historical
2014,IDN,Indonesia,unemployment_rate,LUR,5.94,,Annual,2025,,IMF WEO,April 2026,historical
2015,IDN,Indonesia,unemployment_rate,LUR,6.18,,Annual,2025,,IMF WEO,April 2026,historical
2016,IDN,Indonesia,unemployment_rate,LUR,5.61,,Annual,2025,,IMF WEO,April 2026,historical
2017,IDN,Indonesia,unemployment_rate,LUR,5.5,,Annual,2025,,IMF WEO,April 2026,historical
2018,IDN,Indonesia,unemployment_rate,LUR,5.34,,Annual,2025,,IMF WEO,April 2026,historical
2019,IDN,Indonesia,unemployment_rate,LUR,5.28,,Annual,2025,,IMF WEO,April 2026,historical
2020,IDN,Indonesia,unemployment_rate,LUR,7.07,,Annual,2025,,IMF WEO,April 2026,historical
2021,IDN,Indonesia,unemployment_rate,LUR,6.49,,Annual,2025,,IMF WEO,April 2026,historical
2022,IDN,Indonesia,unemployment_rate,LUR,5.86,,Annual,2025,,IMF WEO,April 2026,historical
2023,IDN,Indonesia,unemployment_rate,LUR,5.32,,Annual,2025,,IMF WEO,April 2026,historical
2024,IDN,Indonesia,unemployment_rate,LUR,4.91,,Annual,2025,,IMF WEO,April 2026,historical
2025,IDN,Indonesia,unemployment_rate,LUR,4.85,,Annual,2025,,IMF WEO,April 2026,historical
2026,IDN,Indonesia,unemployment_rate,LUR,4.85,,Annual,2025,,IMF WEO,April 2026,projection
2027,IDN,Indonesia,unemployment_rate,LUR,4.8,,Annual,2025,,IMF WEO,April 2026,projection
2028,IDN,Indonesia,unemployment_rate,LUR,4.7,,Annual,2025,,IMF WEO,April 2026,projection
2029,IDN,Indonesia,unemployment_rate,LUR,4.7,,Annual,2025,,IMF WEO,April 2026,projection
2030,IDN,Indonesia,unemployment_rate,LUR,4.7,,Annual,2025,,IMF WEO,April 2026,projection
2031,IDN,Indonesia,unemployment_rate,LUR,4.7,,Annual,2025,,IMF WEO,April 2026,projection
1980,IND,India,cpi_inflation,PCPIPCH,11.346,Percent,Annual,FY2024/25,,IMF WEO,April 2026,fiscal_year_reference
1981,IND,India,cpi_inflation,PCPIPCH,12.654,Percent,Annual,FY2024/25,,IMF WEO,April 2026,fiscal_year_reference
1982,IND,India,cpi_inflation,PCPIPCH,7.736,Percent,Annual,FY2024/25,,IMF WEO,April 2026,fiscal_year_reference
1983,IND,India,cpi_inflation,PCPIPCH,12.558,Percent,Annual,FY2024/25,,IMF WEO,April 2026,fiscal_year_reference
1984,IND,India,cpi_inflation,PCPIPCH,6.518,Percent,Annual,FY2024/25,,IMF WEO,April 2026,fiscal_year_reference
1985,IND,India,cpi_inflation,PCPIPCH,6.251,Percent,Annual,FY2024/25,,IMF WEO,April 2026,fiscal_year_reference
1986,IND,India,cpi_inflation,PCPIPCH,8.89,Percent,Annual,FY2024/25,,IMF WEO,April 2026,fiscal_year_reference
1987,IND,India,cpi_inflation,PCPIPCH,9.058,Percent,Annual,FY2024/25,,IMF WEO,April 2026,fiscal_year_reference
1988,IND,India,cpi_inflation,PCPIPCH,7.213,Percent,Annual,FY2024/25,,IMF WEO,April 2026,fiscal_year_reference
1989,IND,India,cpi_inflation,PCPIPCH,4.57,Percent,Annual,FY2024/25,,IMF WEO,April 2026,fiscal_year_reference
1990,IND,India,cpi_inflation,PCPIPCH,11.198,Percent,Annual,FY2024/25,,IMF WEO,April 2026,fiscal_year_reference
1991,IND,India,cpi_inflation,PCPIPCH,13.481,Percent,Annual,FY2024/25,,IMF WEO,April 2026,fiscal_year_reference
1992,IND,India,cpi_inflation,PCPIPCH,9.862,Percent,Annual,FY2024/25,,IMF WEO,April 2026,fiscal_year_reference
1993,IND,India,cpi_inflation,PCPIPCH,7.283,Percent,Annual,FY2024/25,,IMF WEO,April 2026,fiscal_year_reference
1994,IND,India,cpi_inflation,PCPIPCH,10.272,Percent,Annual,FY2024/25,,IMF WEO,April 2026,fiscal_year_reference
1995,IND,India,cpi_inflation,PCPIPCH,9.96,Percent,Annual,FY2024/25,,IMF WEO,April 2026,fiscal_year_reference
1996,IND,India,cpi_inflation,PCPIPCH,9.433,Percent,Annual,FY2024/25,,IMF WEO,April 2026,fiscal_year_reference
1997,IND,India,cpi_inflation,PCPIPCH,6.845,Percent,Annual,FY2024/25,,IMF WEO,April 2026,fiscal_year_reference
1998,IND,India,cpi_inflation,PCPIPCH,13.126,Percent,Annual,FY2024/25,,IMF WEO,April 2026,fiscal_year_reference
1999,IND,India,cpi_inflation,PCPIPCH,3.425,Percent,Annual,FY2024/25,,IMF WEO,April 2026,fiscal_year_reference
2000,IND,India,cpi_inflation,PCPIPCH,3.817,Percent,Annual,FY2024/25,,IMF WEO,April 2026,fiscal_year_reference
2001,IND,India,cpi_inflation,PCPIPCH,4.441,Percent,Annual,FY2024/25,,IMF WEO,April 2026,fiscal_year_reference
2002,IND,India,cpi_inflation,PCPIPCH,4.993,Percent,Annual,FY2024/25,,IMF WEO,April 2026,fiscal_year_reference
2003,IND,India,cpi_inflation,PCPIPCH,4.107,Percent,Annual,FY2024/25,,IMF WEO,April 2026,fiscal_year_reference
2004,IND,India,cpi_inflation,PCPIPCH,3.996,Percent,Annual,FY2024/25,,IMF WEO,April 2026,fiscal_year_reference
2005,IND,India,cpi_inflation,PCPIPCH,3.674,Percent,Annual,FY2024/25,,IMF WEO,April 2026,fiscal_year_reference
2006,IND,India,cpi_inflation,PCPIPCH,6.738,Percent,Annual,FY2024/25,,IMF WEO,April 2026,fiscal_year_reference
2007,IND,India,cpi_inflation,PCPIPCH,5.918,Percent,Annual,FY2024/25,,IMF WEO,April 2026,fiscal_year_reference
2008,IND,India,cpi_inflation,PCPIPCH,9.211,Percent,Annual,FY2024/25,,IMF WEO,April 2026,fiscal_year_reference
2009,IND,India,cpi_inflation,PCPIPCH,10.605,Percent,Annual,FY2024/25,,IMF WEO,April 2026,fiscal_year_reference
2010,IND,India,cpi_inflation,PCPIPCH,9.37,Percent,Annual,FY2024/25,,IMF WEO,April 2026,fiscal_year_reference
2011,IND,India,cpi_inflation,PCPIPCH,8.116,Percent,Annual,FY2024/25,,IMF WEO,April 2026,fiscal_year_reference
2012,IND,India,cpi_inflation,PCPIPCH,10.037,Percent,Annual,FY2024/25,,IMF WEO,April 2026,fiscal_year_reference
2013,IND,India,cpi_inflation,PCPIPCH,9.81,Percent,Annual,FY2024/25,,IMF WEO,April 2026,fiscal_year_reference
2014,IND,India,cpi_inflation,PCPIPCH,5.936,Percent,Annual,FY2024/25,,IMF WEO,April 2026,fiscal_year_reference
2015,IND,India,cpi_inflation,PCPIPCH,4.885,Percent,Annual,FY2024/25,,IMF WEO,April 2026,fiscal_year_reference
2016,IND,India,cpi_inflation,PCPIPCH,4.518,Percent,Annual,FY2024/25,,IMF WEO,April 2026,fiscal_year_reference
2017,IND,India,cpi_inflation,PCPIPCH,3.606,Percent,Annual,FY2024/25,,IMF WEO,April 2026,fiscal_year_reference
2018,IND,India,cpi_inflation,PCPIPCH,3.387,Percent,Annual,FY2024/25,,IMF WEO,April 2026,fiscal_year_reference
2019,IND,India,cpi_inflation,PCPIPCH,4.806,Percent,Annual,FY2024/25,,IMF WEO,April 2026,fiscal_year_reference
2020,IND,India,cpi_inflation,PCPIPCH,6.154,Percent,Annual,FY2024/25,,IMF WEO,April 2026,fiscal_year_reference
2021,IND,India,cpi_inflation,PCPIPCH,5.512,Percent,Annual,FY2024/25,,IMF WEO,April 2026,fiscal_year_reference
2022,IND,India,cpi_inflation,PCPIPCH,6.634,Percent,Annual,FY2024/25,,IMF WEO,April 2026,fiscal_year_reference
2023,IND,India,cpi_inflation,PCPIPCH,5.37,Percent,Annual,FY2024/25,,IMF WEO,April 2026,fiscal_year_reference
2024,IND,India,cpi_inflation,PCPIPCH,4.639,Percent,Annual,FY2024/25,,IMF WEO,April 2026,fiscal_year_reference
2025,IND,India,cpi_inflation,PCPIPCH,2.091,Percent,Annual,FY2024/25,,IMF WEO,April 2026,fiscal_year_reference
2026,IND,India,cpi_inflation,PCPIPCH,4.715,Percent,Annual,FY2024/25,,IMF WEO,April 2026,fiscal_year_reference
2027,IND,India,cpi_inflation,PCPIPCH,4.0,Percent,Annual,FY2024/25,,IMF WEO,April 2026,fiscal_year_reference
2028,IND,India,cpi_inflation,PCPIPCH,4.0,Percent,Annual,FY2024/25,,IMF WEO,April 2026,fiscal_year_reference
2029,IND,India,cpi_inflation,PCPIPCH,4.0,Percent,Annual,FY2024/25,,IMF WEO,April 2026,fiscal_year_reference
2030,IND,India,cpi_inflation,PCPIPCH,4.0,Percent,Annual,FY2024/25,,IMF WEO,April 2026,fiscal_year_reference
2031,IND,India,cpi_inflation,PCPIPCH,4.0,Percent,Annual,FY2024/25,,IMF WEO,April 2026,fiscal_year_reference
1980,IND,India,current_account_pct_gdp,BCA_NGDPD,-1.504,Percent,Annual,FY2024/25,,IMF WEO,April 2026,fiscal_year_reference
1981,IND,India,current_account_pct_gdp,BCA_NGDPD,-1.639,Percent,Annual,FY2024/25,,IMF WEO,April 2026,fiscal_year_reference
1982,IND,India,current_account_pct_gdp,BCA_NGDPD,-1.696,Percent,Annual,FY2024/25,,IMF WEO,April 2026,fiscal_year_reference
1983,IND,India,current_account_pct_gdp,BCA_NGDPD,-1.47,Percent,Annual,FY2024/25,,IMF WEO,April 2026,fiscal_year_reference
1984,IND,India,current_account_pct_gdp,BCA_NGDPD,-1.141,Percent,Annual,FY2024/25,,IMF WEO,April 2026,fiscal_year_reference
1985,IND,India,current_account_pct_gdp,BCA_NGDPD,-2.06,Percent,Annual,FY2024/25,,IMF WEO,April 2026,fiscal_year_reference
1986,IND,India,current_account_pct_gdp,BCA_NGDPD,-1.837,Percent,Annual,FY2024/25,,IMF WEO,April 2026,fiscal_year_reference
1987,IND,India,current_account_pct_gdp,BCA_NGDPD,-1.738,Percent,Annual,FY2024/25,,IMF WEO,April 2026,fiscal_year_reference
1988,IND,India,current_account_pct_gdp,BCA_NGDPD,-2.446,Percent,Annual,FY2024/25,,IMF WEO,April 2026,fiscal_year_reference
1989,IND,India,current_account_pct_gdp,BCA_NGDPD,-2.014,Percent,Annual,FY2024/25,,IMF WEO,April 2026,fiscal_year_reference
1990,IND,India,current_account_pct_gdp,BCA_NGDPD,-2.998,Percent,Annual,FY2024/25,,IMF WEO,April 2026,fiscal_year_reference
1991,IND,India,current_account_pct_gdp,BCA_NGDPD,-0.433,Percent,Annual,FY2024/25,,IMF WEO,April 2026,fiscal_year_reference
1992,IND,India,current_account_pct_gdp,BCA_NGDPD,-1.705,Percent,Annual,FY2024/25,,IMF WEO,April 2026,fiscal_year_reference
1993,IND,India,current_account_pct_gdp,BCA_NGDPD,-0.415,Percent,Annual,FY2024/25,,IMF WEO,April 2026,fiscal_year_reference
1994,IND,India,current_account_pct_gdp,BCA_NGDPD,-1.03,Percent,Annual,FY2024/25,,IMF WEO,April 2026,fiscal_year_reference
1995,IND,India,current_account_pct_gdp,BCA_NGDPD,-1.637,Percent,Annual,FY2024/25,,IMF WEO,April 2026,fiscal_year_reference
1996,IND,India,current_account_pct_gdp,BCA_NGDPD,-1.144,Percent,Annual,FY2024/25,,IMF WEO,April 2026,fiscal_year_reference
1997,IND,India,current_account_pct_gdp,BCA_NGDPD,-1.323,Percent,Annual,FY2024/25,,IMF WEO,April 2026,fiscal_year_reference
1998,IND,India,current_account_pct_gdp,BCA_NGDPD,-0.958,Percent,Annual,FY2024/25,,IMF WEO,April 2026,fiscal_year_reference
1999,IND,India,current_account_pct_gdp,BCA_NGDPD,-1.024,Percent,Annual,FY2024/25,,IMF WEO,April 2026,fiscal_year_reference
2000,IND,India,current_account_pct_gdp,BCA_NGDPD,-0.569,Percent,Annual,FY2024/25,,IMF WEO,April 2026,fiscal_year_reference
2001,IND,India,current_account_pct_gdp,BCA_NGDPD,0.7,Percent,Annual,FY2024/25,,IMF WEO,April 2026,fiscal_year_reference
2002,IND,India,current_account_pct_gdp,BCA_NGDPD,1.232,Percent,Annual,FY2024/25,,IMF WEO,April 2026,fiscal_year_reference
2003,IND,India,current_account_pct_gdp,BCA_NGDPD,2.317,Percent,Annual,FY2024/25,,IMF WEO,April 2026,fiscal_year_reference
2004,IND,India,current_account_pct_gdp,BCA_NGDPD,-0.348,Percent,Annual,FY2024/25,,IMF WEO,April 2026,fiscal_year_reference
2005,IND,India,current_account_pct_gdp,BCA_NGDPD,-1.207,Percent,Annual,FY2024/25,,IMF WEO,April 2026,fiscal_year_reference
2006,IND,India,current_account_pct_gdp,BCA_NGDPD,-1.017,Percent,Annual,FY2024/25,,IMF WEO,April 2026,fiscal_year_reference
2007,IND,India,current_account_pct_gdp,BCA_NGDPD,-1.293,Percent,Annual,FY2024/25,,IMF WEO,April 2026,fiscal_year_reference
2008,IND,India,current_account_pct_gdp,BCA_NGDPD,-2.328,Percent,Annual,FY2024/25,,IMF WEO,April 2026,fiscal_year_reference
2009,IND,India,current_account_pct_gdp,BCA_NGDPD,-2.864,Percent,Annual,FY2024/25,,IMF WEO,April 2026,fiscal_year_reference
2010,IND,India,current_account_pct_gdp,BCA_NGDPD,-2.857,Percent,Annual,FY2024/25,,IMF WEO,April 2026,fiscal_year_reference
2011,IND,India,current_account_pct_gdp,BCA_NGDPD,-4.29,Percent,Annual,FY2024/25,,IMF WEO,April 2026,fiscal_year_reference
2012,IND,India,current_account_pct_gdp,BCA_NGDPD,-4.819,Percent,Annual,FY2024/25,,IMF WEO,April 2026,fiscal_year_reference
2013,IND,India,current_account_pct_gdp,BCA_NGDPD,-1.746,Percent,Annual,FY2024/25,,IMF WEO,April 2026,fiscal_year_reference
2014,IND,India,current_account_pct_gdp,BCA_NGDPD,-1.324,Percent,Annual,FY2024/25,,IMF WEO,April 2026,fiscal_year_reference
2015,IND,India,current_account_pct_gdp,BCA_NGDPD,-1.061,Percent,Annual,FY2024/25,,IMF WEO,April 2026,fiscal_year_reference
2016,IND,India,current_account_pct_gdp,BCA_NGDPD,-0.634,Percent,Annual,FY2024/25,,IMF WEO,April 2026,fiscal_year_reference
2017,IND,India,current_account_pct_gdp,BCA_NGDPD,-1.865,Percent,Annual,FY2024/25,,IMF WEO,April 2026,fiscal_year_reference
2018,IND,India,current_account_pct_gdp,BCA_NGDPD,-2.155,Percent,Annual,FY2024/25,,IMF WEO,April 2026,fiscal_year_reference
2019,IND,India,current_account_pct_gdp,BCA_NGDPD,-0.884,Percent,Annual,FY2024/25,,IMF WEO,April 2026,fiscal_year_reference
2020,IND,India,current_account_pct_gdp,BCA_NGDPD,0.919,Percent,Annual,FY2024/25,,IMF WEO,April 2026,fiscal_year_reference
2021,IND,India,current_account_pct_gdp,BCA_NGDPD,-1.254,Percent,Annual,FY2024/25,,IMF WEO,April 2026,fiscal_year_reference
2022,IND,India,current_account_pct_gdp,BCA_NGDPD,-2.061,Percent,Annual,FY2024/25,,IMF WEO,April 2026,fiscal_year_reference
2023,IND,India,current_account_pct_gdp,BCA_NGDPD,-0.744,Percent,Annual,FY2024/25,,IMF WEO,April 2026,fiscal_year_reference
2024,IND,India,current_account_pct_gdp,BCA_NGDPD,-0.61,Percent,Annual,FY2024/25,,IMF WEO,April 2026,fiscal_year_reference
2025,IND,India,current_account_pct_gdp,BCA_NGDPD,-0.923,Percent,Annual,FY2024/25,,IMF WEO,April 2026,fiscal_year_reference
2026,IND,India,current_account_pct_gdp,BCA_NGDPD,-2.034,Percent,Annual,FY2024/25,,IMF WEO,April 2026,fiscal_year_reference
2027,IND,India,current_account_pct_gdp,BCA_NGDPD,-1.645,Percent,Annual,FY2024/25,,IMF WEO,April 2026,fiscal_year_reference
2028,IND,India,current_account_pct_gdp,BCA_NGDPD,-1.461,Percent,Annual,FY2024/25,,IMF WEO,April 2026,fiscal_year_reference
2029,IND,India,current_account_pct_gdp,BCA_NGDPD,-1.485,Percent,Annual,FY2024/25,,IMF WEO,April 2026,fiscal_year_reference
2030,IND,India,current_account_pct_gdp,BCA_NGDPD,-1.667,Percent,Annual,FY2024/25,,IMF WEO,April 2026,fiscal_year_reference
2031,IND,India,current_account_pct_gdp,BCA_NGDPD,-1.946,Percent,Annual,FY2024/25,,IMF WEO,April 2026,fiscal_year_reference
1980,IND,India,export_price_growth,TXG_RPCH,1.423,Percent,Annual,FY2024/25,,IMF WEO,April 2026,fiscal_year_reference
1981,IND,India,export_price_growth,TXG_RPCH,8.282,Percent,Annual,FY2024/25,,IMF WEO,April 2026,fiscal_year_reference
1982,IND,India,export_price_growth,TXG_RPCH,13.485,Percent,Annual,FY2024/25,,IMF WEO,April 2026,fiscal_year_reference
1983,IND,India,export_price_growth,TXG_RPCH,6.664,Percent,Annual,FY2024/25,,IMF WEO,April 2026,fiscal_year_reference
1984,IND,India,export_price_growth,TXG_RPCH,4.708,Percent,Annual,FY2024/25,,IMF WEO,April 2026,fiscal_year_reference
1985,IND,India,export_price_growth,TXG_RPCH,-0.759,Percent,Annual,FY2024/25,,IMF WEO,April 2026,fiscal_year_reference
1986,IND,India,export_price_growth,TXG_RPCH,2.916,Percent,Annual,FY2024/25,,IMF WEO,April 2026,fiscal_year_reference
1987,IND,India,export_price_growth,TXG_RPCH,6.051,Percent,Annual,FY2024/25,,IMF WEO,April 2026,fiscal_year_reference
1988,IND,India,export_price_growth,TXG_RPCH,5.808,Percent,Annual,FY2024/25,,IMF WEO,April 2026,fiscal_year_reference
1989,IND,India,export_price_growth,TXG_RPCH,12.144,Percent,Annual,FY2024/25,,IMF WEO,April 2026,fiscal_year_reference
1990,IND,India,export_price_growth,TXG_RPCH,4.331,Percent,Annual,FY2024/25,,IMF WEO,April 2026,fiscal_year_reference
1991,IND,India,export_price_growth,TXG_RPCH,2.668,Percent,Annual,FY2024/25,,IMF WEO,April 2026,fiscal_year_reference
1992,IND,India,export_price_growth,TXG_RPCH,14.722,Percent,Annual,FY2024/25,,IMF WEO,April 2026,fiscal_year_reference
1993,IND,India,export_price_growth,TXG_RPCH,11.25,Percent,Annual,FY2024/25,,IMF WEO,April 2026,fiscal_year_reference
1994,IND,India,export_price_growth,TXG_RPCH,12.563,Percent,Annual,FY2024/25,,IMF WEO,April 2026,fiscal_year_reference
1995,IND,India,export_price_growth,TXG_RPCH,13.133,Percent,Annual,FY2024/25,,IMF WEO,April 2026,fiscal_year_reference
1996,IND,India,export_price_growth,TXG_RPCH,6.359,Percent,Annual,FY2024/25,,IMF WEO,April 2026,fiscal_year_reference
1997,IND,India,export_price_growth,TXG_RPCH,11.495,Percent,Annual,FY2024/25,,IMF WEO,April 2026,fiscal_year_reference
1998,IND,India,export_price_growth,TXG_RPCH,3.889,Percent,Annual,FY2024/25,,IMF WEO,April 2026,fiscal_year_reference
1999,IND,India,export_price_growth,TXG_RPCH,4.87,Percent,Annual,FY2024/25,,IMF WEO,April 2026,fiscal_year_reference
2000,IND,India,export_price_growth,TXG_RPCH,16.038,Percent,Annual,FY2024/25,,IMF WEO,April 2026,fiscal_year_reference
2001,IND,India,export_price_growth,TXG_RPCH,2.28,Percent,Annual,FY2024/25,,IMF WEO,April 2026,fiscal_year_reference
2002,IND,India,export_price_growth,TXG_RPCH,17.205,Percent,Annual,FY2024/25,,IMF WEO,April 2026,fiscal_year_reference
2003,IND,India,export_price_growth,TXG_RPCH,12.382,Percent,Annual,FY2024/25,,IMF WEO,April 2026,fiscal_year_reference
2004,IND,India,export_price_growth,TXG_RPCH,15.147,Percent,Annual,FY2024/25,,IMF WEO,April 2026,fiscal_year_reference
2005,IND,India,export_price_growth,TXG_RPCH,11.52,Percent,Annual,FY2024/25,,IMF WEO,April 2026,fiscal_year_reference
2006,IND,India,export_price_growth,TXG_RPCH,10.262,Percent,Annual,FY2024/25,,IMF WEO,April 2026,fiscal_year_reference
2007,IND,India,export_price_growth,TXG_RPCH,17.872,Percent,Annual,FY2024/25,,IMF WEO,April 2026,fiscal_year_reference
2008,IND,India,export_price_growth,TXG_RPCH,2.036,Percent,Annual,FY2024/25,,IMF WEO,April 2026,fiscal_year_reference
2009,IND,India,export_price_growth,TXG_RPCH,-1.332,Percent,Annual,FY2024/25,,IMF WEO,April 2026,fiscal_year_reference
2010,IND,India,export_price_growth,TXG_RPCH,27.133,Percent,Annual,FY2024/25,,IMF WEO,April 2026,fiscal_year_reference
2011,IND,India,export_price_growth,TXG_RPCH,13.458,Percent,Annual,FY2024/25,,IMF WEO,April 2026,fiscal_year_reference
2012,IND,India,export_price_growth,TXG_RPCH,-0.513,Percent,Annual,FY2024/25,,IMF WEO,April 2026,fiscal_year_reference
2013,IND,India,export_price_growth,TXG_RPCH,6.767,Percent,Annual,FY2024/25,,IMF WEO,April 2026,fiscal_year_reference
2014,IND,India,export_price_growth,TXG_RPCH,5.136,Percent,Annual,FY2024/25,,IMF WEO,April 2026,fiscal_year_reference
2015,IND,India,export_price_growth,TXG_RPCH,-6.458,Percent,Annual,FY2024/25,,IMF WEO,April 2026,fiscal_year_reference
2016,IND,India,export_price_growth,TXG_RPCH,7.943,Percent,Annual,FY2024/25,,IMF WEO,April 2026,fiscal_year_reference
2017,IND,India,export_price_growth,TXG_RPCH,5.504,Percent,Annual,FY2024/25,,IMF WEO,April 2026,fiscal_year_reference
2018,IND,India,export_price_growth,TXG_RPCH,5.274,Percent,Annual,FY2024/25,,IMF WEO,April 2026,fiscal_year_reference
2019,IND,India,export_price_growth,TXG_RPCH,-4.086,Percent,Annual,FY2024/25,,IMF WEO,April 2026,fiscal_year_reference
2020,IND,India,export_price_growth,TXG_RPCH,-6.968,Percent,Annual,FY2024/25,,IMF WEO,April 2026,fiscal_year_reference
2021,IND,India,export_price_growth,TXG_RPCH,21.598,Percent,Annual,FY2024/25,,IMF WEO,April 2026,fiscal_year_reference
2022,IND,India,export_price_growth,TXG_RPCH,0.113,Percent,Annual,FY2024/25,,IMF WEO,April 2026,fiscal_year_reference
2023,IND,India,export_price_growth,TXG_RPCH,-0.546,Percent,Annual,FY2024/25,,IMF WEO,April 2026,fiscal_year_reference
2024,IND,India,export_price_growth,TXG_RPCH,-0.296,Percent,Annual,FY2024/25,,IMF WEO,April 2026,fiscal_year_reference
2025,IND,India,export_price_growth,TXG_RPCH,2.987,Percent,Annual,FY2024/25,,IMF WEO,April 2026,fiscal_year_reference
2026,IND,India,export_price_growth,TXG_RPCH,2.165,Percent,Annual,FY2024/25,,IMF WEO,April 2026,fiscal_year_reference
2027,IND,India,export_price_growth,TXG_RPCH,2.218,Percent,Annual,FY2024/25,,IMF WEO,April 2026,fiscal_year_reference
2028,IND,India,export_price_growth,TXG_RPCH,4.118,Percent,Annual,FY2024/25,,IMF WEO,April 2026,fiscal_year_reference
2029,IND,India,export_price_growth,TXG_RPCH,3.418,Percent,Annual,FY2024/25,,IMF WEO,April 2026,fiscal_year_reference
2030,IND,India,export_price_growth,TXG_RPCH,3.0,Percent,Annual,FY2024/25,,IMF WEO,April 2026,fiscal_year_reference
2031,IND,India,export_price_growth,TXG_RPCH,3.0,Percent,Annual,FY2024/25,,IMF WEO,April 2026,fiscal_year_reference
1980,IND,India,export_volume_growth,TX_RPCH,7.258,Percent,Annual,FY2024/25,,IMF WEO,April 2026,fiscal_year_reference
1981,IND,India,export_volume_growth,TX_RPCH,9.051,Percent,Annual,FY2024/25,,IMF WEO,April 2026,fiscal_year_reference
1982,IND,India,export_volume_growth,TX_RPCH,8.061,Percent,Annual,FY2024/25,,IMF WEO,April 2026,fiscal_year_reference
1983,IND,India,export_volume_growth,TX_RPCH,6.555,Percent,Annual,FY2024/25,,IMF WEO,April 2026,fiscal_year_reference
1984,IND,India,export_volume_growth,TX_RPCH,4.13,Percent,Annual,FY2024/25,,IMF WEO,April 2026,fiscal_year_reference
1985,IND,India,export_volume_growth,TX_RPCH,-1.967,Percent,Annual,FY2024/25,,IMF WEO,April 2026,fiscal_year_reference
1986,IND,India,export_volume_growth,TX_RPCH,0.369,Percent,Annual,FY2024/25,,IMF WEO,April 2026,fiscal_year_reference
1987,IND,India,export_volume_growth,TX_RPCH,5.437,Percent,Annual,FY2024/25,,IMF WEO,April 2026,fiscal_year_reference
1988,IND,India,export_volume_growth,TX_RPCH,5.852,Percent,Annual,FY2024/25,,IMF WEO,April 2026,fiscal_year_reference
1989,IND,India,export_volume_growth,TX_RPCH,9.721,Percent,Annual,FY2024/25,,IMF WEO,April 2026,fiscal_year_reference
1990,IND,India,export_volume_growth,TX_RPCH,3.979,Percent,Annual,FY2024/25,,IMF WEO,April 2026,fiscal_year_reference
1991,IND,India,export_volume_growth,TX_RPCH,3.527,Percent,Annual,FY2024/25,,IMF WEO,April 2026,fiscal_year_reference
1992,IND,India,export_volume_growth,TX_RPCH,11.062,Percent,Annual,FY2024/25,,IMF WEO,April 2026,fiscal_year_reference
1993,IND,India,export_volume_growth,TX_RPCH,8.332,Percent,Annual,FY2024/25,,IMF WEO,April 2026,fiscal_year_reference
1994,IND,India,export_volume_growth,TX_RPCH,12.514,Percent,Annual,FY2024/25,,IMF WEO,April 2026,fiscal_year_reference
1995,IND,India,export_volume_growth,TX_RPCH,13.302,Percent,Annual,FY2024/25,,IMF WEO,April 2026,fiscal_year_reference
1996,IND,India,export_volume_growth,TX_RPCH,5.514,Percent,Annual,FY2024/25,,IMF WEO,April 2026,fiscal_year_reference
1997,IND,India,export_volume_growth,TX_RPCH,14.03,Percent,Annual,FY2024/25,,IMF WEO,April 2026,fiscal_year_reference
1998,IND,India,export_volume_growth,TX_RPCH,11.358,Percent,Annual,FY2024/25,,IMF WEO,April 2026,fiscal_year_reference
1999,IND,India,export_volume_growth,TX_RPCH,7.981,Percent,Annual,FY2024/25,,IMF WEO,April 2026,fiscal_year_reference
2000,IND,India,export_volume_growth,TX_RPCH,11.398,Percent,Annual,FY2024/25,,IMF WEO,April 2026,fiscal_year_reference
2001,IND,India,export_volume_growth,TX_RPCH,2.413,Percent,Annual,FY2024/25,,IMF WEO,April 2026,fiscal_year_reference
2002,IND,India,export_volume_growth,TX_RPCH,17.719,Percent,Annual,FY2024/25,,IMF WEO,April 2026,fiscal_year_reference
2003,IND,India,export_volume_growth,TX_RPCH,16.239,Percent,Annual,FY2024/25,,IMF WEO,April 2026,fiscal_year_reference
2004,IND,India,export_volume_growth,TX_RPCH,27.034,Percent,Annual,FY2024/25,,IMF WEO,April 2026,fiscal_year_reference
2005,IND,India,export_volume_growth,TX_RPCH,17.903,Percent,Annual,FY2024/25,,IMF WEO,April 2026,fiscal_year_reference
2006,IND,India,export_volume_growth,TX_RPCH,15.956,Percent,Annual,FY2024/25,,IMF WEO,April 2026,fiscal_year_reference
2007,IND,India,export_volume_growth,TX_RPCH,18.473,Percent,Annual,FY2024/25,,IMF WEO,April 2026,fiscal_year_reference
2008,IND,India,export_volume_growth,TX_RPCH,7.28,Percent,Annual,FY2024/25,,IMF WEO,April 2026,fiscal_year_reference
2009,IND,India,export_volume_growth,TX_RPCH,-4.916,Percent,Annual,FY2024/25,,IMF WEO,April 2026,fiscal_year_reference
2010,IND,India,export_volume_growth,TX_RPCH,27.774,Percent,Annual,FY2024/25,,IMF WEO,April 2026,fiscal_year_reference
2011,IND,India,export_volume_growth,TX_RPCH,12.793,Percent,Annual,FY2024/25,,IMF WEO,April 2026,fiscal_year_reference
2012,IND,India,export_volume_growth,TX_RPCH,-0.062,Percent,Annual,FY2024/25,,IMF WEO,April 2026,fiscal_year_reference
2013,IND,India,export_volume_growth,TX_RPCH,4.884,Percent,Annual,FY2024/25,,IMF WEO,April 2026,fiscal_year_reference
2014,IND,India,export_volume_growth,TX_RPCH,4.041,Percent,Annual,FY2024/25,,IMF WEO,April 2026,fiscal_year_reference
2015,IND,India,export_volume_growth,TX_RPCH,-5.131,Percent,Annual,FY2024/25,,IMF WEO,April 2026,fiscal_year_reference
2016,IND,India,export_volume_growth,TX_RPCH,6.76,Percent,Annual,FY2024/25,,IMF WEO,April 2026,fiscal_year_reference
2017,IND,India,export_volume_growth,TX_RPCH,10.184,Percent,Annual,FY2024/25,,IMF WEO,April 2026,fiscal_year_reference
2018,IND,India,export_volume_growth,TX_RPCH,4.881,Percent,Annual,FY2024/25,,IMF WEO,April 2026,fiscal_year_reference
2019,IND,India,export_volume_growth,TX_RPCH,-1.863,Percent,Annual,FY2024/25,,IMF WEO,April 2026,fiscal_year_reference
2020,IND,India,export_volume_growth,TX_RPCH,-6.238,Percent,Annual,FY2024/25,,IMF WEO,April 2026,fiscal_year_reference
2021,IND,India,export_volume_growth,TX_RPCH,19.648,Percent,Annual,FY2024/25,,IMF WEO,April 2026,fiscal_year_reference
2022,IND,India,export_volume_growth,TX_RPCH,9.276,Percent,Annual,FY2024/25,,IMF WEO,April 2026,fiscal_year_reference
2023,IND,India,export_volume_growth,TX_RPCH,0.426,Percent,Annual,FY2024/25,,IMF WEO,April 2026,fiscal_year_reference
2024,IND,India,export_volume_growth,TX_RPCH,5.285,Percent,Annual,FY2024/25,,IMF WEO,April 2026,fiscal_year_reference
2025,IND,India,export_volume_growth,TX_RPCH,4.319,Percent,Annual,FY2024/25,,IMF WEO,April 2026,fiscal_year_reference
2026,IND,India,export_volume_growth,TX_RPCH,4.22,Percent,Annual,FY2024/25,,IMF WEO,April 2026,fiscal_year_reference
2027,IND,India,export_volume_growth,TX_RPCH,4.28,Percent,Annual,FY2024/25,,IMF WEO,April 2026,fiscal_year_reference
2028,IND,India,export_volume_growth,TX_RPCH,4.884,Percent,Annual,FY2024/25,,IMF WEO,April 2026,fiscal_year_reference
2029,IND,India,export_volume_growth,TX_RPCH,4.021,Percent,Annual,FY2024/25,,IMF WEO,April 2026,fiscal_year_reference
2030,IND,India,export_volume_growth,TX_RPCH,3.84,Percent,Annual,FY2024/25,,IMF WEO,April 2026,fiscal_year_reference
2031,IND,India,export_volume_growth,TX_RPCH,3.845,Percent,Annual,FY2024/25,,IMF WEO,April 2026,fiscal_year_reference
1980,IND,India,gdp_current_usd,NGDP,1470.6,Domestic currency,Annual,FY2024/25,,IMF WEO,April 2026,fiscal_year_reference
1981,IND,India,gdp_current_usd,NGDP,1727.8,Domestic currency,Annual,FY2024/25,,IMF WEO,April 2026,fiscal_year_reference
1982,IND,India,gdp_current_usd,NGDP,1932.6,Domestic currency,Annual,FY2024/25,,IMF WEO,April 2026,fiscal_year_reference
1983,IND,India,gdp_current_usd,NGDP,2250.7,Domestic currency,Annual,FY2024/25,,IMF WEO,April 2026,fiscal_year_reference
1984,IND,India,gdp_current_usd,NGDP,2521.9,Domestic currency,Annual,FY2024/25,,IMF WEO,April 2026,fiscal_year_reference
1985,IND,India,gdp_current_usd,NGDP,2845.3,Domestic currency,Annual,FY2024/25,,IMF WEO,April 2026,fiscal_year_reference
1986,IND,India,gdp_current_usd,NGDP,3183.7,Domestic currency,Annual,FY2024/25,,IMF WEO,April 2026,fiscal_year_reference
1987,IND,India,gdp_current_usd,NGDP,3618.7,Domestic currency,Annual,FY2024/25,,IMF WEO,April 2026,fiscal_year_reference
1988,IND,India,gdp_current_usd,NGDP,4293.6,Domestic currency,Annual,FY2024/25,,IMF WEO,April 2026,fiscal_year_reference
1989,IND,India,gdp_current_usd,NGDP,4932.8,Domestic currency,Annual,FY2024/25,,IMF WEO,April 2026,fiscal_year_reference
1990,IND,India,gdp_current_usd,NGDP,5761.1,Domestic currency,Annual,FY2024/25,,IMF WEO,April 2026,fiscal_year_reference
1991,IND,India,gdp_current_usd,NGDP,6622.6,Domestic currency,Annual,FY2024/25,,IMF WEO,April 2026,fiscal_year_reference
1992,IND,India,gdp_current_usd,NGDP,7612.0,Domestic currency,Annual,FY2024/25,,IMF WEO,April 2026,fiscal_year_reference
1993,IND,India,gdp_current_usd,NGDP,8759.9,Domestic currency,Annual,FY2024/25,,IMF WEO,April 2026,fiscal_year_reference
1994,IND,India,gdp_current_usd,NGDP,10275.7,Domestic currency,Annual,FY2024/25,,IMF WEO,April 2026,fiscal_year_reference
1995,IND,India,gdp_current_usd,NGDP,12055.8,Domestic currency,Annual,FY2024/25,,IMF WEO,April 2026,fiscal_year_reference
1996,IND,India,gdp_current_usd,NGDP,13948.2,Domestic currency,Annual,FY2024/25,,IMF WEO,April 2026,fiscal_year_reference
1997,IND,India,gdp_current_usd,NGDP,15452.9,Domestic currency,Annual,FY2024/25,,IMF WEO,April 2026,fiscal_year_reference
1998,IND,India,gdp_current_usd,NGDP,17723.0,Domestic currency,Annual,FY2024/25,,IMF WEO,April 2026,fiscal_year_reference
1999,IND,India,gdp_current_usd,NGDP,19882.6,Domestic currency,Annual,FY2024/25,,IMF WEO,April 2026,fiscal_year_reference
2000,IND,India,gdp_current_usd,NGDP,21398.9,Domestic currency,Annual,FY2024/25,,IMF WEO,April 2026,fiscal_year_reference
2001,IND,India,gdp_current_usd,NGDP,23152.4,Domestic currency,Annual,FY2024/25,,IMF WEO,April 2026,fiscal_year_reference
2002,IND,India,gdp_current_usd,NGDP,24926.1,Domestic currency,Annual,FY2024/25,,IMF WEO,April 2026,fiscal_year_reference
2003,IND,India,gdp_current_usd,NGDP,27925.3,Domestic currency,Annual,FY2024/25,,IMF WEO,April 2026,fiscal_year_reference
2004,IND,India,gdp_current_usd,NGDP,31863.3,Domestic currency,Annual,FY2024/25,,IMF WEO,April 2026,fiscal_year_reference
2005,IND,India,gdp_current_usd,NGDP,36321.3,Domestic currency,Annual,FY2024/25,,IMF WEO,April 2026,fiscal_year_reference
2006,IND,India,gdp_current_usd,NGDP,42546.3,Domestic currency,Annual,FY2024/25,,IMF WEO,April 2026,fiscal_year_reference
2007,IND,India,gdp_current_usd,NGDP,48986.6,Domestic currency,Annual,FY2024/25,,IMF WEO,April 2026,fiscal_year_reference
2008,IND,India,gdp_current_usd,NGDP,55141.5,Domestic currency,Annual,FY2024/25,,IMF WEO,April 2026,fiscal_year_reference
2009,IND,India,gdp_current_usd,NGDP,63664.1,Domestic currency,Annual,FY2024/25,,IMF WEO,April 2026,fiscal_year_reference
2010,IND,India,gdp_current_usd,NGDP,76344.7,Domestic currency,Annual,FY2024/25,,IMF WEO,April 2026,fiscal_year_reference
2011,IND,India,gdp_current_usd,NGDP,87363.288,Domestic currency,Annual,FY2024/25,,IMF WEO,April 2026,fiscal_year_reference
2012,IND,India,gdp_current_usd,NGDP,99180.317,Domestic currency,Annual,FY2024/25,,IMF WEO,April 2026,fiscal_year_reference
2013,IND,India,gdp_current_usd,NGDP,111748.206,Domestic currency,Annual,FY2024/25,,IMF WEO,April 2026,fiscal_year_reference
2014,IND,India,gdp_current_usd,NGDP,123702.313,Domestic currency,Annual,FY2024/25,,IMF WEO,April 2026,fiscal_year_reference
2015,IND,India,gdp_current_usd,NGDP,136279.428,Domestic currency,Annual,FY2024/25,,IMF WEO,April 2026,fiscal_year_reference
2016,IND,India,gdp_current_usd,NGDP,151905.944,Domestic currency,Annual,FY2024/25,,IMF WEO,April 2026,fiscal_year_reference
2017,IND,India,gdp_current_usd,NGDP,168221.275,Domestic currency,Annual,FY2024/25,,IMF WEO,April 2026,fiscal_year_reference
2018,IND,India,gdp_current_usd,NGDP,185540.048,Domestic currency,Annual,FY2024/25,,IMF WEO,April 2026,fiscal_year_reference
2019,IND,India,gdp_current_usd,NGDP,196833.84,Domestic currency,Annual,FY2024/25,,IMF WEO,April 2026,fiscal_year_reference
2020,IND,India,gdp_current_usd,NGDP,193872.28,Domestic currency,Annual,FY2024/25,,IMF WEO,April 2026,fiscal_year_reference
2021,IND,India,gdp_current_usd,NGDP,229808.523,Domestic currency,Annual,FY2024/25,,IMF WEO,April 2026,fiscal_year_reference
2022,IND,India,gdp_current_usd,NGDP,261176.3,Domestic currency,Annual,FY2024/25,,IMF WEO,April 2026,fiscal_year_reference
2023,IND,India,gdp_current_usd,NGDP,289839.1,Domestic currency,Annual,FY2024/25,,IMF WEO,April 2026,fiscal_year_reference
2024,IND,India,gdp_current_usd,NGDP,318073.1,Domestic currency,Annual,FY2024/25,,IMF WEO,April 2026,fiscal_year_reference
2025,IND,India,gdp_current_usd,NGDP,346511.546,Domestic currency,Annual,FY2024/25,,IMF WEO,April 2026,fiscal_year_reference
2026,IND,India,gdp_current_usd,NGDP,384527.119,Domestic currency,Annual,FY2024/25,,IMF WEO,April 2026,fiscal_year_reference
2027,IND,India,gdp_current_usd,NGDP,426017.28,Domestic currency,Annual,FY2024/25,,IMF WEO,April 2026,fiscal_year_reference
2028,IND,India,gdp_current_usd,NGDP,471857.324,Domestic currency,Annual,FY2024/25,,IMF WEO,April 2026,fiscal_year_reference
2029,IND,India,gdp_current_usd,NGDP,522727.194,Domestic currency,Annual,FY2024/25,,IMF WEO,April 2026,fiscal_year_reference
2030,IND,India,gdp_current_usd,NGDP,578989.842,Domestic currency,Annual,FY2024/25,,IMF WEO,April 2026,fiscal_year_reference
2031,IND,India,gdp_current_usd,NGDP,641371.246,Domestic currency,Annual,FY2024/25,,IMF WEO,April 2026,fiscal_year_reference
1980,IND,India,import_price_growth,TMG_RPCH,14.044,Percent,Annual,FY2024/25,,IMF WEO,April 2026,fiscal_year_reference
1981,IND,India,import_price_growth,TMG_RPCH,9.546,Percent,Annual,FY2024/25,,IMF WEO,April 2026,fiscal_year_reference
1982,IND,India,import_price_growth,TMG_RPCH,7.737,Percent,Annual,FY2024/25,,IMF WEO,April 2026,fiscal_year_reference
1983,IND,India,import_price_growth,TMG_RPCH,3.657,Percent,Annual,FY2024/25,,IMF WEO,April 2026,fiscal_year_reference
1984,IND,India,import_price_growth,TMG_RPCH,-0.797,Percent,Annual,FY2024/25,,IMF WEO,April 2026,fiscal_year_reference
1985,IND,India,import_price_growth,TMG_RPCH,10.574,Percent,Annual,FY2024/25,,IMF WEO,April 2026,fiscal_year_reference
1986,IND,India,import_price_growth,TMG_RPCH,4.242,Percent,Annual,FY2024/25,,IMF WEO,April 2026,fiscal_year_reference
1987,IND,India,import_price_growth,TMG_RPCH,-1.243,Percent,Annual,FY2024/25,,IMF WEO,April 2026,fiscal_year_reference
1988,IND,India,import_price_growth,TMG_RPCH,11.281,Percent,Annual,FY2024/25,,IMF WEO,April 2026,fiscal_year_reference
1989,IND,India,import_price_growth,TMG_RPCH,1.575,Percent,Annual,FY2024/25,,IMF WEO,April 2026,fiscal_year_reference
1990,IND,India,import_price_growth,TMG_RPCH,6.848,Percent,Annual,FY2024/25,,IMF WEO,April 2026,fiscal_year_reference
1991,IND,India,import_price_growth,TMG_RPCH,-20.848,Percent,Annual,FY2024/25,,IMF WEO,April 2026,fiscal_year_reference
1992,IND,India,import_price_growth,TMG_RPCH,31.952,Percent,Annual,FY2024/25,,IMF WEO,April 2026,fiscal_year_reference
1993,IND,India,import_price_growth,TMG_RPCH,1.009,Percent,Annual,FY2024/25,,IMF WEO,April 2026,fiscal_year_reference
1994,IND,India,import_price_growth,TMG_RPCH,29.837,Percent,Annual,FY2024/25,,IMF WEO,April 2026,fiscal_year_reference
1995,IND,India,import_price_growth,TMG_RPCH,14.162,Percent,Annual,FY2024/25,,IMF WEO,April 2026,fiscal_year_reference
1996,IND,India,import_price_growth,TMG_RPCH,11.217,Percent,Annual,FY2024/25,,IMF WEO,April 2026,fiscal_year_reference
1997,IND,India,import_price_growth,TMG_RPCH,13.024,Percent,Annual,FY2024/25,,IMF WEO,April 2026,fiscal_year_reference
1998,IND,India,import_price_growth,TMG_RPCH,0.296,Percent,Annual,FY2024/25,,IMF WEO,April 2026,fiscal_year_reference
1999,IND,India,import_price_growth,TMG_RPCH,6.739,Percent,Annual,FY2024/25,,IMF WEO,April 2026,fiscal_year_reference
2000,IND,India,import_price_growth,TMG_RPCH,-2.196,Percent,Annual,FY2024/25,,IMF WEO,April 2026,fiscal_year_reference
2001,IND,India,import_price_growth,TMG_RPCH,1.528,Percent,Annual,FY2024/25,,IMF WEO,April 2026,fiscal_year_reference
2002,IND,India,import_price_growth,TMG_RPCH,9.916,Percent,Annual,FY2024/25,,IMF WEO,April 2026,fiscal_year_reference
2003,IND,India,import_price_growth,TMG_RPCH,10.953,Percent,Annual,FY2024/25,,IMF WEO,April 2026,fiscal_year_reference
2004,IND,India,import_price_growth,TMG_RPCH,28.658,Percent,Annual,FY2024/25,,IMF WEO,April 2026,fiscal_year_reference
2005,IND,India,import_price_growth,TMG_RPCH,13.655,Percent,Annual,FY2024/25,,IMF WEO,April 2026,fiscal_year_reference
2006,IND,India,import_price_growth,TMG_RPCH,6.211,Percent,Annual,FY2024/25,,IMF WEO,April 2026,fiscal_year_reference
2007,IND,India,import_price_growth,TMG_RPCH,25.413,Percent,Annual,FY2024/25,,IMF WEO,April 2026,fiscal_year_reference
2008,IND,India,import_price_growth,TMG_RPCH,18.346,Percent,Annual,FY2024/25,,IMF WEO,April 2026,fiscal_year_reference
2009,IND,India,import_price_growth,TMG_RPCH,4.599,Percent,Annual,FY2024/25,,IMF WEO,April 2026,fiscal_year_reference
2010,IND,India,import_price_growth,TMG_RPCH,9.865,Percent,Annual,FY2024/25,,IMF WEO,April 2026,fiscal_year_reference
2011,IND,India,import_price_growth,TMG_RPCH,16.265,Percent,Annual,FY2024/25,,IMF WEO,April 2026,fiscal_year_reference
2012,IND,India,import_price_growth,TMG_RPCH,1.717,Percent,Annual,FY2024/25,,IMF WEO,April 2026,fiscal_year_reference
2013,IND,India,import_price_growth,TMG_RPCH,-3.205,Percent,Annual,FY2024/25,,IMF WEO,April 2026,fiscal_year_reference
2014,IND,India,import_price_growth,TMG_RPCH,7.74,Percent,Annual,FY2024/25,,IMF WEO,April 2026,fiscal_year_reference
2015,IND,India,import_price_growth,TMG_RPCH,1.143,Percent,Annual,FY2024/25,,IMF WEO,April 2026,fiscal_year_reference
2016,IND,India,import_price_growth,TMG_RPCH,2.066,Percent,Annual,FY2024/25,,IMF WEO,April 2026,fiscal_year_reference
2017,IND,India,import_price_growth,TMG_RPCH,10.765,Percent,Annual,FY2024/25,,IMF WEO,April 2026,fiscal_year_reference
2018,IND,India,import_price_growth,TMG_RPCH,3.46,Percent,Annual,FY2024/25,,IMF WEO,April 2026,fiscal_year_reference
2019,IND,India,import_price_growth,TMG_RPCH,-5.168,Percent,Annual,FY2024/25,,IMF WEO,April 2026,fiscal_year_reference
2020,IND,India,import_price_growth,TMG_RPCH,-15.113,Percent,Annual,FY2024/25,,IMF WEO,April 2026,fiscal_year_reference
2021,IND,India,import_price_growth,TMG_RPCH,19.259,Percent,Annual,FY2024/25,,IMF WEO,April 2026,fiscal_year_reference
2022,IND,India,import_price_growth,TMG_RPCH,7.42,Percent,Annual,FY2024/25,,IMF WEO,April 2026,fiscal_year_reference
2023,IND,India,import_price_growth,TMG_RPCH,0.86,Percent,Annual,FY2024/25,,IMF WEO,April 2026,fiscal_year_reference
2024,IND,India,import_price_growth,TMG_RPCH,3.925,Percent,Annual,FY2024/25,,IMF WEO,April 2026,fiscal_year_reference
2025,IND,India,import_price_growth,TMG_RPCH,4.707,Percent,Annual,FY2024/25,,IMF WEO,April 2026,fiscal_year_reference
2026,IND,India,import_price_growth,TMG_RPCH,1.8,Percent,Annual,FY2024/25,,IMF WEO,April 2026,fiscal_year_reference
2027,IND,India,import_price_growth,TMG_RPCH,4.675,Percent,Annual,FY2024/25,,IMF WEO,April 2026,fiscal_year_reference
2028,IND,India,import_price_growth,TMG_RPCH,5.0,Percent,Annual,FY2024/25,,IMF WEO,April 2026,fiscal_year_reference
2029,IND,India,import_price_growth,TMG_RPCH,5.5,Percent,Annual,FY2024/25,,IMF WEO,April 2026,fiscal_year_reference
2030,IND,India,import_price_growth,TMG_RPCH,6.0,Percent,Annual,FY2024/25,,IMF WEO,April 2026,fiscal_year_reference
2031,IND,India,import_price_growth,TMG_RPCH,5.5,Percent,Annual,FY2024/25,,IMF WEO,April 2026,fiscal_year_reference
1980,IND,India,import_volume_growth,TM_RPCH,13.355,Percent,Annual,FY2024/25,,IMF WEO,April 2026,fiscal_year_reference
1981,IND,India,import_volume_growth,TM_RPCH,10.338,Percent,Annual,FY2024/25,,IMF WEO,April 2026,fiscal_year_reference
1982,IND,India,import_volume_growth,TM_RPCH,7.437,Percent,Annual,FY2024/25,,IMF WEO,April 2026,fiscal_year_reference
1983,IND,India,import_volume_growth,TM_RPCH,4.566,Percent,Annual,FY2024/25,,IMF WEO,April 2026,fiscal_year_reference
1984,IND,India,import_volume_growth,TM_RPCH,0.094,Percent,Annual,FY2024/25,,IMF WEO,April 2026,fiscal_year_reference
1985,IND,India,import_volume_growth,TM_RPCH,7.484,Percent,Annual,FY2024/25,,IMF WEO,April 2026,fiscal_year_reference
1986,IND,India,import_volume_growth,TM_RPCH,3.415,Percent,Annual,FY2024/25,,IMF WEO,April 2026,fiscal_year_reference
1987,IND,India,import_volume_growth,TM_RPCH,2.058,Percent,Annual,FY2024/25,,IMF WEO,April 2026,fiscal_year_reference
1988,IND,India,import_volume_growth,TM_RPCH,10.737,Percent,Annual,FY2024/25,,IMF WEO,April 2026,fiscal_year_reference
1989,IND,India,import_volume_growth,TM_RPCH,1.901,Percent,Annual,FY2024/25,,IMF WEO,April 2026,fiscal_year_reference
1990,IND,India,import_volume_growth,TM_RPCH,5.637,Percent,Annual,FY2024/25,,IMF WEO,April 2026,fiscal_year_reference
1991,IND,India,import_volume_growth,TM_RPCH,-18.192,Percent,Annual,FY2024/25,,IMF WEO,April 2026,fiscal_year_reference
1992,IND,India,import_volume_growth,TM_RPCH,26.22,Percent,Annual,FY2024/25,,IMF WEO,April 2026,fiscal_year_reference
1993,IND,India,import_volume_growth,TM_RPCH,0.819,Percent,Annual,FY2024/25,,IMF WEO,April 2026,fiscal_year_reference
1994,IND,India,import_volume_growth,TM_RPCH,27.351,Percent,Annual,FY2024/25,,IMF WEO,April 2026,fiscal_year_reference
1995,IND,India,import_volume_growth,TM_RPCH,17.507,Percent,Annual,FY2024/25,,IMF WEO,April 2026,fiscal_year_reference
1996,IND,India,import_volume_growth,TM_RPCH,6.857,Percent,Annual,FY2024/25,,IMF WEO,April 2026,fiscal_year_reference
1997,IND,India,import_volume_growth,TM_RPCH,13.876,Percent,Annual,FY2024/25,,IMF WEO,April 2026,fiscal_year_reference
1998,IND,India,import_volume_growth,TM_RPCH,4.603,Percent,Annual,FY2024/25,,IMF WEO,April 2026,fiscal_year_reference
1999,IND,India,import_volume_growth,TM_RPCH,6.551,Percent,Annual,FY2024/25,,IMF WEO,April 2026,fiscal_year_reference
2000,IND,India,import_volume_growth,TM_RPCH,2.189,Percent,Annual,FY2024/25,,IMF WEO,April 2026,fiscal_year_reference
2001,IND,India,import_volume_growth,TM_RPCH,-0.893,Percent,Annual,FY2024/25,,IMF WEO,April 2026,fiscal_year_reference
2002,IND,India,import_volume_growth,TM_RPCH,12.442,Percent,Annual,FY2024/25,,IMF WEO,April 2026,fiscal_year_reference
2003,IND,India,import_volume_growth,TM_RPCH,8.525,Percent,Annual,FY2024/25,,IMF WEO,April 2026,fiscal_year_reference
2004,IND,India,import_volume_growth,TM_RPCH,35.837,Percent,Annual,FY2024/25,,IMF WEO,April 2026,fiscal_year_reference
2005,IND,India,import_volume_growth,TM_RPCH,16.645,Percent,Annual,FY2024/25,,IMF WEO,April 2026,fiscal_year_reference
2006,IND,India,import_volume_growth,TM_RPCH,11.499,Percent,Annual,FY2024/25,,IMF WEO,April 2026,fiscal_year_reference
2007,IND,India,import_volume_growth,TM_RPCH,18.801,Percent,Annual,FY2024/25,,IMF WEO,April 2026,fiscal_year_reference
2008,IND,India,import_volume_growth,TM_RPCH,3.694,Percent,Annual,FY2024/25,,IMF WEO,April 2026,fiscal_year_reference
2009,IND,India,import_volume_growth,TM_RPCH,7.154,Percent,Annual,FY2024/25,,IMF WEO,April 2026,fiscal_year_reference
2010,IND,India,import_volume_growth,TM_RPCH,15.542,Percent,Annual,FY2024/25,,IMF WEO,April 2026,fiscal_year_reference
2011,IND,India,import_volume_growth,TM_RPCH,10.311,Percent,Annual,FY2024/25,,IMF WEO,April 2026,fiscal_year_reference
2012,IND,India,import_volume_growth,TM_RPCH,1.639,Percent,Annual,FY2024/25,,IMF WEO,April 2026,fiscal_year_reference
2013,IND,India,import_volume_growth,TM_RPCH,-3.432,Percent,Annual,FY2024/25,,IMF WEO,April 2026,fiscal_year_reference
2014,IND,India,import_volume_growth,TM_RPCH,6.361,Percent,Annual,FY2024/25,,IMF WEO,April 2026,fiscal_year_reference
2015,IND,India,import_volume_growth,TM_RPCH,1.524,Percent,Annual,FY2024/25,,IMF WEO,April 2026,fiscal_year_reference
2016,IND,India,import_volume_growth,TM_RPCH,4.385,Percent,Annual,FY2024/25,,IMF WEO,April 2026,fiscal_year_reference
2017,IND,India,import_volume_growth,TM_RPCH,13.165,Percent,Annual,FY2024/25,,IMF WEO,April 2026,fiscal_year_reference
2018,IND,India,import_volume_growth,TM_RPCH,3.879,Percent,Annual,FY2024/25,,IMF WEO,April 2026,fiscal_year_reference
2019,IND,India,import_volume_growth,TM_RPCH,-3.723,Percent,Annual,FY2024/25,,IMF WEO,April 2026,fiscal_year_reference
2020,IND,India,import_volume_growth,TM_RPCH,-13.762,Percent,Annual,FY2024/25,,IMF WEO,April 2026,fiscal_year_reference
2021,IND,India,import_volume_growth,TM_RPCH,19.148,Percent,Annual,FY2024/25,,IMF WEO,April 2026,fiscal_year_reference
2022,IND,India,import_volume_growth,TM_RPCH,10.096,Percent,Annual,FY2024/25,,IMF WEO,April 2026,fiscal_year_reference
2023,IND,India,import_volume_growth,TM_RPCH,-1.032,Percent,Annual,FY2024/25,,IMF WEO,April 2026,fiscal_year_reference
2024,IND,India,import_volume_growth,TM_RPCH,5.323,Percent,Annual,FY2024/25,,IMF WEO,April 2026,fiscal_year_reference
2025,IND,India,import_volume_growth,TM_RPCH,4.582,Percent,Annual,FY2024/25,,IMF WEO,April 2026,fiscal_year_reference
2026,IND,India,import_volume_growth,TM_RPCH,2.318,Percent,Annual,FY2024/25,,IMF WEO,April 2026,fiscal_year_reference
2027,IND,India,import_volume_growth,TM_RPCH,4.56,Percent,Annual,FY2024/25,,IMF WEO,April 2026,fiscal_year_reference
2028,IND,India,import_volume_growth,TM_RPCH,4.785,Percent,Annual,FY2024/25,,IMF WEO,April 2026,fiscal_year_reference
2029,IND,India,import_volume_growth,TM_RPCH,5.164,Percent,Annual,FY2024/25,,IMF WEO,April 2026,fiscal_year_reference
2030,IND,India,import_volume_growth,TM_RPCH,5.696,Percent,Annual,FY2024/25,,IMF WEO,April 2026,fiscal_year_reference
2031,IND,India,import_volume_growth,TM_RPCH,5.349,Percent,Annual,FY2024/25,,IMF WEO,April 2026,fiscal_year_reference
1980,IND,India,real_gdp_growth,NGDP_RPCH,6.736,Percent,Annual,FY2024/25,,IMF WEO,April 2026,fiscal_year_reference
1981,IND,India,real_gdp_growth,NGDP_RPCH,6.007,Percent,Annual,FY2024/25,,IMF WEO,April 2026,fiscal_year_reference
1982,IND,India,real_gdp_growth,NGDP_RPCH,3.475,Percent,Annual,FY2024/25,,IMF WEO,April 2026,fiscal_year_reference
1983,IND,India,real_gdp_growth,NGDP_RPCH,7.289,Percent,Annual,FY2024/25,,IMF WEO,April 2026,fiscal_year_reference
1984,IND,India,real_gdp_growth,NGDP_RPCH,3.82,Percent,Annual,FY2024/25,,IMF WEO,April 2026,fiscal_year_reference
1985,IND,India,real_gdp_growth,NGDP_RPCH,5.254,Percent,Annual,FY2024/25,,IMF WEO,April 2026,fiscal_year_reference
1986,IND,India,real_gdp_growth,NGDP_RPCH,4.777,Percent,Annual,FY2024/25,,IMF WEO,April 2026,fiscal_year_reference
1987,IND,India,real_gdp_growth,NGDP_RPCH,3.965,Percent,Annual,FY2024/25,,IMF WEO,April 2026,fiscal_year_reference
1988,IND,India,real_gdp_growth,NGDP_RPCH,9.628,Percent,Annual,FY2024/25,,IMF WEO,April 2026,fiscal_year_reference
1989,IND,India,real_gdp_growth,NGDP_RPCH,5.947,Percent,Annual,FY2024/25,,IMF WEO,April 2026,fiscal_year_reference
1990,IND,India,real_gdp_growth,NGDP_RPCH,5.534,Percent,Annual,FY2024/25,,IMF WEO,April 2026,fiscal_year_reference
1991,IND,India,real_gdp_growth,NGDP_RPCH,1.057,Percent,Annual,FY2024/25,,IMF WEO,April 2026,fiscal_year_reference
1992,IND,India,real_gdp_growth,NGDP_RPCH,5.483,Percent,Annual,FY2024/25,,IMF WEO,April 2026,fiscal_year_reference
1993,IND,India,real_gdp_growth,NGDP_RPCH,4.751,Percent,Annual,FY2024/25,,IMF WEO,April 2026,fiscal_year_reference
1994,IND,India,real_gdp_growth,NGDP_RPCH,6.659,Percent,Annual,FY2024/25,,IMF WEO,April 2026,fiscal_year_reference
1995,IND,India,real_gdp_growth,NGDP_RPCH,7.574,Percent,Annual,FY2024/25,,IMF WEO,April 2026,fiscal_year_reference
1996,IND,India,real_gdp_growth,NGDP_RPCH,7.55,Percent,Annual,FY2024/25,,IMF WEO,April 2026,fiscal_year_reference
1997,IND,India,real_gdp_growth,NGDP_RPCH,4.05,Percent,Annual,FY2024/25,,IMF WEO,April 2026,fiscal_year_reference
1998,IND,India,real_gdp_growth,NGDP_RPCH,6.184,Percent,Annual,FY2024/25,,IMF WEO,April 2026,fiscal_year_reference
1999,IND,India,real_gdp_growth,NGDP_RPCH,8.846,Percent,Annual,FY2024/25,,IMF WEO,April 2026,fiscal_year_reference
2000,IND,India,real_gdp_growth,NGDP_RPCH,3.841,Percent,Annual,FY2024/25,,IMF WEO,April 2026,fiscal_year_reference
2001,IND,India,real_gdp_growth,NGDP_RPCH,4.824,Percent,Annual,FY2024/25,,IMF WEO,April 2026,fiscal_year_reference
2002,IND,India,real_gdp_growth,NGDP_RPCH,3.804,Percent,Annual,FY2024/25,,IMF WEO,April 2026,fiscal_year_reference
2003,IND,India,real_gdp_growth,NGDP_RPCH,7.86,Percent,Annual,FY2024/25,,IMF WEO,April 2026,fiscal_year_reference
2004,IND,India,real_gdp_growth,NGDP_RPCH,7.923,Percent,Annual,FY2024/25,,IMF WEO,April 2026,fiscal_year_reference
2005,IND,India,real_gdp_growth,NGDP_RPCH,7.923,Percent,Annual,FY2024/25,,IMF WEO,April 2026,fiscal_year_reference
2006,IND,India,real_gdp_growth,NGDP_RPCH,8.061,Percent,Annual,FY2024/25,,IMF WEO,April 2026,fiscal_year_reference
2007,IND,India,real_gdp_growth,NGDP_RPCH,7.661,Percent,Annual,FY2024/25,,IMF WEO,April 2026,fiscal_year_reference
2008,IND,India,real_gdp_growth,NGDP_RPCH,3.087,Percent,Annual,FY2024/25,,IMF WEO,April 2026,fiscal_year_reference
2009,IND,India,real_gdp_growth,NGDP_RPCH,7.862,Percent,Annual,FY2024/25,,IMF WEO,April 2026,fiscal_year_reference
2010,IND,India,real_gdp_growth,NGDP_RPCH,8.498,Percent,Annual,FY2024/25,,IMF WEO,April 2026,fiscal_year_reference
2011,IND,India,real_gdp_growth,NGDP_RPCH,5.241,Percent,Annual,FY2024/25,,IMF WEO,April 2026,fiscal_year_reference
2012,IND,India,real_gdp_growth,NGDP_RPCH,5.456,Percent,Annual,FY2024/25,,IMF WEO,April 2026,fiscal_year_reference
2013,IND,India,real_gdp_growth,NGDP_RPCH,6.386,Percent,Annual,FY2024/25,,IMF WEO,April 2026,fiscal_year_reference
2014,IND,India,real_gdp_growth,NGDP_RPCH,7.41,Percent,Annual,FY2024/25,,IMF WEO,April 2026,fiscal_year_reference
2015,IND,India,real_gdp_growth,NGDP_RPCH,7.996,Percent,Annual,FY2024/25,,IMF WEO,April 2026,fiscal_year_reference
2016,IND,India,real_gdp_growth,NGDP_RPCH,8.256,Percent,Annual,FY2024/25,,IMF WEO,April 2026,fiscal_year_reference
2017,IND,India,real_gdp_growth,NGDP_RPCH,6.795,Percent,Annual,FY2024/25,,IMF WEO,April 2026,fiscal_year_reference
2018,IND,India,real_gdp_growth,NGDP_RPCH,6.454,Percent,Annual,FY2024/25,,IMF WEO,April 2026,fiscal_year_reference
2019,IND,India,real_gdp_growth,NGDP_RPCH,3.871,Percent,Annual,FY2024/25,,IMF WEO,April 2026,fiscal_year_reference
2020,IND,India,real_gdp_growth,NGDP_RPCH,-5.778,Percent,Annual,FY2024/25,,IMF WEO,April 2026,fiscal_year_reference
2021,IND,India,real_gdp_growth,NGDP_RPCH,9.69,Percent,Annual,FY2024/25,,IMF WEO,April 2026,fiscal_year_reference
2022,IND,India,real_gdp_growth,NGDP_RPCH,7.609,Percent,Annual,FY2024/25,,IMF WEO,April 2026,fiscal_year_reference
2023,IND,India,real_gdp_growth,NGDP_RPCH,7.21,Percent,Annual,FY2024/25,,IMF WEO,April 2026,fiscal_year_reference
2024,IND,India,real_gdp_growth,NGDP_RPCH,7.099,Percent,Annual,FY2024/25,,IMF WEO,April 2026,fiscal_year_reference
2025,IND,India,real_gdp_growth,NGDP_RPCH,7.618,Percent,Annual,FY2024/25,,IMF WEO,April 2026,fiscal_year_reference
2026,IND,India,real_gdp_growth,NGDP_RPCH,6.478,Percent,Annual,FY2024/25,,IMF WEO,April 2026,fiscal_year_reference
2027,IND,India,real_gdp_growth,NGDP_RPCH,6.529,Percent,Annual,FY2024/25,,IMF WEO,April 2026,fiscal_year_reference
2028,IND,India,real_gdp_growth,NGDP_RPCH,6.5,Percent,Annual,FY2024/25,,IMF WEO,April 2026,fiscal_year_reference
2029,IND,India,real_gdp_growth,NGDP_RPCH,6.52,Percent,Annual,FY2024/25,,IMF WEO,April 2026,fiscal_year_reference
2030,IND,India,real_gdp_growth,NGDP_RPCH,6.503,Percent,Annual,FY2024/25,,IMF WEO,April 2026,fiscal_year_reference
2031,IND,India,real_gdp_growth,NGDP_RPCH,6.514,Percent,Annual,FY2024/25,,IMF WEO,April 2026,fiscal_year_reference
2018,IND,India,unemployment_rate,LUR,8.901,,Annual,FY2023/24,,IMF WEO,April 2026,fiscal_year_reference
2019,IND,India,unemployment_rate,LUR,7.484,,Annual,FY2023/24,,IMF WEO,April 2026,fiscal_year_reference
2020,IND,India,unemployment_rate,LUR,8.662,,Annual,FY2023/24,,IMF WEO,April 2026,fiscal_year_reference
2021,IND,India,unemployment_rate,LUR,7.365,,Annual,FY2023/24,,IMF WEO,April 2026,fiscal_year_reference
2022,IND,India,unemployment_rate,LUR,5.3,,Annual,FY2023/24,,IMF WEO,April 2026,fiscal_year_reference
2023,IND,India,unemployment_rate,LUR,4.939,,Annual,FY2023/24,,IMF WEO,April 2026,fiscal_year_reference
2024,IND,India,unemployment_rate,LUR,4.939,,Annual,FY2023/24,,IMF WEO,April 2026,fiscal_year_reference
2025,IND,India,unemployment_rate,LUR,4.939,,Annual,FY2023/24,,IMF WEO,April 2026,fiscal_year_reference
2026,IND,India,unemployment_rate,LUR,4.939,,Annual,FY2023/24,,IMF WEO,April 2026,fiscal_year_reference
2027,IND,India,unemployment_rate,LUR,4.939,,Annual,FY2023/24,,IMF WEO,April 2026,fiscal_year_reference
2028,IND,India,unemployment_rate,LUR,4.939,,Annual,FY2023/24,,IMF WEO,April 2026,fiscal_year_reference
2029,IND,India,unemployment_rate,LUR,4.939,,Annual,FY2023/24,,IMF WEO,April 2026,fiscal_year_reference
2030,IND,India,unemployment_rate,LUR,4.939,,Annual,FY2023/24,,IMF WEO,April 2026,fiscal_year_reference
2031,IND,India,unemployment_rate,LUR,4.939,,Annual,FY2023/24,,IMF WEO,April 2026,fiscal_year_reference
1980,MOZ,Mozambique,cpi_inflation,PCPIPCH,2.0,Percent,Annual,2024,,IMF WEO,April 2026,historical
1981,MOZ,Mozambique,cpi_inflation,PCPIPCH,4.2,Percent,Annual,2024,,IMF WEO,April 2026,historical
1982,MOZ,Mozambique,cpi_inflation,PCPIPCH,17.695,Percent,Annual,2024,,IMF WEO,April 2026,historical
1983,MOZ,Mozambique,cpi_inflation,PCPIPCH,28.198,Percent,Annual,2024,,IMF WEO,April 2026,historical
1984,MOZ,Mozambique,cpi_inflation,PCPIPCH,30.044,Percent,Annual,2024,,IMF WEO,April 2026,historical
1985,MOZ,Mozambique,cpi_inflation,PCPIPCH,30.785,Percent,Annual,2024,,IMF WEO,April 2026,historical
1986,MOZ,Mozambique,cpi_inflation,PCPIPCH,40.491,Percent,Annual,2024,,IMF WEO,April 2026,historical
1987,MOZ,Mozambique,cpi_inflation,PCPIPCH,164.115,Percent,Annual,2024,,IMF WEO,April 2026,historical
1988,MOZ,Mozambique,cpi_inflation,PCPIPCH,58.507,Percent,Annual,2024,,IMF WEO,April 2026,historical
1989,MOZ,Mozambique,cpi_inflation,PCPIPCH,42.076,Percent,Annual,2024,,IMF WEO,April 2026,historical
1990,MOZ,Mozambique,cpi_inflation,PCPIPCH,43.723,Percent,Annual,2024,,IMF WEO,April 2026,historical
1991,MOZ,Mozambique,cpi_inflation,PCPIPCH,33.258,Percent,Annual,2024,,IMF WEO,April 2026,historical
1992,MOZ,Mozambique,cpi_inflation,PCPIPCH,45.076,Percent,Annual,2024,,IMF WEO,April 2026,historical
1993,MOZ,Mozambique,cpi_inflation,PCPIPCH,42.255,Percent,Annual,2024,,IMF WEO,April 2026,historical
1994,MOZ,Mozambique,cpi_inflation,PCPIPCH,63.123,Percent,Annual,2024,,IMF WEO,April 2026,historical
1995,MOZ,Mozambique,cpi_inflation,PCPIPCH,47.668,Percent,Annual,2024,,IMF WEO,April 2026,historical
1996,MOZ,Mozambique,cpi_inflation,PCPIPCH,48.491,Percent,Annual,2024,,IMF WEO,April 2026,historical
1997,MOZ,Mozambique,cpi_inflation,PCPIPCH,7.36,Percent,Annual,2024,,IMF WEO,April 2026,historical
1998,MOZ,Mozambique,cpi_inflation,PCPIPCH,1.487,Percent,Annual,2024,,IMF WEO,April 2026,historical
1999,MOZ,Mozambique,cpi_inflation,PCPIPCH,2.874,Percent,Annual,2024,,IMF WEO,April 2026,historical
2000,MOZ,Mozambique,cpi_inflation,PCPIPCH,12.713,Percent,Annual,2024,,IMF WEO,April 2026,historical
2001,MOZ,Mozambique,cpi_inflation,PCPIPCH,9.061,Percent,Annual,2024,,IMF WEO,April 2026,historical
2002,MOZ,Mozambique,cpi_inflation,PCPIPCH,16.769,Percent,Annual,2024,,IMF WEO,April 2026,historical
2003,MOZ,Mozambique,cpi_inflation,PCPIPCH,13.455,Percent,Annual,2024,,IMF WEO,April 2026,historical
2004,MOZ,Mozambique,cpi_inflation,PCPIPCH,12.634,Percent,Annual,2024,,IMF WEO,April 2026,historical
2005,MOZ,Mozambique,cpi_inflation,PCPIPCH,6.428,Percent,Annual,2024,,IMF WEO,April 2026,historical
2006,MOZ,Mozambique,cpi_inflation,PCPIPCH,13.245,Percent,Annual,2024,,IMF WEO,April 2026,historical
2007,MOZ,Mozambique,cpi_inflation,PCPIPCH,10.404,Percent,Annual,2024,,IMF WEO,April 2026,historical
2008,MOZ,Mozambique,cpi_inflation,PCPIPCH,14.511,Percent,Annual,2024,,IMF WEO,April 2026,historical
2009,MOZ,Mozambique,cpi_inflation,PCPIPCH,3.781,Percent,Annual,2024,,IMF WEO,April 2026,historical
2010,MOZ,Mozambique,cpi_inflation,PCPIPCH,12.426,Percent,Annual,2024,,IMF WEO,April 2026,historical
2011,MOZ,Mozambique,cpi_inflation,PCPIPCH,11.171,Percent,Annual,2024,,IMF WEO,April 2026,historical
2012,MOZ,Mozambique,cpi_inflation,PCPIPCH,2.598,Percent,Annual,2024,,IMF WEO,April 2026,historical
2013,MOZ,Mozambique,cpi_inflation,PCPIPCH,4.266,Percent,Annual,2024,,IMF WEO,April 2026,historical
2014,MOZ,Mozambique,cpi_inflation,PCPIPCH,2.555,Percent,Annual,2024,,IMF WEO,April 2026,historical
2015,MOZ,Mozambique,cpi_inflation,PCPIPCH,3.56,Percent,Annual,2024,,IMF WEO,April 2026,historical
2016,MOZ,Mozambique,cpi_inflation,PCPIPCH,18.387,Percent,Annual,2024,,IMF WEO,April 2026,historical
2017,MOZ,Mozambique,cpi_inflation,PCPIPCH,15.785,Percent,Annual,2024,,IMF WEO,April 2026,historical
2018,MOZ,Mozambique,cpi_inflation,PCPIPCH,3.167,Percent,Annual,2024,,IMF WEO,April 2026,historical
2019,MOZ,Mozambique,cpi_inflation,PCPIPCH,5.687,Percent,Annual,2024,,IMF WEO,April 2026,historical
2020,MOZ,Mozambique,cpi_inflation,PCPIPCH,0.93,Percent,Annual,2024,,IMF WEO,April 2026,historical
2021,MOZ,Mozambique,cpi_inflation,PCPIPCH,6.62,Percent,Annual,2024,,IMF WEO,April 2026,historical
2022,MOZ,Mozambique,cpi_inflation,PCPIPCH,10.369,Percent,Annual,2024,,IMF WEO,April 2026,historical
2023,MOZ,Mozambique,cpi_inflation,PCPIPCH,6.996,Percent,Annual,2024,,IMF WEO,April 2026,historical
2024,MOZ,Mozambique,cpi_inflation,PCPIPCH,3.202,Percent,Annual,2024,,IMF WEO,April 2026,historical
2025,MOZ,Mozambique,cpi_inflation,PCPIPCH,4.368,Percent,Annual,2024,,IMF WEO,April 2026,projection
2026,MOZ,Mozambique,cpi_inflation,PCPIPCH,4.367,Percent,Annual,2024,,IMF WEO,April 2026,projection
2027,MOZ,Mozambique,cpi_inflation,PCPIPCH,5.25,Percent,Annual,2024,,IMF WEO,April 2026,projection
2028,MOZ,Mozambique,cpi_inflation,PCPIPCH,5.0,Percent,Annual,2024,,IMF WEO,April 2026,projection
2029,MOZ,Mozambique,cpi_inflation,PCPIPCH,5.0,Percent,Annual,2024,,IMF WEO,April 2026,projection
2030,MOZ,Mozambique,cpi_inflation,PCPIPCH,5.0,Percent,Annual,2024,,IMF WEO,April 2026,projection
2031,MOZ,Mozambique,cpi_inflation,PCPIPCH,5.0,Percent,Annual,2024,,IMF WEO,April 2026,projection
1980,MOZ,Mozambique,current_account_pct_gdp,BCA_NGDPD,-7.952,Percent,Annual,2022,,IMF WEO,April 2026,historical
1981,MOZ,Mozambique,current_account_pct_gdp,BCA_NGDPD,-11.356,Percent,Annual,2022,,IMF WEO,April 2026,historical
1982,MOZ,Mozambique,current_account_pct_gdp,BCA_NGDPD,-13.559,Percent,Annual,2022,,IMF WEO,April 2026,historical
1983,MOZ,Mozambique,current_account_pct_gdp,BCA_NGDPD,-12.662,Percent,Annual,2022,,IMF WEO,April 2026,historical
1984,MOZ,Mozambique,current_account_pct_gdp,BCA_NGDPD,-9.027,Percent,Annual,2022,,IMF WEO,April 2026,historical
1985,MOZ,Mozambique,current_account_pct_gdp,BCA_NGDPD,-6.668,Percent,Annual,2022,,IMF WEO,April 2026,historical
1986,MOZ,Mozambique,current_account_pct_gdp,BCA_NGDPD,-7.722,Percent,Annual,2022,,IMF WEO,April 2026,historical
1987,MOZ,Mozambique,current_account_pct_gdp,BCA_NGDPD,-16.235,Percent,Annual,2022,,IMF WEO,April 2026,historical
1988,MOZ,Mozambique,current_account_pct_gdp,BCA_NGDPD,-17.034,Percent,Annual,2022,,IMF WEO,April 2026,historical
1989,MOZ,Mozambique,current_account_pct_gdp,BCA_NGDPD,-20.927,Percent,Annual,2022,,IMF WEO,April 2026,historical
1990,MOZ,Mozambique,current_account_pct_gdp,BCA_NGDPD,-14.663,Percent,Annual,2022,,IMF WEO,April 2026,historical
1991,MOZ,Mozambique,current_account_pct_gdp,BCA_NGDPD,-14.363,Percent,Annual,2022,,IMF WEO,April 2026,historical
1992,MOZ,Mozambique,current_account_pct_gdp,BCA_NGDPD,-17.916,Percent,Annual,2022,,IMF WEO,April 2026,historical
1993,MOZ,Mozambique,current_account_pct_gdp,BCA_NGDPD,-21.137,Percent,Annual,2022,,IMF WEO,April 2026,historical
1994,MOZ,Mozambique,current_account_pct_gdp,BCA_NGDPD,-21.892,Percent,Annual,2022,,IMF WEO,April 2026,historical
1995,MOZ,Mozambique,current_account_pct_gdp,BCA_NGDPD,-15.162,Percent,Annual,2022,,IMF WEO,April 2026,historical
1996,MOZ,Mozambique,current_account_pct_gdp,BCA_NGDPD,-13.923,Percent,Annual,2022,,IMF WEO,April 2026,historical
1997,MOZ,Mozambique,current_account_pct_gdp,BCA_NGDPD,-8.977,Percent,Annual,2022,,IMF WEO,April 2026,historical
1998,MOZ,Mozambique,current_account_pct_gdp,BCA_NGDPD,-13.937,Percent,Annual,2022,,IMF WEO,April 2026,historical
1999,MOZ,Mozambique,current_account_pct_gdp,BCA_NGDPD,-13.596,Percent,Annual,2022,,IMF WEO,April 2026,historical
2000,MOZ,Mozambique,current_account_pct_gdp,BCA_NGDPD,-11.75,Percent,Annual,2022,,IMF WEO,April 2026,historical
2001,MOZ,Mozambique,current_account_pct_gdp,BCA_NGDPD,-11.493,Percent,Annual,2022,,IMF WEO,April 2026,historical
2002,MOZ,Mozambique,current_account_pct_gdp,BCA_NGDPD,-14.606,Percent,Annual,2022,,IMF WEO,April 2026,historical
2003,MOZ,Mozambique,current_account_pct_gdp,BCA_NGDPD,-12.403,Percent,Annual,2022,,IMF WEO,April 2026,historical
2004,MOZ,Mozambique,current_account_pct_gdp,BCA_NGDPD,-6.038,Percent,Annual,2022,,IMF WEO,April 2026,historical
2005,MOZ,Mozambique,current_account_pct_gdp,BCA_NGDPD,-8.576,Percent,Annual,2022,,IMF WEO,April 2026,historical
2006,MOZ,Mozambique,current_account_pct_gdp,BCA_NGDPD,-7.944,Percent,Annual,2022,,IMF WEO,April 2026,historical
2007,MOZ,Mozambique,current_account_pct_gdp,BCA_NGDPD,-7.272,Percent,Annual,2022,,IMF WEO,April 2026,historical
2008,MOZ,Mozambique,current_account_pct_gdp,BCA_NGDPD,-8.879,Percent,Annual,2022,,IMF WEO,April 2026,historical
2009,MOZ,Mozambique,current_account_pct_gdp,BCA_NGDPD,-9.998,Percent,Annual,2022,,IMF WEO,April 2026,historical
2010,MOZ,Mozambique,current_account_pct_gdp,BCA_NGDPD,-14.717,Percent,Annual,2022,,IMF WEO,April 2026,historical
2011,MOZ,Mozambique,current_account_pct_gdp,BCA_NGDPD,-22.769,Percent,Annual,2022,,IMF WEO,April 2026,historical
2012,MOZ,Mozambique,current_account_pct_gdp,BCA_NGDPD,-40.687,Percent,Annual,2022,,IMF WEO,April 2026,historical
2013,MOZ,Mozambique,current_account_pct_gdp,BCA_NGDPD,-39.978,Percent,Annual,2022,,IMF WEO,April 2026,historical
2014,MOZ,Mozambique,current_account_pct_gdp,BCA_NGDPD,-35.806,Percent,Annual,2022,,IMF WEO,April 2026,historical
2015,MOZ,Mozambique,current_account_pct_gdp,BCA_NGDPD,-36.818,Percent,Annual,2022,,IMF WEO,April 2026,historical
2016,MOZ,Mozambique,current_account_pct_gdp,BCA_NGDPD,-31.866,Percent,Annual,2022,,IMF WEO,April 2026,historical
2017,MOZ,Mozambique,current_account_pct_gdp,BCA_NGDPD,-19.492,Percent,Annual,2022,,IMF WEO,April 2026,historical
2018,MOZ,Mozambique,current_account_pct_gdp,BCA_NGDPD,-29.467,Percent,Annual,2022,,IMF WEO,April 2026,historical
2019,MOZ,Mozambique,current_account_pct_gdp,BCA_NGDPD,-16.138,Percent,Annual,2022,,IMF WEO,April 2026,historical
2020,MOZ,Mozambique,current_account_pct_gdp,BCA_NGDPD,-26.521,Percent,Annual,2022,,IMF WEO,April 2026,historical
2021,MOZ,Mozambique,current_account_pct_gdp,BCA_NGDPD,-21.193,Percent,Annual,2022,,IMF WEO,April 2026,historical
2022,MOZ,Mozambique,current_account_pct_gdp,BCA_NGDPD,-33.716,Percent,Annual,2022,,IMF WEO,April 2026,historical
2023,MOZ,Mozambique,current_account_pct_gdp,BCA_NGDPD,-10.55,Percent,Annual,2022,,IMF WEO,April 2026,projection
2024,MOZ,Mozambique,current_account_pct_gdp,BCA_NGDPD,-10.961,Percent,Annual,2022,,IMF WEO,April 2026,projection
2025,MOZ,Mozambique,current_account_pct_gdp,BCA_NGDPD,-14.213,Percent,Annual,2022,,IMF WEO,April 2026,projection
2026,MOZ,Mozambique,current_account_pct_gdp,BCA_NGDPD,-43.044,Percent,Annual,2022,,IMF WEO,April 2026,projection
2027,MOZ,Mozambique,current_account_pct_gdp,BCA_NGDPD,-39.6,Percent,Annual,2022,,IMF WEO,April 2026,projection
2028,MOZ,Mozambique,current_account_pct_gdp,BCA_NGDPD,-36.426,Percent,Annual,2022,,IMF WEO,April 2026,projection
2029,MOZ,Mozambique,current_account_pct_gdp,BCA_NGDPD,-30.875,Percent,Annual,2022,,IMF WEO,April 2026,projection
2030,MOZ,Mozambique,current_account_pct_gdp,BCA_NGDPD,-16.267,Percent,Annual,2022,,IMF WEO,April 2026,projection
2031,MOZ,Mozambique,current_account_pct_gdp,BCA_NGDPD,-1.751,Percent,Annual,2022,,IMF WEO,April 2026,projection
1980,MOZ,Mozambique,export_price_growth,TXG_RPCH,-6.3,Percent,Annual,2023,,IMF WEO,April 2026,historical
1981,MOZ,Mozambique,export_price_growth,TXG_RPCH,9.132,Percent,Annual,2023,,IMF WEO,April 2026,historical
1982,MOZ,Mozambique,export_price_growth,TXG_RPCH,-11.31,Percent,Annual,2023,,IMF WEO,April 2026,historical
1983,MOZ,Mozambique,export_price_growth,TXG_RPCH,-45.625,Percent,Annual,2023,,IMF WEO,April 2026,historical
1984,MOZ,Mozambique,export_price_growth,TXG_RPCH,-25.588,Percent,Annual,2023,,IMF WEO,April 2026,historical
1985,MOZ,Mozambique,export_price_growth,TXG_RPCH,-13.939,Percent,Annual,2023,,IMF WEO,April 2026,historical
1986,MOZ,Mozambique,export_price_growth,TXG_RPCH,-0.781,Percent,Annual,2023,,IMF WEO,April 2026,historical
1987,MOZ,Mozambique,export_price_growth,TXG_RPCH,6.5,Percent,Annual,2023,,IMF WEO,April 2026,historical
1988,MOZ,Mozambique,export_price_growth,TXG_RPCH,-10.905,Percent,Annual,2023,,IMF WEO,April 2026,historical
1989,MOZ,Mozambique,export_price_growth,TXG_RPCH,6.365,Percent,Annual,2023,,IMF WEO,April 2026,historical
1990,MOZ,Mozambique,export_price_growth,TXG_RPCH,23.437,Percent,Annual,2023,,IMF WEO,April 2026,historical
1991,MOZ,Mozambique,export_price_growth,TXG_RPCH,30.966,Percent,Annual,2023,,IMF WEO,April 2026,historical
1992,MOZ,Mozambique,export_price_growth,TXG_RPCH,-12.203,Percent,Annual,2023,,IMF WEO,April 2026,historical
1993,MOZ,Mozambique,export_price_growth,TXG_RPCH,-1.78,Percent,Annual,2023,,IMF WEO,April 2026,historical
1994,MOZ,Mozambique,export_price_growth,TXG_RPCH,15.241,Percent,Annual,2023,,IMF WEO,April 2026,historical
1995,MOZ,Mozambique,export_price_growth,TXG_RPCH,-2.988,Percent,Annual,2023,,IMF WEO,April 2026,historical
1996,MOZ,Mozambique,export_price_growth,TXG_RPCH,33.863,Percent,Annual,2023,,IMF WEO,April 2026,historical
1997,MOZ,Mozambique,export_price_growth,TXG_RPCH,3.768,Percent,Annual,2023,,IMF WEO,April 2026,historical
1998,MOZ,Mozambique,export_price_growth,TXG_RPCH,16.333,Percent,Annual,2023,,IMF WEO,April 2026,historical
1999,MOZ,Mozambique,export_price_growth,TXG_RPCH,16.668,Percent,Annual,2023,,IMF WEO,April 2026,historical
2000,MOZ,Mozambique,export_price_growth,TXG_RPCH,20.079,Percent,Annual,2023,,IMF WEO,April 2026,historical
2001,MOZ,Mozambique,export_price_growth,TXG_RPCH,105.115,Percent,Annual,2023,,IMF WEO,April 2026,historical
2002,MOZ,Mozambique,export_price_growth,TXG_RPCH,17.581,Percent,Annual,2023,,IMF WEO,April 2026,historical
2003,MOZ,Mozambique,export_price_growth,TXG_RPCH,20.508,Percent,Annual,2023,,IMF WEO,April 2026,historical
2004,MOZ,Mozambique,export_price_growth,TXG_RPCH,28.136,Percent,Annual,2023,,IMF WEO,April 2026,historical
2005,MOZ,Mozambique,export_price_growth,TXG_RPCH,9.917,Percent,Annual,2023,,IMF WEO,April 2026,historical
2006,MOZ,Mozambique,export_price_growth,TXG_RPCH,18.027,Percent,Annual,2023,,IMF WEO,April 2026,historical
2007,MOZ,Mozambique,export_price_growth,TXG_RPCH,-8.053,Percent,Annual,2023,,IMF WEO,April 2026,historical
2008,MOZ,Mozambique,export_price_growth,TXG_RPCH,11.828,Percent,Annual,2023,,IMF WEO,April 2026,historical
2009,MOZ,Mozambique,export_price_growth,TXG_RPCH,-7.532,Percent,Annual,2023,,IMF WEO,April 2026,historical
2010,MOZ,Mozambique,export_price_growth,TXG_RPCH,-3.531,Percent,Annual,2023,,IMF WEO,April 2026,historical
2011,MOZ,Mozambique,export_price_growth,TXG_RPCH,25.121,Percent,Annual,2023,,IMF WEO,April 2026,historical
2012,MOZ,Mozambique,export_price_growth,TXG_RPCH,28.147,Percent,Annual,2023,,IMF WEO,April 2026,historical
2013,MOZ,Mozambique,export_price_growth,TXG_RPCH,12.963,Percent,Annual,2023,,IMF WEO,April 2026,historical
2014,MOZ,Mozambique,export_price_growth,TXG_RPCH,-4.913,Percent,Annual,2023,,IMF WEO,April 2026,historical
2015,MOZ,Mozambique,export_price_growth,TXG_RPCH,-4.137,Percent,Annual,2023,,IMF WEO,April 2026,historical
2016,MOZ,Mozambique,export_price_growth,TXG_RPCH,0.842,Percent,Annual,2023,,IMF WEO,April 2026,historical
2017,MOZ,Mozambique,export_price_growth,TXG_RPCH,35.477,Percent,Annual,2023,,IMF WEO,April 2026,historical
2018,MOZ,Mozambique,export_price_growth,TXG_RPCH,21.501,Percent,Annual,2023,,IMF WEO,April 2026,historical
2019,MOZ,Mozambique,export_price_growth,TXG_RPCH,-19.339,Percent,Annual,2023,,IMF WEO,April 2026,historical
2020,MOZ,Mozambique,export_price_growth,TXG_RPCH,-18.455,Percent,Annual,2023,,IMF WEO,April 2026,historical
2021,MOZ,Mozambique,export_price_growth,TXG_RPCH,25.829,Percent,Annual,2023,,IMF WEO,April 2026,historical
2022,MOZ,Mozambique,export_price_growth,TXG_RPCH,31.199,Percent,Annual,2023,,IMF WEO,April 2026,historical
2023,MOZ,Mozambique,export_price_growth,TXG_RPCH,0.45,Percent,Annual,2023,,IMF WEO,April 2026,historical
2024,MOZ,Mozambique,export_price_growth,TXG_RPCH,0.621,Percent,Annual,2023,,IMF WEO,April 2026,projection
2025,MOZ,Mozambique,export_price_growth,TXG_RPCH,-9.76,Percent,Annual,2023,,IMF WEO,April 2026,projection
2026,MOZ,Mozambique,export_price_growth,TXG_RPCH,5.264,Percent,Annual,2023,,IMF WEO,April 2026,projection
2027,MOZ,Mozambique,export_price_growth,TXG_RPCH,5.671,Percent,Annual,2023,,IMF WEO,April 2026,projection
2028,MOZ,Mozambique,export_price_growth,TXG_RPCH,6.35,Percent,Annual,2023,,IMF WEO,April 2026,projection
2029,MOZ,Mozambique,export_price_growth,TXG_RPCH,1.943,Percent,Annual,2023,,IMF WEO,April 2026,projection
2030,MOZ,Mozambique,export_price_growth,TXG_RPCH,43.779,Percent,Annual,2023,,IMF WEO,April 2026,projection
2031,MOZ,Mozambique,export_price_growth,TXG_RPCH,31.203,Percent,Annual,2023,,IMF WEO,April 2026,projection
1980,MOZ,Mozambique,export_volume_growth,TX_RPCH,-11.3,Percent,Annual,2023,,IMF WEO,April 2026,historical
1981,MOZ,Mozambique,export_volume_growth,TX_RPCH,8.064,Percent,Annual,2023,,IMF WEO,April 2026,historical
1982,MOZ,Mozambique,export_volume_growth,TX_RPCH,-7.251,Percent,Annual,2023,,IMF WEO,April 2026,historical
1983,MOZ,Mozambique,export_volume_growth,TX_RPCH,-37.559,Percent,Annual,2023,,IMF WEO,April 2026,historical
1984,MOZ,Mozambique,export_volume_growth,TX_RPCH,-27.838,Percent,Annual,2023,,IMF WEO,April 2026,historical
1985,MOZ,Mozambique,export_volume_growth,TX_RPCH,-1.949,Percent,Annual,2023,,IMF WEO,April 2026,historical
1986,MOZ,Mozambique,export_volume_growth,TX_RPCH,-4.522,Percent,Annual,2023,,IMF WEO,April 2026,historical
1987,MOZ,Mozambique,export_volume_growth,TX_RPCH,7.641,Percent,Annual,2023,,IMF WEO,April 2026,historical
1988,MOZ,Mozambique,export_volume_growth,TX_RPCH,-10.374,Percent,Annual,2023,,IMF WEO,April 2026,historical
1989,MOZ,Mozambique,export_volume_growth,TX_RPCH,11.322,Percent,Annual,2023,,IMF WEO,April 2026,historical
1990,MOZ,Mozambique,export_volume_growth,TX_RPCH,23.916,Percent,Annual,2023,,IMF WEO,April 2026,historical
1991,MOZ,Mozambique,export_volume_growth,TX_RPCH,36.585,Percent,Annual,2023,,IMF WEO,April 2026,historical
1992,MOZ,Mozambique,export_volume_growth,TX_RPCH,0.245,Percent,Annual,2023,,IMF WEO,April 2026,historical
1993,MOZ,Mozambique,export_volume_growth,TX_RPCH,3.763,Percent,Annual,2023,,IMF WEO,April 2026,historical
1994,MOZ,Mozambique,export_volume_growth,TX_RPCH,5.448,Percent,Annual,2023,,IMF WEO,April 2026,historical
1995,MOZ,Mozambique,export_volume_growth,TX_RPCH,4.386,Percent,Annual,2023,,IMF WEO,April 2026,historical
1996,MOZ,Mozambique,export_volume_growth,TX_RPCH,21.117,Percent,Annual,2023,,IMF WEO,April 2026,historical
1997,MOZ,Mozambique,export_volume_growth,TX_RPCH,2.09,Percent,Annual,2023,,IMF WEO,April 2026,historical
1998,MOZ,Mozambique,export_volume_growth,TX_RPCH,11.102,Percent,Annual,2023,,IMF WEO,April 2026,historical
1999,MOZ,Mozambique,export_volume_growth,TX_RPCH,17.888,Percent,Annual,2023,,IMF WEO,April 2026,historical
2000,MOZ,Mozambique,export_volume_growth,TX_RPCH,11.473,Percent,Annual,2023,,IMF WEO,April 2026,historical
2001,MOZ,Mozambique,export_volume_growth,TX_RPCH,46.743,Percent,Annual,2023,,IMF WEO,April 2026,historical
2002,MOZ,Mozambique,export_volume_growth,TX_RPCH,23.134,Percent,Annual,2023,,IMF WEO,April 2026,historical
2003,MOZ,Mozambique,export_volume_growth,TX_RPCH,9.644,Percent,Annual,2023,,IMF WEO,April 2026,historical
2004,MOZ,Mozambique,export_volume_growth,TX_RPCH,16.105,Percent,Annual,2023,,IMF WEO,April 2026,historical
2005,MOZ,Mozambique,export_volume_growth,TX_RPCH,12.361,Percent,Annual,2023,,IMF WEO,April 2026,historical
2006,MOZ,Mozambique,export_volume_growth,TX_RPCH,15.087,Percent,Annual,2023,,IMF WEO,April 2026,historical
2007,MOZ,Mozambique,export_volume_growth,TX_RPCH,-6.159,Percent,Annual,2023,,IMF WEO,April 2026,historical
2008,MOZ,Mozambique,export_volume_growth,TX_RPCH,13.624,Percent,Annual,2023,,IMF WEO,April 2026,historical
2009,MOZ,Mozambique,export_volume_growth,TX_RPCH,-1.753,Percent,Annual,2023,,IMF WEO,April 2026,historical
2010,MOZ,Mozambique,export_volume_growth,TX_RPCH,-17.039,Percent,Annual,2023,,IMF WEO,April 2026,historical
2011,MOZ,Mozambique,export_volume_growth,TX_RPCH,26.526,Percent,Annual,2023,,IMF WEO,April 2026,historical
2012,MOZ,Mozambique,export_volume_growth,TX_RPCH,38.248,Percent,Annual,2023,,IMF WEO,April 2026,historical
2013,MOZ,Mozambique,export_volume_growth,TX_RPCH,8.383,Percent,Annual,2023,,IMF WEO,April 2026,historical
2014,MOZ,Mozambique,export_volume_growth,TX_RPCH,-2.569,Percent,Annual,2023,,IMF WEO,April 2026,historical
2015,MOZ,Mozambique,export_volume_growth,TX_RPCH,-1.983,Percent,Annual,2023,,IMF WEO,April 2026,historical
2016,MOZ,Mozambique,export_volume_growth,TX_RPCH,-5.763,Percent,Annual,2023,,IMF WEO,April 2026,historical
2017,MOZ,Mozambique,export_volume_growth,TX_RPCH,36.291,Percent,Annual,2023,,IMF WEO,April 2026,historical
2018,MOZ,Mozambique,export_volume_growth,TX_RPCH,20.427,Percent,Annual,2023,,IMF WEO,April 2026,historical
2019,MOZ,Mozambique,export_volume_growth,TX_RPCH,-14.665,Percent,Annual,2023,,IMF WEO,April 2026,historical
2020,MOZ,Mozambique,export_volume_growth,TX_RPCH,-17.393,Percent,Annual,2023,,IMF WEO,April 2026,historical
2021,MOZ,Mozambique,export_volume_growth,TX_RPCH,18.968,Percent,Annual,2023,,IMF WEO,April 2026,historical
2022,MOZ,Mozambique,export_volume_growth,TX_RPCH,30.303,Percent,Annual,2023,,IMF WEO,April 2026,historical
2023,MOZ,Mozambique,export_volume_growth,TX_RPCH,0.456,Percent,Annual,2023,,IMF WEO,April 2026,historical
2024,MOZ,Mozambique,export_volume_growth,TX_RPCH,0.919,Percent,Annual,2023,,IMF WEO,April 2026,projection
2025,MOZ,Mozambique,export_volume_growth,TX_RPCH,-8.081,Percent,Annual,2023,,IMF WEO,April 2026,projection
2026,MOZ,Mozambique,export_volume_growth,TX_RPCH,2.749,Percent,Annual,2023,,IMF WEO,April 2026,projection
2027,MOZ,Mozambique,export_volume_growth,TX_RPCH,5.959,Percent,Annual,2023,,IMF WEO,April 2026,projection
2028,MOZ,Mozambique,export_volume_growth,TX_RPCH,5.796,Percent,Annual,2023,,IMF WEO,April 2026,projection
2029,MOZ,Mozambique,export_volume_growth,TX_RPCH,2.066,Percent,Annual,2023,,IMF WEO,April 2026,projection
2030,MOZ,Mozambique,export_volume_growth,TX_RPCH,39.148,Percent,Annual,2023,,IMF WEO,April 2026,projection
2031,MOZ,Mozambique,export_volume_growth,TX_RPCH,28.814,Percent,Annual,2023,,IMF WEO,April 2026,projection
1980,MOZ,Mozambique,gdp_current_usd,NGDP,0.161,Domestic currency,Annual,2023,,IMF WEO,April 2026,historical
1981,MOZ,Mozambique,gdp_current_usd,NGDP,0.126,Domestic currency,Annual,2023,,IMF WEO,April 2026,historical
1982,MOZ,Mozambique,gdp_current_usd,NGDP,0.138,Domestic currency,Annual,2023,,IMF WEO,April 2026,historical
1983,MOZ,Mozambique,gdp_current_usd,NGDP,0.132,Domestic currency,Annual,2023,,IMF WEO,April 2026,historical
1984,MOZ,Mozambique,gdp_current_usd,NGDP,0.145,Domestic currency,Annual,2023,,IMF WEO,April 2026,historical
1985,MOZ,Mozambique,gdp_current_usd,NGDP,0.195,Domestic currency,Annual,2023,,IMF WEO,April 2026,historical
1986,MOZ,Mozambique,gdp_current_usd,NGDP,0.215,Domestic currency,Annual,2023,,IMF WEO,April 2026,historical
1987,MOZ,Mozambique,gdp_current_usd,NGDP,0.693,Domestic currency,Annual,2023,,IMF WEO,April 2026,historical
1988,MOZ,Mozambique,gdp_current_usd,NGDP,1.112,Domestic currency,Annual,2023,,IMF WEO,April 2026,historical
1989,MOZ,Mozambique,gdp_current_usd,NGDP,1.746,Domestic currency,Annual,2023,,IMF WEO,April 2026,historical
1990,MOZ,Mozambique,gdp_current_usd,NGDP,3.29,Domestic currency,Annual,2023,,IMF WEO,April 2026,historical
1991,MOZ,Mozambique,gdp_current_usd,NGDP,5.53,Domestic currency,Annual,2023,,IMF WEO,April 2026,historical
1992,MOZ,Mozambique,gdp_current_usd,NGDP,7.043,Domestic currency,Annual,2023,,IMF WEO,April 2026,historical
1993,MOZ,Mozambique,gdp_current_usd,NGDP,11.17,Domestic currency,Annual,2023,,IMF WEO,April 2026,historical
1994,MOZ,Mozambique,gdp_current_usd,NGDP,17.863,Domestic currency,Annual,2023,,IMF WEO,April 2026,historical
1995,MOZ,Mozambique,gdp_current_usd,NGDP,27.629,Domestic currency,Annual,2023,,IMF WEO,April 2026,historical
1996,MOZ,Mozambique,gdp_current_usd,NGDP,45.515,Domestic currency,Annual,2023,,IMF WEO,April 2026,historical
1997,MOZ,Mozambique,gdp_current_usd,NGDP,56.26,Domestic currency,Annual,2023,,IMF WEO,April 2026,historical
1998,MOZ,Mozambique,gdp_current_usd,NGDP,65.917,Domestic currency,Annual,2023,,IMF WEO,April 2026,historical
1999,MOZ,Mozambique,gdp_current_usd,NGDP,80.294,Domestic currency,Annual,2023,,IMF WEO,April 2026,historical
2000,MOZ,Mozambique,gdp_current_usd,NGDP,90.308,Domestic currency,Annual,2023,,IMF WEO,April 2026,historical
2001,MOZ,Mozambique,gdp_current_usd,NGDP,116.979,Domestic currency,Annual,2023,,IMF WEO,April 2026,historical
2002,MOZ,Mozambique,gdp_current_usd,NGDP,140.902,Domestic currency,Annual,2023,,IMF WEO,April 2026,historical
2003,MOZ,Mozambique,gdp_current_usd,NGDP,156.571,Domestic currency,Annual,2023,,IMF WEO,April 2026,historical
2004,MOZ,Mozambique,gdp_current_usd,NGDP,179.234,Domestic currency,Annual,2023,,IMF WEO,April 2026,historical
2005,MOZ,Mozambique,gdp_current_usd,NGDP,204.516,Domestic currency,Annual,2023,,IMF WEO,April 2026,historical
2006,MOZ,Mozambique,gdp_current_usd,NGDP,241.557,Domestic currency,Annual,2023,,IMF WEO,April 2026,historical
2007,MOZ,Mozambique,gdp_current_usd,NGDP,279.372,Domestic currency,Annual,2023,,IMF WEO,April 2026,historical
2008,MOZ,Mozambique,gdp_current_usd,NGDP,313.973,Domestic currency,Annual,2023,,IMF WEO,April 2026,historical
2009,MOZ,Mozambique,gdp_current_usd,NGDP,337.482,Domestic currency,Annual,2023,,IMF WEO,April 2026,historical
2010,MOZ,Mozambique,gdp_current_usd,NGDP,387.549,Domestic currency,Annual,2023,,IMF WEO,April 2026,historical
2011,MOZ,Mozambique,gdp_current_usd,NGDP,424.947,Domestic currency,Annual,2023,,IMF WEO,April 2026,historical
2012,MOZ,Mozambique,gdp_current_usd,NGDP,473.492,Domestic currency,Annual,2023,,IMF WEO,April 2026,historical
2013,MOZ,Mozambique,gdp_current_usd,NGDP,517.733,Domestic currency,Annual,2023,,IMF WEO,April 2026,historical
2014,MOZ,Mozambique,gdp_current_usd,NGDP,563.666,Domestic currency,Annual,2023,,IMF WEO,April 2026,historical
2015,MOZ,Mozambique,gdp_current_usd,NGDP,648.075,Domestic currency,Annual,2023,,IMF WEO,April 2026,historical
2016,MOZ,Mozambique,gdp_current_usd,NGDP,761.029,Domestic currency,Annual,2023,,IMF WEO,April 2026,historical
2017,MOZ,Mozambique,gdp_current_usd,NGDP,843.423,Domestic currency,Annual,2023,,IMF WEO,April 2026,historical
2018,MOZ,Mozambique,gdp_current_usd,NGDP,905.94,Domestic currency,Annual,2023,,IMF WEO,April 2026,historical
2019,MOZ,Mozambique,gdp_current_usd,NGDP,970.297,Domestic currency,Annual,2023,,IMF WEO,April 2026,historical
2020,MOZ,Mozambique,gdp_current_usd,NGDP,988.863,Domestic currency,Annual,2023,,IMF WEO,April 2026,historical
2021,MOZ,Mozambique,gdp_current_usd,NGDP,1058.442,Domestic currency,Annual,2023,,IMF WEO,April 2026,historical
2022,MOZ,Mozambique,gdp_current_usd,NGDP,1205.729,Domestic currency,Annual,2023,,IMF WEO,April 2026,historical
2023,MOZ,Mozambique,gdp_current_usd,NGDP,1336.561,Domestic currency,Annual,2023,,IMF WEO,April 2026,historical
2024,MOZ,Mozambique,gdp_current_usd,NGDP,1453.541,Domestic currency,Annual,2023,,IMF WEO,April 2026,projection
2025,MOZ,Mozambique,gdp_current_usd,NGDP,1431.562,Domestic currency,Annual,2023,,IMF WEO,April 2026,projection
2026,MOZ,Mozambique,gdp_current_usd,NGDP,1511.152,Domestic currency,Annual,2023,,IMF WEO,April 2026,projection
2027,MOZ,Mozambique,gdp_current_usd,NGDP,1642.524,Domestic currency,Annual,2023,,IMF WEO,April 2026,projection
2028,MOZ,Mozambique,gdp_current_usd,NGDP,1764.594,Domestic currency,Annual,2023,,IMF WEO,April 2026,projection
2029,MOZ,Mozambique,gdp_current_usd,NGDP,1911.766,Domestic currency,Annual,2023,,IMF WEO,April 2026,projection
2030,MOZ,Mozambique,gdp_current_usd,NGDP,2248.861,Domestic currency,Annual,2023,,IMF WEO,April 2026,projection
2031,MOZ,Mozambique,gdp_current_usd,NGDP,2664.677,Domestic currency,Annual,2023,,IMF WEO,April 2026,projection
1980,MOZ,Mozambique,import_price_growth,TMG_RPCH,22.1,Percent,Annual,2023,,IMF WEO,April 2026,historical
1981,MOZ,Mozambique,import_price_growth,TMG_RPCH,1.779,Percent,Annual,2023,,IMF WEO,April 2026,historical
1982,MOZ,Mozambique,import_price_growth,TMG_RPCH,11.217,Percent,Annual,2023,,IMF WEO,April 2026,historical
1983,MOZ,Mozambique,import_price_growth,TMG_RPCH,-23.348,Percent,Annual,2023,,IMF WEO,April 2026,historical
1984,MOZ,Mozambique,import_price_growth,TMG_RPCH,-14.085,Percent,Annual,2023,,IMF WEO,April 2026,historical
1985,MOZ,Mozambique,import_price_growth,TMG_RPCH,-19.046,Percent,Annual,2023,,IMF WEO,April 2026,historical
1986,MOZ,Mozambique,import_price_growth,TMG_RPCH,28.654,Percent,Annual,2023,,IMF WEO,April 2026,historical
1987,MOZ,Mozambique,import_price_growth,TMG_RPCH,7.591,Percent,Annual,2023,,IMF WEO,April 2026,historical
1988,MOZ,Mozambique,import_price_growth,TMG_RPCH,15.148,Percent,Annual,2023,,IMF WEO,April 2026,historical
1989,MOZ,Mozambique,import_price_growth,TMG_RPCH,5.063,Percent,Annual,2023,,IMF WEO,April 2026,historical
1990,MOZ,Mozambique,import_price_growth,TMG_RPCH,4.077,Percent,Annual,2023,,IMF WEO,April 2026,historical
1991,MOZ,Mozambique,import_price_growth,TMG_RPCH,2.429,Percent,Annual,2023,,IMF WEO,April 2026,historical
1992,MOZ,Mozambique,import_price_growth,TMG_RPCH,-4.019,Percent,Annual,2023,,IMF WEO,April 2026,historical
1993,MOZ,Mozambique,import_price_growth,TMG_RPCH,14.974,Percent,Annual,2023,,IMF WEO,April 2026,historical
1994,MOZ,Mozambique,import_price_growth,TMG_RPCH,4.018,Percent,Annual,2023,,IMF WEO,April 2026,historical
1995,MOZ,Mozambique,import_price_growth,TMG_RPCH,-33.401,Percent,Annual,2023,,IMF WEO,April 2026,historical
1996,MOZ,Mozambique,import_price_growth,TMG_RPCH,3.202,Percent,Annual,2023,,IMF WEO,April 2026,historical
1997,MOZ,Mozambique,import_price_growth,TMG_RPCH,3.08,Percent,Annual,2023,,IMF WEO,April 2026,historical
1998,MOZ,Mozambique,import_price_growth,TMG_RPCH,17.636,Percent,Annual,2023,,IMF WEO,April 2026,historical
1999,MOZ,Mozambique,import_price_growth,TMG_RPCH,46.168,Percent,Annual,2023,,IMF WEO,April 2026,historical
2000,MOZ,Mozambique,import_price_growth,TMG_RPCH,-10.829,Percent,Annual,2023,,IMF WEO,April 2026,historical
2001,MOZ,Mozambique,import_price_growth,TMG_RPCH,-3.571,Percent,Annual,2023,,IMF WEO,April 2026,historical
2002,MOZ,Mozambique,import_price_growth,TMG_RPCH,50.986,Percent,Annual,2023,,IMF WEO,April 2026,historical
2003,MOZ,Mozambique,import_price_growth,TMG_RPCH,4.384,Percent,Annual,2023,,IMF WEO,April 2026,historical
2004,MOZ,Mozambique,import_price_growth,TMG_RPCH,0.35,Percent,Annual,2023,,IMF WEO,April 2026,historical
2005,MOZ,Mozambique,import_price_growth,TMG_RPCH,9.101,Percent,Annual,2023,,IMF WEO,April 2026,historical
2006,MOZ,Mozambique,import_price_growth,TMG_RPCH,10.293,Percent,Annual,2023,,IMF WEO,April 2026,historical
2007,MOZ,Mozambique,import_price_growth,TMG_RPCH,-3.058,Percent,Annual,2023,,IMF WEO,April 2026,historical
2008,MOZ,Mozambique,import_price_growth,TMG_RPCH,9.628,Percent,Annual,2023,,IMF WEO,April 2026,historical
2009,MOZ,Mozambique,import_price_growth,TMG_RPCH,7.074,Percent,Annual,2023,,IMF WEO,April 2026,historical
2010,MOZ,Mozambique,import_price_growth,TMG_RPCH,-7.31,Percent,Annual,2023,,IMF WEO,April 2026,historical
2011,MOZ,Mozambique,import_price_growth,TMG_RPCH,35.38,Percent,Annual,2023,,IMF WEO,April 2026,historical
2012,MOZ,Mozambique,import_price_growth,TMG_RPCH,47.757,Percent,Annual,2023,,IMF WEO,April 2026,historical
2013,MOZ,Mozambique,import_price_growth,TMG_RPCH,18.772,Percent,Annual,2023,,IMF WEO,April 2026,historical
2014,MOZ,Mozambique,import_price_growth,TMG_RPCH,-1.375,Percent,Annual,2023,,IMF WEO,April 2026,historical
2015,MOZ,Mozambique,import_price_growth,TMG_RPCH,2.931,Percent,Annual,2023,,IMF WEO,April 2026,historical
2016,MOZ,Mozambique,import_price_growth,TMG_RPCH,-33.502,Percent,Annual,2023,,IMF WEO,April 2026,historical
2017,MOZ,Mozambique,import_price_growth,TMG_RPCH,5.102,Percent,Annual,2023,,IMF WEO,April 2026,historical
2018,MOZ,Mozambique,import_price_growth,TMG_RPCH,10.795,Percent,Annual,2023,,IMF WEO,April 2026,historical
2019,MOZ,Mozambique,import_price_growth,TMG_RPCH,11.164,Percent,Annual,2023,,IMF WEO,April 2026,historical
2020,MOZ,Mozambique,import_price_growth,TMG_RPCH,-8.095,Percent,Annual,2023,,IMF WEO,April 2026,historical
2021,MOZ,Mozambique,import_price_growth,TMG_RPCH,7.691,Percent,Annual,2023,,IMF WEO,April 2026,historical
2022,MOZ,Mozambique,import_price_growth,TMG_RPCH,47.56,Percent,Annual,2023,,IMF WEO,April 2026,historical
2023,MOZ,Mozambique,import_price_growth,TMG_RPCH,-25.908,Percent,Annual,2023,,IMF WEO,April 2026,historical
2024,MOZ,Mozambique,import_price_growth,TMG_RPCH,-7.952,Percent,Annual,2023,,IMF WEO,April 2026,projection
2025,MOZ,Mozambique,import_price_growth,TMG_RPCH,6.654,Percent,Annual,2023,,IMF WEO,April 2026,projection
2026,MOZ,Mozambique,import_price_growth,TMG_RPCH,3.099,Percent,Annual,2023,,IMF WEO,April 2026,projection
2027,MOZ,Mozambique,import_price_growth,TMG_RPCH,4.407,Percent,Annual,2023,,IMF WEO,April 2026,projection
2028,MOZ,Mozambique,import_price_growth,TMG_RPCH,0.769,Percent,Annual,2023,,IMF WEO,April 2026,projection
2029,MOZ,Mozambique,import_price_growth,TMG_RPCH,1.835,Percent,Annual,2023,,IMF WEO,April 2026,projection
2030,MOZ,Mozambique,import_price_growth,TMG_RPCH,1.448,Percent,Annual,2023,,IMF WEO,April 2026,projection
2031,MOZ,Mozambique,import_price_growth,TMG_RPCH,-1.5,Percent,Annual,2023,,IMF WEO,April 2026,projection
1980,MOZ,Mozambique,import_volume_growth,TM_RPCH,13.4,Percent,Annual,2023,,IMF WEO,April 2026,historical
1981,MOZ,Mozambique,import_volume_growth,TM_RPCH,3.447,Percent,Annual,2023,,IMF WEO,April 2026,historical
1982,MOZ,Mozambique,import_volume_growth,TM_RPCH,10.811,Percent,Annual,2023,,IMF WEO,April 2026,historical
1983,MOZ,Mozambique,import_volume_growth,TM_RPCH,-21.696,Percent,Annual,2023,,IMF WEO,April 2026,historical
1984,MOZ,Mozambique,import_volume_growth,TM_RPCH,-14.864,Percent,Annual,2023,,IMF WEO,April 2026,historical
1985,MOZ,Mozambique,import_volume_growth,TM_RPCH,-14.9,Percent,Annual,2023,,IMF WEO,April 2026,historical
1986,MOZ,Mozambique,import_volume_growth,TM_RPCH,34.103,Percent,Annual,2023,,IMF WEO,April 2026,historical
1987,MOZ,Mozambique,import_volume_growth,TM_RPCH,6.637,Percent,Annual,2023,,IMF WEO,April 2026,historical
1988,MOZ,Mozambique,import_volume_growth,TM_RPCH,13.746,Percent,Annual,2023,,IMF WEO,April 2026,historical
1989,MOZ,Mozambique,import_volume_growth,TM_RPCH,3.479,Percent,Annual,2023,,IMF WEO,April 2026,historical
1990,MOZ,Mozambique,import_volume_growth,TM_RPCH,3.025,Percent,Annual,2023,,IMF WEO,April 2026,historical
1991,MOZ,Mozambique,import_volume_growth,TM_RPCH,3.518,Percent,Annual,2023,,IMF WEO,April 2026,historical
1992,MOZ,Mozambique,import_volume_growth,TM_RPCH,-3.195,Percent,Annual,2023,,IMF WEO,April 2026,historical
1993,MOZ,Mozambique,import_volume_growth,TM_RPCH,14.62,Percent,Annual,2023,,IMF WEO,April 2026,historical
1994,MOZ,Mozambique,import_volume_growth,TM_RPCH,8.115,Percent,Annual,2023,,IMF WEO,April 2026,historical
1995,MOZ,Mozambique,import_volume_growth,TM_RPCH,-28.071,Percent,Annual,2023,,IMF WEO,April 2026,historical
1996,MOZ,Mozambique,import_volume_growth,TM_RPCH,8.289,Percent,Annual,2023,,IMF WEO,April 2026,historical
1997,MOZ,Mozambique,import_volume_growth,TM_RPCH,1.507,Percent,Annual,2023,,IMF WEO,April 2026,historical
1998,MOZ,Mozambique,import_volume_growth,TM_RPCH,41.539,Percent,Annual,2023,,IMF WEO,April 2026,historical
1999,MOZ,Mozambique,import_volume_growth,TM_RPCH,16.41,Percent,Annual,2023,,IMF WEO,April 2026,historical
2000,MOZ,Mozambique,import_volume_growth,TM_RPCH,-10.277,Percent,Annual,2023,,IMF WEO,April 2026,historical
2001,MOZ,Mozambique,import_volume_growth,TM_RPCH,9.565,Percent,Annual,2023,,IMF WEO,April 2026,historical
2002,MOZ,Mozambique,import_volume_growth,TM_RPCH,29.464,Percent,Annual,2023,,IMF WEO,April 2026,historical
2003,MOZ,Mozambique,import_volume_growth,TM_RPCH,1.192,Percent,Annual,2023,,IMF WEO,April 2026,historical
2004,MOZ,Mozambique,import_volume_growth,TM_RPCH,-4.188,Percent,Annual,2023,,IMF WEO,April 2026,historical
2005,MOZ,Mozambique,import_volume_growth,TM_RPCH,9.267,Percent,Annual,2023,,IMF WEO,April 2026,historical
2006,MOZ,Mozambique,import_volume_growth,TM_RPCH,9.759,Percent,Annual,2023,,IMF WEO,April 2026,historical
2007,MOZ,Mozambique,import_volume_growth,TM_RPCH,-1.419,Percent,Annual,2023,,IMF WEO,April 2026,historical
2008,MOZ,Mozambique,import_volume_growth,TM_RPCH,6.289,Percent,Annual,2023,,IMF WEO,April 2026,historical
2009,MOZ,Mozambique,import_volume_growth,TM_RPCH,10.478,Percent,Annual,2023,,IMF WEO,April 2026,historical
2010,MOZ,Mozambique,import_volume_growth,TM_RPCH,-4.441,Percent,Annual,2023,,IMF WEO,April 2026,historical
2011,MOZ,Mozambique,import_volume_growth,TM_RPCH,42.8,Percent,Annual,2023,,IMF WEO,April 2026,historical
2012,MOZ,Mozambique,import_volume_growth,TM_RPCH,63.354,Percent,Annual,2023,,IMF WEO,April 2026,historical
2013,MOZ,Mozambique,import_volume_growth,TM_RPCH,8.164,Percent,Annual,2023,,IMF WEO,April 2026,historical
2014,MOZ,Mozambique,import_volume_growth,TM_RPCH,-1.604,Percent,Annual,2023,,IMF WEO,April 2026,historical
2015,MOZ,Mozambique,import_volume_growth,TM_RPCH,1.063,Percent,Annual,2023,,IMF WEO,April 2026,historical
2016,MOZ,Mozambique,import_volume_growth,TM_RPCH,-20.96,Percent,Annual,2023,,IMF WEO,April 2026,historical
2017,MOZ,Mozambique,import_volume_growth,TM_RPCH,-0.515,Percent,Annual,2023,,IMF WEO,April 2026,historical
2018,MOZ,Mozambique,import_volume_growth,TM_RPCH,19.953,Percent,Annual,2023,,IMF WEO,April 2026,historical
2019,MOZ,Mozambique,import_volume_growth,TM_RPCH,-7.883,Percent,Annual,2023,,IMF WEO,April 2026,historical
2020,MOZ,Mozambique,import_volume_growth,TM_RPCH,-4.109,Percent,Annual,2023,,IMF WEO,April 2026,historical
2021,MOZ,Mozambique,import_volume_growth,TM_RPCH,-2.965,Percent,Annual,2023,,IMF WEO,April 2026,historical
2022,MOZ,Mozambique,import_volume_growth,TM_RPCH,32.699,Percent,Annual,2023,,IMF WEO,April 2026,historical
2023,MOZ,Mozambique,import_volume_growth,TM_RPCH,-24.459,Percent,Annual,2023,,IMF WEO,April 2026,historical
2024,MOZ,Mozambique,import_volume_growth,TM_RPCH,-5.357,Percent,Annual,2023,,IMF WEO,April 2026,projection
2025,MOZ,Mozambique,import_volume_growth,TM_RPCH,9.556,Percent,Annual,2023,,IMF WEO,April 2026,projection
2026,MOZ,Mozambique,import_volume_growth,TM_RPCH,48.976,Percent,Annual,2023,,IMF WEO,April 2026,projection
2027,MOZ,Mozambique,import_volume_growth,TM_RPCH,4.163,Percent,Annual,2023,,IMF WEO,April 2026,projection
2028,MOZ,Mozambique,import_volume_growth,TM_RPCH,-1.017,Percent,Annual,2023,,IMF WEO,April 2026,projection
2029,MOZ,Mozambique,import_volume_growth,TM_RPCH,-5.64,Percent,Annual,2023,,IMF WEO,April 2026,projection
2030,MOZ,Mozambique,import_volume_growth,TM_RPCH,-2.662,Percent,Annual,2023,,IMF WEO,April 2026,projection
2031,MOZ,Mozambique,import_volume_growth,TM_RPCH,-12.751,Percent,Annual,2023,,IMF WEO,April 2026,projection
1980,MOZ,Mozambique,real_gdp_growth,NGDP_RPCH,4.228,Percent,Annual,2023,,IMF WEO,April 2026,historical
1981,MOZ,Mozambique,real_gdp_growth,NGDP_RPCH,5.0,Percent,Annual,2023,,IMF WEO,April 2026,historical
1982,MOZ,Mozambique,real_gdp_growth,NGDP_RPCH,-6.9,Percent,Annual,2023,,IMF WEO,April 2026,historical
1983,MOZ,Mozambique,real_gdp_growth,NGDP_RPCH,-15.7,Percent,Annual,2023,,IMF WEO,April 2026,historical
1984,MOZ,Mozambique,real_gdp_growth,NGDP_RPCH,-6.5,Percent,Annual,2023,,IMF WEO,April 2026,historical
1985,MOZ,Mozambique,real_gdp_growth,NGDP_RPCH,1.0,Percent,Annual,2023,,IMF WEO,April 2026,historical
1986,MOZ,Mozambique,real_gdp_growth,NGDP_RPCH,-2.3,Percent,Annual,2023,,IMF WEO,April 2026,historical
1987,MOZ,Mozambique,real_gdp_growth,NGDP_RPCH,14.7,Percent,Annual,2023,,IMF WEO,April 2026,historical
1988,MOZ,Mozambique,real_gdp_growth,NGDP_RPCH,8.2,Percent,Annual,2023,,IMF WEO,April 2026,historical
1989,MOZ,Mozambique,real_gdp_growth,NGDP_RPCH,6.5,Percent,Annual,2023,,IMF WEO,April 2026,historical
1990,MOZ,Mozambique,real_gdp_growth,NGDP_RPCH,1.0,Percent,Annual,2023,,IMF WEO,April 2026,historical
1991,MOZ,Mozambique,real_gdp_growth,NGDP_RPCH,6.552,Percent,Annual,2023,,IMF WEO,April 2026,historical
1992,MOZ,Mozambique,real_gdp_growth,NGDP_RPCH,-7.576,Percent,Annual,2023,,IMF WEO,April 2026,historical
1993,MOZ,Mozambique,real_gdp_growth,NGDP_RPCH,10.941,Percent,Annual,2023,,IMF WEO,April 2026,historical
1994,MOZ,Mozambique,real_gdp_growth,NGDP_RPCH,6.44,Percent,Annual,2023,,IMF WEO,April 2026,historical
1995,MOZ,Mozambique,real_gdp_growth,NGDP_RPCH,2.123,Percent,Annual,2023,,IMF WEO,April 2026,historical
1996,MOZ,Mozambique,real_gdp_growth,NGDP_RPCH,10.696,Percent,Annual,2023,,IMF WEO,April 2026,historical
1997,MOZ,Mozambique,real_gdp_growth,NGDP_RPCH,11.815,Percent,Annual,2023,,IMF WEO,April 2026,historical
1998,MOZ,Mozambique,real_gdp_growth,NGDP_RPCH,10.369,Percent,Annual,2023,,IMF WEO,April 2026,historical
1999,MOZ,Mozambique,real_gdp_growth,NGDP_RPCH,11.817,Percent,Annual,2023,,IMF WEO,April 2026,historical
2000,MOZ,Mozambique,real_gdp_growth,NGDP_RPCH,0.766,Percent,Annual,2023,,IMF WEO,April 2026,historical
2001,MOZ,Mozambique,real_gdp_growth,NGDP_RPCH,12.852,Percent,Annual,2023,,IMF WEO,April 2026,historical
2002,MOZ,Mozambique,real_gdp_growth,NGDP_RPCH,9.668,Percent,Annual,2023,,IMF WEO,April 2026,historical
2003,MOZ,Mozambique,real_gdp_growth,NGDP_RPCH,7.218,Percent,Annual,2023,,IMF WEO,April 2026,historical
2004,MOZ,Mozambique,real_gdp_growth,NGDP_RPCH,8.205,Percent,Annual,2023,,IMF WEO,April 2026,historical
2005,MOZ,Mozambique,real_gdp_growth,NGDP_RPCH,6.312,Percent,Annual,2023,,IMF WEO,April 2026,historical
2006,MOZ,Mozambique,real_gdp_growth,NGDP_RPCH,9.911,Percent,Annual,2023,,IMF WEO,April 2026,historical
2007,MOZ,Mozambique,real_gdp_growth,NGDP_RPCH,7.649,Percent,Annual,2023,,IMF WEO,April 2026,historical
2008,MOZ,Mozambique,real_gdp_growth,NGDP_RPCH,6.878,Percent,Annual,2023,,IMF WEO,April 2026,historical
2009,MOZ,Mozambique,real_gdp_growth,NGDP_RPCH,5.929,Percent,Annual,2023,,IMF WEO,April 2026,historical
2010,MOZ,Mozambique,real_gdp_growth,NGDP_RPCH,6.68,Percent,Annual,2023,,IMF WEO,April 2026,historical
2011,MOZ,Mozambique,real_gdp_growth,NGDP_RPCH,7.134,Percent,Annual,2023,,IMF WEO,April 2026,historical
2012,MOZ,Mozambique,real_gdp_growth,NGDP_RPCH,7.995,Percent,Annual,2023,,IMF WEO,April 2026,historical
2013,MOZ,Mozambique,real_gdp_growth,NGDP_RPCH,6.571,Percent,Annual,2023,,IMF WEO,April 2026,historical
2014,MOZ,Mozambique,real_gdp_growth,NGDP_RPCH,7.703,Percent,Annual,2023,,IMF WEO,April 2026,historical
2015,MOZ,Mozambique,real_gdp_growth,NGDP_RPCH,7.393,Percent,Annual,2023,,IMF WEO,April 2026,historical
2016,MOZ,Mozambique,real_gdp_growth,NGDP_RPCH,4.697,Percent,Annual,2023,,IMF WEO,April 2026,historical
2017,MOZ,Mozambique,real_gdp_growth,NGDP_RPCH,2.638,Percent,Annual,2023,,IMF WEO,April 2026,historical
2018,MOZ,Mozambique,real_gdp_growth,NGDP_RPCH,3.485,Percent,Annual,2023,,IMF WEO,April 2026,historical
2019,MOZ,Mozambique,real_gdp_growth,NGDP_RPCH,2.318,Percent,Annual,2023,,IMF WEO,April 2026,historical
2020,MOZ,Mozambique,real_gdp_growth,NGDP_RPCH,-1.22,Percent,Annual,2023,,IMF WEO,April 2026,historical
2021,MOZ,Mozambique,real_gdp_growth,NGDP_RPCH,2.377,Percent,Annual,2023,,IMF WEO,April 2026,historical
2022,MOZ,Mozambique,real_gdp_growth,NGDP_RPCH,4.369,Percent,Annual,2023,,IMF WEO,April 2026,historical
2023,MOZ,Mozambique,real_gdp_growth,NGDP_RPCH,5.504,Percent,Annual,2023,,IMF WEO,April 2026,historical
2024,MOZ,Mozambique,real_gdp_growth,NGDP_RPCH,2.149,Percent,Annual,2023,,IMF WEO,April 2026,projection
2025,MOZ,Mozambique,real_gdp_growth,NGDP_RPCH,-0.524,Percent,Annual,2023,,IMF WEO,April 2026,projection
2026,MOZ,Mozambique,real_gdp_growth,NGDP_RPCH,0.519,Percent,Annual,2023,,IMF WEO,April 2026,projection
2027,MOZ,Mozambique,real_gdp_growth,NGDP_RPCH,2.731,Percent,Annual,2023,,IMF WEO,April 2026,projection
2028,MOZ,Mozambique,real_gdp_growth,NGDP_RPCH,2.184,Percent,Annual,2023,,IMF WEO,April 2026,projection
2029,MOZ,Mozambique,real_gdp_growth,NGDP_RPCH,3.072,Percent,Annual,2023,,IMF WEO,April 2026,projection
2030,MOZ,Mozambique,real_gdp_growth,NGDP_RPCH,12.102,Percent,Annual,2023,,IMF WEO,April 2026,projection
2031,MOZ,Mozambique,real_gdp_growth,NGDP_RPCH,13.038,Percent,Annual,2023,,IMF WEO,April 2026,projection
1991,RUS,Russia,cpi_inflation,PCPIPCH,135.648,Percent,Annual,2025,,IMF WEO,April 2026,historical
1992,RUS,Russia,cpi_inflation,PCPIPCH,1569.077,Percent,Annual,2025,,IMF WEO,April 2026,historical
1993,RUS,Russia,cpi_inflation,PCPIPCH,874.255,Percent,Annual,2025,,IMF WEO,April 2026,historical
1994,RUS,Russia,cpi_inflation,PCPIPCH,307.547,Percent,Annual,2025,,IMF WEO,April 2026,historical
1995,RUS,Russia,cpi_inflation,PCPIPCH,197.3,Percent,Annual,2025,,IMF WEO,April 2026,historical
1996,RUS,Russia,cpi_inflation,PCPIPCH,47.752,Percent,Annual,2025,,IMF WEO,April 2026,historical
1997,RUS,Russia,cpi_inflation,PCPIPCH,14.761,Percent,Annual,2025,,IMF WEO,April 2026,historical
1998,RUS,Russia,cpi_inflation,PCPIPCH,27.686,Percent,Annual,2025,,IMF WEO,April 2026,historical
1999,RUS,Russia,cpi_inflation,PCPIPCH,85.746,Percent,Annual,2025,,IMF WEO,April 2026,historical
2000,RUS,Russia,cpi_inflation,PCPIPCH,20.799,Percent,Annual,2025,,IMF WEO,April 2026,historical
2001,RUS,Russia,cpi_inflation,PCPIPCH,21.477,Percent,Annual,2025,,IMF WEO,April 2026,historical
2002,RUS,Russia,cpi_inflation,PCPIPCH,15.789,Percent,Annual,2025,,IMF WEO,April 2026,historical
2003,RUS,Russia,cpi_inflation,PCPIPCH,13.663,Percent,Annual,2025,,IMF WEO,April 2026,historical
2004,RUS,Russia,cpi_inflation,PCPIPCH,10.889,Percent,Annual,2025,,IMF WEO,April 2026,historical
2005,RUS,Russia,cpi_inflation,PCPIPCH,12.685,Percent,Annual,2025,,IMF WEO,April 2026,historical
2006,RUS,Russia,cpi_inflation,PCPIPCH,9.669,Percent,Annual,2025,,IMF WEO,April 2026,historical
2007,RUS,Russia,cpi_inflation,PCPIPCH,9.007,Percent,Annual,2025,,IMF WEO,April 2026,historical
2008,RUS,Russia,cpi_inflation,PCPIPCH,14.111,Percent,Annual,2025,,IMF WEO,April 2026,historical
2009,RUS,Russia,cpi_inflation,PCPIPCH,11.647,Percent,Annual,2025,,IMF WEO,April 2026,historical
2010,RUS,Russia,cpi_inflation,PCPIPCH,6.849,Percent,Annual,2025,,IMF WEO,April 2026,historical
2011,RUS,Russia,cpi_inflation,PCPIPCH,8.44,Percent,Annual,2025,,IMF WEO,April 2026,historical
2012,RUS,Russia,cpi_inflation,PCPIPCH,5.075,Percent,Annual,2025,,IMF WEO,April 2026,historical
2013,RUS,Russia,cpi_inflation,PCPIPCH,6.754,Percent,Annual,2025,,IMF WEO,April 2026,historical
2014,RUS,Russia,cpi_inflation,PCPIPCH,7.823,Percent,Annual,2025,,IMF WEO,April 2026,historical
2015,RUS,Russia,cpi_inflation,PCPIPCH,15.534,Percent,Annual,2025,,IMF WEO,April 2026,historical
2016,RUS,Russia,cpi_inflation,PCPIPCH,7.042,Percent,Annual,2025,,IMF WEO,April 2026,historical
2017,RUS,Russia,cpi_inflation,PCPIPCH,3.683,Percent,Annual,2025,,IMF WEO,April 2026,historical
2018,RUS,Russia,cpi_inflation,PCPIPCH,2.878,Percent,Annual,2025,,IMF WEO,April 2026,historical
2019,RUS,Russia,cpi_inflation,PCPIPCH,4.47,Percent,Annual,2025,,IMF WEO,April 2026,historical
2020,RUS,Russia,cpi_inflation,PCPIPCH,3.382,Percent,Annual,2025,,IMF WEO,April 2026,historical
2021,RUS,Russia,cpi_inflation,PCPIPCH,6.694,Percent,Annual,2025,,IMF WEO,April 2026,historical
2022,RUS,Russia,cpi_inflation,PCPIPCH,13.75,Percent,Annual,2025,,IMF WEO,April 2026,historical
2023,RUS,Russia,cpi_inflation,PCPIPCH,5.859,Percent,Annual,2025,,IMF WEO,April 2026,historical
2024,RUS,Russia,cpi_inflation,PCPIPCH,8.442,Percent,Annual,2025,,IMF WEO,April 2026,historical
2025,RUS,Russia,cpi_inflation,PCPIPCH,8.68,Percent,Annual,2025,,IMF WEO,April 2026,historical
2026,RUS,Russia,cpi_inflation,PCPIPCH,5.62,Percent,Annual,2025,,IMF WEO,April 2026,projection
2027,RUS,Russia,cpi_inflation,PCPIPCH,4.278,Percent,Annual,2025,,IMF WEO,April 2026,projection
2028,RUS,Russia,cpi_inflation,PCPIPCH,4.0,Percent,Annual,2025,,IMF WEO,April 2026,projection
2029,RUS,Russia,cpi_inflation,PCPIPCH,4.0,Percent,Annual,2025,,IMF WEO,April 2026,projection
2030,RUS,Russia,cpi_inflation,PCPIPCH,4.0,Percent,Annual,2025,,IMF WEO,April 2026,projection
2031,RUS,Russia,cpi_inflation,PCPIPCH,4.0,Percent,Annual,2025,,IMF WEO,April 2026,projection
1992,RUS,Russia,current_account_pct_gdp,BCA_NGDPD,-1.676,Percent,Annual,2025,,IMF WEO,April 2026,historical
1993,RUS,Russia,current_account_pct_gdp,BCA_NGDPD,1.325,Percent,Annual,2025,,IMF WEO,April 2026,historical
1994,RUS,Russia,current_account_pct_gdp,BCA_NGDPD,3.044,Percent,Annual,2025,,IMF WEO,April 2026,historical
1995,RUS,Russia,current_account_pct_gdp,BCA_NGDPD,2.215,Percent,Annual,2025,,IMF WEO,April 2026,historical
1996,RUS,Russia,current_account_pct_gdp,BCA_NGDPD,2.448,Percent,Annual,2025,,IMF WEO,April 2026,historical
1997,RUS,Russia,current_account_pct_gdp,BCA_NGDPD,-0.193,Percent,Annual,2025,,IMF WEO,April 2026,historical
1998,RUS,Russia,current_account_pct_gdp,BCA_NGDPD,0.025,Percent,Annual,2025,,IMF WEO,April 2026,historical
1999,RUS,Russia,current_account_pct_gdp,BCA_NGDPD,10.901,Percent,Annual,2025,,IMF WEO,April 2026,historical
2000,RUS,Russia,current_account_pct_gdp,BCA_NGDPD,16.309,Percent,Annual,2025,,IMF WEO,April 2026,historical
2001,RUS,Russia,current_account_pct_gdp,BCA_NGDPD,9.758,Percent,Annual,2025,,IMF WEO,April 2026,historical
2002,RUS,Russia,current_account_pct_gdp,BCA_NGDPD,7.424,Percent,Annual,2025,,IMF WEO,April 2026,historical
2003,RUS,Russia,current_account_pct_gdp,BCA_NGDPD,7.178,Percent,Annual,2025,,IMF WEO,April 2026,historical
2004,RUS,Russia,current_account_pct_gdp,BCA_NGDPD,9.247,Percent,Annual,2025,,IMF WEO,April 2026,historical
2005,RUS,Russia,current_account_pct_gdp,BCA_NGDPD,10.32,Percent,Annual,2025,,IMF WEO,April 2026,historical
2006,RUS,Russia,current_account_pct_gdp,BCA_NGDPD,8.702,Percent,Annual,2025,,IMF WEO,April 2026,historical
2007,RUS,Russia,current_account_pct_gdp,BCA_NGDPD,5.181,Percent,Annual,2025,,IMF WEO,April 2026,historical
2008,RUS,Russia,current_account_pct_gdp,BCA_NGDPD,5.842,Percent,Annual,2025,,IMF WEO,April 2026,historical
2009,RUS,Russia,current_account_pct_gdp,BCA_NGDPD,3.852,Percent,Annual,2025,,IMF WEO,April 2026,historical
2010,RUS,Russia,current_account_pct_gdp,BCA_NGDPD,4.13,Percent,Annual,2025,,IMF WEO,April 2026,historical
2011,RUS,Russia,current_account_pct_gdp,BCA_NGDPD,4.753,Percent,Annual,2025,,IMF WEO,April 2026,historical
2012,RUS,Russia,current_account_pct_gdp,BCA_NGDPD,3.253,Percent,Annual,2025,,IMF WEO,April 2026,historical
2013,RUS,Russia,current_account_pct_gdp,BCA_NGDPD,1.461,Percent,Annual,2025,,IMF WEO,April 2026,historical
2014,RUS,Russia,current_account_pct_gdp,BCA_NGDPD,2.807,Percent,Annual,2025,,IMF WEO,April 2026,historical
2015,RUS,Russia,current_account_pct_gdp,BCA_NGDPD,4.996,Percent,Annual,2025,,IMF WEO,April 2026,historical
2016,RUS,Russia,current_account_pct_gdp,BCA_NGDPD,1.911,Percent,Annual,2025,,IMF WEO,April 2026,historical
2017,RUS,Russia,current_account_pct_gdp,BCA_NGDPD,2.043,Percent,Annual,2025,,IMF WEO,April 2026,historical
2018,RUS,Russia,current_account_pct_gdp,BCA_NGDPD,6.998,Percent,Annual,2025,,IMF WEO,April 2026,historical
2019,RUS,Russia,current_account_pct_gdp,BCA_NGDPD,3.872,Percent,Annual,2025,,IMF WEO,April 2026,historical
2020,RUS,Russia,current_account_pct_gdp,BCA_NGDPD,2.377,Percent,Annual,2025,,IMF WEO,April 2026,historical
2021,RUS,Russia,current_account_pct_gdp,BCA_NGDPD,6.832,Percent,Annual,2025,,IMF WEO,April 2026,historical
2022,RUS,Russia,current_account_pct_gdp,BCA_NGDPD,10.352,Percent,Annual,2025,,IMF WEO,April 2026,historical
2023,RUS,Russia,current_account_pct_gdp,BCA_NGDPD,2.428,Percent,Annual,2025,,IMF WEO,April 2026,historical
2024,RUS,Russia,current_account_pct_gdp,BCA_NGDPD,2.863,Percent,Annual,2025,,IMF WEO,April 2026,historical
2025,RUS,Russia,current_account_pct_gdp,BCA_NGDPD,1.599,Percent,Annual,2025,,IMF WEO,April 2026,historical
2026,RUS,Russia,current_account_pct_gdp,BCA_NGDPD,2.949,Percent,Annual,2025,,IMF WEO,April 2026,projection
2027,RUS,Russia,current_account_pct_gdp,BCA_NGDPD,2.286,Percent,Annual,2025,,IMF WEO,April 2026,projection
2028,RUS,Russia,current_account_pct_gdp,BCA_NGDPD,1.763,Percent,Annual,2025,,IMF WEO,April 2026,projection
2029,RUS,Russia,current_account_pct_gdp,BCA_NGDPD,1.402,Percent,Annual,2025,,IMF WEO,April 2026,projection
2030,RUS,Russia,current_account_pct_gdp,BCA_NGDPD,1.231,Percent,Annual,2025,,IMF WEO,April 2026,projection
2031,RUS,Russia,current_account_pct_gdp,BCA_NGDPD,1.125,Percent,Annual,2025,,IMF WEO,April 2026,projection
1993,RUS,Russia,export_price_growth,TXG_RPCH,-2.1,Percent,Annual,2025,,IMF WEO,April 2026,historical
1994,RUS,Russia,export_price_growth,TXG_RPCH,4.9,Percent,Annual,2025,,IMF WEO,April 2026,historical
1995,RUS,Russia,export_price_growth,TXG_RPCH,7.666,Percent,Annual,2025,,IMF WEO,April 2026,historical
1996,RUS,Russia,export_price_growth,TXG_RPCH,2.033,Percent,Annual,2025,,IMF WEO,April 2026,historical
1997,RUS,Russia,export_price_growth,TXG_RPCH,-0.969,Percent,Annual,2025,,IMF WEO,April 2026,historical
1998,RUS,Russia,export_price_growth,TXG_RPCH,4.742,Percent,Annual,2025,,IMF WEO,April 2026,historical
1999,RUS,Russia,export_price_growth,TXG_RPCH,-8.827,Percent,Annual,2025,,IMF WEO,April 2026,historical
2000,RUS,Russia,export_price_growth,TXG_RPCH,7.254,Percent,Annual,2025,,IMF WEO,April 2026,historical
2001,RUS,Russia,export_price_growth,TXG_RPCH,3.676,Percent,Annual,2025,,IMF WEO,April 2026,historical
2002,RUS,Russia,export_price_growth,TXG_RPCH,9.378,Percent,Annual,2025,,IMF WEO,April 2026,historical
2003,RUS,Russia,export_price_growth,TXG_RPCH,12.4,Percent,Annual,2025,,IMF WEO,April 2026,historical
2004,RUS,Russia,export_price_growth,TXG_RPCH,10.5,Percent,Annual,2025,,IMF WEO,April 2026,historical
2005,RUS,Russia,export_price_growth,TXG_RPCH,4.7,Percent,Annual,2025,,IMF WEO,April 2026,historical
2006,RUS,Russia,export_price_growth,TXG_RPCH,4.9,Percent,Annual,2025,,IMF WEO,April 2026,historical
2007,RUS,Russia,export_price_growth,TXG_RPCH,4.675,Percent,Annual,2025,,IMF WEO,April 2026,historical
2008,RUS,Russia,export_price_growth,TXG_RPCH,0.85,Percent,Annual,2025,,IMF WEO,April 2026,historical
2009,RUS,Russia,export_price_growth,TXG_RPCH,-2.525,Percent,Annual,2025,,IMF WEO,April 2026,historical
2010,RUS,Russia,export_price_growth,TXG_RPCH,8.925,Percent,Annual,2025,,IMF WEO,April 2026,historical
2011,RUS,Russia,export_price_growth,TXG_RPCH,-4.45,Percent,Annual,2025,,IMF WEO,April 2026,historical
2012,RUS,Russia,export_price_growth,TXG_RPCH,-0.75,Percent,Annual,2025,,IMF WEO,April 2026,historical
2013,RUS,Russia,export_price_growth,TXG_RPCH,4.15,Percent,Annual,2025,,IMF WEO,April 2026,historical
2014,RUS,Russia,export_price_growth,TXG_RPCH,-0.15,Percent,Annual,2025,,IMF WEO,April 2026,historical
2015,RUS,Russia,export_price_growth,TXG_RPCH,6.35,Percent,Annual,2025,,IMF WEO,April 2026,historical
2016,RUS,Russia,export_price_growth,TXG_RPCH,2.55,Percent,Annual,2025,,IMF WEO,April 2026,historical
2017,RUS,Russia,export_price_growth,TXG_RPCH,3.05,Percent,Annual,2025,,IMF WEO,April 2026,historical
2018,RUS,Russia,export_price_growth,TXG_RPCH,4.2,Percent,Annual,2025,,IMF WEO,April 2026,historical
2019,RUS,Russia,export_price_growth,TXG_RPCH,-3.0,Percent,Annual,2025,,IMF WEO,April 2026,historical
2020,RUS,Russia,export_price_growth,TXG_RPCH,-1.5,Percent,Annual,2025,,IMF WEO,April 2026,historical
2021,RUS,Russia,export_price_growth,TXG_RPCH,-1.75,Percent,Annual,2025,,IMF WEO,April 2026,historical
2022,RUS,Russia,export_price_growth,TXG_RPCH,-7.754,Percent,Annual,2025,,IMF WEO,April 2026,historical
2023,RUS,Russia,export_price_growth,TXG_RPCH,-11.198,Percent,Annual,2025,,IMF WEO,April 2026,historical
2024,RUS,Russia,export_price_growth,TXG_RPCH,-2.372,Percent,Annual,2025,,IMF WEO,April 2026,historical
2025,RUS,Russia,export_price_growth,TXG_RPCH,2.027,Percent,Annual,2025,,IMF WEO,April 2026,historical
2026,RUS,Russia,export_price_growth,TXG_RPCH,-1.751,Percent,Annual,2025,,IMF WEO,April 2026,projection
2027,RUS,Russia,export_price_growth,TXG_RPCH,0.735,Percent,Annual,2025,,IMF WEO,April 2026,projection
2028,RUS,Russia,export_price_growth,TXG_RPCH,0.87,Percent,Annual,2025,,IMF WEO,April 2026,projection
2029,RUS,Russia,export_price_growth,TXG_RPCH,1.145,Percent,Annual,2025,,IMF WEO,April 2026,projection
2030,RUS,Russia,export_price_growth,TXG_RPCH,0.65,Percent,Annual,2025,,IMF WEO,April 2026,projection
2031,RUS,Russia,export_price_growth,TXG_RPCH,0.859,Percent,Annual,2025,,IMF WEO,April 2026,projection
1993,RUS,Russia,export_volume_growth,TX_RPCH,-2.1,Percent,Annual,2025,,IMF WEO,April 2026,historical
1994,RUS,Russia,export_volume_growth,TX_RPCH,4.9,Percent,Annual,2025,,IMF WEO,April 2026,historical
1995,RUS,Russia,export_volume_growth,TX_RPCH,7.666,Percent,Annual,2025,,IMF WEO,April 2026,historical
1996,RUS,Russia,export_volume_growth,TX_RPCH,4.446,Percent,Annual,2025,,IMF WEO,April 2026,historical
1997,RUS,Russia,export_volume_growth,TX_RPCH,-2.337,Percent,Annual,2025,,IMF WEO,April 2026,historical
1998,RUS,Russia,export_volume_growth,TX_RPCH,12.971,Percent,Annual,2025,,IMF WEO,April 2026,historical
1999,RUS,Russia,export_volume_growth,TX_RPCH,-14.775,Percent,Annual,2025,,IMF WEO,April 2026,historical
2000,RUS,Russia,export_volume_growth,TX_RPCH,6.316,Percent,Annual,2025,,IMF WEO,April 2026,historical
2001,RUS,Russia,export_volume_growth,TX_RPCH,4.302,Percent,Annual,2025,,IMF WEO,April 2026,historical
2002,RUS,Russia,export_volume_growth,TX_RPCH,10.142,Percent,Annual,2025,,IMF WEO,April 2026,historical
2003,RUS,Russia,export_volume_growth,TX_RPCH,13.281,Percent,Annual,2025,,IMF WEO,April 2026,historical
2004,RUS,Russia,export_volume_growth,TX_RPCH,11.969,Percent,Annual,2025,,IMF WEO,April 2026,historical
2005,RUS,Russia,export_volume_growth,TX_RPCH,6.814,Percent,Annual,2025,,IMF WEO,April 2026,historical
2006,RUS,Russia,export_volume_growth,TX_RPCH,6.664,Percent,Annual,2025,,IMF WEO,April 2026,historical
2007,RUS,Russia,export_volume_growth,TX_RPCH,6.294,Percent,Annual,2025,,IMF WEO,April 2026,historical
2008,RUS,Russia,export_volume_growth,TX_RPCH,3.85,Percent,Annual,2025,,IMF WEO,April 2026,historical
2009,RUS,Russia,export_volume_growth,TX_RPCH,-4.505,Percent,Annual,2025,,IMF WEO,April 2026,historical
2010,RUS,Russia,export_volume_growth,TX_RPCH,8.611,Percent,Annual,2025,,IMF WEO,April 2026,historical
2011,RUS,Russia,export_volume_growth,TX_RPCH,-2.093,Percent,Annual,2025,,IMF WEO,April 2026,historical
2012,RUS,Russia,export_volume_growth,TX_RPCH,-0.061,Percent,Annual,2025,,IMF WEO,April 2026,historical
2013,RUS,Russia,export_volume_growth,TX_RPCH,4.885,Percent,Annual,2025,,IMF WEO,April 2026,historical
2014,RUS,Russia,export_volume_growth,TX_RPCH,-0.976,Percent,Annual,2025,,IMF WEO,April 2026,historical
2015,RUS,Russia,export_volume_growth,TX_RPCH,2.97,Percent,Annual,2025,,IMF WEO,April 2026,historical
2016,RUS,Russia,export_volume_growth,TX_RPCH,1.85,Percent,Annual,2025,,IMF WEO,April 2026,historical
2017,RUS,Russia,export_volume_growth,TX_RPCH,4.462,Percent,Annual,2025,,IMF WEO,April 2026,historical
2018,RUS,Russia,export_volume_growth,TX_RPCH,5.103,Percent,Annual,2025,,IMF WEO,April 2026,historical
2019,RUS,Russia,export_volume_growth,TX_RPCH,-3.349,Percent,Annual,2025,,IMF WEO,April 2026,historical
2020,RUS,Russia,export_volume_growth,TX_RPCH,-4.396,Percent,Annual,2025,,IMF WEO,April 2026,historical
2021,RUS,Russia,export_volume_growth,TX_RPCH,0.574,Percent,Annual,2025,,IMF WEO,April 2026,historical
2022,RUS,Russia,export_volume_growth,TX_RPCH,-8.402,Percent,Annual,2025,,IMF WEO,April 2026,historical
2023,RUS,Russia,export_volume_growth,TX_RPCH,-12.036,Percent,Annual,2025,,IMF WEO,April 2026,historical
2024,RUS,Russia,export_volume_growth,TX_RPCH,-1.782,Percent,Annual,2025,,IMF WEO,April 2026,historical
2025,RUS,Russia,export_volume_growth,TX_RPCH,2.39,Percent,Annual,2025,,IMF WEO,April 2026,historical
2026,RUS,Russia,export_volume_growth,TX_RPCH,-1.277,Percent,Annual,2025,,IMF WEO,April 2026,projection
2027,RUS,Russia,export_volume_growth,TX_RPCH,0.735,Percent,Annual,2025,,IMF WEO,April 2026,projection
2028,RUS,Russia,export_volume_growth,TX_RPCH,0.87,Percent,Annual,2025,,IMF WEO,April 2026,projection
2029,RUS,Russia,export_volume_growth,TX_RPCH,1.145,Percent,Annual,2025,,IMF WEO,April 2026,projection
2030,RUS,Russia,export_volume_growth,TX_RPCH,0.65,Percent,Annual,2025,,IMF WEO,April 2026,projection
2031,RUS,Russia,export_volume_growth,TX_RPCH,0.859,Percent,Annual,2025,,IMF WEO,April 2026,projection
1990,RUS,Russia,gdp_current_usd,NGDP,0.69,Domestic currency,Annual,2025,,IMF WEO,April 2026,historical
1991,RUS,Russia,gdp_current_usd,NGDP,1.49,Domestic currency,Annual,2025,,IMF WEO,April 2026,historical
1992,RUS,Russia,gdp_current_usd,NGDP,20.36,Domestic currency,Annual,2025,,IMF WEO,April 2026,historical
1993,RUS,Russia,gdp_current_usd,NGDP,183.68,Domestic currency,Annual,2025,,IMF WEO,April 2026,historical
1994,RUS,Russia,gdp_current_usd,NGDP,654.26,Domestic currency,Annual,2025,,IMF WEO,April 2026,historical
1995,RUS,Russia,gdp_current_usd,NGDP,1530.71,Domestic currency,Annual,2025,,IMF WEO,April 2026,historical
1996,RUS,Russia,gdp_current_usd,NGDP,2151.37,Domestic currency,Annual,2025,,IMF WEO,April 2026,historical
1997,RUS,Russia,gdp_current_usd,NGDP,2509.96,Domestic currency,Annual,2025,,IMF WEO,April 2026,historical
1998,RUS,Russia,gdp_current_usd,NGDP,2817.61,Domestic currency,Annual,2025,,IMF WEO,April 2026,historical
1999,RUS,Russia,gdp_current_usd,NGDP,5167.82,Domestic currency,Annual,2025,,IMF WEO,April 2026,historical
2000,RUS,Russia,gdp_current_usd,NGDP,7827.47,Domestic currency,Annual,2025,,IMF WEO,April 2026,historical
2001,RUS,Russia,gdp_current_usd,NGDP,9582.54,Domestic currency,Annual,2025,,IMF WEO,April 2026,historical
2002,RUS,Russia,gdp_current_usd,NGDP,11604.47,Domestic currency,Annual,2025,,IMF WEO,April 2026,historical
2003,RUS,Russia,gdp_current_usd,NGDP,14152.13,Domestic currency,Annual,2025,,IMF WEO,April 2026,historical
2004,RUS,Russia,gdp_current_usd,NGDP,18243.96,Domestic currency,Annual,2025,,IMF WEO,April 2026,historical
2005,RUS,Russia,gdp_current_usd,NGDP,23153.9,Domestic currency,Annual,2025,,IMF WEO,April 2026,historical
2006,RUS,Russia,gdp_current_usd,NGDP,28840.56,Domestic currency,Annual,2025,,IMF WEO,April 2026,historical
2007,RUS,Russia,gdp_current_usd,NGDP,35623.16,Domestic currency,Annual,2025,,IMF WEO,April 2026,historical
2008,RUS,Russia,gdp_current_usd,NGDP,44226.32,Domestic currency,Annual,2025,,IMF WEO,April 2026,historical
2009,RUS,Russia,gdp_current_usd,NGDP,41580.16,Domestic currency,Annual,2025,,IMF WEO,April 2026,historical
2010,RUS,Russia,gdp_current_usd,NGDP,49617.63,Domestic currency,Annual,2025,,IMF WEO,April 2026,historical
2011,RUS,Russia,gdp_current_usd,NGDP,60114.001,Domestic currency,Annual,2025,,IMF WEO,April 2026,historical
2012,RUS,Russia,gdp_current_usd,NGDP,68103.45,Domestic currency,Annual,2025,,IMF WEO,April 2026,historical
2013,RUS,Russia,gdp_current_usd,NGDP,72985.701,Domestic currency,Annual,2025,,IMF WEO,April 2026,historical
2014,RUS,Russia,gdp_current_usd,NGDP,79030.04,Domestic currency,Annual,2025,,IMF WEO,April 2026,historical
2015,RUS,Russia,gdp_current_usd,NGDP,83087.36,Domestic currency,Annual,2025,,IMF WEO,April 2026,historical
2016,RUS,Russia,gdp_current_usd,NGDP,85616.084,Domestic currency,Annual,2025,,IMF WEO,April 2026,historical
2017,RUS,Russia,gdp_current_usd,NGDP,91843.154,Domestic currency,Annual,2025,,IMF WEO,April 2026,historical
2018,RUS,Russia,gdp_current_usd,NGDP,103861.651,Domestic currency,Annual,2025,,IMF WEO,April 2026,historical
2019,RUS,Russia,gdp_current_usd,NGDP,109608.306,Domestic currency,Annual,2025,,IMF WEO,April 2026,historical
2020,RUS,Russia,gdp_current_usd,NGDP,107658.131,Domestic currency,Annual,2025,,IMF WEO,April 2026,historical
2021,RUS,Russia,gdp_current_usd,NGDP,134727.467,Domestic currency,Annual,2025,,IMF WEO,April 2026,historical
2022,RUS,Russia,gdp_current_usd,NGDP,157001.394,Domestic currency,Annual,2025,,IMF WEO,April 2026,historical
2023,RUS,Russia,gdp_current_usd,NGDP,174265.726,Domestic currency,Annual,2025,,IMF WEO,April 2026,historical
2024,RUS,Russia,gdp_current_usd,NGDP,202320.46,Domestic currency,Annual,2025,,IMF WEO,April 2026,historical
2025,RUS,Russia,gdp_current_usd,NGDP,213515.828,Domestic currency,Annual,2025,,IMF WEO,April 2026,historical
2026,RUS,Russia,gdp_current_usd,NGDP,222620.133,Domestic currency,Annual,2025,,IMF WEO,April 2026,projection
2027,RUS,Russia,gdp_current_usd,NGDP,231220.806,Domestic currency,Annual,2025,,IMF WEO,April 2026,projection
2028,RUS,Russia,gdp_current_usd,NGDP,242789.621,Domestic currency,Annual,2025,,IMF WEO,April 2026,projection
2029,RUS,Russia,gdp_current_usd,NGDP,254296.287,Domestic currency,Annual,2025,,IMF WEO,April 2026,projection
2030,RUS,Russia,gdp_current_usd,NGDP,266836.985,Domestic currency,Annual,2025,,IMF WEO,April 2026,projection
2031,RUS,Russia,gdp_current_usd,NGDP,280122.57,Domestic currency,Annual,2025,,IMF WEO,April 2026,projection
1993,RUS,Russia,import_price_growth,TMG_RPCH,-9.4,Percent,Annual,2025,,IMF WEO,April 2026,historical
1994,RUS,Russia,import_price_growth,TMG_RPCH,9.4,Percent,Annual,2025,,IMF WEO,April 2026,historical
1995,RUS,Russia,import_price_growth,TMG_RPCH,8.1,Percent,Annual,2025,,IMF WEO,April 2026,historical
1996,RUS,Russia,import_price_growth,TMG_RPCH,9.584,Percent,Annual,2025,,IMF WEO,April 2026,historical
1997,RUS,Russia,import_price_growth,TMG_RPCH,62.214,Percent,Annual,2025,,IMF WEO,April 2026,historical
1998,RUS,Russia,import_price_growth,TMG_RPCH,-16.162,Percent,Annual,2025,,IMF WEO,April 2026,historical
1999,RUS,Russia,import_price_growth,TMG_RPCH,-34.518,Percent,Annual,2025,,IMF WEO,April 2026,historical
2000,RUS,Russia,import_price_growth,TMG_RPCH,12.824,Percent,Annual,2025,,IMF WEO,April 2026,historical
2001,RUS,Russia,import_price_growth,TMG_RPCH,14.043,Percent,Annual,2025,,IMF WEO,April 2026,historical
2002,RUS,Russia,import_price_growth,TMG_RPCH,21.275,Percent,Annual,2025,,IMF WEO,April 2026,historical
2003,RUS,Russia,import_price_growth,TMG_RPCH,3.447,Percent,Annual,2025,,IMF WEO,April 2026,historical
2004,RUS,Russia,import_price_growth,TMG_RPCH,7.987,Percent,Annual,2025,,IMF WEO,April 2026,historical
2005,RUS,Russia,import_price_growth,TMG_RPCH,8.393,Percent,Annual,2025,,IMF WEO,April 2026,historical
2006,RUS,Russia,import_price_growth,TMG_RPCH,32.225,Percent,Annual,2025,,IMF WEO,April 2026,historical
2007,RUS,Russia,import_price_growth,TMG_RPCH,36.35,Percent,Annual,2025,,IMF WEO,April 2026,historical
2008,RUS,Russia,import_price_growth,TMG_RPCH,21.25,Percent,Annual,2025,,IMF WEO,April 2026,historical
2009,RUS,Russia,import_price_growth,TMG_RPCH,-36.35,Percent,Annual,2025,,IMF WEO,April 2026,historical
2010,RUS,Russia,import_price_growth,TMG_RPCH,33.0,Percent,Annual,2025,,IMF WEO,April 2026,historical
2011,RUS,Russia,import_price_growth,TMG_RPCH,20.4,Percent,Annual,2025,,IMF WEO,April 2026,historical
2012,RUS,Russia,import_price_growth,TMG_RPCH,4.425,Percent,Annual,2025,,IMF WEO,April 2026,historical
2013,RUS,Russia,import_price_growth,TMG_RPCH,-3.675,Percent,Annual,2025,,IMF WEO,April 2026,historical
2014,RUS,Russia,import_price_growth,TMG_RPCH,-8.0,Percent,Annual,2025,,IMF WEO,April 2026,historical
2015,RUS,Russia,import_price_growth,TMG_RPCH,-25.225,Percent,Annual,2025,,IMF WEO,April 2026,historical
2016,RUS,Russia,import_price_growth,TMG_RPCH,1.45,Percent,Annual,2025,,IMF WEO,April 2026,historical
2017,RUS,Russia,import_price_growth,TMG_RPCH,16.725,Percent,Annual,2025,,IMF WEO,April 2026,historical
2018,RUS,Russia,import_price_growth,TMG_RPCH,2.125,Percent,Annual,2025,,IMF WEO,April 2026,historical
2019,RUS,Russia,import_price_growth,TMG_RPCH,3.025,Percent,Annual,2025,,IMF WEO,April 2026,historical
2020,RUS,Russia,import_price_growth,TMG_RPCH,-3.325,Percent,Annual,2025,,IMF WEO,April 2026,historical
2021,RUS,Russia,import_price_growth,TMG_RPCH,17.125,Percent,Annual,2025,,IMF WEO,April 2026,historical
2022,RUS,Russia,import_price_growth,TMG_RPCH,-14.752,Percent,Annual,2025,,IMF WEO,April 2026,historical
2023,RUS,Russia,import_price_growth,TMG_RPCH,7.875,Percent,Annual,2025,,IMF WEO,April 2026,historical
2024,RUS,Russia,import_price_growth,TMG_RPCH,19.041,Percent,Annual,2025,,IMF WEO,April 2026,historical
2025,RUS,Russia,import_price_growth,TMG_RPCH,8.293,Percent,Annual,2025,,IMF WEO,April 2026,historical
2026,RUS,Russia,import_price_growth,TMG_RPCH,3.101,Percent,Annual,2025,,IMF WEO,April 2026,projection
2027,RUS,Russia,import_price_growth,TMG_RPCH,1.816,Percent,Annual,2025,,IMF WEO,April 2026,projection
2028,RUS,Russia,import_price_growth,TMG_RPCH,3.815,Percent,Annual,2025,,IMF WEO,April 2026,projection
2029,RUS,Russia,import_price_growth,TMG_RPCH,5.159,Percent,Annual,2025,,IMF WEO,April 2026,projection
2030,RUS,Russia,import_price_growth,TMG_RPCH,4.226,Percent,Annual,2025,,IMF WEO,April 2026,projection
2031,RUS,Russia,import_price_growth,TMG_RPCH,4.194,Percent,Annual,2025,,IMF WEO,April 2026,projection
1993,RUS,Russia,import_volume_growth,TM_RPCH,-9.4,Percent,Annual,2025,,IMF WEO,April 2026,historical
1994,RUS,Russia,import_volume_growth,TM_RPCH,9.4,Percent,Annual,2025,,IMF WEO,April 2026,historical
1995,RUS,Russia,import_volume_growth,TM_RPCH,8.867,Percent,Annual,2025,,IMF WEO,April 2026,historical
1996,RUS,Russia,import_volume_growth,TM_RPCH,-4.086,Percent,Annual,2025,,IMF WEO,April 2026,historical
1997,RUS,Russia,import_volume_growth,TM_RPCH,31.309,Percent,Annual,2025,,IMF WEO,April 2026,historical
1998,RUS,Russia,import_volume_growth,TM_RPCH,20.736,Percent,Annual,2025,,IMF WEO,April 2026,historical
1999,RUS,Russia,import_volume_growth,TM_RPCH,-39.802,Percent,Annual,2025,,IMF WEO,April 2026,historical
2000,RUS,Russia,import_volume_growth,TM_RPCH,14.516,Percent,Annual,2025,,IMF WEO,April 2026,historical
2001,RUS,Russia,import_volume_growth,TM_RPCH,16.955,Percent,Annual,2025,,IMF WEO,April 2026,historical
2002,RUS,Russia,import_volume_growth,TM_RPCH,19.019,Percent,Annual,2025,,IMF WEO,April 2026,historical
2003,RUS,Russia,import_volume_growth,TM_RPCH,6.2,Percent,Annual,2025,,IMF WEO,April 2026,historical
2004,RUS,Russia,import_volume_growth,TM_RPCH,11.524,Percent,Annual,2025,,IMF WEO,April 2026,historical
2005,RUS,Russia,import_volume_growth,TM_RPCH,10.037,Percent,Annual,2025,,IMF WEO,April 2026,historical
2006,RUS,Russia,import_volume_growth,TM_RPCH,26.976,Percent,Annual,2025,,IMF WEO,April 2026,historical
2007,RUS,Russia,import_volume_growth,TM_RPCH,34.386,Percent,Annual,2025,,IMF WEO,April 2026,historical
2008,RUS,Russia,import_volume_growth,TM_RPCH,22.18,Percent,Annual,2025,,IMF WEO,April 2026,historical
2009,RUS,Russia,import_volume_growth,TM_RPCH,-32.624,Percent,Annual,2025,,IMF WEO,April 2026,historical
2010,RUS,Russia,import_volume_growth,TM_RPCH,28.98,Percent,Annual,2025,,IMF WEO,April 2026,historical
2011,RUS,Russia,import_volume_growth,TM_RPCH,20.092,Percent,Annual,2025,,IMF WEO,April 2026,historical
2012,RUS,Russia,import_volume_growth,TM_RPCH,7.203,Percent,Annual,2025,,IMF WEO,April 2026,historical
2013,RUS,Russia,import_volume_growth,TM_RPCH,1.117,Percent,Annual,2025,,IMF WEO,April 2026,historical
2014,RUS,Russia,import_volume_growth,TM_RPCH,-7.821,Percent,Annual,2025,,IMF WEO,April 2026,historical
2015,RUS,Russia,import_volume_growth,TM_RPCH,-25.818,Percent,Annual,2025,,IMF WEO,April 2026,historical
2016,RUS,Russia,import_volume_growth,TM_RPCH,-4.283,Percent,Annual,2025,,IMF WEO,April 2026,historical
2017,RUS,Russia,import_volume_growth,TM_RPCH,16.808,Percent,Annual,2025,,IMF WEO,April 2026,historical
2018,RUS,Russia,import_volume_growth,TM_RPCH,2.692,Percent,Annual,2025,,IMF WEO,April 2026,historical
2019,RUS,Russia,import_volume_growth,TM_RPCH,2.815,Percent,Annual,2025,,IMF WEO,April 2026,historical
2020,RUS,Russia,import_volume_growth,TM_RPCH,-11.827,Percent,Annual,2025,,IMF WEO,April 2026,historical
2021,RUS,Russia,import_volume_growth,TM_RPCH,16.64,Percent,Annual,2025,,IMF WEO,April 2026,historical
2022,RUS,Russia,import_volume_growth,TM_RPCH,-13.899,Percent,Annual,2025,,IMF WEO,April 2026,historical
2023,RUS,Russia,import_volume_growth,TM_RPCH,7.834,Percent,Annual,2025,,IMF WEO,April 2026,historical
2024,RUS,Russia,import_volume_growth,TM_RPCH,18.022,Percent,Annual,2025,,IMF WEO,April 2026,historical
2025,RUS,Russia,import_volume_growth,TM_RPCH,7.01,Percent,Annual,2025,,IMF WEO,April 2026,historical
2026,RUS,Russia,import_volume_growth,TM_RPCH,3.128,Percent,Annual,2025,,IMF WEO,April 2026,projection
2027,RUS,Russia,import_volume_growth,TM_RPCH,1.816,Percent,Annual,2025,,IMF WEO,April 2026,projection
2028,RUS,Russia,import_volume_growth,TM_RPCH,3.815,Percent,Annual,2025,,IMF WEO,April 2026,projection
2029,RUS,Russia,import_volume_growth,TM_RPCH,5.159,Percent,Annual,2025,,IMF WEO,April 2026,projection
2030,RUS,Russia,import_volume_growth,TM_RPCH,4.226,Percent,Annual,2025,,IMF WEO,April 2026,projection
2031,RUS,Russia,import_volume_growth,TM_RPCH,4.194,Percent,Annual,2025,,IMF WEO,April 2026,projection
1993,RUS,Russia,real_gdp_growth,NGDP_RPCH,-8.7,Percent,Annual,2025,,IMF WEO,April 2026,historical
1994,RUS,Russia,real_gdp_growth,NGDP_RPCH,-12.7,Percent,Annual,2025,,IMF WEO,April 2026,historical
1995,RUS,Russia,real_gdp_growth,NGDP_RPCH,-4.1,Percent,Annual,2025,,IMF WEO,April 2026,historical
1996,RUS,Russia,real_gdp_growth,NGDP_RPCH,-3.581,Percent,Annual,2025,,IMF WEO,April 2026,historical
1997,RUS,Russia,real_gdp_growth,NGDP_RPCH,1.376,Percent,Annual,2025,,IMF WEO,April 2026,historical
1998,RUS,Russia,real_gdp_growth,NGDP_RPCH,-5.319,Percent,Annual,2025,,IMF WEO,April 2026,historical
1999,RUS,Russia,real_gdp_growth,NGDP_RPCH,6.347,Percent,Annual,2025,,IMF WEO,April 2026,historical
2000,RUS,Russia,real_gdp_growth,NGDP_RPCH,10.054,Percent,Annual,2025,,IMF WEO,April 2026,historical
2001,RUS,Russia,real_gdp_growth,NGDP_RPCH,5.082,Percent,Annual,2025,,IMF WEO,April 2026,historical
2002,RUS,Russia,real_gdp_growth,NGDP_RPCH,4.746,Percent,Annual,2025,,IMF WEO,April 2026,historical
2003,RUS,Russia,real_gdp_growth,NGDP_RPCH,7.356,Percent,Annual,2025,,IMF WEO,April 2026,historical
2004,RUS,Russia,real_gdp_growth,NGDP_RPCH,7.145,Percent,Annual,2025,,IMF WEO,April 2026,historical
2005,RUS,Russia,real_gdp_growth,NGDP_RPCH,6.397,Percent,Annual,2025,,IMF WEO,April 2026,historical
2006,RUS,Russia,real_gdp_growth,NGDP_RPCH,8.165,Percent,Annual,2025,,IMF WEO,April 2026,historical
2007,RUS,Russia,real_gdp_growth,NGDP_RPCH,8.55,Percent,Annual,2025,,IMF WEO,April 2026,historical
2008,RUS,Russia,real_gdp_growth,NGDP_RPCH,5.247,Percent,Annual,2025,,IMF WEO,April 2026,historical
2009,RUS,Russia,real_gdp_growth,NGDP_RPCH,-7.821,Percent,Annual,2025,,IMF WEO,April 2026,historical
2010,RUS,Russia,real_gdp_growth,NGDP_RPCH,4.512,Percent,Annual,2025,,IMF WEO,April 2026,historical
2011,RUS,Russia,real_gdp_growth,NGDP_RPCH,3.995,Percent,Annual,2025,,IMF WEO,April 2026,historical
2012,RUS,Russia,real_gdp_growth,NGDP_RPCH,4.024,Percent,Annual,2025,,IMF WEO,April 2026,historical
2013,RUS,Russia,real_gdp_growth,NGDP_RPCH,1.755,Percent,Annual,2025,,IMF WEO,April 2026,historical
2014,RUS,Russia,real_gdp_growth,NGDP_RPCH,0.736,Percent,Annual,2025,,IMF WEO,April 2026,historical
2015,RUS,Russia,real_gdp_growth,NGDP_RPCH,-1.973,Percent,Annual,2025,,IMF WEO,April 2026,historical
2016,RUS,Russia,real_gdp_growth,NGDP_RPCH,0.194,Percent,Annual,2025,,IMF WEO,April 2026,historical
2017,RUS,Russia,real_gdp_growth,NGDP_RPCH,1.827,Percent,Annual,2025,,IMF WEO,April 2026,historical
2018,RUS,Russia,real_gdp_growth,NGDP_RPCH,2.806,Percent,Annual,2025,,IMF WEO,April 2026,historical
2019,RUS,Russia,real_gdp_growth,NGDP_RPCH,2.198,Percent,Annual,2025,,IMF WEO,April 2026,historical
2020,RUS,Russia,real_gdp_growth,NGDP_RPCH,-2.654,Percent,Annual,2025,,IMF WEO,April 2026,historical
2021,RUS,Russia,real_gdp_growth,NGDP_RPCH,5.866,Percent,Annual,2025,,IMF WEO,April 2026,historical
2022,RUS,Russia,real_gdp_growth,NGDP_RPCH,-1.435,Percent,Annual,2025,,IMF WEO,April 2026,historical
2023,RUS,Russia,real_gdp_growth,NGDP_RPCH,4.067,Percent,Annual,2025,,IMF WEO,April 2026,historical
2024,RUS,Russia,real_gdp_growth,NGDP_RPCH,4.922,Percent,Annual,2025,,IMF WEO,April 2026,historical
2025,RUS,Russia,real_gdp_growth,NGDP_RPCH,0.981,Percent,Annual,2025,,IMF WEO,April 2026,historical
2026,RUS,Russia,real_gdp_growth,NGDP_RPCH,1.091,Percent,Annual,2025,,IMF WEO,April 2026,projection
2027,RUS,Russia,real_gdp_growth,NGDP_RPCH,1.088,Percent,Annual,2025,,IMF WEO,April 2026,projection
2028,RUS,Russia,real_gdp_growth,NGDP_RPCH,1.0,Percent,Annual,2025,,IMF WEO,April 2026,projection
2029,RUS,Russia,real_gdp_growth,NGDP_RPCH,1.0,Percent,Annual,2025,,IMF WEO,April 2026,projection
2030,RUS,Russia,real_gdp_growth,NGDP_RPCH,1.0,Percent,Annual,2025,,IMF WEO,April 2026,projection
2031,RUS,Russia,real_gdp_growth,NGDP_RPCH,1.0,Percent,Annual,2025,,IMF WEO,April 2026,projection
1992,RUS,Russia,unemployment_rate,LUR,5.2,,Annual,2025,,IMF WEO,April 2026,historical
1993,RUS,Russia,unemployment_rate,LUR,5.9,,Annual,2025,,IMF WEO,April 2026,historical
1994,RUS,Russia,unemployment_rate,LUR,8.1,,Annual,2025,,IMF WEO,April 2026,historical
1995,RUS,Russia,unemployment_rate,LUR,8.3,,Annual,2025,,IMF WEO,April 2026,historical
1996,RUS,Russia,unemployment_rate,LUR,9.258,,Annual,2025,,IMF WEO,April 2026,historical
1997,RUS,Russia,unemployment_rate,LUR,10.808,,Annual,2025,,IMF WEO,April 2026,historical
1998,RUS,Russia,unemployment_rate,LUR,11.875,,Annual,2025,,IMF WEO,April 2026,historical
1999,RUS,Russia,unemployment_rate,LUR,13.033,,Annual,2025,,IMF WEO,April 2026,historical
2000,RUS,Russia,unemployment_rate,LUR,10.558,,Annual,2025,,IMF WEO,April 2026,historical
2001,RUS,Russia,unemployment_rate,LUR,8.942,,Annual,2025,,IMF WEO,April 2026,historical
2002,RUS,Russia,unemployment_rate,LUR,8.042,,Annual,2025,,IMF WEO,April 2026,historical
2003,RUS,Russia,unemployment_rate,LUR,8.233,,Annual,2025,,IMF WEO,April 2026,historical
2004,RUS,Russia,unemployment_rate,LUR,7.733,,Annual,2025,,IMF WEO,April 2026,historical
2005,RUS,Russia,unemployment_rate,LUR,7.15,,Annual,2025,,IMF WEO,April 2026,historical
2006,RUS,Russia,unemployment_rate,LUR,7.05,,Annual,2025,,IMF WEO,April 2026,historical
2007,RUS,Russia,unemployment_rate,LUR,6.025,,Annual,2025,,IMF WEO,April 2026,historical
2008,RUS,Russia,unemployment_rate,LUR,6.233,,Annual,2025,,IMF WEO,April 2026,historical
2009,RUS,Russia,unemployment_rate,LUR,8.242,,Annual,2025,,IMF WEO,April 2026,historical
2010,RUS,Russia,unemployment_rate,LUR,7.358,,Annual,2025,,IMF WEO,April 2026,historical
2011,RUS,Russia,unemployment_rate,LUR,6.508,,Annual,2025,,IMF WEO,April 2026,historical
2012,RUS,Russia,unemployment_rate,LUR,5.45,,Annual,2025,,IMF WEO,April 2026,historical
2013,RUS,Russia,unemployment_rate,LUR,5.5,,Annual,2025,,IMF WEO,April 2026,historical
2014,RUS,Russia,unemployment_rate,LUR,5.158,,Annual,2025,,IMF WEO,April 2026,historical
2015,RUS,Russia,unemployment_rate,LUR,5.575,,Annual,2025,,IMF WEO,April 2026,historical
2016,RUS,Russia,unemployment_rate,LUR,5.525,,Annual,2025,,IMF WEO,April 2026,historical
2017,RUS,Russia,unemployment_rate,LUR,5.2,,Annual,2025,,IMF WEO,April 2026,historical
2018,RUS,Russia,unemployment_rate,LUR,4.8,,Annual,2025,,IMF WEO,April 2026,historical
2019,RUS,Russia,unemployment_rate,LUR,4.6,,Annual,2025,,IMF WEO,April 2026,historical
2020,RUS,Russia,unemployment_rate,LUR,5.767,,Annual,2025,,IMF WEO,April 2026,historical
2021,RUS,Russia,unemployment_rate,LUR,4.833,,Annual,2025,,IMF WEO,April 2026,historical
2022,RUS,Russia,unemployment_rate,LUR,3.95,,Annual,2025,,IMF WEO,April 2026,historical
2023,RUS,Russia,unemployment_rate,LUR,3.167,,Annual,2025,,IMF WEO,April 2026,historical
2024,RUS,Russia,unemployment_rate,LUR,2.508,,Annual,2025,,IMF WEO,April 2026,historical
2025,RUS,Russia,unemployment_rate,LUR,2.233,,Annual,2025,,IMF WEO,April 2026,historical
2026,RUS,Russia,unemployment_rate,LUR,2.388,,Annual,2025,,IMF WEO,April 2026,projection
2027,RUS,Russia,unemployment_rate,LUR,2.625,,Annual,2025,,IMF WEO,April 2026,projection
2028,RUS,Russia,unemployment_rate,LUR,3.183,,Annual,2025,,IMF WEO,April 2026,projection
2029,RUS,Russia,unemployment_rate,LUR,3.272,,Annual,2025,,IMF WEO,April 2026,projection
2030,RUS,Russia,unemployment_rate,LUR,3.35,,Annual,2025,,IMF WEO,April 2026,projection
2031,RUS,Russia,unemployment_rate,LUR,3.4,,Annual,2025,,IMF WEO,April 2026,projection
1980,USA,United States,cpi_inflation,PCPIPCH,13.502,Percent,Annual,2025,,IMF WEO,April 2026,historical
1981,USA,United States,cpi_inflation,PCPIPCH,10.378,Percent,Annual,2025,,IMF WEO,April 2026,historical
1982,USA,United States,cpi_inflation,PCPIPCH,6.158,Percent,Annual,2025,,IMF WEO,April 2026,historical
1983,USA,United States,cpi_inflation,PCPIPCH,3.16,Percent,Annual,2025,,IMF WEO,April 2026,historical
1984,USA,United States,cpi_inflation,PCPIPCH,4.368,Percent,Annual,2025,,IMF WEO,April 2026,historical
1985,USA,United States,cpi_inflation,PCPIPCH,3.528,Percent,Annual,2025,,IMF WEO,April 2026,historical
1986,USA,United States,cpi_inflation,PCPIPCH,1.944,Percent,Annual,2025,,IMF WEO,April 2026,historical
1987,USA,United States,cpi_inflation,PCPIPCH,3.578,Percent,Annual,2025,,IMF WEO,April 2026,historical
1988,USA,United States,cpi_inflation,PCPIPCH,4.1,Percent,Annual,2025,,IMF WEO,April 2026,historical
1989,USA,United States,cpi_inflation,PCPIPCH,4.791,Percent,Annual,2025,,IMF WEO,April 2026,historical
1990,USA,United States,cpi_inflation,PCPIPCH,5.419,Percent,Annual,2025,,IMF WEO,April 2026,historical
1991,USA,United States,cpi_inflation,PCPIPCH,4.216,Percent,Annual,2025,,IMF WEO,April 2026,historical
1992,USA,United States,cpi_inflation,PCPIPCH,3.042,Percent,Annual,2025,,IMF WEO,April 2026,historical
1993,USA,United States,cpi_inflation,PCPIPCH,2.97,Percent,Annual,2025,,IMF WEO,April 2026,historical
1994,USA,United States,cpi_inflation,PCPIPCH,2.596,Percent,Annual,2025,,IMF WEO,April 2026,historical
1995,USA,United States,cpi_inflation,PCPIPCH,2.805,Percent,Annual,2025,,IMF WEO,April 2026,historical
1996,USA,United States,cpi_inflation,PCPIPCH,2.937,Percent,Annual,2025,,IMF WEO,April 2026,historical
1997,USA,United States,cpi_inflation,PCPIPCH,2.338,Percent,Annual,2025,,IMF WEO,April 2026,historical
1998,USA,United States,cpi_inflation,PCPIPCH,1.547,Percent,Annual,2025,,IMF WEO,April 2026,historical
1999,USA,United States,cpi_inflation,PCPIPCH,2.193,Percent,Annual,2025,,IMF WEO,April 2026,historical
2000,USA,United States,cpi_inflation,PCPIPCH,3.367,Percent,Annual,2025,,IMF WEO,April 2026,historical
2001,USA,United States,cpi_inflation,PCPIPCH,2.817,Percent,Annual,2025,,IMF WEO,April 2026,historical
2002,USA,United States,cpi_inflation,PCPIPCH,1.596,Percent,Annual,2025,,IMF WEO,April 2026,historical
2003,USA,United States,cpi_inflation,PCPIPCH,2.298,Percent,Annual,2025,,IMF WEO,April 2026,historical
2004,USA,United States,cpi_inflation,PCPIPCH,2.668,Percent,Annual,2025,,IMF WEO,April 2026,historical
2005,USA,United States,cpi_inflation,PCPIPCH,3.366,Percent,Annual,2025,,IMF WEO,April 2026,historical
2006,USA,United States,cpi_inflation,PCPIPCH,3.222,Percent,Annual,2025,,IMF WEO,April 2026,historical
2007,USA,United States,cpi_inflation,PCPIPCH,2.871,Percent,Annual,2025,,IMF WEO,April 2026,historical
2008,USA,United States,cpi_inflation,PCPIPCH,3.815,Percent,Annual,2025,,IMF WEO,April 2026,historical
2009,USA,United States,cpi_inflation,PCPIPCH,-0.32,Percent,Annual,2025,,IMF WEO,April 2026,historical
2010,USA,United States,cpi_inflation,PCPIPCH,1.637,Percent,Annual,2025,,IMF WEO,April 2026,historical
2011,USA,United States,cpi_inflation,PCPIPCH,3.14,Percent,Annual,2025,,IMF WEO,April 2026,historical
2012,USA,United States,cpi_inflation,PCPIPCH,2.073,Percent,Annual,2025,,IMF WEO,April 2026,historical
2013,USA,United States,cpi_inflation,PCPIPCH,1.466,Percent,Annual,2025,,IMF WEO,April 2026,historical
2014,USA,United States,cpi_inflation,PCPIPCH,1.615,Percent,Annual,2025,,IMF WEO,April 2026,historical
2015,USA,United States,cpi_inflation,PCPIPCH,0.121,Percent,Annual,2025,,IMF WEO,April 2026,historical
2016,USA,United States,cpi_inflation,PCPIPCH,1.267,Percent,Annual,2025,,IMF WEO,April 2026,historical
2017,USA,United States,cpi_inflation,PCPIPCH,2.131,Percent,Annual,2025,,IMF WEO,April 2026,historical
2018,USA,United States,cpi_inflation,PCPIPCH,2.439,Percent,Annual,2025,,IMF WEO,April 2026,historical
2019,USA,United States,cpi_inflation,PCPIPCH,1.813,Percent,Annual,2025,,IMF WEO,April 2026,historical
2020,USA,United States,cpi_inflation,PCPIPCH,1.253,Percent,Annual,2025,,IMF WEO,April 2026,historical
2021,USA,United States,cpi_inflation,PCPIPCH,4.681,Percent,Annual,2025,,IMF WEO,April 2026,historical
2022,USA,United States,cpi_inflation,PCPIPCH,7.991,Percent,Annual,2025,,IMF WEO,April 2026,historical
2023,USA,United States,cpi_inflation,PCPIPCH,4.127,Percent,Annual,2025,,IMF WEO,April 2026,historical
2024,USA,United States,cpi_inflation,PCPIPCH,2.952,Percent,Annual,2025,,IMF WEO,April 2026,historical
2025,USA,United States,cpi_inflation,PCPIPCH,2.73,Percent,Annual,2025,,IMF WEO,April 2026,historical
2026,USA,United States,cpi_inflation,PCPIPCH,3.228,Percent,Annual,2025,,IMF WEO,April 2026,projection
2027,USA,United States,cpi_inflation,PCPIPCH,2.141,Percent,Annual,2025,,IMF WEO,April 2026,projection
2028,USA,United States,cpi_inflation,PCPIPCH,2.184,Percent,Annual,2025,,IMF WEO,April 2026,projection
2029,USA,United States,cpi_inflation,PCPIPCH,2.188,Percent,Annual,2025,,IMF WEO,April 2026,projection
2030,USA,United States,cpi_inflation,PCPIPCH,2.19,Percent,Annual,2025,,IMF WEO,April 2026,projection
2031,USA,United States,cpi_inflation,PCPIPCH,2.184,Percent,Annual,2025,,IMF WEO,April 2026,projection
1980,USA,United States,current_account_pct_gdp,BCA_NGDPD,0.081,Percent,Annual,2024,,IMF WEO,April 2026,historical
1981,USA,United States,current_account_pct_gdp,BCA_NGDPD,0.157,Percent,Annual,2024,,IMF WEO,April 2026,historical
1982,USA,United States,current_account_pct_gdp,BCA_NGDPD,-0.165,Percent,Annual,2024,,IMF WEO,April 2026,historical
1983,USA,United States,current_account_pct_gdp,BCA_NGDPD,-1.065,Percent,Annual,2024,,IMF WEO,April 2026,historical
1984,USA,United States,current_account_pct_gdp,BCA_NGDPD,-2.337,Percent,Annual,2024,,IMF WEO,April 2026,historical
1985,USA,United States,current_account_pct_gdp,BCA_NGDPD,-2.723,Percent,Annual,2024,,IMF WEO,April 2026,historical
1986,USA,United States,current_account_pct_gdp,BCA_NGDPD,-3.214,Percent,Annual,2024,,IMF WEO,April 2026,historical
1987,USA,United States,current_account_pct_gdp,BCA_NGDPD,-3.309,Percent,Annual,2024,,IMF WEO,April 2026,historical
1988,USA,United States,current_account_pct_gdp,BCA_NGDPD,-2.314,Percent,Annual,2024,,IMF WEO,April 2026,historical
1989,USA,United States,current_account_pct_gdp,BCA_NGDPD,-1.763,Percent,Annual,2024,,IMF WEO,April 2026,historical
1990,USA,United States,current_account_pct_gdp,BCA_NGDPD,-1.324,Percent,Annual,2024,,IMF WEO,April 2026,historical
1991,USA,United States,current_account_pct_gdp,BCA_NGDPD,0.047,Percent,Annual,2024,,IMF WEO,April 2026,historical
1992,USA,United States,current_account_pct_gdp,BCA_NGDPD,-0.792,Percent,Annual,2024,,IMF WEO,April 2026,historical
1993,USA,United States,current_account_pct_gdp,BCA_NGDPD,-1.237,Percent,Annual,2024,,IMF WEO,April 2026,historical
1994,USA,United States,current_account_pct_gdp,BCA_NGDPD,-1.669,Percent,Annual,2024,,IMF WEO,April 2026,historical
1995,USA,United States,current_account_pct_gdp,BCA_NGDPD,-1.487,Percent,Annual,2024,,IMF WEO,April 2026,historical
1996,USA,United States,current_account_pct_gdp,BCA_NGDPD,-1.546,Percent,Annual,2024,,IMF WEO,April 2026,historical
1997,USA,United States,current_account_pct_gdp,BCA_NGDPD,-1.641,Percent,Annual,2024,,IMF WEO,April 2026,historical
1998,USA,United States,current_account_pct_gdp,BCA_NGDPD,-2.373,Percent,Annual,2024,,IMF WEO,April 2026,historical
1999,USA,United States,current_account_pct_gdp,BCA_NGDPD,-2.976,Percent,Annual,2024,,IMF WEO,April 2026,historical
2000,USA,United States,current_account_pct_gdp,BCA_NGDPD,-3.921,Percent,Annual,2024,,IMF WEO,April 2026,historical
2001,USA,United States,current_account_pct_gdp,BCA_NGDPD,-3.724,Percent,Annual,2024,,IMF WEO,April 2026,historical
2002,USA,United States,current_account_pct_gdp,BCA_NGDPD,-4.173,Percent,Annual,2024,,IMF WEO,April 2026,historical
2003,USA,United States,current_account_pct_gdp,BCA_NGDPD,-4.559,Percent,Annual,2024,,IMF WEO,April 2026,historical
2004,USA,United States,current_account_pct_gdp,BCA_NGDPD,-5.205,Percent,Annual,2024,,IMF WEO,April 2026,historical
2005,USA,United States,current_account_pct_gdp,BCA_NGDPD,-5.746,Percent,Annual,2024,,IMF WEO,April 2026,historical
2006,USA,United States,current_account_pct_gdp,BCA_NGDPD,-5.911,Percent,Annual,2024,,IMF WEO,April 2026,historical
2007,USA,United States,current_account_pct_gdp,BCA_NGDPD,-5.089,Percent,Annual,2024,,IMF WEO,April 2026,historical
2008,USA,United States,current_account_pct_gdp,BCA_NGDPD,-4.716,Percent,Annual,2024,,IMF WEO,April 2026,historical
2009,USA,United States,current_account_pct_gdp,BCA_NGDPD,-2.623,Percent,Annual,2024,,IMF WEO,April 2026,historical
2010,USA,United States,current_account_pct_gdp,BCA_NGDPD,-2.871,Percent,Annual,2024,,IMF WEO,April 2026,historical
2011,USA,United States,current_account_pct_gdp,BCA_NGDPD,-2.919,Percent,Annual,2024,,IMF WEO,April 2026,historical
2012,USA,United States,current_account_pct_gdp,BCA_NGDPD,-2.573,Percent,Annual,2024,,IMF WEO,April 2026,historical
2013,USA,United States,current_account_pct_gdp,BCA_NGDPD,-2.011,Percent,Annual,2024,,IMF WEO,April 2026,historical
2014,USA,United States,current_account_pct_gdp,BCA_NGDPD,-2.102,Percent,Annual,2024,,IMF WEO,April 2026,historical
2015,USA,United States,current_account_pct_gdp,BCA_NGDPD,-2.233,Percent,Annual,2024,,IMF WEO,April 2026,historical
2016,USA,United States,current_account_pct_gdp,BCA_NGDPD,-2.107,Percent,Annual,2024,,IMF WEO,April 2026,historical
2017,USA,United States,current_account_pct_gdp,BCA_NGDPD,-1.874,Percent,Annual,2024,,IMF WEO,April 2026,historical
2018,USA,United States,current_account_pct_gdp,BCA_NGDPD,-2.125,Percent,Annual,2024,,IMF WEO,April 2026,historical
2019,USA,United States,current_account_pct_gdp,BCA_NGDPD,-2.052,Percent,Annual,2024,,IMF WEO,April 2026,historical
2020,USA,United States,current_account_pct_gdp,BCA_NGDPD,-2.777,Percent,Annual,2024,,IMF WEO,April 2026,historical
2021,USA,United States,current_account_pct_gdp,BCA_NGDPD,-3.619,Percent,Annual,2024,,IMF WEO,April 2026,historical
2022,USA,United States,current_account_pct_gdp,BCA_NGDPD,-3.812,Percent,Annual,2024,,IMF WEO,April 2026,historical
2023,USA,United States,current_account_pct_gdp,BCA_NGDPD,-3.337,Percent,Annual,2024,,IMF WEO,April 2026,historical
2024,USA,United States,current_account_pct_gdp,BCA_NGDPD,-4.046,Percent,Annual,2024,,IMF WEO,April 2026,historical
2025,USA,United States,current_account_pct_gdp,BCA_NGDPD,-3.627,Percent,Annual,2024,,IMF WEO,April 2026,projection
2026,USA,United States,current_account_pct_gdp,BCA_NGDPD,-3.705,Percent,Annual,2024,,IMF WEO,April 2026,projection
2027,USA,United States,current_account_pct_gdp,BCA_NGDPD,-3.634,Percent,Annual,2024,,IMF WEO,April 2026,projection
2028,USA,United States,current_account_pct_gdp,BCA_NGDPD,-3.567,Percent,Annual,2024,,IMF WEO,April 2026,projection
2029,USA,United States,current_account_pct_gdp,BCA_NGDPD,-3.619,Percent,Annual,2024,,IMF WEO,April 2026,projection
2030,USA,United States,current_account_pct_gdp,BCA_NGDPD,-3.553,Percent,Annual,2024,,IMF WEO,April 2026,projection
2031,USA,United States,current_account_pct_gdp,BCA_NGDPD,-3.558,Percent,Annual,2024,,IMF WEO,April 2026,projection
1980,USA,United States,export_price_growth,TXG_RPCH,12.305,Percent,Annual,2025,,IMF WEO,April 2026,historical
1981,USA,United States,export_price_growth,TXG_RPCH,-0.641,Percent,Annual,2025,,IMF WEO,April 2026,historical
1982,USA,United States,export_price_growth,TXG_RPCH,-8.486,Percent,Annual,2025,,IMF WEO,April 2026,historical
1983,USA,United States,export_price_growth,TXG_RPCH,-3.258,Percent,Annual,2025,,IMF WEO,April 2026,historical
1984,USA,United States,export_price_growth,TXG_RPCH,7.078,Percent,Annual,2025,,IMF WEO,April 2026,historical
1985,USA,United States,export_price_growth,TXG_RPCH,3.527,Percent,Annual,2025,,IMF WEO,April 2026,historical
1986,USA,United States,export_price_growth,TXG_RPCH,5.359,Percent,Annual,2025,,IMF WEO,April 2026,historical
1987,USA,United States,export_price_growth,TXG_RPCH,12.225,Percent,Annual,2025,,IMF WEO,April 2026,historical
1988,USA,United States,export_price_growth,TXG_RPCH,17.776,Percent,Annual,2025,,IMF WEO,April 2026,historical
1989,USA,United States,export_price_growth,TXG_RPCH,11.431,Percent,Annual,2025,,IMF WEO,April 2026,historical
1990,USA,United States,export_price_growth,TXG_RPCH,8.57,Percent,Annual,2025,,IMF WEO,April 2026,historical
1991,USA,United States,export_price_growth,TXG_RPCH,6.711,Percent,Annual,2025,,IMF WEO,April 2026,historical
1992,USA,United States,export_price_growth,TXG_RPCH,7.535,Percent,Annual,2025,,IMF WEO,April 2026,historical
1993,USA,United States,export_price_growth,TXG_RPCH,3.246,Percent,Annual,2025,,IMF WEO,April 2026,historical
1994,USA,United States,export_price_growth,TXG_RPCH,9.572,Percent,Annual,2025,,IMF WEO,April 2026,historical
1995,USA,United States,export_price_growth,TXG_RPCH,11.641,Percent,Annual,2025,,IMF WEO,April 2026,historical
1996,USA,United States,export_price_growth,TXG_RPCH,8.894,Percent,Annual,2025,,IMF WEO,April 2026,historical
1997,USA,United States,export_price_growth,TXG_RPCH,14.487,Percent,Annual,2025,,IMF WEO,April 2026,historical
1998,USA,United States,export_price_growth,TXG_RPCH,2.173,Percent,Annual,2025,,IMF WEO,April 2026,historical
1999,USA,United States,export_price_growth,TXG_RPCH,4.192,Percent,Annual,2025,,IMF WEO,April 2026,historical
2000,USA,United States,export_price_growth,TXG_RPCH,9.809,Percent,Annual,2025,,IMF WEO,April 2026,historical
2001,USA,United States,export_price_growth,TXG_RPCH,-6.43,Percent,Annual,2025,,IMF WEO,April 2026,historical
2002,USA,United States,export_price_growth,TXG_RPCH,-3.455,Percent,Annual,2025,,IMF WEO,April 2026,historical
2003,USA,United States,export_price_growth,TXG_RPCH,2.897,Percent,Annual,2025,,IMF WEO,April 2026,historical
2004,USA,United States,export_price_growth,TXG_RPCH,8.989,Percent,Annual,2025,,IMF WEO,April 2026,historical
2005,USA,United States,export_price_growth,TXG_RPCH,7.621,Percent,Annual,2025,,IMF WEO,April 2026,historical
2006,USA,United States,export_price_growth,TXG_RPCH,10.059,Percent,Annual,2025,,IMF WEO,April 2026,historical
2007,USA,United States,export_price_growth,TXG_RPCH,6.998,Percent,Annual,2025,,IMF WEO,April 2026,historical
2008,USA,United States,export_price_growth,TXG_RPCH,5.871,Percent,Annual,2025,,IMF WEO,April 2026,historical
2009,USA,United States,export_price_growth,TXG_RPCH,-11.862,Percent,Annual,2025,,IMF WEO,April 2026,historical
2010,USA,United States,export_price_growth,TXG_RPCH,15.182,Percent,Annual,2025,,IMF WEO,April 2026,historical
2011,USA,United States,export_price_growth,TXG_RPCH,7.469,Percent,Annual,2025,,IMF WEO,April 2026,historical
2012,USA,United States,export_price_growth,TXG_RPCH,3.954,Percent,Annual,2025,,IMF WEO,April 2026,historical
2013,USA,United States,export_price_growth,TXG_RPCH,2.932,Percent,Annual,2025,,IMF WEO,April 2026,historical
2014,USA,United States,export_price_growth,TXG_RPCH,4.472,Percent,Annual,2025,,IMF WEO,April 2026,historical
2015,USA,United States,export_price_growth,TXG_RPCH,-0.334,Percent,Annual,2025,,IMF WEO,April 2026,historical
2016,USA,United States,export_price_growth,TXG_RPCH,0.647,Percent,Annual,2025,,IMF WEO,April 2026,historical
2017,USA,United States,export_price_growth,TXG_RPCH,4.136,Percent,Annual,2025,,IMF WEO,April 2026,historical
2018,USA,United States,export_price_growth,TXG_RPCH,4.233,Percent,Annual,2025,,IMF WEO,April 2026,historical
2019,USA,United States,export_price_growth,TXG_RPCH,0.172,Percent,Annual,2025,,IMF WEO,April 2026,historical
2020,USA,United States,export_price_growth,TXG_RPCH,-10.05,Percent,Annual,2025,,IMF WEO,April 2026,historical
2021,USA,United States,export_price_growth,TXG_RPCH,7.683,Percent,Annual,2025,,IMF WEO,April 2026,historical
2022,USA,United States,export_price_growth,TXG_RPCH,6.12,Percent,Annual,2025,,IMF WEO,April 2026,historical
2023,USA,United States,export_price_growth,TXG_RPCH,2.173,Percent,Annual,2025,,IMF WEO,April 2026,historical
2024,USA,United States,export_price_growth,TXG_RPCH,2.037,Percent,Annual,2025,,IMF WEO,April 2026,historical
2025,USA,United States,export_price_growth,TXG_RPCH,1.838,Percent,Annual,2025,,IMF WEO,April 2026,historical
2026,USA,United States,export_price_growth,TXG_RPCH,0.414,Percent,Annual,2025,,IMF WEO,April 2026,projection
2027,USA,United States,export_price_growth,TXG_RPCH,1.388,Percent,Annual,2025,,IMF WEO,April 2026,projection
2028,USA,United States,export_price_growth,TXG_RPCH,1.823,Percent,Annual,2025,,IMF WEO,April 2026,projection
2029,USA,United States,export_price_growth,TXG_RPCH,1.691,Percent,Annual,2025,,IMF WEO,April 2026,projection
2030,USA,United States,export_price_growth,TXG_RPCH,1.805,Percent,Annual,2025,,IMF WEO,April 2026,projection
2031,USA,United States,export_price_growth,TXG_RPCH,1.709,Percent,Annual,2025,,IMF WEO,April 2026,projection
1980,USA,United States,export_volume_growth,TX_RPCH,10.778,Percent,Annual,2025,,IMF WEO,April 2026,historical
1981,USA,United States,export_volume_growth,TX_RPCH,1.213,Percent,Annual,2025,,IMF WEO,April 2026,historical
1982,USA,United States,export_volume_growth,TX_RPCH,-7.662,Percent,Annual,2025,,IMF WEO,April 2026,historical
1983,USA,United States,export_volume_growth,TX_RPCH,-2.589,Percent,Annual,2025,,IMF WEO,April 2026,historical
1984,USA,United States,export_volume_growth,TX_RPCH,8.15,Percent,Annual,2025,,IMF WEO,April 2026,historical
1985,USA,United States,export_volume_growth,TX_RPCH,3.348,Percent,Annual,2025,,IMF WEO,April 2026,historical
1986,USA,United States,export_volume_growth,TX_RPCH,7.672,Percent,Annual,2025,,IMF WEO,April 2026,historical
1987,USA,United States,export_volume_growth,TX_RPCH,10.929,Percent,Annual,2025,,IMF WEO,April 2026,historical
1988,USA,United States,export_volume_growth,TX_RPCH,16.212,Percent,Annual,2025,,IMF WEO,April 2026,historical
1989,USA,United States,export_volume_growth,TX_RPCH,11.57,Percent,Annual,2025,,IMF WEO,April 2026,historical
1990,USA,United States,export_volume_growth,TX_RPCH,8.827,Percent,Annual,2025,,IMF WEO,April 2026,historical
1991,USA,United States,export_volume_growth,TX_RPCH,6.614,Percent,Annual,2025,,IMF WEO,April 2026,historical
1992,USA,United States,export_volume_growth,TX_RPCH,6.923,Percent,Annual,2025,,IMF WEO,April 2026,historical
1993,USA,United States,export_volume_growth,TX_RPCH,3.271,Percent,Annual,2025,,IMF WEO,April 2026,historical
1994,USA,United States,export_volume_growth,TX_RPCH,8.836,Percent,Annual,2025,,IMF WEO,April 2026,historical
1995,USA,United States,export_volume_growth,TX_RPCH,10.277,Percent,Annual,2025,,IMF WEO,April 2026,historical
1996,USA,United States,export_volume_growth,TX_RPCH,8.174,Percent,Annual,2025,,IMF WEO,April 2026,historical
1997,USA,United States,export_volume_growth,TX_RPCH,11.908,Percent,Annual,2025,,IMF WEO,April 2026,historical
1998,USA,United States,export_volume_growth,TX_RPCH,2.338,Percent,Annual,2025,,IMF WEO,April 2026,historical
1999,USA,United States,export_volume_growth,TX_RPCH,4.98,Percent,Annual,2025,,IMF WEO,April 2026,historical
2000,USA,United States,export_volume_growth,TX_RPCH,8.312,Percent,Annual,2025,,IMF WEO,April 2026,historical
2001,USA,United States,export_volume_growth,TX_RPCH,-5.58,Percent,Annual,2025,,IMF WEO,April 2026,historical
2002,USA,United States,export_volume_growth,TX_RPCH,-1.954,Percent,Annual,2025,,IMF WEO,April 2026,historical
2003,USA,United States,export_volume_growth,TX_RPCH,2.105,Percent,Annual,2025,,IMF WEO,April 2026,historical
2004,USA,United States,export_volume_growth,TX_RPCH,9.644,Percent,Annual,2025,,IMF WEO,April 2026,historical
2005,USA,United States,export_volume_growth,TX_RPCH,6.945,Percent,Annual,2025,,IMF WEO,April 2026,historical
2006,USA,United States,export_volume_growth,TX_RPCH,9.478,Percent,Annual,2025,,IMF WEO,April 2026,historical
2007,USA,United States,export_volume_growth,TX_RPCH,8.762,Percent,Annual,2025,,IMF WEO,April 2026,historical
2008,USA,United States,export_volume_growth,TX_RPCH,5.789,Percent,Annual,2025,,IMF WEO,April 2026,historical
2009,USA,United States,export_volume_growth,TX_RPCH,-8.311,Percent,Annual,2025,,IMF WEO,April 2026,historical
2010,USA,United States,export_volume_growth,TX_RPCH,12.647,Percent,Annual,2025,,IMF WEO,April 2026,historical
2011,USA,United States,export_volume_growth,TX_RPCH,7.178,Percent,Annual,2025,,IMF WEO,April 2026,historical
2012,USA,United States,export_volume_growth,TX_RPCH,4.019,Percent,Annual,2025,,IMF WEO,April 2026,historical
2013,USA,United States,export_volume_growth,TX_RPCH,3.01,Percent,Annual,2025,,IMF WEO,April 2026,historical
2014,USA,United States,export_volume_growth,TX_RPCH,3.902,Percent,Annual,2025,,IMF WEO,April 2026,historical
2015,USA,United States,export_volume_growth,TX_RPCH,0.32,Percent,Annual,2025,,IMF WEO,April 2026,historical
2016,USA,United States,export_volume_growth,TX_RPCH,0.474,Percent,Annual,2025,,IMF WEO,April 2026,historical
2017,USA,United States,export_volume_growth,TX_RPCH,4.115,Percent,Annual,2025,,IMF WEO,April 2026,historical
2018,USA,United States,export_volume_growth,TX_RPCH,2.854,Percent,Annual,2025,,IMF WEO,April 2026,historical
2019,USA,United States,export_volume_growth,TX_RPCH,0.533,Percent,Annual,2025,,IMF WEO,April 2026,historical
2020,USA,United States,export_volume_growth,TX_RPCH,-12.623,Percent,Annual,2025,,IMF WEO,April 2026,historical
2021,USA,United States,export_volume_growth,TX_RPCH,6.459,Percent,Annual,2025,,IMF WEO,April 2026,historical
2022,USA,United States,export_volume_growth,TX_RPCH,7.613,Percent,Annual,2025,,IMF WEO,April 2026,historical
2023,USA,United States,export_volume_growth,TX_RPCH,2.79,Percent,Annual,2025,,IMF WEO,April 2026,historical
2024,USA,United States,export_volume_growth,TX_RPCH,3.643,Percent,Annual,2025,,IMF WEO,April 2026,historical
2025,USA,United States,export_volume_growth,TX_RPCH,1.586,Percent,Annual,2025,,IMF WEO,April 2026,historical
2026,USA,United States,export_volume_growth,TX_RPCH,1.833,Percent,Annual,2025,,IMF WEO,April 2026,projection
2027,USA,United States,export_volume_growth,TX_RPCH,2.964,Percent,Annual,2025,,IMF WEO,April 2026,projection
2028,USA,United States,export_volume_growth,TX_RPCH,2.76,Percent,Annual,2025,,IMF WEO,April 2026,projection
2029,USA,United States,export_volume_growth,TX_RPCH,2.235,Percent,Annual,2025,,IMF WEO,April 2026,projection
2030,USA,United States,export_volume_growth,TX_RPCH,2.108,Percent,Annual,2025,,IMF WEO,April 2026,projection
2031,USA,United States,export_volume_growth,TX_RPCH,2.083,Percent,Annual,2025,,IMF WEO,April 2026,projection
1980,USA,United States,gdp_current_usd,NGDP,2857.325,Domestic currency,Annual,2025,,IMF WEO,April 2026,historical
1981,USA,United States,gdp_current_usd,NGDP,3207.025,Domestic currency,Annual,2025,,IMF WEO,April 2026,historical
1982,USA,United States,gdp_current_usd,NGDP,3343.8,Domestic currency,Annual,2025,,IMF WEO,April 2026,historical
1983,USA,United States,gdp_current_usd,NGDP,3634.025,Domestic currency,Annual,2025,,IMF WEO,April 2026,historical
1984,USA,United States,gdp_current_usd,NGDP,4037.65,Domestic currency,Annual,2025,,IMF WEO,April 2026,historical
1985,USA,United States,gdp_current_usd,NGDP,4339.0,Domestic currency,Annual,2025,,IMF WEO,April 2026,historical
1986,USA,United States,gdp_current_usd,NGDP,4579.625,Domestic currency,Annual,2025,,IMF WEO,April 2026,historical
1987,USA,United States,gdp_current_usd,NGDP,4855.25,Domestic currency,Annual,2025,,IMF WEO,April 2026,historical
1988,USA,United States,gdp_current_usd,NGDP,5236.425,Domestic currency,Annual,2025,,IMF WEO,April 2026,historical
1989,USA,United States,gdp_current_usd,NGDP,5641.6,Domestic currency,Annual,2025,,IMF WEO,April 2026,historical
1990,USA,United States,gdp_current_usd,NGDP,5963.125,Domestic currency,Annual,2025,,IMF WEO,April 2026,historical
1991,USA,United States,gdp_current_usd,NGDP,6158.125,Domestic currency,Annual,2025,,IMF WEO,April 2026,historical
1992,USA,United States,gdp_current_usd,NGDP,6520.325,Domestic currency,Annual,2025,,IMF WEO,April 2026,historical
1993,USA,United States,gdp_current_usd,NGDP,6858.55,Domestic currency,Annual,2025,,IMF WEO,April 2026,historical
1994,USA,United States,gdp_current_usd,NGDP,7287.25,Domestic currency,Annual,2025,,IMF WEO,April 2026,historical
1995,USA,United States,gdp_current_usd,NGDP,7639.75,Domestic currency,Annual,2025,,IMF WEO,April 2026,historical
1996,USA,United States,gdp_current_usd,NGDP,8073.125,Domestic currency,Annual,2025,,IMF WEO,April 2026,historical
1997,USA,United States,gdp_current_usd,NGDP,8577.55,Domestic currency,Annual,2025,,IMF WEO,April 2026,historical
1998,USA,United States,gdp_current_usd,NGDP,9062.825,Domestic currency,Annual,2025,,IMF WEO,April 2026,historical
1999,USA,United States,gdp_current_usd,NGDP,9631.175,Domestic currency,Annual,2025,,IMF WEO,April 2026,historical
2000,USA,United States,gdp_current_usd,NGDP,10250.95,Domestic currency,Annual,2025,,IMF WEO,April 2026,historical
2001,USA,United States,gdp_current_usd,NGDP,10581.925,Domestic currency,Annual,2025,,IMF WEO,April 2026,historical
2002,USA,United States,gdp_current_usd,NGDP,10929.1,Domestic currency,Annual,2025,,IMF WEO,April 2026,historical
2003,USA,United States,gdp_current_usd,NGDP,11456.45,Domestic currency,Annual,2025,,IMF WEO,April 2026,historical
2004,USA,United States,gdp_current_usd,NGDP,12217.175,Domestic currency,Annual,2025,,IMF WEO,April 2026,historical
2005,USA,United States,gdp_current_usd,NGDP,13039.2,Domestic currency,Annual,2025,,IMF WEO,April 2026,historical
2006,USA,United States,gdp_current_usd,NGDP,13815.6,Domestic currency,Annual,2025,,IMF WEO,April 2026,historical
2007,USA,United States,gdp_current_usd,NGDP,14474.25,Domestic currency,Annual,2025,,IMF WEO,April 2026,historical
2008,USA,United States,gdp_current_usd,NGDP,14769.85,Domestic currency,Annual,2025,,IMF WEO,April 2026,historical
2009,USA,United States,gdp_current_usd,NGDP,14478.05,Domestic currency,Annual,2025,,IMF WEO,April 2026,historical
2010,USA,United States,gdp_current_usd,NGDP,15048.975,Domestic currency,Annual,2025,,IMF WEO,April 2026,historical
2011,USA,United States,gdp_current_usd,NGDP,15599.725,Domestic currency,Annual,2025,,IMF WEO,April 2026,historical
2012,USA,United States,gdp_current_usd,NGDP,16253.95,Domestic currency,Annual,2025,,IMF WEO,April 2026,historical
2013,USA,United States,gdp_current_usd,NGDP,16880.675,Domestic currency,Annual,2025,,IMF WEO,April 2026,historical
2014,USA,United States,gdp_current_usd,NGDP,17608.125,Domestic currency,Annual,2025,,IMF WEO,April 2026,historical
2015,USA,United States,gdp_current_usd,NGDP,18295.0,Domestic currency,Annual,2025,,IMF WEO,April 2026,historical
2016,USA,United States,gdp_current_usd,NGDP,18804.9,Domestic currency,Annual,2025,,IMF WEO,April 2026,historical
2017,USA,United States,gdp_current_usd,NGDP,19612.1,Domestic currency,Annual,2025,,IMF WEO,April 2026,historical
2018,USA,United States,gdp_current_usd,NGDP,20656.525,Domestic currency,Annual,2025,,IMF WEO,April 2026,historical
2019,USA,United States,gdp_current_usd,NGDP,21539.975,Domestic currency,Annual,2025,,IMF WEO,April 2026,historical
2020,USA,United States,gdp_current_usd,NGDP,21375.275,Domestic currency,Annual,2025,,IMF WEO,April 2026,historical
2021,USA,United States,gdp_current_usd,NGDP,23725.65,Domestic currency,Annual,2025,,IMF WEO,April 2026,historical
2022,USA,United States,gdp_current_usd,NGDP,26054.6,Domestic currency,Annual,2025,,IMF WEO,April 2026,historical
2023,USA,United States,gdp_current_usd,NGDP,27811.5,Domestic currency,Annual,2025,,IMF WEO,April 2026,historical
2024,USA,United States,gdp_current_usd,NGDP,29298.025,Domestic currency,Annual,2025,,IMF WEO,April 2026,historical
2025,USA,United States,gdp_current_usd,NGDP,30767.075,Domestic currency,Annual,2025,,IMF WEO,April 2026,historical
2026,USA,United States,gdp_current_usd,NGDP,32383.92,Domestic currency,Annual,2025,,IMF WEO,April 2026,projection
2027,USA,United States,gdp_current_usd,NGDP,33790.035,Domestic currency,Annual,2025,,IMF WEO,April 2026,projection
2028,USA,United States,gdp_current_usd,NGDP,35065.9,Domestic currency,Annual,2025,,IMF WEO,April 2026,projection
2029,USA,United States,gdp_current_usd,NGDP,36360.58,Domestic currency,Annual,2025,,IMF WEO,April 2026,projection
2030,USA,United States,gdp_current_usd,NGDP,37677.878,Domestic currency,Annual,2025,,IMF WEO,April 2026,projection
2031,USA,United States,gdp_current_usd,NGDP,39031.262,Domestic currency,Annual,2025,,IMF WEO,April 2026,projection
1980,USA,United States,import_price_growth,TMG_RPCH,-7.441,Percent,Annual,2025,,IMF WEO,April 2026,historical
1981,USA,United States,import_price_growth,TMG_RPCH,2.048,Percent,Annual,2025,,IMF WEO,April 2026,historical
1982,USA,United States,import_price_growth,TMG_RPCH,-2.525,Percent,Annual,2025,,IMF WEO,April 2026,historical
1983,USA,United States,import_price_growth,TMG_RPCH,13.573,Percent,Annual,2025,,IMF WEO,April 2026,historical
1984,USA,United States,import_price_growth,TMG_RPCH,24.2,Percent,Annual,2025,,IMF WEO,April 2026,historical
1985,USA,United States,import_price_growth,TMG_RPCH,6.255,Percent,Annual,2025,,IMF WEO,April 2026,historical
1986,USA,United States,import_price_growth,TMG_RPCH,10.234,Percent,Annual,2025,,IMF WEO,April 2026,historical
1987,USA,United States,import_price_growth,TMG_RPCH,4.659,Percent,Annual,2025,,IMF WEO,April 2026,historical
1988,USA,United States,import_price_growth,TMG_RPCH,4.054,Percent,Annual,2025,,IMF WEO,April 2026,historical
1989,USA,United States,import_price_growth,TMG_RPCH,4.303,Percent,Annual,2025,,IMF WEO,April 2026,historical
1990,USA,United States,import_price_growth,TMG_RPCH,2.911,Percent,Annual,2025,,IMF WEO,April 2026,historical
1991,USA,United States,import_price_growth,TMG_RPCH,0.455,Percent,Annual,2025,,IMF WEO,April 2026,historical
1992,USA,United States,import_price_growth,TMG_RPCH,9.425,Percent,Annual,2025,,IMF WEO,April 2026,historical
1993,USA,United States,import_price_growth,TMG_RPCH,10.006,Percent,Annual,2025,,IMF WEO,April 2026,historical
1994,USA,United States,import_price_growth,TMG_RPCH,13.36,Percent,Annual,2025,,IMF WEO,April 2026,historical
1995,USA,United States,import_price_growth,TMG_RPCH,9.009,Percent,Annual,2025,,IMF WEO,April 2026,historical
1996,USA,United States,import_price_growth,TMG_RPCH,9.371,Percent,Annual,2025,,IMF WEO,April 2026,historical
1997,USA,United States,import_price_growth,TMG_RPCH,14.408,Percent,Annual,2025,,IMF WEO,April 2026,historical
1998,USA,United States,import_price_growth,TMG_RPCH,11.849,Percent,Annual,2025,,IMF WEO,April 2026,historical
1999,USA,United States,import_price_growth,TMG_RPCH,12.812,Percent,Annual,2025,,IMF WEO,April 2026,historical
2000,USA,United States,import_price_growth,TMG_RPCH,13.062,Percent,Annual,2025,,IMF WEO,April 2026,historical
2001,USA,United States,import_price_growth,TMG_RPCH,-3.276,Percent,Annual,2025,,IMF WEO,April 2026,historical
2002,USA,United States,import_price_growth,TMG_RPCH,3.718,Percent,Annual,2025,,IMF WEO,April 2026,historical
2003,USA,United States,import_price_growth,TMG_RPCH,6.097,Percent,Annual,2025,,IMF WEO,April 2026,historical
2004,USA,United States,import_price_growth,TMG_RPCH,11.212,Percent,Annual,2025,,IMF WEO,April 2026,historical
2005,USA,United States,import_price_growth,TMG_RPCH,7.024,Percent,Annual,2025,,IMF WEO,April 2026,historical
2006,USA,United States,import_price_growth,TMG_RPCH,6.075,Percent,Annual,2025,,IMF WEO,April 2026,historical
2007,USA,United States,import_price_growth,TMG_RPCH,1.93,Percent,Annual,2025,,IMF WEO,April 2026,historical
2008,USA,United States,import_price_growth,TMG_RPCH,-3.271,Percent,Annual,2025,,IMF WEO,April 2026,historical
2009,USA,United States,import_price_growth,TMG_RPCH,-15.471,Percent,Annual,2025,,IMF WEO,April 2026,historical
2010,USA,United States,import_price_growth,TMG_RPCH,15.376,Percent,Annual,2025,,IMF WEO,April 2026,historical
2011,USA,United States,import_price_growth,TMG_RPCH,5.515,Percent,Annual,2025,,IMF WEO,April 2026,historical
2012,USA,United States,import_price_growth,TMG_RPCH,2.652,Percent,Annual,2025,,IMF WEO,April 2026,historical
2013,USA,United States,import_price_growth,TMG_RPCH,2.008,Percent,Annual,2025,,IMF WEO,April 2026,historical
2014,USA,United States,import_price_growth,TMG_RPCH,5.565,Percent,Annual,2025,,IMF WEO,April 2026,historical
2015,USA,United States,import_price_growth,TMG_RPCH,5.787,Percent,Annual,2025,,IMF WEO,April 2026,historical
2016,USA,United States,import_price_growth,TMG_RPCH,1.107,Percent,Annual,2025,,IMF WEO,April 2026,historical
2017,USA,United States,import_price_growth,TMG_RPCH,4.476,Percent,Annual,2025,,IMF WEO,April 2026,historical
2018,USA,United States,import_price_growth,TMG_RPCH,5.133,Percent,Annual,2025,,IMF WEO,April 2026,historical
2019,USA,United States,import_price_growth,TMG_RPCH,0.533,Percent,Annual,2025,,IMF WEO,April 2026,historical
2020,USA,United States,import_price_growth,TMG_RPCH,-5.872,Percent,Annual,2025,,IMF WEO,April 2026,historical
2021,USA,United States,import_price_growth,TMG_RPCH,14.474,Percent,Annual,2025,,IMF WEO,April 2026,historical
2022,USA,United States,import_price_growth,TMG_RPCH,6.726,Percent,Annual,2025,,IMF WEO,April 2026,historical
2023,USA,United States,import_price_growth,TMG_RPCH,-1.915,Percent,Annual,2025,,IMF WEO,April 2026,historical
2024,USA,United States,import_price_growth,TMG_RPCH,5.154,Percent,Annual,2025,,IMF WEO,April 2026,historical
2025,USA,United States,import_price_growth,TMG_RPCH,2.487,Percent,Annual,2025,,IMF WEO,April 2026,historical
2026,USA,United States,import_price_growth,TMG_RPCH,1.595,Percent,Annual,2025,,IMF WEO,April 2026,projection
2027,USA,United States,import_price_growth,TMG_RPCH,4.773,Percent,Annual,2025,,IMF WEO,April 2026,projection
2028,USA,United States,import_price_growth,TMG_RPCH,0.06,Percent,Annual,2025,,IMF WEO,April 2026,projection
2029,USA,United States,import_price_growth,TMG_RPCH,1.009,Percent,Annual,2025,,IMF WEO,April 2026,projection
2030,USA,United States,import_price_growth,TMG_RPCH,1.171,Percent,Annual,2025,,IMF WEO,April 2026,projection
2031,USA,United States,import_price_growth,TMG_RPCH,1.498,Percent,Annual,2025,,IMF WEO,April 2026,projection
1980,USA,United States,import_volume_growth,TM_RPCH,-6.664,Percent,Annual,2025,,IMF WEO,April 2026,historical
1981,USA,United States,import_volume_growth,TM_RPCH,2.616,Percent,Annual,2025,,IMF WEO,April 2026,historical
1982,USA,United States,import_volume_growth,TM_RPCH,-1.264,Percent,Annual,2025,,IMF WEO,April 2026,historical
1983,USA,United States,import_volume_growth,TM_RPCH,12.609,Percent,Annual,2025,,IMF WEO,April 2026,historical
1984,USA,United States,import_volume_growth,TM_RPCH,24.344,Percent,Annual,2025,,IMF WEO,April 2026,historical
1985,USA,United States,import_volume_growth,TM_RPCH,6.489,Percent,Annual,2025,,IMF WEO,April 2026,historical
1986,USA,United States,import_volume_growth,TM_RPCH,8.534,Percent,Annual,2025,,IMF WEO,April 2026,historical
1987,USA,United States,import_volume_growth,TM_RPCH,5.937,Percent,Annual,2025,,IMF WEO,April 2026,historical
1988,USA,United States,import_volume_growth,TM_RPCH,3.932,Percent,Annual,2025,,IMF WEO,April 2026,historical
1989,USA,United States,import_volume_growth,TM_RPCH,4.407,Percent,Annual,2025,,IMF WEO,April 2026,historical
1990,USA,United States,import_volume_growth,TM_RPCH,3.573,Percent,Annual,2025,,IMF WEO,April 2026,historical
1991,USA,United States,import_volume_growth,TM_RPCH,-0.151,Percent,Annual,2025,,IMF WEO,April 2026,historical
1992,USA,United States,import_volume_growth,TM_RPCH,7.008,Percent,Annual,2025,,IMF WEO,April 2026,historical
1993,USA,United States,import_volume_growth,TM_RPCH,8.649,Percent,Annual,2025,,IMF WEO,April 2026,historical
1994,USA,United States,import_volume_growth,TM_RPCH,11.932,Percent,Annual,2025,,IMF WEO,April 2026,historical
1995,USA,United States,import_volume_growth,TM_RPCH,8.0,Percent,Annual,2025,,IMF WEO,April 2026,historical
1996,USA,United States,import_volume_growth,TM_RPCH,8.698,Percent,Annual,2025,,IMF WEO,April 2026,historical
1997,USA,United States,import_volume_growth,TM_RPCH,13.465,Percent,Annual,2025,,IMF WEO,April 2026,historical
1998,USA,United States,import_volume_growth,TM_RPCH,11.69,Percent,Annual,2025,,IMF WEO,April 2026,historical
1999,USA,United States,import_volume_growth,TM_RPCH,11.595,Percent,Annual,2025,,IMF WEO,April 2026,historical
2000,USA,United States,import_volume_growth,TM_RPCH,13.0,Percent,Annual,2025,,IMF WEO,April 2026,historical
2001,USA,United States,import_volume_growth,TM_RPCH,-2.462,Percent,Annual,2025,,IMF WEO,April 2026,historical
2002,USA,United States,import_volume_growth,TM_RPCH,3.669,Percent,Annual,2025,,IMF WEO,April 2026,historical
2003,USA,United States,import_volume_growth,TM_RPCH,5.123,Percent,Annual,2025,,IMF WEO,April 2026,historical
2004,USA,United States,import_volume_growth,TM_RPCH,10.984,Percent,Annual,2025,,IMF WEO,April 2026,historical
2005,USA,United States,import_volume_growth,TM_RPCH,6.49,Percent,Annual,2025,,IMF WEO,April 2026,historical
2006,USA,United States,import_volume_growth,TM_RPCH,6.419,Percent,Annual,2025,,IMF WEO,April 2026,historical
2007,USA,United States,import_volume_growth,TM_RPCH,2.566,Percent,Annual,2025,,IMF WEO,April 2026,historical
2008,USA,United States,import_volume_growth,TM_RPCH,-2.148,Percent,Annual,2025,,IMF WEO,April 2026,historical
2009,USA,United States,import_volume_growth,TM_RPCH,-12.627,Percent,Annual,2025,,IMF WEO,April 2026,historical
2010,USA,United States,import_volume_growth,TM_RPCH,12.968,Percent,Annual,2025,,IMF WEO,April 2026,historical
2011,USA,United States,import_volume_growth,TM_RPCH,4.816,Percent,Annual,2025,,IMF WEO,April 2026,historical
2012,USA,United States,import_volume_growth,TM_RPCH,2.449,Percent,Annual,2025,,IMF WEO,April 2026,historical
2013,USA,United States,import_volume_growth,TM_RPCH,1.212,Percent,Annual,2025,,IMF WEO,April 2026,historical
2014,USA,United States,import_volume_growth,TM_RPCH,5.16,Percent,Annual,2025,,IMF WEO,April 2026,historical
2015,USA,United States,import_volume_growth,TM_RPCH,5.191,Percent,Annual,2025,,IMF WEO,April 2026,historical
2016,USA,United States,import_volume_growth,TM_RPCH,1.458,Percent,Annual,2025,,IMF WEO,April 2026,historical
2017,USA,United States,import_volume_growth,TM_RPCH,4.71,Percent,Annual,2025,,IMF WEO,April 2026,historical
2018,USA,United States,import_volume_growth,TM_RPCH,4.038,Percent,Annual,2025,,IMF WEO,April 2026,historical
2019,USA,United States,import_volume_growth,TM_RPCH,1.176,Percent,Annual,2025,,IMF WEO,April 2026,historical
2020,USA,United States,import_volume_growth,TM_RPCH,-8.823,Percent,Annual,2025,,IMF WEO,April 2026,historical
2021,USA,United States,import_volume_growth,TM_RPCH,14.569,Percent,Annual,2025,,IMF WEO,April 2026,historical
2022,USA,United States,import_volume_growth,TM_RPCH,8.466,Percent,Annual,2025,,IMF WEO,April 2026,historical
2023,USA,United States,import_volume_growth,TM_RPCH,-0.864,Percent,Annual,2025,,IMF WEO,April 2026,historical
2024,USA,United States,import_volume_growth,TM_RPCH,5.769,Percent,Annual,2025,,IMF WEO,April 2026,historical
2025,USA,United States,import_volume_growth,TM_RPCH,2.723,Percent,Annual,2025,,IMF WEO,April 2026,historical
2026,USA,United States,import_volume_growth,TM_RPCH,1.684,Percent,Annual,2025,,IMF WEO,April 2026,projection
2027,USA,United States,import_volume_growth,TM_RPCH,4.025,Percent,Annual,2025,,IMF WEO,April 2026,projection
2028,USA,United States,import_volume_growth,TM_RPCH,0.692,Percent,Annual,2025,,IMF WEO,April 2026,projection
2029,USA,United States,import_volume_growth,TM_RPCH,1.507,Percent,Annual,2025,,IMF WEO,April 2026,projection
2030,USA,United States,import_volume_growth,TM_RPCH,1.445,Percent,Annual,2025,,IMF WEO,April 2026,projection
2031,USA,United States,import_volume_growth,TM_RPCH,1.579,Percent,Annual,2025,,IMF WEO,April 2026,projection
1980,USA,United States,real_gdp_growth,NGDP_RPCH,-0.257,Percent,Annual,2025,,IMF WEO,April 2026,historical
1981,USA,United States,real_gdp_growth,NGDP_RPCH,2.537,Percent,Annual,2025,,IMF WEO,April 2026,historical
1982,USA,United States,real_gdp_growth,NGDP_RPCH,-1.803,Percent,Annual,2025,,IMF WEO,April 2026,historical
1983,USA,United States,real_gdp_growth,NGDP_RPCH,4.584,Percent,Annual,2025,,IMF WEO,April 2026,historical
1984,USA,United States,real_gdp_growth,NGDP_RPCH,7.236,Percent,Annual,2025,,IMF WEO,April 2026,historical
1985,USA,United States,real_gdp_growth,NGDP_RPCH,4.169,Percent,Annual,2025,,IMF WEO,April 2026,historical
1986,USA,United States,real_gdp_growth,NGDP_RPCH,3.463,Percent,Annual,2025,,IMF WEO,April 2026,historical
1987,USA,United States,real_gdp_growth,NGDP_RPCH,3.455,Percent,Annual,2025,,IMF WEO,April 2026,historical
1988,USA,United States,real_gdp_growth,NGDP_RPCH,4.177,Percent,Annual,2025,,IMF WEO,April 2026,historical
1989,USA,United States,real_gdp_growth,NGDP_RPCH,3.672,Percent,Annual,2025,,IMF WEO,April 2026,historical
1990,USA,United States,real_gdp_growth,NGDP_RPCH,1.886,Percent,Annual,2025,,IMF WEO,April 2026,historical
1991,USA,United States,real_gdp_growth,NGDP_RPCH,-0.109,Percent,Annual,2025,,IMF WEO,April 2026,historical
1992,USA,United States,real_gdp_growth,NGDP_RPCH,3.522,Percent,Annual,2025,,IMF WEO,April 2026,historical
1993,USA,United States,real_gdp_growth,NGDP_RPCH,2.752,Percent,Annual,2025,,IMF WEO,April 2026,historical
1994,USA,United States,real_gdp_growth,NGDP_RPCH,4.029,Percent,Annual,2025,,IMF WEO,April 2026,historical
1995,USA,United States,real_gdp_growth,NGDP_RPCH,2.685,Percent,Annual,2025,,IMF WEO,April 2026,historical
1996,USA,United States,real_gdp_growth,NGDP_RPCH,3.773,Percent,Annual,2025,,IMF WEO,April 2026,historical
1997,USA,United States,real_gdp_growth,NGDP_RPCH,4.447,Percent,Annual,2025,,IMF WEO,April 2026,historical
1998,USA,United States,real_gdp_growth,NGDP_RPCH,4.483,Percent,Annual,2025,,IMF WEO,April 2026,historical
1999,USA,United States,real_gdp_growth,NGDP_RPCH,4.788,Percent,Annual,2025,,IMF WEO,April 2026,historical
2000,USA,United States,real_gdp_growth,NGDP_RPCH,4.078,Percent,Annual,2025,,IMF WEO,April 2026,historical
2001,USA,United States,real_gdp_growth,NGDP_RPCH,0.956,Percent,Annual,2025,,IMF WEO,April 2026,historical
2002,USA,United States,real_gdp_growth,NGDP_RPCH,1.7,Percent,Annual,2025,,IMF WEO,April 2026,historical
2003,USA,United States,real_gdp_growth,NGDP_RPCH,2.796,Percent,Annual,2025,,IMF WEO,April 2026,historical
2004,USA,United States,real_gdp_growth,NGDP_RPCH,3.848,Percent,Annual,2025,,IMF WEO,April 2026,historical
2005,USA,United States,real_gdp_growth,NGDP_RPCH,3.483,Percent,Annual,2025,,IMF WEO,April 2026,historical
2006,USA,United States,real_gdp_growth,NGDP_RPCH,2.785,Percent,Annual,2025,,IMF WEO,April 2026,historical
2007,USA,United States,real_gdp_growth,NGDP_RPCH,2.004,Percent,Annual,2025,,IMF WEO,April 2026,historical
2008,USA,United States,real_gdp_growth,NGDP_RPCH,0.114,Percent,Annual,2025,,IMF WEO,April 2026,historical
2009,USA,United States,real_gdp_growth,NGDP_RPCH,-2.576,Percent,Annual,2025,,IMF WEO,April 2026,historical
2010,USA,United States,real_gdp_growth,NGDP_RPCH,2.695,Percent,Annual,2025,,IMF WEO,April 2026,historical
2011,USA,United States,real_gdp_growth,NGDP_RPCH,1.564,Percent,Annual,2025,,IMF WEO,April 2026,historical
2012,USA,United States,real_gdp_growth,NGDP_RPCH,2.289,Percent,Annual,2025,,IMF WEO,April 2026,historical
2013,USA,United States,real_gdp_growth,NGDP_RPCH,2.118,Percent,Annual,2025,,IMF WEO,April 2026,historical
2014,USA,United States,real_gdp_growth,NGDP_RPCH,2.524,Percent,Annual,2025,,IMF WEO,April 2026,historical
2015,USA,United States,real_gdp_growth,NGDP_RPCH,2.946,Percent,Annual,2025,,IMF WEO,April 2026,historical
2016,USA,United States,real_gdp_growth,NGDP_RPCH,1.82,Percent,Annual,2025,,IMF WEO,April 2026,historical
2017,USA,United States,real_gdp_growth,NGDP_RPCH,2.458,Percent,Annual,2025,,IMF WEO,April 2026,historical
2018,USA,United States,real_gdp_growth,NGDP_RPCH,2.967,Percent,Annual,2025,,IMF WEO,April 2026,historical
2019,USA,United States,real_gdp_growth,NGDP_RPCH,2.584,Percent,Annual,2025,,IMF WEO,April 2026,historical
2020,USA,United States,real_gdp_growth,NGDP_RPCH,-2.081,Percent,Annual,2025,,IMF WEO,April 2026,historical
2021,USA,United States,real_gdp_growth,NGDP_RPCH,6.152,Percent,Annual,2025,,IMF WEO,April 2026,historical
2022,USA,United States,real_gdp_growth,NGDP_RPCH,2.524,Percent,Annual,2025,,IMF WEO,April 2026,historical
2023,USA,United States,real_gdp_growth,NGDP_RPCH,2.935,Percent,Annual,2025,,IMF WEO,April 2026,historical
2024,USA,United States,real_gdp_growth,NGDP_RPCH,2.793,Percent,Annual,2025,,IMF WEO,April 2026,historical
2025,USA,United States,real_gdp_growth,NGDP_RPCH,2.117,Percent,Annual,2025,,IMF WEO,April 2026,historical
2026,USA,United States,real_gdp_growth,NGDP_RPCH,2.324,Percent,Annual,2025,,IMF WEO,April 2026,projection
2027,USA,United States,real_gdp_growth,NGDP_RPCH,2.1,Percent,Annual,2025,,IMF WEO,April 2026,projection
2028,USA,United States,real_gdp_growth,NGDP_RPCH,2.1,Percent,Annual,2025,,IMF WEO,April 2026,projection
2029,USA,United States,real_gdp_growth,NGDP_RPCH,1.881,Percent,Annual,2025,,IMF WEO,April 2026,projection
2030,USA,United States,real_gdp_growth,NGDP_RPCH,1.753,Percent,Annual,2025,,IMF WEO,April 2026,projection
2031,USA,United States,real_gdp_growth,NGDP_RPCH,1.755,Percent,Annual,2025,,IMF WEO,April 2026,projection
1980,USA,United States,unemployment_rate,LUR,7.175,,Annual,2025,,IMF WEO,April 2026,historical
1981,USA,United States,unemployment_rate,LUR,7.617,,Annual,2025,,IMF WEO,April 2026,historical
1982,USA,United States,unemployment_rate,LUR,9.708,,Annual,2025,,IMF WEO,April 2026,historical
1983,USA,United States,unemployment_rate,LUR,9.6,,Annual,2025,,IMF WEO,April 2026,historical
1984,USA,United States,unemployment_rate,LUR,7.508,,Annual,2025,,IMF WEO,April 2026,historical
1985,USA,United States,unemployment_rate,LUR,7.192,,Annual,2025,,IMF WEO,April 2026,historical
1986,USA,United States,unemployment_rate,LUR,7.0,,Annual,2025,,IMF WEO,April 2026,historical
1987,USA,United States,unemployment_rate,LUR,6.175,,Annual,2025,,IMF WEO,April 2026,historical
1988,USA,United States,unemployment_rate,LUR,5.492,,Annual,2025,,IMF WEO,April 2026,historical
1989,USA,United States,unemployment_rate,LUR,5.258,,Annual,2025,,IMF WEO,April 2026,historical
1990,USA,United States,unemployment_rate,LUR,5.617,,Annual,2025,,IMF WEO,April 2026,historical
1991,USA,United States,unemployment_rate,LUR,6.85,,Annual,2025,,IMF WEO,April 2026,historical
1992,USA,United States,unemployment_rate,LUR,7.492,,Annual,2025,,IMF WEO,April 2026,historical
1993,USA,United States,unemployment_rate,LUR,6.908,,Annual,2025,,IMF WEO,April 2026,historical
1994,USA,United States,unemployment_rate,LUR,6.1,,Annual,2025,,IMF WEO,April 2026,historical
1995,USA,United States,unemployment_rate,LUR,5.592,,Annual,2025,,IMF WEO,April 2026,historical
1996,USA,United States,unemployment_rate,LUR,5.408,,Annual,2025,,IMF WEO,April 2026,historical
1997,USA,United States,unemployment_rate,LUR,4.942,,Annual,2025,,IMF WEO,April 2026,historical
1998,USA,United States,unemployment_rate,LUR,4.5,,Annual,2025,,IMF WEO,April 2026,historical
1999,USA,United States,unemployment_rate,LUR,4.217,,Annual,2025,,IMF WEO,April 2026,historical
2000,USA,United States,unemployment_rate,LUR,3.967,,Annual,2025,,IMF WEO,April 2026,historical
2001,USA,United States,unemployment_rate,LUR,4.742,,Annual,2025,,IMF WEO,April 2026,historical
2002,USA,United States,unemployment_rate,LUR,5.783,,Annual,2025,,IMF WEO,April 2026,historical
2003,USA,United States,unemployment_rate,LUR,5.992,,Annual,2025,,IMF WEO,April 2026,historical
2004,USA,United States,unemployment_rate,LUR,5.542,,Annual,2025,,IMF WEO,April 2026,historical
2005,USA,United States,unemployment_rate,LUR,5.083,,Annual,2025,,IMF WEO,April 2026,historical
2006,USA,United States,unemployment_rate,LUR,4.608,,Annual,2025,,IMF WEO,April 2026,historical
2007,USA,United States,unemployment_rate,LUR,4.617,,Annual,2025,,IMF WEO,April 2026,historical
2008,USA,United States,unemployment_rate,LUR,5.8,,Annual,2025,,IMF WEO,April 2026,historical
2009,USA,United States,unemployment_rate,LUR,9.283,,Annual,2025,,IMF WEO,April 2026,historical
2010,USA,United States,unemployment_rate,LUR,9.608,,Annual,2025,,IMF WEO,April 2026,historical
2011,USA,United States,unemployment_rate,LUR,8.933,,Annual,2025,,IMF WEO,April 2026,historical
2012,USA,United States,unemployment_rate,LUR,8.075,,Annual,2025,,IMF WEO,April 2026,historical
2013,USA,United States,unemployment_rate,LUR,7.358,,Annual,2025,,IMF WEO,April 2026,historical
2014,USA,United States,unemployment_rate,LUR,6.158,,Annual,2025,,IMF WEO,April 2026,historical
2015,USA,United States,unemployment_rate,LUR,5.275,,Annual,2025,,IMF WEO,April 2026,historical
2016,USA,United States,unemployment_rate,LUR,4.875,,Annual,2025,,IMF WEO,April 2026,historical
2017,USA,United States,unemployment_rate,LUR,4.358,,Annual,2025,,IMF WEO,April 2026,historical
2018,USA,United States,unemployment_rate,LUR,3.892,,Annual,2025,,IMF WEO,April 2026,historical
2019,USA,United States,unemployment_rate,LUR,3.675,,Annual,2025,,IMF WEO,April 2026,historical
2020,USA,United States,unemployment_rate,LUR,8.1,,Annual,2025,,IMF WEO,April 2026,historical
2021,USA,United States,unemployment_rate,LUR,5.35,,Annual,2025,,IMF WEO,April 2026,historical
2022,USA,United States,unemployment_rate,LUR,3.65,,Annual,2025,,IMF WEO,April 2026,historical
2023,USA,United States,unemployment_rate,LUR,3.625,,Annual,2025,,IMF WEO,April 2026,historical
2024,USA,United States,unemployment_rate,LUR,4.025,,Annual,2025,,IMF WEO,April 2026,historical
2025,USA,United States,unemployment_rate,LUR,4.279,,Annual,2025,,IMF WEO,April 2026,historical
2026,USA,United States,unemployment_rate,LUR,4.376,,Annual,2025,,IMF WEO,April 2026,projection
2027,USA,United States,unemployment_rate,LUR,4.249,,Annual,2025,,IMF WEO,April 2026,projection
2028,USA,United States,unemployment_rate,LUR,4.109,,Annual,2025,,IMF WEO,April 2026,projection
2029,USA,United States,unemployment_rate,LUR,3.899,,Annual,2025,,IMF WEO,April 2026,projection
2030,USA,United States,unemployment_rate,LUR,3.873,,Annual,2025,,IMF WEO,April 2026,projection
2031,USA,United States,unemployment_rate,LUR,3.859,,Annual,2025,,IMF WEO,April 2026,projection
