record_number,date,kdci,cape,panamax,supramax,handy
1.0,2019-01-02,13486.0,16693.0,12693.0,12845.0,8171.0
2.0,2019-01-03,13485.0,16869.0,12528.0,12824.0,8185.0
3.0,2019-01-04,13242.0,16432.0,12168.0,12820.0,8158.0
4.0,2019-01-07,13270.0,16690.0,12038.0,12785.0,8164.0
5.0,2019-01-08,13312.0,17059.0,11877.0,12751.0,8059.0
6.0,2019-01-09,13497.0,18004.0,11655.0,12671.0,7980.0
7.0,2019-01-10,13077.0,17083.0,11313.0,12550.0,7931.0
8.0,2019-01-11,12736.0,16454.0,10882.0,12490.0,7881.0
9.0,2019-01-14,12647.0,16526.0,10628.0,12386.0,7854.0
10.0,2019-01-15,12391.0,16171.0,10387.0,12154.0,7771.0
11.0,2019-01-16,12013.0,15199.0,10291.0,12002.0,7655.0
12.0,2019-01-17,11757.0,14842.0,10095.0,11729.0,7573.0
13.0,2019-01-18,11914.0,15965.0,9744.0,11496.0,7521.0
14.0,2019-01-21,12149.0,17432.0,9441.0,11178.0,7339.0
15.0,2019-01-22,11701.0,16564.0,9128.0,10928.0,7155.0
16.0,2019-01-23,11123.0,15325.0,8755.0,10647.0,7048.0
17.0,2019-01-24,10633.0,14571.0,8332.0,10255.0,6858.0
18.0,2019-01-25,10276.0,14270.0,7800.0,9974.0,6631.0
19.0,2019-01-28,9980.0,13877.0,7526.0,9700.0,6489.0
20.0,2019-01-29,9613.0,13189.0,7377.0,9363.0,6338.0
21.0,2019-01-30,9023.0,12122.0,6963.0,8950.0,6123.0
22.0,2019-01-31,8424.0,10540.0,6910.0,8665.0,5898.0
23.0,2019-02-01,8073.0,9646.0,6782.0,8542.0,5823.0
24.0,2019-02-07,7766.0,9511.0,6387.0,8109.0,5643.0
25.0,2019-02-08,7617.0,9063.0,6464.0,8012.0,5553.0
26.0,2019-02-11,7417.0,8908.0,6498.0,7518.0,5400.0
27.0,2019-02-12,7395.0,8706.0,6674.0,7469.0,5409.0
28.0,2019-02-13,7412.0,8581.0,6825.0,7494.0,5423.0
29.0,2019-02-14,7547.0,8731.0,6981.0,7639.0,5420.0
30.0,2019-02-15,7645.0,8819.0,7076.0,7748.0,5521.0
31.0,2019-02-18,7660.0,8783.0,7067.0,7849.0,5508.0
32.0,2019-02-19,7624.0,8428.0,7096.0,8025.0,5596.0
33.0,2019-02-20,7582.0,7908.0,7200.0,8248.0,5754.0
34.0,2019-02-21,7510.0,7443.0,7264.0,8377.0,5849.0
35.0,2019-02-22,7591.0,7423.0,7330.0,8563.0,5963.0
36.0,2019-02-25,7588.0,7279.0,7353.0,8662.0,6002.0
37.0,2019-02-26,7721.0,7251.0,7490.0,8967.0,6086.0
38.0,2019-02-27,7878.0,7293.0,7740.0,9166.0,6183.0
39.0,2019-02-28,7901.0,6892.0,8077.0,9291.0,6228.0
40.0,2019-03-04,8063.0,6706.0,8467.0,9594.0,6333.0
41.0,2019-03-05,8156.0,6592.0,8782.0,9690.0,6366.0
42.0,2019-03-06,8114.0,6268.0,8880.0,9774.0,6375.0
43.0,2019-03-07,8059.0,6057.0,8841.0,9816.0,6450.0
44.0,2019-03-08,8018.0,5996.0,8755.0,9816.0,6478.0
45.0,2019-03-11,8031.0,5959.0,8702.0,9939.0,6513.0
46.0,2019-03-12,8066.0,6014.0,8680.0,10016.0,6529.0
47.0,2019-03-13,8145.0,6359.0,8580.0,10025.0,6560.0
48.0,2019-03-14,8207.0,6699.0,8493.0,9990.0,6532.0
49.0,2019-03-15,8489.0,7462.0,8589.0,10048.0,6598.0
50.0,2019-03-18,8814.0,8234.0,8842.0,10093.0,6632.0
51.0,2019-03-19,8724.0,7775.0,8928.0,10164.0,6644.0
52.0,2019-03-20,8711.0,7649.0,8994.0,10176.0,6656.0
53.0,2019-03-21,8621.0,7090.0,9215.0,10194.0,6712.0
54.0,2019-03-22,8442.0,6268.0,9367.0,10264.0,6720.0
55.0,2019-03-25,8375.0,5939.0,9391.0,10322.0,6790.0
56.0,2019-03-26,8374.0,5899.0,9389.0,10361.0,6796.0
57.0,2019-03-27,8434.0,6037.0,9348.0,10464.0,6798.0
58.0,2019-03-28,8406.0,6004.0,9288.0,10463.0,6800.0
59.0,2019-03-29,8379.0,5915.0,9379.0,10376.0,6775.0
60.0,2019-04-01,8331.0,5844.0,9430.0,10270.0,6682.0
61.0,2019-04-02,8280.0,5697.0,9496.0,10183.0,6676.0
62.0,2019-04-03,8255.0,5621.0,9637.0,10071.0,6566.0
63.0,2019-04-04,8393.0,6182.0,9627.0,10002.0,6497.0
64.0,2019-04-05,8499.0,6648.0,9552.0,9972.0,6474.0
65.0,2019-04-08,8484.0,6892.0,9459.0,9809.0,6357.0
66.0,2019-04-09,8476.0,7009.0,9450.0,9696.0,6294.0
67.0,2019-04-10,8494.0,7249.0,9336.0,9644.0,6251.0
68.0,2019-04-11,8451.0,7383.0,9248.0,9485.0,6166.0
69.0,2019-04-12,8397.0,7259.0,9242.0,9436.0,6162.0
70.0,2019-04-15,8411.0,7284.0,9228.0,9467.0,6166.0
71.0,2019-04-16,8614.0,7666.0,9320.0,9632.0,6292.0
72.0,2019-04-17,8737.0,7720.0,9698.0,9613.0,6279.0
73.0,2019-04-18,8838.0,7881.0,9779.0,9701.0,6298.0
74.0,2019-04-19,8929.0,8067.0,9844.0,9745.0,6317.0
75.0,2019-04-22,8996.0,8207.0,9844.0,9816.0,6360.0
76.0,2019-04-24,9460.0,9213.0,10169.0,10014.0,6411.0
77.0,2019-04-25,9613.0,9548.0,10255.0,10100.0,6425.0
78.0,2019-04-26,9698.0,9919.0,10183.0,10076.0,6442.0
79.0,2019-04-29,9906.0,10604.0,10244.0,10041.0,6398.0
80.0,2019-04-30,10256.0,11924.0,10266.0,9898.0,6298.0
81.0,2019-05-02,10909.0,14124.0,10250.0,9887.0,6306.0
82.0,2019-05-03,10700.0,13526.0,10203.0,9854.0,6252.0
83.0,2019-05-07,10507.0,12806.0,10203.0,9925.0,6269.0
84.0,2019-05-08,10147.0,11407.0,10199.0,10093.0,6377.0
85.0,2019-05-09,10387.0,12131.0,10221.0,10135.0,6413.0
86.0,2019-05-10,10528.0,12516.0,10255.0,10178.0,6430.0
87.0,2019-05-13,10806.0,13175.0,10550.0,10158.0,6415.0
88.0,2019-05-14,10956.0,13425.0,10819.0,10142.0,6407.0
89.0,2019-05-15,10971.0,13249.0,10998.0,10180.0,6428.0
90.0,2019-05-16,10845.0,12767.0,11064.0,10174.0,6437.0
91.0,2019-05-17,10870.0,12735.0,11254.0,10114.0,6390.0
92.0,2019-05-20,11133.0,13685.0,11292.0,10027.0,6315.0
93.0,2019-05-21,11274.0,14134.0,11302.0,10043.0,6295.0
94.0,2019-05-22,11359.0,14328.0,11397.0,10054.0,6250.0
95.0,2019-05-23,11496.0,14652.0,11547.0,10050.0,6217.0
96.0,2019-05-24,11433.0,14412.0,11571.0,10067.0,6175.0
97.0,2019-05-27,11501.0,14479.0,11752.0,10063.0,6132.0
98.0,2019-05-28,11538.0,14584.0,11786.0,10049.0,6125.0
99.0,2019-05-29,11734.0,14891.0,12130.0,10054.0,6113.0
100.0,2019-05-30,11688.0,14625.0,12332.0,9966.0,6112.0
101.0,2019-05-31,11644.0,14515.0,12375.0,9899.0,6074.0
102.0,2019-06-03,11627.0,14544.0,12315.0,9842.0,6169.0
103.0,2019-06-04,11834.0,15468.0,12081.0,9816.0,6245.0
104.0,2019-06-05,11790.0,15633.0,11834.0,9750.0,6254.0
105.0,2019-06-07,12087.0,16664.0,11794.0,9724.0,6322.0
106.0,2019-06-10,12141.0,17064.0,11665.0,9651.0,6272.0
107.0,2019-06-11,12015.0,16715.0,11558.0,9633.0,6428.0
108.0,2019-06-12,11843.0,16128.0,11553.0,9647.0,6441.0
109.0,2019-06-13,11762.0,15921.0,11497.0,9640.0,6447.0
110.0,2019-06-14,11784.0,16022.0,11494.0,9615.0,6446.0
111.0,2019-06-17,11930.0,16506.0,11421.0,9668.0,6515.0
112.0,2019-06-18,11919.0,16761.0,11184.0,9634.0,6448.0
113.0,2019-06-19,12072.0,17423.0,11026.0,9634.0,6474.0
114.0,2019-06-20,12191.0,17834.0,10936.0,9699.0,6499.0
115.0,2019-06-21,12273.0,18214.0,10798.0,9727.0,6515.0
116.0,2019-06-24,12410.0,18693.0,10747.0,9755.0,6518.0
117.0,2019-06-25,12438.0,18548.0,10948.0,9787.0,6533.0
118.0,2019-06-26,12542.0,18673.0,11089.0,9861.0,6555.0
119.0,2019-06-27,12672.0,18931.0,11216.0,9905.0,6561.0
120.0,2019-06-28,12759.0,19058.0,11290.0,9984.0,6596.0
121.0,2019-07-01,12905.0,19284.0,11558.0,9978.0,6596.0
122.0,2019-07-02,13241.0,20088.0,11841.0,10008.0,6597.0
123.0,2019-07-03,13719.0,21364.0,12027.0,10122.0,6646.0
124.0,2019-07-04,14246.0,22713.0,12404.0,10145.0,6679.0
125.0,2019-07-05,14960.0,24600.0,12825.0,10208.0,6698.0
126.0,2019-07-08,15509.0,25609.0,13453.0,10425.0,6628.0
127.0,2019-07-09,15496.0,25434.0,13547.0,10464.0,6624.0
128.0,2019-07-10,15765.0,26051.0,13810.0,10480.0,6633.0
129.0,2019-07-11,15782.0,25813.0,14027.0,10558.0,6630.0
130.0,2019-07-12,16323.0,26709.0,14785.0,10702.0,6639.0
131.0,2019-07-15,16839.0,27683.0,15287.0,10939.0,6665.0
132.0,2019-07-16,17345.0,29074.0,15427.0,11078.0,6708.0
133.0,2019-07-17,17763.0,29964.0,15631.0,11360.0,6762.0
134.0,2019-07-18,18515.0,31944.0,15812.0,11682.0,6837.0
135.0,2019-07-19,18988.0,32631.0,16223.0,12122.0,6952.0
136.0,2019-07-22,19250.0,32979.0,16437.0,12387.0,7088.0
137.0,2019-07-23,19258.0,32584.0,16569.0,12655.0,7154.0
138.0,2019-07-24,18758.0,30734.0,16612.0,12781.0,7203.0
139.0,2019-07-25,18217.0,28961.0,16451.0,12881.0,7293.0
140.0,2019-07-26,17947.0,27611.0,16955.0,12866.0,7176.0
141.0,2019-07-29,17947.0,27756.0,16835.0,12839.0,7183.0
142.0,2019-07-30,18002.0,27913.0,16801.0,12901.0,7177.0
143.0,2019-07-31,17897.0,28168.0,16162.0,12935.0,7171.0
144.0,2019-08-01,17643.0,27810.0,15711.0,12899.0,7167.0
145.0,2019-08-02,17306.0,26838.0,15578.0,12886.0,7157.0
146.0,2019-08-05,17133.0,26828.0,15057.0,12843.0,7145.0
147.0,2019-08-06,17017.0,26680.0,14806.0,12822.0,7243.0
148.0,2019-08-07,16663.0,25436.0,14831.0,12868.0,7232.0
149.0,2019-08-08,16651.0,25024.0,15237.0,12830.0,7234.0
150.0,2019-08-09,16687.0,24753.0,15445.0,13008.0,7258.0
151.0,2019-08-12,16784.0,24969.0,15497.0,13051.0,7291.0
152.0,2019-08-13,17226.0,26041.0,15761.0,13138.0,7436.0
153.0,2019-08-14,17684.0,27291.0,15980.0,13185.0,7474.0
154.0,2019-08-16,18982.0,29744.0,17668.0,13344.0,7553.0
155.0,2019-08-19,19458.0,30703.0,18009.0,13596.0,7652.0
156.0,2019-08-20,19242.0,29628.0,18114.0,13811.0,7761.0
157.0,2019-08-21,19300.0,29218.0,18404.0,14081.0,7889.0
158.0,2019-08-22,19721.0,30329.0,18477.0,14259.0,8015.0
159.0,2019-08-23,20150.0,31349.0,18562.0,14530.0,8173.0
160.0,2019-08-26,20537.0,32328.0,18734.0,14657.0,8213.0
161.0,2019-08-27,20872.0,33094.0,18809.0,14899.0,8319.0
162.0,2019-08-28,21155.0,33406.0,19095.0,15189.0,8473.0
163.0,2019-08-29,21647.0,34694.0,19248.0,15380.0,8507.0
164.0,2019-08-30,21867.0,35185.0,19296.0,15428.0,8942.0
165.0,2019-09-02,22382.0,36463.0,19493.0,15637.0,9042.0
166.0,2019-09-03,22914.0,37906.0,19669.0,15759.0,9132.0
167.0,2019-09-04,23085.0,38244.0,19811.0,15829.0,9196.0
168.0,2019-09-05,23452.0,39444.0,19752.0,15862.0,9340.0
169.0,2019-09-06,23106.0,38530.0,19673.0,15750.0,9205.0
170.0,2019-09-09,22845.0,38331.0,19030.0,15716.0,9216.0
171.0,2019-09-10,22497.0,37331.0,18896.0,15692.0,9218.0
172.0,2019-09-11,22298.0,37414.0,18226.0,15613.0,9226.0
173.0,2019-09-16,21748.0,35240.0,18265.0,15848.0,9416.0
174.0,2019-09-17,21823.0,35459.0,18254.0,15882.0,9442.0
175.0,2019-09-18,21543.0,34761.0,18031.0,15875.0,9434.0
176.0,2019-09-19,21006.0,33258.0,17822.0,15845.0,9282.0
177.0,2019-09-20,20048.0,30253.0,17701.0,15766.0,9324.0
178.0,2019-09-23,19729.0,29288.0,17374.0,15994.0,9324.0
179.0,2019-09-24,19735.0,29550.0,17084.0,16046.0,9309.0
180.0,2019-09-25,19869.0,30441.0,16627.0,16059.0,9310.0
181.0,2019-09-26,19218.0,28845.0,16193.0,15932.0,9268.0
182.0,2019-09-27,18983.0,28414.0,15917.0,15886.0,9174.0
183.0,2019-09-30,18206.0,25988.0,15769.0,15874.0,9170.0
184.0,2019-10-01,17970.0,25359.0,15689.0,15819.0,9096.0
185.0,2019-10-02,17970.0,25568.0,15571.0,15755.0,9016.0
186.0,2019-10-04,17809.0,25094.0,15559.0,15721.0,8971.0
187.0,2019-10-07,17931.0,25434.0,15594.0,15749.0,8979.0
188.0,2019-10-08,18027.0,25932.0,15921.0,15291.0,8833.0
189.0,2019-10-10,19145.0,29153.0,16445.0,15263.0,8864.0
190.0,2019-10-11,19418.0,29559.0,16884.0,15313.0,8914.0
191.0,2019-10-14,19260.0,28925.0,16997.0,15318.0,8879.0
192.0,2019-10-15,19050.0,28281.0,17000.0,15256.0,8893.0
193.0,2019-10-16,18926.0,27929.0,16939.0,15249.0,8908.0
194.0,2019-10-17,18775.0,27697.0,16701.0,15224.0,8885.0
195.0,2019-10-18,18473.0,26913.0,16525.0,15172.0,8903.0
196.0,2019-10-21,18405.0,26943.0,16334.0,15112.0,8890.0
197.0,2019-10-22,18145.0,26221.0,16253.0,15058.0,8851.0
198.0,2019-10-23,17614.0,24933.0,15873.0,14944.0,8890.0
199.0,2019-10-24,17396.0,24714.0,15506.0,14827.0,8818.0
200.0,2019-10-25,17556.0,25595.0,15220.0,14776.0,8789.0
201.0,2019-10-28,17670.0,26125.0,15126.0,14723.0,8775.0
202.0,2019-10-29,17772.0,26714.0,14985.0,14623.0,8754.0
203.0,2019-10-30,17746.0,27023.0,14714.0,14505.0,8730.0
204.0,2019-10-31,17618.0,27016.0,14485.0,14332.0,8680.0
205.0,2019-11-01,17275.0,26403.0,14288.0,14038.0,8562.0
206.0,2019-11-04,17089.0,26320.0,14191.0,13659.0,8376.0
207.0,2019-11-07,15845.0,23994.0,13319.0,12827.0,8033.0
208.0,2019-11-08,14677.0,21400.0,12938.0,11978.0,7821.0
209.0,2019-11-11,14377.0,20980.0,12701.0,11660.0,7749.0
210.0,2019-11-12,14106.0,21560.0,11806.0,11133.0,7561.0
211.0,2019-11-13,14192.0,22117.0,11615.0,11047.0,7587.0
212.0,2019-11-14,14241.0,23238.0,10978.0,10779.0,7427.0
213.0,2019-11-15,14239.0,23439.0,10932.0,10638.0,7370.0
214.0,2019-11-18,14095.0,23460.0,10696.0,10395.0,7297.0
215.0,2019-11-19,13989.0,23394.0,10614.0,10196.0,7282.0
216.0,2019-11-20,13595.0,22129.0,10662.0,10157.0,7107.0
217.0,2019-11-25,13748.0,22297.0,10782.0,10367.0,7147.0
218.0,2019-11-26,14375.0,24363.0,10746.0,10413.0,7186.0
219.0,2019-11-27,14872.0,25913.0,10773.0,10483.0,7217.0
220.0,2019-11-28,14904.0,25825.0,10877.0,10551.0,7285.0
221.0,2019-11-29,14968.0,25733.0,10994.0,10696.0,7415.0
222.0,2019-12-02,15375.0,26796.0,11115.0,10853.0,7460.0
223.0,2019-12-03,15884.0,28308.0,11183.0,10961.0,7484.0
224.0,2019-12-04,16040.0,28721.0,11203.0,11039.0,7515.0
225.0,2019-12-05,15910.0,28229.0,11239.0,11052.0,7540.0
226.0,2019-12-06,15780.0,27342.0,11655.0,11091.0,7532.0
227.0,2019-12-09,15651.0,26765.0,11700.0,11166.0,7616.0
228.0,2019-12-10,15544.0,26238.0,11860.0,11176.0,7622.0
229.0,2019-12-11,15357.0,25248.0,12222.0,11182.0,7612.0
230.0,2019-12-12,14778.0,22900.0,12623.0,11212.0,7575.0
231.0,2019-12-13,14300.0,21131.0,12784.0,11231.0,7566.0
232.0,2019-12-16,14030.0,20350.0,12729.0,11180.0,7520.0
233.0,2019-12-17,13411.0,18571.0,12542.0,11098.0,7476.0
234.0,2019-12-18,13109.0,18080.0,12092.0,11048.0,7425.0
235.0,2019-12-19,12495.0,16940.0,11361.0,10923.0,7278.0
236.0,2019-12-20,11945.0,15556.0,11128.0,10727.0,7219.0
237.0,2019-12-23,11569.0,15327.0,10287.0,10578.0,7116.0
238.0,2019-12-24,11421.0,15518.0,9954.0,10261.0,7011.0
239.0,2020-01-03,9781.0,12778.0,8896.0,8824.0,6315.0
240.0,2020-01-06,8950.0,10958.0,8448.0,8404.0,6066.0
241.0,2020-01-07,8338.0,10094.0,7646.0,8067.0,5959.0
242.0,2020-01-08,7894.0,9076.0,7280.0,7985.0,5919.0
243.0,2020-01-09,7795.0,9258.0,6899.0,7865.0,5884.0
244.0,2020-01-10,7832.0,9646.0,6826.0,7702.0,5801.0
245.0,2020-01-13,7885.0,10181.0,6713.0,7492.0,5689.0
246.0,2020-01-14,7817.0,10060.0,6740.0,7371.0,5655.0
247.0,2020-01-15,7679.0,9715.0,6717.0,7284.0,5644.0
248.0,2020-01-16,7757.0,9508.0,7269.0,7208.0,5618.0
249.0,2020-01-17,7595.0,9044.0,7209.0,7187.0,5628.0
250.0,2020-01-20,7567.0,8842.0,7323.0,7179.0,5633.0
251.0,2020-01-21,7360.0,8324.0,7200.0,7166.0,5533.0
252.0,2020-01-22,7084.0,7801.0,6961.0,7062.0,5370.0
253.0,2020-01-28,6406.0,6091.0,6509.0,6994.0,5276.0
254.0,2020-01-29,6398.0,6158.0,6454.0,6969.0,5240.0
255.0,2020-01-30,6200.0,5675.0,6334.0,6931.0,5179.0
256.0,2020-01-31,6021.0,5440.0,6091.0,6821.0,5155.0
257.0,2020-02-03,5829.0,5326.0,5697.0,6725.0,5049.0
258.0,2020-02-04,5651.0,5136.0,5451.0,6607.0,4927.0
259.0,2020-02-05,5514.0,5034.0,5163.0,6564.0,4856.0
260.0,2020-02-06,5405.0,4768.0,5158.0,6512.0,4737.0
261.0,2020-02-07,5378.0,4738.0,5110.0,6511.0,4710.0
262.0,2020-02-10,5311.0,4539.0,5130.0,6479.0,4661.0
263.0,2020-02-11,5373.0,4614.0,5240.0,6512.0,4633.0
264.0,2020-02-12,5400.0,4698.0,5217.0,6668.0,4249.0
265.0,2020-02-13,5423.0,4745.0,5248.0,6678.0,4217.0
266.0,2020-02-14,5576.0,4716.0,5790.0,6680.0,4199.0
267.0,2020-02-17,5612.0,4714.0,5924.0,6695.0,4128.0
268.0,2020-02-18,5744.0,4909.0,6157.0,6718.0,4088.0
269.0,2020-02-19,5866.0,5161.0,6284.0,6752.0,4064.0
270.0,2020-02-20,6018.0,5489.0,6350.0,6865.0,4071.0
271.0,2020-02-21,6129.0,5407.0,6675.0,6975.0,4114.0
272.0,2020-02-24,6178.0,5331.0,6851.0,7018.0,4186.0
273.0,2020-02-25,6258.0,5119.0,7017.0,7266.0,4375.0
274.0,2020-02-26,6202.0,4825.0,7017.0,7358.0,4417.0
275.0,2020-02-27,6208.0,4703.0,7101.0,7383.0,4517.0
276.0,2020-02-28,6230.0,4613.0,7148.0,7474.0,4601.0
277.0,2020-03-02,6416.0,4694.0,7522.0,7602.0,4705.0
278.0,2020-03-03,6479.0,4651.0,7636.0,7719.0,4773.0
279.0,2020-03-04,6622.0,4766.0,7732.0,7975.0,4801.0
280.0,2020-03-05,6679.0,4672.0,7869.0,8096.0,4882.0
281.0,2020-03-06,6822.0,4686.0,8114.0,8273.0,5000.0
282.0,2020-03-09,7006.0,4791.0,8443.0,8428.0,5070.0
283.0,2020-03-10,7129.0,4713.0,8872.0,8487.0,5078.0
284.0,2020-03-11,7234.0,4843.0,8807.0,8736.0,5185.0
285.0,2020-03-12,7236.0,4874.0,8656.0,8851.0,5215.0
286.0,2020-03-13,7193.0,4828.0,8470.0,8928.0,5256.0
287.0,2020-03-16,7151.0,4829.0,8284.0,8973.0,5257.0
288.0,2020-03-17,7094.0,4886.0,7991.0,9011.0,5279.0
289.0,2020-03-18,7053.0,4921.0,7886.0,8943.0,5278.0
290.0,2020-03-19,7095.0,5348.0,7573.0,8959.0,5312.0
291.0,2020-03-20,7063.0,5474.0,7354.0,8949.0,5297.0
292.0,2020-03-23,7017.0,5587.0,7097.0,8945.0,5281.0
293.0,2020-03-24,6921.0,5714.0,6791.0,8832.0,5198.0
294.0,2020-03-25,6774.0,5575.0,6628.0,8678.0,5096.0
295.0,2020-03-26,6689.0,5532.0,6477.0,8618.0,5011.0
296.0,2020-03-27,6625.0,5572.0,6337.0,8526.0,4944.0
297.0,2020-03-30,6552.0,5605.0,6280.0,8344.0,4828.0
298.0,2020-03-31,6689.0,6244.0,6330.0,8160.0,4694.0
299.0,2020-04-01,7278.0,8031.0,6641.0,8054.0,4605.0
300.0,2020-04-02,7336.0,8376.0,6765.0,7813.0,4499.0
301.0,2020-04-03,7276.0,8329.0,6963.0,7530.0,4296.0
302.0,2020-04-06,7236.0,8114.0,7158.0,7441.0,4221.0
303.0,2020-04-07,7068.0,7635.0,7276.0,7261.0,4166.0
304.0,2020-04-08,7069.0,7659.0,7390.0,7144.0,4115.0
305.0,2020-04-09,7304.0,8266.0,7785.0,6969.0,3984.0
306.0,2020-04-10,7517.0,9094.0,7834.0,6823.0,3911.0
307.0,2020-04-13,7469.0,8985.0,7874.0,6758.0,3840.0
308.0,2020-04-14,7370.0,8857.0,7901.0,6545.0,3790.0
309.0,2020-04-16,7710.0,10259.0,7780.0,6444.0,3658.0
310.0,2020-04-17,7851.0,10943.0,7656.0,6358.0,3640.0
311.0,2020-04-20,7906.0,11291.0,7534.0,6326.0,3609.0
312.0,2020-04-21,7723.0,11232.0,7194.0,6150.0,3500.0
313.0,2020-04-22,7518.0,10753.0,7039.0,6107.0,3480.0
314.0,2020-04-23,7323.0,10434.0,6860.0,5975.0,3420.0
315.0,2020-04-24,7153.0,10058.0,6667.0,5986.0,3394.0
316.0,2020-04-27,7129.0,9960.0,6576.0,6072.0,3463.0
317.0,2020-04-28,7142.0,9731.0,6621.0,6259.0,3584.0
318.0,2020-04-29,7102.0,9521.0,6664.0,6288.0,3601.0
319.0,2020-05-06,6698.0,8198.0,6599.0,6271.0,3783.0
320.0,2020-05-07,6418.0,7082.0,6759.0,6272.0,3838.0
321.0,2020-05-08,6226.0,6411.0,6759.0,6299.0,3855.0
322.0,2020-05-11,6148.0,6005.0,6775.0,6400.0,3943.0
323.0,2020-05-12,5913.0,5054.0,6698.0,6589.0,4107.0
324.0,2020-05-13,5675.0,4336.0,6460.0,6722.0,4198.0
325.0,2020-05-14,5569.0,3974.0,6312.0,6837.0,4321.0
326.0,2020-05-15,5658.0,4199.0,6255.0,6950.0,4364.0
327.0,2020-05-18,5773.0,4553.0,6208.0,7017.0,4398.0
328.0,2020-05-19,5916.0,4953.0,6156.0,7078.0,4600.0
329.0,2020-05-20,6185.0,5592.0,6229.0,7223.0,4722.0
330.0,2020-05-21,6521.0,6374.0,6352.0,7383.0,4878.0
331.0,2020-05-22,6610.0,6505.0,6405.0,7473.0,4953.0
332.0,2020-05-25,6640.0,6397.0,6584.0,7497.0,4971.0
333.0,2020-05-26,6710.0,6352.0,6582.0,7727.0,5113.0
334.0,2020-05-27,6815.0,6364.0,6721.0,7879.0,5261.0
335.0,2020-05-28,6729.0,5762.0,6944.0,7966.0,5273.0
336.0,2020-05-29,6599.0,5346.0,7000.0,7928.0,5168.0
337.0,2020-06-01,6663.0,5595.0,7249.0,7691.0,5027.0
338.0,2020-06-02,6811.0,5918.0,7539.0,7597.0,4947.0
339.0,2020-06-03,7178.0,7042.0,7679.0,7564.0,4927.0
340.0,2020-06-04,7605.0,8282.0,7895.0,7527.0,4934.0
341.0,2020-06-05,7745.0,8698.0,7854.0,7569.0,5087.0
342.0,2020-06-08,8104.0,9855.0,7804.0,7620.0,5200.0
343.0,2020-06-09,8237.0,10286.0,7695.0,7662.0,5443.0
344.0,2020-06-10,8425.0,10863.0,7600.0,7758.0,5592.0
345.0,2020-06-11,8803.0,12181.0,7424.0,7850.0,5661.0
346.0,2020-06-12,9333.0,13612.0,7653.0,7917.0,5786.0
347.0,2020-06-15,9904.0,14994.0,7802.0,8235.0,5950.0
348.0,2020-06-16,10196.0,15453.0,8022.0,8460.0,6158.0
349.0,2020-06-17,11587.0,19506.0,8445.0,8559.0,6338.0
350.0,2020-06-18,13462.0,24513.0,9315.0,8797.0,6742.0
351.0,2020-06-19,14364.0,26844.0,9853.0,8873.0,6935.0
352.0,2020-06-22,14213.0,25850.0,10076.0,9102.0,7043.0
353.0,2020-06-23,14449.0,26291.0,10333.0,9163.0,7128.0
354.0,2020-06-24,14931.0,27768.0,10392.0,9183.0,7288.0
355.0,2020-06-25,15472.0,29665.0,10347.0,9140.0,7268.0
356.0,2020-06-26,15641.0,30252.0,10284.0,9166.0,7303.0
357.0,2020-06-29,15747.0,30611.0,10303.0,9160.0,7252.0
358.0,2020-06-30,16179.0,31927.0,10415.0,9170.0,7252.0
359.0,2020-07-01,16202.0,32003.0,10385.0,9213.0,7219.0
360.0,2020-07-02,16036.0,31734.0,10378.0,9015.0,6981.0
361.0,2020-07-03,16312.0,32750.0,10539.0,8839.0,6738.0
362.0,2020-07-06,17093.0,34657.0,11329.0,8783.0,6623.0
363.0,2020-07-07,17238.0,34504.0,11979.0,8783.0,6585.0
364.0,2020-07-08,16924.0,32726.0,12765.0,8745.0,6528.0
365.0,2020-07-09,16121.0,28897.0,13580.0,9023.0,6709.0
366.0,2020-07-10,16425.0,29403.0,13904.0,9164.0,6839.0
367.0,2020-07-13,16249.0,28646.0,13944.0,9274.0,6894.0
368.0,2020-07-14,15943.0,27291.0,14167.0,9379.0,6920.0
369.0,2020-07-15,15403.0,25331.0,14268.0,9431.0,6941.0
370.0,2020-07-16,15096.0,24409.0,14106.0,9480.0,6979.0
371.0,2020-07-17,15233.0,25038.0,13878.0,9532.0,6986.0
372.0,2020-07-20,15368.0,25361.0,13906.0,9616.0,7030.0
373.0,2020-07-21,15031.0,24508.0,13636.0,9616.0,7034.0
374.0,2020-07-22,14107.0,21644.0,13449.0,9601.0,6992.0
375.0,2020-07-23,13530.0,20166.0,12943.0,9662.0,6988.0
376.0,2020-07-24,12902.0,18613.0,12590.0,9522.0,6844.0
377.0,2020-07-27,12422.0,17422.0,12208.0,9501.0,6824.0
378.0,2020-07-28,12371.0,17506.0,12006.0,9474.0,6747.0
379.0,2020-07-29,12745.0,18772.0,12152.0,9355.0,6620.0
380.0,2020-07-30,13155.0,20159.0,12303.0,9230.0,6475.0
381.0,2020-07-31,13136.0,20077.0,12356.0,9201.0,6456.0
382.0,2020-08-03,13207.0,20138.0,12654.0,9114.0,6358.0
383.0,2020-08-04,13840.0,22164.0,12783.0,9077.0,6330.0
384.0,2020-08-05,14271.0,23281.0,13118.0,9065.0,6321.0
385.0,2020-08-06,14325.0,22919.0,13686.0,9042.0,6307.0
386.0,2020-08-07,14319.0,22444.0,13922.0,9217.0,6442.0
387.0,2020-08-10,14227.0,21677.0,14231.0,9330.0,6553.0
388.0,2020-08-11,14394.0,21780.0,14522.0,9440.0,6715.0
389.0,2020-08-12,14573.0,21593.0,15240.0,9498.0,6741.0
390.0,2020-08-13,15020.0,22642.0,15663.0,9509.0,6760.0
391.0,2020-08-14,15168.0,22825.0,15819.0,9631.0,6851.0
392.0,2020-08-18,15155.0,22706.0,15785.0,9726.0,6900.0
393.0,2020-08-19,15026.0,22464.0,15583.0,9739.0,6906.0
394.0,2020-08-20,14882.0,22130.0,15406.0,9767.0,6909.0
395.0,2020-08-21,14653.0,21359.0,15240.0,9924.0,6960.0
396.0,2020-08-24,14315.0,20471.0,14957.0,9966.0,6967.0
397.0,2020-08-25,14549.0,21163.0,14959.0,10041.0,6998.0
398.0,2020-08-26,14903.0,22163.0,14958.0,10189.0,7106.0
399.0,2020-08-27,14897.0,22184.0,14868.0,10233.0,7113.0
400.0,2020-08-28,14910.0,22168.0,14958.0,10213.0,7087.0
401.0,2020-08-31,14774.0,21704.0,14966.0,10214.0,7087.0
402.0,2020-09-01,14739.0,21491.0,14935.0,10314.0,7173.0
403.0,2020-09-02,14540.0,20953.0,14826.0,10294.0,7180.0
404.0,2020-09-03,14206.0,20108.0,14561.0,10290.0,7186.0
405.0,2020-09-04,13929.0,19378.0,14338.0,10318.0,7188.0
406.0,2020-09-07,13796.0,19113.0,14148.0,10329.0,7192.0
407.0,2020-09-08,13597.0,18557.0,14077.0,10302.0,7160.0
408.0,2020-09-09,13434.0,18163.0,13995.0,10248.0,7122.0
409.0,2020-09-10,13298.0,17854.0,13872.0,10228.0,7115.0
410.0,2020-09-11,13016.0,17514.0,13340.0,10181.0,7057.0
411.0,2020-09-14,13059.0,17777.0,13224.0,10179.0,7049.0
412.0,2020-09-15,13196.0,18538.0,12871.0,10217.0,7089.0
413.0,2020-09-16,13232.0,18648.0,12768.0,10292.0,7199.0
414.0,2020-09-17,13291.0,18766.0,12718.0,10403.0,7249.0
415.0,2020-09-18,13336.0,18890.0,12718.0,10424.0,7267.0
416.0,2020-09-21,13379.0,19003.0,12724.0,10444.0,7275.0
417.0,2020-09-22,13559.0,19440.0,12805.0,10524.0,7279.0
418.0,2020-09-23,14109.0,21188.0,12844.0,10557.0,7321.0
419.0,2020-09-24,14735.0,23256.0,12846.0,10570.0,7334.0
420.0,2020-09-25,15525.0,25747.0,12900.0,10637.0,7404.0
421.0,2020-09-28,15696.0,26128.0,12995.0,10714.0,7452.0
422.0,2020-09-29,15676.0,25975.0,13056.0,10735.0,7457.0
423.0,2020-10-05,18176.0,34522.0,13044.0,10556.0,7395.0
424.0,2020-10-06,18537.0,35606.0,13173.0,10547.0,7393.0
425.0,2020-10-07,18596.0,35756.0,13280.0,10493.0,7375.0
426.0,2020-10-08,18074.0,33625.0,13360.0,10807.0,7361.0
427.0,2020-10-12,17073.0,30197.0,13488.0,10773.0,7360.0
428.0,2020-10-13,16742.0,29044.0,13542.0,10768.0,7361.0
429.0,2020-10-14,16162.0,26935.0,13714.0,10752.0,7418.0
430.0,2020-10-15,15532.0,24838.0,13799.0,10683.0,7368.0
431.0,2020-10-16,15113.0,23626.0,13585.0,10713.0,7357.0
432.0,2020-10-19,14204.0,20754.0,13288.0,10842.0,7391.0
433.0,2020-10-20,13978.0,20091.0,13162.0,10877.0,7388.0
434.0,2020-10-21,13584.0,18847.0,13098.0,10873.0,7388.0
435.0,2020-10-22,13745.0,19544.0,13004.0,10828.0,7324.0
436.0,2020-10-23,13928.0,20353.0,12828.0,10809.0,7312.0
437.0,2020-10-26,13889.0,20297.0,12784.0,10778.0,7310.0
438.0,2020-10-27,13828.0,20186.0,12750.0,10753.0,7216.0
439.0,2020-10-28,13829.0,20362.0,12622.0,10710.0,7210.0
440.0,2020-10-29,13521.0,19491.0,12457.0,10722.0,7204.0
441.0,2020-10-30,12793.0,17142.0,12375.0,10727.0,7200.0
442.0,2020-11-02,12816.0,17358.0,12336.0,10672.0,7066.0
443.0,2020-11-03,12785.0,17482.0,12297.0,10538.0,6902.0
444.0,2020-11-04,12524.0,16786.0,12171.0,10502.0,6869.0
445.0,2020-11-05,12367.0,16414.0,12113.0,10448.0,6745.0
446.0,2020-11-06,12207.0,15978.0,12042.0,10429.0,6727.0
447.0,2020-11-09,12170.0,16288.0,11943.0,10102.0,6703.0
448.0,2020-11-10,12182.0,16581.0,11757.0,10043.0,6673.0
449.0,2020-11-11,12085.0,16393.0,11630.0,10036.0,6671.0
450.0,2020-11-12,11656.0,15071.0,11606.0,9982.0,6585.0
451.0,2020-11-13,11563.0,14755.0,11682.0,9912.0,6579.0
452.0,2020-11-16,11542.0,14555.0,11815.0,9910.0,6579.0
453.0,2020-11-17,11516.0,14401.0,11885.0,9908.0,6579.0
454.0,2020-11-18,11452.0,13990.0,11992.0,9962.0,6689.0
455.0,2020-11-19,11650.0,14088.0,12309.0,10161.0,6825.0
456.0,2020-11-20,11871.0,14202.0,12712.0,10329.0,6985.0
457.0,2020-11-23,12013.0,14243.0,12893.0,10495.0,7236.0
458.0,2020-11-24,12217.0,14397.0,13158.0,10684.0,7454.0
459.0,2020-11-25,12275.0,14192.0,13301.0,10901.0,7569.0
460.0,2020-11-26,12499.0,14431.0,13601.0,11076.0,7667.0
461.0,2020-11-27,12680.0,14575.0,13710.0,11388.0,7780.0
462.0,2020-11-30,12757.0,14691.0,13881.0,11360.0,7774.0
463.0,2020-12-01,12713.0,14598.0,13895.0,11332.0,7654.0
464.0,2020-12-02,12501.0,14107.0,13853.0,11208.0,7509.0
465.0,2020-12-03,12478.0,14246.0,13732.0,11144.0,7418.0
466.0,2020-12-04,12342.0,14066.0,13481.0,11129.0,7396.0
467.0,2020-12-07,12437.0,14313.0,13617.0,11099.0,7281.0
468.0,2020-12-08,12220.0,13620.0,13585.0,11108.0,7260.0
469.0,2020-12-09,11929.0,12407.0,13815.0,11125.0,7244.0
470.0,2020-12-10,11882.0,11956.0,13952.0,11201.0,7496.0
471.0,2020-12-11,12433.0,12993.0,14323.0,11501.0,7883.0
472.0,2020-12-14,12699.0,13563.0,14443.0,11635.0,8062.0
473.0,2020-12-15,12843.0,13903.0,14510.0,11643.0,8264.0
474.0,2020-12-16,13117.0,14719.0,14479.0,11711.0,8438.0
475.0,2020-12-17,13291.0,15331.0,14375.0,11772.0,8478.0
476.0,2020-12-18,13294.0,15661.0,14029.0,11796.0,8480.0
477.0,2020-12-21,13346.0,16343.0,13694.0,11665.0,8351.0
478.0,2020-12-22,13313.0,16603.0,13404.0,11598.0,8318.0
479.0,2020-12-23,13380.0,17187.0,13021.0,11548.0,8532.0
480.0,2020-12-24,13438.0,17588.0,12819.0,11530.0,8570.0
481.0,2021-01-05,13427.0,18138.0,12739.0,11019.0,8585.0
482.0,2021-01-06,13802.0,18881.0,13276.0,10981.0,8603.0
483.0,2021-01-07,14062.0,19021.0,13834.0,11090.0,8790.0
484.0,2021-01-08,14558.0,20258.0,14218.0,11121.0,8791.0
485.0,2021-01-11,15670.0,23153.0,14870.0,11215.0,8982.0
486.0,2021-01-12,16720.0,26238.0,15087.0,11380.0,9087.0
487.0,2021-01-13,17492.0,28359.0,15295.0,11572.0,9237.0
488.0,2021-01-14,17438.0,28069.0,15354.0,11613.0,9273.0
489.0,2021-01-15,16825.0,25944.0,15306.0,11712.0,9365.0
490.0,2021-01-18,16551.0,24841.0,15284.0,11903.0,9427.0
491.0,2021-01-19,16454.0,24286.0,15261.0,12111.0,9569.0
492.0,2021-01-20,16559.0,24587.0,15238.0,12168.0,9607.0
493.0,2021-01-21,16733.0,24659.0,15264.0,12498.0,10071.0
494.0,2021-01-22,16747.0,24531.0,15232.0,12651.0,10223.0
495.0,2021-01-25,16632.0,24134.0,15210.0,12680.0,10250.0
496.0,2021-01-26,16148.0,22200.0,15349.0,12806.0,10409.0
497.0,2021-01-27,15403.0,19713.0,15317.0,12838.0,10425.0
498.0,2021-01-28,14489.0,16897.0,15151.0,12792.0,10367.0
499.0,2021-01-29,14049.0,15628.0,15012.0,12752.0,10315.0
500.0,2021-02-01,14034.0,15663.0,14962.0,12711.0,10331.0
501.0,2021-02-02,13840.0,15174.0,14905.0,12614.0,10315.0
502.0,2021-02-03,13415.0,13899.0,14809.0,12585.0,10270.0
503.0,2021-02-04,13252.0,13319.0,14860.0,12575.0,10254.0
504.0,2021-02-05,13295.0,13426.0,14914.0,12561.0,10249.0
505.0,2021-02-08,13358.0,13351.0,15157.0,12601.0,10259.0
506.0,2021-02-09,13246.0,12584.0,15531.0,12629.0,10228.0
507.0,2021-02-10,13209.0,11831.0,16090.0,12701.0,10228.0
508.0,2021-02-15,13613.0,11449.0,17545.0,12905.0,10435.0
509.0,2021-02-16,14119.0,11972.0,18547.0,13004.0,10623.0
510.0,2021-02-17,15799.0,14326.0,21078.0,13635.0,10870.0
511.0,2021-02-18,18417.0,18137.0,24204.0,15049.0,12002.0
512.0,2021-02-19,18023.0,16680.0,23369.0,15867.0,12482.0
513.0,2021-02-22,17765.0,15521.0,23173.0,16262.0,12780.0
514.0,2021-02-23,17937.0,15140.0,23064.0,17183.0,13211.0
515.0,2021-02-24,18129.0,14113.0,23276.0,18196.0,14537.0
516.0,2021-02-25,18168.0,14036.0,22981.0,18687.0,14573.0
517.0,2021-02-26,18003.0,13748.0,22542.0,18830.0,14675.0
518.0,2021-03-02,17865.0,13278.0,21912.0,19304.0,15166.0
519.0,2021-03-03,18462.0,14129.0,22392.0,19845.0,15527.0
520.0,2021-03-04,19659.0,16581.0,22396.0,20808.0,17238.0
521.0,2021-03-05,20133.0,16650.0,22976.0,21395.0,18265.0
522.0,2021-03-08,20562.0,17479.0,23212.0,21618.0,18689.0
523.0,2021-03-09,21124.0,17739.0,23585.0,22371.0,20156.0
524.0,2021-03-10,22029.0,19582.0,23608.0,23220.0,21062.0
525.0,2021-03-11,22322.0,19688.0,23466.0,23950.0,21907.0
526.0,2021-03-12,22483.0,19303.0,23597.0,24517.0,22580.0
527.0,2021-03-15,22768.0,18961.0,24015.0,25270.0,22946.0
528.0,2021-03-16,23127.0,19336.0,24324.0,25624.0,23419.0
529.0,2021-03-17,23364.0,19543.0,24713.0,25769.0,23565.0
530.0,2021-03-18,24380.0,20438.0,26648.0,26155.0,24076.0
531.0,2021-03-19,26068.0,22067.0,29402.0,26983.0,25330.0
532.0,2021-03-22,26465.0,22368.0,30559.0,26846.0,25335.0
533.0,2021-03-23,26506.0,22496.0,30236.0,27230.0,25175.0
534.0,2021-03-24,25313.0,21469.0,27985.0,26673.0,24748.0
535.0,2021-03-25,24597.0,20772.0,27007.0,26199.0,24038.0
536.0,2021-03-26,24367.0,21290.0,26969.0,25314.0,22950.0
537.0,2021-03-29,24333.0,22034.0,26886.0,24715.0,22421.0
538.0,2021-03-30,23747.0,21650.0,26548.0,23796.0,21490.0
539.0,2021-03-31,22878.0,20882.0,25424.0,22888.0,21197.0
540.0,2021-04-01,22639.0,21972.0,23996.0,22526.0,20908.0
541.0,2021-04-02,22995.0,23453.0,23608.0,22536.0,21164.0
542.0,2021-04-06,22972.0,24233.0,23439.0,22161.0,20225.0
543.0,2021-04-07,22955.0,24899.0,22839.0,22069.0,20132.0
544.0,2021-04-08,23123.0,25969.0,22263.0,22141.0,20108.0
545.0,2021-04-09,22949.0,26246.0,21452.0,22070.0,20184.0
546.0,2021-04-12,23195.0,27778.0,20513.0,22261.0,20296.0
547.0,2021-04-13,23797.0,30234.0,20032.0,22262.0,20388.0
548.0,2021-04-14,23349.0,29223.0,19385.0,22412.0,20426.0
549.0,2021-04-15,24172.0,30782.0,20480.0,22497.0,20450.0
550.0,2021-04-16,24810.0,31331.0,21593.0,22706.0,21211.0
551.0,2021-04-19,25028.0,31641.0,21875.0,22787.0,21373.0
552.0,2021-04-20,25550.0,31832.0,23092.0,22989.0,21765.0
553.0,2021-04-21,26548.0,32909.0,25158.0,23112.0,21941.0
554.0,2021-04-22,27922.0,35475.0,26315.0,23753.0,22589.0
555.0,2021-04-23,27779.0,35256.0,25527.0,24179.0,22904.0
556.0,2021-04-26,28139.0,36213.0,25411.0,24468.0,23118.0
557.0,2021-04-27,28646.0,37550.0,25402.0,24796.0,23217.0
558.0,2021-04-28,29464.0,39404.0,26025.0,25040.0,23239.0
559.0,2021-04-29,30009.0,40919.0,26315.0,25048.0,23248.0
560.0,2021-04-30,30246.0,41613.0,26401.0,25039.0,23300.0
561.0,2021-05-03,30658.0,42309.0,26540.0,25567.0,23336.0
562.0,2021-05-04,30923.0,42525.0,26927.0,25765.0,23580.0
563.0,2021-05-06,32891.0,47365.0,28648.0,25681.0,23824.0
564.0,2021-05-07,32596.0,45071.0,29375.0,26198.0,24030.0
565.0,2021-05-10,33232.0,45775.0,30190.0,26680.0,24380.0
566.0,2021-05-11,33795.0,46150.0,30782.0,27471.0,24740.0
567.0,2021-05-12,33436.0,43983.0,31208.0,27889.0,25123.0
568.0,2021-05-13,32525.0,41203.0,30726.0,28101.0,25158.0
569.0,2021-05-14,32045.0,39991.0,30082.0,28296.0,25343.0
570.0,2021-05-17,30701.0,35911.0,29575.0,28383.0,25399.0
571.0,2021-05-18,29853.0,33875.0,28964.0,28202.0,25408.0
572.0,2021-05-20,30217.0,34656.0,29126.0,28396.0,25635.0
573.0,2021-05-21,30372.0,35524.0,29189.0,28074.0,25362.0
574.0,2021-05-24,30716.0,37024.0,28969.0,27921.0,25424.0
575.0,2021-05-25,30526.0,36611.0,28829.0,27839.0,25419.0
576.0,2021-05-26,30035.0,34984.0,28563.0,28020.0,25650.0
577.0,2021-05-27,29148.0,32756.0,28124.0,27863.0,25251.0
578.0,2021-05-28,28469.0,30992.0,28015.0,27619.0,24814.0
579.0,2021-05-31,27577.0,28909.0,28015.0,26985.0,24045.0
580.0,2021-06-01,27405.0,28779.0,28111.0,26631.0,23486.0
581.0,2021-06-02,27211.0,28176.0,28546.0,26224.0,23271.0
582.0,2021-06-03,26587.0,26259.0,28730.0,25958.0,23029.0
583.0,2021-06-04,26209.0,24937.0,28958.0,25808.0,22981.0
584.0,2021-06-07,25789.0,23793.0,28570.0,25866.0,23203.0
585.0,2021-06-08,25424.0,22814.0,28446.0,25764.0,23162.0
586.0,2021-06-09,25442.0,22618.0,28714.0,25754.0,23159.0
587.0,2021-06-10,26208.0,24419.0,29172.0,25987.0,23346.0
588.0,2021-06-11,27712.0,28072.0,30192.0,26210.0,23696.0
589.0,2021-06-14,29049.0,31503.0,30864.0,26460.0,24017.0
590.0,2021-06-15,29582.0,32638.0,31307.0,26590.0,24215.0
591.0,2021-06-16,30578.0,34541.0,31825.0,27276.0,24857.0
592.0,2021-06-17,31933.0,37218.0,32981.0,27855.0,25175.0
593.0,2021-06-18,31747.0,36597.0,32652.0,28117.0,25372.0
594.0,2021-06-21,31013.0,34028.0,32550.0,28298.0,25498.0
595.0,2021-06-22,30609.0,32816.0,32347.0,28358.0,25528.0
596.0,2021-06-23,30275.0,31870.0,32121.0,28429.0,25492.0
597.0,2021-06-24,30899.0,33338.0,32210.0,28797.0,25953.0
598.0,2021-06-25,31765.0,34869.0,32529.0,29655.0,26489.0
599.0,2021-06-28,32397.0,35853.0,33255.0,30032.0,26556.0
600.0,2021-06-29,33068.0,36826.0,34200.0,30336.0,26589.0
601.0,2021-06-30,33426.0,36675.0,35192.0,30593.0,26876.0
602.0,2021-07-01,33351.0,34558.0,36216.0,31294.0,27309.0
603.0,2021-07-02,33008.0,32231.0,37087.0,31569.0,27415.0
604.0,2021-07-05,32831.0,31203.0,38077.0,31108.0,27150.0
605.0,2021-07-06,32565.0,30440.0,37976.0,31155.0,26939.0
606.0,2021-07-07,32651.0,30885.0,38068.0,30926.0,26875.0
607.0,2021-07-08,33359.0,32925.0,38246.0,31101.0,26777.0
608.0,2021-07-09,33303.0,32894.0,38084.0,31145.0,26663.0
609.0,2021-07-12,33342.0,33344.0,37897.0,31032.0,26600.0
610.0,2021-07-13,33223.0,33338.0,37731.0,30864.0,26427.0
611.0,2021-07-14,32625.0,32240.0,37319.0,30456.0,26200.0
612.0,2021-07-15,31519.0,30807.0,35496.0,30060.0,26102.0
613.0,2021-07-16,31168.0,31130.0,34445.0,29869.0,25345.0
614.0,2021-07-19,31123.0,31478.0,34229.0,29617.0,25258.0
615.0,2021-07-20,31245.0,32105.0,34058.0,29612.0,25123.0
616.0,2021-07-21,31293.0,32265.0,33900.0,29754.0,25176.0
617.0,2021-07-22,31653.0,33071.0,33859.0,30085.0,25481.0
618.0,2021-07-23,32709.0,35931.0,33942.0,30568.0,25764.0
619.0,2021-07-26,33124.0,36964.0,33895.0,30857.0,26095.0
620.0,2021-07-27,32954.0,36476.0,33719.0,30936.0,26153.0
621.0,2021-07-28,32796.0,36045.0,33502.0,30976.0,26394.0
622.0,2021-07-29,33068.0,37268.0,33011.0,31142.0,26418.0
623.0,2021-07-30,33530.0,38885.0,32750.0,31278.0,26562.0
624.0,2021-08-02,34189.0,40738.0,32447.0,31661.0,27353.0
625.0,2021-08-03,34100.0,40154.0,32464.0,31875.0,27517.0
626.0,2021-08-04,34231.0,40292.0,32582.0,32003.0,27678.0
627.0,2021-08-05,34593.0,41158.0,32740.0,32199.0,27638.0
628.0,2021-08-06,34878.0,41794.0,32863.0,32304.0,27902.0
629.0,2021-08-09,34765.0,41075.0,33050.0,32413.0,28036.0
630.0,2021-08-10,35081.0,41436.0,33136.0,32970.0,28182.0
631.0,2021-08-11,35027.0,40656.0,33369.0,33207.0,28573.0
632.0,2021-08-12,35490.0,41431.0,33626.0,33615.0,28889.0
633.0,2021-08-13,35945.0,42253.0,33780.0,33998.0,29357.0
634.0,2021-08-17,37078.0,44610.0,34180.0,34660.0,30436.0
635.0,2021-08-18,37744.0,45706.0,34645.0,35193.0,30812.0
636.0,2021-08-19,39060.0,49058.0,35040.0,35690.0,31241.0
637.0,2021-08-20,40193.0,51669.0,35230.0,36407.0,32012.0
638.0,2021-08-23,40791.0,52866.0,35362.0,36905.0,32514.0
639.0,2021-08-24,41326.0,53739.0,35677.0,37391.0,32841.0
640.0,2021-08-25,41993.0,53921.0,36446.0,38425.0,33559.0
641.0,2021-08-26,42003.0,52462.0,36773.0,39299.0,34427.0
642.0,2021-08-27,42234.0,52481.0,36984.0,39710.0,34819.0
643.0,2021-08-30,42417.0,52806.0,36997.0,39936.0,34951.0
644.0,2021-08-31,42285.0,52350.0,37006.0,39928.0,34996.0
645.0,2021-09-01,41104.0,49325.0,36760.0,39463.0,34398.0
646.0,2021-09-02,40320.0,47731.0,36277.0,39006.0,34159.0
647.0,2021-09-03,40160.0,48089.0,36035.0,38462.0,33843.0
648.0,2021-09-06,39585.0,47250.0,35610.0,37974.0,33348.0
649.0,2021-09-07,38250.0,44069.0,35087.0,37392.0,32859.0
650.0,2021-09-08,37559.0,42666.0,34808.0,36879.0,32533.0
651.0,2021-09-09,37098.0,41697.0,34728.0,36436.0,32399.0
652.0,2021-09-10,37683.0,43463.0,34867.0,36446.0,32509.0
653.0,2021-09-13,39565.0,49061.0,35241.0,36611.0,32915.0
654.0,2021-09-14,41864.0,55922.0,35712.0,36814.0,33300.0
655.0,2021-09-15,41712.0,55132.0,35895.0,36883.0,33390.0
656.0,2021-09-16,41459.0,53615.0,36193.0,37199.0,33564.0
657.0,2021-09-17,41583.0,53663.0,36410.0,37380.0,33474.0
658.0,2021-09-23,45382.0,64784.0,37382.0,37770.0,34012.0
659.0,2021-09-24,45352.0,64506.0,37405.0,37893.0,34110.0
660.0,2021-09-27,45391.0,64342.0,37411.0,38103.0,34344.0
661.0,2021-09-28,46197.0,66897.0,37442.0,38217.0,34303.0
662.0,2021-09-29,48482.0,74331.0,37618.0,38283.0,34127.0
663.0,2021-09-30,49666.0,78097.0,37675.0,38378.0,34211.0
664.0,2021-10-01,49359.0,77372.0,37582.0,38219.0,34074.0
665.0,2021-10-05,50144.0,80438.0,37465.0,38003.0,33725.0
666.0,2021-10-06,51336.0,84800.0,37253.0,37888.0,33535.0
667.0,2021-10-07,52376.0,88256.0,37193.0,37933.0,33613.0
668.0,2021-10-08,51385.0,84950.0,36987.0,38145.0,33600.0
669.0,2021-10-12,50312.0,81041.0,37084.0,38318.0,33791.0
670.0,2021-10-13,49306.0,77329.0,37195.0,38625.0,33611.0
671.0,2021-10-14,48552.0,74156.0,37455.0,38993.0,33703.0
672.0,2021-10-15,46756.0,67436.0,37866.0,39258.0,33882.0
673.0,2021-10-18,45263.0,61550.0,38388.0,39552.0,34159.0
674.0,2021-10-19,44762.0,59409.0,38546.0,39815.0,34303.0
675.0,2021-10-20,44838.0,59203.0,38738.0,40086.0,34300.0
676.0,2021-10-21,44637.0,57748.0,39410.0,40253.0,34138.0
677.0,2021-10-22,43302.0,53363.0,39686.0,40044.0,33745.0
678.0,2021-10-25,42278.0,50278.0,39782.0,39702.0,33492.0
679.0,2021-10-26,40548.0,45031.0,39733.0,39407.0,32963.0
680.0,2021-10-27,39047.0,41206.0,39172.0,38980.0,32398.0
681.0,2021-10-28,37461.0,38773.0,37885.0,37735.0,31435.0
682.0,2021-10-29,36652.0,38244.0,36768.0,36893.0,30807.0
683.0,2021-11-01,35480.0,37197.0,35822.0,35435.0,29442.0
684.0,2021-11-02,33764.0,34422.0,34292.0,34447.0,28158.0
685.0,2021-11-03,30466.0,30480.0,30363.0,31882.0,26481.0
686.0,2021-11-04,27905.0,27675.0,27634.0,29361.0,25037.0
687.0,2021-11-05,27193.0,27100.0,26929.0,28562.0,24159.0
688.0,2021-11-08,26888.0,27610.0,26692.0,27576.0,23244.0
689.0,2021-11-09,27187.0,29553.0,26426.0,27056.0,22768.0
690.0,2021-11-10,27869.0,32119.0,26809.0,26535.0,22298.0
691.0,2021-11-11,28086.0,33263.0,26799.0,26209.0,22052.0
692.0,2021-11-12,28045.0,33534.0,26668.0,26047.0,21704.0
693.0,2021-11-15,27941.0,33464.0,26444.0,26037.0,21574.0
694.0,2021-11-16,27173.0,31823.0,25513.0,26055.0,21560.0
695.0,2021-11-17,25488.0,27638.0,24059.0,26076.0,21567.0
696.0,2021-11-18,24688.0,27127.0,22450.0,25594.0,21368.0
697.0,2021-11-19,25068.0,29281.0,21710.0,25494.0,21223.0
698.0,2021-11-22,25517.0,31419.0,21494.0,25178.0,20898.0
699.0,2021-11-23,26502.0,34813.0,21514.0,25132.0,20649.0
700.0,2021-11-24,26716.0,35037.0,21679.0,25424.0,20741.0
701.0,2021-11-25,26112.0,32393.0,21818.0,25824.0,21013.0
702.0,2021-11-26,26632.0,33159.0,22392.0,26140.0,21245.0
703.0,2021-11-29,27470.0,34767.0,23198.0,26433.0,21506.0
704.0,2021-11-30,28565.0,37686.0,23694.0,26608.0,21686.0
705.0,2021-12-01,29363.0,38844.0,24760.0,26934.0,22018.0
706.0,2021-12-02,29344.0,37659.0,25506.0,27234.0,22245.0
707.0,2021-12-03,29898.0,38360.0,26398.0,27421.0,22445.0
708.0,2021-12-06,30206.0,38481.0,26807.0,27825.0,22725.0
709.0,2021-12-07,31096.0,40194.0,27495.0,28255.0,23129.0
710.0,2021-12-08,32291.0,43178.0,27809.0,28789.0,23579.0
711.0,2021-12-09,32671.0,44255.0,27622.0,29067.0,23872.0
712.0,2021-12-10,31879.0,41784.0,27480.0,29023.0,23927.0
713.0,2021-12-13,31187.0,39550.0,27009.0,29353.0,24133.0
714.0,2021-12-14,30582.0,37872.0,26578.0,29430.0,24176.0
715.0,2021-12-15,28823.0,32894.0,26032.0,29294.0,23575.0
716.0,2021-12-16,26656.0,26691.0,25381.0,28913.0,23602.0
717.0,2021-12-17,25479.0,24619.0,24130.0,28444.0,23212.0
718.0,2021-12-20,24627.0,22941.0,23342.0,28159.0,22941.0
719.0,2021-12-21,24674.0,24145.0,22964.0,27585.0,22663.0
720.0,2021-12-22,24075.0,22691.0,22678.0,27357.0,22574.0
721.0,2021-12-23,23818.0,21873.0,22780.0,27215.0,22579.0
722.0,2021-12-24,23622.0,20979.0,22946.0,27265.0,22651.0
723.0,2022-01-03,24346.0,21821.0,25054.0,26655.0,22868.0
724.0,2022-01-04,24205.0,21311.0,25344.0,26454.0,22723.0
725.0,2022-01-05,24093.0,20778.0,26207.0,25957.0,22104.0
726.0,2022-01-06,23738.0,19563.0,26808.0,25526.0,21691.0
727.0,2022-01-07,23820.0,20330.0,26829.0,25081.0,21479.0
728.0,2022-01-10,23764.0,21483.0,26011.0,24689.0,21095.0
729.0,2022-01-11,23240.0,21944.0,25083.0,23698.0,20221.0
730.0,2022-01-12,22378.0,20169.0,24377.0,23398.0,19951.0
731.0,2022-01-13,21196.0,17446.0,23333.0,23251.0,19870.0
732.0,2022-01-14,19897.0,14466.0,22598.0,22818.0,19321.0
733.0,2022-01-17,19330.0,13314.0,22260.0,22512.0,19045.0
734.0,2022-01-18,18936.0,13415.0,21609.0,21946.0,18447.0
735.0,2022-01-19,18195.0,12608.0,20689.0,21351.0,18012.0
736.0,2022-01-20,17593.0,11990.0,19769.0,20995.0,17662.0
737.0,2022-01-21,16867.0,10163.0,19415.0,20788.0,17574.0
738.0,2022-01-24,16367.0,8681.0,19354.0,20717.0,17418.0
739.0,2022-01-25,16365.0,8687.0,19411.0,20682.0,17316.0
740.0,2022-01-26,15818.0,7325.0,19059.0,20617.0,17178.0
741.0,2022-01-27,15658.0,7540.0,18375.0,20590.0,17068.0
742.0,2022-01-28,15830.0,8368.0,18126.0,20571.0,17104.0
743.0,2022-02-03,16549.0,11668.0,17511.0,19969.0,18050.0
744.0,2022-02-04,16562.0,11933.0,17573.0,19617.0,18254.0
745.0,2022-02-07,16725.0,11673.0,17776.0,20203.0,18291.0
746.0,2022-02-08,17067.0,11168.0,18656.0,20847.0,18656.0
747.0,2022-02-09,18037.0,11696.0,19459.0,22445.0,19569.0
748.0,2022-02-10,20238.0,15822.0,20454.0,24277.0,20727.0
749.0,2022-02-11,21269.0,16778.0,21590.0,25322.0,21618.0
750.0,2022-02-14,21779.0,16738.0,22266.0,26266.0,21976.0
751.0,2022-02-15,21735.0,15933.0,22358.0,26634.0,22572.0
752.0,2022-02-16,21496.0,14778.0,22181.0,26954.0,23222.0
753.0,2022-02-17,21041.0,13215.0,21946.0,27123.0,23556.0
754.0,2022-02-18,21185.0,13918.0,21846.0,27014.0,23518.0
755.0,2022-02-21,21682.0,15425.0,21964.0,27005.0,23641.0
756.0,2022-02-22,22809.0,17433.0,22558.0,27932.0,24319.0
757.0,2022-02-23,24041.0,19338.0,23944.0,28383.0,25413.0
758.0,2022-02-24,24863.0,20037.0,25156.0,28975.0,26121.0
759.0,2022-02-25,24193.0,17406.0,25205.0,29156.0,26624.0
760.0,2022-02-28,23901.0,16077.0,25145.0,29453.0,26990.0
761.0,2022-03-02,24751.0,17129.0,25577.0,30357.0,28318.0
762.0,2022-03-03,25272.0,17674.0,25898.0,30932.0,29215.0
763.0,2022-03-04,25304.0,16416.0,26421.0,31566.0,29831.0
764.0,2022-03-07,25864.0,16887.0,27073.0,32043.0,30635.0
765.0,2022-03-08,26721.0,17497.0,27737.0,33367.0,31411.0
766.0,2022-03-10,29369.0,21369.0,30393.0,34994.0,33421.0
767.0,2022-03-11,29424.0,21694.0,30866.0,34548.0,32910.0
768.0,2022-03-14,29675.0,22550.0,30606.0,34686.0,33226.0
769.0,2022-03-15,29429.0,23462.0,29856.0,33873.0,32717.0
770.0,2022-03-16,28813.0,23200.0,28789.0,33284.0,32307.0
771.0,2022-03-17,28174.0,22010.0,27914.0,33195.0,32389.0
772.0,2022-03-18,28572.0,23475.0,27634.0,33337.0,32389.0
773.0,2022-03-21,28830.0,23328.0,27735.0,34094.0,32828.0
774.0,2022-03-22,28729.0,21884.0,28095.0,34700.0,33254.0
775.0,2022-03-23,28454.0,19381.0,28955.0,35294.0,33652.0
776.0,2022-03-24,29030.0,19784.0,30019.0,35654.0,33924.0
777.0,2022-03-25,28873.0,19086.0,30565.0,35361.0,33695.0
778.0,2022-03-28,28252.0,17693.0,30552.0,34826.0,33307.0
779.0,2022-03-29,27669.0,16575.0,30372.0,34274.0,33027.0
780.0,2022-03-30,27121.0,16105.0,29850.0,33607.0,32518.0
781.0,2022-03-31,26619.0,16167.0,29247.0,32600.0,32145.0
782.0,2022-04-01,26364.0,16513.0,28625.0,32084.0,31972.0
783.0,2022-04-04,25778.0,16650.0,28115.0,31084.0,30237.0
784.0,2022-04-05,24850.0,15213.0,27699.0,30130.0,29375.0
785.0,2022-04-06,24119.0,14095.0,27045.0,29686.0,28710.0
786.0,2022-04-07,23346.0,13525.0,25945.0,29031.0,27960.0
787.0,2022-04-08,23187.0,14076.0,25680.0,28459.0,27230.0
788.0,2022-04-11,22740.0,13714.0,25366.0,27787.0,26800.0
789.0,2022-04-12,22515.0,13437.0,25331.0,27454.0,26489.0
790.0,2022-04-13,22523.0,13434.0,26019.0,26953.0,26014.0
791.0,2022-04-14,22878.0,13672.0,26733.0,27202.0,25966.0
792.0,2022-04-15,23255.0,14441.0,26892.0,27448.0,26206.0
793.0,2022-04-18,23553.0,14938.0,26887.0,27900.0,26355.0
794.0,2022-04-19,23334.0,14083.0,26894.0,28033.0,26310.0
795.0,2022-04-20,23404.0,13137.0,27145.0,28798.0,26804.0
796.0,2022-04-21,23864.0,13939.0,27113.0,29448.0,27140.0
797.0,2022-04-22,24901.0,16906.0,26969.0,29956.0,27516.0
798.0,2022-04-25,25706.0,18850.0,26845.0,30739.0,27760.0
799.0,2022-04-26,26144.0,20022.0,26689.0,31072.0,28096.0
800.0,2022-04-27,26424.0,20671.0,26440.0,31543.0,28281.0
801.0,2022-04-28,26635.0,21141.0,26316.0,31895.0,28297.0
802.0,2022-04-29,26401.0,20238.0,26292.0,32018.0,28368.0
803.0,2022-05-02,26297.0,19949.0,26126.0,32083.0,28497.0
804.0,2022-05-03,26267.0,19942.0,25983.0,32165.0,28403.0
805.0,2022-05-04,26566.0,20348.0,26434.0,32315.0,28373.0
806.0,2022-05-06,28210.0,24066.0,27931.0,32522.0,28546.0
807.0,2022-05-09,29454.0,27028.0,28388.0,33107.0,28978.0
808.0,2022-05-10,30656.0,29544.0,29549.0,33342.0,29253.0
809.0,2022-05-11,31912.0,32206.0,30267.0,34105.0,29392.0
810.0,2022-05-12,32883.0,35019.0,30504.0,34246.0,29523.0
811.0,2022-05-13,32970.0,35294.0,30540.0,34156.0,29732.0
812.0,2022-05-16,32781.0,34784.0,30315.0,34249.0,29770.0
813.0,2022-05-17,32754.0,35471.0,30015.0,33691.0,30011.0
814.0,2022-05-18,33114.0,36112.0,30562.0,33713.0,29983.0
815.0,2022-05-19,34166.0,38595.0,31241.0,33984.0,30197.0
816.0,2022-05-20,34144.0,38213.0,31337.0,34173.0,30270.0
817.0,2022-05-23,34547.0,39401.0,31564.0,34100.0,30272.0
818.0,2022-05-24,34544.0,38984.0,31525.0,34541.0,30293.0
819.0,2022-05-25,33764.0,36644.0,31347.0,34477.0,30242.0
820.0,2022-05-26,32519.0,33531.0,30547.0,34309.0,30026.0
821.0,2022-05-27,30543.0,28206.0,29960.0,33772.0,29621.0
822.0,2022-05-30,28769.0,23794.0,29077.0,33290.0,29214.0
823.0,2022-05-31,27929.0,23085.0,27824.0,32655.0,28599.0
824.0,2022-06-02,27868.0,24219.0,27360.0,31939.0,28124.0
825.0,2022-06-03,27599.0,23756.0,27183.0,31732.0,27972.0
826.0,2022-06-07,26999.0,23750.0,26520.0,30684.0,27127.0
827.0,2022-06-08,26558.0,23127.0,26145.0,30322.0,26799.0
828.0,2022-06-09,25585.0,21210.0,25662.0,29629.0,26351.0
829.0,2022-06-10,25127.0,21043.0,25106.0,28979.0,25886.0
830.0,2022-06-13,24799.0,20813.0,24716.0,28654.0,25443.0
831.0,2022-06-14,24420.0,19872.0,24568.0,28494.0,25395.0
832.0,2022-06-15,24787.0,20486.0,25192.0,28506.0,25317.0
833.0,2022-06-16,25301.0,21619.0,25657.0,28600.0,25377.0
834.0,2022-06-17,26085.0,23894.0,26083.0,28462.0,25536.0
835.0,2022-06-20,26552.0,25119.0,26330.0,28491.0,25701.0
836.0,2022-06-21,26276.0,24264.0,26301.0,28443.0,25733.0
837.0,2022-06-22,25250.0,21285.0,26154.0,28270.0,25376.0
838.0,2022-06-23,24216.0,18538.0,25786.0,28073.0,24972.0
839.0,2022-06-24,24341.0,19976.0,25119.0,27762.0,24842.0
840.0,2022-06-27,24200.0,19876.0,24828.0,27653.0,24929.0
841.0,2022-06-28,23668.0,19105.0,24592.0,27085.0,24339.0
842.0,2022-06-29,22887.0,18022.0,24125.0,26187.0,23867.0
843.0,2022-06-30,22948.0,19769.0,23757.0,25197.0,23311.0
844.0,2022-07-01,23153.0,20497.0,23740.0,25212.0,23185.0
845.0,2022-07-04,22864.0,19893.0,23642.0,25013.0,23003.0
846.0,2022-07-05,22111.0,18033.0,23441.0,24714.0,22547.0
847.0,2022-07-06,21532.0,16731.0,23059.0,24544.0,22312.0
848.0,2022-07-07,21353.0,17310.0,22671.0,23911.0,21851.0
849.0,2022-07-08,21459.0,18846.0,22073.0,23507.0,21317.0
850.0,2022-07-11,21356.0,19298.0,21618.0,23262.0,21028.0
851.0,2022-07-12,21064.0,19670.0,20759.0,22883.0,20699.0
852.0,2022-07-13,20420.0,18779.0,19847.0,22627.0,20444.0
853.0,2022-07-14,20298.0,19545.0,18993.0,22410.0,20139.0
854.0,2022-07-15,20387.0,20911.0,18072.0,22333.0,19923.0
855.0,2022-07-18,21254.0,24091.0,17772.0,22377.0,19818.0
856.0,2022-07-19,21294.0,24221.0,17748.0,22408.0,19807.0
857.0,2022-07-20,21238.0,23222.0,17946.0,22876.0,20248.0
858.0,2022-07-21,21052.0,21863.0,18359.0,23158.0,20381.0
859.0,2022-07-22,21264.0,21994.0,18572.0,23425.0,20669.0
860.0,2022-07-25,21432.0,21941.0,18933.0,23604.0,20884.0
861.0,2022-07-26,21121.0,21078.0,18814.0,23559.0,20857.0
862.0,2022-07-27,20516.0,19916.0,18569.0,23109.0,20380.0
863.0,2022-07-28,19923.0,18634.0,18323.0,22784.0,20005.0
864.0,2022-07-29,19334.0,17436.0,18189.0,22284.0,19614.0
865.0,2022-08-01,19006.0,17178.0,18106.0,21717.0,19054.0
866.0,2022-08-02,18713.0,16984.0,18063.0,21141.0,18565.0
867.0,2022-08-03,18033.0,16372.0,17971.0,19912.0,17568.0
868.0,2022-08-04,17140.0,14456.0,17890.0,19161.0,16880.0
869.0,2022-08-05,16541.0,13021.0,17931.0,18661.0,16569.0
870.0,2022-08-08,16255.0,13408.0,17886.0,17549.0,16019.0
871.0,2022-08-09,16317.0,13972.0,17833.0,17258.0,15981.0
872.0,2022-08-10,16358.0,14410.0,17934.0,16972.0,15636.0
873.0,2022-08-11,16435.0,14733.0,18042.0,16861.0,15439.0
874.0,2022-08-12,16074.0,13441.0,18138.0,16862.0,15418.0
875.0,2022-08-16,15095.0,10036.0,18036.0,17111.0,15403.0
876.0,2022-08-17,15143.0,10087.0,17912.0,17279.0,15596.0
877.0,2022-08-18,15234.0,9978.0,17620.0,17913.0,15812.0
878.0,2022-08-19,15118.0,9399.0,17074.0,18493.0,16284.0
879.0,2022-08-22,14994.0,8900.0,16721.0,18839.0,16557.0
880.0,2022-08-23,15169.0,9358.0,16343.0,19277.0,16754.0
881.0,2022-08-24,15236.0,9490.0,16057.0,19570.0,17011.0
882.0,2022-08-25,14916.0,8708.0,15699.0,19619.0,17086.0
883.0,2022-08-26,14064.0,6668.0,15331.0,19239.0,16930.0
884.0,2022-08-29,13735.0,6360.0,14954.0,18917.0,16659.0
885.0,2022-08-30,13470.0,6331.0,14809.0,18372.0,16158.0
886.0,2022-08-31,12742.0,6003.0,13758.0,17525.0,15565.0
887.0,2022-09-01,12359.0,6056.0,13235.0,16859.0,15137.0
888.0,2022-09-02,12809.0,7878.0,13366.0,16467.0,14959.0
889.0,2022-09-05,13396.0,9910.0,13580.0,16204.0,14884.0
890.0,2022-09-06,13333.0,9460.0,13865.0,16204.0,14743.0
891.0,2022-09-07,13275.0,8664.0,14344.0,16340.0,14705.0
892.0,2022-09-08,13442.0,8404.0,15274.0,16245.0,14645.0
893.0,2022-09-13,14952.0,10636.0,18188.0,16083.0,14801.0
894.0,2022-09-14,16412.0,13955.0,19379.0,16351.0,15068.0
895.0,2022-09-15,17232.0,16144.0,19474.0,16715.0,15323.0
896.0,2022-09-16,16875.0,15096.0,19160.0,16854.0,15419.0
897.0,2022-09-19,16827.0,14933.0,19008.0,16994.0,15469.0
898.0,2022-09-20,17361.0,16673.0,18945.0,17078.0,15520.0
899.0,2022-09-21,18451.0,19316.0,19391.0,17482.0,15949.0
900.0,2022-09-22,18285.0,18567.0,19099.0,17867.0,16255.0
901.0,2022-09-23,18345.0,18554.0,18850.0,18285.0,16384.0
902.0,2022-09-26,18874.0,20278.0,18780.0,18412.0,16330.0
903.0,2022-09-27,18702.0,19721.0,18655.0,18519.0,16334.0
904.0,2022-09-28,18561.0,19085.0,18630.0,18707.0,16348.0
905.0,2022-09-29,18352.0,18406.0,18810.0,18570.0,16165.0
906.0,2022-09-30,17835.0,16858.0,18855.0,18392.0,16032.0
907.0,2022-10-04,18259.0,18341.0,18981.0,18218.0,15966.0
908.0,2022-10-05,18857.0,20041.0,19319.0,18192.0,15913.0
909.0,2022-10-06,19257.0,20791.0,20136.0,18027.0,15709.0
910.0,2022-10-07,19113.0,20231.0,20210.0,18052.0,15651.0
911.0,2022-10-11,18781.0,19091.0,20344.0,17958.0,15636.0
912.0,2022-10-12,18522.0,18650.0,20164.0,17784.0,15424.0
913.0,2022-10-13,18295.0,18396.0,19892.0,17659.0,15107.0
914.0,2022-10-14,17980.0,17626.0,19710.0,17625.0,14915.0
915.0,2022-10-17,18058.0,17901.0,19636.0,17716.0,14819.0
916.0,2022-10-18,18145.0,18058.0,19730.0,17794.0,14707.0
917.0,2022-10-19,18137.0,17856.0,19934.0,17783.0,14653.0
918.0,2022-10-20,18171.0,17863.0,20091.0,17780.0,14502.0
919.0,2022-10-21,17924.0,17334.0,20057.0,17615.0,14219.0
920.0,2022-10-24,17859.0,17324.0,20023.0,17485.0,14098.0
921.0,2022-10-25,17616.0,17031.0,19868.0,17278.0,13628.0
922.0,2022-10-26,17196.0,16143.0,19617.0,17090.0,13414.0
923.0,2022-10-27,16542.0,15382.0,18923.0,16477.0,13074.0
924.0,2022-10-28,15871.0,14479.0,18204.0,15981.0,12723.0
925.0,2022-10-31,15584.0,13963.0,17737.0,16065.0,12550.0
926.0,2022-11-02,14433.0,12533.0,16998.0,14622.0,11866.0
927.0,2022-11-03,13873.0,11478.0,16641.0,14235.0,11668.0
928.0,2022-11-04,13648.0,11190.0,16631.0,13927.0,11230.0
929.0,2022-11-07,13762.0,12061.0,16577.0,13599.0,10911.0
930.0,2022-11-08,13880.0,13015.0,16409.0,13286.0,10670.0
931.0,2022-11-09,14076.0,14005.0,16190.0,13178.0,10647.0
932.0,2022-11-10,14332.0,15124.0,16020.0,13084.0,10636.0
933.0,2022-11-11,13906.0,14339.0,15509.0,13000.0,10516.0
934.0,2022-11-14,13756.0,13936.0,15342.0,13074.0,10503.0
935.0,2022-11-15,13480.0,13156.0,15437.0,12839.0,10498.0
936.0,2022-11-16,13138.0,12404.0,15407.0,12568.0,10242.0
937.0,2022-11-17,12986.0,11890.0,15399.0,12589.0,10221.0
938.0,2022-11-18,12496.0,10655.0,15261.0,12440.0,9887.0
939.0,2022-11-21,12437.0,10272.0,15100.0,12758.0,9981.0
940.0,2022-11-22,12422.0,10287.0,14950.0,12805.0,10088.0
941.0,2022-11-23,12320.0,10134.0,14596.0,12937.0,10196.0
942.0,2022-11-24,12598.0,11431.0,14130.0,13065.0,10108.0
943.0,2022-11-25,13120.0,13031.0,14004.0,13280.0,10249.0
944.0,2022-11-28,13561.0,14834.0,13702.0,13318.0,10053.0
945.0,2022-11-29,13534.0,14740.0,13664.0,13379.0,9988.0
946.0,2022-11-30,13358.0,14198.0,13731.0,13255.0,10032.0
947.0,2022-12-01,13672.0,14763.0,14306.0,13164.0,10024.0
948.0,2022-12-02,13448.0,13897.0,14482.0,13158.0,9870.0
949.0,2022-12-05,13503.0,13849.0,14697.0,13184.0,9836.0
950.0,2022-12-06,13566.0,13861.0,14873.0,13213.0,9816.0
951.0,2022-12-07,13616.0,13834.0,14942.0,13366.0,9731.0
952.0,2022-12-08,13971.0,15023.0,14843.0,13445.0,9781.0
953.0,2022-12-09,14024.0,15288.0,14779.0,13392.0,9865.0
954.0,2022-12-12,14135.0,15350.0,14970.0,13511.0,9854.0
955.0,2022-12-13,13748.0,14490.0,14708.0,13404.0,9673.0
956.0,2022-12-14,13586.0,14094.0,14624.0,13327.0,9723.0
957.0,2022-12-15,14036.0,15511.0,14670.0,13411.0,9587.0
958.0,2022-12-16,14806.0,17467.0,14745.0,13966.0,9524.0
959.0,2022-12-19,15026.0,18375.0,14609.0,13900.0,9602.0
960.0,2022-12-20,14955.0,18003.0,14556.0,14100.0,9577.0
961.0,2022-12-21,15421.0,19743.0,14486.0,14022.0,9458.0
962.0,2022-12-22,16271.0,23041.0,14505.0,13528.0,9494.0
963.0,2022-12-23,15642.0,21210.0,14385.0,13416.0,9390.0
964.0,2023-01-03,13196.0,15511.0,13476.0,12175.0,8474.0
965.0,2023-01-04,12305.0,13863.0,12711.0,11648.0,8382.0
966.0,2023-01-05,11763.0,13009.0,12344.0,11134.0,8169.0
967.0,2023-01-06,11377.0,12525.0,11661.0,11018.0,8156.0
968.0,2023-01-09,11233.0,12730.0,11158.0,10872.0,8046.0
969.0,2023-01-10,11253.0,13401.0,11045.0,10410.0,7967.0
970.0,2023-01-11,10667.0,12329.0,10424.0,10197.0,7815.0
971.0,2023-01-12,10328.0,12057.0,10239.0,9628.0,7511.0
972.0,2023-01-13,10010.0,11941.0,9712.0,9273.0,7322.0
973.0,2023-01-16,9876.0,12075.0,9441.0,9009.0,7186.0
974.0,2023-01-17,9996.0,12493.0,9490.0,8941.0,7183.0
975.0,2023-01-18,9820.0,11853.0,9556.0,8938.0,7158.0
976.0,2023-01-19,9476.0,10487.0,9739.0,8952.0,7221.0
977.0,2023-01-20,9097.0,8987.0,10014.0,8913.0,7227.0
978.0,2023-01-25,8570.0,7258.0,10075.0,8835.0,7201.0
979.0,2023-01-26,8352.0,6609.0,9996.0,8905.0,6994.0
980.0,2023-01-27,8322.0,6309.0,10129.0,8888.0,7248.0
981.0,2023-01-30,8469.0,6412.0,10226.0,9128.0,7392.0
982.0,2023-01-31,8454.0,6126.0,10180.0,9397.0,7429.0
983.0,2023-02-01,8488.0,6085.0,10234.0,9492.0,7443.0
984.0,2023-02-02,8453.0,5824.0,10095.0,9758.0,7494.0
985.0,2023-02-03,8224.0,5634.0,9926.0,9371.0,7448.0
986.0,2023-02-06,8083.0,5723.0,9695.0,9058.0,7407.0
987.0,2023-02-07,7923.0,5534.0,9585.0,8832.0,7380.0
988.0,2023-02-08,7881.0,5647.0,9582.0,8639.0,7202.0
989.0,2023-02-09,7781.0,5808.0,9259.0,8513.0,7074.0
990.0,2023-02-10,7667.0,5734.0,9231.0,8241.0,7053.0
991.0,2023-02-13,7756.0,6133.0,9195.0,8202.0,6973.0
992.0,2023-02-14,7790.0,6348.0,9158.0,8144.0,6954.0
993.0,2023-02-15,7448.0,5394.0,8916.0,8170.0,7042.0
994.0,2023-02-16,7348.0,4760.0,8881.0,8476.0,7133.0
995.0,2023-02-17,7393.0,4467.0,8882.0,8870.0,7269.0
996.0,2023-02-20,7479.0,4389.0,8828.0,9228.0,7461.0
997.0,2023-02-21,7853.0,4615.0,8909.0,10068.0,7751.0
998.0,2023-02-22,8309.0,4926.0,9496.0,10581.0,8082.0
999.0,2023-02-23,8946.0,5483.0,10002.0,11546.0,8373.0
1000.0,2023-02-24,10047.0,7240.0,11289.0,12059.0,8709.0
1001.0,2023-02-27,10598.0,7672.0,12059.0,12548.0,9136.0
1002.0,2023-02-28,11057.0,8293.0,12410.0,13004.0,9455.0
1003.0,2023-03-02,12287.0,10415.0,13391.0,13815.0,10004.0
1004.0,2023-03-03,12678.0,11621.0,13498.0,13739.0,10201.0
1005.0,2023-03-06,12928.0,12809.0,13567.0,13393.0,9973.0
1006.0,2023-03-07,12970.0,13188.0,13574.0,13227.0,9737.0
1007.0,2023-03-08,13324.0,14494.0,13595.0,13061.0,9790.0
1008.0,2023-03-09,13684.0,15055.0,13952.0,13277.0,9991.0
1009.0,2023-03-10,14181.0,15709.0,14390.0,13760.0,10237.0
1010.0,2023-03-13,14515.0,16211.0,14688.0,13971.0,10541.0
1011.0,2023-03-14,15109.0,17629.0,14996.0,14158.0,10739.0
1012.0,2023-03-15,16469.0,20154.0,16540.0,14481.0,11165.0
1013.0,2023-03-16,16395.0,19498.0,16768.0,14670.0,11144.0
1014.0,2023-03-17,16019.0,18443.0,16679.0,14583.0,11074.0
1015.0,2023-03-20,15916.0,18464.0,16543.0,14396.0,10953.0
1016.0,2023-03-21,15935.0,18702.0,16390.0,14374.0,10955.0
1017.0,2023-03-22,15612.0,17557.0,16111.0,14725.0,10939.0
1018.0,2023-03-23,15479.0,17519.0,15427.0,14961.0,11068.0
1019.0,2023-03-24,15786.0,18479.0,15292.0,15155.0,11086.0
1020.0,2023-03-27,15513.0,17755.0,15084.0,15226.0,10937.0
1021.0,2023-03-28,15003.0,16523.0,14933.0,14967.0,10764.0
1022.0,2023-03-29,14645.0,15808.0,14849.0,14631.0,10588.0
1023.0,2023-03-30,14529.0,16041.0,14779.0,14204.0,10218.0
1024.0,2023-03-31,14367.0,16071.0,14753.0,13732.0,10004.0
1025.0,2023-04-03,14455.0,16564.0,14860.0,13465.0,9886.0
1026.0,2023-04-04,14717.0,17508.0,14839.0,13453.0,9770.0
1027.0,2023-04-05,15090.0,18699.0,15137.0,13283.0,9546.0
1028.0,2023-04-06,15296.0,19053.0,15521.0,13249.0,9488.0
1029.0,2023-04-07,15064.0,18700.0,15576.0,12892.0,9134.0
1030.0,2023-04-10,15073.0,18910.0,15626.0,12694.0,9039.0
1031.0,2023-04-11,14783.0,18331.0,15552.0,12424.0,8908.0
1032.0,2023-04-12,14434.0,17541.0,15466.0,12182.0,8768.0
1033.0,2023-04-13,14328.0,17613.0,15306.0,11987.0,8562.0
1034.0,2023-04-14,14197.0,17348.0,15246.0,11903.0,8475.0
1035.0,2023-04-17,14136.0,17304.0,15112.0,11888.0,8442.0
1036.0,2023-04-18,13957.0,16858.0,14916.0,11931.0,8453.0
1037.0,2023-04-19,14051.0,16208.0,14944.0,12762.0,8772.0
1038.0,2023-04-20,14272.0,16009.0,15096.0,13434.0,9104.0
1039.0,2023-04-21,14952.0,17719.0,15247.0,13757.0,9348.0
1040.0,2023-04-24,15295.0,18378.0,15417.0,13984.0,9616.0
1041.0,2023-04-25,15235.0,18124.0,15410.0,14034.0,9649.0
1042.0,2023-04-26,15191.0,18226.0,15297.0,13931.0,9550.0
1043.0,2023-04-27,15481.0,19623.0,15168.0,13688.0,9376.0
1044.0,2023-04-28,15861.0,21101.0,15015.0,13673.0,9244.0
1045.0,2023-05-02,15796.0,21263.0,14868.0,13479.0,9127.0
1046.0,2023-05-03,15492.0,20509.0,14717.0,13350.0,9195.0
1047.0,2023-05-04,15396.0,20446.0,14620.0,13230.0,9077.0
1048.0,2023-05-08,15505.0,21615.0,13961.0,13110.0,8994.0
1049.0,2023-05-09,15606.0,21904.0,13934.0,13149.0,9099.0
1050.0,2023-05-10,15977.0,23092.0,13782.0,13322.0,9183.0
1051.0,2023-05-11,15999.0,23321.0,13601.0,13313.0,9285.0
1052.0,2023-05-12,15556.0,22278.0,13200.0,13286.0,9270.0
1053.0,2023-05-15,15273.0,21502.0,13042.0,13283.0,9253.0
1054.0,2023-05-16,14918.0,21122.0,12286.0,13246.0,9218.0
1055.0,2023-05-17,14592.0,20449.0,11869.0,13277.0,9133.0
1056.0,2023-05-18,14444.0,20194.0,11609.0,13309.0,9108.0
1057.0,2023-05-19,14319.0,19992.0,11418.0,13310.0,9026.0
1058.0,2023-05-22,14094.0,19374.0,11346.0,13283.0,8933.0
1059.0,2023-05-23,13964.0,19043.0,11326.0,13214.0,8895.0
1060.0,2023-05-24,13736.0,18919.0,10806.0,13118.0,8825.0
1061.0,2023-05-25,13176.0,17997.0,10471.0,12599.0,8557.0
1062.0,2023-05-26,12683.0,17033.0,10277.0,12165.0,8408.0
1063.0,2023-05-30,12003.0,15620.0,10038.0,11596.0,8270.0
1064.0,2023-05-31,11397.0,14073.0,9982.0,11229.0,8121.0
1065.0,2023-06-01,10871.0,12839.0,9783.0,10942.0,8018.0
1066.0,2023-06-02,10658.0,12613.0,9527.0,10757.0,7891.0
1067.0,2023-06-05,10758.0,13054.0,9741.0,10437.0,7883.0
1068.0,2023-06-07,11507.0,15815.0,10113.0,9909.0,7561.0
1069.0,2023-06-08,11553.0,16144.0,10216.0,9677.0,7425.0
1070.0,2023-06-09,11641.0,16516.0,10299.0,9539.0,7349.0
1071.0,2023-06-12,11523.0,16139.0,10331.0,9491.0,7345.0
1072.0,2023-06-13,11626.0,16405.0,10346.0,9556.0,7335.0
1073.0,2023-06-14,11773.0,16290.0,10817.0,9704.0,7294.0
1074.0,2023-06-15,11985.0,16579.0,11057.0,9851.0,7388.0
1075.0,2023-06-16,12063.0,16402.0,11501.0,9838.0,7406.0
1076.0,2023-06-19,11819.0,15564.0,11584.0,9792.0,7365.0
1077.0,2023-06-20,11715.0,15306.0,11547.0,9728.0,7404.0
1078.0,2023-06-21,11768.0,15742.0,11427.0,9591.0,7397.0
1079.0,2023-06-22,12076.0,17105.0,11100.0,9550.0,7499.0
1080.0,2023-06-23,12508.0,18822.0,11007.0,9384.0,7438.0
1081.0,2023-06-26,12729.0,19650.0,11018.0,9302.0,7381.0
1082.0,2023-06-27,12653.0,19464.0,11029.0,9221.0,7382.0
1083.0,2023-06-28,12099.0,17876.0,10875.0,9151.0,7282.0
1084.0,2023-06-29,11985.0,17623.0,10736.0,9180.0,7230.0
1085.0,2023-06-30,11809.0,17336.0,10472.0,9170.0,7160.0
1086.0,2023-07-03,11564.0,16727.0,10251.0,9161.0,7216.0
1087.0,2023-07-04,11276.0,16026.0,10084.0,9072.0,7210.0
1088.0,2023-07-05,11070.0,15669.0,9914.0,8956.0,7086.0
1089.0,2023-07-06,10746.0,15051.0,9644.0,8824.0,6900.0
1090.0,2023-07-07,10761.0,15209.0,9591.0,8780.0,6867.0
1091.0,2023-07-10,10804.0,15361.0,9587.0,8816.0,6745.0
1092.0,2023-07-11,10892.0,15635.0,9636.0,8792.0,6732.0
1093.0,2023-07-12,10971.0,15599.0,9895.0,8839.0,6715.0
1094.0,2023-07-13,11223.0,16057.0,10104.0,8999.0,6748.0
1095.0,2023-07-14,11340.0,16219.0,10135.0,9179.0,6804.0
1096.0,2023-07-17,11220.0,15873.0,10122.0,9138.0,6799.0
1097.0,2023-07-18,10986.0,15303.0,9860.0,9199.0,6771.0
1098.0,2023-07-19,10849.0,14860.0,9645.0,9372.0,6858.0
1099.0,2023-07-20,10620.0,14161.0,9393.0,9554.0,6880.0
1100.0,2023-07-21,10608.0,14288.0,9122.0,9648.0,6903.0
1101.0,2023-07-24,10646.0,14485.0,9062.0,9621.0,6954.0
1102.0,2023-07-25,10496.0,14216.0,8888.0,9559.0,6966.0
1103.0,2023-07-26,10516.0,14488.0,8804.0,9436.0,6976.0
1104.0,2023-07-27,10953.0,16056.0,8881.0,9242.0,6998.0
1105.0,2023-07-28,10776.0,15919.0,8798.0,8928.0,6830.0
1106.0,2023-07-31,10937.0,16601.0,8860.0,8732.0,6789.0
1107.0,2023-08-01,11109.0,17309.0,8833.0,8617.0,6813.0
1108.0,2023-08-02,11191.0,17501.0,8983.0,8551.0,6802.0
1109.0,2023-08-03,11098.0,17096.0,9195.0,8458.0,6730.0
1110.0,2023-08-04,11207.0,17318.0,9361.0,8449.0,6681.0
1111.0,2023-08-07,11436.0,17403.0,10123.0,8370.0,6672.0
1112.0,2023-08-08,11462.0,17393.0,10522.0,8099.0,6580.0
1113.0,2023-08-09,11346.0,16638.0,10860.0,8135.0,6565.0
1114.0,2023-08-10,11448.0,16495.0,11130.0,8290.0,6732.0
1115.0,2023-08-11,11338.0,15651.0,11376.0,8472.0,6879.0
1116.0,2023-08-14,11308.0,14959.0,11725.0,8677.0,7001.0
1117.0,2023-08-16,11971.0,15684.0,12481.0,9312.0,7281.0
1118.0,2023-08-17,12541.0,16793.0,12643.0,9826.0,7628.0
1119.0,2023-08-18,12360.0,15709.0,12662.0,10218.0,7837.0
1120.0,2023-08-21,12208.0,15178.0,12566.0,10316.0,7899.0
1121.0,2023-08-22,12032.0,14731.0,12355.0,10380.0,7920.0
1122.0,2023-08-23,12079.0,14242.0,12714.0,10607.0,8105.0
1123.0,2023-08-24,11762.0,13426.0,12476.0,10611.0,8079.0
1124.0,2023-08-25,11372.0,12414.0,12416.0,10403.0,8024.0
1125.0,2023-08-28,11264.0,12033.0,12339.0,10475.0,8101.0
1126.0,2023-08-29,11387.0,12418.0,12411.0,10448.0,8035.0
1127.0,2023-08-30,11480.0,12275.0,12681.0,10593.0,8150.0
1128.0,2023-08-31,11507.0,11759.0,12939.0,10871.0,8361.0
1129.0,2023-09-01,11607.0,11863.0,12990.0,11030.0,8425.0
1130.0,2023-09-04,11671.0,11750.0,13042.0,11275.0,8510.0
1131.0,2023-09-05,11845.0,11994.0,13098.0,11536.0,8564.0
1132.0,2023-09-06,11820.0,11792.0,13233.0,11523.0,8560.0
1133.0,2023-09-07,11928.0,11870.0,13157.0,11821.0,8731.0
1134.0,2023-09-08,12469.0,13318.0,13254.0,12030.0,8880.0
1135.0,2023-09-11,12781.0,14036.0,13326.0,12248.0,8978.0
1136.0,2023-09-12,12942.0,14310.0,13551.0,12270.0,9024.0
1137.0,2023-09-13,13375.0,14232.0,14686.0,12628.0,9110.0
1138.0,2023-09-14,13812.0,14951.0,14896.0,13114.0,9237.0
1139.0,2023-09-15,14278.0,15706.0,15082.0,13586.0,9659.0
1140.0,2023-09-18,14653.0,16583.0,15239.0,13744.0,9829.0
1141.0,2023-09-19,15562.0,18540.0,15608.0,14357.0,10105.0
1142.0,2023-09-20,16082.0,19344.0,15739.0,15066.0,10370.0
1143.0,2023-09-21,16303.0,19582.0,15747.0,15452.0,10684.0
1144.0,2023-09-22,16044.0,18808.0,15571.0,15562.0,10614.0
1145.0,2023-09-25,16408.0,20071.0,15580.0,15495.0,10647.0
1146.0,2023-09-26,16879.0,21386.0,15871.0,15449.0,10676.0
1147.0,2023-09-27,17242.0,22872.0,15828.0,15206.0,10706.0
1148.0,2023-10-04,17377.0,25046.0,15497.0,13955.0,10282.0
1149.0,2023-10-05,17102.0,24608.0,15418.0,13630.0,10048.0
1150.0,2023-10-06,17469.0,26153.0,15185.0,13535.0,10072.0
1151.0,2023-10-10,18910.0,29447.0,16044.0,14055.0,10461.0
1152.0,2023-10-11,18934.0,28983.0,16363.0,14318.0,10344.0
1153.0,2023-10-12,18458.0,27391.0,16387.0,14338.0,10228.0
1154.0,2023-10-13,18277.0,27183.0,16149.0,14220.0,10112.0
1155.0,2023-10-16,18306.0,27374.0,15889.0,14357.0,10201.0
1156.0,2023-10-17,18456.0,28048.0,15707.0,14359.0,10221.0
1157.0,2023-10-18,18903.0,29773.0,15500.0,14357.0,10140.0
1158.0,2023-10-19,18983.0,29970.0,15297.0,14602.0,10226.0
1159.0,2023-10-20,18711.0,29061.0,15146.0,14767.0,10187.0
1160.0,2023-10-23,18692.0,28562.0,15269.0,15069.0,10222.0
1161.0,2023-10-24,18467.0,27899.0,15173.0,15088.0,10189.0
1162.0,2023-10-25,17940.0,26150.0,15261.0,15021.0,10102.0
1163.0,2023-10-26,16877.0,23125.0,15246.0,14613.0,9813.0
1164.0,2023-10-27,16124.0,20831.0,15351.0,14363.0,9605.0
1165.0,2023-10-30,15061.0,17934.0,15071.0,14063.0,9407.0
1166.0,2023-10-31,14716.0,17419.0,14974.0,13557.0,9313.0
1167.0,2023-11-02,14077.0,16132.0,14546.0,13292.0,8860.0
1168.0,2023-11-03,13883.0,16266.0,13908.0,13189.0,8737.0
1169.0,2023-11-06,14471.0,18397.0,13928.0,13036.0,8624.0
1170.0,2023-11-07,14989.0,20253.0,13906.0,12942.0,8585.0
1171.0,2023-11-08,14940.0,20069.0,13932.0,12967.0,8501.0
1172.0,2023-11-09,14916.0,19898.0,13939.0,13076.0,8418.0
1173.0,2023-11-10,15632.0,21803.0,14164.0,13373.0,8297.0
1174.0,2023-11-13,15934.0,22301.0,14628.0,13426.0,8276.0
1175.0,2023-11-14,15994.0,22300.0,14726.0,13521.0,8296.0
1176.0,2023-11-15,16251.0,22594.0,15385.0,13486.0,8111.0
1177.0,2023-11-16,16573.0,23088.0,15933.0,13550.0,8021.0
1178.0,2023-11-17,16903.0,23210.0,16599.0,13824.0,8128.0
1179.0,2023-11-20,17029.0,23151.0,16889.0,13989.0,8205.0
1180.0,2023-11-21,17092.0,22425.0,17272.0,14491.0,8359.0
1181.0,2023-11-22,16932.0,21037.0,17718.0,14835.0,8548.0
1182.0,2023-11-23,17016.0,20619.0,17991.0,15225.0,8658.0
1183.0,2023-11-24,18123.0,23589.0,18271.0,15581.0,8907.0
1184.0,2023-11-27,20128.0,29406.0,18847.0,15838.0,9004.0
1185.0,2023-11-28,21112.0,31907.0,19183.0,16206.0,9230.0
1186.0,2023-11-29,22378.0,35550.0,19208.0,16710.0,9376.0
1187.0,2023-11-30,24626.0,41294.0,19838.0,17744.0,9633.0
1188.0,2023-12-01,26292.0,45506.0,20381.0,18453.0,9899.0
1189.0,2023-12-04,27797.0,49175.0,20993.0,19080.0,10227.0
1190.0,2023-12-05,27961.0,48550.0,21475.0,19660.0,10554.0
1191.0,2023-12-06,26779.0,44419.0,21542.0,19759.0,10633.0
1192.0,2023-12-07,24328.0,37512.0,20529.0,19527.0,10580.0
1193.0,2023-12-08,22928.0,33606.0,19879.0,19417.0,10576.0
1194.0,2023-12-11,23239.0,35281.0,19412.0,19267.0,10510.0
1195.0,2023-12-12,23995.0,38813.0,18852.0,18797.0,10567.0
1196.0,2023-12-13,23610.0,38269.0,18361.0,18528.0,10630.0
1197.0,2023-12-14,22975.0,37106.0,17803.0,18174.0,10494.0
1198.0,2023-12-15,22663.0,36500.0,17563.0,17977.0,10515.0
1199.0,2023-12-18,22483.0,36147.0,17346.0,17925.0,10580.0
1200.0,2023-12-19,21904.0,34506.0,17304.0,17673.0,10586.0
1201.0,2023-12-20,21157.0,32084.0,17330.0,17610.0,10497.0
1202.0,2023-12-21,20163.0,29141.0,17200.0,17371.0,10494.0
1203.0,2023-12-22,19646.0,27780.0,17084.0,17121.0,10503.0
1204.0,2024-01-02,20419.0,30806.0,16974.0,16859.0,10277.0
1205.0,2024-01-03,19763.0,29459.0,16491.0,16488.0,10312.0
1206.0,2024-01-04,19684.0,29994.0,16190.0,16053.0,10129.0
1207.0,2024-01-05,19554.0,30097.0,15757.0,15895.0,10289.0
1208.0,2024-01-08,19363.0,29876.0,15577.0,15702.0,10169.0
1209.0,2024-01-09,18246.0,26713.0,15206.0,15533.0,10102.0
1210.0,2024-01-10,17277.0,24245.0,14791.0,15241.0,9938.0
1211.0,2024-01-11,15975.0,21056.0,13930.0,14964.0,9902.0
1212.0,2024-01-12,15342.0,19553.0,13530.0,14780.0,9829.0
1213.0,2024-01-15,14679.0,17966.0,13271.0,14471.0,9669.0
1214.0,2024-01-16,14068.0,16626.0,12743.0,14325.0,9602.0
1215.0,2024-01-17,13938.0,16119.0,12894.0,14259.0,9561.0
1216.0,2024-01-18,13929.0,16131.0,13149.0,13970.0,9542.0
1217.0,2024-01-19,14670.0,18100.0,13790.0,13820.0,9569.0
1218.0,2024-01-22,15523.0,20903.0,14237.0,13415.0,9564.0
1219.0,2024-01-23,15221.0,20064.0,14245.0,13251.0,9532.0
1220.0,2024-01-24,14868.0,18714.0,14414.0,13243.0,9563.0
1221.0,2024-01-25,15257.0,19210.0,15081.0,13335.0,9693.0
1222.0,2024-01-26,15209.0,18725.0,15333.0,13398.0,9723.0
1223.0,2024-01-29,15196.0,18550.0,15417.0,13441.0,9742.0
1224.0,2024-01-30,14709.0,16968.0,15401.0,13424.0,9708.0
1225.0,2024-01-31,14443.0,16555.0,15001.0,13371.0,9650.0
1226.0,2024-02-01,14586.0,17650.0,14660.0,13106.0,9616.0
1227.0,2024-02-02,14573.0,18106.0,14362.0,12932.0,9525.0
1228.0,2024-02-05,14714.0,18809.0,14193.0,12893.0,9456.0
1229.0,2024-02-06,15347.0,20772.0,14284.0,12948.0,9459.0
1230.0,2024-02-07,15715.0,21606.0,14598.0,13030.0,9446.0
1231.0,2024-02-08,15192.0,19640.0,14624.0,13193.0,9549.0
1232.0,2024-02-13,16353.0,22939.0,14457.0,13893.0,9661.0
1233.0,2024-02-14,16204.0,22431.0,14459.0,13887.0,9713.0
1234.0,2024-02-15,16285.0,22243.0,14787.0,13998.0,9764.0
1235.0,2024-02-16,16362.0,22029.0,15179.0,14099.0,9698.0
1236.0,2024-02-19,16759.0,22766.0,15549.0,14225.0,9972.0
1237.0,2024-02-20,17242.0,23032.0,16653.0,14407.0,10139.0
1238.0,2024-02-21,17311.0,22377.0,17225.0,14658.0,10332.0
1239.0,2024-02-22,18042.0,24577.0,17252.0,14772.0,10616.0
1240.0,2024-02-23,18764.0,26983.0,17125.0,14884.0,10662.0
1241.0,2024-02-26,19363.0,29010.0,16950.0,14996.0,10768.0
1242.0,2024-02-27,19308.0,28770.0,16809.0,15005.0,11326.0
1243.0,2024-02-28,19926.0,30636.0,16773.0,15120.0,11673.0
1244.0,2024-02-29,21074.0,33458.0,17214.0,15512.0,12193.0
1245.0,2024-03-04,22816.0,38055.0,18042.0,15692.0,12795.0
1246.0,2024-03-05,23559.0,39369.0,18986.0,15811.0,13093.0
1247.0,2024-03-06,22984.0,37194.0,18972.0,15932.0,13549.0
1248.0,2024-03-07,22860.0,36564.0,19116.0,16000.0,13562.0
1249.0,2024-03-08,23311.0,38364.0,18849.0,15976.0,13546.0
1250.0,2024-03-11,23804.0,40203.0,19018.0,15691.0,13304.0
1251.0,2024-03-12,23497.0,39363.0,19089.0,15507.0,13096.0
1252.0,2024-03-13,22883.0,37424.0,19147.0,15363.0,13029.0
1253.0,2024-03-14,22939.0,37050.0,19729.0,15339.0,13039.0
1254.0,2024-03-15,22924.0,36413.0,20184.0,15460.0,13073.0
1255.0,2024-03-18,23042.0,36230.0,20691.0,15557.0,12990.0
1256.0,2024-03-19,23861.0,38069.0,21135.0,15995.0,13018.0
1257.0,2024-03-20,23552.0,36642.0,21166.0,16339.0,13079.0
1258.0,2024-03-21,22875.0,34708.0,20581.0,16576.0,13159.0
1259.0,2024-03-22,22639.0,34073.0,20183.0,16792.0,13243.0
1260.0,2024-03-25,22042.0,32330.0,19903.0,16839.0,13208.0
1261.0,2024-03-26,21111.0,29830.0,19496.0,16712.0,12992.0
1262.0,2024-03-27,19822.0,26550.0,18871.0,16373.0,12839.0
1263.0,2024-03-28,18768.0,24159.0,18161.0,16020.0,12662.0
1264.0,2024-03-29,18592.0,24923.0,17314.0,15608.0,12391.0
1265.0,2024-04-01,18551.0,25281.0,17220.0,15273.0,12190.0
1266.0,2024-04-02,18084.0,24259.0,16872.0,15109.0,12117.0
1267.0,2024-04-03,17579.0,23001.0,16589.0,14992.0,12043.0
1268.0,2024-04-04,17779.0,24132.0,16441.0,14740.0,11848.0
1269.0,2024-04-05,17059.0,22359.0,16101.0,14518.0,11656.0
1270.0,2024-04-08,16835.0,21999.0,15848.0,14398.0,11619.0
1271.0,2024-04-09,16404.0,21373.0,15143.0,14301.0,11586.0
1272.0,2024-04-11,16874.0,23373.0,14822.0,14222.0,11493.0
1273.0,2024-04-12,17438.0,25034.0,14974.0,14279.0,11522.0
1274.0,2024-04-15,17636.0,25348.0,15242.0,14390.0,11422.0
1275.0,2024-04-16,17870.0,25589.0,15493.0,14605.0,11640.0
1276.0,2024-04-17,18090.0,26114.0,15460.0,14805.0,11764.0
1277.0,2024-04-18,19271.0,28552.0,16462.0,15207.0,12047.0
1278.0,2024-04-19,19876.0,29661.0,16921.0,15585.0,12262.0
1279.0,2024-04-22,19821.0,29070.0,17113.0,15835.0,12154.0
1280.0,2024-04-23,19340.0,27338.0,16977.0,16032.0,12355.0
1281.0,2024-04-24,19078.0,25572.0,17406.0,16459.0,12468.0
1282.0,2024-04-25,18771.0,24292.0,17206.0,16837.0,12704.0
1283.0,2024-04-26,18509.0,23066.0,17164.0,17239.0,12689.0
1284.0,2024-04-29,18477.0,22849.0,17123.0,17393.0,12681.0
1285.0,2024-04-30,18160.0,22031.0,17017.0,17295.0,12576.0
1286.0,2024-05-02,18411.0,23444.0,17013.0,16827.0,12260.0
1287.0,2024-05-03,18899.0,25083.0,17246.0,16617.0,12159.0
1288.0,2024-05-07,20240.0,28201.0,18493.0,16689.0,12255.0
1289.0,2024-05-08,21507.0,31364.0,19346.0,16847.0,12399.0
1290.0,2024-05-09,21936.0,32058.0,19738.0,17151.0,12517.0
1291.0,2024-05-10,21645.0,30937.0,19676.0,17334.0,12614.0
1292.0,2024-05-13,21518.0,30313.0,19846.0,17341.0,12676.0
1293.0,2024-05-14,20915.0,28601.0,19734.0,17161.0,12665.0
1294.0,2024-05-16,19637.0,25714.0,18839.0,16729.0,12526.0
1295.0,2024-05-17,19411.0,25398.0,18643.0,16531.0,12393.0
1296.0,2024-05-20,19494.0,25998.0,18460.0,16363.0,12473.0
1297.0,2024-05-21,19450.0,25903.0,18510.0,16335.0,12255.0
1298.0,2024-05-22,19262.0,25441.0,18527.0,16181.0,12170.0
1299.0,2024-05-23,19065.0,24936.0,18583.0,16004.0,12076.0
1300.0,2024-05-24,18891.0,24804.0,18489.0,15656.0,12064.0
1301.0,2024-05-27,18841.0,25015.0,18498.0,15296.0,11985.0
1302.0,2024-05-28,18821.0,25289.0,18498.0,15007.0,11827.0
1303.0,2024-05-29,18459.0,24727.0,18096.0,14678.0,12091.0
1304.0,2024-05-30,18622.0,25721.0,17667.0,14607.0,12237.0
1305.0,2024-05-31,18894.0,26796.0,17463.0,14623.0,12289.0
1306.0,2024-06-03,19115.0,27749.0,17315.0,14570.0,12249.0
1307.0,2024-06-04,19027.0,27712.0,17078.0,14558.0,12227.0
1308.0,2024-06-05,19132.0,28254.0,16957.0,14528.0,12107.0
1309.0,2024-06-07,19442.0,29046.0,17079.0,14622.0,12176.0
1310.0,2024-06-10,19583.0,29457.0,17242.0,14498.0,12239.0
1311.0,2024-06-11,19408.0,28964.0,17081.0,14598.0,12148.0
1312.0,2024-06-12,19104.0,27509.0,17270.0,14845.0,12168.0
1313.0,2024-06-13,19796.0,29159.0,17496.0,15241.0,12268.0
1314.0,2024-06-14,19979.0,29268.0,17684.0,15569.0,12226.0
1315.0,2024-06-17,19968.0,28709.0,17962.0,15811.0,12236.0
1316.0,2024-06-18,19886.0,28330.0,17986.0,15885.0,12262.0
1317.0,2024-06-19,20124.0,29140.0,17918.0,15950.0,12211.0
1318.0,2024-06-20,20007.0,28971.0,17579.0,16053.0,12266.0
1319.0,2024-06-21,20429.0,30518.0,17422.0,16095.0,12186.0
1320.0,2024-06-24,20396.0,30672.0,17106.0,16096.0,12334.0
1321.0,2024-06-25,20055.0,29734.0,16759.0,16202.0,12462.0
1322.0,2024-06-26,19688.0,29180.0,15959.0,16299.0,12570.0
1323.0,2024-06-27,20224.0,31244.0,15649.0,16318.0,12612.0
1324.0,2024-06-28,20548.0,32361.0,15504.0,16372.0,12772.0
1325.0,2024-07-01,20858.0,33699.0,15353.0,16249.0,12679.0
1326.0,2024-07-02,21795.0,37141.0,15365.0,15968.0,12525.0
1327.0,2024-07-03,21216.0,35745.0,15052.0,15782.0,12416.0
1328.0,2024-07-04,20213.0,32721.0,14890.0,15660.0,12312.0
1329.0,2024-07-05,19955.0,31866.0,14747.0,15743.0,12484.0
1330.0,2024-07-08,19657.0,30982.0,14594.0,15824.0,12372.0
1331.0,2024-07-09,19321.0,30028.0,14436.0,15859.0,12237.0
1332.0,2024-07-10,18988.0,28711.0,14441.0,16066.0,12226.0
1333.0,2024-07-11,19245.0,29059.0,14689.0,16321.0,12249.0
1334.0,2024-07-12,19367.0,29095.0,14968.0,16400.0,12279.0
1335.0,2024-07-15,19671.0,29874.0,15041.0,16544.0,12338.0
1336.0,2024-07-16,19770.0,29354.0,15624.0,16763.0,12473.0
1337.0,2024-07-17,19143.0,27320.0,15666.0,16688.0,12407.0
1338.0,2024-07-18,18879.0,26658.0,15436.0,16630.0,12623.0
1339.0,2024-07-19,19045.0,27237.0,15396.0,16615.0,12699.0
1340.0,2024-07-22,18980.0,27181.0,15391.0,16499.0,12582.0
1341.0,2024-07-23,18910.0,27000.0,15393.0,16455.0,12552.0
1342.0,2024-07-24,18793.0,25753.0,16177.0,16538.0,12532.0
1343.0,2024-07-25,18846.0,25781.0,16177.0,16681.0,12537.0
1344.0,2024-07-26,18813.0,25362.0,16496.0,16682.0,12512.0
1345.0,2024-07-29,18691.0,24996.0,16474.0,16640.0,12574.0
1346.0,2024-07-30,18582.0,24700.0,16452.0,16612.0,12535.0
1347.0,2024-07-31,18340.0,24271.0,16264.0,16446.0,12453.0
1348.0,2024-08-01,17993.0,23551.0,16024.0,16262.0,12424.0
1349.0,2024-08-02,17818.0,23263.0,15834.0,16158.0,12413.0
1350.0,2024-08-05,17878.0,23676.0,15788.0,16022.0,12323.0
1351.0,2024-08-06,17935.0,24031.0,15672.0,15990.0,12273.0
1352.0,2024-08-07,17955.0,24375.0,15553.0,15833.0,12268.0
1353.0,2024-08-08,18142.0,25432.0,15271.0,15709.0,12180.0
1354.0,2024-08-09,17922.0,24893.0,15138.0,15651.0,12176.0
1355.0,2024-08-12,17853.0,24856.0,15035.0,15592.0,12083.0
1356.0,2024-08-13,17739.0,24879.0,14729.0,15511.0,12032.0
1357.0,2024-08-14,18156.0,26270.0,14682.0,15554.0,12048.0
1358.0,2024-08-16,18197.0,26199.0,14783.0,15644.0,12097.0
1359.0,2024-08-19,18329.0,26549.0,14832.0,15677.0,12113.0
1360.0,2024-08-20,18515.0,27136.0,14743.0,15759.0,12235.0
1361.0,2024-08-21,18743.0,27949.0,14604.0,15819.0,12313.0
1362.0,2024-08-22,18844.0,28443.0,14434.0,15833.0,12307.0
1363.0,2024-08-23,18774.0,28459.0,14249.0,15786.0,12260.0
1364.0,2024-08-26,18798.0,28651.0,14116.0,15868.0,12078.0
1365.0,2024-08-27,18711.0,28533.0,14014.0,15838.0,11955.0
1366.0,2024-08-28,18644.0,28588.0,13786.0,15828.0,11832.0
1367.0,2024-08-29,19083.0,30349.0,13552.0,15811.0,11697.0
1368.0,2024-08-30,18993.0,30413.0,13241.0,15773.0,11653.0
1369.0,2024-09-02,18796.0,29941.0,13141.0,15692.0,11637.0
1370.0,2024-09-03,19304.0,31770.0,13129.0,15585.0,11583.0
1371.0,2024-09-04,19314.0,31880.0,13131.0,15504.0,11589.0
1372.0,2024-09-05,19250.0,31730.0,13219.0,15381.0,11505.0
1373.0,2024-09-06,19244.0,31727.0,13302.0,15297.0,11462.0
1374.0,2024-09-09,19581.0,32859.0,13361.0,15258.0,11375.0
1375.0,2024-09-10,19366.0,31999.0,13490.0,15257.0,11421.0
1376.0,2024-09-11,19301.0,31608.0,13613.0,15317.0,11399.0
1377.0,2024-09-12,19698.0,32560.0,13816.0,15449.0,11509.0
1378.0,2024-09-13,19545.0,31686.0,13915.0,15665.0,11652.0
1379.0,2024-09-19,19623.0,30958.0,14321.0,16152.0,11934.0
1380.0,2024-09-20,20208.0,32369.0,14452.0,16492.0,12139.0
1381.0,2024-09-23,20309.0,32319.0,14596.0,16704.0,12241.0
1382.0,2024-09-24,20375.0,32120.0,14848.0,16858.0,12275.0
1383.0,2024-09-25,20527.0,32272.0,14932.0,17063.0,12467.0
1384.0,2024-09-26,20682.0,32807.0,14874.0,17092.0,12505.0
1385.0,2024-09-27,20714.0,33056.0,14742.0,17065.0,12547.0
1386.0,2024-09-30,20711.0,33476.0,14540.0,16894.0,12375.0
1387.0,2024-10-02,20055.0,31918.0,14264.0,16537.0,12392.0
1388.0,2024-10-04,19677.0,31096.0,14187.0,16162.0,12431.0
1389.0,2024-10-07,19359.0,29994.0,14401.0,16076.0,12174.0
1390.0,2024-10-08,19111.0,28919.0,14555.0,16161.0,12210.0
1391.0,2024-10-10,18188.0,25863.0,14488.0,16236.0,12116.0
1392.0,2024-10-11,18114.0,25844.0,14329.0,16208.0,12000.0
1393.0,2024-10-14,18327.0,26772.0,14202.0,16128.0,11966.0
1394.0,2024-10-15,18059.0,26204.0,14014.0,16019.0,11882.0
1395.0,2024-10-16,17491.0,24668.0,13734.0,15962.0,11813.0
1396.0,2024-10-17,16566.0,22340.0,13165.0,15814.0,11703.0
1397.0,2024-10-18,16041.0,21170.0,12798.0,15646.0,11571.0
1398.0,2024-10-21,15933.0,20969.0,12751.0,15547.0,11528.0
1399.0,2024-10-22,15515.0,19775.0,12733.0,15394.0,11444.0
1400.0,2024-10-23,15371.0,19266.0,12800.0,15377.0,11383.0
1401.0,2024-10-24,14991.0,18106.0,12752.0,15329.0,11347.0
1402.0,2024-10-25,14916.0,18110.0,12684.0,15183.0,11231.0
1403.0,2024-10-28,14893.0,18291.0,12581.0,15056.0,11148.0
1404.0,2024-10-30,14621.0,18084.0,12476.0,14536.0,10926.0
1405.0,2024-10-31,14382.0,17744.0,12295.0,14296.0,10815.0
1406.0,2024-11-01,14365.0,17903.0,12264.0,14129.0,10765.0
1407.0,2024-11-04,14260.0,17953.0,12173.0,13886.0,10570.0
1408.0,2024-11-05,14446.0,18616.0,12133.0,13899.0,10516.0
1409.0,2024-11-06,14538.0,19131.0,12094.0,13753.0,10446.0
1410.0,2024-11-07,14793.0,20179.0,12008.0,13637.0,10460.0
1411.0,2024-11-08,15104.0,21339.0,12008.0,13508.0,10477.0
1412.0,2024-11-11,15267.0,22274.0,11927.0,13240.0,10341.0
1413.0,2024-11-12,16154.0,25177.0,12147.0,13098.0,10276.0
1414.0,2024-11-13,16579.0,26552.0,12235.0,13142.0,9999.0
1415.0,2024-11-14,16278.0,25993.0,12068.0,12901.0,9895.0
1416.0,2024-11-15,16947.0,28359.0,12047.0,12805.0,9833.0
1417.0,2024-11-18,17423.0,30090.0,11918.0,12801.0,9799.0
1418.0,2024-11-19,16739.0,27981.0,11856.0,12702.0,9768.0
1419.0,2024-11-20,16252.0,26648.0,11790.0,12504.0,9694.0
1420.0,2024-11-21,16045.0,26458.0,11358.0,12444.0,9676.0
1421.0,2024-11-22,15475.0,24919.0,11096.0,12368.0,9598.0
1422.0,2024-11-25,15362.0,24571.0,11034.0,12378.0,9668.0
1423.0,2024-11-26,15486.0,25124.0,10876.0,12421.0,9600.0
1424.0,2024-11-27,15279.0,24671.0,10731.0,12377.0,9455.0
1425.0,2024-11-28,14734.0,23153.0,10427.0,12361.0,9514.0
1426.0,2024-11-29,14021.0,20870.0,10363.0,12390.0,9347.0
1427.0,2024-12-02,13712.0,19874.0,10340.0,12383.0,9333.0
1428.0,2024-12-03,12874.0,17372.0,10046.0,12390.0,9315.0
1429.0,2024-12-04,12364.0,15766.0,9933.0,12408.0,9320.0
1430.0,2024-12-05,11986.0,14483.0,9971.0,12432.0,9203.0
1431.0,2024-12-06,11794.0,13901.0,10063.0,12313.0,9113.0
1432.0,2024-12-09,11757.0,13678.0,10257.0,12231.0,9071.0
1433.0,2024-12-10,11813.0,13899.0,10251.0,12211.0,9044.0
1434.0,2024-12-11,11554.0,13171.0,10191.0,12168.0,8955.0
1435.0,2024-12-12,11164.0,12080.0,10094.0,12100.0,8820.0
1436.0,2024-12-13,11055.0,11759.0,9998.0,12165.0,8786.0
1437.0,2024-12-16,10964.0,11833.0,9631.0,12177.0,8712.0
1438.0,2024-12-17,10933.0,12146.0,9417.0,12020.0,8581.0
1439.0,2024-12-18,10588.0,11602.0,8854.0,12004.0,8504.0
1440.0,2024-12-19,10259.0,10765.0,8604.0,12021.0,8420.0
1441.0,2024-12-20,10021.0,10349.0,8250.0,12005.0,8395.0
1442.0,2024-12-23,10123.0,10991.0,8124.0,11851.0,8333.0
1443.0,2024-12-24,10078.0,11075.0,8147.0,11640.0,8198.0
1444.0,2025-01-02,9996.0,11616.0,7593.0,11422.0,8063.0
1445.0,2025-01-03,10329.0,12638.0,7740.0,11353.0,8101.0
1446.0,2025-01-06,10203.0,12309.0,8068.0,11030.0,7810.0
1447.0,2025-01-07,9788.0,11193.0,8077.0,10798.0,7679.0
1448.0,2025-01-08,9656.0,10938.0,8026.0,10676.0,7639.0
1449.0,2025-01-09,9510.0,10668.0,7952.0,10562.0,7550.0
1450.0,2025-01-10,9498.0,11057.0,7797.0,10344.0,7387.0
1451.0,2025-01-13,9898.0,12758.0,7630.0,10165.0,7326.0
1452.0,2025-01-14,10122.0,13806.0,7500.0,10025.0,7226.0
1453.0,2025-01-15,10063.0,13568.0,7626.0,9968.0,7144.0
1454.0,2025-01-16,9882.0,13176.0,7546.0,9891.0,6983.0
1455.0,2025-01-17,9558.0,12592.0,7354.0,9654.0,6777.0
1456.0,2025-01-20,9206.0,12085.0,7322.0,9157.0,6363.0
1457.0,2025-01-21,8954.0,11750.0,7304.0,8752.0,6122.0
1458.0,2025-01-22,8720.0,11347.0,7240.0,8483.0,5986.0
1459.0,2025-01-23,8424.0,10721.0,7099.0,8309.0,5849.0
1460.0,2025-01-24,8084.0,9927.0,6982.0,8106.0,5787.0
1461.0,2025-01-31,7760.0,9292.0,7214.0,7681.0,5040.0
1462.0,2025-02-03,7654.0,9126.0,7194.0,7538.0,4964.0
1463.0,2025-02-04,7710.0,9145.0,7367.0,7570.0,4861.0
1464.0,2025-02-05,8035.0,9333.0,7971.0,7765.0,5148.0
1465.0,2025-02-06,8532.0,9499.0,8858.0,8262.0,5467.0
1466.0,2025-02-07,8862.0,9698.0,9146.0,8750.0,5841.0
1467.0,2025-02-10,8957.0,9630.0,9237.0,8955.0,6108.0
1468.0,2025-02-11,8981.0,9383.0,9469.0,9022.0,6188.0
1469.0,2025-02-12,8981.0,9165.0,9507.0,9161.0,6312.0
1470.0,2025-02-13,8861.0,8414.0,9576.0,9373.0,6521.0
1471.0,2025-02-14,8941.0,8496.0,9544.0,9534.0,6687.0
1472.0,2025-02-17,9050.0,8552.0,9557.0,9746.0,6934.0
1473.0,2025-02-18,9269.0,8814.0,9731.0,9975.0,7134.0
1474.0,2025-02-19,9631.0,9027.0,10280.0,10360.0,7307.0
1475.0,2025-02-20,10318.0,10188.0,10817.0,10835.0,7662.0
1476.0,2025-02-21,10451.0,10252.0,11009.0,11012.0,7689.0
1477.0,2025-02-24,10775.0,11083.0,11208.0,11046.0,7743.0
1478.0,2025-02-25,11045.0,11828.0,11192.0,11195.0,7800.0
1479.0,2025-02-26,11460.0,13476.0,10881.0,11234.0,7826.0
1480.0,2025-02-27,11861.0,14808.0,10743.0,11379.0,7819.0
1481.0,2025-02-28,12856.0,18393.0,10558.0,11311.0,7778.0
1482.0,2025-03-04,13439.0,21041.0,10027.0,11126.0,7808.0
1483.0,2025-03-05,13243.0,20753.0,9903.0,10936.0,7653.0
1484.0,2025-03-06,13258.0,21348.0,9503.0,10794.0,7645.0
1485.0,2025-03-07,13482.0,22404.0,9322.0,10669.0,7635.0
1486.0,2025-03-10,14065.0,24164.0,9396.0,10727.0,7783.0
1487.0,2025-03-11,14318.0,24878.0,9504.0,10743.0,7813.0
1488.0,2025-03-12,14557.0,25046.0,9934.0,10923.0,7857.0
1489.0,2025-03-13,15902.0,28118.0,11133.0,11072.0,8054.0
1490.0,2025-03-14,16410.0,28851.0,11693.0,11420.0,8208.0
1491.0,2025-03-17,16352.0,28074.0,11876.0,11760.0,8393.0
1492.0,2025-03-18,15977.0,26388.0,12104.0,11935.0,8490.0
1493.0,2025-03-19,16102.0,26249.0,12137.0,12368.0,8761.0
1494.0,2025-03-20,15968.0,25755.0,11971.0,12563.0,8811.0
1495.0,2025-03-21,15976.0,25909.0,11836.0,12563.0,8837.0
1496.0,2025-03-24,16102.0,25934.0,12236.0,12579.0,8769.0
1497.0,2025-03-25,16102.0,25781.0,12363.0,12585.0,8839.0
1498.0,2025-03-26,15937.0,24604.0,12994.0,12567.0,8873.0
1499.0,2025-03-27,15786.0,23739.0,13388.0,12542.0,8850.0
1500.0,2025-03-28,15859.0,23445.0,14048.0,12440.0,8787.0
1501.0,2025-03-31,15707.0,22979.0,14121.0,12330.0,8782.0
1502.0,2025-04-01,15680.0,23206.0,13903.0,12246.0,8738.0
1503.0,2025-04-02,15582.0,22951.0,13899.0,12185.0,8719.0
1504.0,2025-04-03,15799.0,23611.0,13958.0,12173.0,8761.0
1505.0,2025-04-04,15293.0,22239.0,13739.0,12083.0,8749.0
1506.0,2025-04-07,14520.0,20361.0,13267.0,11912.0,8577.0
1507.0,2025-04-08,13790.0,18518.0,12865.0,11766.0,8451.0
1508.0,2025-04-09,13308.0,17430.0,12470.0,11684.0,8328.0
1509.0,2025-04-10,13150.0,17071.0,12195.0,11697.0,8612.0
1510.0,2025-04-11,13222.0,17563.0,12026.0,11617.0,8597.0
1511.0,2025-04-14,13387.0,18086.0,12132.0,11561.0,8538.0
1512.0,2025-04-15,13167.0,17641.0,11808.0,11601.0,8522.0
1513.0,2025-04-16,12800.0,16286.0,11980.0,11569.0,8496.0
1514.0,2025-04-17,12888.0,16269.0,12120.0,11696.0,8620.0
1515.0,2025-04-18,12999.0,16393.0,12205.0,11827.0,8717.0
1516.0,2025-04-21,13033.0,16452.0,12253.0,11843.0,8685.0
1517.0,2025-04-22,13090.0,16452.0,12366.0,11906.0,8733.0
1518.0,2025-04-23,13221.0,16396.0,12592.0,12146.0,8807.0
1519.0,2025-04-24,13610.0,17439.0,12857.0,12141.0,8785.0
1520.0,2025-04-25,13864.0,18251.0,12946.0,12096.0,8767.0
1521.0,2025-04-28,13950.0,18640.0,12932.0,11997.0,8791.0
1522.0,2025-04-29,13866.0,18602.0,12828.0,11888.0,8712.0
1523.0,2025-04-30,13815.0,18841.0,12593.0,11723.0,8671.0
1524.0,2025-05-02,13780.0,18826.0,12505.0,11703.0,8695.0
1525.0,2025-05-07,13481.0,18639.0,11979.0,11422.0,8691.0
1526.0,2025-05-08,13164.0,17856.0,11784.0,11348.0,8680.0
1527.0,2025-05-09,12712.0,16356.0,11779.0,11347.0,8672.0
1528.0,2025-05-12,12816.0,16714.0,11857.0,11257.0,8682.0
1529.0,2025-05-13,12730.0,16420.0,11911.0,11216.0,8659.0
1530.0,2025-05-14,12531.0,15879.0,11699.0,11273.0,8753.0
1531.0,2025-05-15,12605.0,16276.0,11512.0,11309.0,8756.0
1532.0,2025-05-16,13100.0,17881.0,11519.0,11358.0,8734.0
1533.0,2025-05-19,13298.0,18448.0,11551.0,11418.0,8734.0
1534.0,2025-05-20,13014.0,17316.0,11615.0,11510.0,8822.0
1535.0,2025-05-21,13157.0,17699.0,11544.0,11655.0,8875.0
1536.0,2025-05-22,13243.0,18078.0,11299.0,11796.0,8912.0
1537.0,2025-05-23,13313.0,18324.0,11201.0,11854.0,8992.0
1538.0,2025-05-26,13296.0,18344.0,11025.0,11918.0,9100.0
1539.0,2025-05-27,13145.0,17944.0,10975.0,11869.0,9090.0
1540.0,2025-05-28,13121.0,18223.0,10794.0,11710.0,9030.0
1541.0,2025-05-29,13198.0,19116.0,10462.0,11434.0,8938.0
1542.0,2025-05-30,13566.0,20633.0,10211.0,11393.0,8954.0
1543.0,2025-06-02,13969.0,22264.0,10038.0,11309.0,8858.0
1544.0,2025-06-04,14067.0,23200.0,9556.0,11209.0,8778.0
1545.0,2025-06-05,14951.0,25780.0,9932.0,11218.0,8722.0
1546.0,2025-06-09,15682.0,27149.0,11072.0,11179.0,8618.0
1547.0,2025-06-10,15664.0,26963.0,11220.0,11158.0,8615.0
1548.0,2025-06-11,15689.0,26773.0,11529.0,11143.0,8560.0
1549.0,2025-06-12,16318.0,28730.0,11630.0,11184.0,8542.0
1550.0,2025-06-13,17326.0,31731.0,11848.0,11335.0,8523.0
1551.0,2025-06-16,17828.0,32915.0,11970.0,11621.0,8758.0
1552.0,2025-06-17,17934.0,32941.0,12150.0,11757.0,8796.0
1553.0,2025-06-18,17444.0,30766.0,12667.0,11784.0,8792.0
1554.0,2025-06-19,16807.0,28272.0,12795.0,11995.0,8881.0
1555.0,2025-06-20,15991.0,25450.0,12773.0,12118.0,8889.0
1556.0,2025-06-23,15629.0,24034.0,12803.0,12277.0,8951.0
1557.0,2025-06-24,15665.0,23901.0,12981.0,12356.0,8942.0
1558.0,2025-06-25,15732.0,23853.0,13227.0,12396.0,8887.0
1559.0,2025-06-26,15243.0,21851.0,13427.0,12543.0,8965.0
1560.0,2025-06-27,14572.0,19383.0,13542.0,12648.0,9007.0
1561.0,2025-06-30,14334.0,18451.0,13619.0,12701.0,9027.0
1562.0,2025-07-01,14186.0,17587.0,13752.0,12879.0,9207.0
1563.0,2025-07-02,13990.0,16778.0,13773.0,12986.0,9290.0
1564.0,2025-07-03,13980.0,16770.0,13581.0,13132.0,9351.0
1565.0,2025-07-04,14159.0,17194.0,13643.0,13224.0,9410.0
1566.0,2025-07-07,14206.0,17048.0,13785.0,13333.0,9557.0
1567.0,2025-07-08,14382.0,16793.0,14097.0,13792.0,9770.0
1568.0,2025-07-09,14383.0,16199.0,14380.0,14063.0,9907.0
1569.0,2025-07-10,14458.0,15959.0,14597.0,14290.0,10042.0
1570.0,2025-07-11,14846.0,16726.0,14868.0,14496.0,10193.0
1571.0,2025-07-14,15994.0,19549.0,15588.0,14766.0,10228.0
1572.0,2025-07-15,16581.0,20714.0,16097.0,15008.0,10351.0
1573.0,2025-07-16,17275.0,21843.0,17090.0,15172.0,10435.0
1574.0,2025-07-17,18012.0,23993.0,16830.0,15651.0,10703.0
1575.0,2025-07-18,18992.0,27041.0,16740.0,15933.0,10777.0
1576.0,2025-07-21,19039.0,27179.0,16695.0,15997.0,10779.0
1577.0,2025-07-22,18903.0,26823.0,16651.0,15942.0,10784.0
1578.0,2025-07-23,19162.0,27914.0,16612.0,15789.0,10680.0
1579.0,2025-07-24,19896.0,30660.0,16524.0,15578.0,10672.0
1580.0,2025-07-25,20259.0,31969.0,16503.0,15482.0,10734.0
1581.0,2025-07-28,20311.0,32364.0,16305.0,15444.0,10769.0
1582.0,2025-07-29,19962.0,31397.0,16231.0,15356.0,10674.0
1583.0,2025-07-30,18989.0,28801.0,15733.0,15235.0,10583.0
1584.0,2025-07-31,18710.0,28433.0,15290.0,15133.0,10537.0
1585.0,2025-08-01,18878.0,29325.0,15035.0,15062.0,10513.0
1586.0,2025-08-04,18785.0,29223.0,14880.0,15021.0,10481.0
1587.0,2025-08-05,18269.0,27499.0,14893.0,15018.0,10464.0
1588.0,2025-08-06,18646.0,28236.0,15174.0,15233.0,10533.0
1589.0,2025-08-07,18994.0,28734.0,15420.0,15614.0,10637.0
1590.0,2025-08-08,19282.0,29398.0,15563.0,15741.0,10718.0
1591.0,2025-08-11,19675.0,30463.0,15702.0,15829.0,10765.0
1592.0,2025-08-12,19580.0,29983.0,15527.0,16129.0,10878.0
1593.0,2025-08-13,19588.0,29906.0,15417.0,16342.0,10884.0
1594.0,2025-08-14,19718.0,30101.0,15411.0,16528.0,11056.0
1595.0,2025-08-18,19499.0,29174.0,15493.0,16615.0,11143.0
1596.0,2025-08-19,19216.0,28165.0,15386.0,16784.0,11150.0
1597.0,2025-08-20,18662.0,26240.0,15070.0,17110.0,11364.0
1598.0,2025-08-21,18587.0,25459.0,15314.0,17371.0,11440.0
1599.0,2025-08-22,18523.0,24559.0,15680.0,17661.0,11525.0
1600.0,2025-08-25,19345.0,26934.0,16111.0,17621.0,11457.0
1601.0,2025-08-26,20099.0,29038.0,16496.0,17628.0,11504.0
1602.0,2025-08-27,20242.0,28669.0,16916.0,17988.0,11696.0
1603.0,2025-08-28,20056.0,28011.0,16960.0,18008.0,11622.0
1604.0,2025-08-29,19980.0,27633.0,16950.0,18139.0,11631.0
1605.0,2025-09-01,19924.0,27914.0,16781.0,17862.0,11571.0
1606.0,2025-09-02,19722.0,27673.0,16419.0,17829.0,11462.0
1607.0,2025-09-03,19404.0,26970.0,16416.0,17510.0,11353.0
1608.0,2025-09-04,19275.0,26818.0,16314.0,17348.0,11311.0
1609.0,2025-09-05,19400.0,27030.0,16352.0,17524.0,11287.0
1610.0,2025-09-08,19530.0,27236.0,16406.0,17698.0,11282.0
1611.0,2025-09-09,19856.0,27856.0,16784.0,17789.0,11273.0
1612.0,2025-09-10,20173.0,28537.0,17108.0,17855.0,11228.0
1613.0,2025-09-11,20211.0,28296.0,17447.0,17908.0,11159.0
1614.0,2025-09-12,20148.0,27843.0,17529.0,18046.0,11228.0
1615.0,2025-09-15,20255.0,28083.0,17531.0,18124.0,11336.0
1616.0,2025-09-16,20584.0,29176.0,17608.0,18064.0,11294.0
1617.0,2025-09-17,20499.0,29238.0,17393.0,17957.0,11221.0
1618.0,2025-09-18,20743.0,29980.0,17474.0,17955.0,11199.0
1619.0,2025-09-19,21061.0,31142.0,17392.0,17946.0,11177.0
1620.0,2025-09-22,20987.0,31019.0,17216.0,17994.0,11188.0
1621.0,2025-09-23,21006.0,31129.0,17175.0,17979.0,11214.0
1622.0,2025-09-24,21349.0,31808.0,17527.0,18083.0,11230.0
1623.0,2025-09-25,21652.0,32519.0,17800.0,18130.0,11177.0
1624.0,2025-09-26,21851.0,32943.0,17810.0,18323.0,11284.0
1625.0,2025-09-29,21752.0,32705.0,17755.0,18311.0,11210.0
1626.0,2025-09-30,21168.0,30939.0,17549.0,18338.0,11203.0
1627.0,2025-10-01,20152.0,28007.0,17069.0,18335.0,11288.0
1628.0,2025-10-02,19278.0,25663.0,16524.0,18308.0,11299.0
1629.0,2025-10-10,19295.0,25673.0,17276.0,17605.0,11291.0
1630.0,2025-10-13,20308.0,28397.0,17780.0,17745.0,11319.0
1631.0,2025-10-14,20899.0,30069.0,18184.0,17627.0,11356.0
1632.0,2025-10-15,20443.0,28200.0,18497.0,17645.0,11403.0
1633.0,2025-10-16,20542.0,28426.0,18455.0,17763.0,11483.0
1634.0,2025-10-17,20804.0,29543.0,18323.0,17649.0,11499.0
1635.0,2025-10-20,20887.0,29834.0,18357.0,17590.0,11531.0
1636.0,2025-10-21,21053.0,30386.0,18391.0,17555.0,11528.0
1637.0,2025-10-22,21126.0,30193.0,18709.0,17629.0,11674.0
1638.0,2025-10-23,21011.0,29522.0,19016.0,17592.0,11721.0
1639.0,2025-10-24,20487.0,27793.0,19110.0,17478.0,11725.0
1640.0,2025-10-27,20229.0,26987.0,19223.0,17313.0,11723.0
1641.0,2025-10-28,20013.0,26409.0,19317.0,17088.0,11690.0
1642.0,2025-10-29,19872.0,26280.0,19152.0,16914.0,11685.0
1643.0,2025-10-30,19951.0,26873.0,19077.0,16693.0,11578.0
1644.0,2025-10-31,20127.0,27509.0,18978.0,16736.0,11602.0
1645.0,2025-11-03,19926.0,26896.0,18956.0,16718.0,11545.0
1646.0,2025-11-04,19689.0,26451.0,18729.0,16628.0,11462.0
1647.0,2025-11-05,19791.0,27291.0,18402.0,16483.0,11377.0
1648.0,2025-11-06,20269.0,28804.0,18418.0,16573.0,11308.0
1649.0,2025-11-07,20678.0,30145.0,18434.0,16592.0,11270.0
1650.0,2025-11-10,20658.0,30188.0,18499.0,16433.0,11220.0
1651.0,2025-11-11,20487.0,29263.0,18656.0,16616.0,11261.0
1652.0,2025-11-12,20394.0,28534.0,18738.0,16965.0,11233.0
1653.0,2025-11-13,20196.0,27473.0,18883.0,17200.0,11295.0
1654.0,2025-11-14,20527.0,28328.0,18881.0,17432.0,11348.0
1655.0,2025-11-17,20827.0,29241.0,18825.0,17560.0,11390.0
1656.0,2025-11-18,21198.0,30456.0,18757.0,17659.0,11360.0
1657.0,2025-11-19,21730.0,32076.0,18786.0,17781.0,11368.0
1658.0,2025-11-20,21917.0,32468.0,18779.0,17957.0,11562.0
1659.0,2025-11-21,21662.0,31540.0,18742.0,18028.0,11686.0
1660.0,2025-11-24,21852.0,32157.0,18852.0,17964.0,11598.0
1661.0,2025-11-25,22133.0,32722.0,19219.0,17984.0,11550.0
1662.0,2025-11-27,22743.0,34409.0,19313.0,18170.0,11750.0
1663.0,2025-11-28,23335.0,36226.0,19310.0,18302.0,11835.0
1664.0,2025-12-01,24021.0,38408.0,19252.0,18464.0,11839.0
1665.0,2025-12-02,24272.0,39232.0,19118.0,18573.0,11953.0
1666.0,2025-12-03,24522.0,40092.0,18855.0,18736.0,12169.0
1667.0,2025-12-04,25445.0,43189.0,18729.0,18805.0,12281.0
1668.0,2025-12-05,24998.0,41976.0,18509.0,18756.0,12253.0
1669.0,2025-12-08,24335.0,40271.0,18200.0,18575.0,12216.0
1670.0,2025-12-09,23877.0,39496.0,17812.0,18260.0,12065.0
1671.0,2025-12-10,22327.0,36297.0,16391.0,17749.0,11960.0
1672.0,2025-12-11,21325.0,33539.0,16058.0,17590.0,11685.0
1673.0,2025-12-12,20712.0,31693.0,15990.0,17478.0,11636.0
1674.0,2025-12-15,20296.0,31446.0,15142.0,17247.0,11453.0
1675.0,2025-12-16,20327.0,32668.0,14404.0,16905.0,11337.0
1676.0,2025-12-17,20159.0,32999.0,13812.0,16628.0,11273.0
1677.0,2025-12-18,19404.0,31567.0,13019.0,16388.0,11117.0
1678.0,2025-12-19,19116.0,31463.0,12643.0,15976.0,10920.0
1679.0,2025-12-22,18575.0,31034.0,11701.0,15553.0,10886.0
1680.0,2025-12-23,17993.0,29954.0,11475.0,15045.0,10511.0
1681.0,2025-12-24,17519.0,29300.0,11001.0,14623.0,10426.0
1682.0,2026-01-05,16631.0,28405.0,11047.0,12852.0,9401.0
1683.0,2026-01-06,16737.0,28564.0,11540.0,12603.0,9252.0
1684.0,2026-01-07,16566.0,27901.0,11911.0,12392.0,9047.0
1685.0,2026-01-08,16391.0,27173.0,12211.0,12280.0,8920.0
1686.0,2026-01-09,16166.0,26375.0,12305.0,12239.0,8906.0
1687.0,2026-01-12,15983.0,25825.0,12338.0,12148.0,8895.0
1688.0,2026-01-13,15728.0,25352.0,12017.0,12101.0,8867.0
1689.0,2026-01-14,15346.0,24261.0,11885.0,12068.0,8815.0
1690.0,2026-01-15,15061.0,23206.0,12029.0,12058.0,8726.0
1691.0,2026-01-16,15047.0,22259.0,12768.0,12217.0,8738.0
1692.0,2026-01-19,15413.0,23076.0,13139.0,12251.0,8729.0
1693.0,2026-01-20,15994.0,24707.0,13649.0,12048.0,8727.0
1694.0,2026-01-21,16740.0,26276.0,14047.0,12531.0,8833.0
1695.0,2026-01-22,17160.0,27438.0,14054.0,12796.0,8731.0
1696.0,2026-01-23,16621.0,25730.0,13723.0,13025.0,8778.0
1697.0,2026-01-26,16652.0,25823.0,13707.0,13013.0,8886.0
1698.0,2026-01-27,17265.0,28026.0,13536.0,13041.0,8838.0
1699.0,2026-01-28,18624.0,31919.0,13835.0,13337.0,8968.0
1700.0,2026-01-29,18675.0,31601.0,14157.0,13496.0,8981.0
1701.0,2026-01-30,19377.0,33544.0,14424.0,13621.0,9002.0
1702.0,2026-02-02,19721.0,34133.0,14696.0,13870.0,9114.0
1703.0,2026-02-03,19359.0,32797.0,14742.0,13952.0,9119.0
1704.0,2026-02-04,18613.0,29998.0,15028.0,13979.0,9111.0
1705.0,2026-02-05,18369.0,29163.0,14995.0,14038.0,9106.0
1706.0,2026-02-06,18317.0,28955.0,14953.0,14119.0,9089.0
1707.0,2026-02-09,18290.0,28992.0,14836.0,14131.0,9024.0
1708.0,2026-02-10,17798.0,27637.0,14707.0,14040.0,8824.0
1709.0,2026-02-11,17888.0,27499.0,14994.0,14177.0,8866.0
1710.0,2026-02-12,19032.0,30052.0,16033.0,14387.0,8901.0
1711.0,2026-02-13,19929.0,32275.0,16334.0,14835.0,8955.0
1712.0,2026-02-19,19664.0,30625.0,17067.0,14816.0,9112.0
1713.0,2026-02-20,19669.0,30269.0,17519.0,14723.0,9158.0
1714.0,2026-02-23,19962.0,30966.0,17566.0,14902.0,9313.0
1715.0,2026-02-24,20392.0,32203.0,17502.0,15156.0,9340.0
1716.0,2026-02-25,20533.0,31892.0,17838.0,15502.0,9638.0
1717.0,2026-02-26,20388.0,30748.0,17998.0,15899.0,9946.0
1718.0,2026-02-27,20789.0,30951.0,18306.0,16577.0,10385.0
1719.0,2026-03-03,21533.0,32184.0,18578.0,17372.0,10925.0
1720.0,2026-03-04,22227.0,33147.0,19296.0,17891.0,11262.0
1721.0,2026-03-05,22270.0,32728.0,19608.0,18097.0,11402.0
1722.0,2026-03-06,21625.0,30556.0,19515.0,18150.0,11589.0
1723.0,2026-03-09,20260.0,26618.0,19350.0,17777.0,11364.0
1724.0,2026-03-10,20658.0,28919.0,18792.0,17399.0,11254.0
1725.0,2026-03-11,19419.0,25695.0,18485.0,16854.0,11091.0
1726.0,2026-03-12,19373.0,25875.0,18401.0,16637.0,10990.0
1727.0,2026-03-13,19700.0,27234.0,18369.0,16433.0,10895.0
1728.0,2026-03-16,20177.0,29021.0,18257.0,16341.0,10914.0
1729.0,2026-03-17,20197.0,29291.0,18358.0,16045.0,10891.0
1730.0,2026-03-18,20029.0,28761.0,18532.0,15885.0,10755.0
1731.0,2026-03-19,20172.0,29539.0,18547.0,15604.0,10647.0
1732.0,2026-03-20,20115.0,29453.0,18607.0,15461.0,10587.0
1733.0,2026-03-23,20024.0,29446.0,18498.0,15278.0,10579.0
1734.0,2026-03-24,19876.0,29162.0,18386.0,15176.0,10591.0
1735.0,2026-03-25,19620.0,28484.0,18208.0,15183.0,10581.0
1736.0,2026-03-26,19671.0,29234.0,17697.0,15115.0,10577.0
1737.0,2026-03-27,19925.0,30380.0,17445.0,15053.0,10621.0
1738.0,2026-03-30,19978.0,30678.0,17255.0,15112.0,10643.0
1739.0,2026-03-31,19616.0,30301.0,16791.0,14713.0,10748.0
1740.0,2026-04-01,19506.0,29949.0,16864.0,14617.0,10772.0
1741.0,2026-04-02,19796.0,30676.0,16832.0,14845.0,10898.0
1742.0,2026-04-03,20009.0,31246.0,16698.0,15072.0,11043.0
1743.0,2026-04-06,19906.0,31194.0,16701.0,14740.0,11152.0
1744.0,2026-04-07,20191.0,31664.0,16961.0,14948.0,11185.0
1745.0,2026-04-08,20879.0,33503.0,17136.0,15211.0,11240.0
1746.0,2026-04-09,20819.0,32658.0,17465.0,15469.0,11414.0
1747.0,2026-04-10,21001.0,32663.0,17636.0,15859.0,11531.0
1748.0,2026-04-13,21290.0,33455.0,17696.0,15950.0,11598.0
1749.0,2026-04-14,21968.0,35129.0,17955.0,16208.0,11802.0
1750.0,2026-04-15,23110.0,38010.0,18481.0,16552.0,11971.0
1751.0,2026-04-16,24119.0,40206.0,19021.0,17096.0,12225.0
1752.0,2026-04-17,24134.0,39545.0,19282.0,17476.0,12432.0
1753.0,2026-04-20,24494.0,40699.0,19223.0,17539.0,12558.0
1754.0,2026-04-21,25316.0,42541.0,19679.0,17827.0,13018.0
1755.0,2026-04-22,25445.0,42359.0,19670.0,18374.0,13243.0
1756.0,2026-04-23,25982.0,43189.0,19857.0,19061.0,13499.0
1757.0,2026-04-24,25924.0,42527.0,19817.0,19509.0,13684.0
1758.0,2026-04-27,25845.0,42039.0,19862.0,19644.0,13812.0
1759.0,2026-04-28,26067.0,42658.0,19950.0,19621.0,13983.0
1760.0,2026-04-29,26075.0,42716.0,20023.0,19530.0,13946.0
1761.0,2026-04-30,25976.0,42350.0,20046.0,19519.0,14014.0
1762.0,2026-05-06,27316.0,46579.0,20559.0,19255.0,13984.0
1763.0,2026-05-07,28390.0,49638.0,20966.0,19340.0,14069.0
1764.0,2026-05-08,28692.0,49612.0,21856.0,19443.0,14182.0
1765.0,2026-05-11,28185.0,47679.0,22034.0,19482.0,14268.0
1766.0,2026-05-12,28887.0,48969.0,22807.0,19721.0,14380.0
1767.0,2026-05-13,29086.0,49043.0,23354.0,19733.0,14466.0
1768.0,2026-05-14,29972.0,51659.0,23680.0,19724.0,14527.0
1769.0,2026-05-15,29666.0,50392.0,23787.0,19817.0,14670.0
1770.0,2026-05-18,29572.0,49781.0,23957.0,19923.0,14735.0
1771.0,2026-05-19,29030.0,48014.0,23786.0,20086.0,14642.0
1772.0,2026-05-20,28887.0,47845.0,23555.0,20017.0,14616.0
1773.0,2026-05-21,28494.0,47451.0,22560.0,20076.0,14680.0
1774.0,2026-05-22,28031.0,46724.0,21714.0,20111.0,14659.0
1775.0,2026-05-26,28679.0,48850.0,21686.0,20170.0,14675.0
1776.0,2026-05-27,29397.0,50608.0,22277.0,20198.0,14723.0
1777.0,2026-05-28,29760.0,51728.0,22550.0,20066.0,14564.0
1778.0,2026-05-29,30461.0,53842.0,22885.0,19983.0,14486.0
1779.0,2026-06-01,29868.0,51801.0,22964.0,19976.0,14458.0
1780.0,2026-06-02,30284.0,53189.0,22929.0,20001.0,14479.0
1781.0,2026-06-04,29304.0,50481.0,22278.0,20075.0,14540.0
1782.0,2026-06-05,28429.0,47893.0,21827.0,20105.0,14810.0
1783.0,2026-06-08,27940.0,47053.0,21103.0,20077.0,14701.0
1784.0,2026-06-09,27139.0,44848.0,20496.0,20253.0,14602.0
1785.0,2026-06-10,26327.0,42416.0,20090.0,20380.0,14610.0
1786.0,2026-06-11,26167.0,41319.0,20497.0,20500.0,14718.0
1787.0,2026-06-12,25736.0,39530.0,20652.0,20648.0,14870.0
1788.0,2026-06-15,25899.0,39851.0,20814.0,20701.0,14888.0
1789.0,2026-06-16,25749.0,39212.0,20785.0,20841.0,14974.0
1790.0,2026-06-17,25279.0,37770.0,20391.0,21091.0,15040.0
1791.0,2026-06-18,25225.0,37828.0,19861.0,21379.0,15041.0
1792.0,2026-06-19,25225.0,38550.0,19134.0,21370.0,15090.0
1793.0,2026-06-22,25908.0,40734.0,19155.0,21432.0,15114.0
1794.0,2026-06-23,25531.0,40316.0,18363.0,21375.0,15152.0
1795.0,2026-06-24,25216.0,39361.0,18108.0,21500.0,15248.0
1796.0,2026-06-25,24991.0,38242.0,18396.0,21553.0,15333.0
1797.0,2026-06-26,24509.0,36653.0,18555.0,21396.0,15276.0
1798.0,2026-06-29,24073.0,35302.0,18589.0,21251.0,15304.0
1799.0,2026-06-30,24054.0,35191.0,18786.0,21082.0,15363.0
1800.0,2026-07-01,24092.0,35212.0,19101.0,20907.0,15257.0
1801.0,2026-07-02,24647.0,36926.0,19185.0,21033.0,15040.0
1802.0,2026-07-03,25339.0,38966.0,19399.0,21110.0,14968.0
1803.0,2026-07-06,25872.0,40450.0,19728.0,21089.0,14914.0
1804.0,2026-07-07,26989.0,43934.0,19951.0,21124.0,14859.0
1805.0,2026-07-08,27341.0,44986.0,20099.0,21112.0,14821.0
1806.0,2026-07-09,27115.0,44116.0,20247.0,21109.0,14736.0
1807.0,2026-07-10,27453.0,44994.0,20420.0,21192.0,14712.0
1808.0,2026-07-13,27823.0,46133.0,20611.0,21130.0,14609.0
1809.0,2026-07-14,28071.0,46710.0,20687.0,21312.0,14584.0
1810.0,2026-07-15,28262.0,47056.0,20875.0,21378.0,14695.0
1811.0,2026-07-16,27755.0,45284.0,20851.0,21501.0,14638.0
1812.0,2026-07-20,26290.0,40409.0,20704.0,21628.0,14676.0
1813.0,2026-07-21,25422.0,38045.0,20366.0,21467.0,14583.0
1814.0,2026-07-22,25613.0,39179.0,19990.0,21349.0,14578.0
1815.0,2026-07-23,25968.0,41084.0,19526.0,21120.0,14492.0
1816.0,2026-07-24,26082.0,42079.0,19125.0,20918.0,14454.0
1817.0,2026-07-27,26156.0,42750.0,18930.0,20688.0,14457.0
1818.0,2026-07-28,25720.0,41695.0,18792.0,20426.0,14466.0
1819.0,2026-07-29,25424.0,41049.0,18832.0,20108.0,14280.0
1820.0,2026-07-30,24936.0,39818.0,18759.0,19815.0,14187.0
1821.0,2026-07-31,25597.0,41882.0,18998.0,19724.0,14157.0
1822.0,2026-08-03,25990.0,42915.0,19377.0,19654.0,14058.0
1823.0,2026-08-04,27100.0,46320.0,19664.0,19659.0,14070.0
1824.0,2026-08-05,27445.0,47177.0,20023.0,19607.0,14029.0
1825.0,2026-08-06,28369.0,50202.0,20193.0,19518.0,13956.0
1826.0,2026-08-07,28296.0,49846.0,20344.0,19464.0,13995.0
1827.0,2026-08-10,28594.0,50782.0,20455.0,19387.0,14066.0
1828.0,2026-08-11,28475.0,50324.0,20631.0,19292.0,14013.0
1829.0,2026-08-12,28241.0,49270.0,20894.0,19288.0,14051.0
1830.0,2026-08-13,27571.0,46820.0,20882.0,19516.0,14054.0
1831.0,2026-08-14,26926.0,44654.0,20702.0,19702.0,14092.0
1832.0,2026-08-18,27136.0,45532.0,20382.0,19801.0,14213.0
1833.0,2026-08-19,26609.0,44108.0,20036.0,19799.0,14262.0
1834.0,2026-08-20,26414.0,43618.0,19757.0,19869.0,14408.0
1835.0,2026-08-21,26670.0,44286.0,19782.0,19969.0,14586.0
1836.0,2026-08-24,27169.0,45583.0,19875.0,20190.0,14750.0
1837.0,2026-08-25,27606.0,46425.0,20504.0,20161.0,14788.0
1838.0,2026-08-26,28046.0,47491.0,20817.0,20247.0,14795.0
1839.0,2026-08-27,28916.0,50417.0,20719.0,20317.0,14803.0
1840.0,2026-08-28,29357.0,50750.0,21509.0,20584.0,15037.0
1841.0,2026-08-31,30142.0,52994.0,21607.0,20782.0,15269.0
1842.0,2026-09-01,29915.0,51849.0,21930.0,20849.0,15268.0
1843.0,2026-09-02,30034.0,51973.0,22148.0,20895.0,15299.0
1844.0,2026-09-03,31674.0,56921.0,22536.0,21013.0,15332.0
1845.0,2026-09-04,32886.0,60432.0,22821.0,21218.0,15453.0
1846.0,2026-09-07,33732.0,63177.0,22832.0,21236.0,15582.0
