timestamp,location_id,location_name,country,role,latitude,longitude,source_type,wave_height,wave_direction,wave_period,wind_wave_height,wind_wave_period,swell_wave_height,swell_wave_period,ocean_current_velocity,ocean_current_direction,sea_surface_temperature
2026-09-07T00:00,beira_mz,Beira,Mozambique,origin,-19.81834,34.83555,marine,0.62,132.0,6.8,0.14,1.75,0.46,4.85,0.2,0.0,25.4
2026-09-07T01:00,beira_mz,Beira,Mozambique,origin,-19.81834,34.83555,marine,0.62,132.0,6.85,0.1,1.3,0.46,4.5,0.2,0.0,25.4
2026-09-07T02:00,beira_mz,Beira,Mozambique,origin,-19.81834,34.83555,marine,0.6,133.0,6.95,0.08,0.75,0.44,4.45,0.2,0.0,25.4
2026-09-07T03:00,beira_mz,Beira,Mozambique,origin,-19.81834,34.83555,marine,0.6,133.0,7.0,0.04,0.5,0.44,4.55,0.2,0.0,25.3
2026-09-07T04:00,beira_mz,Beira,Mozambique,origin,-19.81834,34.83555,marine,0.6,133.0,7.0,0.08,0.8,0.42,4.7,0.2,0.0,25.3
2026-09-07T05:00,beira_mz,Beira,Mozambique,origin,-19.81834,34.83555,marine,0.58,133.0,7.0,0.1,1.35,0.42,5.0,0.2,0.0,25.3
2026-09-07T06:00,beira_mz,Beira,Mozambique,origin,-19.81834,34.83555,marine,0.58,133.0,7.0,0.14,1.8,0.4,5.25,0.4,333.0,25.3
2026-09-07T07:00,beira_mz,Beira,Mozambique,origin,-19.81834,34.83555,marine,0.58,133.0,6.95,0.16,1.9,0.42,5.45,0.4,333.0,25.4
2026-09-07T08:00,beira_mz,Beira,Mozambique,origin,-19.81834,34.83555,marine,0.58,134.0,6.95,0.16,1.9,0.42,5.6,0.6,342.0,25.4
2026-09-07T09:00,beira_mz,Beira,Mozambique,origin,-19.81834,34.83555,marine,0.58,134.0,6.85,0.18,1.9,0.44,5.65,0.6,342.0,25.5
2026-09-07T10:00,beira_mz,Beira,Mozambique,origin,-19.81834,34.83555,marine,0.6,133.0,6.7,0.2,1.95,0.44,5.55,0.6,342.0,25.6
2026-09-07T11:00,beira_mz,Beira,Mozambique,origin,-19.81834,34.83555,marine,0.6,133.0,6.5,0.24,2.05,0.42,5.35,0.4,0.0,25.6
2026-09-07T12:00,beira_mz,Beira,Mozambique,origin,-19.81834,34.83555,marine,0.62,132.0,6.35,0.26,2.15,0.42,5.25,0.2,0.0,25.7
2026-09-07T13:00,beira_mz,Beira,Mozambique,origin,-19.81834,34.83555,marine,0.64,131.0,6.2,0.28,2.2,0.42,5.3,0.2,0.0,25.7
2026-09-07T14:00,beira_mz,Beira,Mozambique,origin,-19.81834,34.83555,marine,0.64,130.0,6.1,0.32,2.25,0.44,5.4,0.2,0.0,25.7
2026-09-07T15:00,beira_mz,Beira,Mozambique,origin,-19.81834,34.83555,marine,0.66,129.0,5.95,0.34,2.35,0.44,5.45,0.2,0.0,25.7
2026-09-07T16:00,beira_mz,Beira,Mozambique,origin,-19.81834,34.83555,marine,0.7,129.0,5.8,0.4,2.5,0.44,5.3,0.2,0.0,25.7
2026-09-07T17:00,beira_mz,Beira,Mozambique,origin,-19.81834,34.83555,marine,0.74,128.0,5.6,0.46,2.65,0.46,5.15,0.2,0.0,25.6
2026-09-07T18:00,beira_mz,Beira,Mozambique,origin,-19.81834,34.83555,marine,0.78,128.0,5.5,0.52,2.8,0.46,5.1,0.4,333.0,25.6
2026-09-07T19:00,beira_mz,Beira,Mozambique,origin,-19.81834,34.83555,marine,0.86,129.0,5.5,0.58,2.95,0.54,5.4,0.6,326.0,25.6
2026-09-07T20:00,beira_mz,Beira,Mozambique,origin,-19.81834,34.83555,marine,0.96,129.0,5.5,0.64,3.1,0.64,5.9,0.8,333.0,25.6
2026-09-07T21:00,beira_mz,Beira,Mozambique,origin,-19.81834,34.83555,marine,1.04,130.0,5.6,0.7,3.25,0.72,6.25,1.0,338.0,25.5
2026-09-07T22:00,beira_mz,Beira,Mozambique,origin,-19.81834,34.83555,marine,1.12,131.0,5.75,0.74,3.45,0.78,6.3,0.9,349.0,25.5
2026-09-07T23:00,beira_mz,Beira,Mozambique,origin,-19.81834,34.83555,marine,1.2,133.0,6.0,0.78,3.6,0.84,6.2,0.9,0.0,25.5
2026-09-08T00:00,beira_mz,Beira,Mozambique,origin,-19.81834,34.83555,marine,1.28,134.0,6.15,0.82,3.75,0.9,6.15,0.7,0.0,25.4
2026-09-08T01:00,beira_mz,Beira,Mozambique,origin,-19.81834,34.83555,marine,1.28,135.0,6.2,0.82,3.8,0.9,6.25,0.6,18.0,25.4
2026-09-08T02:00,beira_mz,Beira,Mozambique,origin,-19.81834,34.83555,marine,1.3,136.0,6.25,0.84,3.8,0.92,6.45,0.6,18.0,25.3
2026-09-08T03:00,beira_mz,Beira,Mozambique,origin,-19.81834,34.83555,marine,1.3,137.0,6.25,0.84,3.75,0.92,6.55,0.6,18.0,25.3
2026-09-08T04:00,beira_mz,Beira,Mozambique,origin,-19.81834,34.83555,marine,1.28,137.0,6.3,0.8,3.65,0.94,6.5,0.6,18.0,25.2
2026-09-08T05:00,beira_mz,Beira,Mozambique,origin,-19.81834,34.83555,marine,1.28,137.0,6.35,0.78,3.55,0.96,6.4,0.4,27.0,25.2
2026-09-08T06:00,beira_mz,Beira,Mozambique,origin,-19.81834,34.83555,marine,1.26,137.0,6.4,0.74,3.5,0.98,6.35,0.5,0.0,25.2
2026-09-08T07:00,beira_mz,Beira,Mozambique,origin,-19.81834,34.83555,marine,1.26,137.0,6.45,0.76,3.5,0.98,6.4,0.7,346.0,25.2
2026-09-08T08:00,beira_mz,Beira,Mozambique,origin,-19.81834,34.83555,marine,1.26,136.0,6.5,0.76,3.55,0.96,6.5,1.0,338.0,25.2
2026-09-08T09:00,beira_mz,Beira,Mozambique,origin,-19.81834,34.83555,marine,1.26,136.0,6.55,0.78,3.55,0.96,6.6,1.1,342.0,25.2
2026-09-08T10:00,beira_mz,Beira,Mozambique,origin,-19.81834,34.83555,marine,1.26,136.0,6.65,0.76,3.5,0.98,6.65,1.1,342.0,25.3
2026-09-08T11:00,beira_mz,Beira,Mozambique,origin,-19.81834,34.83555,marine,1.26,136.0,6.75,0.72,3.4,0.98,6.7,0.9,349.0,25.3
2026-09-08T12:00,beira_mz,Beira,Mozambique,origin,-19.81834,34.83555,marine,1.26,136.0,6.85,0.7,3.3,1.0,6.7,0.7,0.0,25.3
2026-09-08T13:00,beira_mz,Beira,Mozambique,origin,-19.81834,34.83555,marine,1.24,136.0,7.0,0.66,3.2,1.0,6.7,0.6,18.0,25.3
2026-09-08T14:00,beira_mz,Beira,Mozambique,origin,-19.81834,34.83555,marine,1.22,135.0,7.1,0.62,3.05,1.0,6.65,0.4,27.0,25.3
2026-09-08T15:00,beira_mz,Beira,Mozambique,origin,-19.81834,34.83555,marine,1.2,135.0,7.2,0.58,3.0,1.0,6.7,0.4,27.0,25.3
2026-09-08T16:00,beira_mz,Beira,Mozambique,origin,-19.81834,34.83555,marine,1.22,135.0,7.2,0.62,3.05,0.98,6.85,0.4,27.0,25.2
2026-09-08T17:00,beira_mz,Beira,Mozambique,origin,-19.81834,34.83555,marine,1.26,136.0,7.2,0.64,3.15,0.98,7.0,0.4,27.0,25.2
2026-09-08T18:00,beira_mz,Beira,Mozambique,origin,-19.81834,34.83555,marine,1.28,136.0,7.2,0.68,3.25,0.96,7.2,0.4,27.0,25.2
2026-09-08T19:00,beira_mz,Beira,Mozambique,origin,-19.81834,34.83555,marine,1.3,136.0,7.2,0.68,3.3,0.98,7.4,0.5,0.0,25.1
2026-09-08T20:00,beira_mz,Beira,Mozambique,origin,-19.81834,34.83555,marine,1.34,137.0,7.25,0.7,3.35,1.02,7.6,1.0,338.0,25.1
2026-09-08T21:00,beira_mz,Beira,Mozambique,origin,-19.81834,34.83555,marine,1.36,137.0,7.3,0.7,3.35,1.04,7.65,1.2,333.0,25.1
2026-09-08T22:00,beira_mz,Beira,Mozambique,origin,-19.81834,34.83555,marine,1.36,137.0,7.4,0.62,3.25,1.08,7.5,1.2,333.0,25.0
2026-09-08T23:00,beira_mz,Beira,Mozambique,origin,-19.81834,34.83555,marine,1.34,136.0,7.5,0.56,3.05,1.12,7.25,1.1,342.0,25.0
2026-09-09T00:00,beira_mz,Beira,Mozambique,origin,-19.81834,34.83555,marine,1.34,136.0,7.6,0.48,2.85,1.16,7.0,0.7,0.0,24.9
2026-09-09T01:00,beira_mz,Beira,Mozambique,origin,-19.81834,34.83555,marine,1.3,136.0,7.65,0.44,2.7,1.16,6.85,0.6,18.0,24.9
2026-09-09T02:00,beira_mz,Beira,Mozambique,origin,-19.81834,34.83555,marine,1.28,136.0,7.7,0.4,2.5,1.16,6.75,0.5,45.0,24.8
2026-09-09T03:00,beira_mz,Beira,Mozambique,origin,-19.81834,34.83555,marine,1.24,136.0,7.75,0.36,2.4,1.16,6.7,0.5,45.0,24.8
2026-09-09T04:00,beira_mz,Beira,Mozambique,origin,-19.81834,34.83555,marine,1.22,137.0,7.75,0.38,2.4,1.12,6.7,0.4,63.0,24.8
2026-09-09T05:00,beira_mz,Beira,Mozambique,origin,-19.81834,34.83555,marine,1.18,137.0,7.75,0.38,2.4,1.08,6.75,0.4,63.0,24.7
2026-09-09T06:00,beira_mz,Beira,Mozambique,origin,-19.81834,34.83555,marine,1.16,138.0,7.75,0.4,2.45,1.04,6.85,0.4,63.0,24.7
2026-09-09T07:00,beira_mz,Beira,Mozambique,origin,-19.81834,34.83555,marine,1.14,138.0,7.75,0.4,2.5,1.02,7.0,0.5,0.0,24.7
2026-09-09T08:00,beira_mz,Beira,Mozambique,origin,-19.81834,34.83555,marine,1.12,137.0,7.75,0.4,2.5,1.0,7.15,0.7,346.0,24.8
2026-09-09T09:00,beira_mz,Beira,Mozambique,origin,-19.81834,34.83555,marine,1.1,137.0,7.75,0.4,2.55,0.98,7.3,1.2,333.0,24.8
2026-09-09T10:00,beira_mz,Beira,Mozambique,origin,-19.81834,34.83555,marine,1.1,137.0,7.7,0.42,2.6,0.98,7.35,1.2,333.0,24.9
2026-09-09T11:00,beira_mz,Beira,Mozambique,origin,-19.81834,34.83555,marine,1.12,136.0,7.65,0.44,2.6,0.96,7.35,1.1,342.0,24.9
2026-09-09T12:00,beira_mz,Beira,Mozambique,origin,-19.81834,34.83555,marine,1.12,136.0,7.6,0.46,2.65,0.96,7.35,0.9,0.0,25.0
2026-09-09T13:00,beira_mz,Beira,Mozambique,origin,-19.81834,34.83555,marine,1.12,136.0,7.55,0.46,2.65,0.96,7.3,0.6,18.0,25.0
2026-09-09T14:00,beira_mz,Beira,Mozambique,origin,-19.81834,34.83555,marine,1.12,136.0,7.5,0.48,2.7,0.94,7.2,0.5,45.0,25.0
2026-09-09T15:00,beira_mz,Beira,Mozambique,origin,-19.81834,34.83555,marine,1.12,136.0,7.5,0.48,2.7,0.94,7.2,0.4,63.0,25.0
2026-09-09T16:00,beira_mz,Beira,Mozambique,origin,-19.81834,34.83555,marine,1.12,136.0,7.5,0.48,2.7,0.94,7.4,0.4,63.0,24.9
2026-09-09T17:00,beira_mz,Beira,Mozambique,origin,-19.81834,34.83555,marine,1.14,136.0,7.5,0.46,2.7,0.92,7.7,0.4,63.0,24.9
2026-09-09T18:00,beira_mz,Beira,Mozambique,origin,-19.81834,34.83555,marine,1.14,136.0,7.5,0.46,2.65,0.92,7.85,0.4,63.0,24.9
2026-09-09T19:00,beira_mz,Beira,Mozambique,origin,-19.81834,34.83555,marine,1.14,136.0,7.5,0.44,2.6,0.94,7.75,0.4,0.0,24.9
2026-09-09T20:00,beira_mz,Beira,Mozambique,origin,-19.81834,34.83555,marine,1.14,137.0,7.5,0.42,2.6,0.96,7.55,0.6,342.0,24.8
2026-09-09T21:00,beira_mz,Beira,Mozambique,origin,-19.81834,34.83555,marine,1.14,137.0,7.55,0.4,2.5,0.98,7.35,1.0,329.0,24.8
2026-09-09T22:00,beira_mz,Beira,Mozambique,origin,-19.81834,34.83555,marine,1.12,137.0,7.6,0.36,2.35,0.98,7.2,1.2,333.0,24.8
2026-09-09T23:00,beira_mz,Beira,Mozambique,origin,-19.81834,34.83555,marine,1.1,136.0,7.65,0.3,2.2,1.0,7.05,1.2,333.0,24.7
2026-09-10T00:00,beira_mz,Beira,Mozambique,origin,-19.81834,34.83555,marine,1.08,136.0,7.7,0.26,2.05,1.0,6.95,0.9,349.0,24.7
2026-09-10T01:00,beira_mz,Beira,Mozambique,origin,-19.81834,34.83555,marine,1.06,136.0,7.75,0.24,2.0,0.98,6.9,0.6,18.0,24.7
2026-09-10T02:00,beira_mz,Beira,Mozambique,origin,-19.81834,34.83555,marine,1.04,135.0,7.75,0.2,1.95,0.96,6.95,0.5,45.0,24.7
2026-09-10T03:00,beira_mz,Beira,Mozambique,origin,-19.81834,34.83555,marine,1.02,135.0,7.8,0.18,1.9,0.94,6.9,0.4,63.0,24.6
2026-09-10T04:00,beira_mz,Beira,Mozambique,origin,-19.81834,34.83555,marine,0.98,135.0,7.85,0.16,1.8,0.92,6.75,0.4,90.0,24.6
2026-09-10T05:00,beira_mz,Beira,Mozambique,origin,-19.81834,34.83555,marine,0.96,135.0,7.9,0.12,1.7,0.9,6.6,0.4,117.0,24.6
2026-09-10T06:00,beira_mz,Beira,Mozambique,origin,-19.81834,34.83555,marine,0.92,135.0,7.95,0.1,1.65,0.88,6.5,0.4,117.0,24.6
2026-09-10T07:00,beira_mz,Beira,Mozambique,origin,-19.81834,34.83555,marine,0.9,134.0,8.0,0.12,1.7,0.86,6.6,0.2,90.0,24.7
2026-09-10T08:00,beira_mz,Beira,Mozambique,origin,-19.81834,34.83555,marine,0.88,134.0,8.0,0.16,1.85,0.84,6.75,0.4,333.0,24.7
2026-09-10T09:00,beira_mz,Beira,Mozambique,origin,-19.81834,34.83555,marine,0.86,133.0,8.0,0.18,1.95,0.82,6.9,0.9,323.0,24.8
2026-09-10T10:00,beira_mz,Beira,Mozambique,origin,-19.81834,34.83555,marine,0.84,133.0,7.95,0.18,1.95,0.8,6.9,1.2,321.0,24.8
2026-09-10T11:00,beira_mz,Beira,Mozambique,origin,-19.81834,34.83555,marine,0.82,133.0,7.9,0.18,1.95,0.8,6.9,1.3,326.0,24.9
2026-09-10T12:00,beira_mz,Beira,Mozambique,origin,-19.81834,34.83555,marine,0.8,133.0,7.85,0.18,1.9,0.78,6.85,1.0,329.0,24.9
2026-09-10T13:00,beira_mz,Beira,Mozambique,origin,-19.81834,34.83555,marine,0.78,133.0,7.85,0.16,1.8,0.76,6.8,0.6,342.0,24.9
2026-09-10T14:00,beira_mz,Beira,Mozambique,origin,-19.81834,34.83555,marine,0.76,132.0,7.9,0.12,1.7,0.74,6.75,0.3,45.0,25.0
2026-09-10T15:00,beira_mz,Beira,Mozambique,origin,-19.81834,34.83555,marine,0.74,132.0,7.9,0.1,1.6,0.72,6.7,0.4,117.0,25.0
2026-09-10T16:00,beira_mz,Beira,Mozambique,origin,-19.81834,34.83555,marine,0.72,132.0,7.9,0.1,1.5,0.7,6.7,0.5,135.0,24.9
2026-09-10T17:00,beira_mz,Beira,Mozambique,origin,-19.81834,34.83555,marine,0.72,131.0,7.95,0.08,1.4,0.68,6.75,0.5,135.0,24.9
2026-09-10T18:00,beira_mz,Beira,Mozambique,origin,-19.81834,34.83555,marine,0.7,131.0,7.95,0.08,1.25,0.66,6.75,0.4,153.0,24.9
2026-09-10T19:00,beira_mz,Beira,Mozambique,origin,-19.81834,34.83555,marine,0.68,131.0,7.95,0.06,1.1,0.66,6.7,0.4,153.0,24.9
2026-09-10T20:00,beira_mz,Beira,Mozambique,origin,-19.81834,34.83555,marine,0.68,131.0,7.9,0.06,0.9,0.64,6.55,0.3,225.0,24.9
2026-09-10T21:00,beira_mz,Beira,Mozambique,origin,-19.81834,34.83555,marine,0.66,131.0,7.9,0.04,0.7,0.64,6.5,0.6,304.0,24.9
2026-09-10T22:00,beira_mz,Beira,Mozambique,origin,-19.81834,34.83555,marine,0.66,131.0,7.95,0.02,0.45,0.64,6.5,0.9,307.0,24.8
2026-09-10T23:00,beira_mz,Beira,Mozambique,origin,-19.81834,34.83555,marine,0.64,131.0,8.0,0.02,0.25,0.62,6.55,1.0,315.0,24.8
2026-09-11T00:00,beira_mz,Beira,Mozambique,origin,-19.81834,34.83555,marine,0.64,131.0,8.05,0.0,0.05,0.62,6.6,0.9,323.0,24.8
2026-09-11T01:00,beira_mz,Beira,Mozambique,origin,-19.81834,34.83555,marine,0.64,131.0,8.1,0.0,0.0,0.62,6.7,0.4,333.0,24.8
2026-09-11T02:00,beira_mz,Beira,Mozambique,origin,-19.81834,34.83555,marine,0.62,131.0,8.2,0.0,0.0,0.6,6.9,0.2,90.0,24.7
2026-09-11T03:00,beira_mz,Beira,Mozambique,origin,-19.81834,34.83555,marine,0.62,131.0,8.25,0.0,0.0,0.6,7.0,0.5,135.0,24.7
2026-09-11T04:00,beira_mz,Beira,Mozambique,origin,-19.81834,34.83555,marine,0.62,131.0,8.3,0.0,0.0,0.6,7.05,0.8,135.0,24.7
2026-09-11T05:00,beira_mz,Beira,Mozambique,origin,-19.81834,34.83555,marine,0.6,131.0,8.35,0.0,0.05,0.58,7.1,0.8,135.0,24.7
2026-09-11T06:00,beira_mz,Beira,Mozambique,origin,-19.81834,34.83555,marine,0.6,131.0,8.4,0.0,0.05,0.58,7.1,0.8,153.0,24.7
2026-09-11T07:00,beira_mz,Beira,Mozambique,origin,-19.81834,34.83555,marine,0.6,131.0,8.45,0.0,0.0,0.58,7.15,0.6,146.0,24.8
2026-09-11T08:00,beira_mz,Beira,Mozambique,origin,-19.81834,34.83555,marine,0.58,131.0,8.45,0.0,0.0,0.56,7.15,0.4,180.0,24.9
2026-09-11T09:00,beira_mz,Beira,Mozambique,origin,-19.81834,34.83555,marine,0.58,131.0,8.45,0.0,0.0,0.56,7.15,0.4,297.0,25.0
2026-09-11T10:00,beira_mz,Beira,Mozambique,origin,-19.81834,34.83555,marine,0.58,131.0,8.45,0.02,0.5,0.54,7.1,0.9,307.0,25.0
2026-09-11T11:00,beira_mz,Beira,Mozambique,origin,-19.81834,34.83555,marine,0.56,130.0,8.4,0.06,1.2,0.54,7.05,1.2,309.0,25.1
2026-09-11T12:00,beira_mz,Beira,Mozambique,origin,-19.81834,34.83555,marine,0.56,130.0,8.3,0.08,1.75,0.52,7.0,1.2,309.0,25.2
2026-09-11T13:00,beira_mz,Beira,Mozambique,origin,-19.81834,34.83555,marine,0.56,129.0,8.0,0.12,1.9,0.52,7.0,0.8,315.0,25.2
2026-09-11T14:00,beira_mz,Beira,Mozambique,origin,-19.81834,34.83555,marine,0.58,129.0,7.6,0.18,1.9,0.5,7.05,0.2,270.0,25.2
2026-09-11T15:00,beira_mz,Beira,Mozambique,origin,-19.81834,34.83555,marine,0.58,128.0,7.3,0.22,1.85,0.5,7.05,0.4,153.0,25.2
2026-09-11T16:00,beira_mz,Beira,Mozambique,origin,-19.81834,34.83555,marine,0.58,127.0,7.15,0.2,1.85,0.5,7.05,0.6,162.0,25.2
2026-09-11T17:00,beira_mz,Beira,Mozambique,origin,-19.81834,34.83555,marine,0.56,127.0,7.1,0.16,1.8,0.48,7.05,0.7,166.0,25.1
2026-09-11T18:00,beira_mz,Beira,Mozambique,origin,-19.81834,34.83555,marine,0.56,126.0,7.05,0.14,1.75,0.48,7.05,0.7,166.0,25.1
2026-09-11T19:00,beira_mz,Beira,Mozambique,origin,-19.81834,34.83555,marine,0.54,126.0,7.05,0.12,1.65,0.46,7.05,0.7,180.0,25.1
2026-09-11T20:00,beira_mz,Beira,Mozambique,origin,-19.81834,34.83555,marine,0.54,126.0,7.05,0.12,1.5,0.46,7.0,0.6,198.0,25.1
2026-09-11T21:00,beira_mz,Beira,Mozambique,origin,-19.81834,34.83555,marine,0.52,126.0,7.05,0.1,1.3,0.44,7.0,0.6,252.0,25.1
2026-09-11T22:00,beira_mz,Beira,Mozambique,origin,-19.81834,34.83555,marine,0.52,126.0,7.05,0.08,1.0,0.44,7.0,0.9,281.0,25.1
2026-09-11T23:00,beira_mz,Beira,Mozambique,origin,-19.81834,34.83555,marine,0.5,125.0,7.0,0.04,0.6,0.42,6.95,1.0,301.0,25.0
2026-09-12T00:00,beira_mz,Beira,Mozambique,origin,-19.81834,34.83555,marine,0.5,125.0,7.0,0.02,0.3,0.42,6.95,1.0,301.0,25.0
2026-09-12T01:00,beira_mz,Beira,Mozambique,origin,-19.81834,34.83555,marine,0.5,125.0,7.05,0.02,0.15,0.42,6.95,0.6,304.0,25.0
2026-09-12T02:00,beira_mz,Beira,Mozambique,origin,-19.81834,34.83555,marine,0.48,126.0,7.1,0.0,0.05,0.4,6.9,0.0,90.0,25.0
2026-09-12T03:00,beira_mz,Beira,Mozambique,origin,-19.81834,34.83555,marine,0.48,126.0,7.15,0.0,0.0,0.4,6.9,0.5,135.0,25.0
2026-09-12T04:00,beira_mz,Beira,Mozambique,origin,-19.81834,34.83555,marine,0.46,126.0,7.2,0.0,0.0,0.4,6.85,0.9,143.0,25.0
2026-09-12T05:00,beira_mz,Beira,Mozambique,origin,-19.81834,34.83555,marine,0.46,126.0,7.25,0.0,0.0,0.38,6.85,0.9,143.0,25.0
2026-09-12T06:00,beira_mz,Beira,Mozambique,origin,-19.81834,34.83555,marine,0.44,126.0,7.3,0.0,0.0,0.38,6.8,0.8,153.0,25.0
2026-09-12T07:00,beira_mz,Beira,Mozambique,origin,-19.81834,34.83555,marine,0.44,126.0,7.35,0.0,0.0,0.38,6.8,0.8,153.0,25.0
2026-09-12T08:00,beira_mz,Beira,Mozambique,origin,-19.81834,34.83555,marine,0.42,127.0,7.45,0.0,0.0,0.38,6.75,0.6,162.0,25.1
2026-09-12T09:00,beira_mz,Beira,Mozambique,origin,-19.81834,34.83555,marine,0.42,127.0,7.45,0.0,0.0,0.38,6.75,0.3,225.0,25.2
2026-09-12T10:00,beira_mz,Beira,Mozambique,origin,-19.81834,34.83555,marine,0.42,127.0,7.35,0.06,0.55,0.38,6.75,0.8,297.0,25.3
2026-09-12T11:00,beira_mz,Beira,Mozambique,origin,-19.81834,34.83555,marine,0.42,127.0,7.25,0.1,1.25,0.38,6.75,1.2,297.0,25.4
2026-09-12T12:00,beira_mz,Beira,Mozambique,origin,-19.81834,34.83555,marine,0.42,127.0,7.0,0.16,1.85,0.38,6.75,1.3,304.0,25.4
2026-09-12T13:00,beira_mz,Beira,Mozambique,origin,-19.81834,34.83555,marine,0.44,125.0,6.6,0.2,2.1,0.38,6.8,0.9,307.0,25.4
2026-09-12T14:00,beira_mz,Beira,Mozambique,origin,-19.81834,34.83555,marine,0.46,123.0,6.1,0.26,2.25,0.38,6.9,0.5,315.0,25.4
2026-09-12T15:00,beira_mz,Beira,Mozambique,origin,-19.81834,34.83555,marine,0.48,121.0,5.75,0.3,2.25,0.38,6.85,0.2,180.0,25.4
2026-09-12T16:00,beira_mz,Beira,Mozambique,origin,-19.81834,34.83555,marine,0.48,121.0,5.65,0.26,2.2,0.38,6.6,0.6,162.0,25.4
2026-09-12T17:00,beira_mz,Beira,Mozambique,origin,-19.81834,34.83555,marine,0.5,121.0,5.65,0.22,2.0,0.36,6.2,0.8,153.0,25.4
2026-09-12T18:00,beira_mz,Beira,Mozambique,origin,-19.81834,34.83555,marine,0.5,121.0,5.7,0.18,1.85,0.36,5.95,0.7,166.0,25.4
2026-09-12T19:00,beira_mz,Beira,Mozambique,origin,-19.81834,34.83555,marine,0.5,122.0,5.7,0.16,1.75,0.36,5.95,0.7,180.0,25.4
2026-09-12T20:00,beira_mz,Beira,Mozambique,origin,-19.81834,34.83555,marine,0.48,122.0,5.7,0.16,1.6,0.36,6.05,0.6,198.0,25.3
2026-09-12T21:00,beira_mz,Beira,Mozambique,origin,-19.81834,34.83555,marine,0.48,123.0,5.7,0.14,1.45,0.36,5.9,0.4,243.0,25.3
2026-09-12T22:00,beira_mz,Beira,Mozambique,origin,-19.81834,34.83555,marine,0.48,123.0,5.7,0.1,1.2,0.36,5.2,0.7,284.0,25.3
2026-09-12T23:00,beira_mz,Beira,Mozambique,origin,-19.81834,34.83555,marine,0.48,124.0,5.65,0.08,0.95,0.34,4.25,1.0,301.0,25.2
2026-09-13T00:00,beira_mz,Beira,Mozambique,origin,-19.81834,34.83555,marine,0.48,124.0,5.65,0.04,0.7,0.34,3.8,1.2,309.0,25.2
2026-09-13T01:00,beira_mz,Beira,Mozambique,origin,-19.81834,34.83555,marine,0.46,124.0,5.7,0.02,0.45,0.32,4.3,0.9,307.0,25.2
2026-09-13T02:00,beira_mz,Beira,Mozambique,origin,-19.81834,34.83555,marine,0.44,125.0,5.75,0.02,0.2,0.32,5.3,0.5,315.0,25.2
2026-09-13T03:00,beira_mz,Beira,Mozambique,origin,-19.81834,34.83555,marine,0.42,125.0,5.8,0.0,0.05,0.3,6.05,0.2,90.0,25.2
2026-09-13T04:00,beira_mz,Beira,Mozambique,origin,-19.81834,34.83555,marine,0.42,126.0,5.85,0.0,0.0,0.3,6.2,0.5,135.0,25.2
2026-09-13T05:00,beira_mz,Beira,Mozambique,origin,-19.81834,34.83555,marine,0.4,126.0,5.95,0.0,0.0,0.3,6.05,0.9,143.0,25.2
2026-09-13T06:00,beira_mz,Beira,Mozambique,origin,-19.81834,34.83555,marine,0.4,127.0,6.0,0.0,0.0,0.3,5.95,0.9,143.0,25.2
2026-09-13T07:00,beira_mz,Beira,Mozambique,origin,-19.81834,34.83555,marine,0.4,127.0,6.1,0.02,0.25,0.3,5.9,0.8,153.0,25.2
2026-09-13T08:00,beira_mz,Beira,Mozambique,origin,-19.81834,34.83555,marine,0.38,128.0,6.2,0.02,0.6,0.28,5.8,0.6,162.0,25.3
2026-09-13T09:00,beira_mz,Beira,Mozambique,origin,-19.81834,34.83555,marine,0.38,128.0,6.1,0.04,1.0,0.28,5.8,0.4,207.0,25.4
2026-09-13T10:00,beira_mz,Beira,Mozambique,origin,-19.81834,34.83555,marine,0.4,128.0,5.7,0.14,1.45,0.28,5.95,0.6,288.0,25.5
2026-09-13T11:00,beira_mz,Beira,Mozambique,origin,-19.81834,34.83555,marine,0.44,127.0,5.05,0.24,2.0,0.26,6.1,1.0,301.0,25.6
2026-09-13T12:00,beira_mz,Beira,Mozambique,origin,-19.81834,34.83555,marine,0.46,127.0,4.6,0.34,2.35,0.26,6.15,1.3,304.0,25.6
2026-09-13T13:00,beira_mz,Beira,Mozambique,origin,-19.81834,34.83555,marine,0.48,127.0,4.4,0.36,2.5,0.26,5.95,1.2,309.0,25.6
2026-09-13T14:00,beira_mz,Beira,Mozambique,origin,-19.81834,34.83555,marine,0.5,127.0,4.3,0.38,2.5,0.26,5.55,0.8,315.0,25.7
2026-09-13T15:00,beira_mz,Beira,Mozambique,origin,-19.81834,34.83555,marine,0.52,127.0,4.25,0.4,2.5,0.26,5.15,0.3,315.0,25.6
2026-09-13T16:00,beira_mz,Beira,Mozambique,origin,-19.81834,34.83555,marine,0.54,128.0,4.2,0.38,2.5,0.3,4.7,0.3,135.0,25.6
2026-09-13T17:00,beira_mz,Beira,Mozambique,origin,-19.81834,34.83555,marine,0.56,128.0,4.2,0.38,2.45,0.34,4.15,0.6,146.0,25.6
2026-09-13T18:00,beira_mz,Beira,Mozambique,origin,-19.81834,34.83555,marine,0.58,129.0,4.25,0.36,2.4,0.38,3.8,0.6,162.0,25.6
2026-09-13T19:00,beira_mz,Beira,Mozambique,origin,-19.81834,34.83555,marine,0.6,130.0,4.3,0.34,2.35,0.42,3.65,0.5,180.0,25.5
2026-09-13T20:00,beira_mz,Beira,Mozambique,origin,-19.81834,34.83555,marine,0.62,130.0,4.4,0.32,2.3,0.44,3.65,0.6,198.0,25.5
2026-09-13T21:00,beira_mz,Beira,Mozambique,origin,-19.81834,34.83555,marine,0.64,131.0,4.45,0.3,2.2,0.48,3.65,0.4,243.0,25.5
2026-09-13T22:00,beira_mz,Beira,Mozambique,origin,-19.81834,34.83555,marine,0.64,132.0,4.5,0.28,2.0,0.5,3.65,0.5,270.0,25.4
2026-09-13T23:00,beira_mz,Beira,Mozambique,origin,-19.81834,34.83555,marine,0.66,132.0,4.55,0.24,1.8,0.54,3.65,1.0,292.0,25.4
2026-09-07T00:00,dhamra_in,Dhamra,India,destination,20.7833,86.95,marine,0.86,172.0,9.6,0.1,1.65,0.68,10.25,0.3,135.0,30.6
2026-09-07T01:00,dhamra_in,Dhamra,India,destination,20.7833,86.95,marine,0.86,172.0,9.7,0.1,1.65,0.68,10.3,0.3,135.0,30.6
2026-09-07T02:00,dhamra_in,Dhamra,India,destination,20.7833,86.95,marine,0.86,171.0,9.8,0.12,1.7,0.7,10.35,0.3,135.0,30.7
2026-09-07T03:00,dhamra_in,Dhamra,India,destination,20.7833,86.95,marine,0.86,171.0,9.9,0.12,1.7,0.7,10.4,0.3,135.0,30.7
2026-09-07T04:00,dhamra_in,Dhamra,India,destination,20.7833,86.95,marine,0.86,171.0,10.0,0.1,1.65,0.7,10.5,0.3,135.0,30.8
2026-09-07T05:00,dhamra_in,Dhamra,India,destination,20.7833,86.95,marine,0.84,171.0,10.1,0.08,1.6,0.7,10.6,0.3,135.0,30.8
2026-09-07T06:00,dhamra_in,Dhamra,India,destination,20.7833,86.95,marine,0.84,171.0,10.2,0.06,1.5,0.7,10.65,0.3,135.0,30.9
2026-09-07T07:00,dhamra_in,Dhamra,India,destination,20.7833,86.95,marine,0.84,171.0,10.3,0.04,1.35,0.7,10.6,0.3,135.0,30.9
2026-09-07T08:00,dhamra_in,Dhamra,India,destination,20.7833,86.95,marine,0.84,170.0,10.4,0.04,1.1,0.7,10.55,0.4,153.0,30.9
2026-09-07T09:00,dhamra_in,Dhamra,India,destination,20.7833,86.95,marine,0.84,170.0,10.45,0.02,0.9,0.7,10.45,0.4,153.0,30.9
2026-09-07T10:00,dhamra_in,Dhamra,India,destination,20.7833,86.95,marine,0.84,170.0,10.45,0.02,0.7,0.7,10.4,0.4,153.0,30.9
2026-09-07T11:00,dhamra_in,Dhamra,India,destination,20.7833,86.95,marine,0.84,171.0,10.35,0.02,0.45,0.7,10.3,0.4,153.0,30.9
2026-09-07T12:00,dhamra_in,Dhamra,India,destination,20.7833,86.95,marine,0.84,171.0,10.3,0.02,0.3,0.7,10.15,0.4,153.0,30.9
2026-09-07T13:00,dhamra_in,Dhamra,India,destination,20.7833,86.95,marine,0.84,171.0,10.25,0.02,0.2,0.68,9.9,0.4,153.0,30.9
2026-09-07T14:00,dhamra_in,Dhamra,India,destination,20.7833,86.95,marine,0.84,172.0,10.2,0.02,0.2,0.66,9.6,0.4,153.0,30.9
2026-09-07T15:00,dhamra_in,Dhamra,India,destination,20.7833,86.95,marine,0.84,172.0,10.15,0.02,0.35,0.64,9.3,0.3,135.0,30.8
2026-09-07T16:00,dhamra_in,Dhamra,India,destination,20.7833,86.95,marine,0.84,173.0,10.05,0.06,0.8,0.62,9.05,0.3,135.0,30.8
2026-09-07T17:00,dhamra_in,Dhamra,India,destination,20.7833,86.95,marine,0.84,173.0,9.95,0.1,1.4,0.6,8.8,0.3,135.0,30.8
2026-09-07T18:00,dhamra_in,Dhamra,India,destination,20.7833,86.95,marine,0.84,174.0,9.85,0.14,1.8,0.58,8.6,0.3,135.0,30.7
2026-09-07T19:00,dhamra_in,Dhamra,India,destination,20.7833,86.95,marine,0.84,174.0,9.85,0.12,1.75,0.56,8.35,0.2,90.0,30.7
2026-09-07T20:00,dhamra_in,Dhamra,India,destination,20.7833,86.95,marine,0.86,175.0,9.85,0.1,1.4,0.54,8.15,0.2,90.0,30.7
2026-09-07T21:00,dhamra_in,Dhamra,India,destination,20.7833,86.95,marine,0.86,175.0,9.9,0.08,1.1,0.52,8.2,0.2,90.0,30.7
2026-09-07T22:00,dhamra_in,Dhamra,India,destination,20.7833,86.95,marine,0.86,175.0,10.0,0.06,0.85,0.56,8.65,0.2,90.0,30.7
2026-09-07T23:00,dhamra_in,Dhamra,India,destination,20.7833,86.95,marine,0.84,174.0,10.15,0.04,0.55,0.6,9.35,0.2,90.0,30.7
2026-09-08T00:00,dhamra_in,Dhamra,India,destination,20.7833,86.95,marine,0.84,174.0,10.25,0.02,0.35,0.64,9.95,0.2,90.0,30.7
2026-09-08T01:00,dhamra_in,Dhamra,India,destination,20.7833,86.95,marine,0.84,174.0,10.35,0.02,0.15,0.66,10.4,0.2,90.0,30.7
2026-09-08T02:00,dhamra_in,Dhamra,India,destination,20.7833,86.95,marine,0.84,173.0,10.45,0.0,0.05,0.68,10.8,0.2,90.0,30.8
2026-09-08T03:00,dhamra_in,Dhamra,India,destination,20.7833,86.95,marine,0.84,173.0,10.55,0.0,0.1,0.7,11.1,0.2,90.0,30.8
2026-09-08T04:00,dhamra_in,Dhamra,India,destination,20.7833,86.95,marine,0.82,173.0,10.7,0.02,0.5,0.68,11.35,0.2,90.0,30.9
2026-09-08T05:00,dhamra_in,Dhamra,India,destination,20.7833,86.95,marine,0.82,172.0,10.85,0.02,1.1,0.68,11.55,0.2,90.0,30.9
2026-09-08T06:00,dhamra_in,Dhamra,India,destination,20.7833,86.95,marine,0.8,172.0,10.95,0.04,1.55,0.66,11.7,0.2,90.0,31.0
2026-09-08T07:00,dhamra_in,Dhamra,India,destination,20.7833,86.95,marine,0.8,172.0,11.0,0.08,1.8,0.66,11.8,0.3,135.0,31.0
2026-09-08T08:00,dhamra_in,Dhamra,India,destination,20.7833,86.95,marine,0.8,172.0,11.0,0.1,1.9,0.64,11.9,0.3,135.0,31.0
2026-09-08T09:00,dhamra_in,Dhamra,India,destination,20.7833,86.95,marine,0.8,172.0,10.95,0.14,1.8,0.64,11.95,0.3,135.0,31.0
2026-09-08T10:00,dhamra_in,Dhamra,India,destination,20.7833,86.95,marine,0.82,172.0,10.85,0.1,1.35,0.64,12.0,0.3,135.0,31.0
2026-09-08T11:00,dhamra_in,Dhamra,India,destination,20.7833,86.95,marine,0.82,172.0,10.75,0.04,0.75,0.64,12.0,0.4,153.0,31.0
2026-09-08T12:00,dhamra_in,Dhamra,India,destination,20.7833,86.95,marine,0.84,172.0,10.65,0.0,0.3,0.64,12.0,0.4,153.0,31.0
2026-09-08T13:00,dhamra_in,Dhamra,India,destination,20.7833,86.95,marine,0.84,172.0,10.65,0.0,0.2,0.64,11.95,0.4,153.0,31.0
2026-09-08T14:00,dhamra_in,Dhamra,India,destination,20.7833,86.95,marine,0.84,172.0,10.7,0.02,0.25,0.66,11.85,0.3,135.0,30.9
2026-09-08T15:00,dhamra_in,Dhamra,India,destination,20.7833,86.95,marine,0.84,172.0,10.75,0.02,0.35,0.66,11.85,0.3,135.0,30.9
2026-09-08T16:00,dhamra_in,Dhamra,India,destination,20.7833,86.95,marine,0.84,172.0,10.75,0.02,0.55,0.66,11.95,0.3,135.0,30.8
2026-09-08T17:00,dhamra_in,Dhamra,India,destination,20.7833,86.95,marine,0.84,171.0,10.75,0.02,0.75,0.64,12.1,0.3,135.0,30.8
2026-09-08T18:00,dhamra_in,Dhamra,India,destination,20.7833,86.95,marine,0.84,171.0,10.7,0.02,0.95,0.64,12.2,0.3,135.0,30.8
2026-09-08T19:00,dhamra_in,Dhamra,India,destination,20.7833,86.95,marine,0.84,171.0,10.65,0.02,1.0,0.62,12.25,0.3,135.0,30.7
2026-09-08T20:00,dhamra_in,Dhamra,India,destination,20.7833,86.95,marine,0.86,172.0,10.6,0.04,0.95,0.62,12.25,0.3,135.0,30.7
2026-09-08T21:00,dhamra_in,Dhamra,India,destination,20.7833,86.95,marine,0.86,172.0,10.55,0.04,1.0,0.6,12.25,0.3,135.0,30.7
2026-09-08T22:00,dhamra_in,Dhamra,India,destination,20.7833,86.95,marine,0.86,172.0,10.5,0.04,1.15,0.6,12.15,0.3,135.0,30.7
2026-09-08T23:00,dhamra_in,Dhamra,India,destination,20.7833,86.95,marine,0.86,172.0,10.5,0.04,1.4,0.6,12.0,0.3,135.0,30.7
2026-09-09T00:00,dhamra_in,Dhamra,India,destination,20.7833,86.95,marine,0.86,172.0,10.5,0.04,1.5,0.6,11.9,0.3,135.0,30.7
2026-09-09T01:00,dhamra_in,Dhamra,India,destination,20.7833,86.95,marine,0.86,172.0,10.55,0.04,1.4,0.6,12.0,0.3,135.0,30.7
2026-09-09T02:00,dhamra_in,Dhamra,India,destination,20.7833,86.95,marine,0.84,172.0,10.6,0.04,1.2,0.62,12.15,0.3,135.0,30.8
2026-09-09T03:00,dhamra_in,Dhamra,India,destination,20.7833,86.95,marine,0.84,172.0,10.65,0.04,0.95,0.62,12.25,0.3,135.0,30.8
2026-09-09T04:00,dhamra_in,Dhamra,India,destination,20.7833,86.95,marine,0.84,172.0,10.7,0.02,0.55,0.62,12.25,0.3,135.0,30.9
2026-09-09T05:00,dhamra_in,Dhamra,India,destination,20.7833,86.95,marine,0.84,171.0,10.75,0.02,0.15,0.64,12.2,0.4,180.0,30.9
2026-09-09T06:00,dhamra_in,Dhamra,India,destination,20.7833,86.95,marine,0.84,171.0,10.8,0.0,0.0,0.64,12.05,0.4,180.0,31.0
2026-09-09T07:00,dhamra_in,Dhamra,India,destination,20.7833,86.95,marine,0.84,171.0,10.85,0.04,0.45,0.66,11.8,0.4,207.0,31.0
2026-09-09T08:00,dhamra_in,Dhamra,India,destination,20.7833,86.95,marine,0.84,171.0,10.85,0.06,1.2,0.66,11.5,0.6,198.0,31.0
2026-09-09T09:00,dhamra_in,Dhamra,India,destination,20.7833,86.95,marine,0.84,171.0,10.8,0.1,1.7,0.68,11.3,0.6,198.0,31.1
2026-09-09T10:00,dhamra_in,Dhamra,India,destination,20.7833,86.95,marine,0.86,172.0,10.65,0.08,1.65,0.68,11.25,0.4,207.0,31.1
2026-09-09T11:00,dhamra_in,Dhamra,India,destination,20.7833,86.95,marine,0.86,172.0,10.45,0.04,1.3,0.7,11.25,0.4,207.0,31.1
2026-09-09T12:00,dhamra_in,Dhamra,India,destination,20.7833,86.95,marine,0.88,173.0,10.35,0.02,0.95,0.7,11.2,0.4,207.0,31.1
2026-09-09T13:00,dhamra_in,Dhamra,India,destination,20.7833,86.95,marine,0.88,173.0,10.4,0.02,0.65,0.7,11.1,0.4,180.0,31.1
2026-09-09T14:00,dhamra_in,Dhamra,India,destination,20.7833,86.95,marine,0.88,172.0,10.5,0.0,0.35,0.72,10.95,0.4,180.0,31.0
2026-09-09T15:00,dhamra_in,Dhamra,India,destination,20.7833,86.95,marine,0.88,172.0,10.6,0.0,0.1,0.72,10.8,0.4,180.0,31.0
2026-09-09T16:00,dhamra_in,Dhamra,India,destination,20.7833,86.95,marine,0.88,172.0,10.65,0.0,0.0,0.72,10.7,0.4,180.0,30.9
2026-09-09T17:00,dhamra_in,Dhamra,India,destination,20.7833,86.95,marine,0.88,171.0,10.7,0.0,0.05,0.74,10.65,0.4,180.0,30.9
2026-09-09T18:00,dhamra_in,Dhamra,India,destination,20.7833,86.95,marine,0.88,171.0,10.7,0.0,0.05,0.74,10.6,0.4,180.0,30.9
2026-09-09T19:00,dhamra_in,Dhamra,India,destination,20.7833,86.95,marine,0.88,171.0,10.7,0.0,0.05,0.74,10.55,0.4,180.0,30.9
2026-09-09T20:00,dhamra_in,Dhamra,India,destination,20.7833,86.95,marine,0.88,171.0,10.7,0.0,0.05,0.76,10.55,0.4,180.0,30.8
2026-09-09T21:00,dhamra_in,Dhamra,India,destination,20.7833,86.95,marine,0.88,171.0,10.7,0.0,0.05,0.76,10.45,0.4,180.0,30.8
2026-09-09T22:00,dhamra_in,Dhamra,India,destination,20.7833,86.95,marine,0.88,171.0,10.7,0.0,0.05,0.78,10.2,0.5,180.0,30.8
2026-09-09T23:00,dhamra_in,Dhamra,India,destination,20.7833,86.95,marine,0.88,171.0,10.75,0.0,0.0,0.8,9.9,0.5,180.0,30.8
2026-09-10T00:00,dhamra_in,Dhamra,India,destination,20.7833,86.95,marine,0.88,171.0,10.75,0.0,0.0,0.82,9.7,0.5,180.0,30.8
2026-09-10T01:00,dhamra_in,Dhamra,India,destination,20.7833,86.95,marine,0.88,171.0,10.75,0.0,0.0,0.82,9.65,0.6,198.0,30.8
2026-09-10T02:00,dhamra_in,Dhamra,India,destination,20.7833,86.95,marine,0.88,171.0,10.75,0.0,0.0,0.82,9.65,0.6,198.0,30.9
2026-09-10T03:00,dhamra_in,Dhamra,India,destination,20.7833,86.95,marine,0.88,171.0,10.75,0.0,0.0,0.82,9.65,0.6,198.0,30.9
2026-09-10T04:00,dhamra_in,Dhamra,India,destination,20.7833,86.95,marine,0.88,171.0,10.8,0.0,0.05,0.8,9.55,0.7,194.0,30.9
2026-09-10T05:00,dhamra_in,Dhamra,India,destination,20.7833,86.95,marine,0.88,170.0,10.85,0.0,0.1,0.8,9.35,0.6,198.0,31.0
2026-09-10T06:00,dhamra_in,Dhamra,India,destination,20.7833,86.95,marine,0.88,170.0,10.9,0.0,0.1,0.78,9.2,0.6,214.0,31.0
2026-09-10T07:00,dhamra_in,Dhamra,India,destination,20.7833,86.95,marine,0.88,170.0,10.95,0.0,0.1,0.78,9.05,0.6,214.0,31.0
2026-09-10T08:00,dhamra_in,Dhamra,India,destination,20.7833,86.95,marine,0.88,170.0,10.95,0.0,0.05,0.78,8.9,0.6,214.0,31.0
2026-09-10T09:00,dhamra_in,Dhamra,India,destination,20.7833,86.95,marine,0.88,170.0,10.95,0.0,0.0,0.78,8.8,0.6,214.0,31.0
2026-09-10T10:00,dhamra_in,Dhamra,India,destination,20.7833,86.95,marine,0.88,170.0,10.9,0.0,0.0,0.78,8.75,0.6,214.0,31.1
2026-09-10T11:00,dhamra_in,Dhamra,India,destination,20.7833,86.95,marine,0.88,171.0,10.8,0.0,0.0,0.78,8.75,0.6,198.0,31.1
2026-09-10T12:00,dhamra_in,Dhamra,India,destination,20.7833,86.95,marine,0.88,171.0,10.75,0.0,0.0,0.78,8.7,0.6,198.0,31.1
2026-09-10T13:00,dhamra_in,Dhamra,India,destination,20.7833,86.95,marine,0.88,171.0,10.75,0.0,0.05,0.76,8.5,0.4,207.0,31.1
2026-09-10T14:00,dhamra_in,Dhamra,India,destination,20.7833,86.95,marine,0.88,171.0,10.75,0.0,0.1,0.76,8.25,0.4,207.0,31.0
2026-09-10T15:00,dhamra_in,Dhamra,India,destination,20.7833,86.95,marine,0.88,171.0,10.75,0.0,0.1,0.74,8.15,0.4,207.0,31.0
2026-09-10T16:00,dhamra_in,Dhamra,India,destination,20.7833,86.95,marine,0.88,171.0,10.75,0.0,0.1,0.74,8.3,0.4,207.0,30.9
2026-09-10T17:00,dhamra_in,Dhamra,India,destination,20.7833,86.95,marine,0.88,171.0,10.8,0.0,0.05,0.76,8.6,0.4,207.0,30.9
2026-09-10T18:00,dhamra_in,Dhamra,India,destination,20.7833,86.95,marine,0.88,171.0,10.85,0.0,0.0,0.76,8.85,0.4,207.0,30.9
2026-09-10T19:00,dhamra_in,Dhamra,India,destination,20.7833,86.95,marine,0.88,171.0,10.9,0.0,0.0,0.76,9.0,0.4,207.0,30.9
2026-09-10T20:00,dhamra_in,Dhamra,India,destination,20.7833,86.95,marine,0.86,171.0,10.95,0.0,0.05,0.78,9.1,0.4,207.0,30.8
2026-09-10T21:00,dhamra_in,Dhamra,India,destination,20.7833,86.95,marine,0.86,171.0,11.05,0.0,0.05,0.78,9.15,0.4,207.0,30.8
2026-09-10T22:00,dhamra_in,Dhamra,India,destination,20.7833,86.95,marine,0.86,171.0,11.15,0.0,0.0,0.78,9.2,0.6,198.0,30.8
2026-09-10T23:00,dhamra_in,Dhamra,India,destination,20.7833,86.95,marine,0.84,171.0,11.25,0.0,0.0,0.78,9.2,0.6,198.0,30.8
2026-09-11T00:00,dhamra_in,Dhamra,India,destination,20.7833,86.95,marine,0.84,171.0,11.35,0.0,0.05,0.78,9.2,0.6,198.0,30.8
2026-09-11T01:00,dhamra_in,Dhamra,India,destination,20.7833,86.95,marine,0.84,171.0,11.45,0.02,0.3,0.78,9.15,0.6,198.0,30.8
2026-09-11T02:00,dhamra_in,Dhamra,India,destination,20.7833,86.95,marine,0.84,170.0,11.55,0.02,0.65,0.78,9.15,0.6,198.0,30.9
2026-09-11T03:00,dhamra_in,Dhamra,India,destination,20.7833,86.95,marine,0.84,170.0,11.5,0.04,1.0,0.78,9.2,0.6,214.0,30.9
2026-09-11T04:00,dhamra_in,Dhamra,India,destination,20.7833,86.95,marine,0.86,169.0,11.25,0.12,1.4,0.8,9.45,0.5,225.0,31.0
2026-09-11T05:00,dhamra_in,Dhamra,India,destination,20.7833,86.95,marine,0.88,167.0,10.9,0.2,1.8,0.8,9.8,0.5,225.0,31.0
2026-09-11T06:00,dhamra_in,Dhamra,India,destination,20.7833,86.95,marine,0.9,166.0,10.5,0.28,2.1,0.82,10.05,0.4,207.0,31.0
2026-09-11T07:00,dhamra_in,Dhamra,India,destination,20.7833,86.95,marine,0.92,164.0,10.15,0.32,2.3,0.82,10.15,0.4,207.0,31.0
2026-09-11T08:00,dhamra_in,Dhamra,India,destination,20.7833,86.95,marine,0.96,162.0,9.75,0.36,2.45,0.84,10.1,0.4,207.0,31.1
2026-09-11T09:00,dhamra_in,Dhamra,India,destination,20.7833,86.95,marine,0.98,160.0,9.45,0.4,2.5,0.84,10.1,0.4,207.0,31.1
2026-09-11T10:00,dhamra_in,Dhamra,India,destination,20.7833,86.95,marine,1.0,159.0,9.25,0.38,2.5,0.84,10.1,0.4,207.0,31.1
2026-09-11T11:00,dhamra_in,Dhamra,India,destination,20.7833,86.95,marine,1.0,159.0,9.15,0.34,2.45,0.84,10.1,0.4,207.0,31.1
2026-09-11T12:00,dhamra_in,Dhamra,India,destination,20.7833,86.95,marine,1.02,158.0,9.05,0.32,2.35,0.84,10.05,0.4,207.0,31.1
2026-09-11T13:00,dhamra_in,Dhamra,India,destination,20.7833,86.95,marine,1.02,158.0,8.95,0.28,2.25,0.84,10.0,0.3,225.0,31.1
2026-09-11T14:00,dhamra_in,Dhamra,India,destination,20.7833,86.95,marine,1.04,158.0,8.95,0.26,2.15,0.84,9.9,0.3,225.0,31.0
2026-09-11T15:00,dhamra_in,Dhamra,India,destination,20.7833,86.95,marine,1.04,158.0,8.9,0.22,2.0,0.84,9.85,0.3,225.0,31.0
2026-09-11T16:00,dhamra_in,Dhamra,India,destination,20.7833,86.95,marine,1.04,158.0,8.9,0.2,1.8,0.84,9.85,0.3,225.0,31.0
2026-09-11T17:00,dhamra_in,Dhamra,India,destination,20.7833,86.95,marine,1.04,158.0,8.9,0.16,1.5,0.84,9.85,0.3,225.0,30.9
2026-09-11T18:00,dhamra_in,Dhamra,India,destination,20.7833,86.95,marine,1.04,158.0,8.95,0.14,1.2,0.84,9.85,0.3,225.0,30.9
2026-09-11T19:00,dhamra_in,Dhamra,India,destination,20.7833,86.95,marine,1.04,158.0,9.0,0.1,0.8,0.84,9.75,0.2,180.0,30.9
2026-09-11T20:00,dhamra_in,Dhamra,India,destination,20.7833,86.95,marine,1.02,158.0,9.1,0.04,0.35,0.82,9.65,0.4,180.0,30.9
2026-09-11T21:00,dhamra_in,Dhamra,India,destination,20.7833,86.95,marine,1.02,158.0,9.2,0.0,0.05,0.82,9.55,0.4,207.0,30.9
2026-09-11T22:00,dhamra_in,Dhamra,India,destination,20.7833,86.95,marine,1.0,159.0,9.35,0.0,0.0,0.82,9.55,0.4,207.0,30.8
2026-09-11T23:00,dhamra_in,Dhamra,India,destination,20.7833,86.95,marine,1.0,159.0,9.55,0.02,0.0,0.84,9.6,0.6,198.0,30.8
2026-09-12T00:00,dhamra_in,Dhamra,India,destination,20.7833,86.95,marine,0.98,160.0,9.7,0.02,0.15,0.84,9.7,0.6,198.0,30.8
2026-09-12T01:00,dhamra_in,Dhamra,India,destination,20.7833,86.95,marine,0.98,160.0,9.8,0.06,0.65,0.84,9.85,0.6,198.0,30.8
2026-09-12T02:00,dhamra_in,Dhamra,India,destination,20.7833,86.95,marine,0.98,159.0,9.85,0.1,1.3,0.84,10.05,0.6,198.0,30.9
2026-09-12T03:00,dhamra_in,Dhamra,India,destination,20.7833,86.95,marine,0.98,159.0,9.8,0.14,1.8,0.84,10.1,0.6,198.0,30.9
2026-09-12T04:00,dhamra_in,Dhamra,India,destination,20.7833,86.95,marine,1.0,157.0,9.65,0.2,2.05,0.82,10.05,0.6,198.0,31.0
2026-09-12T05:00,dhamra_in,Dhamra,India,destination,20.7833,86.95,marine,1.0,156.0,9.45,0.24,2.2,0.8,9.85,0.6,198.0,31.0
2026-09-12T06:00,dhamra_in,Dhamra,India,destination,20.7833,86.95,marine,1.02,154.0,9.25,0.3,2.25,0.78,9.5,0.4,207.0,31.0
2026-09-12T07:00,dhamra_in,Dhamra,India,destination,20.7833,86.95,marine,1.04,152.0,9.1,0.28,2.2,0.8,8.8,0.4,207.0,31.0
2026-09-12T08:00,dhamra_in,Dhamra,India,destination,20.7833,86.95,marine,1.04,151.0,8.95,0.24,2.05,0.8,7.95,0.6,198.0,31.0
2026-09-12T09:00,dhamra_in,Dhamra,India,destination,20.7833,86.95,marine,1.06,149.0,8.85,0.22,2.0,0.82,7.35,0.6,198.0,31.0
2026-09-12T10:00,dhamra_in,Dhamra,India,destination,20.7833,86.95,marine,1.08,148.0,8.75,0.26,2.05,0.82,7.3,0.6,198.0,31.0
2026-09-12T11:00,dhamra_in,Dhamra,India,destination,20.7833,86.95,marine,1.08,147.0,8.7,0.28,2.2,0.84,7.5,0.6,198.0,31.0
2026-09-12T12:00,dhamra_in,Dhamra,India,destination,20.7833,86.95,marine,1.1,146.0,8.6,0.32,2.3,0.84,7.65,0.6,198.0,31.0
2026-09-12T13:00,dhamra_in,Dhamra,India,destination,20.7833,86.95,marine,1.12,145.0,8.5,0.32,2.35,0.84,7.65,0.4,207.0,31.0
2026-09-12T14:00,dhamra_in,Dhamra,India,destination,20.7833,86.95,marine,1.14,145.0,8.4,0.34,2.4,0.86,7.65,0.4,207.0,31.0
2026-09-12T15:00,dhamra_in,Dhamra,India,destination,20.7833,86.95,marine,1.16,144.0,8.3,0.34,2.3,0.86,7.55,0.4,207.0,31.0
2026-09-12T16:00,dhamra_in,Dhamra,India,destination,20.7833,86.95,marine,1.16,143.0,8.25,0.28,2.0,0.86,7.35,0.4,207.0,30.9
2026-09-12T17:00,dhamra_in,Dhamra,India,destination,20.7833,86.95,marine,1.18,143.0,8.2,0.2,1.55,0.84,7.1,0.4,207.0,30.9
2026-09-12T18:00,dhamra_in,Dhamra,India,destination,20.7833,86.95,marine,1.18,142.0,8.2,0.14,1.2,0.84,7.0,0.4,207.0,30.9
2026-09-12T19:00,dhamra_in,Dhamra,India,destination,20.7833,86.95,marine,1.18,142.0,8.25,0.12,1.1,0.86,7.15,0.4,207.0,30.9
2026-09-12T20:00,dhamra_in,Dhamra,India,destination,20.7833,86.95,marine,1.18,142.0,8.35,0.12,1.1,0.86,7.4,0.3,225.0,30.8
2026-09-12T21:00,dhamra_in,Dhamra,India,destination,20.7833,86.95,marine,1.18,142.0,8.4,0.1,1.15,0.88,7.55,0.4,207.0,30.8
2026-09-12T22:00,dhamra_in,Dhamra,India,destination,20.7833,86.95,marine,1.18,142.0,8.45,0.14,1.2,0.88,7.55,0.4,207.0,30.8
2026-09-12T23:00,dhamra_in,Dhamra,India,destination,20.7833,86.95,marine,1.16,143.0,8.5,0.18,1.35,0.88,7.45,0.4,207.0,30.8
2026-09-13T00:00,dhamra_in,Dhamra,India,destination,20.7833,86.95,marine,1.16,143.0,8.5,0.22,1.5,0.88,7.4,0.4,207.0,30.8
2026-09-13T01:00,dhamra_in,Dhamra,India,destination,20.7833,86.95,marine,1.18,142.0,8.45,0.26,1.8,0.88,7.35,0.4,207.0,30.8
2026-09-13T02:00,dhamra_in,Dhamra,India,destination,20.7833,86.95,marine,1.18,142.0,8.35,0.32,2.1,0.86,7.35,0.4,207.0,30.8
2026-09-13T03:00,dhamra_in,Dhamra,India,destination,20.7833,86.95,marine,1.2,141.0,8.25,0.36,2.4,0.86,7.35,0.4,207.0,30.8
2026-09-13T04:00,dhamra_in,Dhamra,India,destination,20.7833,86.95,marine,1.22,140.0,8.15,0.42,2.6,0.84,7.35,0.4,207.0,30.9
2026-09-13T05:00,dhamra_in,Dhamra,India,destination,20.7833,86.95,marine,1.24,140.0,8.05,0.46,2.8,0.84,7.35,0.4,207.0,30.9
2026-09-13T06:00,dhamra_in,Dhamra,India,destination,20.7833,86.95,marine,1.26,139.0,7.95,0.52,2.85,0.82,7.35,0.4,207.0,30.9
2026-09-13T07:00,dhamra_in,Dhamra,India,destination,20.7833,86.95,marine,1.26,139.0,7.95,0.48,2.8,0.82,7.3,0.4,207.0,31.0
2026-09-13T08:00,dhamra_in,Dhamra,India,destination,20.7833,86.95,marine,1.26,139.0,7.95,0.42,2.65,0.84,7.2,0.4,207.0,31.0
2026-09-13T09:00,dhamra_in,Dhamra,India,destination,20.7833,86.95,marine,1.26,139.0,8.0,0.38,2.5,0.84,7.1,0.4,207.0,31.0
2026-09-13T10:00,dhamra_in,Dhamra,India,destination,20.7833,86.95,marine,1.26,140.0,8.05,0.34,2.35,0.82,6.95,0.4,207.0,31.1
2026-09-13T11:00,dhamra_in,Dhamra,India,destination,20.7833,86.95,marine,1.24,140.0,8.15,0.3,2.25,0.82,6.85,0.6,198.0,31.1
2026-09-13T12:00,dhamra_in,Dhamra,India,destination,20.7833,86.95,marine,1.24,141.0,8.25,0.26,2.1,0.8,6.95,0.6,198.0,31.1
2026-09-13T13:00,dhamra_in,Dhamra,India,destination,20.7833,86.95,marine,1.22,142.0,8.35,0.22,2.0,0.82,7.5,0.6,198.0,31.1
2026-09-13T14:00,dhamra_in,Dhamra,India,destination,20.7833,86.95,marine,1.2,144.0,8.5,0.16,1.85,0.82,8.25,0.6,198.0,31.1
2026-09-13T15:00,dhamra_in,Dhamra,India,destination,20.7833,86.95,marine,1.18,145.0,8.6,0.12,1.65,0.84,8.85,0.6,198.0,31.0
2026-09-13T16:00,dhamra_in,Dhamra,India,destination,20.7833,86.95,marine,1.18,146.0,8.7,0.1,1.15,0.84,9.1,0.6,198.0,31.0
2026-09-13T17:00,dhamra_in,Dhamra,India,destination,20.7833,86.95,marine,1.16,147.0,8.85,0.06,0.6,0.84,9.15,0.6,198.0,31.0
2026-09-13T18:00,dhamra_in,Dhamra,India,destination,20.7833,86.95,marine,1.16,148.0,8.95,0.04,0.35,0.84,9.3,0.6,198.0,30.9
2026-09-13T19:00,dhamra_in,Dhamra,India,destination,20.7833,86.95,marine,1.14,149.0,9.05,0.08,0.7,0.8,9.7,0.6,198.0,30.9
2026-09-13T20:00,dhamra_in,Dhamra,India,destination,20.7833,86.95,marine,1.14,150.0,9.15,0.14,1.35,0.76,10.15,0.6,198.0,30.9
2026-09-13T21:00,dhamra_in,Dhamra,India,destination,20.7833,86.95,marine,1.12,151.0,9.2,0.18,1.9,0.72,10.45,0.6,198.0,30.9
2026-09-13T22:00,dhamra_in,Dhamra,India,destination,20.7833,86.95,marine,1.12,150.0,9.15,0.26,2.2,0.72,10.55,0.6,198.0,30.9
2026-09-13T23:00,dhamra_in,Dhamra,India,destination,20.7833,86.95,marine,1.14,149.0,9.0,0.34,2.35,0.72,10.45,0.6,198.0,30.9
2026-09-07T00:00,gangavaram_in,Gangavaram,India,destination,17.6231,83.2749,marine,1.2,176.0,9.3,0.02,0.25,1.12,8.6,0.8,207.0,29.5
2026-09-07T01:00,gangavaram_in,Gangavaram,India,destination,17.6231,83.2749,marine,1.18,176.0,9.4,0.04,0.4,1.1,8.8,0.8,207.0,29.5
2026-09-07T02:00,gangavaram_in,Gangavaram,India,destination,17.6231,83.2749,marine,1.14,175.0,9.45,0.04,0.7,1.06,8.8,1.0,211.0,29.6
2026-09-07T03:00,gangavaram_in,Gangavaram,India,destination,17.6231,83.2749,marine,1.12,175.0,9.4,0.06,1.1,1.04,8.75,1.0,211.0,29.6
2026-09-07T04:00,gangavaram_in,Gangavaram,India,destination,17.6231,83.2749,marine,1.12,176.0,9.3,0.16,1.55,1.02,8.85,0.8,207.0,29.7
2026-09-07T05:00,gangavaram_in,Gangavaram,India,destination,17.6231,83.2749,marine,1.12,176.0,9.15,0.24,2.1,1.0,8.95,0.6,214.0,29.8
2026-09-07T06:00,gangavaram_in,Gangavaram,India,destination,17.6231,83.2749,marine,1.12,177.0,8.95,0.34,2.5,0.98,8.95,0.6,214.0,29.8
2026-09-07T07:00,gangavaram_in,Gangavaram,India,destination,17.6231,83.2749,marine,1.14,178.0,8.7,0.42,2.8,0.96,8.75,0.5,225.0,29.9
2026-09-07T08:00,gangavaram_in,Gangavaram,India,destination,17.6231,83.2749,marine,1.16,180.0,8.45,0.48,3.0,0.96,8.5,0.5,225.0,29.9
2026-09-07T09:00,gangavaram_in,Gangavaram,India,destination,17.6231,83.2749,marine,1.18,181.0,8.25,0.56,3.05,0.94,8.2,0.4,243.0,29.9
2026-09-07T10:00,gangavaram_in,Gangavaram,India,destination,17.6231,83.2749,marine,1.18,181.0,8.1,0.5,2.95,0.94,7.95,0.4,243.0,29.9
2026-09-07T11:00,gangavaram_in,Gangavaram,India,destination,17.6231,83.2749,marine,1.2,181.0,8.0,0.44,2.75,0.96,7.65,0.4,243.0,29.9
2026-09-07T12:00,gangavaram_in,Gangavaram,India,destination,17.6231,83.2749,marine,1.2,181.0,8.0,0.38,2.5,0.96,7.45,0.4,243.0,29.9
2026-09-07T13:00,gangavaram_in,Gangavaram,India,destination,17.6231,83.2749,marine,1.18,180.0,8.05,0.32,2.25,0.96,7.35,0.4,243.0,29.9
2026-09-07T14:00,gangavaram_in,Gangavaram,India,destination,17.6231,83.2749,marine,1.16,179.0,8.2,0.24,2.05,0.96,7.3,0.4,243.0,29.9
2026-09-07T15:00,gangavaram_in,Gangavaram,India,destination,17.6231,83.2749,marine,1.14,178.0,8.35,0.18,1.9,0.96,7.3,0.4,243.0,29.9
2026-09-07T16:00,gangavaram_in,Gangavaram,India,destination,17.6231,83.2749,marine,1.12,177.0,8.45,0.2,1.9,0.94,7.3,0.4,243.0,29.8
2026-09-07T17:00,gangavaram_in,Gangavaram,India,destination,17.6231,83.2749,marine,1.1,177.0,8.55,0.2,2.05,0.9,7.3,0.4,243.0,29.8
2026-09-07T18:00,gangavaram_in,Gangavaram,India,destination,17.6231,83.2749,marine,1.08,176.0,8.65,0.22,2.1,0.88,7.3,0.4,243.0,29.8
2026-09-07T19:00,gangavaram_in,Gangavaram,India,destination,17.6231,83.2749,marine,1.08,176.0,8.75,0.2,2.05,0.86,7.25,0.4,270.0,29.8
2026-09-07T20:00,gangavaram_in,Gangavaram,India,destination,17.6231,83.2749,marine,1.06,176.0,8.8,0.2,1.95,0.86,7.2,0.4,270.0,29.7
2026-09-07T21:00,gangavaram_in,Gangavaram,India,destination,17.6231,83.2749,marine,1.06,176.0,8.8,0.18,1.95,0.84,7.15,0.4,270.0,29.7
2026-09-07T22:00,gangavaram_in,Gangavaram,India,destination,17.6231,83.2749,marine,1.08,177.0,8.75,0.24,2.1,0.82,7.1,0.4,270.0,29.7
2026-09-07T23:00,gangavaram_in,Gangavaram,India,destination,17.6231,83.2749,marine,1.08,178.0,8.6,0.32,2.25,0.82,7.05,0.4,297.0,29.7
2026-09-08T00:00,gangavaram_in,Gangavaram,India,destination,17.6231,83.2749,marine,1.1,179.0,8.5,0.38,2.45,0.8,7.15,0.4,297.0,29.7
2026-09-08T01:00,gangavaram_in,Gangavaram,India,destination,17.6231,83.2749,marine,1.12,180.0,8.35,0.4,2.6,0.76,7.55,0.4,297.0,29.7
2026-09-08T02:00,gangavaram_in,Gangavaram,India,destination,17.6231,83.2749,marine,1.12,182.0,8.2,0.44,2.7,0.7,8.05,0.3,315.0,29.7
2026-09-08T03:00,gangavaram_in,Gangavaram,India,destination,17.6231,83.2749,marine,1.14,183.0,8.1,0.46,2.75,0.66,8.1,0.3,315.0,29.7
2026-09-08T04:00,gangavaram_in,Gangavaram,India,destination,17.6231,83.2749,marine,1.16,184.0,8.05,0.44,2.7,0.72,7.1,0.3,315.0,29.8
2026-09-08T05:00,gangavaram_in,Gangavaram,India,destination,17.6231,83.2749,marine,1.16,184.0,8.0,0.4,2.55,0.8,5.6,0.3,315.0,29.8
2026-09-08T06:00,gangavaram_in,Gangavaram,India,destination,17.6231,83.2749,marine,1.18,185.0,8.0,0.38,2.5,0.86,4.85,0.4,333.0,29.9
2026-09-08T07:00,gangavaram_in,Gangavaram,India,destination,17.6231,83.2749,marine,1.16,184.0,8.05,0.4,2.55,0.78,5.5,0.4,333.0,29.9
2026-09-08T08:00,gangavaram_in,Gangavaram,India,destination,17.6231,83.2749,marine,1.14,183.0,8.15,0.44,2.7,0.7,6.8,0.6,342.0,30.0
2026-09-08T09:00,gangavaram_in,Gangavaram,India,destination,17.6231,83.2749,marine,1.12,182.0,8.25,0.46,2.7,0.62,8.05,0.4,0.0,30.1
2026-09-08T10:00,gangavaram_in,Gangavaram,India,destination,17.6231,83.2749,marine,1.1,181.0,8.35,0.4,2.55,0.6,9.05,0.4,0.0,30.1
2026-09-08T11:00,gangavaram_in,Gangavaram,India,destination,17.6231,83.2749,marine,1.08,180.0,8.5,0.32,2.35,0.6,9.9,0.2,0.0,30.2
2026-09-08T12:00,gangavaram_in,Gangavaram,India,destination,17.6231,83.2749,marine,1.06,179.0,8.65,0.26,2.1,0.58,10.25,0.0,90.0,30.2
2026-09-08T13:00,gangavaram_in,Gangavaram,India,destination,17.6231,83.2749,marine,1.04,178.0,8.75,0.22,1.8,0.6,9.65,0.0,90.0,30.2
2026-09-08T14:00,gangavaram_in,Gangavaram,India,destination,17.6231,83.2749,marine,1.04,177.0,8.9,0.16,1.45,0.6,8.55,0.2,180.0,30.2
2026-09-08T15:00,gangavaram_in,Gangavaram,India,destination,17.6231,83.2749,marine,1.02,176.0,9.0,0.12,1.2,0.62,7.7,0.4,207.0,30.1
2026-09-08T16:00,gangavaram_in,Gangavaram,India,destination,17.6231,83.2749,marine,1.02,175.0,9.1,0.1,1.1,0.64,7.45,0.4,207.0,30.1
2026-09-08T17:00,gangavaram_in,Gangavaram,India,destination,17.6231,83.2749,marine,1.0,175.0,9.2,0.08,1.1,0.64,7.45,0.4,207.0,30.0
2026-09-08T18:00,gangavaram_in,Gangavaram,India,destination,17.6231,83.2749,marine,1.0,174.0,9.3,0.06,1.05,0.66,7.6,0.4,207.0,30.0
2026-09-08T19:00,gangavaram_in,Gangavaram,India,destination,17.6231,83.2749,marine,1.0,174.0,9.35,0.04,0.85,0.66,7.9,0.6,198.0,29.9
2026-09-08T20:00,gangavaram_in,Gangavaram,India,destination,17.6231,83.2749,marine,1.0,173.0,9.35,0.04,0.55,0.66,8.3,0.6,198.0,29.9
2026-09-08T21:00,gangavaram_in,Gangavaram,India,destination,17.6231,83.2749,marine,1.0,173.0,9.4,0.02,0.35,0.66,8.6,0.6,198.0,29.9
2026-09-08T22:00,gangavaram_in,Gangavaram,India,destination,17.6231,83.2749,marine,1.0,173.0,9.45,0.02,0.25,0.74,8.65,0.6,198.0,29.8
2026-09-08T23:00,gangavaram_in,Gangavaram,India,destination,17.6231,83.2749,marine,0.98,173.0,9.55,0.02,0.25,0.8,8.5,0.6,198.0,29.8
2026-09-09T00:00,gangavaram_in,Gangavaram,India,destination,17.6231,83.2749,marine,0.98,173.0,9.6,0.02,0.2,0.88,8.45,0.6,214.0,29.8
2026-09-09T01:00,gangavaram_in,Gangavaram,India,destination,17.6231,83.2749,marine,0.98,173.0,9.6,0.02,0.1,0.88,8.45,0.6,214.0,29.9
2026-09-09T02:00,gangavaram_in,Gangavaram,India,destination,17.6231,83.2749,marine,1.0,172.0,9.6,0.0,0.0,0.9,8.5,0.6,214.0,30.0
2026-09-09T03:00,gangavaram_in,Gangavaram,India,destination,17.6231,83.2749,marine,1.0,172.0,9.55,0.0,0.0,0.9,8.55,0.8,225.0,30.1
2026-09-09T04:00,gangavaram_in,Gangavaram,India,destination,17.6231,83.2749,marine,1.0,173.0,9.5,0.02,0.35,0.9,8.7,0.8,225.0,30.2
2026-09-09T05:00,gangavaram_in,Gangavaram,India,destination,17.6231,83.2749,marine,1.02,173.0,9.4,0.06,0.85,0.92,8.85,0.6,236.0,30.3
2026-09-09T06:00,gangavaram_in,Gangavaram,India,destination,17.6231,83.2749,marine,1.02,174.0,9.3,0.08,1.2,0.92,8.9,0.6,252.0,30.4
2026-09-09T07:00,gangavaram_in,Gangavaram,India,destination,17.6231,83.2749,marine,1.02,174.0,9.2,0.06,1.2,0.86,8.85,0.6,252.0,30.4
2026-09-09T08:00,gangavaram_in,Gangavaram,India,destination,17.6231,83.2749,marine,1.04,175.0,9.15,0.06,1.1,0.82,8.65,0.5,270.0,30.5
2026-09-09T09:00,gangavaram_in,Gangavaram,India,destination,17.6231,83.2749,marine,1.04,175.0,9.1,0.04,1.05,0.76,8.2,0.5,270.0,30.5
2026-09-09T10:00,gangavaram_in,Gangavaram,India,destination,17.6231,83.2749,marine,1.04,175.0,9.1,0.06,1.3,0.76,7.25,0.4,270.0,30.5
2026-09-09T11:00,gangavaram_in,Gangavaram,India,destination,17.6231,83.2749,marine,1.06,175.0,9.1,0.08,1.6,0.78,6.0,0.4,270.0,30.5
2026-09-09T12:00,gangavaram_in,Gangavaram,India,destination,17.6231,83.2749,marine,1.06,175.0,9.1,0.1,1.7,0.78,5.15,0.2,270.0,30.5
2026-09-09T13:00,gangavaram_in,Gangavaram,India,destination,17.6231,83.2749,marine,1.06,175.0,9.15,0.08,1.35,0.78,5.05,0.2,270.0,30.5
2026-09-09T14:00,gangavaram_in,Gangavaram,India,destination,17.6231,83.2749,marine,1.04,174.0,9.2,0.04,0.8,0.76,5.4,0.4,270.0,30.4
2026-09-09T15:00,gangavaram_in,Gangavaram,India,destination,17.6231,83.2749,marine,1.04,174.0,9.25,0.02,0.35,0.76,5.65,0.4,270.0,30.4
2026-09-09T16:00,gangavaram_in,Gangavaram,India,destination,17.6231,83.2749,marine,1.04,174.0,9.3,0.02,0.15,0.76,5.55,0.4,270.0,30.3
2026-09-09T17:00,gangavaram_in,Gangavaram,India,destination,17.6231,83.2749,marine,1.04,173.0,9.35,0.0,0.05,0.76,5.4,0.4,243.0,30.2
2026-09-09T18:00,gangavaram_in,Gangavaram,India,destination,17.6231,83.2749,marine,1.04,173.0,9.4,0.0,0.0,0.76,5.7,0.3,225.0,30.1
2026-09-09T19:00,gangavaram_in,Gangavaram,India,destination,17.6231,83.2749,marine,1.04,173.0,9.45,0.0,0.0,0.8,6.9,0.3,225.0,30.1
2026-09-09T20:00,gangavaram_in,Gangavaram,India,destination,17.6231,83.2749,marine,1.04,172.0,9.5,0.0,0.0,0.82,8.55,0.3,225.0,30.0
2026-09-09T21:00,gangavaram_in,Gangavaram,India,destination,17.6231,83.2749,marine,1.04,172.0,9.55,0.0,0.0,0.86,9.7,0.3,225.0,29.9
2026-09-09T22:00,gangavaram_in,Gangavaram,India,destination,17.6231,83.2749,marine,1.02,172.0,9.65,0.0,0.0,0.88,9.8,0.3,225.0,29.8
2026-09-09T23:00,gangavaram_in,Gangavaram,India,destination,17.6231,83.2749,marine,1.02,171.0,9.7,0.0,0.0,0.92,9.4,0.3,225.0,29.8
2026-09-10T00:00,gangavaram_in,Gangavaram,India,destination,17.6231,83.2749,marine,1.0,171.0,9.8,0.0,0.0,0.94,9.0,0.3,225.0,29.8
2026-09-10T01:00,gangavaram_in,Gangavaram,India,destination,17.6231,83.2749,marine,1.0,171.0,9.85,0.0,0.0,0.92,8.75,0.4,243.0,29.8
2026-09-10T02:00,gangavaram_in,Gangavaram,India,destination,17.6231,83.2749,marine,0.98,170.0,9.9,0.0,0.0,0.92,8.45,0.5,225.0,29.9
2026-09-10T03:00,gangavaram_in,Gangavaram,India,destination,17.6231,83.2749,marine,0.98,170.0,9.95,0.0,0.0,0.9,8.25,0.5,225.0,30.0
2026-09-10T04:00,gangavaram_in,Gangavaram,India,destination,17.6231,83.2749,marine,0.98,170.0,9.95,0.0,0.0,0.9,8.15,0.6,236.0,30.1
2026-09-10T05:00,gangavaram_in,Gangavaram,India,destination,17.6231,83.2749,marine,0.98,171.0,9.9,0.0,0.0,0.88,8.15,0.6,236.0,30.2
2026-09-10T06:00,gangavaram_in,Gangavaram,India,destination,17.6231,83.2749,marine,0.98,171.0,9.9,0.0,0.0,0.88,8.1,0.7,256.0,30.3
2026-09-10T07:00,gangavaram_in,Gangavaram,India,destination,17.6231,83.2749,marine,0.98,171.0,9.9,0.0,0.0,0.88,8.05,0.7,284.0,30.4
2026-09-10T08:00,gangavaram_in,Gangavaram,India,destination,17.6231,83.2749,marine,0.98,171.0,9.9,0.0,0.0,0.86,7.95,0.7,284.0,30.5
2026-09-10T09:00,gangavaram_in,Gangavaram,India,destination,17.6231,83.2749,marine,0.98,171.0,9.9,0.0,0.0,0.86,7.9,0.8,297.0,30.6
2026-09-10T10:00,gangavaram_in,Gangavaram,India,destination,17.6231,83.2749,marine,0.98,171.0,9.85,0.0,0.0,0.86,7.85,0.9,307.0,30.7
2026-09-10T11:00,gangavaram_in,Gangavaram,India,destination,17.6231,83.2749,marine,0.98,172.0,9.8,0.0,0.0,0.86,7.8,1.0,315.0,30.8
2026-09-10T12:00,gangavaram_in,Gangavaram,India,destination,17.6231,83.2749,marine,0.98,172.0,9.75,0.0,0.0,0.86,7.8,1.0,315.0,30.8
2026-09-10T13:00,gangavaram_in,Gangavaram,India,destination,17.6231,83.2749,marine,0.98,172.0,9.7,0.0,0.0,0.86,7.8,1.3,315.0,30.8
2026-09-10T14:00,gangavaram_in,Gangavaram,India,destination,17.6231,83.2749,marine,0.98,172.0,9.7,0.0,0.0,0.86,7.8,1.3,315.0,30.7
2026-09-10T15:00,gangavaram_in,Gangavaram,India,destination,17.6231,83.2749,marine,0.98,172.0,9.7,0.0,0.0,0.86,7.8,1.3,315.0,30.6
2026-09-10T16:00,gangavaram_in,Gangavaram,India,destination,17.6231,83.2749,marine,0.98,172.0,9.7,0.0,0.0,0.86,7.8,1.2,321.0,30.5
2026-09-10T17:00,gangavaram_in,Gangavaram,India,destination,17.6231,83.2749,marine,0.98,172.0,9.75,0.0,0.05,0.88,7.85,1.2,321.0,30.4
2026-09-10T18:00,gangavaram_in,Gangavaram,India,destination,17.6231,83.2749,marine,0.98,172.0,9.75,0.0,0.05,0.88,7.9,1.2,333.0,30.3
2026-09-10T19:00,gangavaram_in,Gangavaram,India,destination,17.6231,83.2749,marine,0.98,172.0,9.75,0.0,0.05,0.88,8.0,1.1,342.0,30.3
2026-09-10T20:00,gangavaram_in,Gangavaram,India,destination,17.6231,83.2749,marine,0.98,172.0,9.8,0.0,0.0,0.88,8.2,1.1,351.0,30.2
2026-09-10T21:00,gangavaram_in,Gangavaram,India,destination,17.6231,83.2749,marine,0.98,172.0,9.8,0.0,0.0,0.88,8.3,1.1,0.0,30.1
2026-09-10T22:00,gangavaram_in,Gangavaram,India,destination,17.6231,83.2749,marine,0.98,172.0,9.85,0.0,0.0,0.88,8.35,1.1,9.0,30.1
2026-09-10T23:00,gangavaram_in,Gangavaram,India,destination,17.6231,83.2749,marine,0.96,172.0,9.9,0.0,0.0,0.86,8.4,1.1,9.0,30.0
2026-09-11T00:00,gangavaram_in,Gangavaram,India,destination,17.6231,83.2749,marine,0.96,172.0,9.95,0.0,0.0,0.86,8.4,1.0,22.0,30.0
2026-09-11T01:00,gangavaram_in,Gangavaram,India,destination,17.6231,83.2749,marine,0.96,172.0,10.0,0.0,0.0,0.86,8.4,0.9,37.0,30.0
2026-09-11T02:00,gangavaram_in,Gangavaram,India,destination,17.6231,83.2749,marine,0.94,171.0,10.1,0.0,0.0,0.84,8.45,0.9,37.0,30.0
2026-09-11T03:00,gangavaram_in,Gangavaram,India,destination,17.6231,83.2749,marine,0.94,171.0,10.15,0.0,0.0,0.84,8.5,0.9,53.0,30.0
2026-09-11T04:00,gangavaram_in,Gangavaram,India,destination,17.6231,83.2749,marine,0.94,171.0,10.2,0.0,0.0,0.86,8.7,0.8,63.0,30.0
2026-09-11T05:00,gangavaram_in,Gangavaram,India,destination,17.6231,83.2749,marine,0.92,170.0,10.2,0.0,0.0,0.86,9.0,0.7,76.0,30.0
2026-09-11T06:00,gangavaram_in,Gangavaram,India,destination,17.6231,83.2749,marine,0.92,170.0,10.25,0.0,0.0,0.88,9.15,0.7,76.0,30.1
2026-09-11T07:00,gangavaram_in,Gangavaram,India,destination,17.6231,83.2749,marine,0.92,170.0,10.3,0.0,0.0,0.88,9.05,0.7,90.0,30.1
2026-09-11T08:00,gangavaram_in,Gangavaram,India,destination,17.6231,83.2749,marine,0.9,169.0,10.3,0.0,0.0,0.9,8.85,0.7,90.0,30.2
2026-09-11T09:00,gangavaram_in,Gangavaram,India,destination,17.6231,83.2749,marine,0.9,169.0,10.35,0.0,0.0,0.9,8.65,0.5,90.0,30.2
2026-09-11T10:00,gangavaram_in,Gangavaram,India,destination,17.6231,83.2749,marine,0.9,169.0,10.4,0.0,0.0,0.9,8.55,0.4,90.0,30.3
2026-09-11T11:00,gangavaram_in,Gangavaram,India,destination,17.6231,83.2749,marine,0.9,168.0,10.5,0.0,0.05,0.88,8.4,0.3,45.0,30.3
2026-09-11T12:00,gangavaram_in,Gangavaram,India,destination,17.6231,83.2749,marine,0.9,168.0,10.55,0.0,0.05,0.88,8.3,0.3,45.0,30.3
2026-09-11T13:00,gangavaram_in,Gangavaram,India,destination,17.6231,83.2749,marine,0.9,168.0,10.55,0.0,0.05,0.88,8.15,0.2,0.0,30.3
2026-09-11T14:00,gangavaram_in,Gangavaram,India,destination,17.6231,83.2749,marine,0.9,167.0,10.55,0.0,0.05,0.86,7.95,0.0,90.0,30.2
2026-09-11T15:00,gangavaram_in,Gangavaram,India,destination,17.6231,83.2749,marine,0.9,167.0,10.55,0.0,0.05,0.86,7.85,0.0,90.0,30.1
2026-09-11T16:00,gangavaram_in,Gangavaram,India,destination,17.6231,83.2749,marine,0.9,167.0,10.6,0.0,0.05,0.86,7.8,0.0,90.0,30.0
2026-09-11T17:00,gangavaram_in,Gangavaram,India,destination,17.6231,83.2749,marine,0.92,167.0,10.6,0.0,0.0,0.86,7.75,0.2,270.0,29.9
2026-09-11T18:00,gangavaram_in,Gangavaram,India,destination,17.6231,83.2749,marine,0.92,167.0,10.65,0.0,0.0,0.86,7.8,0.3,225.0,29.8
2026-09-11T19:00,gangavaram_in,Gangavaram,India,destination,17.6231,83.2749,marine,0.92,167.0,10.65,0.0,0.0,0.86,7.95,0.3,225.0,29.7
2026-09-11T20:00,gangavaram_in,Gangavaram,India,destination,17.6231,83.2749,marine,0.92,167.0,10.65,0.0,0.0,0.88,8.2,0.3,225.0,29.6
2026-09-11T21:00,gangavaram_in,Gangavaram,India,destination,17.6231,83.2749,marine,0.92,167.0,10.65,0.0,0.0,0.88,8.35,0.4,207.0,29.5
2026-09-11T22:00,gangavaram_in,Gangavaram,India,destination,17.6231,83.2749,marine,0.92,167.0,10.65,0.0,0.0,0.88,8.4,0.4,207.0,29.4
2026-09-11T23:00,gangavaram_in,Gangavaram,India,destination,17.6231,83.2749,marine,0.92,167.0,10.65,0.0,0.0,0.88,8.4,0.5,225.0,29.3
2026-09-12T00:00,gangavaram_in,Gangavaram,India,destination,17.6231,83.2749,marine,0.92,167.0,10.6,0.0,0.0,0.88,8.35,0.5,225.0,29.3
2026-09-12T01:00,gangavaram_in,Gangavaram,India,destination,17.6231,83.2749,marine,0.92,167.0,10.5,0.0,0.0,0.84,8.15,0.8,225.0,29.4
2026-09-12T02:00,gangavaram_in,Gangavaram,India,destination,17.6231,83.2749,marine,0.94,167.0,10.35,0.0,0.0,0.82,7.85,0.8,225.0,29.4
2026-09-12T03:00,gangavaram_in,Gangavaram,India,destination,17.6231,83.2749,marine,0.94,167.0,10.25,0.0,0.0,0.78,7.7,0.9,233.0,29.6
2026-09-12T04:00,gangavaram_in,Gangavaram,India,destination,17.6231,83.2749,marine,0.94,167.0,10.25,0.0,0.1,0.8,7.9,0.9,233.0,29.7
2026-09-12T05:00,gangavaram_in,Gangavaram,India,destination,17.6231,83.2749,marine,0.92,168.0,10.3,0.0,0.2,0.8,8.3,1.2,243.0,29.8
2026-09-12T06:00,gangavaram_in,Gangavaram,India,destination,17.6231,83.2749,marine,0.92,168.0,10.35,0.0,0.3,0.82,8.55,1.4,247.0,29.9
2026-09-12T07:00,gangavaram_in,Gangavaram,India,destination,17.6231,83.2749,marine,0.92,168.0,10.4,0.0,0.3,0.84,8.45,1.5,249.0,30.0
2026-09-12T08:00,gangavaram_in,Gangavaram,India,destination,17.6231,83.2749,marine,0.92,168.0,10.5,0.0,0.2,0.84,8.2,1.7,257.0,30.2
2026-09-12T09:00,gangavaram_in,Gangavaram,India,destination,17.6231,83.2749,marine,0.92,168.0,10.55,0.0,0.15,0.86,8.1,1.8,259.0,30.3
2026-09-12T10:00,gangavaram_in,Gangavaram,India,destination,17.6231,83.2749,marine,0.92,168.0,10.6,0.0,0.1,0.88,8.25,1.8,264.0,30.4
2026-09-12T11:00,gangavaram_in,Gangavaram,India,destination,17.6231,83.2749,marine,0.9,168.0,10.6,0.0,0.0,0.88,8.5,2.0,270.0,30.4
2026-09-12T12:00,gangavaram_in,Gangavaram,India,destination,17.6231,83.2749,marine,0.9,168.0,10.65,0.0,0.0,0.9,8.65,2.0,270.0,30.5
2026-09-12T13:00,gangavaram_in,Gangavaram,India,destination,17.6231,83.2749,marine,0.9,168.0,10.65,0.0,0.1,0.9,8.65,1.8,270.0,30.4
2026-09-12T14:00,gangavaram_in,Gangavaram,India,destination,17.6231,83.2749,marine,0.9,168.0,10.7,0.0,0.25,0.88,8.6,1.8,270.0,30.4
2026-09-12T15:00,gangavaram_in,Gangavaram,India,destination,17.6231,83.2749,marine,0.9,168.0,10.7,0.0,0.3,0.88,8.55,1.4,270.0,30.2
2026-09-12T16:00,gangavaram_in,Gangavaram,India,destination,17.6231,83.2749,marine,0.9,168.0,10.7,0.0,0.2,0.88,8.4,1.4,270.0,30.1
2026-09-12T17:00,gangavaram_in,Gangavaram,India,destination,17.6231,83.2749,marine,0.9,168.0,10.7,0.0,0.1,0.86,8.25,1.5,263.0,30.0
2026-09-12T18:00,gangavaram_in,Gangavaram,India,destination,17.6231,83.2749,marine,0.9,168.0,10.7,0.0,0.0,0.86,8.35,1.5,263.0,29.9
2026-09-12T19:00,gangavaram_in,Gangavaram,India,destination,17.6231,83.2749,marine,0.9,168.0,10.7,0.0,0.05,0.78,8.85,1.3,262.0,29.9
2026-09-12T20:00,gangavaram_in,Gangavaram,India,destination,17.6231,83.2749,marine,0.88,168.0,10.7,0.0,0.2,0.72,9.6,1.3,262.0,29.8
2026-09-12T21:00,gangavaram_in,Gangavaram,India,destination,17.6231,83.2749,marine,0.88,168.0,10.75,0.0,0.25,0.64,10.15,1.3,262.0,29.8
2026-09-12T22:00,gangavaram_in,Gangavaram,India,destination,17.6231,83.2749,marine,0.88,168.0,10.8,0.0,0.15,0.64,10.4,1.3,254.0,29.8
2026-09-12T23:00,gangavaram_in,Gangavaram,India,destination,17.6231,83.2749,marine,0.88,168.0,10.85,0.0,0.0,0.62,10.5,1.3,254.0,29.8
2026-09-13T00:00,gangavaram_in,Gangavaram,India,destination,17.6231,83.2749,marine,0.88,168.0,10.9,0.0,0.0,0.62,10.5,1.3,254.0,29.8
2026-09-13T01:00,gangavaram_in,Gangavaram,India,destination,17.6231,83.2749,marine,0.88,168.0,10.95,0.02,0.2,0.62,10.4,1.4,247.0,29.8
2026-09-13T02:00,gangavaram_in,Gangavaram,India,destination,17.6231,83.2749,marine,0.86,168.0,11.0,0.02,0.55,0.62,10.25,1.5,249.0,29.8
2026-09-13T03:00,gangavaram_in,Gangavaram,India,destination,17.6231,83.2749,marine,0.86,168.0,11.0,0.04,0.95,0.62,10.0,1.6,243.0,29.8
2026-09-13T04:00,gangavaram_in,Gangavaram,India,destination,17.6231,83.2749,marine,0.88,167.0,10.85,0.1,1.35,0.64,9.65,1.8,246.0,29.9
2026-09-13T05:00,gangavaram_in,Gangavaram,India,destination,17.6231,83.2749,marine,0.88,166.0,10.6,0.18,1.8,0.68,9.2,1.9,241.0,29.9
2026-09-13T06:00,gangavaram_in,Gangavaram,India,destination,17.6231,83.2749,marine,0.9,165.0,10.4,0.24,2.1,0.7,8.9,2.0,243.0,29.9
2026-09-13T07:00,gangavaram_in,Gangavaram,India,destination,17.6231,83.2749,marine,0.92,163.0,10.2,0.24,2.2,0.68,8.75,2.0,243.0,29.9
2026-09-13T08:00,gangavaram_in,Gangavaram,India,destination,17.6231,83.2749,marine,0.92,160.0,10.0,0.22,2.15,0.68,8.7,2.0,243.0,30.0
2026-09-13T09:00,gangavaram_in,Gangavaram,India,destination,17.6231,83.2749,marine,0.94,158.0,9.85,0.22,2.05,0.66,8.85,2.0,243.0,30.0
2026-09-13T10:00,gangavaram_in,Gangavaram,India,destination,17.6231,83.2749,marine,0.94,158.0,9.8,0.18,1.8,0.66,9.5,2.0,243.0,30.0
2026-09-13T11:00,gangavaram_in,Gangavaram,India,destination,17.6231,83.2749,marine,0.94,158.0,9.85,0.16,1.5,0.64,10.4,2.1,239.0,30.0
2026-09-13T12:00,gangavaram_in,Gangavaram,India,destination,17.6231,83.2749,marine,0.94,158.0,9.9,0.12,1.25,0.64,10.75,2.1,239.0,30.0
2026-09-13T13:00,gangavaram_in,Gangavaram,India,destination,17.6231,83.2749,marine,0.94,159.0,9.95,0.12,1.15,0.64,10.0,1.9,236.0,30.0
2026-09-13T14:00,gangavaram_in,Gangavaram,India,destination,17.6231,83.2749,marine,0.92,159.0,10.05,0.1,1.15,0.66,8.7,2.1,232.0,30.0
2026-09-13T15:00,gangavaram_in,Gangavaram,India,destination,17.6231,83.2749,marine,0.92,160.0,10.1,0.1,1.15,0.66,7.7,2.1,232.0,30.0
2026-09-13T16:00,gangavaram_in,Gangavaram,India,destination,17.6231,83.2749,marine,0.92,160.0,10.15,0.1,1.1,0.68,7.4,2.1,232.0,30.0
2026-09-13T17:00,gangavaram_in,Gangavaram,India,destination,17.6231,83.2749,marine,0.92,161.0,10.15,0.08,1.05,0.68,7.4,2.2,228.0,29.9
2026-09-13T18:00,gangavaram_in,Gangavaram,India,destination,17.6231,83.2749,marine,0.92,161.0,10.15,0.08,1.1,0.7,7.4,2.2,228.0,29.9
2026-09-13T19:00,gangavaram_in,Gangavaram,India,destination,17.6231,83.2749,marine,0.92,161.0,10.1,0.12,1.35,0.7,7.3,2.2,228.0,29.9
2026-09-13T20:00,gangavaram_in,Gangavaram,India,destination,17.6231,83.2749,marine,0.94,160.0,10.05,0.16,1.65,0.68,7.2,2.2,228.0,29.9
2026-09-13T21:00,gangavaram_in,Gangavaram,India,destination,17.6231,83.2749,marine,0.94,160.0,9.9,0.2,1.95,0.68,7.4,2.2,228.0,29.9
2026-09-13T22:00,gangavaram_in,Gangavaram,India,destination,17.6231,83.2749,marine,0.96,157.0,9.65,0.28,2.2,0.64,8.1,2.4,228.0,29.9
2026-09-13T23:00,gangavaram_in,Gangavaram,India,destination,17.6231,83.2749,marine,1.0,154.0,9.25,0.34,2.4,0.62,9.05,2.4,228.0,29.9
2026-09-07T00:00,gopalpur_in,Gopalpur,India,destination,19.2667,84.9167,marine,1.04,171.0,9.5,0.0,0.0,1.02,7.7,0.7,180.0,30.2
2026-09-07T01:00,gopalpur_in,Gopalpur,India,destination,19.2667,84.9167,marine,1.04,171.0,9.6,0.0,0.0,1.02,7.75,0.7,194.0,30.3
2026-09-07T02:00,gopalpur_in,Gopalpur,India,destination,19.2667,84.9167,marine,1.04,171.0,9.75,0.0,0.0,1.04,7.9,0.7,194.0,30.4
2026-09-07T03:00,gopalpur_in,Gopalpur,India,destination,19.2667,84.9167,marine,1.04,171.0,9.85,0.0,0.0,1.04,8.05,0.7,194.0,30.6
2026-09-07T04:00,gopalpur_in,Gopalpur,India,destination,19.2667,84.9167,marine,1.04,171.0,9.95,0.0,0.0,1.04,8.1,0.7,194.0,30.7
2026-09-07T05:00,gopalpur_in,Gopalpur,India,destination,19.2667,84.9167,marine,1.06,172.0,10.0,0.0,0.0,1.04,8.15,0.7,194.0,30.9
2026-09-07T06:00,gopalpur_in,Gopalpur,India,destination,19.2667,84.9167,marine,1.06,172.0,10.0,0.0,0.0,1.04,8.15,0.7,194.0,31.0
2026-09-07T07:00,gopalpur_in,Gopalpur,India,destination,19.2667,84.9167,marine,1.06,172.0,10.0,0.04,0.65,1.04,8.15,0.6,214.0,31.0
2026-09-07T08:00,gopalpur_in,Gopalpur,India,destination,19.2667,84.9167,marine,1.06,172.0,9.95,0.1,1.5,1.04,8.15,0.4,207.0,31.1
2026-09-07T09:00,gopalpur_in,Gopalpur,India,destination,19.2667,84.9167,marine,1.06,172.0,9.85,0.14,2.2,1.04,8.1,0.2,180.0,31.2
2026-09-07T10:00,gopalpur_in,Gopalpur,India,destination,19.2667,84.9167,marine,1.08,172.0,9.65,0.2,2.5,1.04,8.1,0.2,180.0,31.2
2026-09-07T11:00,gopalpur_in,Gopalpur,India,destination,19.2667,84.9167,marine,1.1,172.0,9.4,0.26,2.55,1.04,8.1,0.2,180.0,31.2
2026-09-07T12:00,gopalpur_in,Gopalpur,India,destination,19.2667,84.9167,marine,1.12,172.0,9.2,0.32,2.6,1.04,7.95,0.2,180.0,31.2
2026-09-07T13:00,gopalpur_in,Gopalpur,India,destination,19.2667,84.9167,marine,1.12,173.0,9.05,0.3,2.6,1.04,7.55,0.2,180.0,31.1
2026-09-07T14:00,gopalpur_in,Gopalpur,India,destination,19.2667,84.9167,marine,1.12,173.0,8.95,0.28,2.55,1.02,7.0,0.2,180.0,31.0
2026-09-07T15:00,gopalpur_in,Gopalpur,India,destination,19.2667,84.9167,marine,1.12,174.0,8.85,0.26,2.45,1.02,6.6,0.2,180.0,30.9
2026-09-07T16:00,gopalpur_in,Gopalpur,India,destination,19.2667,84.9167,marine,1.12,174.0,8.85,0.24,2.4,1.0,6.4,0.2,180.0,30.8
2026-09-07T17:00,gopalpur_in,Gopalpur,India,destination,19.2667,84.9167,marine,1.1,174.0,8.85,0.24,2.35,1.0,6.3,0.2,180.0,30.7
2026-09-07T18:00,gopalpur_in,Gopalpur,India,destination,19.2667,84.9167,marine,1.1,174.0,8.9,0.22,2.1,0.98,6.2,0.2,180.0,30.6
2026-09-07T19:00,gopalpur_in,Gopalpur,India,destination,19.2667,84.9167,marine,1.1,174.0,9.0,0.14,1.45,0.98,6.05,0.0,90.0,30.5
2026-09-07T20:00,gopalpur_in,Gopalpur,India,destination,19.2667,84.9167,marine,1.08,173.0,9.1,0.08,0.65,0.96,5.95,0.0,90.0,30.5
2026-09-07T21:00,gopalpur_in,Gopalpur,India,destination,19.2667,84.9167,marine,1.08,173.0,9.2,0.0,0.05,0.96,5.9,0.0,90.0,30.4
2026-09-07T22:00,gopalpur_in,Gopalpur,India,destination,19.2667,84.9167,marine,1.06,173.0,9.35,0.0,0.0,0.96,5.9,0.0,90.0,30.4
2026-09-07T23:00,gopalpur_in,Gopalpur,India,destination,19.2667,84.9167,marine,1.06,172.0,9.5,0.0,0.0,0.94,6.05,0.2,270.0,30.4
2026-09-08T00:00,gopalpur_in,Gopalpur,India,destination,19.2667,84.9167,marine,1.04,172.0,9.65,0.0,0.0,0.94,6.45,0.3,225.0,30.4
2026-09-08T01:00,gopalpur_in,Gopalpur,India,destination,19.2667,84.9167,marine,1.04,172.0,9.75,0.0,0.0,0.92,7.45,0.3,225.0,30.5
2026-09-08T02:00,gopalpur_in,Gopalpur,India,destination,19.2667,84.9167,marine,1.02,172.0,9.9,0.0,0.0,0.9,8.75,0.3,225.0,30.6
2026-09-08T03:00,gopalpur_in,Gopalpur,India,destination,19.2667,84.9167,marine,1.02,172.0,10.0,0.0,0.0,0.88,9.6,0.3,225.0,30.7
2026-09-08T04:00,gopalpur_in,Gopalpur,India,destination,19.2667,84.9167,marine,1.0,172.0,10.15,0.0,0.15,0.92,9.4,0.3,225.0,30.9
2026-09-08T05:00,gopalpur_in,Gopalpur,India,destination,19.2667,84.9167,marine,1.0,172.0,10.25,0.02,0.35,0.94,8.7,0.3,225.0,31.0
2026-09-08T06:00,gopalpur_in,Gopalpur,India,destination,19.2667,84.9167,marine,0.98,172.0,10.35,0.02,0.65,0.98,8.45,0.2,270.0,31.1
2026-09-08T07:00,gopalpur_in,Gopalpur,India,destination,19.2667,84.9167,marine,0.98,172.0,10.4,0.04,1.05,0.9,9.15,0.3,315.0,31.1
2026-09-08T08:00,gopalpur_in,Gopalpur,India,destination,19.2667,84.9167,marine,0.98,172.0,10.4,0.08,1.55,0.84,10.3,0.2,0.0,31.1
2026-09-08T09:00,gopalpur_in,Gopalpur,India,destination,19.2667,84.9167,marine,0.98,172.0,10.35,0.1,1.9,0.76,10.95,0.3,45.0,31.1
2026-09-08T10:00,gopalpur_in,Gopalpur,India,destination,19.2667,84.9167,marine,1.0,172.0,10.15,0.12,2.0,0.74,10.65,0.2,90.0,31.1
2026-09-08T11:00,gopalpur_in,Gopalpur,India,destination,19.2667,84.9167,marine,1.02,172.0,9.85,0.12,2.0,0.72,9.9,0.2,90.0,31.1
2026-09-08T12:00,gopalpur_in,Gopalpur,India,destination,19.2667,84.9167,marine,1.04,172.0,9.6,0.14,1.8,0.7,9.3,0.2,90.0,31.1
2026-09-08T13:00,gopalpur_in,Gopalpur,India,destination,19.2667,84.9167,marine,1.06,172.0,9.5,0.1,1.4,0.7,9.15,0.2,90.0,31.0
2026-09-08T14:00,gopalpur_in,Gopalpur,India,destination,19.2667,84.9167,marine,1.06,173.0,9.4,0.06,0.85,0.72,9.15,0.3,135.0,31.0
2026-09-08T15:00,gopalpur_in,Gopalpur,India,destination,19.2667,84.9167,marine,1.08,173.0,9.4,0.02,0.45,0.72,8.8,0.3,135.0,30.9
2026-09-08T16:00,gopalpur_in,Gopalpur,India,destination,19.2667,84.9167,marine,1.08,172.0,9.4,0.02,0.35,0.74,7.75,0.3,135.0,30.8
2026-09-08T17:00,gopalpur_in,Gopalpur,India,destination,19.2667,84.9167,marine,1.08,172.0,9.45,0.04,0.45,0.78,6.4,0.4,117.0,30.7
2026-09-08T18:00,gopalpur_in,Gopalpur,India,destination,19.2667,84.9167,marine,1.08,171.0,9.5,0.04,0.45,0.8,5.45,0.4,117.0,30.7
2026-09-08T19:00,gopalpur_in,Gopalpur,India,destination,19.2667,84.9167,marine,1.08,171.0,9.55,0.02,0.35,0.78,5.05,0.4,117.0,30.6
2026-09-08T20:00,gopalpur_in,Gopalpur,India,destination,19.2667,84.9167,marine,1.06,170.0,9.6,0.02,0.15,0.76,5.0,0.3,135.0,30.6
2026-09-08T21:00,gopalpur_in,Gopalpur,India,destination,19.2667,84.9167,marine,1.06,170.0,9.7,0.0,0.05,0.74,5.55,0.4,153.0,30.6
2026-09-08T22:00,gopalpur_in,Gopalpur,India,destination,19.2667,84.9167,marine,1.06,170.0,9.8,0.0,0.0,0.72,7.2,0.4,153.0,30.6
2026-09-08T23:00,gopalpur_in,Gopalpur,India,destination,19.2667,84.9167,marine,1.04,169.0,9.95,0.0,0.0,0.72,9.45,0.4,153.0,30.6
2026-09-09T00:00,gopalpur_in,Gopalpur,India,destination,19.2667,84.9167,marine,1.04,169.0,10.05,0.0,0.0,0.7,11.1,0.4,180.0,30.6
2026-09-09T01:00,gopalpur_in,Gopalpur,India,destination,19.2667,84.9167,marine,1.04,169.0,10.1,0.0,0.0,0.7,11.6,0.4,180.0,30.6
2026-09-09T02:00,gopalpur_in,Gopalpur,India,destination,19.2667,84.9167,marine,1.04,169.0,10.15,0.0,0.0,0.72,11.45,0.5,180.0,30.7
2026-09-09T03:00,gopalpur_in,Gopalpur,India,destination,19.2667,84.9167,marine,1.04,169.0,10.15,0.0,0.0,0.72,11.25,0.6,198.0,30.7
2026-09-09T04:00,gopalpur_in,Gopalpur,India,destination,19.2667,84.9167,marine,1.04,169.0,10.2,0.0,0.0,0.72,11.15,0.6,198.0,30.8
2026-09-09T05:00,gopalpur_in,Gopalpur,India,destination,19.2667,84.9167,marine,1.02,170.0,10.2,0.0,0.0,0.72,10.9,0.6,198.0,30.9
2026-09-09T06:00,gopalpur_in,Gopalpur,India,destination,19.2667,84.9167,marine,1.02,170.0,10.25,0.0,0.0,0.72,10.55,0.6,214.0,30.9
2026-09-09T07:00,gopalpur_in,Gopalpur,India,destination,19.2667,84.9167,marine,1.02,170.0,10.25,0.0,0.0,0.82,9.85,0.5,225.0,31.0
2026-09-09T08:00,gopalpur_in,Gopalpur,India,destination,19.2667,84.9167,marine,1.02,170.0,10.3,0.0,0.0,0.9,9.0,0.6,252.0,31.1
2026-09-09T09:00,gopalpur_in,Gopalpur,India,destination,19.2667,84.9167,marine,1.02,170.0,10.3,0.0,0.0,1.0,8.4,0.5,270.0,31.2
2026-09-09T10:00,gopalpur_in,Gopalpur,India,destination,19.2667,84.9167,marine,1.02,170.0,10.3,0.0,0.0,1.0,8.25,0.4,297.0,31.3
2026-09-09T11:00,gopalpur_in,Gopalpur,India,destination,19.2667,84.9167,marine,1.02,170.0,10.3,0.0,0.0,0.98,8.3,0.3,315.0,31.3
2026-09-09T12:00,gopalpur_in,Gopalpur,India,destination,19.2667,84.9167,marine,1.02,170.0,10.3,0.0,0.0,0.98,8.4,0.3,315.0,31.3
2026-09-09T13:00,gopalpur_in,Gopalpur,India,destination,19.2667,84.9167,marine,1.0,170.0,10.3,0.0,0.0,0.98,8.4,0.3,315.0,31.3
2026-09-09T14:00,gopalpur_in,Gopalpur,India,destination,19.2667,84.9167,marine,1.0,170.0,10.35,0.0,0.0,0.98,8.4,0.3,315.0,31.2
2026-09-09T15:00,gopalpur_in,Gopalpur,India,destination,19.2667,84.9167,marine,0.98,170.0,10.35,0.0,0.05,0.98,8.35,0.3,315.0,31.1
2026-09-09T16:00,gopalpur_in,Gopalpur,India,destination,19.2667,84.9167,marine,0.98,170.0,10.35,0.0,0.2,0.98,8.3,0.3,315.0,31.0
2026-09-09T17:00,gopalpur_in,Gopalpur,India,destination,19.2667,84.9167,marine,1.0,169.0,10.3,0.02,0.4,0.96,8.2,0.2,0.0,30.9
2026-09-09T18:00,gopalpur_in,Gopalpur,India,destination,19.2667,84.9167,marine,1.0,169.0,10.3,0.02,0.55,0.96,8.15,0.2,0.0,30.8
2026-09-09T19:00,gopalpur_in,Gopalpur,India,destination,19.2667,84.9167,marine,1.0,169.0,10.3,0.02,0.6,0.96,8.15,0.2,0.0,30.8
2026-09-09T20:00,gopalpur_in,Gopalpur,India,destination,19.2667,84.9167,marine,1.02,169.0,10.25,0.0,0.65,0.98,8.15,0.2,0.0,30.7
2026-09-09T21:00,gopalpur_in,Gopalpur,India,destination,19.2667,84.9167,marine,1.02,169.0,10.25,0.0,0.6,0.98,8.35,0.2,0.0,30.6
2026-09-09T22:00,gopalpur_in,Gopalpur,India,destination,19.2667,84.9167,marine,1.02,169.0,10.25,0.0,0.45,0.94,8.85,0.0,90.0,30.6
2026-09-09T23:00,gopalpur_in,Gopalpur,India,destination,19.2667,84.9167,marine,1.02,169.0,10.25,0.0,0.2,0.92,9.55,0.0,90.0,30.5
2026-09-10T00:00,gopalpur_in,Gopalpur,India,destination,19.2667,84.9167,marine,1.02,169.0,10.25,0.0,0.0,0.88,10.05,0.2,180.0,30.5
2026-09-10T01:00,gopalpur_in,Gopalpur,India,destination,19.2667,84.9167,marine,1.02,169.0,10.25,0.0,0.0,0.88,10.2,0.2,180.0,30.5
2026-09-10T02:00,gopalpur_in,Gopalpur,India,destination,19.2667,84.9167,marine,1.04,169.0,10.2,0.0,0.0,0.9,10.2,0.2,180.0,30.6
2026-09-10T03:00,gopalpur_in,Gopalpur,India,destination,19.2667,84.9167,marine,1.04,169.0,10.2,0.0,0.0,0.9,10.0,0.2,180.0,30.6
2026-09-10T04:00,gopalpur_in,Gopalpur,India,destination,19.2667,84.9167,marine,1.04,169.0,10.2,0.0,0.0,0.94,9.5,0.3,225.0,30.7
2026-09-10T05:00,gopalpur_in,Gopalpur,India,destination,19.2667,84.9167,marine,1.04,168.0,10.2,0.0,0.0,0.98,8.85,0.4,207.0,30.7
2026-09-10T06:00,gopalpur_in,Gopalpur,India,destination,19.2667,84.9167,marine,1.04,168.0,10.2,0.0,0.0,1.02,8.3,0.4,207.0,30.7
2026-09-10T07:00,gopalpur_in,Gopalpur,India,destination,19.2667,84.9167,marine,1.04,168.0,10.2,0.0,0.0,1.0,8.05,0.3,225.0,30.7
2026-09-10T08:00,gopalpur_in,Gopalpur,India,destination,19.2667,84.9167,marine,1.02,168.0,10.25,0.0,0.0,1.0,7.9,0.4,243.0,30.7
2026-09-10T09:00,gopalpur_in,Gopalpur,India,destination,19.2667,84.9167,marine,1.02,168.0,10.25,0.0,0.0,0.98,7.75,0.4,270.0,30.7
2026-09-10T10:00,gopalpur_in,Gopalpur,India,destination,19.2667,84.9167,marine,1.02,168.0,10.25,0.0,0.0,0.96,7.6,0.4,297.0,30.6
2026-09-10T11:00,gopalpur_in,Gopalpur,India,destination,19.2667,84.9167,marine,1.0,169.0,10.3,0.0,0.0,0.94,7.45,0.4,297.0,30.6
2026-09-10T12:00,gopalpur_in,Gopalpur,India,destination,19.2667,84.9167,marine,1.0,169.0,10.3,0.0,0.0,0.92,7.35,0.4,297.0,30.5
2026-09-10T13:00,gopalpur_in,Gopalpur,India,destination,19.2667,84.9167,marine,1.0,169.0,10.35,0.0,0.0,0.9,7.25,0.3,315.0,30.5
2026-09-10T14:00,gopalpur_in,Gopalpur,India,destination,19.2667,84.9167,marine,0.98,169.0,10.35,0.0,0.0,0.9,7.15,0.3,315.0,30.4
2026-09-10T15:00,gopalpur_in,Gopalpur,India,destination,19.2667,84.9167,marine,0.98,169.0,10.4,0.0,0.0,0.88,7.15,0.3,315.0,30.4
2026-09-10T16:00,gopalpur_in,Gopalpur,India,destination,19.2667,84.9167,marine,0.98,169.0,10.45,0.0,0.0,0.88,7.25,0.0,90.0,30.3
2026-09-10T17:00,gopalpur_in,Gopalpur,India,destination,19.2667,84.9167,marine,0.98,168.0,10.5,0.0,0.0,0.86,7.45,0.0,90.0,30.3
2026-09-10T18:00,gopalpur_in,Gopalpur,India,destination,19.2667,84.9167,marine,0.98,168.0,10.55,0.0,0.0,0.86,7.7,0.0,90.0,30.2
2026-09-10T19:00,gopalpur_in,Gopalpur,India,destination,19.2667,84.9167,marine,0.98,168.0,10.55,0.0,0.4,0.88,8.05,0.2,180.0,30.2
2026-09-10T20:00,gopalpur_in,Gopalpur,India,destination,19.2667,84.9167,marine,0.98,168.0,10.6,0.02,0.9,0.92,8.45,0.3,135.0,30.1
2026-09-10T21:00,gopalpur_in,Gopalpur,India,destination,19.2667,84.9167,marine,0.98,168.0,10.6,0.02,1.3,0.94,8.75,0.4,153.0,30.1
2026-09-10T22:00,gopalpur_in,Gopalpur,India,destination,19.2667,84.9167,marine,0.98,168.0,10.6,0.02,1.4,0.94,8.8,0.6,162.0,30.0
2026-09-10T23:00,gopalpur_in,Gopalpur,India,destination,19.2667,84.9167,marine,0.98,168.0,10.65,0.02,1.35,0.94,8.7,0.5,180.0,30.0
2026-09-11T00:00,gopalpur_in,Gopalpur,India,destination,19.2667,84.9167,marine,0.98,168.0,10.65,0.02,1.3,0.94,8.7,0.5,180.0,30.0
2026-09-11T01:00,gopalpur_in,Gopalpur,India,destination,19.2667,84.9167,marine,0.98,168.0,10.65,0.02,1.3,0.94,8.8,0.7,180.0,30.1
2026-09-11T02:00,gopalpur_in,Gopalpur,India,destination,19.2667,84.9167,marine,0.98,168.0,10.7,0.04,1.3,0.96,8.95,0.7,194.0,30.1
2026-09-11T03:00,gopalpur_in,Gopalpur,India,destination,19.2667,84.9167,marine,0.98,168.0,10.7,0.04,1.3,0.96,9.1,0.9,191.0,30.2
2026-09-11T04:00,gopalpur_in,Gopalpur,India,destination,19.2667,84.9167,marine,0.98,168.0,10.7,0.06,1.3,0.96,9.15,1.0,202.0,30.3
2026-09-11T05:00,gopalpur_in,Gopalpur,India,destination,19.2667,84.9167,marine,0.98,168.0,10.7,0.08,1.35,0.96,9.2,1.0,211.0,30.3
2026-09-11T06:00,gopalpur_in,Gopalpur,India,destination,19.2667,84.9167,marine,0.98,168.0,10.7,0.1,1.4,0.96,9.25,1.0,211.0,30.4
2026-09-11T07:00,gopalpur_in,Gopalpur,India,destination,19.2667,84.9167,marine,0.98,168.0,10.7,0.08,1.55,0.96,9.25,1.0,225.0,30.4
2026-09-11T08:00,gopalpur_in,Gopalpur,India,destination,19.2667,84.9167,marine,0.98,168.0,10.65,0.06,1.65,0.98,9.25,0.9,233.0,30.5
2026-09-11T09:00,gopalpur_in,Gopalpur,India,destination,19.2667,84.9167,marine,0.98,168.0,10.65,0.04,1.6,0.98,9.25,1.0,248.0,30.5
2026-09-11T10:00,gopalpur_in,Gopalpur,India,destination,19.2667,84.9167,marine,0.98,168.0,10.65,0.02,1.15,0.98,9.2,1.0,248.0,30.5
2026-09-11T11:00,gopalpur_in,Gopalpur,India,destination,19.2667,84.9167,marine,0.98,167.0,10.65,0.02,0.5,0.96,9.15,0.9,259.0,30.5
2026-09-11T12:00,gopalpur_in,Gopalpur,India,destination,19.2667,84.9167,marine,0.98,167.0,10.65,0.0,0.0,0.96,9.1,0.9,259.0,30.5
2026-09-11T13:00,gopalpur_in,Gopalpur,India,destination,19.2667,84.9167,marine,0.98,167.0,10.7,0.0,0.0,0.96,9.15,0.7,256.0,30.5
2026-09-11T14:00,gopalpur_in,Gopalpur,India,destination,19.2667,84.9167,marine,0.98,167.0,10.7,0.0,0.0,0.96,9.2,0.7,256.0,30.5
2026-09-11T15:00,gopalpur_in,Gopalpur,India,destination,19.2667,84.9167,marine,0.98,167.0,10.75,0.0,0.0,0.96,9.25,0.7,256.0,30.4
2026-09-11T16:00,gopalpur_in,Gopalpur,India,destination,19.2667,84.9167,marine,0.98,167.0,10.8,0.0,0.0,0.96,9.3,0.7,256.0,30.4
2026-09-11T17:00,gopalpur_in,Gopalpur,India,destination,19.2667,84.9167,marine,0.96,167.0,10.8,0.0,0.0,0.94,9.35,0.7,270.0,30.4
2026-09-11T18:00,gopalpur_in,Gopalpur,India,destination,19.2667,84.9167,marine,0.96,167.0,10.85,0.0,0.0,0.94,9.35,0.5,270.0,30.3
2026-09-11T19:00,gopalpur_in,Gopalpur,India,destination,19.2667,84.9167,marine,0.96,167.0,10.85,0.0,0.0,0.94,9.35,0.6,252.0,30.3
2026-09-11T20:00,gopalpur_in,Gopalpur,India,destination,19.2667,84.9167,marine,0.96,166.0,10.9,0.0,0.0,0.94,9.35,0.6,252.0,30.3
2026-09-11T21:00,gopalpur_in,Gopalpur,India,destination,19.2667,84.9167,marine,0.96,166.0,10.9,0.0,0.0,0.94,9.35,0.6,252.0,30.2
2026-09-11T22:00,gopalpur_in,Gopalpur,India,destination,19.2667,84.9167,marine,0.96,166.0,10.95,0.0,0.45,0.94,9.4,0.6,252.0,30.2
2026-09-11T23:00,gopalpur_in,Gopalpur,India,destination,19.2667,84.9167,marine,0.94,166.0,11.0,0.02,1.0,0.92,9.4,0.4,243.0,30.2
2026-09-12T00:00,gopalpur_in,Gopalpur,India,destination,19.2667,84.9167,marine,0.94,166.0,11.05,0.02,1.3,0.92,9.45,0.5,225.0,30.2
2026-09-12T01:00,gopalpur_in,Gopalpur,India,destination,19.2667,84.9167,marine,0.94,166.0,11.05,0.02,1.0,0.92,9.45,0.6,236.0,30.2
2026-09-12T02:00,gopalpur_in,Gopalpur,India,destination,19.2667,84.9167,marine,0.94,167.0,11.05,0.0,0.45,0.92,9.45,0.8,225.0,30.2
2026-09-12T03:00,gopalpur_in,Gopalpur,India,destination,19.2667,84.9167,marine,0.94,167.0,11.05,0.0,0.15,0.92,9.45,0.8,225.0,30.2
2026-09-12T04:00,gopalpur_in,Gopalpur,India,destination,19.2667,84.9167,marine,0.94,167.0,11.15,0.02,0.4,0.9,9.4,1.0,225.0,30.3
2026-09-12T05:00,gopalpur_in,Gopalpur,India,destination,19.2667,84.9167,marine,0.94,167.0,11.25,0.02,0.95,0.9,9.3,1.0,225.0,30.3
2026-09-12T06:00,gopalpur_in,Gopalpur,India,destination,19.2667,84.9167,marine,0.94,167.0,11.35,0.04,1.35,0.88,9.25,1.0,225.0,30.3
2026-09-12T07:00,gopalpur_in,Gopalpur,India,destination,19.2667,84.9167,marine,0.94,167.0,11.35,0.08,1.55,0.88,9.2,1.0,225.0,30.4
2026-09-12T08:00,gopalpur_in,Gopalpur,India,destination,19.2667,84.9167,marine,0.96,166.0,11.3,0.12,1.65,0.88,9.2,1.2,231.0,30.4
2026-09-12T09:00,gopalpur_in,Gopalpur,India,destination,19.2667,84.9167,marine,0.96,166.0,11.25,0.16,1.7,0.88,9.2,1.2,231.0,30.4
2026-09-12T10:00,gopalpur_in,Gopalpur,India,destination,19.2667,84.9167,marine,0.96,166.0,11.2,0.16,1.8,0.9,9.15,1.0,225.0,30.4
2026-09-12T11:00,gopalpur_in,Gopalpur,India,destination,19.2667,84.9167,marine,0.98,165.0,11.2,0.14,1.8,0.9,9.1,1.0,225.0,30.5
2026-09-12T12:00,gopalpur_in,Gopalpur,India,destination,19.2667,84.9167,marine,0.98,165.0,11.15,0.14,1.7,0.92,9.25,1.0,225.0,30.5
2026-09-12T13:00,gopalpur_in,Gopalpur,India,destination,19.2667,84.9167,marine,1.0,165.0,11.15,0.1,1.3,0.84,9.65,1.0,225.0,30.5
2026-09-12T14:00,gopalpur_in,Gopalpur,India,destination,19.2667,84.9167,marine,1.0,165.0,11.15,0.06,0.8,0.78,10.25,1.0,225.0,30.4
2026-09-12T15:00,gopalpur_in,Gopalpur,India,destination,19.2667,84.9167,marine,1.02,165.0,11.15,0.02,0.35,0.7,10.8,1.0,225.0,30.4
2026-09-12T16:00,gopalpur_in,Gopalpur,India,destination,19.2667,84.9167,marine,1.02,165.0,11.15,0.02,0.1,0.64,11.25,1.0,225.0,30.4
2026-09-12T17:00,gopalpur_in,Gopalpur,India,destination,19.2667,84.9167,marine,1.02,166.0,11.2,0.0,0.0,0.58,11.65,1.0,225.0,30.4
2026-09-12T18:00,gopalpur_in,Gopalpur,India,destination,19.2667,84.9167,marine,1.02,166.0,11.2,0.0,0.0,0.52,11.95,1.0,225.0,30.3
2026-09-12T19:00,gopalpur_in,Gopalpur,India,destination,19.2667,84.9167,marine,1.02,166.0,11.2,0.02,0.4,0.5,12.15,1.0,225.0,30.3
2026-09-12T20:00,gopalpur_in,Gopalpur,India,destination,19.2667,84.9167,marine,1.04,166.0,11.2,0.02,1.0,0.5,12.2,1.0,225.0,30.3
2026-09-12T21:00,gopalpur_in,Gopalpur,India,destination,19.2667,84.9167,marine,1.04,166.0,11.2,0.04,1.35,0.48,12.2,1.0,225.0,30.2
2026-09-12T22:00,gopalpur_in,Gopalpur,India,destination,19.2667,84.9167,marine,1.04,166.0,11.2,0.04,1.2,0.46,12.15,1.0,225.0,30.2
2026-09-12T23:00,gopalpur_in,Gopalpur,India,destination,19.2667,84.9167,marine,1.04,166.0,11.25,0.02,0.8,0.46,12.05,1.0,225.0,30.2
2026-09-13T00:00,gopalpur_in,Gopalpur,India,destination,19.2667,84.9167,marine,1.04,166.0,11.25,0.02,0.6,0.44,11.75,1.0,225.0,30.2
2026-09-13T01:00,gopalpur_in,Gopalpur,India,destination,19.2667,84.9167,marine,1.04,166.0,11.2,0.06,0.85,0.54,11.25,1.2,231.0,30.2
2026-09-13T02:00,gopalpur_in,Gopalpur,India,destination,19.2667,84.9167,marine,1.06,165.0,11.15,0.12,1.35,0.64,10.6,1.2,231.0,30.2
2026-09-13T03:00,gopalpur_in,Gopalpur,India,destination,19.2667,84.9167,marine,1.06,165.0,11.05,0.16,1.8,0.74,9.95,1.3,236.0,30.2
2026-09-13T04:00,gopalpur_in,Gopalpur,India,destination,19.2667,84.9167,marine,1.08,163.0,10.85,0.24,2.1,0.76,9.2,1.3,236.0,30.2
2026-09-13T05:00,gopalpur_in,Gopalpur,India,destination,19.2667,84.9167,marine,1.12,160.0,10.55,0.34,2.35,0.76,8.4,1.3,236.0,30.2
2026-09-13T06:00,gopalpur_in,Gopalpur,India,destination,19.2667,84.9167,marine,1.14,158.0,10.3,0.42,2.55,0.78,8.0,1.3,236.0,30.2
2026-09-13T07:00,gopalpur_in,Gopalpur,India,destination,19.2667,84.9167,marine,1.16,155.0,10.1,0.44,2.7,0.78,8.25,1.3,236.0,30.2
2026-09-13T08:00,gopalpur_in,Gopalpur,India,destination,19.2667,84.9167,marine,1.18,153.0,9.9,0.48,2.75,0.78,8.85,1.5,240.0,30.2
2026-09-13T09:00,gopalpur_in,Gopalpur,India,destination,19.2667,84.9167,marine,1.2,150.0,9.7,0.5,2.8,0.78,9.25,1.5,240.0,30.3
2026-09-13T10:00,gopalpur_in,Gopalpur,India,destination,19.2667,84.9167,marine,1.22,148.0,9.55,0.52,2.85,0.8,9.15,1.4,247.0,30.3
2026-09-13T11:00,gopalpur_in,Gopalpur,India,destination,19.2667,84.9167,marine,1.24,146.0,9.45,0.54,2.9,0.82,8.85,1.4,247.0,30.3
2026-09-13T12:00,gopalpur_in,Gopalpur,India,destination,19.2667,84.9167,marine,1.26,144.0,9.35,0.56,2.9,0.84,8.75,1.4,247.0,30.3
2026-09-13T13:00,gopalpur_in,Gopalpur,India,destination,19.2667,84.9167,marine,1.28,143.0,9.3,0.5,2.75,0.8,9.15,1.4,247.0,30.3
2026-09-13T14:00,gopalpur_in,Gopalpur,India,destination,19.2667,84.9167,marine,1.28,143.0,9.3,0.42,2.55,0.76,9.75,1.3,236.0,30.2
2026-09-13T15:00,gopalpur_in,Gopalpur,India,destination,19.2667,84.9167,marine,1.3,142.0,9.35,0.36,2.35,0.72,10.1,1.3,236.0,30.2
2026-09-13T16:00,gopalpur_in,Gopalpur,India,destination,19.2667,84.9167,marine,1.3,143.0,9.4,0.3,2.1,0.74,9.8,1.3,236.0,30.2
2026-09-13T17:00,gopalpur_in,Gopalpur,India,destination,19.2667,84.9167,marine,1.3,143.0,9.5,0.24,1.85,0.74,9.25,1.3,236.0,30.1
2026-09-13T18:00,gopalpur_in,Gopalpur,India,destination,19.2667,84.9167,marine,1.3,144.0,9.55,0.18,1.7,0.76,9.2,1.3,236.0,30.1
2026-09-13T19:00,gopalpur_in,Gopalpur,India,destination,19.2667,84.9167,marine,1.3,144.0,9.6,0.22,1.8,0.76,10.3,1.3,236.0,30.1
2026-09-13T20:00,gopalpur_in,Gopalpur,India,destination,19.2667,84.9167,marine,1.3,145.0,9.6,0.26,2.05,0.74,11.95,1.2,231.0,30.1
2026-09-13T21:00,gopalpur_in,Gopalpur,India,destination,19.2667,84.9167,marine,1.3,145.0,9.55,0.3,2.25,0.74,13.1,1.2,231.0,30.1
2026-09-13T22:00,gopalpur_in,Gopalpur,India,destination,19.2667,84.9167,marine,1.32,144.0,9.45,0.34,2.35,0.74,13.35,1.2,231.0,30.1
2026-09-13T23:00,gopalpur_in,Gopalpur,India,destination,19.2667,84.9167,marine,1.34,143.0,9.3,0.38,2.45,0.76,13.1,1.2,231.0,30.0
2026-09-07T00:00,haldia_in,Haldia,India,destination,22.0257,88.0583,marine,0.32,194.0,5.3,0.0,0.0,0.26,2.75,0.2,180.0,31.4
2026-09-07T01:00,haldia_in,Haldia,India,destination,22.0257,88.0583,marine,0.32,194.0,5.35,0.0,0.0,0.24,2.75,0.2,180.0,31.4
2026-09-07T02:00,haldia_in,Haldia,India,destination,22.0257,88.0583,marine,0.3,194.0,5.4,0.0,0.0,0.24,2.8,0.0,90.0,31.5
2026-09-07T03:00,haldia_in,Haldia,India,destination,22.0257,88.0583,marine,0.3,194.0,5.5,0.0,0.0,0.22,3.1,0.0,90.0,31.5
2026-09-07T04:00,haldia_in,Haldia,India,destination,22.0257,88.0583,marine,0.28,194.0,5.6,0.02,0.45,0.22,3.85,0.0,90.0,31.6
2026-09-07T05:00,haldia_in,Haldia,India,destination,22.0257,88.0583,marine,0.28,193.0,5.75,0.02,1.05,0.2,4.9,0.0,90.0,31.6
2026-09-07T06:00,haldia_in,Haldia,India,destination,22.0257,88.0583,marine,0.26,193.0,5.9,0.04,1.45,0.2,5.7,0.0,90.0,31.6
2026-09-07T07:00,haldia_in,Haldia,India,destination,22.0257,88.0583,marine,0.26,192.0,6.05,0.04,1.55,0.2,6.15,0.0,90.0,31.6
2026-09-07T08:00,haldia_in,Haldia,India,destination,22.0257,88.0583,marine,0.26,192.0,6.2,0.02,1.45,0.22,6.45,0.2,0.0,31.6
2026-09-07T09:00,haldia_in,Haldia,India,destination,22.0257,88.0583,marine,0.26,191.0,6.35,0.02,1.25,0.22,6.6,0.3,45.0,31.6
2026-09-07T10:00,haldia_in,Haldia,India,destination,22.0257,88.0583,marine,0.24,191.0,6.5,0.02,0.85,0.22,6.6,0.2,90.0,31.6
2026-09-07T11:00,haldia_in,Haldia,India,destination,22.0257,88.0583,marine,0.24,190.0,6.65,0.0,0.35,0.22,6.45,0.0,90.0,31.6
2026-09-07T12:00,haldia_in,Haldia,India,destination,22.0257,88.0583,marine,0.22,190.0,6.75,0.0,0.0,0.22,6.35,0.2,180.0,31.6
2026-09-07T13:00,haldia_in,Haldia,India,destination,22.0257,88.0583,marine,0.22,190.0,6.85,0.0,0.0,0.22,6.25,0.2,180.0,31.6
2026-09-07T14:00,haldia_in,Haldia,India,destination,22.0257,88.0583,marine,0.22,189.0,6.9,0.0,0.0,0.2,6.2,0.2,180.0,31.6
2026-09-07T15:00,haldia_in,Haldia,India,destination,22.0257,88.0583,marine,0.22,189.0,7.0,0.0,0.0,0.2,6.15,0.0,90.0,31.6
2026-09-07T16:00,haldia_in,Haldia,India,destination,22.0257,88.0583,marine,0.22,189.0,7.1,0.0,0.0,0.2,6.15,0.0,90.0,31.6
2026-09-07T17:00,haldia_in,Haldia,India,destination,22.0257,88.0583,marine,0.22,188.0,7.2,0.0,0.0,0.2,6.15,0.0,90.0,31.5
2026-09-07T18:00,haldia_in,Haldia,India,destination,22.0257,88.0583,marine,0.22,188.0,7.25,0.0,0.0,0.2,6.15,0.3,45.0,31.5
2026-09-07T19:00,haldia_in,Haldia,India,destination,22.0257,88.0583,marine,0.22,188.0,7.3,0.0,0.0,0.2,6.1,0.3,45.0,31.5
2026-09-07T20:00,haldia_in,Haldia,India,destination,22.0257,88.0583,marine,0.22,188.0,7.3,0.0,0.0,0.2,6.0,0.0,90.0,31.5
2026-09-07T21:00,haldia_in,Haldia,India,destination,22.0257,88.0583,marine,0.22,188.0,7.25,0.0,0.0,0.2,6.0,0.0,90.0,31.4
2026-09-07T22:00,haldia_in,Haldia,India,destination,22.0257,88.0583,marine,0.22,189.0,7.15,0.0,0.0,0.2,6.15,0.2,180.0,31.4
2026-09-07T23:00,haldia_in,Haldia,India,destination,22.0257,88.0583,marine,0.22,189.0,7.0,0.0,0.0,0.2,6.35,0.2,180.0,31.4
2026-09-08T00:00,haldia_in,Haldia,India,destination,22.0257,88.0583,marine,0.22,190.0,6.9,0.0,0.0,0.2,6.5,0.2,180.0,31.4
2026-09-08T01:00,haldia_in,Haldia,India,destination,22.0257,88.0583,marine,0.22,190.0,6.8,0.0,0.0,0.2,6.6,0.2,180.0,31.4
2026-09-08T02:00,haldia_in,Haldia,India,destination,22.0257,88.0583,marine,0.22,191.0,6.7,0.0,0.0,0.18,6.7,0.0,90.0,31.5
2026-09-08T03:00,haldia_in,Haldia,India,destination,22.0257,88.0583,marine,0.22,191.0,6.65,0.0,0.0,0.18,6.65,0.0,90.0,31.5
2026-09-08T04:00,haldia_in,Haldia,India,destination,22.0257,88.0583,marine,0.22,191.0,6.65,0.0,0.0,0.18,6.45,0.0,90.0,31.6
2026-09-08T05:00,haldia_in,Haldia,India,destination,22.0257,88.0583,marine,0.22,191.0,6.65,0.0,0.0,0.18,6.15,0.0,90.0,31.6
2026-09-08T06:00,haldia_in,Haldia,India,destination,22.0257,88.0583,marine,0.22,191.0,6.65,0.0,0.0,0.18,5.8,0.2,0.0,31.7
2026-09-08T07:00,haldia_in,Haldia,India,destination,22.0257,88.0583,marine,0.22,191.0,6.7,0.02,0.5,0.18,5.35,0.2,0.0,31.7
2026-09-08T08:00,haldia_in,Haldia,India,destination,22.0257,88.0583,marine,0.22,191.0,6.7,0.02,1.2,0.16,4.9,0.2,0.0,31.7
2026-09-08T09:00,haldia_in,Haldia,India,destination,22.0257,88.0583,marine,0.22,191.0,6.7,0.04,1.65,0.16,4.6,0.2,0.0,31.7
2026-09-08T10:00,haldia_in,Haldia,India,destination,22.0257,88.0583,marine,0.22,192.0,6.55,0.04,1.65,0.16,4.6,0.0,90.0,31.7
2026-09-08T11:00,haldia_in,Haldia,India,destination,22.0257,88.0583,marine,0.22,192.0,6.35,0.02,1.35,0.16,4.75,0.0,90.0,31.6
2026-09-08T12:00,haldia_in,Haldia,India,destination,22.0257,88.0583,marine,0.22,193.0,6.2,0.02,1.05,0.16,4.95,0.0,90.0,31.6
2026-09-08T13:00,haldia_in,Haldia,India,destination,22.0257,88.0583,marine,0.22,194.0,6.1,0.02,0.7,0.16,5.3,0.0,90.0,31.6
2026-09-08T14:00,haldia_in,Haldia,India,destination,22.0257,88.0583,marine,0.24,194.0,6.05,0.0,0.3,0.14,5.7,0.0,90.0,31.6
2026-09-08T15:00,haldia_in,Haldia,India,destination,22.0257,88.0583,marine,0.24,195.0,6.0,0.0,0.0,0.14,5.95,0.0,90.0,31.6
2026-09-08T16:00,haldia_in,Haldia,India,destination,22.0257,88.0583,marine,0.24,195.0,6.0,0.0,0.0,0.14,5.9,0.0,90.0,31.6
2026-09-08T17:00,haldia_in,Haldia,India,destination,22.0257,88.0583,marine,0.24,194.0,6.05,0.0,0.0,0.14,5.7,0.2,0.0,31.5
2026-09-08T18:00,haldia_in,Haldia,India,destination,22.0257,88.0583,marine,0.24,194.0,6.15,0.0,0.0,0.14,5.5,0.2,0.0,31.5
2026-09-08T19:00,haldia_in,Haldia,India,destination,22.0257,88.0583,marine,0.24,193.0,6.3,0.0,0.0,0.14,5.45,0.0,90.0,31.5
2026-09-08T20:00,haldia_in,Haldia,India,destination,22.0257,88.0583,marine,0.22,192.0,6.5,0.0,0.0,0.16,5.4,0.0,90.0,31.5
2026-09-08T21:00,haldia_in,Haldia,India,destination,22.0257,88.0583,marine,0.22,191.0,6.65,0.0,0.0,0.16,5.4,0.0,90.0,31.5
2026-09-08T22:00,haldia_in,Haldia,India,destination,22.0257,88.0583,marine,0.22,191.0,6.75,0.0,0.0,0.16,5.35,0.0,90.0,31.4
2026-09-08T23:00,haldia_in,Haldia,India,destination,22.0257,88.0583,marine,0.22,190.0,6.8,0.0,0.0,0.18,5.35,0.3,225.0,31.4
2026-09-09T00:00,haldia_in,Haldia,India,destination,22.0257,88.0583,marine,0.22,190.0,6.85,0.0,0.0,0.18,5.3,0.2,180.0,31.4
2026-09-09T01:00,haldia_in,Haldia,India,destination,22.0257,88.0583,marine,0.22,190.0,6.9,0.0,0.0,0.18,5.25,0.2,180.0,31.4
2026-09-09T02:00,haldia_in,Haldia,India,destination,22.0257,88.0583,marine,0.22,190.0,6.9,0.0,0.0,0.2,5.25,0.2,180.0,31.5
2026-09-09T03:00,haldia_in,Haldia,India,destination,22.0257,88.0583,marine,0.22,190.0,6.9,0.0,0.0,0.2,5.2,0.0,90.0,31.5
2026-09-09T04:00,haldia_in,Haldia,India,destination,22.0257,88.0583,marine,0.22,190.0,6.95,0.0,0.0,0.2,5.15,0.0,90.0,31.6
2026-09-09T05:00,haldia_in,Haldia,India,destination,22.0257,88.0583,marine,0.22,189.0,6.95,0.0,0.0,0.2,5.15,0.2,270.0,31.6
2026-09-09T06:00,haldia_in,Haldia,India,destination,22.0257,88.0583,marine,0.22,189.0,7.0,0.0,0.0,0.2,5.15,0.2,270.0,31.7
2026-09-09T07:00,haldia_in,Haldia,India,destination,22.0257,88.0583,marine,0.22,189.0,7.05,0.0,0.0,0.2,5.2,0.2,270.0,31.7
2026-09-09T08:00,haldia_in,Haldia,India,destination,22.0257,88.0583,marine,0.22,189.0,7.1,0.0,0.0,0.2,5.3,0.2,270.0,31.7
2026-09-09T09:00,haldia_in,Haldia,India,destination,22.0257,88.0583,marine,0.22,189.0,7.15,0.0,0.0,0.2,5.35,0.2,270.0,31.7
2026-09-09T10:00,haldia_in,Haldia,India,destination,22.0257,88.0583,marine,0.22,189.0,7.2,0.02,0.5,0.2,5.35,0.0,90.0,31.7
2026-09-09T11:00,haldia_in,Haldia,India,destination,22.0257,88.0583,marine,0.22,189.0,7.3,0.02,1.2,0.18,5.35,0.0,90.0,31.7
2026-09-09T12:00,haldia_in,Haldia,India,destination,22.0257,88.0583,marine,0.22,189.0,7.3,0.04,1.55,0.18,5.35,0.0,90.0,31.7
2026-09-09T13:00,haldia_in,Haldia,India,destination,22.0257,88.0583,marine,0.22,189.0,7.25,0.02,1.2,0.18,5.4,0.0,90.0,31.7
2026-09-09T14:00,haldia_in,Haldia,India,destination,22.0257,88.0583,marine,0.22,189.0,7.15,0.02,0.5,0.18,5.55,0.0,90.0,31.7
2026-09-09T15:00,haldia_in,Haldia,India,destination,22.0257,88.0583,marine,0.22,189.0,7.05,0.0,0.0,0.18,5.6,0.0,90.0,31.7
2026-09-09T16:00,haldia_in,Haldia,India,destination,22.0257,88.0583,marine,0.22,189.0,7.05,0.0,0.0,0.18,5.6,0.0,90.0,31.7
2026-09-09T17:00,haldia_in,Haldia,India,destination,22.0257,88.0583,marine,0.22,190.0,7.05,0.0,0.0,0.18,5.6,0.0,90.0,31.7
2026-09-09T18:00,haldia_in,Haldia,India,destination,22.0257,88.0583,marine,0.22,190.0,7.1,0.0,0.0,0.18,5.6,0.0,90.0,31.7
2026-09-09T19:00,haldia_in,Haldia,India,destination,22.0257,88.0583,marine,0.22,189.0,7.2,0.0,0.0,0.18,5.6,0.0,90.0,31.7
2026-09-09T20:00,haldia_in,Haldia,India,destination,22.0257,88.0583,marine,0.22,189.0,7.35,0.0,0.0,0.18,5.55,0.0,90.0,31.6
2026-09-09T21:00,haldia_in,Haldia,India,destination,22.0257,88.0583,marine,0.22,188.0,7.45,0.0,0.0,0.18,5.55,0.0,90.0,31.6
2026-09-09T22:00,haldia_in,Haldia,India,destination,22.0257,88.0583,marine,0.22,188.0,7.55,0.0,0.25,0.18,5.55,0.0,90.0,31.6
2026-09-09T23:00,haldia_in,Haldia,India,destination,22.0257,88.0583,marine,0.22,187.0,7.6,0.02,0.55,0.2,5.5,0.3,225.0,31.5
2026-09-10T00:00,haldia_in,Haldia,India,destination,22.0257,88.0583,marine,0.22,187.0,7.65,0.02,0.7,0.2,5.6,0.3,225.0,31.5
2026-09-10T01:00,haldia_in,Haldia,India,destination,22.0257,88.0583,marine,0.22,187.0,7.7,0.02,0.55,0.2,5.9,0.3,225.0,31.5
2026-09-10T02:00,haldia_in,Haldia,India,destination,22.0257,88.0583,marine,0.22,186.0,7.75,0.0,0.25,0.2,6.25,0.2,270.0,31.6
2026-09-10T03:00,haldia_in,Haldia,India,destination,22.0257,88.0583,marine,0.22,186.0,7.8,0.0,0.0,0.2,6.45,0.2,270.0,31.6
2026-09-10T04:00,haldia_in,Haldia,India,destination,22.0257,88.0583,marine,0.22,186.0,7.85,0.0,0.0,0.2,6.25,0.2,270.0,31.7
2026-09-10T05:00,haldia_in,Haldia,India,destination,22.0257,88.0583,marine,0.22,186.0,7.95,0.0,0.0,0.18,5.9,0.2,0.0,31.7
2026-09-10T06:00,haldia_in,Haldia,India,destination,22.0257,88.0583,marine,0.22,186.0,8.0,0.0,0.0,0.18,5.65,0.3,315.0,31.7
2026-09-10T07:00,haldia_in,Haldia,India,destination,22.0257,88.0583,marine,0.22,186.0,8.05,0.0,0.0,0.18,5.7,0.2,270.0,31.7
2026-09-10T08:00,haldia_in,Haldia,India,destination,22.0257,88.0583,marine,0.22,185.0,8.1,0.0,0.0,0.18,5.85,0.2,270.0,31.8
2026-09-10T09:00,haldia_in,Haldia,India,destination,22.0257,88.0583,marine,0.22,185.0,8.1,0.0,0.0,0.18,5.95,0.2,270.0,31.8
2026-09-10T10:00,haldia_in,Haldia,India,destination,22.0257,88.0583,marine,0.22,185.0,8.1,0.02,0.55,0.18,5.95,0.0,90.0,31.8
2026-09-10T11:00,haldia_in,Haldia,India,destination,22.0257,88.0583,marine,0.22,185.0,8.05,0.04,1.3,0.18,5.9,0.0,90.0,31.8
2026-09-10T12:00,haldia_in,Haldia,India,destination,22.0257,88.0583,marine,0.22,185.0,7.85,0.06,1.7,0.18,5.9,0.0,90.0,31.8
2026-09-10T13:00,haldia_in,Haldia,India,destination,22.0257,88.0583,marine,0.24,185.0,7.35,0.04,1.3,0.18,5.95,0.0,90.0,31.8
2026-09-10T14:00,haldia_in,Haldia,India,destination,22.0257,88.0583,marine,0.24,184.0,6.75,0.02,0.55,0.18,6.0,0.0,90.0,31.7
2026-09-10T15:00,haldia_in,Haldia,India,destination,22.0257,88.0583,marine,0.26,184.0,6.35,0.0,0.0,0.18,6.1,0.0,90.0,31.7
2026-09-10T16:00,haldia_in,Haldia,India,destination,22.0257,88.0583,marine,0.26,184.0,6.4,0.0,0.0,0.18,6.25,0.0,90.0,31.7
2026-09-10T17:00,haldia_in,Haldia,India,destination,22.0257,88.0583,marine,0.26,185.0,6.7,0.0,0.0,0.2,6.4,0.0,90.0,31.7
2026-09-10T18:00,haldia_in,Haldia,India,destination,22.0257,88.0583,marine,0.26,185.0,6.95,0.0,0.0,0.2,6.55,0.0,90.0,31.6
2026-09-10T19:00,haldia_in,Haldia,India,destination,22.0257,88.0583,marine,0.26,185.0,7.1,0.0,0.0,0.2,6.6,0.0,90.0,31.6
2026-09-10T20:00,haldia_in,Haldia,India,destination,22.0257,88.0583,marine,0.24,185.0,7.25,0.0,0.0,0.2,6.6,0.0,90.0,31.6
2026-09-10T21:00,haldia_in,Haldia,India,destination,22.0257,88.0583,marine,0.24,185.0,7.35,0.0,0.0,0.2,6.6,0.0,90.0,31.5
2026-09-10T22:00,haldia_in,Haldia,India,destination,22.0257,88.0583,marine,0.24,185.0,7.5,0.0,0.15,0.2,6.6,0.0,90.0,31.5
2026-09-10T23:00,haldia_in,Haldia,India,destination,22.0257,88.0583,marine,0.22,185.0,7.65,0.02,0.4,0.2,6.55,0.0,90.0,31.5
2026-09-11T00:00,haldia_in,Haldia,India,destination,22.0257,88.0583,marine,0.22,185.0,7.7,0.02,0.7,0.2,6.55,0.0,90.0,31.5
2026-09-11T01:00,haldia_in,Haldia,India,destination,22.0257,88.0583,marine,0.22,184.0,7.75,0.04,1.05,0.2,6.55,0.0,90.0,31.5
2026-09-11T02:00,haldia_in,Haldia,India,destination,22.0257,88.0583,marine,0.22,183.0,7.7,0.06,1.4,0.2,6.55,0.0,90.0,31.5
2026-09-11T03:00,haldia_in,Haldia,India,destination,22.0257,88.0583,marine,0.22,182.0,7.45,0.08,1.65,0.2,6.55,0.0,90.0,31.5
2026-09-11T04:00,haldia_in,Haldia,India,destination,22.0257,88.0583,marine,0.26,177.0,6.75,0.12,1.8,0.2,6.4,0.2,0.0,31.6
2026-09-11T05:00,haldia_in,Haldia,India,destination,22.0257,88.0583,marine,0.28,171.0,5.85,0.14,1.85,0.18,6.25,0.2,0.0,31.6
2026-09-11T06:00,haldia_in,Haldia,India,destination,22.0257,88.0583,marine,0.32,166.0,5.15,0.18,1.85,0.18,6.3,0.0,90.0,31.6
2026-09-11T07:00,haldia_in,Haldia,India,destination,22.0257,88.0583,marine,0.32,165.0,4.9,0.18,1.85,0.18,6.75,0.0,90.0,31.6
2026-09-11T08:00,haldia_in,Haldia,India,destination,22.0257,88.0583,marine,0.34,165.0,4.85,0.18,1.85,0.16,7.4,0.0,90.0,31.7
2026-09-11T09:00,haldia_in,Haldia,India,destination,22.0257,88.0583,marine,0.34,164.0,4.8,0.18,1.85,0.16,7.8,0.0,90.0,31.7
2026-09-11T10:00,haldia_in,Haldia,India,destination,22.0257,88.0583,marine,0.36,164.0,4.65,0.2,1.95,0.18,7.95,0.0,90.0,31.7
2026-09-11T11:00,haldia_in,Haldia,India,destination,22.0257,88.0583,marine,0.36,165.0,4.5,0.24,2.1,0.18,7.85,0.0,90.0,31.7
2026-09-11T12:00,haldia_in,Haldia,India,destination,22.0257,88.0583,marine,0.38,165.0,4.45,0.26,2.1,0.2,7.3,0.0,90.0,31.7
2026-09-11T13:00,haldia_in,Haldia,India,destination,22.0257,88.0583,marine,0.36,167.0,4.55,0.2,1.85,0.22,5.75,0.0,90.0,31.7
2026-09-11T14:00,haldia_in,Haldia,India,destination,22.0257,88.0583,marine,0.36,168.0,4.75,0.14,1.4,0.24,3.75,0.0,90.0,31.7
2026-09-11T15:00,haldia_in,Haldia,India,destination,22.0257,88.0583,marine,0.34,170.0,5.0,0.08,1.1,0.26,2.5,0.0,90.0,31.7
2026-09-11T16:00,haldia_in,Haldia,India,destination,22.0257,88.0583,marine,0.32,172.0,5.25,0.06,1.0,0.24,2.65,0.0,90.0,31.6
2026-09-11T17:00,haldia_in,Haldia,India,destination,22.0257,88.0583,marine,0.32,174.0,5.5,0.06,0.95,0.24,3.55,0.0,90.0,31.6
2026-09-11T18:00,haldia_in,Haldia,India,destination,22.0257,88.0583,marine,0.3,176.0,5.75,0.04,0.85,0.22,4.5,0.0,90.0,31.6
2026-09-11T19:00,haldia_in,Haldia,India,destination,22.0257,88.0583,marine,0.3,177.0,5.9,0.02,0.55,0.22,5.4,0.0,90.0,31.5
2026-09-11T20:00,haldia_in,Haldia,India,destination,22.0257,88.0583,marine,0.3,177.0,6.0,0.02,0.15,0.2,6.3,0.0,90.0,31.5
2026-09-11T21:00,haldia_in,Haldia,India,destination,22.0257,88.0583,marine,0.3,178.0,6.1,0.0,0.0,0.2,6.9,0.0,90.0,31.5
2026-09-11T22:00,haldia_in,Haldia,India,destination,22.0257,88.0583,marine,0.3,178.0,6.2,0.02,0.35,0.2,6.9,0.0,90.0,31.5
2026-09-11T23:00,haldia_in,Haldia,India,destination,22.0257,88.0583,marine,0.28,179.0,6.3,0.02,1.0,0.2,6.55,0.0,90.0,31.4
2026-09-12T00:00,haldia_in,Haldia,India,destination,22.0257,88.0583,marine,0.28,179.0,6.35,0.04,1.45,0.2,6.3,0.0,90.0,31.4
2026-09-12T01:00,haldia_in,Haldia,India,destination,22.0257,88.0583,marine,0.28,178.0,6.35,0.06,1.55,0.2,6.35,0.0,90.0,31.4
2026-09-12T02:00,haldia_in,Haldia,India,destination,22.0257,88.0583,marine,0.28,178.0,6.25,0.1,1.55,0.2,6.45,0.0,90.0,31.5
2026-09-12T03:00,haldia_in,Haldia,India,destination,22.0257,88.0583,marine,0.28,177.0,6.05,0.12,1.55,0.2,6.6,0.0,90.0,31.5
2026-09-12T04:00,haldia_in,Haldia,India,destination,22.0257,88.0583,marine,0.3,170.0,5.55,0.16,1.65,0.2,6.75,0.2,0.0,31.5
2026-09-12T05:00,haldia_in,Haldia,India,destination,22.0257,88.0583,marine,0.34,163.0,4.95,0.22,1.8,0.2,6.95,0.2,0.0,31.5
2026-09-12T06:00,haldia_in,Haldia,India,destination,22.0257,88.0583,marine,0.36,156.0,4.5,0.26,1.95,0.2,6.85,0.2,0.0,31.6
2026-09-12T07:00,haldia_in,Haldia,India,destination,22.0257,88.0583,marine,0.38,155.0,4.35,0.26,2.05,0.2,6.2,0.2,0.0,31.6
2026-09-12T08:00,haldia_in,Haldia,India,destination,22.0257,88.0583,marine,0.4,154.0,4.3,0.26,2.2,0.2,5.35,0.2,0.0,31.6
2026-09-12T09:00,haldia_in,Haldia,India,destination,22.0257,88.0583,marine,0.42,153.0,4.35,0.26,2.25,0.2,4.9,0.0,90.0,31.6
2026-09-12T10:00,haldia_in,Haldia,India,destination,22.0257,88.0583,marine,0.42,155.0,4.4,0.26,2.3,0.18,5.4,0.0,90.0,31.7
2026-09-12T11:00,haldia_in,Haldia,India,destination,22.0257,88.0583,marine,0.4,157.0,4.45,0.24,2.3,0.18,6.35,0.0,90.0,31.7
2026-09-12T12:00,haldia_in,Haldia,India,destination,22.0257,88.0583,marine,0.4,159.0,4.55,0.24,2.15,0.16,7.05,0.2,180.0,31.7
2026-09-12T13:00,haldia_in,Haldia,India,destination,22.0257,88.0583,marine,0.38,161.0,4.7,0.18,1.8,0.16,7.2,0.0,90.0,31.7
2026-09-12T14:00,haldia_in,Haldia,India,destination,22.0257,88.0583,marine,0.38,164.0,4.85,0.12,1.35,0.18,7.1,0.0,90.0,31.6
2026-09-12T15:00,haldia_in,Haldia,India,destination,22.0257,88.0583,marine,0.36,166.0,5.05,0.06,0.95,0.18,7.0,0.0,90.0,31.6
2026-09-12T16:00,haldia_in,Haldia,India,destination,22.0257,88.0583,marine,0.34,168.0,5.25,0.04,0.6,0.18,7.1,0.2,90.0,31.6
2026-09-12T17:00,haldia_in,Haldia,India,destination,22.0257,88.0583,marine,0.34,169.0,5.5,0.02,0.25,0.16,7.2,0.2,90.0,31.6
2026-09-12T18:00,haldia_in,Haldia,India,destination,22.0257,88.0583,marine,0.32,171.0,5.7,0.0,0.0,0.16,7.25,0.0,90.0,31.5
2026-09-12T19:00,haldia_in,Haldia,India,destination,22.0257,88.0583,marine,0.3,172.0,5.85,0.0,0.0,0.16,7.15,0.0,90.0,31.5
2026-09-12T20:00,haldia_in,Haldia,India,destination,22.0257,88.0583,marine,0.3,173.0,6.0,0.0,0.0,0.14,7.05,0.0,90.0,31.5
2026-09-12T21:00,haldia_in,Haldia,India,destination,22.0257,88.0583,marine,0.28,174.0,6.15,0.0,0.0,0.14,6.9,0.0,90.0,31.5
2026-09-12T22:00,haldia_in,Haldia,India,destination,22.0257,88.0583,marine,0.28,175.0,6.3,0.0,0.3,0.14,6.85,0.0,90.0,31.4
2026-09-12T23:00,haldia_in,Haldia,India,destination,22.0257,88.0583,marine,0.26,175.0,6.4,0.02,0.75,0.16,6.8,0.0,90.0,31.4
2026-09-13T00:00,haldia_in,Haldia,India,destination,22.0257,88.0583,marine,0.26,176.0,6.55,0.02,1.05,0.16,6.65,0.0,90.0,31.4
2026-09-13T01:00,haldia_in,Haldia,India,destination,22.0257,88.0583,marine,0.26,176.0,6.7,0.02,1.15,0.18,6.3,0.2,180.0,31.4
2026-09-13T02:00,haldia_in,Haldia,India,destination,22.0257,88.0583,marine,0.26,177.0,6.85,0.02,1.15,0.18,5.9,0.3,225.0,31.5
2026-09-13T03:00,haldia_in,Haldia,India,destination,22.0257,88.0583,marine,0.26,177.0,6.95,0.02,1.2,0.2,5.6,0.3,225.0,31.5
2026-09-13T04:00,haldia_in,Haldia,India,destination,22.0257,88.0583,marine,0.26,177.0,7.0,0.02,1.35,0.2,5.55,0.2,270.0,31.6
2026-09-13T05:00,haldia_in,Haldia,India,destination,22.0257,88.0583,marine,0.26,176.0,7.05,0.04,1.55,0.2,5.6,0.0,90.0,31.6
2026-09-13T06:00,haldia_in,Haldia,India,destination,22.0257,88.0583,marine,0.26,176.0,7.05,0.04,1.5,0.2,5.65,0.0,90.0,31.7
2026-09-13T07:00,haldia_in,Haldia,India,destination,22.0257,88.0583,marine,0.26,175.0,6.95,0.02,1.1,0.2,5.75,0.0,90.0,31.7
2026-09-13T08:00,haldia_in,Haldia,India,destination,22.0257,88.0583,marine,0.26,174.0,6.75,0.02,0.45,0.18,5.85,0.0,90.0,31.8
2026-09-13T09:00,haldia_in,Haldia,India,destination,22.0257,88.0583,marine,0.26,173.0,6.7,0.0,0.0,0.18,5.9,0.0,90.0,31.8
2026-09-13T10:00,haldia_in,Haldia,India,destination,22.0257,88.0583,marine,0.26,174.0,6.8,0.0,0.0,0.18,5.85,0.0,90.0,31.9
2026-09-13T11:00,haldia_in,Haldia,India,destination,22.0257,88.0583,marine,0.26,174.0,7.05,0.0,0.0,0.18,5.8,0.0,90.0,31.9
2026-09-13T12:00,haldia_in,Haldia,India,destination,22.0257,88.0583,marine,0.26,175.0,7.25,0.0,0.0,0.18,5.9,0.0,90.0,31.9
2026-09-13T13:00,haldia_in,Haldia,India,destination,22.0257,88.0583,marine,0.24,176.0,7.45,0.0,0.0,0.16,6.4,0.0,90.0,31.9
2026-09-13T14:00,haldia_in,Haldia,India,destination,22.0257,88.0583,marine,0.24,176.0,7.6,0.0,0.0,0.14,7.05,0.0,90.0,31.9
2026-09-13T15:00,haldia_in,Haldia,India,destination,22.0257,88.0583,marine,0.22,177.0,7.8,0.0,0.0,0.12,7.5,0.0,90.0,31.9
2026-09-13T16:00,haldia_in,Haldia,India,destination,22.0257,88.0583,marine,0.22,177.0,7.95,0.0,0.0,0.12,7.45,0.0,90.0,31.8
2026-09-13T17:00,haldia_in,Haldia,India,destination,22.0257,88.0583,marine,0.22,178.0,8.1,0.0,0.0,0.12,7.15,0.0,90.0,31.8
2026-09-13T18:00,haldia_in,Haldia,India,destination,22.0257,88.0583,marine,0.22,178.0,8.25,0.0,0.0,0.12,7.3,0.0,90.0,31.8
2026-09-13T19:00,haldia_in,Haldia,India,destination,22.0257,88.0583,marine,0.22,178.0,8.35,0.0,0.0,0.12,8.35,0.0,90.0,31.7
2026-09-13T20:00,haldia_in,Haldia,India,destination,22.0257,88.0583,marine,0.22,178.0,8.45,0.0,0.0,0.1,9.8,0.0,90.0,31.7
2026-09-13T21:00,haldia_in,Haldia,India,destination,22.0257,88.0583,marine,0.22,178.0,8.55,0.0,0.0,0.1,10.85,0.0,90.0,31.7
2026-09-13T22:00,haldia_in,Haldia,India,destination,22.0257,88.0583,marine,0.22,178.0,8.65,0.0,0.35,0.1,11.1,0.0,90.0,31.7
2026-09-13T23:00,haldia_in,Haldia,India,destination,22.0257,88.0583,marine,0.22,179.0,8.7,0.02,0.85,0.12,10.95,0.2,180.0,31.6
2026-09-07T00:00,hay_point_au,Hay Point,Australia,origin,-21.26667,149.30111,marine,0.1,73.0,2.55,0.0,0.0,0.1,2.1,1.0,45.0,23.0
2026-09-07T01:00,hay_point_au,Hay Point,Australia,origin,-21.26667,149.30111,marine,0.1,74.0,2.6,0.0,0.0,0.1,2.1,1.2,39.0,23.2
2026-09-07T02:00,hay_point_au,Hay Point,Australia,origin,-21.26667,149.30111,marine,0.08,74.0,2.6,0.0,0.0,0.08,2.1,0.9,37.0,23.3
2026-09-07T03:00,hay_point_au,Hay Point,Australia,origin,-21.26667,149.30111,marine,0.08,75.0,2.6,0.0,0.0,0.08,2.1,0.2,0.0,23.5
2026-09-07T04:00,hay_point_au,Hay Point,Australia,origin,-21.26667,149.30111,marine,0.08,75.0,2.55,0.02,0.6,0.06,2.2,0.6,236.0,23.7
2026-09-07T05:00,hay_point_au,Hay Point,Australia,origin,-21.26667,149.30111,marine,0.1,75.0,2.45,0.06,1.4,0.06,2.3,1.5,225.0,23.9
2026-09-07T06:00,hay_point_au,Hay Point,Australia,origin,-21.26667,149.30111,marine,0.1,75.0,2.35,0.08,1.8,0.04,2.35,1.7,221.0,23.9
2026-09-07T07:00,hay_point_au,Hay Point,Australia,origin,-21.26667,149.30111,marine,0.12,76.0,2.25,0.06,1.4,0.08,2.2,1.7,221.0,23.9
2026-09-07T08:00,hay_point_au,Hay Point,Australia,origin,-21.26667,149.30111,marine,0.16,76.0,2.2,0.02,0.6,0.12,1.95,1.4,220.0,23.8
2026-09-07T09:00,hay_point_au,Hay Point,Australia,origin,-21.26667,149.30111,marine,0.18,77.0,2.15,0.0,0.0,0.16,1.8,0.8,207.0,23.6
2026-09-07T10:00,hay_point_au,Hay Point,Australia,origin,-21.26667,149.30111,marine,0.18,75.0,2.2,0.0,0.0,0.16,1.8,0.2,180.0,23.5
2026-09-07T11:00,hay_point_au,Hay Point,Australia,origin,-21.26667,149.30111,marine,0.18,73.0,2.3,0.0,0.0,0.18,1.9,0.5,45.0,23.3
2026-09-07T12:00,hay_point_au,Hay Point,Australia,origin,-21.26667,149.30111,marine,0.18,71.0,2.4,0.0,0.0,0.18,2.0,1.0,45.0,23.2
2026-09-07T13:00,hay_point_au,Hay Point,Australia,origin,-21.26667,149.30111,marine,0.18,71.0,2.45,0.0,0.0,0.18,2.05,1.4,40.0,23.2
2026-09-07T14:00,hay_point_au,Hay Point,Australia,origin,-21.26667,149.30111,marine,0.16,70.0,2.5,0.0,0.0,0.16,2.1,1.4,50.0,23.1
2026-09-07T15:00,hay_point_au,Hay Point,Australia,origin,-21.26667,149.30111,marine,0.16,70.0,2.5,0.0,0.0,0.16,2.1,0.9,53.0,23.1
2026-09-07T16:00,hay_point_au,Hay Point,Australia,origin,-21.26667,149.30111,marine,0.16,71.0,2.5,0.0,0.05,0.16,2.1,0.4,90.0,23.1
2026-09-07T17:00,hay_point_au,Hay Point,Australia,origin,-21.26667,149.30111,marine,0.14,73.0,2.45,0.0,0.15,0.14,2.05,0.4,207.0,23.1
2026-09-07T18:00,hay_point_au,Hay Point,Australia,origin,-21.26667,149.30111,marine,0.14,74.0,2.45,0.0,0.3,0.14,2.05,1.0,211.0,23.1
2026-09-07T19:00,hay_point_au,Hay Point,Australia,origin,-21.26667,149.30111,marine,0.14,74.0,2.45,0.0,0.55,0.14,2.05,1.4,220.0,23.1
2026-09-07T20:00,hay_point_au,Hay Point,Australia,origin,-21.26667,149.30111,marine,0.12,75.0,2.45,0.02,0.85,0.12,2.1,1.2,219.0,23.1
2026-09-07T21:00,hay_point_au,Hay Point,Australia,origin,-21.26667,149.30111,marine,0.12,75.0,2.45,0.02,1.15,0.12,2.1,0.8,225.0,23.2
2026-09-07T22:00,hay_point_au,Hay Point,Australia,origin,-21.26667,149.30111,marine,0.12,75.0,2.4,0.04,1.35,0.12,2.15,0.2,270.0,23.2
2026-09-07T23:00,hay_point_au,Hay Point,Australia,origin,-21.26667,149.30111,marine,0.14,76.0,2.4,0.06,1.5,0.1,2.15,0.6,18.0,23.2
2026-09-08T00:00,hay_point_au,Hay Point,Australia,origin,-21.26667,149.30111,marine,0.14,76.0,2.35,0.08,1.65,0.1,2.2,1.0,22.0,23.2
2026-09-08T01:00,hay_point_au,Hay Point,Australia,origin,-21.26667,149.30111,marine,0.18,87.0,2.35,0.14,1.85,0.1,2.25,1.4,23.0,23.3
2026-09-08T02:00,hay_point_au,Hay Point,Australia,origin,-21.26667,149.30111,marine,0.22,99.0,2.35,0.2,2.05,0.08,2.35,1.5,30.0,23.3
2026-09-08T03:00,hay_point_au,Hay Point,Australia,origin,-21.26667,149.30111,marine,0.26,110.0,2.4,0.26,2.15,0.08,2.4,1.0,31.0,23.4
2026-09-08T04:00,hay_point_au,Hay Point,Australia,origin,-21.26667,149.30111,marine,0.26,109.0,2.45,0.24,2.15,0.1,2.45,0.4,0.0,23.4
2026-09-08T05:00,hay_point_au,Hay Point,Australia,origin,-21.26667,149.30111,marine,0.24,108.0,2.5,0.2,2.1,0.12,2.45,0.6,252.0,23.5
2026-09-08T06:00,hay_point_au,Hay Point,Australia,origin,-21.26667,149.30111,marine,0.24,107.0,2.5,0.18,2.0,0.14,2.4,1.2,231.0,23.5
2026-09-08T07:00,hay_point_au,Hay Point,Australia,origin,-21.26667,149.30111,marine,0.22,104.0,2.5,0.14,1.75,0.14,2.3,1.5,234.0,23.5
2026-09-08T08:00,hay_point_au,Hay Point,Australia,origin,-21.26667,149.30111,marine,0.22,102.0,2.45,0.12,1.5,0.14,2.15,1.7,229.0,23.5
2026-09-08T09:00,hay_point_au,Hay Point,Australia,origin,-21.26667,149.30111,marine,0.2,99.0,2.45,0.08,1.3,0.14,2.05,1.3,236.0,23.4
2026-09-08T10:00,hay_point_au,Hay Point,Australia,origin,-21.26667,149.30111,marine,0.22,95.0,2.45,0.1,1.35,0.14,2.15,0.6,252.0,23.4
2026-09-08T11:00,hay_point_au,Hay Point,Australia,origin,-21.26667,149.30111,marine,0.22,90.0,2.45,0.12,1.5,0.14,2.3,0.4,333.0,23.4
2026-09-08T12:00,hay_point_au,Hay Point,Australia,origin,-21.26667,149.30111,marine,0.24,86.0,2.5,0.14,1.6,0.14,2.4,1.0,22.0,23.4
2026-09-08T13:00,hay_point_au,Hay Point,Australia,origin,-21.26667,149.30111,marine,0.26,85.0,2.55,0.14,1.55,0.16,2.4,1.5,30.0,23.4
2026-09-08T14:00,hay_point_au,Hay Point,Australia,origin,-21.26667,149.30111,marine,0.26,85.0,2.65,0.12,1.45,0.2,2.4,1.7,41.0,23.3
2026-09-08T15:00,hay_point_au,Hay Point,Australia,origin,-21.26667,149.30111,marine,0.28,84.0,2.7,0.12,1.45,0.22,2.4,1.4,40.0,23.3
2026-09-08T16:00,hay_point_au,Hay Point,Australia,origin,-21.26667,149.30111,marine,0.3,85.0,2.7,0.16,1.65,0.22,2.45,0.9,37.0,23.3
2026-09-08T17:00,hay_point_au,Hay Point,Australia,origin,-21.26667,149.30111,marine,0.34,86.0,2.75,0.22,1.95,0.22,2.5,0.0,90.0,23.3
2026-09-08T18:00,hay_point_au,Hay Point,Australia,origin,-21.26667,149.30111,marine,0.36,87.0,2.75,0.26,2.15,0.22,2.55,0.8,225.0,23.3
2026-09-08T19:00,hay_point_au,Hay Point,Australia,origin,-21.26667,149.30111,marine,0.38,88.0,2.8,0.24,2.15,0.24,2.55,1.3,225.0,23.3
2026-09-08T20:00,hay_point_au,Hay Point,Australia,origin,-21.26667,149.30111,marine,0.4,88.0,2.9,0.24,2.0,0.24,2.55,1.5,234.0,23.3
2026-09-08T21:00,hay_point_au,Hay Point,Australia,origin,-21.26667,149.30111,marine,0.42,89.0,2.95,0.22,1.95,0.26,2.6,1.3,236.0,23.3
2026-09-08T22:00,hay_point_au,Hay Point,Australia,origin,-21.26667,149.30111,marine,0.44,89.0,3.05,0.26,2.05,0.28,2.8,0.8,243.0,23.3
2026-09-08T23:00,hay_point_au,Hay Point,Australia,origin,-21.26667,149.30111,marine,0.46,90.0,3.1,0.28,2.2,0.3,3.0,0.3,315.0,23.3
2026-09-09T00:00,hay_point_au,Hay Point,Australia,origin,-21.26667,149.30111,marine,0.48,90.0,3.15,0.32,2.35,0.32,3.2,0.7,14.0,23.3
2026-09-09T01:00,hay_point_au,Hay Point,Australia,origin,-21.26667,149.30111,marine,0.48,90.0,3.15,0.34,2.45,0.28,3.3,1.2,27.0,23.3
2026-09-09T02:00,hay_point_au,Hay Point,Australia,origin,-21.26667,149.30111,marine,0.48,90.0,3.15,0.36,2.5,0.26,3.3,1.5,36.0,23.4
2026-09-09T03:00,hay_point_au,Hay Point,Australia,origin,-21.26667,149.30111,marine,0.48,90.0,3.1,0.38,2.5,0.22,3.25,1.5,36.0,23.4
2026-09-09T04:00,hay_point_au,Hay Point,Australia,origin,-21.26667,149.30111,marine,0.46,90.0,3.05,0.32,2.4,0.26,3.1,1.0,31.0,23.5
2026-09-09T05:00,hay_point_au,Hay Point,Australia,origin,-21.26667,149.30111,marine,0.44,91.0,3.05,0.28,2.2,0.28,2.95,0.2,0.0,23.5
2026-09-09T06:00,hay_point_au,Hay Point,Australia,origin,-21.26667,149.30111,marine,0.42,91.0,3.0,0.22,2.05,0.32,2.8,0.6,236.0,23.5
2026-09-09T07:00,hay_point_au,Hay Point,Australia,origin,-21.26667,149.30111,marine,0.42,92.0,2.95,0.24,2.05,0.3,2.75,1.4,230.0,23.5
2026-09-09T08:00,hay_point_au,Hay Point,Australia,origin,-21.26667,149.30111,marine,0.4,92.0,2.9,0.24,2.1,0.28,2.75,1.8,233.0,23.5
2026-09-09T09:00,hay_point_au,Hay Point,Australia,origin,-21.26667,149.30111,marine,0.4,93.0,2.9,0.26,2.1,0.26,2.75,1.7,238.0,23.5
2026-09-09T10:00,hay_point_au,Hay Point,Australia,origin,-21.26667,149.30111,marine,0.4,93.0,2.95,0.24,1.95,0.28,2.8,1.2,243.0,23.5
2026-09-09T11:00,hay_point_au,Hay Point,Australia,origin,-21.26667,149.30111,marine,0.42,94.0,3.05,0.2,1.75,0.3,2.85,0.5,270.0,23.4
2026-09-09T12:00,hay_point_au,Hay Point,Australia,origin,-21.26667,149.30111,marine,0.42,94.0,3.1,0.18,1.6,0.32,2.9,0.7,0.0,23.4
2026-09-09T13:00,hay_point_au,Hay Point,Australia,origin,-21.26667,149.30111,marine,0.42,94.0,3.1,0.18,1.55,0.32,2.9,1.2,27.0,23.4
2026-09-09T14:00,hay_point_au,Hay Point,Australia,origin,-21.26667,149.30111,marine,0.4,94.0,3.1,0.2,1.6,0.32,2.85,1.7,32.0,23.4
2026-09-09T15:00,hay_point_au,Hay Point,Australia,origin,-21.26667,149.30111,marine,0.4,94.0,3.1,0.2,1.65,0.32,2.85,1.8,37.0,23.3
2026-09-09T16:00,hay_point_au,Hay Point,Australia,origin,-21.26667,149.30111,marine,0.4,94.0,3.1,0.22,1.8,0.3,2.85,1.4,40.0,23.3
2026-09-09T17:00,hay_point_au,Hay Point,Australia,origin,-21.26667,149.30111,marine,0.42,94.0,3.05,0.24,1.95,0.28,2.9,0.6,34.0,23.3
2026-09-09T18:00,hay_point_au,Hay Point,Australia,origin,-21.26667,149.30111,marine,0.42,94.0,3.05,0.26,2.1,0.26,2.9,0.3,225.0,23.3
2026-09-09T19:00,hay_point_au,Hay Point,Australia,origin,-21.26667,149.30111,marine,0.44,95.0,3.05,0.28,2.15,0.26,2.85,1.0,239.0,23.3
2026-09-09T20:00,hay_point_au,Hay Point,Australia,origin,-21.26667,149.30111,marine,0.44,96.0,3.1,0.28,2.15,0.26,2.85,1.5,234.0,23.3
2026-09-09T21:00,hay_point_au,Hay Point,Australia,origin,-21.26667,149.30111,marine,0.46,97.0,3.1,0.3,2.2,0.26,2.85,1.5,234.0,23.3
2026-09-09T22:00,hay_point_au,Hay Point,Australia,origin,-21.26667,149.30111,marine,0.48,99.0,3.1,0.36,2.35,0.26,2.95,1.2,243.0,23.3
2026-09-09T23:00,hay_point_au,Hay Point,Australia,origin,-21.26667,149.30111,marine,0.52,102.0,3.1,0.42,2.5,0.24,3.1,0.7,270.0,23.3
2026-09-10T00:00,hay_point_au,Hay Point,Australia,origin,-21.26667,149.30111,marine,0.54,104.0,3.15,0.48,2.65,0.24,3.3,0.6,342.0,23.3
2026-09-10T01:00,hay_point_au,Hay Point,Australia,origin,-21.26667,149.30111,marine,0.6,105.0,3.2,0.54,2.8,0.2,3.5,1.1,18.0,23.3
2026-09-10T02:00,hay_point_au,Hay Point,Australia,origin,-21.26667,149.30111,marine,0.64,107.0,3.3,0.6,2.95,0.18,3.7,1.6,27.0,23.3
2026-09-10T03:00,hay_point_au,Hay Point,Australia,origin,-21.26667,149.30111,marine,0.7,108.0,3.4,0.66,3.05,0.14,3.9,1.9,29.0,23.4
2026-09-10T04:00,hay_point_au,Hay Point,Australia,origin,-21.26667,149.30111,marine,0.74,108.0,3.5,0.7,3.15,0.14,4.05,1.7,32.0,23.4
2026-09-10T05:00,hay_point_au,Hay Point,Australia,origin,-21.26667,149.30111,marine,0.8,108.0,3.65,0.76,3.25,0.16,4.15,1.0,22.0,23.4
2026-09-10T06:00,hay_point_au,Hay Point,Australia,origin,-21.26667,149.30111,marine,0.84,108.0,3.75,0.8,3.35,0.16,4.3,0.4,297.0,23.4
2026-09-10T07:00,hay_point_au,Hay Point,Australia,origin,-21.26667,149.30111,marine,0.88,108.0,3.85,0.86,3.45,0.16,4.45,1.0,248.0,23.4
2026-09-10T08:00,hay_point_au,Hay Point,Australia,origin,-21.26667,149.30111,marine,0.94,108.0,3.95,0.9,3.5,0.18,4.6,1.6,243.0,23.4
2026-09-10T09:00,hay_point_au,Hay Point,Australia,origin,-21.26667,149.30111,marine,0.98,108.0,4.05,0.96,3.6,0.18,4.75,1.8,246.0,23.3
2026-09-10T10:00,hay_point_au,Hay Point,Australia,origin,-21.26667,149.30111,marine,1.02,109.0,4.15,1.0,3.65,0.2,4.8,1.5,249.0,23.3
2026-09-10T11:00,hay_point_au,Hay Point,Australia,origin,-21.26667,149.30111,marine,1.06,109.0,4.25,1.02,3.75,0.2,4.85,1.1,270.0,23.3
2026-09-10T12:00,hay_point_au,Hay Point,Australia,origin,-21.26667,149.30111,marine,1.1,110.0,4.3,1.06,3.8,0.22,4.85,0.6,326.0,23.2
2026-09-10T13:00,hay_point_au,Hay Point,Australia,origin,-21.26667,149.30111,marine,1.12,111.0,4.3,1.08,3.85,0.24,4.8,1.1,0.0,23.2
2026-09-10T14:00,hay_point_au,Hay Point,Australia,origin,-21.26667,149.30111,marine,1.14,111.0,4.35,1.12,3.85,0.24,4.75,1.5,21.0,23.2
2026-09-10T15:00,hay_point_au,Hay Point,Australia,origin,-21.26667,149.30111,marine,1.16,112.0,4.35,1.14,3.9,0.26,4.7,1.9,29.0,23.1
2026-09-10T16:00,hay_point_au,Hay Point,Australia,origin,-21.26667,149.30111,marine,1.2,113.0,4.4,1.16,3.95,0.28,4.65,1.9,29.0,23.1
2026-09-10T17:00,hay_point_au,Hay Point,Australia,origin,-21.26667,149.30111,marine,1.24,113.0,4.5,1.18,3.95,0.32,4.6,1.4,23.0,23.1
2026-09-10T18:00,hay_point_au,Hay Point,Australia,origin,-21.26667,149.30111,marine,1.28,114.0,4.6,1.2,4.0,0.34,4.6,0.5,0.0,23.0
2026-09-10T19:00,hay_point_au,Hay Point,Australia,origin,-21.26667,149.30111,marine,1.32,115.0,4.65,1.26,4.05,0.3,4.65,0.7,270.0,23.0
2026-09-10T20:00,hay_point_au,Hay Point,Australia,origin,-21.26667,149.30111,marine,1.36,115.0,4.75,1.3,4.15,0.28,4.8,1.4,247.0,23.0
2026-09-10T21:00,hay_point_au,Hay Point,Australia,origin,-21.26667,149.30111,marine,1.4,116.0,4.75,1.36,4.2,0.24,4.9,1.6,243.0,23.0
2026-09-10T22:00,hay_point_au,Hay Point,Australia,origin,-21.26667,149.30111,marine,1.38,116.0,4.7,1.34,4.2,0.22,5.0,1.5,249.0,22.9
2026-09-10T23:00,hay_point_au,Hay Point,Australia,origin,-21.26667,149.30111,marine,1.34,116.0,4.65,1.32,4.15,0.22,5.1,1.1,261.0,22.9
2026-09-11T00:00,hay_point_au,Hay Point,Australia,origin,-21.26667,149.30111,marine,1.32,116.0,4.6,1.3,4.1,0.2,5.15,0.6,304.0,22.9
2026-09-11T01:00,hay_point_au,Hay Point,Australia,origin,-21.26667,149.30111,marine,1.3,116.0,4.55,1.28,4.1,0.18,5.1,1.1,0.0,22.9
2026-09-11T02:00,hay_point_au,Hay Point,Australia,origin,-21.26667,149.30111,marine,1.3,115.0,4.5,1.28,4.05,0.14,4.95,1.5,14.0,23.0
2026-09-11T03:00,hay_point_au,Hay Point,Australia,origin,-21.26667,149.30111,marine,1.28,115.0,4.5,1.26,4.05,0.12,4.85,1.8,24.0,23.0
2026-09-11T04:00,hay_point_au,Hay Point,Australia,origin,-21.26667,149.30111,marine,1.28,115.0,4.5,1.26,4.05,0.12,4.85,1.9,29.0,23.1
2026-09-11T05:00,hay_point_au,Hay Point,Australia,origin,-21.26667,149.30111,marine,1.28,114.0,4.5,1.26,4.05,0.12,4.85,1.5,30.0,23.1
2026-09-11T06:00,hay_point_au,Hay Point,Australia,origin,-21.26667,149.30111,marine,1.28,114.0,4.5,1.26,4.05,0.12,4.9,0.7,14.0,23.1
2026-09-11T07:00,hay_point_au,Hay Point,Australia,origin,-21.26667,149.30111,marine,1.28,114.0,4.5,1.26,4.05,0.14,5.05,0.5,270.0,23.1
2026-09-11T08:00,hay_point_au,Hay Point,Australia,origin,-21.26667,149.30111,marine,1.26,113.0,4.5,1.24,4.05,0.16,5.2,1.1,252.0,23.1
2026-09-11T09:00,hay_point_au,Hay Point,Australia,origin,-21.26667,149.30111,marine,1.26,113.0,4.5,1.24,4.05,0.18,5.35,1.6,243.0,23.1
2026-09-11T10:00,hay_point_au,Hay Point,Australia,origin,-21.26667,149.30111,marine,1.28,113.0,4.55,1.26,4.05,0.18,5.45,1.8,246.0,23.0
2026-09-11T11:00,hay_point_au,Hay Point,Australia,origin,-21.26667,149.30111,marine,1.28,112.0,4.55,1.26,4.1,0.18,5.55,1.3,254.0,23.0
2026-09-11T12:00,hay_point_au,Hay Point,Australia,origin,-21.26667,149.30111,marine,1.3,112.0,4.6,1.28,4.1,0.18,5.55,0.7,284.0,22.9
2026-09-11T13:00,hay_point_au,Hay Point,Australia,origin,-21.26667,149.30111,marine,1.26,112.0,4.6,1.24,4.1,0.2,5.35,0.7,346.0,22.9
2026-09-11T14:00,hay_point_au,Hay Point,Australia,origin,-21.26667,149.30111,marine,1.22,111.0,4.6,1.18,4.05,0.24,5.05,1.3,16.0,22.9
2026-09-11T15:00,hay_point_au,Hay Point,Australia,origin,-21.26667,149.30111,marine,1.18,111.0,4.55,1.14,3.95,0.26,4.8,1.6,27.0,22.8
2026-09-11T16:00,hay_point_au,Hay Point,Australia,origin,-21.26667,149.30111,marine,1.12,112.0,4.45,1.04,3.8,0.32,4.65,1.9,29.0,22.8
2026-09-11T17:00,hay_point_au,Hay Point,Australia,origin,-21.26667,149.30111,marine,1.04,112.0,4.35,0.94,3.6,0.4,4.55,1.5,36.0,22.7
2026-09-11T18:00,hay_point_au,Hay Point,Australia,origin,-21.26667,149.30111,marine,0.98,113.0,4.25,0.84,3.45,0.46,4.45,1.0,31.0,22.7
2026-09-11T19:00,hay_point_au,Hay Point,Australia,origin,-21.26667,149.30111,marine,0.96,114.0,4.15,0.82,3.35,0.46,4.25,0.3,315.0,22.7
2026-09-11T20:00,hay_point_au,Hay Point,Australia,origin,-21.26667,149.30111,marine,0.96,116.0,4.1,0.8,3.3,0.46,4.1,0.8,243.0,22.7
2026-09-11T21:00,hay_point_au,Hay Point,Australia,origin,-21.26667,149.30111,marine,0.94,117.0,4.05,0.78,3.25,0.46,4.0,1.5,240.0,22.7
2026-09-11T22:00,hay_point_au,Hay Point,Australia,origin,-21.26667,149.30111,marine,0.94,118.0,4.0,0.82,3.3,0.38,4.15,1.6,243.0,22.7
2026-09-11T23:00,hay_point_au,Hay Point,Australia,origin,-21.26667,149.30111,marine,0.94,118.0,3.95,0.84,3.4,0.3,4.4,1.4,247.0,22.7
2026-09-12T00:00,hay_point_au,Hay Point,Australia,origin,-21.26667,149.30111,marine,0.94,119.0,3.95,0.88,3.45,0.22,4.6,0.9,270.0,22.7
2026-09-12T01:00,hay_point_au,Hay Point,Australia,origin,-21.26667,149.30111,marine,0.94,118.0,3.95,0.88,3.5,0.22,4.65,0.6,342.0,22.7
2026-09-12T02:00,hay_point_au,Hay Point,Australia,origin,-21.26667,149.30111,marine,0.94,118.0,4.0,0.88,3.55,0.22,4.7,1.1,9.0,22.7
2026-09-12T03:00,hay_point_au,Hay Point,Australia,origin,-21.26667,149.30111,marine,0.94,117.0,4.0,0.88,3.55,0.22,4.65,1.5,30.0,22.8
2026-09-12T04:00,hay_point_au,Hay Point,Australia,origin,-21.26667,149.30111,marine,0.94,116.0,4.0,0.88,3.55,0.2,4.55,1.7,32.0,22.8
2026-09-12T05:00,hay_point_au,Hay Point,Australia,origin,-21.26667,149.30111,marine,0.92,115.0,4.0,0.88,3.55,0.2,4.45,1.5,36.0,22.8
2026-09-12T06:00,hay_point_au,Hay Point,Australia,origin,-21.26667,149.30111,marine,0.92,114.0,4.0,0.88,3.55,0.18,4.35,1.0,31.0,22.8
2026-09-12T07:00,hay_point_au,Hay Point,Australia,origin,-21.26667,149.30111,marine,0.9,113.0,4.0,0.84,3.45,0.24,4.25,0.4,0.0,22.8
2026-09-12T08:00,hay_point_au,Hay Point,Australia,origin,-21.26667,149.30111,marine,0.9,112.0,4.0,0.78,3.35,0.3,4.15,0.8,243.0,22.8
2026-09-12T09:00,hay_point_au,Hay Point,Australia,origin,-21.26667,149.30111,marine,0.88,111.0,4.0,0.74,3.3,0.36,4.1,1.2,243.0,22.8
2026-09-12T10:00,hay_point_au,Hay Point,Australia,origin,-21.26667,149.30111,marine,0.9,111.0,4.05,0.76,3.35,0.36,4.15,1.6,243.0,22.7
2026-09-12T11:00,hay_point_au,Hay Point,Australia,origin,-21.26667,149.30111,marine,0.9,111.0,4.05,0.8,3.4,0.34,4.25,1.5,249.0,22.7
2026-09-12T12:00,hay_point_au,Hay Point,Australia,origin,-21.26667,149.30111,marine,0.92,111.0,4.1,0.82,3.45,0.34,4.3,1.1,261.0,22.7
2026-09-12T13:00,hay_point_au,Hay Point,Australia,origin,-21.26667,149.30111,marine,0.9,111.0,4.1,0.78,3.4,0.36,4.25,0.5,315.0,22.6
2026-09-12T14:00,hay_point_au,Hay Point,Australia,origin,-21.26667,149.30111,marine,0.88,111.0,4.1,0.74,3.35,0.4,4.15,0.9,11.0,22.6
2026-09-12T15:00,hay_point_au,Hay Point,Australia,origin,-21.26667,149.30111,marine,0.86,111.0,4.1,0.7,3.25,0.42,4.05,1.4,23.0,22.6
2026-09-12T16:00,hay_point_au,Hay Point,Australia,origin,-21.26667,149.30111,marine,0.84,111.0,4.05,0.66,3.15,0.44,3.95,1.7,32.0,22.6
2026-09-12T17:00,hay_point_au,Hay Point,Australia,origin,-21.26667,149.30111,marine,0.8,112.0,4.0,0.6,3.0,0.48,3.85,1.5,36.0,22.5
2026-09-12T18:00,hay_point_au,Hay Point,Australia,origin,-21.26667,149.30111,marine,0.78,112.0,3.95,0.56,2.9,0.5,3.75,1.3,34.0,22.5
2026-09-12T19:00,hay_point_au,Hay Point,Australia,origin,-21.26667,149.30111,marine,0.78,113.0,3.9,0.56,2.9,0.48,3.7,0.6,18.0,22.5
2026-09-12T20:00,hay_point_au,Hay Point,Australia,origin,-21.26667,149.30111,marine,0.78,114.0,3.9,0.58,2.95,0.48,3.7,0.4,243.0,22.5
2026-09-12T21:00,hay_point_au,Hay Point,Australia,origin,-21.26667,149.30111,marine,0.78,115.0,3.85,0.58,3.0,0.46,3.7,1.0,239.0,22.5
2026-09-12T22:00,hay_point_au,Hay Point,Australia,origin,-21.26667,149.30111,marine,0.78,116.0,3.8,0.62,3.1,0.4,3.75,1.5,240.0,22.5
2026-09-12T23:00,hay_point_au,Hay Point,Australia,origin,-21.26667,149.30111,marine,0.8,118.0,3.75,0.68,3.2,0.36,3.85,1.5,240.0,22.5
2026-09-13T00:00,hay_point_au,Hay Point,Australia,origin,-21.26667,149.30111,marine,0.8,119.0,3.75,0.72,3.25,0.3,3.95,1.1,252.0,22.5
2026-09-13T01:00,hay_point_au,Hay Point,Australia,origin,-21.26667,149.30111,marine,0.8,118.0,3.75,0.74,3.3,0.28,4.1,0.6,288.0,22.5
2026-09-13T02:00,hay_point_au,Hay Point,Australia,origin,-21.26667,149.30111,marine,0.82,118.0,3.8,0.74,3.3,0.24,4.25,0.7,0.0,22.6
2026-09-13T03:00,hay_point_au,Hay Point,Australia,origin,-21.26667,149.30111,marine,0.82,117.0,3.8,0.76,3.3,0.22,4.35,1.1,18.0,22.6
2026-09-13T04:00,hay_point_au,Hay Point,Australia,origin,-21.26667,149.30111,marine,0.82,115.0,3.8,0.76,3.35,0.22,4.35,1.5,30.0,22.7
2026-09-13T05:00,hay_point_au,Hay Point,Australia,origin,-21.26667,149.30111,marine,0.82,114.0,3.85,0.78,3.4,0.2,4.35,1.5,30.0,22.7
2026-09-13T06:00,hay_point_au,Hay Point,Australia,origin,-21.26667,149.30111,marine,0.82,112.0,3.85,0.78,3.4,0.2,4.3,1.3,34.0,22.7
2026-09-13T07:00,hay_point_au,Hay Point,Australia,origin,-21.26667,149.30111,marine,0.82,111.0,3.85,0.78,3.4,0.22,4.3,0.8,27.0,22.7
2026-09-13T08:00,hay_point_au,Hay Point,Australia,origin,-21.26667,149.30111,marine,0.82,111.0,3.9,0.76,3.35,0.22,4.35,0.4,297.0,22.7
2026-09-13T09:00,hay_point_au,Hay Point,Australia,origin,-21.26667,149.30111,marine,0.82,110.0,3.9,0.76,3.35,0.24,4.35,0.8,243.0,22.7
2026-09-13T10:00,hay_point_au,Hay Point,Australia,origin,-21.26667,149.30111,marine,0.82,110.0,3.9,0.74,3.35,0.24,4.35,1.2,243.0,22.6
2026-09-13T11:00,hay_point_au,Hay Point,Australia,origin,-21.26667,149.30111,marine,0.82,110.0,3.95,0.74,3.35,0.26,4.35,1.4,247.0,22.6
2026-09-13T12:00,hay_point_au,Hay Point,Australia,origin,-21.26667,149.30111,marine,0.82,110.0,3.95,0.72,3.3,0.26,4.3,1.1,252.0,22.6
2026-09-13T13:00,hay_point_au,Hay Point,Australia,origin,-21.26667,149.30111,marine,0.82,110.0,3.95,0.7,3.25,0.3,4.25,0.7,270.0,22.5
2026-09-13T14:00,hay_point_au,Hay Point,Australia,origin,-21.26667,149.30111,marine,0.8,109.0,3.95,0.66,3.2,0.36,4.2,0.6,342.0,22.5
2026-09-13T15:00,hay_point_au,Hay Point,Australia,origin,-21.26667,149.30111,marine,0.8,109.0,3.95,0.64,3.1,0.4,4.1,1.0,22.0,22.5
2026-09-13T16:00,hay_point_au,Hay Point,Australia,origin,-21.26667,149.30111,marine,0.78,109.0,3.95,0.6,3.0,0.4,3.95,1.2,27.0,22.5
2026-09-13T17:00,hay_point_au,Hay Point,Australia,origin,-21.26667,149.30111,marine,0.78,108.0,3.95,0.56,2.9,0.42,3.8,1.3,34.0,22.4
2026-09-13T18:00,hay_point_au,Hay Point,Australia,origin,-21.26667,149.30111,marine,0.76,108.0,3.9,0.52,2.85,0.42,3.7,1.3,34.0,22.4
2026-09-13T19:00,hay_point_au,Hay Point,Australia,origin,-21.26667,149.30111,marine,0.74,108.0,3.85,0.54,2.9,0.4,3.75,0.8,27.0,22.4
2026-09-13T20:00,hay_point_au,Hay Point,Australia,origin,-21.26667,149.30111,marine,0.74,108.0,3.8,0.58,3.0,0.38,3.85,0.2,0.0,22.4
2026-09-13T21:00,hay_point_au,Hay Point,Australia,origin,-21.26667,149.30111,marine,0.72,108.0,3.75,0.6,3.05,0.36,3.9,0.6,236.0,22.4
2026-09-13T22:00,hay_point_au,Hay Point,Australia,origin,-21.26667,149.30111,marine,0.72,109.0,3.7,0.62,3.1,0.34,3.85,1.0,239.0,22.4
2026-09-13T23:00,hay_point_au,Hay Point,Australia,origin,-21.26667,149.30111,marine,0.72,110.0,3.65,0.62,3.1,0.34,3.75,1.2,243.0,22.4
2026-09-07T00:00,maputo_mz,Maputo,Mozambique,origin,-25.96034,32.54528,marine,0.8,121.0,5.25,0.36,2.4,0.7,4.95,0.3,315.0,22.4
2026-09-07T01:00,maputo_mz,Maputo,Mozambique,origin,-25.96034,32.54528,marine,0.78,119.0,5.3,0.32,2.3,0.7,4.9,0.4,333.0,22.3
2026-09-07T02:00,maputo_mz,Maputo,Mozambique,origin,-25.96034,32.54528,marine,0.78,118.0,5.35,0.26,2.15,0.72,4.8,0.4,0.0,22.3
2026-09-07T03:00,maputo_mz,Maputo,Mozambique,origin,-25.96034,32.54528,marine,0.76,116.0,5.4,0.22,2.05,0.72,4.75,0.5,0.0,22.3
2026-09-07T04:00,maputo_mz,Maputo,Mozambique,origin,-25.96034,32.54528,marine,0.74,114.0,5.45,0.2,1.95,0.72,4.75,0.4,0.0,22.3
2026-09-07T05:00,maputo_mz,Maputo,Mozambique,origin,-25.96034,32.54528,marine,0.74,113.0,5.5,0.16,1.8,0.7,4.75,0.3,315.0,22.2
2026-09-07T06:00,maputo_mz,Maputo,Mozambique,origin,-25.96034,32.54528,marine,0.72,111.0,5.55,0.14,1.75,0.7,4.75,0.2,270.0,22.2
2026-09-07T07:00,maputo_mz,Maputo,Mozambique,origin,-25.96034,32.54528,marine,0.7,109.0,5.55,0.16,1.75,0.68,4.75,0.2,270.0,22.2
2026-09-07T08:00,maputo_mz,Maputo,Mozambique,origin,-25.96034,32.54528,marine,0.68,108.0,5.5,0.16,1.8,0.66,4.8,0.2,270.0,22.2
2026-09-07T09:00,maputo_mz,Maputo,Mozambique,origin,-25.96034,32.54528,marine,0.66,106.0,5.45,0.18,1.85,0.64,4.8,0.2,270.0,22.2
2026-09-07T10:00,maputo_mz,Maputo,Mozambique,origin,-25.96034,32.54528,marine,0.66,106.0,5.35,0.2,1.9,0.64,4.75,0.2,270.0,22.3
2026-09-07T11:00,maputo_mz,Maputo,Mozambique,origin,-25.96034,32.54528,marine,0.66,105.0,5.25,0.2,1.95,0.62,4.7,0.2,270.0,22.3
2026-09-07T12:00,maputo_mz,Maputo,Mozambique,origin,-25.96034,32.54528,marine,0.66,105.0,5.15,0.22,2.0,0.62,4.65,0.2,270.0,22.3
2026-09-07T13:00,maputo_mz,Maputo,Mozambique,origin,-25.96034,32.54528,marine,0.66,106.0,5.05,0.22,2.05,0.6,4.6,0.3,315.0,22.3
2026-09-07T14:00,maputo_mz,Maputo,Mozambique,origin,-25.96034,32.54528,marine,0.64,106.0,5.0,0.24,2.1,0.6,4.55,0.4,333.0,22.3
2026-09-07T15:00,maputo_mz,Maputo,Mozambique,origin,-25.96034,32.54528,marine,0.64,107.0,4.95,0.24,2.1,0.58,4.5,0.4,0.0,22.3
2026-09-07T16:00,maputo_mz,Maputo,Mozambique,origin,-25.96034,32.54528,marine,0.62,106.0,5.0,0.2,2.0,0.58,4.4,0.4,0.0,22.2
2026-09-07T17:00,maputo_mz,Maputo,Mozambique,origin,-25.96034,32.54528,marine,0.62,106.0,5.05,0.16,1.85,0.58,4.3,0.3,315.0,22.2
2026-09-07T18:00,maputo_mz,Maputo,Mozambique,origin,-25.96034,32.54528,marine,0.6,105.0,5.1,0.12,1.7,0.58,4.25,0.2,270.0,22.2
2026-09-07T19:00,maputo_mz,Maputo,Mozambique,origin,-25.96034,32.54528,marine,0.6,104.0,5.1,0.12,1.55,0.58,4.25,0.4,270.0,22.2
2026-09-07T20:00,maputo_mz,Maputo,Mozambique,origin,-25.96034,32.54528,marine,0.58,104.0,5.1,0.12,1.4,0.58,4.25,0.3,225.0,22.2
2026-09-07T21:00,maputo_mz,Maputo,Mozambique,origin,-25.96034,32.54528,marine,0.58,103.0,5.1,0.12,1.2,0.58,4.25,0.3,225.0,22.2
2026-09-07T22:00,maputo_mz,Maputo,Mozambique,origin,-25.96034,32.54528,marine,0.58,102.0,5.15,0.08,0.75,0.58,4.25,0.3,225.0,22.2
2026-09-07T23:00,maputo_mz,Maputo,Mozambique,origin,-25.96034,32.54528,marine,0.58,101.0,5.2,0.04,0.25,0.58,4.2,0.3,225.0,22.1
2026-09-08T00:00,maputo_mz,Maputo,Mozambique,origin,-25.96034,32.54528,marine,0.58,100.0,5.25,0.0,0.0,0.58,4.2,0.2,270.0,22.1
2026-09-08T01:00,maputo_mz,Maputo,Mozambique,origin,-25.96034,32.54528,marine,0.58,100.0,5.35,0.0,0.2,0.58,4.25,0.2,270.0,22.1
2026-09-08T02:00,maputo_mz,Maputo,Mozambique,origin,-25.96034,32.54528,marine,0.56,99.0,5.45,0.02,0.6,0.56,4.3,0.2,0.0,22.1
2026-09-08T03:00,maputo_mz,Maputo,Mozambique,origin,-25.96034,32.54528,marine,0.56,99.0,5.5,0.02,0.95,0.56,4.35,0.4,0.0,22.0
2026-09-08T04:00,maputo_mz,Maputo,Mozambique,origin,-25.96034,32.54528,marine,0.56,99.0,5.55,0.02,1.0,0.56,4.35,0.6,18.0,22.0
2026-09-08T05:00,maputo_mz,Maputo,Mozambique,origin,-25.96034,32.54528,marine,0.56,99.0,5.55,0.04,0.9,0.56,4.4,0.4,0.0,22.0
2026-09-08T06:00,maputo_mz,Maputo,Mozambique,origin,-25.96034,32.54528,marine,0.56,99.0,5.55,0.04,0.95,0.56,4.45,0.2,270.0,22.0
2026-09-08T07:00,maputo_mz,Maputo,Mozambique,origin,-25.96034,32.54528,marine,0.56,99.0,5.5,0.1,1.25,0.52,4.6,0.2,270.0,22.1
2026-09-08T08:00,maputo_mz,Maputo,Mozambique,origin,-25.96034,32.54528,marine,0.58,99.0,5.4,0.14,1.65,0.48,4.8,0.4,243.0,22.1
2026-09-08T09:00,maputo_mz,Maputo,Mozambique,origin,-25.96034,32.54528,marine,0.58,99.0,5.35,0.2,1.95,0.44,4.95,0.4,243.0,22.2
2026-09-08T10:00,maputo_mz,Maputo,Mozambique,origin,-25.96034,32.54528,marine,0.6,98.0,5.3,0.22,2.1,0.48,4.95,0.4,243.0,22.3
2026-09-08T11:00,maputo_mz,Maputo,Mozambique,origin,-25.96034,32.54528,marine,0.64,96.0,5.25,0.26,2.15,0.52,4.95,0.4,243.0,22.3
2026-09-08T12:00,maputo_mz,Maputo,Mozambique,origin,-25.96034,32.54528,marine,0.66,95.0,5.2,0.28,2.2,0.56,4.9,0.4,243.0,22.4
2026-09-08T13:00,maputo_mz,Maputo,Mozambique,origin,-25.96034,32.54528,marine,0.68,95.0,5.2,0.28,2.25,0.58,4.9,0.2,270.0,22.4
2026-09-08T14:00,maputo_mz,Maputo,Mozambique,origin,-25.96034,32.54528,marine,0.68,94.0,5.25,0.28,2.25,0.62,4.9,0.3,315.0,22.4
2026-09-08T15:00,maputo_mz,Maputo,Mozambique,origin,-25.96034,32.54528,marine,0.7,94.0,5.25,0.28,2.2,0.64,4.85,0.4,0.0,22.4
2026-09-08T16:00,maputo_mz,Maputo,Mozambique,origin,-25.96034,32.54528,marine,0.68,94.0,5.25,0.26,2.1,0.64,4.8,0.5,0.0,22.4
2026-09-08T17:00,maputo_mz,Maputo,Mozambique,origin,-25.96034,32.54528,marine,0.68,94.0,5.3,0.24,2.0,0.64,4.7,0.4,0.0,22.3
2026-09-08T18:00,maputo_mz,Maputo,Mozambique,origin,-25.96034,32.54528,marine,0.66,94.0,5.3,0.22,1.95,0.64,4.65,0.2,270.0,22.3
2026-09-08T19:00,maputo_mz,Maputo,Mozambique,origin,-25.96034,32.54528,marine,0.66,93.0,5.3,0.24,2.0,0.62,4.7,0.4,243.0,22.3
2026-09-08T20:00,maputo_mz,Maputo,Mozambique,origin,-25.96034,32.54528,marine,0.66,93.0,5.3,0.24,2.1,0.62,4.8,0.4,243.0,22.3
2026-09-08T21:00,maputo_mz,Maputo,Mozambique,origin,-25.96034,32.54528,marine,0.66,92.0,5.3,0.26,2.05,0.6,4.85,0.5,225.0,22.2
2026-09-08T22:00,maputo_mz,Maputo,Mozambique,origin,-25.96034,32.54528,marine,0.66,92.0,5.35,0.2,1.8,0.6,4.75,0.5,225.0,22.2
2026-09-08T23:00,maputo_mz,Maputo,Mozambique,origin,-25.96034,32.54528,marine,0.66,92.0,5.45,0.16,1.45,0.62,4.55,0.5,225.0,22.2
2026-09-09T00:00,maputo_mz,Maputo,Mozambique,origin,-25.96034,32.54528,marine,0.66,92.0,5.55,0.1,1.1,0.62,4.45,0.3,225.0,22.2
2026-09-09T01:00,maputo_mz,Maputo,Mozambique,origin,-25.96034,32.54528,marine,0.64,92.0,5.7,0.06,0.7,0.6,4.45,0.2,270.0,22.2
2026-09-09T02:00,maputo_mz,Maputo,Mozambique,origin,-25.96034,32.54528,marine,0.64,92.0,5.85,0.04,0.3,0.6,4.55,0.2,0.0,22.1
2026-09-09T03:00,maputo_mz,Maputo,Mozambique,origin,-25.96034,32.54528,marine,0.62,92.0,6.0,0.0,0.0,0.58,4.65,0.4,0.0,22.1
2026-09-09T04:00,maputo_mz,Maputo,Mozambique,origin,-25.96034,32.54528,marine,0.62,92.0,6.1,0.0,0.0,0.58,4.7,0.6,18.0,22.1
2026-09-09T05:00,maputo_mz,Maputo,Mozambique,origin,-25.96034,32.54528,marine,0.6,91.0,6.15,0.0,0.0,0.56,4.75,0.4,27.0,22.1
2026-09-09T06:00,maputo_mz,Maputo,Mozambique,origin,-25.96034,32.54528,marine,0.6,91.0,6.2,0.0,0.0,0.56,4.8,0.2,0.0,22.1
2026-09-09T07:00,maputo_mz,Maputo,Mozambique,origin,-25.96034,32.54528,marine,0.6,91.0,6.25,0.0,0.0,0.56,4.8,0.2,180.0,22.2
2026-09-09T08:00,maputo_mz,Maputo,Mozambique,origin,-25.96034,32.54528,marine,0.58,91.0,6.25,0.0,0.0,0.56,4.85,0.4,207.0,22.3
2026-09-09T09:00,maputo_mz,Maputo,Mozambique,origin,-25.96034,32.54528,marine,0.58,91.0,6.3,0.0,0.0,0.56,4.85,0.4,207.0,22.4
2026-09-09T10:00,maputo_mz,Maputo,Mozambique,origin,-25.96034,32.54528,marine,0.58,91.0,6.35,0.02,0.4,0.56,4.9,0.6,214.0,22.4
2026-09-09T11:00,maputo_mz,Maputo,Mozambique,origin,-25.96034,32.54528,marine,0.6,92.0,6.4,0.02,0.95,0.56,4.9,0.4,207.0,22.5
2026-09-09T12:00,maputo_mz,Maputo,Mozambique,origin,-25.96034,32.54528,marine,0.6,92.0,6.4,0.04,1.45,0.56,4.95,0.4,207.0,22.6
2026-09-09T13:00,maputo_mz,Maputo,Mozambique,origin,-25.96034,32.54528,marine,0.62,91.0,6.3,0.1,1.75,0.56,5.0,0.3,225.0,22.6
2026-09-09T14:00,maputo_mz,Maputo,Mozambique,origin,-25.96034,32.54528,marine,0.62,90.0,6.2,0.16,1.95,0.56,5.05,0.2,270.0,22.6
2026-09-09T15:00,maputo_mz,Maputo,Mozambique,origin,-25.96034,32.54528,marine,0.64,89.0,6.05,0.22,2.1,0.56,5.1,0.2,0.0,22.6
2026-09-09T16:00,maputo_mz,Maputo,Mozambique,origin,-25.96034,32.54528,marine,0.64,88.0,5.95,0.22,2.15,0.54,5.15,0.4,0.0,22.5
2026-09-09T17:00,maputo_mz,Maputo,Mozambique,origin,-25.96034,32.54528,marine,0.66,88.0,5.8,0.22,2.15,0.54,5.2,0.4,27.0,22.5
2026-09-09T18:00,maputo_mz,Maputo,Mozambique,origin,-25.96034,32.54528,marine,0.66,87.0,5.75,0.22,2.05,0.52,5.2,0.2,0.0,22.5
2026-09-09T19:00,maputo_mz,Maputo,Mozambique,origin,-25.96034,32.54528,marine,0.66,87.0,5.75,0.18,1.8,0.56,5.0,0.3,225.0,22.5
2026-09-09T20:00,maputo_mz,Maputo,Mozambique,origin,-25.96034,32.54528,marine,0.66,87.0,5.8,0.16,1.5,0.58,4.75,0.4,207.0,22.4
2026-09-09T21:00,maputo_mz,Maputo,Mozambique,origin,-25.96034,32.54528,marine,0.66,87.0,5.85,0.12,1.15,0.62,4.55,0.6,214.0,22.4
2026-09-09T22:00,maputo_mz,Maputo,Mozambique,origin,-25.96034,32.54528,marine,0.64,87.0,5.9,0.08,0.75,0.6,4.55,0.6,214.0,22.4
2026-09-09T23:00,maputo_mz,Maputo,Mozambique,origin,-25.96034,32.54528,marine,0.64,88.0,6.0,0.04,0.3,0.6,4.6,0.6,214.0,22.3
2026-09-10T00:00,maputo_mz,Maputo,Mozambique,origin,-25.96034,32.54528,marine,0.62,88.0,6.1,0.0,0.0,0.58,4.65,0.4,207.0,22.3
2026-09-10T01:00,maputo_mz,Maputo,Mozambique,origin,-25.96034,32.54528,marine,0.6,88.0,6.15,0.0,0.0,0.56,4.7,0.2,180.0,22.3
2026-09-10T02:00,maputo_mz,Maputo,Mozambique,origin,-25.96034,32.54528,marine,0.6,89.0,6.25,0.0,0.0,0.56,4.75,0.0,90.0,22.3
2026-09-10T03:00,maputo_mz,Maputo,Mozambique,origin,-25.96034,32.54528,marine,0.58,89.0,6.3,0.0,0.0,0.54,4.8,0.3,45.0,22.3
2026-09-10T04:00,maputo_mz,Maputo,Mozambique,origin,-25.96034,32.54528,marine,0.58,89.0,6.35,0.0,0.0,0.54,4.85,0.4,27.0,22.3
2026-09-10T05:00,maputo_mz,Maputo,Mozambique,origin,-25.96034,32.54528,marine,0.56,90.0,6.35,0.0,0.0,0.52,4.85,0.6,34.0,22.3
2026-09-10T06:00,maputo_mz,Maputo,Mozambique,origin,-25.96034,32.54528,marine,0.56,90.0,6.4,0.0,0.0,0.52,4.9,0.4,27.0,22.3
2026-09-10T07:00,maputo_mz,Maputo,Mozambique,origin,-25.96034,32.54528,marine,0.56,90.0,6.45,0.0,0.0,0.52,4.9,0.0,90.0,22.3
2026-09-10T08:00,maputo_mz,Maputo,Mozambique,origin,-25.96034,32.54528,marine,0.54,90.0,6.5,0.0,0.0,0.5,4.9,0.4,207.0,22.4
2026-09-10T09:00,maputo_mz,Maputo,Mozambique,origin,-25.96034,32.54528,marine,0.54,90.0,6.45,0.0,0.0,0.5,4.95,0.6,214.0,22.5
2026-09-10T10:00,maputo_mz,Maputo,Mozambique,origin,-25.96034,32.54528,marine,0.54,89.0,6.3,0.08,0.65,0.48,5.05,0.9,217.0,22.6
2026-09-10T11:00,maputo_mz,Maputo,Mozambique,origin,-25.96034,32.54528,marine,0.56,89.0,6.05,0.18,1.55,0.48,5.15,0.9,217.0,22.6
2026-09-10T12:00,maputo_mz,Maputo,Mozambique,origin,-25.96034,32.54528,marine,0.56,88.0,5.85,0.26,2.2,0.46,5.25,0.6,214.0,22.7
2026-09-10T13:00,maputo_mz,Maputo,Mozambique,origin,-25.96034,32.54528,marine,0.58,87.0,5.65,0.28,2.35,0.46,5.3,0.5,225.0,22.7
2026-09-10T14:00,maputo_mz,Maputo,Mozambique,origin,-25.96034,32.54528,marine,0.6,86.0,5.45,0.28,2.25,0.46,5.3,0.2,270.0,22.7
2026-09-10T15:00,maputo_mz,Maputo,Mozambique,origin,-25.96034,32.54528,marine,0.62,85.0,5.25,0.3,2.2,0.46,5.3,0.2,0.0,22.7
2026-09-10T16:00,maputo_mz,Maputo,Mozambique,origin,-25.96034,32.54528,marine,0.64,83.0,5.1,0.34,2.3,0.46,5.4,0.2,0.0,22.7
2026-09-10T17:00,maputo_mz,Maputo,Mozambique,origin,-25.96034,32.54528,marine,0.68,80.0,4.95,0.36,2.45,0.44,5.5,0.4,27.0,22.7
2026-09-10T18:00,maputo_mz,Maputo,Mozambique,origin,-25.96034,32.54528,marine,0.7,78.0,4.85,0.4,2.5,0.44,5.45,0.4,27.0,22.7
2026-09-10T19:00,maputo_mz,Maputo,Mozambique,origin,-25.96034,32.54528,marine,0.7,77.0,4.8,0.36,2.5,0.44,5.0,0.0,90.0,22.7
2026-09-10T20:00,maputo_mz,Maputo,Mozambique,origin,-25.96034,32.54528,marine,0.72,76.0,4.8,0.34,2.4,0.42,4.4,0.4,207.0,22.6
2026-09-10T21:00,maputo_mz,Maputo,Mozambique,origin,-25.96034,32.54528,marine,0.72,75.0,4.85,0.3,2.25,0.42,4.15,0.8,207.0,22.6
2026-09-10T22:00,maputo_mz,Maputo,Mozambique,origin,-25.96034,32.54528,marine,0.7,75.0,4.9,0.24,1.95,0.4,4.6,0.8,207.0,22.6
2026-09-10T23:00,maputo_mz,Maputo,Mozambique,origin,-25.96034,32.54528,marine,0.68,76.0,4.95,0.18,1.5,0.4,5.35,0.8,207.0,22.5
2026-09-11T00:00,maputo_mz,Maputo,Mozambique,origin,-25.96034,32.54528,marine,0.66,76.0,5.0,0.12,1.2,0.38,5.75,0.6,198.0,22.5
2026-09-11T01:00,maputo_mz,Maputo,Mozambique,origin,-25.96034,32.54528,marine,0.64,77.0,5.1,0.1,1.05,0.44,5.4,0.4,207.0,22.5
2026-09-11T02:00,maputo_mz,Maputo,Mozambique,origin,-25.96034,32.54528,marine,0.6,79.0,5.2,0.1,1.0,0.5,4.75,0.2,180.0,22.5
2026-09-11T03:00,maputo_mz,Maputo,Mozambique,origin,-25.96034,32.54528,marine,0.58,80.0,5.3,0.08,1.05,0.56,4.25,0.3,45.0,22.4
2026-09-11T04:00,maputo_mz,Maputo,Mozambique,origin,-25.96034,32.54528,marine,0.58,80.0,5.35,0.1,1.25,0.54,4.2,0.3,45.0,22.4
2026-09-11T05:00,maputo_mz,Maputo,Mozambique,origin,-25.96034,32.54528,marine,0.56,79.0,5.35,0.12,1.55,0.52,4.35,0.5,45.0,22.4
2026-09-11T06:00,maputo_mz,Maputo,Mozambique,origin,-25.96034,32.54528,marine,0.56,79.0,5.35,0.14,1.75,0.5,4.45,0.5,45.0,22.4
2026-09-11T07:00,maputo_mz,Maputo,Mozambique,origin,-25.96034,32.54528,marine,0.54,79.0,5.35,0.14,1.75,0.5,4.45,0.3,45.0,22.5
2026-09-11T08:00,maputo_mz,Maputo,Mozambique,origin,-25.96034,32.54528,marine,0.54,78.0,5.4,0.14,1.7,0.48,4.4,0.2,180.0,22.6
2026-09-11T09:00,maputo_mz,Maputo,Mozambique,origin,-25.96034,32.54528,marine,0.52,78.0,5.35,0.14,1.7,0.48,4.4,0.6,198.0,22.6
2026-09-11T10:00,maputo_mz,Maputo,Mozambique,origin,-25.96034,32.54528,marine,0.54,78.0,5.25,0.2,1.9,0.46,4.55,0.8,207.0,22.7
2026-09-11T11:00,maputo_mz,Maputo,Mozambique,origin,-25.96034,32.54528,marine,0.54,78.0,5.05,0.28,2.15,0.44,4.8,0.9,217.0,22.8
2026-09-11T12:00,maputo_mz,Maputo,Mozambique,origin,-25.96034,32.54528,marine,0.56,78.0,4.9,0.34,2.35,0.42,5.0,0.8,207.0,22.9
2026-09-11T13:00,maputo_mz,Maputo,Mozambique,origin,-25.96034,32.54528,marine,0.58,78.0,4.75,0.34,2.45,0.4,5.2,0.5,225.0,22.9
2026-09-11T14:00,maputo_mz,Maputo,Mozambique,origin,-25.96034,32.54528,marine,0.58,79.0,4.65,0.36,2.5,0.38,5.4,0.3,225.0,22.9
2026-09-11T15:00,maputo_mz,Maputo,Mozambique,origin,-25.96034,32.54528,marine,0.6,79.0,4.55,0.36,2.4,0.36,5.3,0.2,270.0,22.9
2026-09-11T16:00,maputo_mz,Maputo,Mozambique,origin,-25.96034,32.54528,marine,0.6,80.0,4.55,0.28,2.1,0.38,4.6,0.2,0.0,22.9
2026-09-11T17:00,maputo_mz,Maputo,Mozambique,origin,-25.96034,32.54528,marine,0.58,80.0,4.55,0.2,1.65,0.42,3.6,0.4,27.0,22.9
2026-09-11T18:00,maputo_mz,Maputo,Mozambique,origin,-25.96034,32.54528,marine,0.58,81.0,4.6,0.12,1.2,0.44,2.9,0.6,18.0,22.9
2026-09-11T19:00,maputo_mz,Maputo,Mozambique,origin,-25.96034,32.54528,marine,0.56,82.0,4.65,0.08,0.7,0.44,2.7,0.4,27.0,22.9
2026-09-11T20:00,maputo_mz,Maputo,Mozambique,origin,-25.96034,32.54528,marine,0.56,82.0,4.7,0.04,0.2,0.42,2.8,0.0,90.0,22.9
2026-09-11T21:00,maputo_mz,Maputo,Mozambique,origin,-25.96034,32.54528,marine,0.54,83.0,4.75,0.0,0.0,0.42,2.9,0.4,207.0,22.9
2026-09-11T22:00,maputo_mz,Maputo,Mozambique,origin,-25.96034,32.54528,marine,0.52,83.0,4.85,0.02,0.35,0.4,2.95,0.8,207.0,22.8
2026-09-11T23:00,maputo_mz,Maputo,Mozambique,origin,-25.96034,32.54528,marine,0.52,84.0,4.9,0.02,1.0,0.4,3.0,0.6,214.0,22.8
2026-09-12T00:00,maputo_mz,Maputo,Mozambique,origin,-25.96034,32.54528,marine,0.5,84.0,4.95,0.04,1.5,0.38,3.05,0.5,225.0,22.8
2026-09-12T01:00,maputo_mz,Maputo,Mozambique,origin,-25.96034,32.54528,marine,0.5,86.0,4.9,0.08,1.65,0.38,3.15,0.3,225.0,22.8
2026-09-12T02:00,maputo_mz,Maputo,Mozambique,origin,-25.96034,32.54528,marine,0.5,88.0,4.85,0.1,1.65,0.38,3.3,0.2,270.0,22.8
2026-09-12T03:00,maputo_mz,Maputo,Mozambique,origin,-25.96034,32.54528,marine,0.5,90.0,4.8,0.14,1.55,0.38,3.4,0.4,0.0,22.8
2026-09-12T04:00,maputo_mz,Maputo,Mozambique,origin,-25.96034,32.54528,marine,0.48,90.0,4.85,0.1,1.4,0.36,3.45,0.5,0.0,22.8
2026-09-12T05:00,maputo_mz,Maputo,Mozambique,origin,-25.96034,32.54528,marine,0.48,89.0,4.95,0.06,1.15,0.34,3.5,0.6,18.0,22.8
2026-09-12T06:00,maputo_mz,Maputo,Mozambique,origin,-25.96034,32.54528,marine,0.46,89.0,5.05,0.02,0.9,0.32,3.55,0.7,14.0,22.8
2026-09-12T07:00,maputo_mz,Maputo,Mozambique,origin,-25.96034,32.54528,marine,0.44,89.0,5.15,0.02,0.5,0.3,3.45,0.6,18.0,22.8
2026-09-12T08:00,maputo_mz,Maputo,Mozambique,origin,-25.96034,32.54528,marine,0.42,89.0,5.25,0.0,0.1,0.28,3.35,0.2,0.0,22.9
2026-09-12T09:00,maputo_mz,Maputo,Mozambique,origin,-25.96034,32.54528,marine,0.4,89.0,5.3,0.0,0.0,0.26,3.5,0.3,225.0,23.0
2026-09-12T10:00,maputo_mz,Maputo,Mozambique,origin,-25.96034,32.54528,marine,0.4,90.0,5.35,0.04,0.45,0.24,4.2,0.6,214.0,23.1
2026-09-12T11:00,maputo_mz,Maputo,Mozambique,origin,-25.96034,32.54528,marine,0.38,90.0,5.4,0.06,1.15,0.24,5.2,0.9,217.0,23.2
2026-09-12T12:00,maputo_mz,Maputo,Mozambique,origin,-25.96034,32.54528,marine,0.38,91.0,5.4,0.1,1.7,0.22,5.9,0.8,225.0,23.3
2026-09-12T13:00,maputo_mz,Maputo,Mozambique,origin,-25.96034,32.54528,marine,0.38,91.0,5.35,0.12,1.85,0.22,6.1,0.5,225.0,23.3
2026-09-12T14:00,maputo_mz,Maputo,Mozambique,origin,-25.96034,32.54528,marine,0.36,92.0,5.3,0.12,1.8,0.22,6.0,0.3,225.0,23.3
2026-09-12T15:00,maputo_mz,Maputo,Mozambique,origin,-25.96034,32.54528,marine,0.36,92.0,5.25,0.14,1.7,0.22,5.85,0.3,315.0,23.3
2026-09-12T16:00,maputo_mz,Maputo,Mozambique,origin,-25.96034,32.54528,marine,0.36,93.0,5.25,0.12,1.55,0.26,5.6,0.4,0.0,23.3
2026-09-12T17:00,maputo_mz,Maputo,Mozambique,origin,-25.96034,32.54528,marine,0.36,93.0,5.35,0.08,1.3,0.28,5.3,0.4,27.0,23.2
2026-09-12T18:00,maputo_mz,Maputo,Mozambique,origin,-25.96034,32.54528,marine,0.36,94.0,5.4,0.06,1.05,0.32,5.05,0.6,18.0,23.2
2026-09-12T19:00,maputo_mz,Maputo,Mozambique,origin,-25.96034,32.54528,marine,0.36,94.0,5.5,0.04,0.7,0.32,5.05,0.6,18.0,23.2
2026-09-12T20:00,maputo_mz,Maputo,Mozambique,origin,-25.96034,32.54528,marine,0.34,95.0,5.6,0.02,0.3,0.32,5.1,0.3,45.0,23.2
2026-09-12T21:00,maputo_mz,Maputo,Mozambique,origin,-25.96034,32.54528,marine,0.34,95.0,5.65,0.0,0.0,0.32,5.15,0.3,225.0,23.2
2026-09-12T22:00,maputo_mz,Maputo,Mozambique,origin,-25.96034,32.54528,marine,0.34,95.0,5.7,0.0,0.0,0.32,5.05,0.8,207.0,23.2
2026-09-12T23:00,maputo_mz,Maputo,Mozambique,origin,-25.96034,32.54528,marine,0.32,95.0,5.7,0.0,0.0,0.32,4.9,0.8,207.0,23.1
2026-09-13T00:00,maputo_mz,Maputo,Mozambique,origin,-25.96034,32.54528,marine,0.32,95.0,5.7,0.0,0.0,0.32,4.75,0.8,207.0,23.1
2026-09-13T01:00,maputo_mz,Maputo,Mozambique,origin,-25.96034,32.54528,marine,0.32,95.0,5.7,0.0,0.0,0.32,4.7,0.6,198.0,23.1
2026-09-13T02:00,maputo_mz,Maputo,Mozambique,origin,-25.96034,32.54528,marine,0.32,94.0,5.65,0.0,0.0,0.32,4.65,0.4,207.0,23.1
2026-09-13T03:00,maputo_mz,Maputo,Mozambique,origin,-25.96034,32.54528,marine,0.32,94.0,5.65,0.0,0.0,0.32,4.7,0.0,90.0,23.0
2026-09-13T04:00,maputo_mz,Maputo,Mozambique,origin,-25.96034,32.54528,marine,0.32,94.0,5.65,0.0,0.0,0.3,4.85,0.3,45.0,23.0
2026-09-13T05:00,maputo_mz,Maputo,Mozambique,origin,-25.96034,32.54528,marine,0.3,95.0,5.7,0.0,0.0,0.3,5.05,0.4,27.0,23.0
2026-09-13T06:00,maputo_mz,Maputo,Mozambique,origin,-25.96034,32.54528,marine,0.3,95.0,5.7,0.0,0.0,0.28,5.15,0.5,45.0,23.0
2026-09-13T07:00,maputo_mz,Maputo,Mozambique,origin,-25.96034,32.54528,marine,0.3,95.0,5.75,0.0,0.4,0.28,5.15,0.5,45.0,23.1
2026-09-13T08:00,maputo_mz,Maputo,Mozambique,origin,-25.96034,32.54528,marine,0.3,96.0,5.85,0.02,1.0,0.26,5.05,0.3,45.0,23.1
2026-09-13T09:00,maputo_mz,Maputo,Mozambique,origin,-25.96034,32.54528,marine,0.3,96.0,5.75,0.02,1.45,0.26,5.0,0.2,180.0,23.2
2026-09-13T10:00,maputo_mz,Maputo,Mozambique,origin,-25.96034,32.54528,marine,0.32,94.0,5.4,0.1,1.7,0.26,5.1,0.6,214.0,23.3
2026-09-13T11:00,maputo_mz,Maputo,Mozambique,origin,-25.96034,32.54528,marine,0.34,91.0,4.9,0.16,1.85,0.26,5.25,0.9,217.0,23.3
2026-09-13T12:00,maputo_mz,Maputo,Mozambique,origin,-25.96034,32.54528,marine,0.36,89.0,4.45,0.24,2.0,0.26,5.3,0.9,217.0,23.4
2026-09-13T13:00,maputo_mz,Maputo,Mozambique,origin,-25.96034,32.54528,marine,0.4,89.0,4.2,0.26,2.15,0.26,5.15,0.6,214.0,23.4
2026-09-13T14:00,maputo_mz,Maputo,Mozambique,origin,-25.96034,32.54528,marine,0.42,89.0,4.0,0.3,2.25,0.24,4.9,0.5,225.0,23.4
2026-09-13T15:00,maputo_mz,Maputo,Mozambique,origin,-25.96034,32.54528,marine,0.46,89.0,3.85,0.32,2.3,0.24,4.55,0.2,270.0,23.4
2026-09-13T16:00,maputo_mz,Maputo,Mozambique,origin,-25.96034,32.54528,marine,0.48,91.0,3.8,0.32,2.3,0.26,3.95,0.2,0.0,23.4
2026-09-13T17:00,maputo_mz,Maputo,Mozambique,origin,-25.96034,32.54528,marine,0.48,92.0,3.8,0.3,2.25,0.26,3.25,0.4,0.0,23.4
2026-09-13T18:00,maputo_mz,Maputo,Mozambique,origin,-25.96034,32.54528,marine,0.5,94.0,3.8,0.3,2.2,0.28,2.8,0.4,0.0,23.4
2026-09-13T19:00,maputo_mz,Maputo,Mozambique,origin,-25.96034,32.54528,marine,0.52,94.0,3.8,0.28,2.2,0.32,2.8,0.6,18.0,23.4
2026-09-13T20:00,maputo_mz,Maputo,Mozambique,origin,-25.96034,32.54528,marine,0.54,95.0,3.85,0.28,2.15,0.38,3.05,0.4,0.0,23.4
2026-09-13T21:00,maputo_mz,Maputo,Mozambique,origin,-25.96034,32.54528,marine,0.56,95.0,3.9,0.26,2.1,0.42,3.25,0.2,270.0,23.4
2026-09-13T22:00,maputo_mz,Maputo,Mozambique,origin,-25.96034,32.54528,marine,0.56,95.0,3.95,0.24,1.95,0.44,3.35,0.5,225.0,23.4
2026-09-13T23:00,maputo_mz,Maputo,Mozambique,origin,-25.96034,32.54528,marine,0.58,95.0,4.05,0.24,1.75,0.46,3.4,0.8,225.0,23.3
2026-09-07T00:00,newcastle_au,Newcastle,Australia,origin,-32.92435,151.79096,marine,1.62,164.0,8.75,0.0,0.0,1.62,7.3,0.3,225.0,19.2
2026-09-07T01:00,newcastle_au,Newcastle,Australia,origin,-32.92435,151.79096,marine,1.6,164.0,8.8,0.04,0.4,1.6,7.35,0.4,270.0,19.3
2026-09-07T02:00,newcastle_au,Newcastle,Australia,origin,-32.92435,151.79096,marine,1.6,163.0,8.85,0.1,1.1,1.58,7.4,0.4,270.0,19.3
2026-09-07T03:00,newcastle_au,Newcastle,Australia,origin,-32.92435,151.79096,marine,1.58,163.0,8.9,0.14,1.65,1.56,7.45,0.5,270.0,19.4
2026-09-07T04:00,newcastle_au,Newcastle,Australia,origin,-32.92435,151.79096,marine,1.56,163.0,8.85,0.2,1.9,1.54,7.45,0.7,270.0,19.4
2026-09-07T05:00,newcastle_au,Newcastle,Australia,origin,-32.92435,151.79096,marine,1.54,162.0,8.8,0.24,2.05,1.52,7.5,0.7,256.0,19.5
2026-09-07T06:00,newcastle_au,Newcastle,Australia,origin,-32.92435,151.79096,marine,1.52,162.0,8.7,0.3,2.1,1.5,7.45,0.8,243.0,19.5
2026-09-07T07:00,newcastle_au,Newcastle,Australia,origin,-32.92435,151.79096,marine,1.5,162.0,8.65,0.26,2.0,1.48,7.3,0.6,236.0,19.5
2026-09-07T08:00,newcastle_au,Newcastle,Australia,origin,-32.92435,151.79096,marine,1.46,161.0,8.65,0.24,1.8,1.46,7.1,0.6,236.0,19.5
2026-09-07T09:00,newcastle_au,Newcastle,Australia,origin,-32.92435,151.79096,marine,1.44,161.0,8.45,0.2,1.9,1.44,7.15,0.6,236.0,19.4
2026-09-07T10:00,newcastle_au,Newcastle,Australia,origin,-32.92435,151.79096,marine,1.52,162.0,7.95,0.56,2.55,1.26,7.7,0.4,243.0,19.4
2026-09-07T11:00,newcastle_au,Newcastle,Australia,origin,-32.92435,151.79096,marine,1.58,164.0,7.35,0.94,3.5,1.06,8.45,0.4,270.0,19.4
2026-09-07T12:00,newcastle_au,Newcastle,Australia,origin,-32.92435,151.79096,marine,1.66,165.0,6.85,1.3,4.3,0.88,9.05,0.4,270.0,19.3
2026-09-07T13:00,newcastle_au,Newcastle,Australia,origin,-32.92435,151.79096,marine,1.88,167.0,6.65,1.58,4.8,0.8,9.25,0.2,270.0,19.3
2026-09-07T14:00,newcastle_au,Newcastle,Australia,origin,-32.92435,151.79096,marine,2.12,170.0,6.6,1.84,5.15,0.72,9.3,0.3,315.0,19.3
2026-09-07T15:00,newcastle_au,Newcastle,Australia,origin,-32.92435,151.79096,marine,2.34,172.0,6.6,2.12,5.4,0.64,9.15,0.4,0.0,19.3
2026-09-07T16:00,newcastle_au,Newcastle,Australia,origin,-32.92435,151.79096,marine,2.44,173.0,6.7,2.16,5.6,0.76,8.75,0.4,0.0,19.2
2026-09-07T17:00,newcastle_au,Newcastle,Australia,origin,-32.92435,151.79096,marine,2.54,174.0,6.9,2.2,5.65,0.88,8.25,0.4,27.0,19.2
2026-09-07T18:00,newcastle_au,Newcastle,Australia,origin,-32.92435,151.79096,marine,2.64,175.0,7.1,2.24,5.65,1.0,7.85,0.6,18.0,19.2
2026-09-07T19:00,newcastle_au,Newcastle,Australia,origin,-32.92435,151.79096,marine,2.64,175.0,7.2,2.1,5.5,1.16,7.8,0.6,18.0,19.2
2026-09-07T20:00,newcastle_au,Newcastle,Australia,origin,-32.92435,151.79096,marine,2.62,174.0,7.35,1.96,5.25,1.3,7.9,0.6,18.0,19.2
2026-09-07T21:00,newcastle_au,Newcastle,Australia,origin,-32.92435,151.79096,marine,2.62,174.0,7.4,1.82,5.05,1.46,7.9,0.6,18.0,19.2
2026-09-07T22:00,newcastle_au,Newcastle,Australia,origin,-32.92435,151.79096,marine,2.56,173.0,7.45,1.72,4.9,1.62,7.75,0.6,18.0,19.2
2026-09-07T23:00,newcastle_au,Newcastle,Australia,origin,-32.92435,151.79096,marine,2.52,171.0,7.45,1.6,4.8,1.76,7.55,0.6,18.0,19.2
2026-09-08T00:00,newcastle_au,Newcastle,Australia,origin,-32.92435,151.79096,marine,2.46,170.0,7.45,1.5,4.65,1.92,7.35,0.4,27.0,19.2
2026-09-08T01:00,newcastle_au,Newcastle,Australia,origin,-32.92435,151.79096,marine,2.38,169.0,7.45,1.3,4.35,1.96,7.15,0.4,27.0,19.2
2026-09-08T02:00,newcastle_au,Newcastle,Australia,origin,-32.92435,151.79096,marine,2.32,167.0,7.45,1.12,4.0,2.0,6.95,0.4,27.0,19.2
2026-09-08T03:00,newcastle_au,Newcastle,Australia,origin,-32.92435,151.79096,marine,2.24,166.0,7.45,0.92,3.65,2.04,6.8,0.4,27.0,19.3
2026-09-08T04:00,newcastle_au,Newcastle,Australia,origin,-32.92435,151.79096,marine,2.18,165.0,7.55,0.74,3.25,2.04,6.7,0.4,0.0,19.3
2026-09-08T05:00,newcastle_au,Newcastle,Australia,origin,-32.92435,151.79096,marine,2.12,164.0,7.65,0.56,2.9,2.02,6.65,0.4,0.0,19.3
2026-09-08T06:00,newcastle_au,Newcastle,Australia,origin,-32.92435,151.79096,marine,2.06,163.0,7.75,0.38,2.45,2.02,6.65,0.4,0.0,19.3
2026-09-08T07:00,newcastle_au,Newcastle,Australia,origin,-32.92435,151.79096,marine,2.02,162.0,7.85,0.28,1.95,2.0,6.65,0.2,0.0,19.3
2026-09-08T08:00,newcastle_au,Newcastle,Australia,origin,-32.92435,151.79096,marine,2.0,160.0,8.0,0.18,1.45,1.98,6.7,0.2,0.0,19.3
2026-09-08T09:00,newcastle_au,Newcastle,Australia,origin,-32.92435,151.79096,marine,1.96,159.0,8.1,0.08,1.0,1.96,6.75,0.0,90.0,19.3
2026-09-08T10:00,newcastle_au,Newcastle,Australia,origin,-32.92435,151.79096,marine,1.92,158.0,8.15,0.06,0.6,1.92,6.8,0.0,90.0,19.3
2026-09-08T11:00,newcastle_au,Newcastle,Australia,origin,-32.92435,151.79096,marine,1.88,157.0,8.2,0.02,0.25,1.88,6.85,0.2,180.0,19.3
2026-09-08T12:00,newcastle_au,Newcastle,Australia,origin,-32.92435,151.79096,marine,1.84,156.0,8.25,0.0,0.0,1.84,6.9,0.2,180.0,19.3
2026-09-08T13:00,newcastle_au,Newcastle,Australia,origin,-32.92435,151.79096,marine,1.8,155.0,8.25,0.0,0.0,1.8,6.9,0.2,180.0,19.3
2026-09-08T14:00,newcastle_au,Newcastle,Australia,origin,-32.92435,151.79096,marine,1.78,154.0,8.25,0.0,0.0,1.78,6.9,0.2,180.0,19.3
2026-09-08T15:00,newcastle_au,Newcastle,Australia,origin,-32.92435,151.79096,marine,1.74,153.0,8.25,0.0,0.0,1.74,6.9,0.2,180.0,19.2
2026-09-08T16:00,newcastle_au,Newcastle,Australia,origin,-32.92435,151.79096,marine,1.7,152.0,8.25,0.0,0.25,1.7,6.9,0.2,180.0,19.2
2026-09-08T17:00,newcastle_au,Newcastle,Australia,origin,-32.92435,151.79096,marine,1.64,152.0,8.25,0.02,0.6,1.64,6.9,0.2,180.0,19.2
2026-09-08T18:00,newcastle_au,Newcastle,Australia,origin,-32.92435,151.79096,marine,1.6,151.0,8.25,0.02,0.9,1.6,6.9,0.0,90.0,19.2
2026-09-08T19:00,newcastle_au,Newcastle,Australia,origin,-32.92435,151.79096,marine,1.56,150.0,8.25,0.02,1.15,1.56,6.9,0.0,90.0,19.2
2026-09-08T20:00,newcastle_au,Newcastle,Australia,origin,-32.92435,151.79096,marine,1.52,150.0,8.25,0.04,1.35,1.52,6.9,0.0,90.0,19.2
2026-09-08T21:00,newcastle_au,Newcastle,Australia,origin,-32.92435,151.79096,marine,1.48,149.0,8.25,0.04,1.45,1.48,6.9,0.2,180.0,19.2
2026-09-08T22:00,newcastle_au,Newcastle,Australia,origin,-32.92435,151.79096,marine,1.44,148.0,8.3,0.04,1.2,1.44,6.9,0.2,180.0,19.3
2026-09-08T23:00,newcastle_au,Newcastle,Australia,origin,-32.92435,151.79096,marine,1.42,148.0,8.35,0.04,0.85,1.42,6.9,0.2,180.0,19.3
2026-09-09T00:00,newcastle_au,Newcastle,Australia,origin,-32.92435,151.79096,marine,1.38,147.0,8.25,0.04,0.9,1.38,6.9,0.0,90.0,19.3
2026-09-09T01:00,newcastle_au,Newcastle,Australia,origin,-32.92435,151.79096,marine,1.44,150.0,7.9,0.42,1.85,1.22,6.8,0.2,0.0,19.3
2026-09-09T02:00,newcastle_au,Newcastle,Australia,origin,-32.92435,151.79096,marine,1.48,154.0,7.4,0.78,3.2,1.08,6.7,0.2,0.0,19.3
2026-09-09T03:00,newcastle_au,Newcastle,Australia,origin,-32.92435,151.79096,marine,1.54,157.0,7.0,1.16,4.35,0.92,6.65,0.4,333.0,19.3
2026-09-09T04:00,newcastle_au,Newcastle,Australia,origin,-32.92435,151.79096,marine,1.86,162.0,6.75,1.56,4.9,0.86,6.65,0.4,0.0,19.3
2026-09-09T05:00,newcastle_au,Newcastle,Australia,origin,-32.92435,151.79096,marine,2.16,167.0,6.6,1.94,5.25,0.78,6.65,0.4,0.0,19.3
2026-09-09T06:00,newcastle_au,Newcastle,Australia,origin,-32.92435,151.79096,marine,2.48,172.0,6.55,2.34,5.5,0.72,6.8,0.4,0.0,19.3
2026-09-09T07:00,newcastle_au,Newcastle,Australia,origin,-32.92435,151.79096,marine,2.66,172.0,6.7,2.52,5.8,0.68,7.15,0.4,27.0,19.3
2026-09-09T08:00,newcastle_au,Newcastle,Australia,origin,-32.92435,151.79096,marine,2.86,171.0,7.0,2.72,6.1,0.66,7.6,0.4,27.0,19.3
2026-09-09T09:00,newcastle_au,Newcastle,Australia,origin,-32.92435,151.79096,marine,3.04,171.0,7.3,2.9,6.3,0.62,8.05,0.4,27.0,19.3
2026-09-09T10:00,newcastle_au,Newcastle,Australia,origin,-32.92435,151.79096,marine,3.08,171.0,7.5,2.88,6.4,0.7,8.6,0.4,27.0,19.2
2026-09-09T11:00,newcastle_au,Newcastle,Australia,origin,-32.92435,151.79096,marine,3.1,171.0,7.65,2.86,6.45,0.8,9.1,0.4,27.0,19.2
2026-09-09T12:00,newcastle_au,Newcastle,Australia,origin,-32.92435,151.79096,marine,3.14,171.0,7.85,2.84,6.45,0.88,9.5,0.4,0.0,19.2
2026-09-09T13:00,newcastle_au,Newcastle,Australia,origin,-32.92435,151.79096,marine,3.14,171.0,8.05,2.7,6.35,1.16,9.6,0.2,0.0,19.2
2026-09-09T14:00,newcastle_au,Newcastle,Australia,origin,-32.92435,151.79096,marine,3.16,171.0,8.25,2.54,6.2,1.46,9.55,0.2,0.0,19.2
2026-09-09T15:00,newcastle_au,Newcastle,Australia,origin,-32.92435,151.79096,marine,3.16,171.0,8.4,2.4,5.95,1.74,9.4,0.2,0.0,19.2
2026-09-09T16:00,newcastle_au,Newcastle,Australia,origin,-32.92435,151.79096,marine,3.12,171.0,8.55,2.12,5.6,1.96,9.1,0.2,0.0,19.2
2026-09-09T17:00,newcastle_au,Newcastle,Australia,origin,-32.92435,151.79096,marine,3.06,171.0,8.6,1.86,5.2,2.16,8.7,0.2,0.0,19.2
2026-09-09T18:00,newcastle_au,Newcastle,Australia,origin,-32.92435,151.79096,marine,3.02,171.0,8.7,1.58,4.8,2.38,8.4,0.2,0.0,19.2
2026-09-09T19:00,newcastle_au,Newcastle,Australia,origin,-32.92435,151.79096,marine,2.94,170.0,8.75,1.42,4.45,2.38,8.2,0.2,0.0,19.2
2026-09-09T20:00,newcastle_au,Newcastle,Australia,origin,-32.92435,151.79096,marine,2.86,170.0,8.8,1.26,4.15,2.38,8.05,0.3,45.0,19.2
2026-09-09T21:00,newcastle_au,Newcastle,Australia,origin,-32.92435,151.79096,marine,2.78,169.0,8.8,1.1,4.05,2.38,8.0,0.3,45.0,19.2
2026-09-09T22:00,newcastle_au,Newcastle,Australia,origin,-32.92435,151.79096,marine,2.76,169.0,8.75,1.28,4.25,2.26,8.05,0.3,45.0,19.2
2026-09-09T23:00,newcastle_au,Newcastle,Australia,origin,-32.92435,151.79096,marine,2.74,170.0,8.7,1.46,4.65,2.16,8.15,0.3,45.0,19.2
2026-09-10T00:00,newcastle_au,Newcastle,Australia,origin,-32.92435,151.79096,marine,2.72,170.0,8.65,1.64,4.95,2.04,8.2,0.2,0.0,19.2
2026-09-10T01:00,newcastle_au,Newcastle,Australia,origin,-32.92435,151.79096,marine,2.76,170.0,8.7,1.68,5.1,2.02,8.2,0.2,0.0,19.2
2026-09-10T02:00,newcastle_au,Newcastle,Australia,origin,-32.92435,151.79096,marine,2.78,171.0,8.8,1.74,5.15,2.02,8.15,0.2,0.0,19.2
2026-09-10T03:00,newcastle_au,Newcastle,Australia,origin,-32.92435,151.79096,marine,2.82,171.0,8.95,1.78,5.15,2.0,8.15,0.4,0.0,19.2
2026-09-10T04:00,newcastle_au,Newcastle,Australia,origin,-32.92435,151.79096,marine,2.84,171.0,9.15,1.72,5.1,2.04,8.15,0.4,0.0,19.2
2026-09-10T05:00,newcastle_au,Newcastle,Australia,origin,-32.92435,151.79096,marine,2.86,171.0,9.4,1.64,5.0,2.06,8.2,0.4,0.0,19.2
2026-09-10T06:00,newcastle_au,Newcastle,Australia,origin,-32.92435,151.79096,marine,2.88,171.0,9.65,1.58,4.9,2.1,8.2,0.4,0.0,19.2
2026-09-10T07:00,newcastle_au,Newcastle,Australia,origin,-32.92435,151.79096,marine,2.9,171.0,9.85,1.6,4.95,2.06,8.15,0.4,0.0,19.2
2026-09-10T08:00,newcastle_au,Newcastle,Australia,origin,-32.92435,151.79096,marine,2.9,171.0,10.05,1.64,5.0,2.0,8.05,0.4,0.0,19.2
2026-09-10T09:00,newcastle_au,Newcastle,Australia,origin,-32.92435,151.79096,marine,2.92,171.0,10.25,1.66,4.95,1.96,8.25,0.4,0.0,19.2
2026-09-10T10:00,newcastle_au,Newcastle,Australia,origin,-32.92435,151.79096,marine,2.9,171.0,10.45,1.5,4.75,2.14,8.95,0.2,0.0,19.2
2026-09-10T11:00,newcastle_au,Newcastle,Australia,origin,-32.92435,151.79096,marine,2.9,170.0,10.65,1.32,4.45,2.34,9.85,0.2,0.0,19.2
2026-09-10T12:00,newcastle_au,Newcastle,Australia,origin,-32.92435,151.79096,marine,2.88,170.0,10.8,1.16,4.15,2.52,10.5,0.2,0.0,19.2
2026-09-10T13:00,newcastle_au,Newcastle,Australia,origin,-32.92435,151.79096,marine,2.84,169.0,10.95,1.0,3.8,2.52,10.6,0.2,0.0,19.2
2026-09-10T14:00,newcastle_au,Newcastle,Australia,origin,-32.92435,151.79096,marine,2.78,169.0,11.05,0.84,3.45,2.54,10.45,0.2,0.0,19.2
2026-09-10T15:00,newcastle_au,Newcastle,Australia,origin,-32.92435,151.79096,marine,2.74,168.0,11.15,0.68,3.2,2.54,10.3,0.2,0.0,19.2
2026-09-10T16:00,newcastle_au,Newcastle,Australia,origin,-32.92435,151.79096,marine,2.7,168.0,11.25,0.64,3.05,2.52,10.3,0.2,0.0,19.2
2026-09-10T17:00,newcastle_au,Newcastle,Australia,origin,-32.92435,151.79096,marine,2.68,167.0,11.3,0.6,3.0,2.5,10.35,0.2,0.0,19.2
2026-09-10T18:00,newcastle_au,Newcastle,Australia,origin,-32.92435,151.79096,marine,2.64,167.0,11.3,0.56,2.95,2.48,10.3,0.2,0.0,19.2
2026-09-10T19:00,newcastle_au,Newcastle,Australia,origin,-32.92435,151.79096,marine,2.62,166.0,11.25,0.54,2.95,2.48,10.15,0.3,45.0,19.2
2026-09-10T20:00,newcastle_au,Newcastle,Australia,origin,-32.92435,151.79096,marine,2.6,166.0,11.2,0.54,2.9,2.48,10.0,0.3,45.0,19.2
2026-09-10T21:00,newcastle_au,Newcastle,Australia,origin,-32.92435,151.79096,marine,2.58,165.0,11.15,0.52,2.85,2.48,9.8,0.3,45.0,19.2
2026-09-10T22:00,newcastle_au,Newcastle,Australia,origin,-32.92435,151.79096,marine,2.54,164.0,11.1,0.44,2.65,2.46,9.65,0.3,45.0,19.1
2026-09-10T23:00,newcastle_au,Newcastle,Australia,origin,-32.92435,151.79096,marine,2.5,164.0,11.0,0.34,2.35,2.42,9.5,0.3,45.0,19.2
2026-09-11T00:00,newcastle_au,Newcastle,Australia,origin,-32.92435,151.79096,marine,2.46,163.0,10.95,0.26,2.15,2.4,9.4,0.3,45.0,19.2
2026-09-11T01:00,newcastle_au,Newcastle,Australia,origin,-32.92435,151.79096,marine,2.4,163.0,10.9,0.26,2.1,2.36,9.3,0.2,0.0,19.2
2026-09-11T02:00,newcastle_au,Newcastle,Australia,origin,-32.92435,151.79096,marine,2.36,162.0,10.85,0.24,2.1,2.32,9.2,0.2,0.0,19.3
2026-09-11T03:00,newcastle_au,Newcastle,Australia,origin,-32.92435,151.79096,marine,2.3,162.0,10.8,0.24,2.1,2.28,9.1,0.3,315.0,19.4
2026-09-11T04:00,newcastle_au,Newcastle,Australia,origin,-32.92435,151.79096,marine,2.24,161.0,10.7,0.2,1.95,2.22,9.0,0.3,315.0,19.4
2026-09-11T05:00,newcastle_au,Newcastle,Australia,origin,-32.92435,151.79096,marine,2.18,161.0,10.65,0.16,1.75,2.18,8.9,0.3,315.0,19.5
2026-09-11T06:00,newcastle_au,Newcastle,Australia,origin,-32.92435,151.79096,marine,2.12,160.0,10.55,0.12,1.65,2.12,8.85,0.4,270.0,19.5
2026-09-11T07:00,newcastle_au,Newcastle,Australia,origin,-32.92435,151.79096,marine,2.08,160.0,10.45,0.14,1.75,2.06,8.8,0.4,270.0,19.5
2026-09-11T08:00,newcastle_au,Newcastle,Australia,origin,-32.92435,151.79096,marine,2.02,159.0,10.4,0.14,1.9,2.02,8.8,0.4,243.0,19.5
2026-09-11T09:00,newcastle_au,Newcastle,Australia,origin,-32.92435,151.79096,marine,1.98,159.0,10.35,0.16,1.85,1.96,8.75,0.3,225.0,19.4
2026-09-11T10:00,newcastle_au,Newcastle,Australia,origin,-32.92435,151.79096,marine,1.94,159.0,10.3,0.1,1.3,1.94,8.7,0.4,207.0,19.4
2026-09-11T11:00,newcastle_au,Newcastle,Australia,origin,-32.92435,151.79096,marine,1.92,158.0,10.3,0.06,0.55,1.9,8.65,0.4,207.0,19.3
2026-09-11T12:00,newcastle_au,Newcastle,Australia,origin,-32.92435,151.79096,marine,1.88,158.0,10.3,0.0,0.0,1.88,8.6,0.6,198.0,19.3
2026-09-11T13:00,newcastle_au,Newcastle,Australia,origin,-32.92435,151.79096,marine,1.86,158.0,10.3,0.0,0.0,1.86,8.6,0.6,198.0,19.2
2026-09-11T14:00,newcastle_au,Newcastle,Australia,origin,-32.92435,151.79096,marine,1.82,157.0,10.25,0.0,0.0,1.82,8.6,0.6,198.0,19.2
2026-09-11T15:00,newcastle_au,Newcastle,Australia,origin,-32.92435,151.79096,marine,1.8,157.0,10.25,0.0,0.0,1.8,8.6,0.6,198.0,19.2
2026-09-11T16:00,newcastle_au,Newcastle,Australia,origin,-32.92435,151.79096,marine,1.78,157.0,10.25,0.0,0.0,1.78,8.6,0.6,198.0,19.2
2026-09-11T17:00,newcastle_au,Newcastle,Australia,origin,-32.92435,151.79096,marine,1.76,157.0,10.25,0.0,0.0,1.76,8.6,0.4,207.0,19.2
2026-09-11T18:00,newcastle_au,Newcastle,Australia,origin,-32.92435,151.79096,marine,1.74,157.0,10.3,0.0,0.0,1.74,8.65,0.4,207.0,19.2
2026-09-11T19:00,newcastle_au,Newcastle,Australia,origin,-32.92435,151.79096,marine,1.72,157.0,10.35,0.0,0.0,1.72,8.7,0.4,207.0,19.2
2026-09-11T20:00,newcastle_au,Newcastle,Australia,origin,-32.92435,151.79096,marine,1.72,158.0,10.4,0.0,0.0,1.72,8.75,0.4,207.0,19.2
2026-09-11T21:00,newcastle_au,Newcastle,Australia,origin,-32.92435,151.79096,marine,1.7,158.0,10.5,0.0,0.0,1.7,8.8,0.4,207.0,19.2
2026-09-11T22:00,newcastle_au,Newcastle,Australia,origin,-32.92435,151.79096,marine,1.7,158.0,10.6,0.0,0.0,1.7,8.85,0.4,207.0,19.2
2026-09-11T23:00,newcastle_au,Newcastle,Australia,origin,-32.92435,151.79096,marine,1.7,159.0,10.65,0.0,0.0,1.7,8.95,0.4,207.0,19.2
2026-09-12T00:00,newcastle_au,Newcastle,Australia,origin,-32.92435,151.79096,marine,1.7,159.0,10.75,0.0,0.0,1.7,9.0,0.6,198.0,19.2
2026-09-12T01:00,newcastle_au,Newcastle,Australia,origin,-32.92435,151.79096,marine,1.7,159.0,10.85,0.04,0.45,1.7,9.05,0.6,214.0,19.3
2026-09-12T02:00,newcastle_au,Newcastle,Australia,origin,-32.92435,151.79096,marine,1.7,159.0,10.9,0.06,1.1,1.7,9.05,0.8,207.0,19.3
2026-09-12T03:00,newcastle_au,Newcastle,Australia,origin,-32.92435,151.79096,marine,1.7,159.0,10.9,0.1,1.7,1.7,9.15,0.8,207.0,19.4
2026-09-12T04:00,newcastle_au,Newcastle,Australia,origin,-32.92435,151.79096,marine,1.7,158.0,10.8,0.22,2.1,1.66,9.35,0.8,207.0,19.4
2026-09-12T05:00,newcastle_au,Newcastle,Australia,origin,-32.92435,151.79096,marine,1.72,157.0,10.7,0.36,2.45,1.62,9.65,0.8,207.0,19.5
2026-09-12T06:00,newcastle_au,Newcastle,Australia,origin,-32.92435,151.79096,marine,1.72,156.0,10.55,0.48,2.7,1.58,9.8,0.8,207.0,19.5
2026-09-12T07:00,newcastle_au,Newcastle,Australia,origin,-32.92435,151.79096,marine,1.72,155.0,10.45,0.5,2.8,1.58,9.75,0.8,207.0,19.5
2026-09-12T08:00,newcastle_au,Newcastle,Australia,origin,-32.92435,151.79096,marine,1.7,155.0,10.3,0.5,2.8,1.58,9.65,0.8,207.0,19.4
2026-09-12T09:00,newcastle_au,Newcastle,Australia,origin,-32.92435,151.79096,marine,1.7,154.0,10.25,0.52,2.75,1.58,9.55,0.7,194.0,19.4
2026-09-12T10:00,newcastle_au,Newcastle,Australia,origin,-32.92435,151.79096,marine,1.66,154.0,10.25,0.48,2.65,1.54,9.55,0.7,194.0,19.3
2026-09-12T11:00,newcastle_au,Newcastle,Australia,origin,-32.92435,151.79096,marine,1.62,155.0,10.3,0.42,2.55,1.5,9.55,0.7,194.0,19.3
2026-09-12T12:00,newcastle_au,Newcastle,Australia,origin,-32.92435,151.79096,marine,1.58,155.0,10.35,0.38,2.45,1.46,9.65,0.6,198.0,19.2
2026-09-12T13:00,newcastle_au,Newcastle,Australia,origin,-32.92435,151.79096,marine,1.56,155.0,10.4,0.36,2.4,1.4,9.85,0.6,198.0,19.2
2026-09-12T14:00,newcastle_au,Newcastle,Australia,origin,-32.92435,151.79096,marine,1.52,155.0,10.45,0.32,2.35,1.32,10.15,0.6,198.0,19.2
2026-09-12T15:00,newcastle_au,Newcastle,Australia,origin,-32.92435,151.79096,marine,1.5,155.0,10.5,0.3,2.2,1.26,10.45,0.6,198.0,19.2
2026-09-12T16:00,newcastle_au,Newcastle,Australia,origin,-32.92435,151.79096,marine,1.46,155.0,10.55,0.24,1.85,1.18,10.85,0.6,198.0,19.2
2026-09-12T17:00,newcastle_au,Newcastle,Australia,origin,-32.92435,151.79096,marine,1.44,156.0,10.6,0.16,1.4,1.1,11.3,0.4,207.0,19.2
2026-09-12T18:00,newcastle_au,Newcastle,Australia,origin,-32.92435,151.79096,marine,1.4,156.0,10.7,0.1,1.15,1.02,11.5,0.4,207.0,19.2
2026-09-12T19:00,newcastle_au,Newcastle,Australia,origin,-32.92435,151.79096,marine,1.36,157.0,10.8,0.1,1.2,1.06,11.25,0.4,207.0,19.2
2026-09-12T20:00,newcastle_au,Newcastle,Australia,origin,-32.92435,151.79096,marine,1.34,158.0,10.9,0.08,1.45,1.12,10.75,0.4,207.0,19.2
2026-09-12T21:00,newcastle_au,Newcastle,Australia,origin,-32.92435,151.79096,marine,1.3,159.0,11.0,0.08,1.55,1.16,10.35,0.4,207.0,19.2
2026-09-12T22:00,newcastle_au,Newcastle,Australia,origin,-32.92435,151.79096,marine,1.28,160.0,11.05,0.06,1.35,1.14,10.3,0.4,207.0,19.2
2026-09-12T23:00,newcastle_au,Newcastle,Australia,origin,-32.92435,151.79096,marine,1.24,160.0,11.1,0.06,1.05,1.12,10.35,0.4,207.0,19.2
2026-09-13T00:00,newcastle_au,Newcastle,Australia,origin,-32.92435,151.79096,marine,1.22,161.0,11.15,0.04,0.9,1.1,10.35,0.4,207.0,19.2
2026-09-13T01:00,newcastle_au,Newcastle,Australia,origin,-32.92435,151.79096,marine,1.2,161.0,11.2,0.08,1.1,1.08,10.25,0.4,207.0,19.3
2026-09-13T02:00,newcastle_au,Newcastle,Australia,origin,-32.92435,151.79096,marine,1.18,162.0,11.25,0.1,1.45,1.06,10.1,0.4,207.0,19.3
2026-09-13T03:00,newcastle_au,Newcastle,Australia,origin,-32.92435,151.79096,marine,1.16,162.0,11.15,0.14,1.8,1.04,10.05,0.6,198.0,19.4
2026-09-13T04:00,newcastle_au,Newcastle,Australia,origin,-32.92435,151.79096,marine,1.16,160.0,10.9,0.26,2.15,1.04,10.1,0.6,214.0,19.5
2026-09-13T05:00,newcastle_au,Newcastle,Australia,origin,-32.92435,151.79096,marine,1.18,158.0,10.55,0.36,2.5,1.02,10.2,0.6,214.0,19.6
2026-09-13T06:00,newcastle_au,Newcastle,Australia,origin,-32.92435,151.79096,marine,1.18,156.0,10.2,0.48,2.7,1.02,10.25,0.6,214.0,19.6
2026-09-13T07:00,newcastle_au,Newcastle,Australia,origin,-32.92435,151.79096,marine,1.2,152.0,9.9,0.44,2.7,1.0,10.25,0.6,214.0,19.6
2026-09-13T08:00,newcastle_au,Newcastle,Australia,origin,-32.92435,151.79096,marine,1.2,149.0,9.65,0.4,2.6,1.0,10.15,0.6,198.0,19.5
2026-09-13T09:00,newcastle_au,Newcastle,Australia,origin,-32.92435,151.79096,marine,1.22,145.0,9.45,0.36,2.45,0.98,10.1,0.6,198.0,19.5
2026-09-13T10:00,newcastle_au,Newcastle,Australia,origin,-32.92435,151.79096,marine,1.2,145.0,9.4,0.3,2.3,0.96,10.0,0.6,198.0,19.4
2026-09-13T11:00,newcastle_au,Newcastle,Australia,origin,-32.92435,151.79096,marine,1.18,144.0,9.4,0.24,2.05,0.92,9.95,0.5,180.0,19.3
2026-09-13T12:00,newcastle_au,Newcastle,Australia,origin,-32.92435,151.79096,marine,1.16,144.0,9.45,0.18,1.9,0.9,9.9,0.4,180.0,19.3
2026-09-13T13:00,newcastle_au,Newcastle,Australia,origin,-32.92435,151.79096,marine,1.14,144.0,9.45,0.16,1.8,0.9,9.95,0.4,180.0,19.3
2026-09-13T14:00,newcastle_au,Newcastle,Australia,origin,-32.92435,151.79096,marine,1.14,144.0,9.45,0.14,1.75,0.9,10.0,0.4,180.0,19.2
2026-09-13T15:00,newcastle_au,Newcastle,Australia,origin,-32.92435,151.79096,marine,1.12,144.0,9.5,0.12,1.7,0.9,10.05,0.4,207.0,19.2
2026-09-13T16:00,newcastle_au,Newcastle,Australia,origin,-32.92435,151.79096,marine,1.1,145.0,9.55,0.1,1.65,0.88,10.0,0.4,207.0,19.2
2026-09-13T17:00,newcastle_au,Newcastle,Australia,origin,-32.92435,151.79096,marine,1.06,146.0,9.6,0.1,1.6,0.88,9.9,0.4,207.0,19.2
2026-09-13T18:00,newcastle_au,Newcastle,Australia,origin,-32.92435,151.79096,marine,1.04,147.0,9.65,0.08,1.55,0.86,9.85,0.4,207.0,19.2
2026-09-13T19:00,newcastle_au,Newcastle,Australia,origin,-32.92435,151.79096,marine,1.02,148.0,9.7,0.08,1.5,0.82,9.9,0.4,207.0,19.2
2026-09-13T20:00,newcastle_au,Newcastle,Australia,origin,-32.92435,151.79096,marine,1.0,149.0,9.75,0.08,1.5,0.8,9.95,0.4,207.0,19.2
2026-09-13T21:00,newcastle_au,Newcastle,Australia,origin,-32.92435,151.79096,marine,0.98,150.0,9.75,0.08,1.5,0.76,9.95,0.4,207.0,19.2
2026-09-13T22:00,newcastle_au,Newcastle,Australia,origin,-32.92435,151.79096,marine,0.96,151.0,9.75,0.1,1.5,0.76,9.85,0.4,180.0,19.2
2026-09-13T23:00,newcastle_au,Newcastle,Australia,origin,-32.92435,151.79096,marine,0.96,151.0,9.75,0.1,1.45,0.78,9.7,0.4,180.0,19.2
2026-09-07T00:00,paradip_in,Paradip,India,destination,20.2669,86.6997,marine,1.08,179.0,9.55,0.14,1.75,0.86,10.45,0.5,90.0,30.3
2026-09-07T01:00,paradip_in,Paradip,India,destination,20.2669,86.6997,marine,1.08,179.0,9.65,0.14,1.75,0.84,10.8,0.4,117.0,30.3
2026-09-07T02:00,paradip_in,Paradip,India,destination,20.2669,86.6997,marine,1.08,179.0,9.75,0.12,1.75,0.82,11.15,0.4,153.0,30.4
2026-09-07T03:00,paradip_in,Paradip,India,destination,20.2669,86.6997,marine,1.08,179.0,9.9,0.12,1.7,0.8,11.15,0.6,162.0,30.4
2026-09-07T04:00,paradip_in,Paradip,India,destination,20.2669,86.6997,marine,1.08,178.0,10.05,0.1,1.6,0.86,10.4,0.6,162.0,30.5
2026-09-07T05:00,paradip_in,Paradip,India,destination,20.2669,86.6997,marine,1.06,178.0,10.25,0.06,1.5,0.92,9.3,0.6,162.0,30.6
2026-09-07T06:00,paradip_in,Paradip,India,destination,20.2669,86.6997,marine,1.06,177.0,10.35,0.04,1.45,0.98,8.55,0.6,162.0,30.6
2026-09-07T07:00,paradip_in,Paradip,India,destination,20.2669,86.6997,marine,1.06,177.0,10.4,0.06,1.55,1.0,8.55,0.4,153.0,30.6
2026-09-07T08:00,paradip_in,Paradip,India,destination,20.2669,86.6997,marine,1.06,177.0,10.45,0.06,1.7,1.0,8.85,0.4,117.0,30.6
2026-09-07T09:00,paradip_in,Paradip,India,destination,20.2669,86.6997,marine,1.06,177.0,10.4,0.08,1.8,1.02,9.0,0.4,90.0,30.6
2026-09-07T10:00,paradip_in,Paradip,India,destination,20.2669,86.6997,marine,1.08,177.0,10.3,0.1,1.85,1.0,8.65,0.5,90.0,30.6
2026-09-07T11:00,paradip_in,Paradip,India,destination,20.2669,86.6997,marine,1.08,178.0,10.1,0.12,1.85,0.98,8.05,0.5,90.0,30.6
2026-09-07T12:00,paradip_in,Paradip,India,destination,20.2669,86.6997,marine,1.1,178.0,9.95,0.14,1.85,0.96,7.6,0.4,90.0,30.6
2026-09-07T13:00,paradip_in,Paradip,India,destination,20.2669,86.6997,marine,1.1,178.0,9.9,0.16,1.9,0.96,7.4,0.4,117.0,30.6
2026-09-07T14:00,paradip_in,Paradip,India,destination,20.2669,86.6997,marine,1.12,179.0,9.85,0.18,2.0,0.94,7.3,0.4,153.0,30.5
2026-09-07T15:00,paradip_in,Paradip,India,destination,20.2669,86.6997,marine,1.12,179.0,9.8,0.2,2.05,0.94,7.25,0.4,180.0,30.5
2026-09-07T16:00,paradip_in,Paradip,India,destination,20.2669,86.6997,marine,1.12,179.0,9.75,0.2,2.05,0.9,7.15,0.4,180.0,30.5
2026-09-07T17:00,paradip_in,Paradip,India,destination,20.2669,86.6997,marine,1.12,180.0,9.65,0.22,2.0,0.88,7.15,0.4,180.0,30.4
2026-09-07T18:00,paradip_in,Paradip,India,destination,20.2669,86.6997,marine,1.12,180.0,9.65,0.22,1.95,0.84,7.35,0.3,135.0,30.4
2026-09-07T19:00,paradip_in,Paradip,India,destination,20.2669,86.6997,marine,1.12,180.0,9.7,0.22,2.0,0.86,7.95,0.4,90.0,30.4
2026-09-07T20:00,paradip_in,Paradip,India,destination,20.2669,86.6997,marine,1.12,180.0,9.75,0.22,2.1,0.86,8.8,0.6,72.0,30.4
2026-09-07T21:00,paradip_in,Paradip,India,destination,20.2669,86.6997,marine,1.12,180.0,9.85,0.22,2.05,0.88,9.5,0.8,63.0,30.3
2026-09-07T22:00,paradip_in,Paradip,India,destination,20.2669,86.6997,marine,1.1,180.0,10.0,0.18,1.85,0.9,9.95,0.8,63.0,30.3
2026-09-07T23:00,paradip_in,Paradip,India,destination,20.2669,86.6997,marine,1.08,180.0,10.2,0.12,1.55,0.92,10.3,0.8,63.0,30.3
2026-09-08T00:00,paradip_in,Paradip,India,destination,20.2669,86.6997,marine,1.06,180.0,10.4,0.08,1.2,0.94,10.55,0.8,63.0,30.3
2026-09-08T01:00,paradip_in,Paradip,India,destination,20.2669,86.6997,marine,1.06,180.0,10.5,0.06,0.8,0.9,10.6,0.6,72.0,30.4
2026-09-08T02:00,paradip_in,Paradip,India,destination,20.2669,86.6997,marine,1.04,180.0,10.6,0.04,0.35,0.86,10.55,0.4,90.0,30.4
2026-09-08T03:00,paradip_in,Paradip,India,destination,20.2669,86.6997,marine,1.04,180.0,10.7,0.02,0.15,0.82,10.5,0.3,135.0,30.5
2026-09-08T04:00,paradip_in,Paradip,India,destination,20.2669,86.6997,marine,1.04,180.0,10.8,0.02,0.45,0.8,10.5,0.4,153.0,30.5
2026-09-08T05:00,paradip_in,Paradip,India,destination,20.2669,86.6997,marine,1.04,179.0,10.9,0.04,1.05,0.8,10.55,0.4,180.0,30.6
2026-09-08T06:00,paradip_in,Paradip,India,destination,20.2669,86.6997,marine,1.04,179.0,10.95,0.04,1.5,0.78,10.6,0.4,153.0,30.6
2026-09-08T07:00,paradip_in,Paradip,India,destination,20.2669,86.6997,marine,1.04,179.0,10.95,0.1,1.75,0.78,10.7,0.3,135.0,30.6
2026-09-08T08:00,paradip_in,Paradip,India,destination,20.2669,86.6997,marine,1.04,179.0,10.9,0.14,1.9,0.76,10.75,0.4,90.0,30.7
2026-09-08T09:00,paradip_in,Paradip,India,destination,20.2669,86.6997,marine,1.04,179.0,10.85,0.2,1.95,0.76,10.8,0.6,72.0,30.7
2026-09-08T10:00,paradip_in,Paradip,India,destination,20.2669,86.6997,marine,1.04,179.0,10.75,0.16,1.8,0.78,10.75,0.7,76.0,30.7
2026-09-08T11:00,paradip_in,Paradip,India,destination,20.2669,86.6997,marine,1.06,179.0,10.65,0.12,1.55,0.78,10.6,0.7,76.0,30.6
2026-09-08T12:00,paradip_in,Paradip,India,destination,20.2669,86.6997,marine,1.06,179.0,10.6,0.08,1.25,0.8,10.45,0.7,76.0,30.6
2026-09-08T13:00,paradip_in,Paradip,India,destination,20.2669,86.6997,marine,1.06,179.0,10.6,0.06,0.9,0.8,10.2,0.5,90.0,30.6
2026-09-08T14:00,paradip_in,Paradip,India,destination,20.2669,86.6997,marine,1.06,178.0,10.65,0.04,0.55,0.8,9.95,0.4,117.0,30.6
2026-09-08T15:00,paradip_in,Paradip,India,destination,20.2669,86.6997,marine,1.06,178.0,10.65,0.02,0.4,0.8,9.8,0.4,153.0,30.5
2026-09-08T16:00,paradip_in,Paradip,India,destination,20.2669,86.6997,marine,1.06,178.0,10.6,0.02,0.6,0.78,9.9,0.5,180.0,30.5
2026-09-08T17:00,paradip_in,Paradip,India,destination,20.2669,86.6997,marine,1.08,177.0,10.5,0.04,0.95,0.78,10.15,0.5,180.0,30.5
2026-09-08T18:00,paradip_in,Paradip,India,destination,20.2669,86.6997,marine,1.08,177.0,10.45,0.04,1.2,0.76,10.4,0.6,198.0,30.4
2026-09-08T19:00,paradip_in,Paradip,India,destination,20.2669,86.6997,marine,1.08,177.0,10.4,0.04,1.2,0.76,10.65,0.4,180.0,30.4
2026-09-08T20:00,paradip_in,Paradip,India,destination,20.2669,86.6997,marine,1.1,177.0,10.35,0.04,1.15,0.74,10.95,0.3,135.0,30.4
2026-09-08T21:00,paradip_in,Paradip,India,destination,20.2669,86.6997,marine,1.1,177.0,10.3,0.04,1.1,0.74,10.95,0.4,90.0,30.3
2026-09-08T22:00,paradip_in,Paradip,India,destination,20.2669,86.6997,marine,1.1,177.0,10.3,0.04,1.2,0.76,10.5,0.6,72.0,30.3
2026-09-08T23:00,paradip_in,Paradip,India,destination,20.2669,86.6997,marine,1.1,178.0,10.3,0.04,1.3,0.78,9.75,0.8,63.0,30.3
2026-09-09T00:00,paradip_in,Paradip,India,destination,20.2669,86.6997,marine,1.1,178.0,10.35,0.04,1.25,0.8,9.15,0.8,63.0,30.3
2026-09-09T01:00,paradip_in,Paradip,India,destination,20.2669,86.6997,marine,1.1,178.0,10.4,0.02,0.9,0.8,8.8,0.7,76.0,30.3
2026-09-09T02:00,paradip_in,Paradip,India,destination,20.2669,86.6997,marine,1.1,178.0,10.45,0.02,0.4,0.8,8.55,0.5,90.0,30.4
2026-09-09T03:00,paradip_in,Paradip,India,destination,20.2669,86.6997,marine,1.1,178.0,10.55,0.0,0.0,0.8,8.55,0.4,117.0,30.4
2026-09-09T04:00,paradip_in,Paradip,India,destination,20.2669,86.6997,marine,1.08,178.0,10.65,0.0,0.0,0.8,8.95,0.4,153.0,30.5
2026-09-09T05:00,paradip_in,Paradip,India,destination,20.2669,86.6997,marine,1.08,177.0,10.75,0.0,0.0,0.78,9.6,0.5,180.0,30.5
2026-09-09T06:00,paradip_in,Paradip,India,destination,20.2669,86.6997,marine,1.06,177.0,10.85,0.0,0.0,0.78,10.25,0.7,180.0,30.6
2026-09-09T07:00,paradip_in,Paradip,India,destination,20.2669,86.6997,marine,1.06,177.0,10.9,0.04,0.6,0.78,11.0,0.7,180.0,30.6
2026-09-09T08:00,paradip_in,Paradip,India,destination,20.2669,86.6997,marine,1.06,177.0,10.9,0.1,1.4,0.78,11.75,0.4,180.0,30.6
2026-09-09T09:00,paradip_in,Paradip,India,destination,20.2669,86.6997,marine,1.06,177.0,10.85,0.14,1.85,0.78,12.25,0.3,135.0,30.6
2026-09-09T10:00,paradip_in,Paradip,India,destination,20.2669,86.6997,marine,1.08,177.0,10.8,0.1,1.6,0.78,12.25,0.4,90.0,30.6
2026-09-09T11:00,paradip_in,Paradip,India,destination,20.2669,86.6997,marine,1.08,178.0,10.7,0.06,0.95,0.78,12.0,0.6,72.0,30.6
2026-09-09T12:00,paradip_in,Paradip,India,destination,20.2669,86.6997,marine,1.1,178.0,10.65,0.02,0.45,0.78,11.7,0.7,90.0,30.6
2026-09-09T13:00,paradip_in,Paradip,India,destination,20.2669,86.6997,marine,1.1,178.0,10.65,0.02,0.2,0.78,11.45,0.5,90.0,30.6
2026-09-09T14:00,paradip_in,Paradip,India,destination,20.2669,86.6997,marine,1.08,177.0,10.7,0.0,0.05,0.78,11.15,0.4,117.0,30.6
2026-09-09T15:00,paradip_in,Paradip,India,destination,20.2669,86.6997,marine,1.08,177.0,10.75,0.0,0.0,0.78,10.8,0.6,162.0,30.6
2026-09-09T16:00,paradip_in,Paradip,India,destination,20.2669,86.6997,marine,1.08,177.0,10.75,0.0,0.1,0.78,10.35,0.7,194.0,30.5
2026-09-09T17:00,paradip_in,Paradip,India,destination,20.2669,86.6997,marine,1.08,177.0,10.8,0.02,0.25,0.78,9.85,0.9,191.0,30.5
2026-09-09T18:00,paradip_in,Paradip,India,destination,20.2669,86.6997,marine,1.08,177.0,10.8,0.02,0.4,0.78,9.45,1.0,202.0,30.5
2026-09-09T19:00,paradip_in,Paradip,India,destination,20.2669,86.6997,marine,1.08,177.0,10.8,0.02,0.45,0.76,9.25,1.0,202.0,30.5
2026-09-09T20:00,paradip_in,Paradip,India,destination,20.2669,86.6997,marine,1.08,177.0,10.8,0.02,0.5,0.76,9.2,0.7,194.0,30.4
2026-09-09T21:00,paradip_in,Paradip,India,destination,20.2669,86.6997,marine,1.08,177.0,10.8,0.02,0.55,0.74,9.15,0.5,180.0,30.4
2026-09-09T22:00,paradip_in,Paradip,India,destination,20.2669,86.6997,marine,1.08,177.0,10.75,0.02,0.75,0.76,9.05,0.4,153.0,30.4
2026-09-09T23:00,paradip_in,Paradip,India,destination,20.2669,86.6997,marine,1.06,177.0,10.7,0.04,0.95,0.76,8.95,0.4,117.0,30.4
2026-09-10T00:00,paradip_in,Paradip,India,destination,20.2669,86.6997,marine,1.06,177.0,10.7,0.04,1.05,0.78,8.9,0.6,108.0,30.4
2026-09-10T01:00,paradip_in,Paradip,India,destination,20.2669,86.6997,marine,1.06,177.0,10.7,0.02,0.85,0.76,9.0,0.6,108.0,30.4
2026-09-10T02:00,paradip_in,Paradip,India,destination,20.2669,86.6997,marine,1.06,177.0,10.75,0.02,0.45,0.74,9.15,0.4,117.0,30.4
2026-09-10T03:00,paradip_in,Paradip,India,destination,20.2669,86.6997,marine,1.06,177.0,10.8,0.0,0.15,0.72,9.25,0.5,180.0,30.4
2026-09-10T04:00,paradip_in,Paradip,India,destination,20.2669,86.6997,marine,1.06,177.0,10.8,0.0,0.05,0.72,9.15,0.7,194.0,30.5
2026-09-10T05:00,paradip_in,Paradip,India,destination,20.2669,86.6997,marine,1.06,176.0,10.85,0.0,0.0,0.72,9.0,1.2,207.0,30.5
2026-09-10T06:00,paradip_in,Paradip,India,destination,20.2669,86.6997,marine,1.06,176.0,10.85,0.0,0.0,0.72,8.9,1.3,214.0,30.5
2026-09-10T07:00,paradip_in,Paradip,India,destination,20.2669,86.6997,marine,1.06,176.0,10.85,0.0,0.0,0.72,8.85,1.4,220.0,30.5
2026-09-10T08:00,paradip_in,Paradip,India,destination,20.2669,86.6997,marine,1.06,176.0,10.9,0.0,0.0,0.72,8.9,1.3,225.0,30.6
2026-09-10T09:00,paradip_in,Paradip,India,destination,20.2669,86.6997,marine,1.06,176.0,10.9,0.0,0.0,0.72,9.0,1.0,225.0,30.6
2026-09-10T10:00,paradip_in,Paradip,India,destination,20.2669,86.6997,marine,1.08,176.0,10.9,0.0,0.0,0.7,9.3,0.6,236.0,30.6
2026-09-10T11:00,paradip_in,Paradip,India,destination,20.2669,86.6997,marine,1.08,176.0,10.95,0.0,0.0,0.7,9.65,0.3,225.0,30.6
2026-09-10T12:00,paradip_in,Paradip,India,destination,20.2669,86.6997,marine,1.1,176.0,10.95,0.0,0.0,0.68,9.9,0.2,270.0,30.6
2026-09-10T13:00,paradip_in,Paradip,India,destination,20.2669,86.6997,marine,1.1,176.0,10.95,0.0,0.0,0.74,9.8,0.0,90.0,30.6
2026-09-10T14:00,paradip_in,Paradip,India,destination,20.2669,86.6997,marine,1.1,176.0,10.95,0.0,0.0,0.78,9.5,0.2,270.0,30.5
2026-09-10T15:00,paradip_in,Paradip,India,destination,20.2669,86.6997,marine,1.1,176.0,10.95,0.0,0.0,0.84,9.4,0.4,243.0,30.5
2026-09-10T16:00,paradip_in,Paradip,India,destination,20.2669,86.6997,marine,1.1,176.0,11.0,0.0,0.0,0.84,9.65,0.6,236.0,30.5
2026-09-10T17:00,paradip_in,Paradip,India,destination,20.2669,86.6997,marine,1.08,176.0,11.05,0.0,0.0,0.84,10.0,1.0,225.0,30.4
2026-09-10T18:00,paradip_in,Paradip,India,destination,20.2669,86.6997,marine,1.08,176.0,11.1,0.0,0.0,0.84,10.25,1.2,231.0,30.4
2026-09-10T19:00,paradip_in,Paradip,India,destination,20.2669,86.6997,marine,1.08,176.0,11.15,0.0,0.0,0.86,10.1,1.3,225.0,30.4
2026-09-10T20:00,paradip_in,Paradip,India,destination,20.2669,86.6997,marine,1.06,176.0,11.2,0.0,0.0,0.86,9.85,1.2,219.0,30.4
2026-09-10T21:00,paradip_in,Paradip,India,destination,20.2669,86.6997,marine,1.06,176.0,11.25,0.0,0.0,0.88,9.65,0.9,217.0,30.4
2026-09-10T22:00,paradip_in,Paradip,India,destination,20.2669,86.6997,marine,1.06,176.0,11.3,0.0,0.0,0.88,9.75,0.5,225.0,30.3
2026-09-10T23:00,paradip_in,Paradip,India,destination,20.2669,86.6997,marine,1.04,176.0,11.4,0.0,0.0,0.88,9.95,0.3,225.0,30.3
2026-09-11T00:00,paradip_in,Paradip,India,destination,20.2669,86.6997,marine,1.04,176.0,11.45,0.0,0.0,0.88,10.0,0.2,180.0,30.3
2026-09-11T01:00,paradip_in,Paradip,India,destination,20.2669,86.6997,marine,1.04,176.0,11.5,0.0,0.3,0.92,9.8,0.2,180.0,30.3
2026-09-11T02:00,paradip_in,Paradip,India,destination,20.2669,86.6997,marine,1.04,176.0,11.55,0.02,0.7,0.94,9.5,0.4,207.0,30.4
2026-09-11T03:00,paradip_in,Paradip,India,destination,20.2669,86.6997,marine,1.04,176.0,11.5,0.02,1.1,0.98,9.25,0.8,225.0,30.4
2026-09-11T04:00,paradip_in,Paradip,India,destination,20.2669,86.6997,marine,1.06,175.0,11.3,0.1,1.4,0.98,9.25,1.2,231.0,30.5
2026-09-11T05:00,paradip_in,Paradip,India,destination,20.2669,86.6997,marine,1.08,175.0,11.05,0.2,1.65,0.98,9.3,1.4,230.0,30.5
2026-09-11T06:00,paradip_in,Paradip,India,destination,20.2669,86.6997,marine,1.1,174.0,10.8,0.28,1.85,0.98,9.35,1.7,229.0,30.6
2026-09-11T07:00,paradip_in,Paradip,India,destination,20.2669,86.6997,marine,1.12,173.0,10.6,0.32,2.05,0.98,9.3,1.7,229.0,30.6
2026-09-11T08:00,paradip_in,Paradip,India,destination,20.2669,86.6997,marine,1.12,172.0,10.4,0.36,2.25,0.98,9.25,1.5,234.0,30.6
2026-09-11T09:00,paradip_in,Paradip,India,destination,20.2669,86.6997,marine,1.14,171.0,10.25,0.4,2.4,0.98,9.15,1.3,236.0,30.6
2026-09-11T10:00,paradip_in,Paradip,India,destination,20.2669,86.6997,marine,1.16,171.0,10.1,0.38,2.45,0.98,8.95,0.8,243.0,30.6
2026-09-11T11:00,paradip_in,Paradip,India,destination,20.2669,86.6997,marine,1.18,170.0,9.95,0.38,2.4,0.98,8.7,0.4,270.0,30.6
2026-09-11T12:00,paradip_in,Paradip,India,destination,20.2669,86.6997,marine,1.2,170.0,9.85,0.36,2.35,0.98,8.45,0.3,315.0,30.6
2026-09-11T13:00,paradip_in,Paradip,India,destination,20.2669,86.6997,marine,1.2,170.0,9.8,0.32,2.3,0.98,8.2,0.2,0.0,30.6
2026-09-11T14:00,paradip_in,Paradip,India,destination,20.2669,86.6997,marine,1.2,170.0,9.8,0.3,2.2,0.96,7.95,0.2,0.0,30.6
2026-09-11T15:00,paradip_in,Paradip,India,destination,20.2669,86.6997,marine,1.2,170.0,9.8,0.26,2.1,0.96,7.8,0.2,270.0,30.6
2026-09-11T16:00,paradip_in,Paradip,India,destination,20.2669,86.6997,marine,1.2,170.0,9.85,0.22,2.05,0.96,7.75,0.4,243.0,30.5
2026-09-11T17:00,paradip_in,Paradip,India,destination,20.2669,86.6997,marine,1.2,170.0,9.9,0.2,2.0,0.96,7.8,0.8,243.0,30.5
2026-09-11T18:00,paradip_in,Paradip,India,destination,20.2669,86.6997,marine,1.2,170.0,10.0,0.16,1.8,0.96,7.9,1.0,239.0,30.5
2026-09-11T19:00,paradip_in,Paradip,India,destination,20.2669,86.6997,marine,1.2,170.0,10.1,0.12,1.4,0.98,8.05,1.2,231.0,30.5
2026-09-11T20:00,paradip_in,Paradip,India,destination,20.2669,86.6997,marine,1.18,170.0,10.2,0.06,0.85,1.0,8.25,1.2,231.0,30.4
2026-09-11T21:00,paradip_in,Paradip,India,destination,20.2669,86.6997,marine,1.18,170.0,10.3,0.02,0.4,1.02,8.5,1.0,239.0,30.4
2026-09-11T22:00,paradip_in,Paradip,India,destination,20.2669,86.6997,marine,1.18,170.0,10.4,0.02,0.1,1.02,8.75,0.8,243.0,30.4
2026-09-11T23:00,paradip_in,Paradip,India,destination,20.2669,86.6997,marine,1.16,171.0,10.55,0.0,0.0,1.02,9.0,0.4,243.0,30.4
2026-09-12T00:00,paradip_in,Paradip,India,destination,20.2669,86.6997,marine,1.16,171.0,10.65,0.0,0.05,1.02,9.3,0.3,225.0,30.4
2026-09-12T01:00,paradip_in,Paradip,India,destination,20.2669,86.6997,marine,1.16,171.0,10.75,0.06,0.55,1.0,9.75,0.2,270.0,30.4
2026-09-12T02:00,paradip_in,Paradip,India,destination,20.2669,86.6997,marine,1.14,171.0,10.9,0.14,1.35,1.0,10.3,0.3,225.0,30.4
2026-09-12T03:00,paradip_in,Paradip,India,destination,20.2669,86.6997,marine,1.14,171.0,10.95,0.2,1.95,0.98,10.65,0.4,243.0,30.5
2026-09-12T04:00,paradip_in,Paradip,India,destination,20.2669,86.6997,marine,1.14,170.0,10.95,0.24,2.2,0.98,10.65,0.9,233.0,30.5
2026-09-12T05:00,paradip_in,Paradip,India,destination,20.2669,86.6997,marine,1.16,170.0,10.85,0.26,2.3,0.98,10.5,1.2,231.0,30.5
2026-09-12T06:00,paradip_in,Paradip,India,destination,20.2669,86.6997,marine,1.16,169.0,10.75,0.3,2.3,0.98,10.45,1.7,229.0,30.6
2026-09-12T07:00,paradip_in,Paradip,India,destination,20.2669,86.6997,marine,1.18,168.0,10.65,0.24,2.15,0.96,10.65,1.7,229.0,30.6
2026-09-12T08:00,paradip_in,Paradip,India,destination,20.2669,86.6997,marine,1.18,166.0,10.5,0.2,1.85,0.96,10.9,1.7,229.0,30.6
2026-09-12T09:00,paradip_in,Paradip,India,destination,20.2669,86.6997,marine,1.2,165.0,10.35,0.14,1.75,0.94,11.15,1.5,234.0,30.6
2026-09-12T10:00,paradip_in,Paradip,India,destination,20.2669,86.6997,marine,1.22,164.0,10.2,0.24,1.95,0.92,11.25,1.2,231.0,30.6
2026-09-12T11:00,paradip_in,Paradip,India,destination,20.2669,86.6997,marine,1.24,164.0,10.1,0.32,2.3,0.9,11.35,0.8,243.0,30.6
2026-09-12T12:00,paradip_in,Paradip,India,destination,20.2669,86.6997,marine,1.26,163.0,9.95,0.42,2.55,0.88,11.3,0.4,243.0,30.6
2026-09-12T13:00,paradip_in,Paradip,India,destination,20.2669,86.6997,marine,1.28,162.0,9.85,0.42,2.65,0.88,11.15,0.4,270.0,30.6
2026-09-12T14:00,paradip_in,Paradip,India,destination,20.2669,86.6997,marine,1.28,161.0,9.7,0.4,2.6,0.88,10.9,0.2,270.0,30.6
2026-09-12T15:00,paradip_in,Paradip,India,destination,20.2669,86.6997,marine,1.3,160.0,9.65,0.4,2.5,0.88,10.6,0.4,270.0,30.6
2026-09-12T16:00,paradip_in,Paradip,India,destination,20.2669,86.6997,marine,1.32,160.0,9.6,0.32,2.25,0.9,10.2,0.4,243.0,30.6
2026-09-12T17:00,paradip_in,Paradip,India,destination,20.2669,86.6997,marine,1.32,159.0,9.65,0.26,1.9,0.92,9.75,0.9,233.0,30.5
2026-09-12T18:00,paradip_in,Paradip,India,destination,20.2669,86.6997,marine,1.34,159.0,9.65,0.18,1.6,0.94,9.4,1.2,231.0,30.5
2026-09-12T19:00,paradip_in,Paradip,India,destination,20.2669,86.6997,marine,1.34,159.0,9.7,0.14,1.35,0.94,9.2,1.4,230.0,30.5
2026-09-12T20:00,paradip_in,Paradip,India,destination,20.2669,86.6997,marine,1.34,159.0,9.75,0.12,1.2,0.96,9.1,1.4,230.0,30.5
2026-09-12T21:00,paradip_in,Paradip,India,destination,20.2669,86.6997,marine,1.34,159.0,9.8,0.08,1.15,0.96,9.1,1.3,236.0,30.5
2026-09-12T22:00,paradip_in,Paradip,India,destination,20.2669,86.6997,marine,1.34,159.0,9.85,0.12,1.35,0.94,9.35,1.2,231.0,30.4
2026-09-12T23:00,paradip_in,Paradip,India,destination,20.2669,86.6997,marine,1.34,159.0,9.9,0.18,1.7,0.94,9.75,0.6,236.0,30.4
2026-09-13T00:00,paradip_in,Paradip,India,destination,20.2669,86.6997,marine,1.34,159.0,9.9,0.22,2.0,0.92,10.0,0.4,243.0,30.4
2026-09-13T01:00,paradip_in,Paradip,India,destination,20.2669,86.6997,marine,1.36,158.0,9.85,0.3,2.25,0.92,10.05,0.3,225.0,30.4
2026-09-13T02:00,paradip_in,Paradip,India,destination,20.2669,86.6997,marine,1.36,157.0,9.75,0.4,2.5,0.9,10.0,0.3,225.0,30.5
2026-09-13T03:00,paradip_in,Paradip,India,destination,20.2669,86.6997,marine,1.38,156.0,9.65,0.48,2.75,0.9,9.9,0.4,243.0,30.5
2026-09-13T04:00,paradip_in,Paradip,India,destination,20.2669,86.6997,marine,1.4,154.0,9.45,0.6,3.05,0.86,9.8,0.5,225.0,30.5
2026-09-13T05:00,paradip_in,Paradip,India,destination,20.2669,86.6997,marine,1.44,152.0,9.25,0.7,3.35,0.84,9.7,0.9,233.0,30.6
2026-09-13T06:00,paradip_in,Paradip,India,destination,20.2669,86.6997,marine,1.46,150.0,9.05,0.82,3.55,0.8,9.7,1.2,231.0,30.6
2026-09-13T07:00,paradip_in,Paradip,India,destination,20.2669,86.6997,marine,1.48,150.0,8.95,0.76,3.5,0.88,9.9,1.4,230.0,30.7
2026-09-13T08:00,paradip_in,Paradip,India,destination,20.2669,86.6997,marine,1.48,149.0,8.95,0.72,3.35,0.96,10.2,1.4,230.0,30.7
2026-09-13T09:00,paradip_in,Paradip,India,destination,20.2669,86.6997,marine,1.5,149.0,8.95,0.66,3.2,1.04,10.4,1.4,230.0,30.8
2026-09-13T10:00,paradip_in,Paradip,India,destination,20.2669,86.6997,marine,1.5,150.0,9.0,0.6,3.05,1.04,10.5,1.2,231.0,30.8
2026-09-13T11:00,paradip_in,Paradip,India,destination,20.2669,86.6997,marine,1.5,150.0,9.05,0.54,2.9,1.04,10.55,0.9,233.0,30.8
2026-09-13T12:00,paradip_in,Paradip,India,destination,20.2669,86.6997,marine,1.5,151.0,9.1,0.48,2.75,1.04,10.5,0.6,236.0,30.8
2026-09-13T13:00,paradip_in,Paradip,India,destination,20.2669,86.6997,marine,1.5,152.0,9.15,0.44,2.65,1.04,10.4,0.4,243.0,30.8
2026-09-13T14:00,paradip_in,Paradip,India,destination,20.2669,86.6997,marine,1.48,153.0,9.25,0.4,2.5,1.06,10.25,0.3,225.0,30.8
2026-09-13T15:00,paradip_in,Paradip,India,destination,20.2669,86.6997,marine,1.48,154.0,9.35,0.36,2.4,1.06,10.1,0.4,207.0,30.7
2026-09-13T16:00,paradip_in,Paradip,India,destination,20.2669,86.6997,marine,1.46,155.0,9.45,0.32,2.25,1.08,9.9,0.6,214.0,30.7
2026-09-13T17:00,paradip_in,Paradip,India,destination,20.2669,86.6997,marine,1.46,157.0,9.6,0.26,2.1,1.08,9.75,0.9,217.0,30.7
2026-09-13T18:00,paradip_in,Paradip,India,destination,20.2669,86.6997,marine,1.44,158.0,9.7,0.22,2.0,1.1,9.8,1.2,219.0,30.6
2026-09-13T19:00,paradip_in,Paradip,India,destination,20.2669,86.6997,marine,1.44,159.0,9.8,0.26,2.1,1.04,10.2,1.5,216.0,30.6
2026-09-13T20:00,paradip_in,Paradip,India,destination,20.2669,86.6997,marine,1.42,159.0,9.9,0.3,2.25,1.0,10.85,1.7,221.0,30.6
2026-09-13T21:00,paradip_in,Paradip,India,destination,20.2669,86.6997,marine,1.42,160.0,9.95,0.34,2.4,0.94,11.35,1.7,221.0,30.6
2026-09-13T22:00,paradip_in,Paradip,India,destination,20.2669,86.6997,marine,1.42,160.0,9.9,0.38,2.5,0.92,11.6,1.5,225.0,30.6
2026-09-13T23:00,paradip_in,Paradip,India,destination,20.2669,86.6997,marine,1.44,159.0,9.85,0.42,2.55,0.92,11.75,1.3,225.0,30.6
2026-09-07T00:00,richards_bay_za,Richards Bay,South Africa,origin,-28.78301,32.03767,marine,1.46,153.0,9.8,0.02,0.4,1.32,6.45,0.6,198.0,21.7
2026-09-07T01:00,richards_bay_za,Richards Bay,South Africa,origin,-28.78301,32.03767,marine,1.46,154.0,10.2,0.04,0.55,1.34,7.0,0.6,198.0,21.7
2026-09-07T02:00,richards_bay_za,Richards Bay,South Africa,origin,-28.78301,32.03767,marine,1.46,154.0,10.65,0.06,0.8,1.38,7.75,0.6,198.0,21.7
2026-09-07T03:00,richards_bay_za,Richards Bay,South Africa,origin,-28.78301,32.03767,marine,1.46,155.0,11.05,0.08,0.95,1.4,8.25,0.6,198.0,21.7
2026-09-07T04:00,richards_bay_za,Richards Bay,South Africa,origin,-28.78301,32.03767,marine,1.5,157.0,11.4,0.06,0.95,1.4,8.1,0.6,198.0,21.7
2026-09-07T05:00,richards_bay_za,Richards Bay,South Africa,origin,-28.78301,32.03767,marine,1.54,158.0,11.75,0.02,0.85,1.4,7.75,0.6,198.0,21.7
2026-09-07T06:00,richards_bay_za,Richards Bay,South Africa,origin,-28.78301,32.03767,marine,1.58,160.0,12.1,0.0,0.7,1.4,7.95,0.6,198.0,21.7
2026-09-07T07:00,richards_bay_za,Richards Bay,South Africa,origin,-28.78301,32.03767,marine,1.68,162.0,12.55,0.0,0.4,1.5,9.45,0.7,194.0,21.7
2026-09-07T08:00,richards_bay_za,Richards Bay,South Africa,origin,-28.78301,32.03767,marine,1.78,163.0,13.05,0.0,0.1,1.6,11.55,0.8,207.0,21.8
2026-09-07T09:00,richards_bay_za,Richards Bay,South Africa,origin,-28.78301,32.03767,marine,1.88,165.0,13.45,0.0,0.0,1.7,13.05,0.8,207.0,21.8
2026-09-07T10:00,richards_bay_za,Richards Bay,South Africa,origin,-28.78301,32.03767,marine,1.98,166.0,13.65,0.04,0.45,1.82,13.35,0.8,207.0,21.9
2026-09-07T11:00,richards_bay_za,Richards Bay,South Africa,origin,-28.78301,32.03767,marine,2.06,167.0,13.75,0.06,1.1,1.92,13.1,1.0,202.0,21.9
2026-09-07T12:00,richards_bay_za,Richards Bay,South Africa,origin,-28.78301,32.03767,marine,2.16,168.0,13.75,0.1,1.65,2.04,12.8,1.0,202.0,21.9
2026-09-07T13:00,richards_bay_za,Richards Bay,South Africa,origin,-28.78301,32.03767,marine,2.18,168.0,13.7,0.12,1.8,2.06,12.75,0.8,207.0,21.9
2026-09-07T14:00,richards_bay_za,Richards Bay,South Africa,origin,-28.78301,32.03767,marine,2.2,168.0,13.55,0.12,1.8,2.06,12.65,0.8,207.0,21.9
2026-09-07T15:00,richards_bay_za,Richards Bay,South Africa,origin,-28.78301,32.03767,marine,2.22,168.0,13.4,0.14,1.8,2.08,12.4,0.7,194.0,21.9
2026-09-07T16:00,richards_bay_za,Richards Bay,South Africa,origin,-28.78301,32.03767,marine,2.22,167.0,13.15,0.16,1.9,2.12,11.8,0.8,207.0,21.9
2026-09-07T17:00,richards_bay_za,Richards Bay,South Africa,origin,-28.78301,32.03767,marine,2.2,167.0,12.9,0.2,1.95,2.14,11.1,0.8,207.0,21.9
2026-09-07T18:00,richards_bay_za,Richards Bay,South Africa,origin,-28.78301,32.03767,marine,2.2,166.0,12.65,0.22,1.9,2.18,10.65,0.8,207.0,21.9
2026-09-07T19:00,richards_bay_za,Richards Bay,South Africa,origin,-28.78301,32.03767,marine,2.16,165.0,12.45,0.16,1.6,2.1,10.75,0.8,207.0,21.9
2026-09-07T20:00,richards_bay_za,Richards Bay,South Africa,origin,-28.78301,32.03767,marine,2.12,165.0,12.25,0.12,1.2,2.04,11.1,0.8,207.0,21.9
2026-09-07T21:00,richards_bay_za,Richards Bay,South Africa,origin,-28.78301,32.03767,marine,2.08,164.0,12.1,0.06,0.9,1.96,11.4,0.8,207.0,21.9
2026-09-07T22:00,richards_bay_za,Richards Bay,South Africa,origin,-28.78301,32.03767,marine,2.04,164.0,11.95,0.06,0.8,1.9,11.45,0.8,207.0,21.8
2026-09-07T23:00,richards_bay_za,Richards Bay,South Africa,origin,-28.78301,32.03767,marine,2.0,163.0,11.85,0.04,0.75,1.86,11.35,0.7,194.0,21.8
2026-09-08T00:00,richards_bay_za,Richards Bay,South Africa,origin,-28.78301,32.03767,marine,1.96,163.0,11.75,0.04,0.85,1.8,11.25,0.7,194.0,21.8
2026-09-08T01:00,richards_bay_za,Richards Bay,South Africa,origin,-28.78301,32.03767,marine,1.92,162.0,11.65,0.08,1.1,1.76,11.1,0.7,194.0,21.8
2026-09-08T02:00,richards_bay_za,Richards Bay,South Africa,origin,-28.78301,32.03767,marine,1.88,162.0,11.5,0.1,1.45,1.74,10.95,0.7,194.0,21.8
2026-09-08T03:00,richards_bay_za,Richards Bay,South Africa,origin,-28.78301,32.03767,marine,1.84,161.0,11.4,0.14,1.7,1.7,10.85,0.6,198.0,21.8
2026-09-08T04:00,richards_bay_za,Richards Bay,South Africa,origin,-28.78301,32.03767,marine,1.8,161.0,11.3,0.14,1.75,1.66,10.8,0.6,198.0,21.8
2026-09-08T05:00,richards_bay_za,Richards Bay,South Africa,origin,-28.78301,32.03767,marine,1.78,160.0,11.2,0.12,1.7,1.62,10.8,0.7,194.0,21.8
2026-09-08T06:00,richards_bay_za,Richards Bay,South Africa,origin,-28.78301,32.03767,marine,1.74,160.0,11.1,0.12,1.7,1.58,10.75,0.8,207.0,21.8
2026-09-08T07:00,richards_bay_za,Richards Bay,South Africa,origin,-28.78301,32.03767,marine,1.72,159.0,10.95,0.2,1.85,1.54,10.7,0.8,207.0,21.8
2026-09-08T08:00,richards_bay_za,Richards Bay,South Africa,origin,-28.78301,32.03767,marine,1.7,158.0,10.75,0.26,2.0,1.5,10.6,1.0,211.0,21.9
2026-09-08T09:00,richards_bay_za,Richards Bay,South Africa,origin,-28.78301,32.03767,marine,1.68,157.0,10.5,0.34,2.2,1.46,10.55,1.0,211.0,21.9
2026-09-08T10:00,richards_bay_za,Richards Bay,South Africa,origin,-28.78301,32.03767,marine,1.66,154.0,10.25,0.42,2.4,1.42,10.5,1.0,211.0,22.0
2026-09-08T11:00,richards_bay_za,Richards Bay,South Africa,origin,-28.78301,32.03767,marine,1.66,152.0,9.95,0.5,2.55,1.4,10.45,1.2,207.0,22.0
2026-09-08T12:00,richards_bay_za,Richards Bay,South Africa,origin,-28.78301,32.03767,marine,1.64,149.0,9.7,0.58,2.7,1.36,10.45,1.2,207.0,22.1
2026-09-08T13:00,richards_bay_za,Richards Bay,South Africa,origin,-28.78301,32.03767,marine,1.64,146.0,9.45,0.62,2.8,1.32,10.55,1.2,207.0,22.1
2026-09-08T14:00,richards_bay_za,Richards Bay,South Africa,origin,-28.78301,32.03767,marine,1.62,142.0,9.2,0.66,2.9,1.26,10.7,1.2,207.0,22.1
2026-09-08T15:00,richards_bay_za,Richards Bay,South Africa,origin,-28.78301,32.03767,marine,1.62,139.0,9.0,0.7,2.95,1.22,10.55,1.2,207.0,22.1
2026-09-08T16:00,richards_bay_za,Richards Bay,South Africa,origin,-28.78301,32.03767,marine,1.6,138.0,8.9,0.64,2.9,1.24,9.75,1.2,207.0,22.1
2026-09-08T17:00,richards_bay_za,Richards Bay,South Africa,origin,-28.78301,32.03767,marine,1.58,137.0,8.85,0.6,2.8,1.26,8.7,1.2,207.0,22.0
2026-09-08T18:00,richards_bay_za,Richards Bay,South Africa,origin,-28.78301,32.03767,marine,1.56,136.0,8.85,0.54,2.65,1.28,7.9,1.2,207.0,22.0
2026-09-08T19:00,richards_bay_za,Richards Bay,South Africa,origin,-28.78301,32.03767,marine,1.52,135.0,8.85,0.48,2.5,1.22,7.75,1.2,207.0,22.0
2026-09-08T20:00,richards_bay_za,Richards Bay,South Africa,origin,-28.78301,32.03767,marine,1.48,134.0,8.9,0.42,2.4,1.14,7.9,1.2,207.0,22.0
2026-09-08T21:00,richards_bay_za,Richards Bay,South Africa,origin,-28.78301,32.03767,marine,1.44,133.0,8.9,0.36,2.25,1.08,8.0,1.2,207.0,22.0
2026-09-08T22:00,richards_bay_za,Richards Bay,South Africa,origin,-28.78301,32.03767,marine,1.42,132.0,8.9,0.32,2.15,1.1,7.8,1.2,207.0,22.0
2026-09-08T23:00,richards_bay_za,Richards Bay,South Africa,origin,-28.78301,32.03767,marine,1.38,132.0,8.9,0.3,2.05,1.14,7.5,1.2,207.0,21.9
2026-09-09T00:00,richards_bay_za,Richards Bay,South Africa,origin,-28.78301,32.03767,marine,1.36,131.0,8.9,0.26,2.0,1.16,7.4,1.2,207.0,21.9
2026-09-09T01:00,richards_bay_za,Richards Bay,South Africa,origin,-28.78301,32.03767,marine,1.34,130.0,8.9,0.26,2.0,1.1,7.65,1.2,207.0,21.9
2026-09-09T02:00,richards_bay_za,Richards Bay,South Africa,origin,-28.78301,32.03767,marine,1.34,128.0,8.85,0.26,2.0,1.02,8.05,1.2,207.0,21.9
2026-09-09T03:00,richards_bay_za,Richards Bay,South Africa,origin,-28.78301,32.03767,marine,1.32,127.0,8.85,0.26,2.0,0.96,8.3,1.2,207.0,21.8
2026-09-09T04:00,richards_bay_za,Richards Bay,South Africa,origin,-28.78301,32.03767,marine,1.3,126.0,8.85,0.26,1.95,0.96,8.2,1.2,207.0,21.8
2026-09-09T05:00,richards_bay_za,Richards Bay,South Africa,origin,-28.78301,32.03767,marine,1.28,126.0,8.9,0.26,1.95,0.98,7.95,1.2,207.0,21.8
2026-09-09T06:00,richards_bay_za,Richards Bay,South Africa,origin,-28.78301,32.03767,marine,1.26,125.0,8.85,0.26,1.95,0.98,7.8,1.2,207.0,21.8
2026-09-09T07:00,richards_bay_za,Richards Bay,South Africa,origin,-28.78301,32.03767,marine,1.26,123.0,8.75,0.32,2.0,0.92,7.9,1.2,207.0,21.9
2026-09-09T08:00,richards_bay_za,Richards Bay,South Africa,origin,-28.78301,32.03767,marine,1.26,120.0,8.65,0.36,2.1,0.88,8.15,1.2,207.0,21.9
2026-09-09T09:00,richards_bay_za,Richards Bay,South Africa,origin,-28.78301,32.03767,marine,1.26,118.0,8.45,0.42,2.25,0.82,8.25,1.2,207.0,22.0
2026-09-09T10:00,richards_bay_za,Richards Bay,South Africa,origin,-28.78301,32.03767,marine,1.3,113.0,8.1,0.54,2.5,0.82,8.15,1.2,207.0,22.1
2026-09-09T11:00,richards_bay_za,Richards Bay,South Africa,origin,-28.78301,32.03767,marine,1.32,107.0,7.7,0.68,2.85,0.84,7.9,1.2,207.0,22.1
2026-09-09T12:00,richards_bay_za,Richards Bay,South Africa,origin,-28.78301,32.03767,marine,1.36,102.0,7.4,0.8,3.1,0.84,7.7,1.2,207.0,22.2
2026-09-09T13:00,richards_bay_za,Richards Bay,South Africa,origin,-28.78301,32.03767,marine,1.38,100.0,7.25,0.82,3.2,0.8,7.6,1.2,207.0,22.2
2026-09-09T14:00,richards_bay_za,Richards Bay,South Africa,origin,-28.78301,32.03767,marine,1.38,99.0,7.15,0.82,3.25,0.78,7.5,1.4,203.0,22.2
2026-09-09T15:00,richards_bay_za,Richards Bay,South Africa,origin,-28.78301,32.03767,marine,1.4,97.0,7.1,0.84,3.25,0.74,7.35,1.4,203.0,22.2
2026-09-09T16:00,richards_bay_za,Richards Bay,South Africa,origin,-28.78301,32.03767,marine,1.38,97.0,7.1,0.76,3.15,0.76,7.15,1.2,207.0,22.2
2026-09-09T17:00,richards_bay_za,Richards Bay,South Africa,origin,-28.78301,32.03767,marine,1.34,96.0,7.2,0.7,3.0,0.8,6.9,1.2,207.0,22.2
2026-09-09T18:00,richards_bay_za,Richards Bay,South Africa,origin,-28.78301,32.03767,marine,1.32,96.0,7.25,0.62,2.85,0.82,6.7,1.2,207.0,22.2
2026-09-09T19:00,richards_bay_za,Richards Bay,South Africa,origin,-28.78301,32.03767,marine,1.3,96.0,7.3,0.56,2.7,0.86,6.5,1.2,207.0,22.2
2026-09-09T20:00,richards_bay_za,Richards Bay,South Africa,origin,-28.78301,32.03767,marine,1.28,96.0,7.4,0.5,2.55,0.9,6.35,1.2,207.0,22.1
2026-09-09T21:00,richards_bay_za,Richards Bay,South Africa,origin,-28.78301,32.03767,marine,1.26,96.0,7.45,0.44,2.45,0.94,6.25,1.2,207.0,22.1
2026-09-09T22:00,richards_bay_za,Richards Bay,South Africa,origin,-28.78301,32.03767,marine,1.26,96.0,7.5,0.44,2.4,0.98,6.3,1.2,207.0,22.1
2026-09-09T23:00,richards_bay_za,Richards Bay,South Africa,origin,-28.78301,32.03767,marine,1.24,95.0,7.5,0.46,2.45,1.0,6.45,1.2,207.0,22.1
2026-09-10T00:00,richards_bay_za,Richards Bay,South Africa,origin,-28.78301,32.03767,marine,1.24,95.0,7.55,0.46,2.45,1.04,6.6,1.2,207.0,22.0
2026-09-10T01:00,richards_bay_za,Richards Bay,South Africa,origin,-28.78301,32.03767,marine,1.22,95.0,7.6,0.44,2.4,1.04,6.65,1.2,207.0,22.0
2026-09-10T02:00,richards_bay_za,Richards Bay,South Africa,origin,-28.78301,32.03767,marine,1.2,94.0,7.65,0.44,2.4,1.02,6.7,1.1,198.0,22.0
2026-09-10T03:00,richards_bay_za,Richards Bay,South Africa,origin,-28.78301,32.03767,marine,1.18,94.0,7.7,0.42,2.35,1.02,6.7,1.1,198.0,21.9
2026-09-10T04:00,richards_bay_za,Richards Bay,South Africa,origin,-28.78301,32.03767,marine,1.18,94.0,7.75,0.42,2.35,1.02,6.75,1.0,202.0,21.9
2026-09-10T05:00,richards_bay_za,Richards Bay,South Africa,origin,-28.78301,32.03767,marine,1.16,94.0,7.75,0.4,2.3,1.04,6.75,1.0,202.0,21.9
2026-09-10T06:00,richards_bay_za,Richards Bay,South Africa,origin,-28.78301,32.03767,marine,1.16,94.0,7.75,0.4,2.35,1.04,6.8,1.0,202.0,21.9
2026-09-10T07:00,richards_bay_za,Richards Bay,South Africa,origin,-28.78301,32.03767,marine,1.16,92.0,7.65,0.46,2.45,1.02,6.9,1.0,211.0,21.9
2026-09-10T08:00,richards_bay_za,Richards Bay,South Africa,origin,-28.78301,32.03767,marine,1.18,90.0,7.5,0.52,2.55,1.02,7.0,1.0,211.0,22.0
2026-09-10T09:00,richards_bay_za,Richards Bay,South Africa,origin,-28.78301,32.03767,marine,1.18,88.0,7.3,0.58,2.7,1.0,7.1,1.0,211.0,22.0
2026-09-10T10:00,richards_bay_za,Richards Bay,South Africa,origin,-28.78301,32.03767,marine,1.2,86.0,7.1,0.64,2.85,0.98,7.2,1.0,211.0,22.1
2026-09-10T11:00,richards_bay_za,Richards Bay,South Africa,origin,-28.78301,32.03767,marine,1.24,85.0,6.9,0.72,3.0,0.98,7.25,1.1,198.0,22.2
2026-09-10T12:00,richards_bay_za,Richards Bay,South Africa,origin,-28.78301,32.03767,marine,1.26,83.0,6.75,0.78,3.1,0.96,7.25,1.1,198.0,22.2
2026-09-10T13:00,richards_bay_za,Richards Bay,South Africa,origin,-28.78301,32.03767,marine,1.26,83.0,6.65,0.78,3.15,0.96,7.15,1.1,198.0,22.3
2026-09-10T14:00,richards_bay_za,Richards Bay,South Africa,origin,-28.78301,32.03767,marine,1.26,84.0,6.6,0.76,3.2,0.98,7.05,1.1,198.0,22.3
2026-09-10T15:00,richards_bay_za,Richards Bay,South Africa,origin,-28.78301,32.03767,marine,1.26,84.0,6.6,0.76,3.15,0.98,6.9,1.1,198.0,22.3
2026-09-10T16:00,richards_bay_za,Richards Bay,South Africa,origin,-28.78301,32.03767,marine,1.24,84.0,6.65,0.68,3.05,0.98,6.75,0.9,191.0,22.3
2026-09-10T17:00,richards_bay_za,Richards Bay,South Africa,origin,-28.78301,32.03767,marine,1.22,85.0,6.75,0.6,2.9,0.98,6.6,0.9,191.0,22.3
2026-09-10T18:00,richards_bay_za,Richards Bay,South Africa,origin,-28.78301,32.03767,marine,1.2,85.0,6.8,0.52,2.75,0.98,6.45,0.7,194.0,22.3
2026-09-10T19:00,richards_bay_za,Richards Bay,South Africa,origin,-28.78301,32.03767,marine,1.18,85.0,6.85,0.48,2.65,1.0,6.3,0.7,194.0,22.3
2026-09-10T20:00,richards_bay_za,Richards Bay,South Africa,origin,-28.78301,32.03767,marine,1.18,85.0,6.85,0.46,2.5,1.02,6.15,0.7,194.0,22.2
2026-09-10T21:00,richards_bay_za,Richards Bay,South Africa,origin,-28.78301,32.03767,marine,1.16,85.0,6.9,0.42,2.45,1.04,6.05,0.6,198.0,22.2
2026-09-10T22:00,richards_bay_za,Richards Bay,South Africa,origin,-28.78301,32.03767,marine,1.16,85.0,6.95,0.44,2.45,1.02,6.05,0.6,198.0,22.2
2026-09-10T23:00,richards_bay_za,Richards Bay,South Africa,origin,-28.78301,32.03767,marine,1.14,85.0,7.0,0.44,2.5,1.02,6.15,0.6,198.0,22.1
2026-09-11T00:00,richards_bay_za,Richards Bay,South Africa,origin,-28.78301,32.03767,marine,1.14,85.0,7.05,0.46,2.55,1.0,6.2,0.6,198.0,22.1
2026-09-11T01:00,richards_bay_za,Richards Bay,South Africa,origin,-28.78301,32.03767,marine,1.12,86.0,7.1,0.44,2.5,0.98,6.2,0.6,198.0,22.1
2026-09-11T02:00,richards_bay_za,Richards Bay,South Africa,origin,-28.78301,32.03767,marine,1.1,86.0,7.15,0.4,2.45,0.98,6.15,0.6,198.0,22.1
2026-09-11T03:00,richards_bay_za,Richards Bay,South Africa,origin,-28.78301,32.03767,marine,1.08,87.0,7.25,0.38,2.35,0.96,6.15,0.6,198.0,22.0
2026-09-11T04:00,richards_bay_za,Richards Bay,South Africa,origin,-28.78301,32.03767,marine,1.06,88.0,7.4,0.34,2.3,0.96,6.15,0.6,198.0,22.0
2026-09-11T05:00,richards_bay_za,Richards Bay,South Africa,origin,-28.78301,32.03767,marine,1.06,89.0,7.55,0.28,2.3,0.96,6.15,0.6,198.0,22.0
2026-09-11T06:00,richards_bay_za,Richards Bay,South Africa,origin,-28.78301,32.03767,marine,1.04,90.0,7.75,0.24,2.05,0.96,6.2,0.4,180.0,22.0
2026-09-11T07:00,richards_bay_za,Richards Bay,South Africa,origin,-28.78301,32.03767,marine,1.04,91.0,7.95,0.16,1.35,0.96,6.25,0.4,180.0,22.1
2026-09-11T08:00,richards_bay_za,Richards Bay,South Africa,origin,-28.78301,32.03767,marine,1.02,91.0,8.1,0.08,0.45,0.94,6.3,0.4,180.0,22.2
2026-09-11T09:00,richards_bay_za,Richards Bay,South Africa,origin,-28.78301,32.03767,marine,1.02,92.0,8.25,0.0,0.05,0.94,6.35,0.4,180.0,22.3
2026-09-11T10:00,richards_bay_za,Richards Bay,South Africa,origin,-28.78301,32.03767,marine,1.02,94.0,8.35,0.06,0.5,0.92,6.35,0.4,180.0,22.4
2026-09-11T11:00,richards_bay_za,Richards Bay,South Africa,origin,-28.78301,32.03767,marine,1.02,95.0,8.45,0.12,1.45,0.92,6.3,0.2,180.0,22.5
2026-09-11T12:00,richards_bay_za,Richards Bay,South Africa,origin,-28.78301,32.03767,marine,1.02,97.0,8.45,0.18,2.2,0.9,6.35,0.3,135.0,22.5
2026-09-11T13:00,richards_bay_za,Richards Bay,South Africa,origin,-28.78301,32.03767,marine,1.06,108.0,8.35,0.3,2.6,0.88,6.5,0.4,117.0,22.5
2026-09-11T14:00,richards_bay_za,Richards Bay,South Africa,origin,-28.78301,32.03767,marine,1.08,120.0,8.15,0.4,2.85,0.86,6.7,0.4,90.0,22.5
2026-09-11T15:00,richards_bay_za,Richards Bay,South Africa,origin,-28.78301,32.03767,marine,1.12,131.0,7.95,0.52,3.05,0.84,6.85,0.6,56.0,22.5
2026-09-11T16:00,richards_bay_za,Richards Bay,South Africa,origin,-28.78301,32.03767,marine,1.14,142.0,7.8,0.58,3.15,0.8,7.0,0.8,45.0,22.5
2026-09-11T17:00,richards_bay_za,Richards Bay,South Africa,origin,-28.78301,32.03767,marine,1.18,153.0,7.65,0.64,3.2,0.78,7.1,0.9,37.0,22.5
2026-09-11T18:00,richards_bay_za,Richards Bay,South Africa,origin,-28.78301,32.03767,marine,1.2,164.0,7.6,0.7,3.2,0.74,7.15,1.0,45.0,22.4
2026-09-11T19:00,richards_bay_za,Richards Bay,South Africa,origin,-28.78301,32.03767,marine,1.22,167.0,7.65,0.66,3.15,0.72,7.2,1.2,39.0,22.4
2026-09-11T20:00,richards_bay_za,Richards Bay,South Africa,origin,-28.78301,32.03767,marine,1.24,170.0,7.75,0.62,3.05,0.72,7.15,1.0,31.0,22.4
2026-09-11T21:00,richards_bay_za,Richards Bay,South Africa,origin,-28.78301,32.03767,marine,1.26,173.0,7.85,0.58,2.95,0.7,7.15,1.2,27.0,22.4
2026-09-11T22:00,richards_bay_za,Richards Bay,South Africa,origin,-28.78301,32.03767,marine,1.26,173.0,7.9,0.56,2.9,0.7,7.05,1.2,27.0,22.3
2026-09-11T23:00,richards_bay_za,Richards Bay,South Africa,origin,-28.78301,32.03767,marine,1.28,173.0,7.9,0.56,2.9,0.7,6.95,1.2,27.0,22.3
2026-09-12T00:00,richards_bay_za,Richards Bay,South Africa,origin,-28.78301,32.03767,marine,1.28,173.0,7.9,0.54,2.85,0.7,7.05,1.0,31.0,22.3
2026-09-12T01:00,richards_bay_za,Richards Bay,South Africa,origin,-28.78301,32.03767,marine,1.28,173.0,7.95,0.5,2.8,0.7,7.7,1.0,31.0,22.2
2026-09-12T02:00,richards_bay_za,Richards Bay,South Africa,origin,-28.78301,32.03767,marine,1.3,174.0,8.05,0.46,2.7,0.7,8.55,0.8,27.0,22.2
2026-09-12T03:00,richards_bay_za,Richards Bay,South Africa,origin,-28.78301,32.03767,marine,1.3,174.0,8.1,0.42,2.6,0.7,9.1,0.8,27.0,22.2
2026-09-12T04:00,richards_bay_za,Richards Bay,South Africa,origin,-28.78301,32.03767,marine,1.28,173.0,8.1,0.4,2.5,0.72,8.9,0.8,27.0,22.1
2026-09-12T05:00,richards_bay_za,Richards Bay,South Africa,origin,-28.78301,32.03767,marine,1.28,172.0,8.1,0.36,2.45,0.74,8.35,0.8,27.0,22.1
2026-09-12T06:00,richards_bay_za,Richards Bay,South Africa,origin,-28.78301,32.03767,marine,1.26,171.0,8.1,0.34,2.35,0.76,8.05,0.8,27.0,22.1
2026-09-12T07:00,richards_bay_za,Richards Bay,South Africa,origin,-28.78301,32.03767,marine,1.24,169.0,8.2,0.28,2.2,0.74,8.3,0.8,27.0,22.2
2026-09-12T08:00,richards_bay_za,Richards Bay,South Africa,origin,-28.78301,32.03767,marine,1.2,166.0,8.3,0.24,2.05,0.72,8.85,0.8,27.0,22.2
2026-09-12T09:00,richards_bay_za,Richards Bay,South Africa,origin,-28.78301,32.03767,marine,1.18,164.0,8.45,0.18,1.9,0.7,9.2,0.8,27.0,22.3
2026-09-12T10:00,richards_bay_za,Richards Bay,South Africa,origin,-28.78301,32.03767,marine,1.16,162.0,8.6,0.16,1.8,0.7,9.2,0.8,27.0,22.3
2026-09-12T11:00,richards_bay_za,Richards Bay,South Africa,origin,-28.78301,32.03767,marine,1.16,161.0,8.7,0.12,1.75,0.72,9.1,0.8,27.0,22.4
2026-09-12T12:00,richards_bay_za,Richards Bay,South Africa,origin,-28.78301,32.03767,marine,1.14,159.0,8.85,0.1,1.65,0.72,8.95,0.8,27.0,22.4
2026-09-12T13:00,richards_bay_za,Richards Bay,South Africa,origin,-28.78301,32.03767,marine,1.14,159.0,8.95,0.08,1.45,0.74,8.85,0.7,14.0,22.4
2026-09-12T14:00,richards_bay_za,Richards Bay,South Africa,origin,-28.78301,32.03767,marine,1.14,158.0,9.05,0.08,1.2,0.76,8.8,0.6,18.0,22.4
2026-09-12T15:00,richards_bay_za,Richards Bay,South Africa,origin,-28.78301,32.03767,marine,1.14,158.0,9.15,0.06,0.95,0.78,8.7,0.6,18.0,22.4
2026-09-12T16:00,richards_bay_za,Richards Bay,South Africa,origin,-28.78301,32.03767,marine,1.14,159.0,9.2,0.04,0.6,0.8,8.6,0.4,27.0,22.4
2026-09-12T17:00,richards_bay_za,Richards Bay,South Africa,origin,-28.78301,32.03767,marine,1.16,159.0,9.25,0.02,0.2,0.82,8.55,0.4,27.0,22.4
2026-09-12T18:00,richards_bay_za,Richards Bay,South Africa,origin,-28.78301,32.03767,marine,1.16,160.0,9.25,0.0,0.0,0.84,8.35,0.2,0.0,22.4
2026-09-12T19:00,richards_bay_za,Richards Bay,South Africa,origin,-28.78301,32.03767,marine,1.16,161.0,9.25,0.0,0.1,0.88,8.0,0.2,0.0,22.4
2026-09-12T20:00,richards_bay_za,Richards Bay,South Africa,origin,-28.78301,32.03767,marine,1.18,161.0,9.25,0.02,0.3,0.9,7.55,0.2,0.0,22.3
2026-09-12T21:00,richards_bay_za,Richards Bay,South Africa,origin,-28.78301,32.03767,marine,1.18,162.0,9.25,0.02,0.45,0.94,7.25,0.3,315.0,22.3
2026-09-12T22:00,richards_bay_za,Richards Bay,South Africa,origin,-28.78301,32.03767,marine,1.18,162.0,9.25,0.02,0.35,0.96,7.25,0.3,315.0,22.3
2026-09-12T23:00,richards_bay_za,Richards Bay,South Africa,origin,-28.78301,32.03767,marine,1.18,163.0,9.25,0.0,0.15,0.96,7.4,0.2,270.0,22.3
2026-09-13T00:00,richards_bay_za,Richards Bay,South Africa,origin,-28.78301,32.03767,marine,1.18,163.0,9.25,0.0,0.0,0.98,7.5,0.4,270.0,22.3
2026-09-13T01:00,richards_bay_za,Richards Bay,South Africa,origin,-28.78301,32.03767,marine,1.18,163.0,9.25,0.0,0.0,0.96,7.45,0.4,243.0,22.3
2026-09-13T02:00,richards_bay_za,Richards Bay,South Africa,origin,-28.78301,32.03767,marine,1.16,163.0,9.25,0.0,0.0,0.94,7.3,0.4,243.0,22.2
2026-09-13T03:00,richards_bay_za,Richards Bay,South Africa,origin,-28.78301,32.03767,marine,1.16,163.0,9.25,0.0,0.0,0.92,7.2,0.5,225.0,22.2
2026-09-13T04:00,richards_bay_za,Richards Bay,South Africa,origin,-28.78301,32.03767,marine,1.16,163.0,9.25,0.0,0.0,0.94,7.2,0.5,225.0,22.2
2026-09-13T05:00,richards_bay_za,Richards Bay,South Africa,origin,-28.78301,32.03767,marine,1.18,163.0,9.25,0.0,0.0,0.94,7.2,0.5,225.0,22.2
2026-09-13T06:00,richards_bay_za,Richards Bay,South Africa,origin,-28.78301,32.03767,marine,1.18,163.0,9.25,0.0,0.0,0.96,7.2,0.6,214.0,22.2
2026-09-13T07:00,richards_bay_za,Richards Bay,South Africa,origin,-28.78301,32.03767,marine,1.18,163.0,9.25,0.02,0.45,0.98,7.2,0.6,214.0,22.3
2026-09-13T08:00,richards_bay_za,Richards Bay,South Africa,origin,-28.78301,32.03767,marine,1.2,163.0,9.25,0.02,1.05,0.98,7.2,0.8,225.0,22.3
2026-09-13T09:00,richards_bay_za,Richards Bay,South Africa,origin,-28.78301,32.03767,marine,1.2,163.0,9.25,0.04,1.55,1.0,7.2,0.8,225.0,22.4
2026-09-13T10:00,richards_bay_za,Richards Bay,South Africa,origin,-28.78301,32.03767,marine,1.22,163.0,9.25,0.1,1.8,1.0,7.2,0.8,225.0,22.5
2026-09-13T11:00,richards_bay_za,Richards Bay,South Africa,origin,-28.78301,32.03767,marine,1.24,162.0,9.2,0.18,1.95,1.02,7.15,0.6,214.0,22.5
2026-09-13T12:00,richards_bay_za,Richards Bay,South Africa,origin,-28.78301,32.03767,marine,1.26,162.0,9.15,0.24,2.1,1.02,7.15,0.6,214.0,22.6
2026-09-13T13:00,richards_bay_za,Richards Bay,South Africa,origin,-28.78301,32.03767,marine,1.3,160.0,9.05,0.28,2.25,1.02,7.15,0.6,214.0,22.6
2026-09-13T14:00,richards_bay_za,Richards Bay,South Africa,origin,-28.78301,32.03767,marine,1.32,159.0,8.9,0.34,2.35,1.04,7.1,0.6,214.0,22.6
2026-09-13T15:00,richards_bay_za,Richards Bay,South Africa,origin,-28.78301,32.03767,marine,1.36,157.0,8.8,0.38,2.45,1.04,7.05,0.6,198.0,22.7
2026-09-13T16:00,richards_bay_za,Richards Bay,South Africa,origin,-28.78301,32.03767,marine,1.4,156.0,8.75,0.4,2.55,1.06,7.0,0.6,198.0,22.7
2026-09-13T17:00,richards_bay_za,Richards Bay,South Africa,origin,-28.78301,32.03767,marine,1.42,156.0,8.75,0.4,2.65,1.1,6.9,0.5,180.0,22.7
2026-09-13T18:00,richards_bay_za,Richards Bay,South Africa,origin,-28.78301,32.03767,marine,1.46,155.0,8.75,0.42,2.6,1.12,6.8,0.4,153.0,22.7
2026-09-13T19:00,richards_bay_za,Richards Bay,South Africa,origin,-28.78301,32.03767,marine,1.48,155.0,8.75,0.32,2.45,1.08,6.55,0.3,135.0,22.7
2026-09-13T20:00,richards_bay_za,Richards Bay,South Africa,origin,-28.78301,32.03767,marine,1.52,154.0,8.8,0.24,2.15,1.06,6.3,0.4,90.0,22.7
2026-09-13T21:00,richards_bay_za,Richards Bay,South Africa,origin,-28.78301,32.03767,marine,1.54,154.0,8.8,0.14,1.8,1.02,6.4,0.4,63.0,22.6
2026-09-13T22:00,richards_bay_za,Richards Bay,South Africa,origin,-28.78301,32.03767,marine,1.56,153.0,8.8,0.1,1.2,0.94,7.35,0.5,45.0,22.6
2026-09-13T23:00,richards_bay_za,Richards Bay,South Africa,origin,-28.78301,32.03767,marine,1.56,152.0,8.85,0.04,0.5,0.86,8.7,0.6,56.0,22.6
2026-09-07T00:00,sagar_sandheads_in,Sagar-Sandheads,India,destination,21.65,88.05,marine,0.7,193.0,6.65,0.34,2.4,0.48,8.65,0.4,117.0,30.9
2026-09-07T01:00,sagar_sandheads_in,Sagar-Sandheads,India,destination,21.65,88.05,marine,0.68,192.0,6.8,0.24,2.1,0.48,8.6,1.4,157.0,30.9
2026-09-07T02:00,sagar_sandheads_in,Sagar-Sandheads,India,destination,21.65,88.05,marine,0.66,192.0,7.0,0.14,1.65,0.48,8.55,1.6,153.0,30.9
2026-09-07T03:00,sagar_sandheads_in,Sagar-Sandheads,India,destination,21.65,88.05,marine,0.64,191.0,7.25,0.04,1.4,0.48,8.45,1.5,150.0,30.9
2026-09-07T04:00,sagar_sandheads_in,Sagar-Sandheads,India,destination,21.65,88.05,marine,0.62,190.0,7.5,0.06,1.4,0.5,8.2,1.2,141.0,31.0
2026-09-07T05:00,sagar_sandheads_in,Sagar-Sandheads,India,destination,21.65,88.05,marine,0.6,188.0,7.75,0.08,1.55,0.5,7.9,0.8,135.0,31.0
2026-09-07T06:00,sagar_sandheads_in,Sagar-Sandheads,India,destination,21.65,88.05,marine,0.58,187.0,8.0,0.1,1.65,0.52,7.65,0.2,90.0,31.0
2026-09-07T07:00,sagar_sandheads_in,Sagar-Sandheads,India,destination,21.65,88.05,marine,0.58,186.0,8.15,0.1,1.7,0.54,7.45,0.5,0.0,31.1
2026-09-07T08:00,sagar_sandheads_in,Sagar-Sandheads,India,destination,21.65,88.05,marine,0.56,186.0,8.25,0.08,1.75,0.54,7.25,1.1,351.0,31.1
2026-09-07T09:00,sagar_sandheads_in,Sagar-Sandheads,India,destination,21.65,88.05,marine,0.56,185.0,8.35,0.08,1.6,0.56,7.1,1.3,352.0,31.1
2026-09-07T10:00,sagar_sandheads_in,Sagar-Sandheads,India,destination,21.65,88.05,marine,0.56,185.0,8.45,0.06,1.2,0.54,7.05,1.5,353.0,31.1
2026-09-07T11:00,sagar_sandheads_in,Sagar-Sandheads,India,destination,21.65,88.05,marine,0.54,184.0,8.5,0.02,0.65,0.54,7.0,1.1,351.0,31.2
2026-09-07T12:00,sagar_sandheads_in,Sagar-Sandheads,India,destination,21.65,88.05,marine,0.54,184.0,8.6,0.0,0.2,0.52,7.0,0.2,0.0,31.2
2026-09-07T13:00,sagar_sandheads_in,Sagar-Sandheads,India,destination,21.65,88.05,marine,0.54,184.0,8.7,0.0,0.0,0.52,7.0,0.9,169.0,31.2
2026-09-07T14:00,sagar_sandheads_in,Sagar-Sandheads,India,destination,21.65,88.05,marine,0.52,183.0,8.85,0.0,0.0,0.52,7.0,1.7,167.0,31.2
2026-09-07T15:00,sagar_sandheads_in,Sagar-Sandheads,India,destination,21.65,88.05,marine,0.52,183.0,8.9,0.0,0.0,0.52,7.0,1.7,162.0,31.1
2026-09-07T16:00,sagar_sandheads_in,Sagar-Sandheads,India,destination,21.65,88.05,marine,0.52,183.0,8.9,0.04,0.5,0.5,7.05,1.4,157.0,31.1
2026-09-07T17:00,sagar_sandheads_in,Sagar-Sandheads,India,destination,21.65,88.05,marine,0.52,183.0,8.9,0.08,1.2,0.5,7.05,0.9,143.0,31.1
2026-09-07T18:00,sagar_sandheads_in,Sagar-Sandheads,India,destination,21.65,88.05,marine,0.52,183.0,8.8,0.12,1.75,0.48,7.1,0.4,90.0,31.1
2026-09-07T19:00,sagar_sandheads_in,Sagar-Sandheads,India,destination,21.65,88.05,marine,0.54,184.0,8.55,0.14,2.0,0.48,7.15,0.5,0.0,31.0
2026-09-07T20:00,sagar_sandheads_in,Sagar-Sandheads,India,destination,21.65,88.05,marine,0.54,186.0,8.25,0.18,2.05,0.48,7.15,1.1,351.0,31.0
2026-09-07T21:00,sagar_sandheads_in,Sagar-Sandheads,India,destination,21.65,88.05,marine,0.56,187.0,8.05,0.2,1.95,0.48,7.2,1.5,346.0,31.0
2026-09-07T22:00,sagar_sandheads_in,Sagar-Sandheads,India,destination,21.65,88.05,marine,0.56,187.0,8.0,0.14,1.7,0.48,7.25,1.7,347.0,30.9
2026-09-07T23:00,sagar_sandheads_in,Sagar-Sandheads,India,destination,21.65,88.05,marine,0.54,187.0,8.1,0.1,1.3,0.46,7.35,1.5,346.0,30.9
2026-09-08T00:00,sagar_sandheads_in,Sagar-Sandheads,India,destination,21.65,88.05,marine,0.54,187.0,8.15,0.04,0.95,0.46,7.35,0.9,349.0,30.9
2026-09-08T01:00,sagar_sandheads_in,Sagar-Sandheads,India,destination,21.65,88.05,marine,0.54,187.0,8.2,0.02,0.6,0.46,7.3,0.4,153.0,30.9
2026-09-08T02:00,sagar_sandheads_in,Sagar-Sandheads,India,destination,21.65,88.05,marine,0.52,187.0,8.25,0.02,0.25,0.46,7.25,1.5,166.0,31.0
2026-09-08T03:00,sagar_sandheads_in,Sagar-Sandheads,India,destination,21.65,88.05,marine,0.52,187.0,8.3,0.0,0.0,0.46,7.1,1.9,158.0,31.0
2026-09-08T04:00,sagar_sandheads_in,Sagar-Sandheads,India,destination,21.65,88.05,marine,0.52,187.0,8.4,0.0,0.0,0.48,6.85,1.9,151.0,31.1
2026-09-08T05:00,sagar_sandheads_in,Sagar-Sandheads,India,destination,21.65,88.05,marine,0.52,187.0,8.45,0.0,0.0,0.48,6.5,1.5,150.0,31.1
2026-09-08T06:00,sagar_sandheads_in,Sagar-Sandheads,India,destination,21.65,88.05,marine,0.52,187.0,8.5,0.0,0.0,0.5,6.35,0.9,143.0,31.2
2026-09-08T07:00,sagar_sandheads_in,Sagar-Sandheads,India,destination,21.65,88.05,marine,0.52,187.0,8.5,0.06,0.55,0.48,6.45,0.2,90.0,31.2
2026-09-08T08:00,sagar_sandheads_in,Sagar-Sandheads,India,destination,21.65,88.05,marine,0.52,187.0,8.45,0.12,1.3,0.48,6.7,0.7,346.0,31.2
2026-09-08T09:00,sagar_sandheads_in,Sagar-Sandheads,India,destination,21.65,88.05,marine,0.52,187.0,8.3,0.18,1.9,0.46,6.95,1.3,344.0,31.2
2026-09-08T10:00,sagar_sandheads_in,Sagar-Sandheads,India,destination,21.65,88.05,marine,0.54,190.0,7.9,0.24,2.2,0.46,7.15,1.7,347.0,31.2
2026-09-08T11:00,sagar_sandheads_in,Sagar-Sandheads,India,destination,21.65,88.05,marine,0.58,194.0,7.4,0.28,2.3,0.46,7.35,2.0,350.0,31.2
2026-09-08T12:00,sagar_sandheads_in,Sagar-Sandheads,India,destination,21.65,88.05,marine,0.6,197.0,7.05,0.34,2.3,0.46,7.55,1.5,346.0,31.2
2026-09-08T13:00,sagar_sandheads_in,Sagar-Sandheads,India,destination,21.65,88.05,marine,0.6,196.0,7.05,0.26,2.1,0.44,7.65,0.4,333.0,31.2
2026-09-08T14:00,sagar_sandheads_in,Sagar-Sandheads,India,destination,21.65,88.05,marine,0.58,196.0,7.2,0.16,1.75,0.44,7.75,0.9,169.0,31.2
2026-09-08T15:00,sagar_sandheads_in,Sagar-Sandheads,India,destination,21.65,88.05,marine,0.58,195.0,7.45,0.08,1.5,0.42,8.0,1.7,162.0,31.2
2026-09-08T16:00,sagar_sandheads_in,Sagar-Sandheads,India,destination,21.65,88.05,marine,0.56,192.0,7.75,0.08,1.45,0.4,8.55,1.9,151.0,31.2
2026-09-08T17:00,sagar_sandheads_in,Sagar-Sandheads,India,destination,21.65,88.05,marine,0.56,190.0,8.05,0.1,1.55,0.36,9.2,1.5,144.0,31.1
2026-09-08T18:00,sagar_sandheads_in,Sagar-Sandheads,India,destination,21.65,88.05,marine,0.54,187.0,8.3,0.1,1.6,0.34,9.55,1.2,141.0,31.1
2026-09-08T19:00,sagar_sandheads_in,Sagar-Sandheads,India,destination,21.65,88.05,marine,0.54,186.0,8.4,0.1,1.65,0.34,9.25,0.4,117.0,31.1
2026-09-08T20:00,sagar_sandheads_in,Sagar-Sandheads,India,destination,21.65,88.05,marine,0.54,186.0,8.35,0.12,1.75,0.34,8.6,0.5,0.0,31.1
2026-09-08T21:00,sagar_sandheads_in,Sagar-Sandheads,India,destination,21.65,88.05,marine,0.54,185.0,8.35,0.12,1.75,0.34,8.1,1.1,342.0,31.0
2026-09-08T22:00,sagar_sandheads_in,Sagar-Sandheads,India,destination,21.65,88.05,marine,0.54,185.0,8.35,0.1,1.75,0.34,8.0,1.7,342.0,31.0
2026-09-08T23:00,sagar_sandheads_in,Sagar-Sandheads,India,destination,21.65,88.05,marine,0.54,185.0,8.4,0.06,1.65,0.34,8.1,2.1,340.0,31.0
2026-09-09T00:00,sagar_sandheads_in,Sagar-Sandheads,India,destination,21.65,88.05,marine,0.54,185.0,8.4,0.04,1.45,0.34,8.2,1.9,343.0,31.0
2026-09-09T01:00,sagar_sandheads_in,Sagar-Sandheads,India,destination,21.65,88.05,marine,0.54,185.0,8.4,0.02,1.0,0.34,8.25,1.0,338.0,31.0
2026-09-09T02:00,sagar_sandheads_in,Sagar-Sandheads,India,destination,21.65,88.05,marine,0.54,185.0,8.4,0.02,0.4,0.34,8.3,0.5,180.0,31.0
2026-09-09T03:00,sagar_sandheads_in,Sagar-Sandheads,India,destination,21.65,88.05,marine,0.54,185.0,8.45,0.0,0.0,0.34,8.3,1.8,169.0,31.1
2026-09-09T04:00,sagar_sandheads_in,Sagar-Sandheads,India,destination,21.65,88.05,marine,0.54,185.0,8.5,0.0,0.0,0.34,8.4,2.3,162.0,31.2
2026-09-09T05:00,sagar_sandheads_in,Sagar-Sandheads,India,destination,21.65,88.05,marine,0.52,184.0,8.6,0.0,0.0,0.32,8.5,1.9,158.0,31.2
2026-09-09T06:00,sagar_sandheads_in,Sagar-Sandheads,India,destination,21.65,88.05,marine,0.52,184.0,8.65,0.0,0.0,0.32,8.25,1.6,153.0,31.3
2026-09-09T07:00,sagar_sandheads_in,Sagar-Sandheads,India,destination,21.65,88.05,marine,0.52,184.0,8.75,0.0,0.2,0.34,7.35,1.0,158.0,31.3
2026-09-09T08:00,sagar_sandheads_in,Sagar-Sandheads,India,destination,21.65,88.05,marine,0.52,184.0,8.8,0.02,0.45,0.38,6.15,0.2,270.0,31.3
2026-09-09T09:00,sagar_sandheads_in,Sagar-Sandheads,India,destination,21.65,88.05,marine,0.52,184.0,8.85,0.02,0.75,0.4,5.25,1.0,329.0,31.4
2026-09-09T10:00,sagar_sandheads_in,Sagar-Sandheads,India,destination,21.65,88.05,marine,0.52,184.0,8.85,0.06,1.15,0.4,4.85,1.8,336.0,31.4
2026-09-09T11:00,sagar_sandheads_in,Sagar-Sandheads,India,destination,21.65,88.05,marine,0.52,184.0,8.85,0.08,1.55,0.38,4.8,2.2,336.0,31.4
2026-09-09T12:00,sagar_sandheads_in,Sagar-Sandheads,India,destination,21.65,88.05,marine,0.52,184.0,8.8,0.12,1.75,0.38,5.2,2.3,342.0,31.4
2026-09-09T13:00,sagar_sandheads_in,Sagar-Sandheads,India,destination,21.65,88.05,marine,0.52,185.0,8.65,0.08,1.6,0.4,6.45,1.7,342.0,31.4
2026-09-09T14:00,sagar_sandheads_in,Sagar-Sandheads,India,destination,21.65,88.05,marine,0.54,186.0,8.5,0.06,1.3,0.4,8.25,0.3,315.0,31.4
2026-09-09T15:00,sagar_sandheads_in,Sagar-Sandheads,India,destination,21.65,88.05,marine,0.54,187.0,8.45,0.02,0.95,0.42,9.55,1.3,164.0,31.3
2026-09-09T16:00,sagar_sandheads_in,Sagar-Sandheads,India,destination,21.65,88.05,marine,0.54,186.0,8.6,0.02,0.6,0.42,10.0,2.1,160.0,31.3
2026-09-09T17:00,sagar_sandheads_in,Sagar-Sandheads,India,destination,21.65,88.05,marine,0.52,185.0,8.85,0.0,0.25,0.4,10.0,2.2,156.0,31.3
2026-09-09T18:00,sagar_sandheads_in,Sagar-Sandheads,India,destination,21.65,88.05,marine,0.52,184.0,9.05,0.0,0.0,0.4,9.9,1.9,151.0,31.3
2026-09-09T19:00,sagar_sandheads_in,Sagar-Sandheads,India,destination,21.65,88.05,marine,0.52,183.0,9.15,0.0,0.0,0.4,9.75,1.3,146.0,31.3
2026-09-09T20:00,sagar_sandheads_in,Sagar-Sandheads,India,destination,21.65,88.05,marine,0.52,183.0,9.25,0.0,0.0,0.42,9.55,0.3,135.0,31.2
2026-09-09T21:00,sagar_sandheads_in,Sagar-Sandheads,India,destination,21.65,88.05,marine,0.52,182.0,9.3,0.0,0.0,0.42,9.25,0.8,333.0,31.2
2026-09-09T22:00,sagar_sandheads_in,Sagar-Sandheads,India,destination,21.65,88.05,marine,0.52,182.0,9.35,0.0,0.0,0.44,8.9,1.6,333.0,31.2
2026-09-09T23:00,sagar_sandheads_in,Sagar-Sandheads,India,destination,21.65,88.05,marine,0.52,182.0,9.35,0.0,0.0,0.44,8.5,2.2,336.0,31.2
2026-09-10T00:00,sagar_sandheads_in,Sagar-Sandheads,India,destination,21.65,88.05,marine,0.52,182.0,9.35,0.0,0.0,0.46,8.15,2.6,335.0,31.2
2026-09-10T01:00,sagar_sandheads_in,Sagar-Sandheads,India,destination,21.65,88.05,marine,0.52,182.0,9.4,0.0,0.5,0.48,7.9,2.2,336.0,31.2
2026-09-10T02:00,sagar_sandheads_in,Sagar-Sandheads,India,destination,21.65,88.05,marine,0.52,181.0,9.4,0.02,1.15,0.5,7.7,0.9,323.0,31.2
2026-09-10T03:00,sagar_sandheads_in,Sagar-Sandheads,India,destination,21.65,88.05,marine,0.52,181.0,9.45,0.02,1.45,0.52,7.6,0.9,180.0,31.2
2026-09-10T04:00,sagar_sandheads_in,Sagar-Sandheads,India,destination,21.65,88.05,marine,0.52,181.0,9.5,0.02,1.15,0.52,7.6,2.0,170.0,31.3
2026-09-10T05:00,sagar_sandheads_in,Sagar-Sandheads,India,destination,21.65,88.05,marine,0.52,180.0,9.55,0.0,0.5,0.5,7.65,2.3,162.0,31.3
2026-09-10T06:00,sagar_sandheads_in,Sagar-Sandheads,India,destination,21.65,88.05,marine,0.52,180.0,9.6,0.0,0.0,0.5,7.65,2.1,160.0,31.3
2026-09-10T07:00,sagar_sandheads_in,Sagar-Sandheads,India,destination,21.65,88.05,marine,0.52,180.0,9.65,0.0,0.0,0.5,7.6,1.5,159.0,31.3
2026-09-10T08:00,sagar_sandheads_in,Sagar-Sandheads,India,destination,21.65,88.05,marine,0.52,180.0,9.65,0.0,0.0,0.5,7.55,0.7,166.0,31.4
2026-09-10T09:00,sagar_sandheads_in,Sagar-Sandheads,India,destination,21.65,88.05,marine,0.52,180.0,9.65,0.0,0.0,0.5,7.5,0.4,297.0,31.4
2026-09-10T10:00,sagar_sandheads_in,Sagar-Sandheads,India,destination,21.65,88.05,marine,0.52,180.0,9.6,0.04,0.6,0.5,7.5,1.5,324.0,31.4
2026-09-10T11:00,sagar_sandheads_in,Sagar-Sandheads,India,destination,21.65,88.05,marine,0.54,180.0,9.55,0.08,1.4,0.52,7.55,2.4,333.0,31.4
2026-09-10T12:00,sagar_sandheads_in,Sagar-Sandheads,India,destination,21.65,88.05,marine,0.54,180.0,9.4,0.12,1.95,0.52,7.6,3.0,335.0,31.4
2026-09-10T13:00,sagar_sandheads_in,Sagar-Sandheads,India,destination,21.65,88.05,marine,0.56,180.0,9.15,0.12,2.0,0.52,7.65,2.7,337.0,31.4
2026-09-10T14:00,sagar_sandheads_in,Sagar-Sandheads,India,destination,21.65,88.05,marine,0.56,179.0,8.85,0.1,1.8,0.52,7.65,1.8,336.0,31.4
2026-09-10T15:00,sagar_sandheads_in,Sagar-Sandheads,India,destination,21.65,88.05,marine,0.58,179.0,8.65,0.1,1.6,0.52,7.6,0.3,225.0,31.3
2026-09-10T16:00,sagar_sandheads_in,Sagar-Sandheads,India,destination,21.65,88.05,marine,0.58,179.0,8.7,0.08,1.4,0.5,7.4,1.7,167.0,31.3
2026-09-10T17:00,sagar_sandheads_in,Sagar-Sandheads,India,destination,21.65,88.05,marine,0.58,180.0,8.85,0.06,1.1,0.5,7.15,2.4,163.0,31.3
2026-09-10T18:00,sagar_sandheads_in,Sagar-Sandheads,India,destination,21.65,88.05,marine,0.58,180.0,9.0,0.04,1.0,0.48,6.95,2.3,157.0,31.2
2026-09-10T19:00,sagar_sandheads_in,Sagar-Sandheads,India,destination,21.65,88.05,marine,0.58,180.0,9.1,0.04,1.1,0.48,6.9,1.8,156.0,31.2
2026-09-10T20:00,sagar_sandheads_in,Sagar-Sandheads,India,destination,21.65,88.05,marine,0.56,180.0,9.15,0.04,1.35,0.48,6.95,1.0,158.0,31.2
2026-09-10T21:00,sagar_sandheads_in,Sagar-Sandheads,India,destination,21.65,88.05,marine,0.56,180.0,9.2,0.04,1.55,0.48,6.95,0.2,270.0,31.1
2026-09-10T22:00,sagar_sandheads_in,Sagar-Sandheads,India,destination,21.65,88.05,marine,0.56,180.0,9.2,0.08,1.6,0.48,6.9,1.3,326.0,31.1
2026-09-10T23:00,sagar_sandheads_in,Sagar-Sandheads,India,destination,21.65,88.05,marine,0.56,179.0,9.2,0.1,1.6,0.48,6.85,2.3,328.0,31.1
2026-09-11T00:00,sagar_sandheads_in,Sagar-Sandheads,India,destination,21.65,88.05,marine,0.56,179.0,9.0,0.14,1.65,0.48,6.9,2.8,333.0,31.1
2026-09-11T01:00,sagar_sandheads_in,Sagar-Sandheads,India,destination,21.65,88.05,marine,0.58,175.0,8.55,0.22,1.85,0.5,7.15,3.0,335.0,31.1
2026-09-11T02:00,sagar_sandheads_in,Sagar-Sandheads,India,destination,21.65,88.05,marine,0.62,171.0,8.0,0.28,2.1,0.5,7.55,2.4,333.0,31.1
2026-09-11T03:00,sagar_sandheads_in,Sagar-Sandheads,India,destination,21.65,88.05,marine,0.64,167.0,7.45,0.36,2.35,0.52,7.85,0.8,315.0,31.1
2026-09-11T04:00,sagar_sandheads_in,Sagar-Sandheads,India,destination,21.65,88.05,marine,0.68,164.0,7.0,0.42,2.5,0.5,7.95,1.3,180.0,31.1
2026-09-11T05:00,sagar_sandheads_in,Sagar-Sandheads,India,destination,21.65,88.05,marine,0.72,160.0,6.6,0.46,2.65,0.5,8.0,2.2,171.0,31.2
2026-09-11T06:00,sagar_sandheads_in,Sagar-Sandheads,India,destination,21.65,88.05,marine,0.76,157.0,6.3,0.52,2.75,0.48,8.05,2.2,171.0,31.2
2026-09-11T07:00,sagar_sandheads_in,Sagar-Sandheads,India,destination,21.65,88.05,marine,0.76,157.0,6.2,0.52,2.8,0.48,8.1,1.8,169.0,31.2
2026-09-11T08:00,sagar_sandheads_in,Sagar-Sandheads,India,destination,21.65,88.05,marine,0.76,157.0,6.25,0.52,2.8,0.48,8.15,1.1,171.0,31.2
2026-09-11T09:00,sagar_sandheads_in,Sagar-Sandheads,India,destination,21.65,88.05,marine,0.76,157.0,6.3,0.52,2.8,0.48,8.2,0.4,243.0,31.2
2026-09-11T10:00,sagar_sandheads_in,Sagar-Sandheads,India,destination,21.65,88.05,marine,0.78,157.0,6.25,0.54,2.85,0.48,8.25,1.3,315.0,31.3
2026-09-11T11:00,sagar_sandheads_in,Sagar-Sandheads,India,destination,21.65,88.05,marine,0.78,157.0,6.15,0.56,2.9,0.48,8.3,2.3,328.0,31.3
2026-09-11T12:00,sagar_sandheads_in,Sagar-Sandheads,India,destination,21.65,88.05,marine,0.8,157.0,6.15,0.58,2.9,0.48,8.3,3.1,329.0,31.3
2026-09-11T13:00,sagar_sandheads_in,Sagar-Sandheads,India,destination,21.65,88.05,marine,0.78,158.0,6.2,0.52,2.8,0.48,8.3,3.3,331.0,31.3
2026-09-11T14:00,sagar_sandheads_in,Sagar-Sandheads,India,destination,21.65,88.05,marine,0.78,160.0,6.35,0.48,2.7,0.48,8.3,2.8,333.0,31.2
2026-09-11T15:00,sagar_sandheads_in,Sagar-Sandheads,India,destination,21.65,88.05,marine,0.76,161.0,6.45,0.42,2.6,0.48,8.3,1.3,326.0,31.2
2026-09-11T16:00,sagar_sandheads_in,Sagar-Sandheads,India,destination,21.65,88.05,marine,0.76,162.0,6.55,0.4,2.55,0.48,8.3,0.7,194.0,31.2
2026-09-11T17:00,sagar_sandheads_in,Sagar-Sandheads,India,destination,21.65,88.05,marine,0.74,163.0,6.6,0.4,2.55,0.48,8.25,2.0,170.0,31.2
2026-09-11T18:00,sagar_sandheads_in,Sagar-Sandheads,India,destination,21.65,88.05,marine,0.74,164.0,6.7,0.38,2.5,0.48,8.25,2.4,163.0,31.1
2026-09-11T19:00,sagar_sandheads_in,Sagar-Sandheads,India,destination,21.65,88.05,marine,0.74,165.0,6.85,0.32,2.3,0.48,8.25,2.1,160.0,31.1
2026-09-11T20:00,sagar_sandheads_in,Sagar-Sandheads,India,destination,21.65,88.05,marine,0.72,165.0,7.0,0.26,2.05,0.48,8.3,1.5,166.0,31.1
2026-09-11T21:00,sagar_sandheads_in,Sagar-Sandheads,India,destination,21.65,88.05,marine,0.72,166.0,7.15,0.2,1.9,0.48,8.2,0.7,180.0,31.0
2026-09-11T22:00,sagar_sandheads_in,Sagar-Sandheads,India,destination,21.65,88.05,marine,0.72,165.0,7.2,0.24,1.95,0.46,7.9,0.6,304.0,31.0
2026-09-11T23:00,sagar_sandheads_in,Sagar-Sandheads,India,destination,21.65,88.05,marine,0.7,165.0,7.25,0.26,2.1,0.46,7.55,1.8,323.0,30.9
2026-09-12T00:00,sagar_sandheads_in,Sagar-Sandheads,India,destination,21.65,88.05,marine,0.7,164.0,7.2,0.3,2.25,0.44,7.35,2.7,328.0,30.9
2026-09-12T01:00,sagar_sandheads_in,Sagar-Sandheads,India,destination,21.65,88.05,marine,0.72,161.0,7.1,0.34,2.35,0.46,7.5,3.3,331.0,30.9
2026-09-12T02:00,sagar_sandheads_in,Sagar-Sandheads,India,destination,21.65,88.05,marine,0.72,158.0,6.95,0.38,2.4,0.46,7.8,2.9,330.0,30.9
2026-09-12T03:00,sagar_sandheads_in,Sagar-Sandheads,India,destination,21.65,88.05,marine,0.74,155.0,6.7,0.42,2.55,0.48,8.05,1.9,326.0,30.9
2026-09-12T04:00,sagar_sandheads_in,Sagar-Sandheads,India,destination,21.65,88.05,marine,0.8,150.0,6.35,0.54,2.75,0.48,8.1,0.5,270.0,30.9
2026-09-12T05:00,sagar_sandheads_in,Sagar-Sandheads,India,destination,21.65,88.05,marine,0.88,146.0,5.9,0.66,3.05,0.48,8.1,1.6,180.0,31.0
2026-09-12T06:00,sagar_sandheads_in,Sagar-Sandheads,India,destination,21.65,88.05,marine,0.94,141.0,5.6,0.78,3.25,0.48,8.15,2.4,171.0,31.0
2026-09-12T07:00,sagar_sandheads_in,Sagar-Sandheads,India,destination,21.65,88.05,marine,0.94,142.0,5.6,0.76,3.35,0.46,8.3,2.2,171.0,31.0
2026-09-12T08:00,sagar_sandheads_in,Sagar-Sandheads,India,destination,21.65,88.05,marine,0.94,144.0,5.75,0.74,3.4,0.46,8.45,1.7,167.0,31.0
2026-09-12T09:00,sagar_sandheads_in,Sagar-Sandheads,India,destination,21.65,88.05,marine,0.94,145.0,5.85,0.72,3.4,0.44,8.55,0.9,180.0,31.0
2026-09-12T10:00,sagar_sandheads_in,Sagar-Sandheads,India,destination,21.65,88.05,marine,0.94,146.0,5.85,0.72,3.35,0.44,8.6,0.6,288.0,31.1
2026-09-12T11:00,sagar_sandheads_in,Sagar-Sandheads,India,destination,21.65,88.05,marine,0.92,148.0,5.85,0.7,3.3,0.44,8.55,1.8,315.0,31.1
2026-09-12T12:00,sagar_sandheads_in,Sagar-Sandheads,India,destination,21.65,88.05,marine,0.92,149.0,5.85,0.7,3.25,0.44,8.55,2.8,325.0,31.1
2026-09-12T13:00,sagar_sandheads_in,Sagar-Sandheads,India,destination,21.65,88.05,marine,0.9,150.0,5.85,0.68,3.2,0.44,8.5,3.3,331.0,31.1
2026-09-12T14:00,sagar_sandheads_in,Sagar-Sandheads,India,destination,21.65,88.05,marine,0.9,150.0,5.9,0.64,3.15,0.44,8.5,3.2,333.0,31.0
2026-09-12T15:00,sagar_sandheads_in,Sagar-Sandheads,India,destination,21.65,88.05,marine,0.88,151.0,5.95,0.62,3.05,0.44,8.45,2.4,333.0,31.0
2026-09-12T16:00,sagar_sandheads_in,Sagar-Sandheads,India,destination,21.65,88.05,marine,0.86,152.0,6.05,0.54,2.9,0.44,8.45,0.8,315.0,30.9
2026-09-12T17:00,sagar_sandheads_in,Sagar-Sandheads,India,destination,21.65,88.05,marine,0.82,154.0,6.25,0.46,2.7,0.44,8.5,1.3,172.0,30.9
2026-09-12T18:00,sagar_sandheads_in,Sagar-Sandheads,India,destination,21.65,88.05,marine,0.8,155.0,6.4,0.38,2.5,0.44,8.45,2.4,167.0,30.9
2026-09-12T19:00,sagar_sandheads_in,Sagar-Sandheads,India,destination,21.65,88.05,marine,0.78,156.0,6.55,0.34,2.35,0.42,8.2,2.4,163.0,30.8
2026-09-12T20:00,sagar_sandheads_in,Sagar-Sandheads,India,destination,21.65,88.05,marine,0.76,158.0,6.75,0.3,2.25,0.42,7.85,2.1,165.0,30.8
2026-09-12T21:00,sagar_sandheads_in,Sagar-Sandheads,India,destination,21.65,88.05,marine,0.74,159.0,6.9,0.26,2.15,0.4,7.65,1.3,164.0,30.8
2026-09-12T22:00,sagar_sandheads_in,Sagar-Sandheads,India,destination,21.65,88.05,marine,0.72,160.0,7.05,0.24,2.1,0.4,7.65,0.4,207.0,30.7
2026-09-12T23:00,sagar_sandheads_in,Sagar-Sandheads,India,destination,21.65,88.05,marine,0.72,160.0,7.15,0.24,2.05,0.4,7.75,1.0,315.0,30.7
2026-09-13T00:00,sagar_sandheads_in,Sagar-Sandheads,India,destination,21.65,88.05,marine,0.7,161.0,7.2,0.22,2.05,0.4,7.85,2.1,329.0,30.7
2026-09-13T01:00,sagar_sandheads_in,Sagar-Sandheads,India,destination,21.65,88.05,marine,0.7,160.0,7.2,0.26,2.15,0.42,8.0,2.9,330.0,30.7
2026-09-13T02:00,sagar_sandheads_in,Sagar-Sandheads,India,destination,21.65,88.05,marine,0.72,159.0,7.15,0.32,2.25,0.42,8.2,2.9,330.0,30.8
2026-09-13T03:00,sagar_sandheads_in,Sagar-Sandheads,India,destination,21.65,88.05,marine,0.72,158.0,7.1,0.36,2.4,0.44,8.3,2.3,331.0,30.8
2026-09-13T04:00,sagar_sandheads_in,Sagar-Sandheads,India,destination,21.65,88.05,marine,0.72,157.0,7.0,0.4,2.55,0.44,8.25,0.9,323.0,30.9
2026-09-13T05:00,sagar_sandheads_in,Sagar-Sandheads,India,destination,21.65,88.05,marine,0.74,157.0,6.85,0.44,2.65,0.42,8.1,0.9,180.0,30.9
2026-09-13T06:00,sagar_sandheads_in,Sagar-Sandheads,India,destination,21.65,88.05,marine,0.74,156.0,6.85,0.48,2.7,0.42,8.0,2.2,166.0,31.0
2026-09-13T07:00,sagar_sandheads_in,Sagar-Sandheads,India,destination,21.65,88.05,marine,0.72,158.0,7.05,0.4,2.6,0.42,8.0,2.6,164.0,31.0
2026-09-13T08:00,sagar_sandheads_in,Sagar-Sandheads,India,destination,21.65,88.05,marine,0.68,160.0,7.4,0.3,2.4,0.42,8.0,2.1,160.0,31.1
2026-09-13T09:00,sagar_sandheads_in,Sagar-Sandheads,India,destination,21.65,88.05,marine,0.66,162.0,7.7,0.22,2.05,0.42,8.05,1.5,159.0,31.2
2026-09-13T10:00,sagar_sandheads_in,Sagar-Sandheads,India,destination,21.65,88.05,marine,0.64,164.0,8.0,0.16,1.5,0.42,7.85,0.5,180.0,31.2
2026-09-13T11:00,sagar_sandheads_in,Sagar-Sandheads,India,destination,21.65,88.05,marine,0.64,165.0,8.3,0.08,0.8,0.4,7.7,0.6,326.0,31.3
2026-09-13T12:00,sagar_sandheads_in,Sagar-Sandheads,India,destination,21.65,88.05,marine,0.62,167.0,8.55,0.02,0.25,0.4,8.05,1.9,331.0,31.3
2026-09-13T13:00,sagar_sandheads_in,Sagar-Sandheads,India,destination,21.65,88.05,marine,0.62,168.0,8.8,0.02,0.05,0.36,9.5,2.7,332.0,31.3
2026-09-13T14:00,sagar_sandheads_in,Sagar-Sandheads,India,destination,21.65,88.05,marine,0.6,169.0,9.0,0.0,0.0,0.32,11.55,2.7,337.0,31.3
2026-09-13T15:00,sagar_sandheads_in,Sagar-Sandheads,India,destination,21.65,88.05,marine,0.6,170.0,9.15,0.0,0.0,0.28,13.0,2.3,342.0,31.2
2026-09-13T16:00,sagar_sandheads_in,Sagar-Sandheads,India,destination,21.65,88.05,marine,0.6,170.0,9.3,0.0,0.0,0.28,13.3,1.1,342.0,31.2
2026-09-13T17:00,sagar_sandheads_in,Sagar-Sandheads,India,destination,21.65,88.05,marine,0.58,171.0,9.4,0.0,0.0,0.26,13.1,0.6,162.0,31.2
2026-09-13T18:00,sagar_sandheads_in,Sagar-Sandheads,India,destination,21.65,88.05,marine,0.58,171.0,9.5,0.0,0.0,0.26,12.95,2.3,162.0,31.1
2026-09-13T19:00,sagar_sandheads_in,Sagar-Sandheads,India,destination,21.65,88.05,marine,0.58,171.0,9.6,0.0,0.05,0.26,13.2,2.8,162.0,31.1
2026-09-13T20:00,sagar_sandheads_in,Sagar-Sandheads,India,destination,21.65,88.05,marine,0.58,172.0,9.75,0.0,0.1,0.26,13.55,2.7,160.0,31.1
2026-09-13T21:00,sagar_sandheads_in,Sagar-Sandheads,India,destination,21.65,88.05,marine,0.58,172.0,9.85,0.0,0.25,0.26,13.8,2.1,160.0,31.1
2026-09-13T22:00,sagar_sandheads_in,Sagar-Sandheads,India,destination,21.65,88.05,marine,0.58,172.0,10.0,0.02,0.6,0.26,13.8,1.1,162.0,31.0
2026-09-13T23:00,sagar_sandheads_in,Sagar-Sandheads,India,destination,21.65,88.05,marine,0.58,173.0,10.1,0.02,1.1,0.26,13.7,0.3,225.0,31.0
2026-09-07T00:00,samarinda_id,Samarinda,Indonesia,origin,-0.50211,117.15371,marine,,,,,,,,,,
2026-09-07T01:00,samarinda_id,Samarinda,Indonesia,origin,-0.50211,117.15371,marine,,,,,,,,,,
2026-09-07T02:00,samarinda_id,Samarinda,Indonesia,origin,-0.50211,117.15371,marine,,,,,,,,,,
2026-09-07T03:00,samarinda_id,Samarinda,Indonesia,origin,-0.50211,117.15371,marine,,,,,,,,,,
2026-09-07T04:00,samarinda_id,Samarinda,Indonesia,origin,-0.50211,117.15371,marine,,,,,,,,,,
2026-09-07T05:00,samarinda_id,Samarinda,Indonesia,origin,-0.50211,117.15371,marine,,,,,,,,,,
2026-09-07T06:00,samarinda_id,Samarinda,Indonesia,origin,-0.50211,117.15371,marine,,,,,,,,,,
2026-09-07T07:00,samarinda_id,Samarinda,Indonesia,origin,-0.50211,117.15371,marine,,,,,,,,,,
2026-09-07T08:00,samarinda_id,Samarinda,Indonesia,origin,-0.50211,117.15371,marine,,,,,,,,,,
2026-09-07T09:00,samarinda_id,Samarinda,Indonesia,origin,-0.50211,117.15371,marine,,,,,,,,,,
2026-09-07T10:00,samarinda_id,Samarinda,Indonesia,origin,-0.50211,117.15371,marine,,,,,,,,,,
2026-09-07T11:00,samarinda_id,Samarinda,Indonesia,origin,-0.50211,117.15371,marine,,,,,,,,,,
2026-09-07T12:00,samarinda_id,Samarinda,Indonesia,origin,-0.50211,117.15371,marine,,,,,,,,,,
2026-09-07T13:00,samarinda_id,Samarinda,Indonesia,origin,-0.50211,117.15371,marine,,,,,,,,,,
2026-09-07T14:00,samarinda_id,Samarinda,Indonesia,origin,-0.50211,117.15371,marine,,,,,,,,,,
2026-09-07T15:00,samarinda_id,Samarinda,Indonesia,origin,-0.50211,117.15371,marine,,,,,,,,,,
2026-09-07T16:00,samarinda_id,Samarinda,Indonesia,origin,-0.50211,117.15371,marine,,,,,,,,,,
2026-09-07T17:00,samarinda_id,Samarinda,Indonesia,origin,-0.50211,117.15371,marine,,,,,,,,,,
2026-09-07T18:00,samarinda_id,Samarinda,Indonesia,origin,-0.50211,117.15371,marine,,,,,,,,,,
2026-09-07T19:00,samarinda_id,Samarinda,Indonesia,origin,-0.50211,117.15371,marine,,,,,,,,,,
2026-09-07T20:00,samarinda_id,Samarinda,Indonesia,origin,-0.50211,117.15371,marine,,,,,,,,,,
2026-09-07T21:00,samarinda_id,Samarinda,Indonesia,origin,-0.50211,117.15371,marine,,,,,,,,,,
2026-09-07T22:00,samarinda_id,Samarinda,Indonesia,origin,-0.50211,117.15371,marine,,,,,,,,,,
2026-09-07T23:00,samarinda_id,Samarinda,Indonesia,origin,-0.50211,117.15371,marine,,,,,,,,,,
2026-09-08T00:00,samarinda_id,Samarinda,Indonesia,origin,-0.50211,117.15371,marine,,,,,,,,,,
2026-09-08T01:00,samarinda_id,Samarinda,Indonesia,origin,-0.50211,117.15371,marine,,,,,,,,,,
2026-09-08T02:00,samarinda_id,Samarinda,Indonesia,origin,-0.50211,117.15371,marine,,,,,,,,,,
2026-09-08T03:00,samarinda_id,Samarinda,Indonesia,origin,-0.50211,117.15371,marine,,,,,,,,,,
2026-09-08T04:00,samarinda_id,Samarinda,Indonesia,origin,-0.50211,117.15371,marine,,,,,,,,,,
2026-09-08T05:00,samarinda_id,Samarinda,Indonesia,origin,-0.50211,117.15371,marine,,,,,,,,,,
2026-09-08T06:00,samarinda_id,Samarinda,Indonesia,origin,-0.50211,117.15371,marine,,,,,,,,,,
2026-09-08T07:00,samarinda_id,Samarinda,Indonesia,origin,-0.50211,117.15371,marine,,,,,,,,,,
2026-09-08T08:00,samarinda_id,Samarinda,Indonesia,origin,-0.50211,117.15371,marine,,,,,,,,,,
2026-09-08T09:00,samarinda_id,Samarinda,Indonesia,origin,-0.50211,117.15371,marine,,,,,,,,,,
2026-09-08T10:00,samarinda_id,Samarinda,Indonesia,origin,-0.50211,117.15371,marine,,,,,,,,,,
2026-09-08T11:00,samarinda_id,Samarinda,Indonesia,origin,-0.50211,117.15371,marine,,,,,,,,,,
2026-09-08T12:00,samarinda_id,Samarinda,Indonesia,origin,-0.50211,117.15371,marine,,,,,,,,,,
2026-09-08T13:00,samarinda_id,Samarinda,Indonesia,origin,-0.50211,117.15371,marine,,,,,,,,,,
2026-09-08T14:00,samarinda_id,Samarinda,Indonesia,origin,-0.50211,117.15371,marine,,,,,,,,,,
2026-09-08T15:00,samarinda_id,Samarinda,Indonesia,origin,-0.50211,117.15371,marine,,,,,,,,,,
2026-09-08T16:00,samarinda_id,Samarinda,Indonesia,origin,-0.50211,117.15371,marine,,,,,,,,,,
2026-09-08T17:00,samarinda_id,Samarinda,Indonesia,origin,-0.50211,117.15371,marine,,,,,,,,,,
2026-09-08T18:00,samarinda_id,Samarinda,Indonesia,origin,-0.50211,117.15371,marine,,,,,,,,,,
2026-09-08T19:00,samarinda_id,Samarinda,Indonesia,origin,-0.50211,117.15371,marine,,,,,,,,,,
2026-09-08T20:00,samarinda_id,Samarinda,Indonesia,origin,-0.50211,117.15371,marine,,,,,,,,,,
2026-09-08T21:00,samarinda_id,Samarinda,Indonesia,origin,-0.50211,117.15371,marine,,,,,,,,,,
2026-09-08T22:00,samarinda_id,Samarinda,Indonesia,origin,-0.50211,117.15371,marine,,,,,,,,,,
2026-09-08T23:00,samarinda_id,Samarinda,Indonesia,origin,-0.50211,117.15371,marine,,,,,,,,,,
2026-09-09T00:00,samarinda_id,Samarinda,Indonesia,origin,-0.50211,117.15371,marine,,,,,,,,,,
2026-09-09T01:00,samarinda_id,Samarinda,Indonesia,origin,-0.50211,117.15371,marine,,,,,,,,,,
2026-09-09T02:00,samarinda_id,Samarinda,Indonesia,origin,-0.50211,117.15371,marine,,,,,,,,,,
2026-09-09T03:00,samarinda_id,Samarinda,Indonesia,origin,-0.50211,117.15371,marine,,,,,,,,,,
2026-09-09T04:00,samarinda_id,Samarinda,Indonesia,origin,-0.50211,117.15371,marine,,,,,,,,,,
2026-09-09T05:00,samarinda_id,Samarinda,Indonesia,origin,-0.50211,117.15371,marine,,,,,,,,,,
2026-09-09T06:00,samarinda_id,Samarinda,Indonesia,origin,-0.50211,117.15371,marine,,,,,,,,,,
2026-09-09T07:00,samarinda_id,Samarinda,Indonesia,origin,-0.50211,117.15371,marine,,,,,,,,,,
2026-09-09T08:00,samarinda_id,Samarinda,Indonesia,origin,-0.50211,117.15371,marine,,,,,,,,,,
2026-09-09T09:00,samarinda_id,Samarinda,Indonesia,origin,-0.50211,117.15371,marine,,,,,,,,,,
2026-09-09T10:00,samarinda_id,Samarinda,Indonesia,origin,-0.50211,117.15371,marine,,,,,,,,,,
2026-09-09T11:00,samarinda_id,Samarinda,Indonesia,origin,-0.50211,117.15371,marine,,,,,,,,,,
2026-09-09T12:00,samarinda_id,Samarinda,Indonesia,origin,-0.50211,117.15371,marine,,,,,,,,,,
2026-09-09T13:00,samarinda_id,Samarinda,Indonesia,origin,-0.50211,117.15371,marine,,,,,,,,,,
2026-09-09T14:00,samarinda_id,Samarinda,Indonesia,origin,-0.50211,117.15371,marine,,,,,,,,,,
2026-09-09T15:00,samarinda_id,Samarinda,Indonesia,origin,-0.50211,117.15371,marine,,,,,,,,,,
2026-09-09T16:00,samarinda_id,Samarinda,Indonesia,origin,-0.50211,117.15371,marine,,,,,,,,,,
2026-09-09T17:00,samarinda_id,Samarinda,Indonesia,origin,-0.50211,117.15371,marine,,,,,,,,,,
2026-09-09T18:00,samarinda_id,Samarinda,Indonesia,origin,-0.50211,117.15371,marine,,,,,,,,,,
2026-09-09T19:00,samarinda_id,Samarinda,Indonesia,origin,-0.50211,117.15371,marine,,,,,,,,,,
2026-09-09T20:00,samarinda_id,Samarinda,Indonesia,origin,-0.50211,117.15371,marine,,,,,,,,,,
2026-09-09T21:00,samarinda_id,Samarinda,Indonesia,origin,-0.50211,117.15371,marine,,,,,,,,,,
2026-09-09T22:00,samarinda_id,Samarinda,Indonesia,origin,-0.50211,117.15371,marine,,,,,,,,,,
2026-09-09T23:00,samarinda_id,Samarinda,Indonesia,origin,-0.50211,117.15371,marine,,,,,,,,,,
2026-09-10T00:00,samarinda_id,Samarinda,Indonesia,origin,-0.50211,117.15371,marine,,,,,,,,,,
2026-09-10T01:00,samarinda_id,Samarinda,Indonesia,origin,-0.50211,117.15371,marine,,,,,,,,,,
2026-09-10T02:00,samarinda_id,Samarinda,Indonesia,origin,-0.50211,117.15371,marine,,,,,,,,,,
2026-09-10T03:00,samarinda_id,Samarinda,Indonesia,origin,-0.50211,117.15371,marine,,,,,,,,,,
2026-09-10T04:00,samarinda_id,Samarinda,Indonesia,origin,-0.50211,117.15371,marine,,,,,,,,,,
2026-09-10T05:00,samarinda_id,Samarinda,Indonesia,origin,-0.50211,117.15371,marine,,,,,,,,,,
2026-09-10T06:00,samarinda_id,Samarinda,Indonesia,origin,-0.50211,117.15371,marine,,,,,,,,,,
2026-09-10T07:00,samarinda_id,Samarinda,Indonesia,origin,-0.50211,117.15371,marine,,,,,,,,,,
2026-09-10T08:00,samarinda_id,Samarinda,Indonesia,origin,-0.50211,117.15371,marine,,,,,,,,,,
2026-09-10T09:00,samarinda_id,Samarinda,Indonesia,origin,-0.50211,117.15371,marine,,,,,,,,,,
2026-09-10T10:00,samarinda_id,Samarinda,Indonesia,origin,-0.50211,117.15371,marine,,,,,,,,,,
2026-09-10T11:00,samarinda_id,Samarinda,Indonesia,origin,-0.50211,117.15371,marine,,,,,,,,,,
2026-09-10T12:00,samarinda_id,Samarinda,Indonesia,origin,-0.50211,117.15371,marine,,,,,,,,,,
2026-09-10T13:00,samarinda_id,Samarinda,Indonesia,origin,-0.50211,117.15371,marine,,,,,,,,,,
2026-09-10T14:00,samarinda_id,Samarinda,Indonesia,origin,-0.50211,117.15371,marine,,,,,,,,,,
2026-09-10T15:00,samarinda_id,Samarinda,Indonesia,origin,-0.50211,117.15371,marine,,,,,,,,,,
2026-09-10T16:00,samarinda_id,Samarinda,Indonesia,origin,-0.50211,117.15371,marine,,,,,,,,,,
2026-09-10T17:00,samarinda_id,Samarinda,Indonesia,origin,-0.50211,117.15371,marine,,,,,,,,,,
2026-09-10T18:00,samarinda_id,Samarinda,Indonesia,origin,-0.50211,117.15371,marine,,,,,,,,,,
2026-09-10T19:00,samarinda_id,Samarinda,Indonesia,origin,-0.50211,117.15371,marine,,,,,,,,,,
2026-09-10T20:00,samarinda_id,Samarinda,Indonesia,origin,-0.50211,117.15371,marine,,,,,,,,,,
2026-09-10T21:00,samarinda_id,Samarinda,Indonesia,origin,-0.50211,117.15371,marine,,,,,,,,,,
2026-09-10T22:00,samarinda_id,Samarinda,Indonesia,origin,-0.50211,117.15371,marine,,,,,,,,,,
2026-09-10T23:00,samarinda_id,Samarinda,Indonesia,origin,-0.50211,117.15371,marine,,,,,,,,,,
2026-09-11T00:00,samarinda_id,Samarinda,Indonesia,origin,-0.50211,117.15371,marine,,,,,,,,,,
2026-09-11T01:00,samarinda_id,Samarinda,Indonesia,origin,-0.50211,117.15371,marine,,,,,,,,,,
2026-09-11T02:00,samarinda_id,Samarinda,Indonesia,origin,-0.50211,117.15371,marine,,,,,,,,,,
2026-09-11T03:00,samarinda_id,Samarinda,Indonesia,origin,-0.50211,117.15371,marine,,,,,,,,,,
2026-09-11T04:00,samarinda_id,Samarinda,Indonesia,origin,-0.50211,117.15371,marine,,,,,,,,,,
2026-09-11T05:00,samarinda_id,Samarinda,Indonesia,origin,-0.50211,117.15371,marine,,,,,,,,,,
2026-09-11T06:00,samarinda_id,Samarinda,Indonesia,origin,-0.50211,117.15371,marine,,,,,,,,,,
2026-09-11T07:00,samarinda_id,Samarinda,Indonesia,origin,-0.50211,117.15371,marine,,,,,,,,,,
2026-09-11T08:00,samarinda_id,Samarinda,Indonesia,origin,-0.50211,117.15371,marine,,,,,,,,,,
2026-09-11T09:00,samarinda_id,Samarinda,Indonesia,origin,-0.50211,117.15371,marine,,,,,,,,,,
2026-09-11T10:00,samarinda_id,Samarinda,Indonesia,origin,-0.50211,117.15371,marine,,,,,,,,,,
2026-09-11T11:00,samarinda_id,Samarinda,Indonesia,origin,-0.50211,117.15371,marine,,,,,,,,,,
2026-09-11T12:00,samarinda_id,Samarinda,Indonesia,origin,-0.50211,117.15371,marine,,,,,,,,,,
2026-09-11T13:00,samarinda_id,Samarinda,Indonesia,origin,-0.50211,117.15371,marine,,,,,,,,,,
2026-09-11T14:00,samarinda_id,Samarinda,Indonesia,origin,-0.50211,117.15371,marine,,,,,,,,,,
2026-09-11T15:00,samarinda_id,Samarinda,Indonesia,origin,-0.50211,117.15371,marine,,,,,,,,,,
2026-09-11T16:00,samarinda_id,Samarinda,Indonesia,origin,-0.50211,117.15371,marine,,,,,,,,,,
2026-09-11T17:00,samarinda_id,Samarinda,Indonesia,origin,-0.50211,117.15371,marine,,,,,,,,,,
2026-09-11T18:00,samarinda_id,Samarinda,Indonesia,origin,-0.50211,117.15371,marine,,,,,,,,,,
2026-09-11T19:00,samarinda_id,Samarinda,Indonesia,origin,-0.50211,117.15371,marine,,,,,,,,,,
2026-09-11T20:00,samarinda_id,Samarinda,Indonesia,origin,-0.50211,117.15371,marine,,,,,,,,,,
2026-09-11T21:00,samarinda_id,Samarinda,Indonesia,origin,-0.50211,117.15371,marine,,,,,,,,,,
2026-09-11T22:00,samarinda_id,Samarinda,Indonesia,origin,-0.50211,117.15371,marine,,,,,,,,,,
2026-09-11T23:00,samarinda_id,Samarinda,Indonesia,origin,-0.50211,117.15371,marine,,,,,,,,,,
2026-09-12T00:00,samarinda_id,Samarinda,Indonesia,origin,-0.50211,117.15371,marine,,,,,,,,,,
2026-09-12T01:00,samarinda_id,Samarinda,Indonesia,origin,-0.50211,117.15371,marine,,,,,,,,,,
2026-09-12T02:00,samarinda_id,Samarinda,Indonesia,origin,-0.50211,117.15371,marine,,,,,,,,,,
2026-09-12T03:00,samarinda_id,Samarinda,Indonesia,origin,-0.50211,117.15371,marine,,,,,,,,,,
2026-09-12T04:00,samarinda_id,Samarinda,Indonesia,origin,-0.50211,117.15371,marine,,,,,,,,,,
2026-09-12T05:00,samarinda_id,Samarinda,Indonesia,origin,-0.50211,117.15371,marine,,,,,,,,,,
2026-09-12T06:00,samarinda_id,Samarinda,Indonesia,origin,-0.50211,117.15371,marine,,,,,,,,,,
2026-09-12T07:00,samarinda_id,Samarinda,Indonesia,origin,-0.50211,117.15371,marine,,,,,,,,,,
2026-09-12T08:00,samarinda_id,Samarinda,Indonesia,origin,-0.50211,117.15371,marine,,,,,,,,,,
2026-09-12T09:00,samarinda_id,Samarinda,Indonesia,origin,-0.50211,117.15371,marine,,,,,,,,,,
2026-09-12T10:00,samarinda_id,Samarinda,Indonesia,origin,-0.50211,117.15371,marine,,,,,,,,,,
2026-09-12T11:00,samarinda_id,Samarinda,Indonesia,origin,-0.50211,117.15371,marine,,,,,,,,,,
2026-09-12T12:00,samarinda_id,Samarinda,Indonesia,origin,-0.50211,117.15371,marine,,,,,,,,,,
2026-09-12T13:00,samarinda_id,Samarinda,Indonesia,origin,-0.50211,117.15371,marine,,,,,,,,,,
2026-09-12T14:00,samarinda_id,Samarinda,Indonesia,origin,-0.50211,117.15371,marine,,,,,,,,,,
2026-09-12T15:00,samarinda_id,Samarinda,Indonesia,origin,-0.50211,117.15371,marine,,,,,,,,,,
2026-09-12T16:00,samarinda_id,Samarinda,Indonesia,origin,-0.50211,117.15371,marine,,,,,,,,,,
2026-09-12T17:00,samarinda_id,Samarinda,Indonesia,origin,-0.50211,117.15371,marine,,,,,,,,,,
2026-09-12T18:00,samarinda_id,Samarinda,Indonesia,origin,-0.50211,117.15371,marine,,,,,,,,,,
2026-09-12T19:00,samarinda_id,Samarinda,Indonesia,origin,-0.50211,117.15371,marine,,,,,,,,,,
2026-09-12T20:00,samarinda_id,Samarinda,Indonesia,origin,-0.50211,117.15371,marine,,,,,,,,,,
2026-09-12T21:00,samarinda_id,Samarinda,Indonesia,origin,-0.50211,117.15371,marine,,,,,,,,,,
2026-09-12T22:00,samarinda_id,Samarinda,Indonesia,origin,-0.50211,117.15371,marine,,,,,,,,,,
2026-09-12T23:00,samarinda_id,Samarinda,Indonesia,origin,-0.50211,117.15371,marine,,,,,,,,,,
2026-09-13T00:00,samarinda_id,Samarinda,Indonesia,origin,-0.50211,117.15371,marine,,,,,,,,,,
2026-09-13T01:00,samarinda_id,Samarinda,Indonesia,origin,-0.50211,117.15371,marine,,,,,,,,,,
2026-09-13T02:00,samarinda_id,Samarinda,Indonesia,origin,-0.50211,117.15371,marine,,,,,,,,,,
2026-09-13T03:00,samarinda_id,Samarinda,Indonesia,origin,-0.50211,117.15371,marine,,,,,,,,,,
2026-09-13T04:00,samarinda_id,Samarinda,Indonesia,origin,-0.50211,117.15371,marine,,,,,,,,,,
2026-09-13T05:00,samarinda_id,Samarinda,Indonesia,origin,-0.50211,117.15371,marine,,,,,,,,,,
2026-09-13T06:00,samarinda_id,Samarinda,Indonesia,origin,-0.50211,117.15371,marine,,,,,,,,,,
2026-09-13T07:00,samarinda_id,Samarinda,Indonesia,origin,-0.50211,117.15371,marine,,,,,,,,,,
2026-09-13T08:00,samarinda_id,Samarinda,Indonesia,origin,-0.50211,117.15371,marine,,,,,,,,,,
2026-09-13T09:00,samarinda_id,Samarinda,Indonesia,origin,-0.50211,117.15371,marine,,,,,,,,,,
2026-09-13T10:00,samarinda_id,Samarinda,Indonesia,origin,-0.50211,117.15371,marine,,,,,,,,,,
2026-09-13T11:00,samarinda_id,Samarinda,Indonesia,origin,-0.50211,117.15371,marine,,,,,,,,,,
2026-09-13T12:00,samarinda_id,Samarinda,Indonesia,origin,-0.50211,117.15371,marine,,,,,,,,,,
2026-09-13T13:00,samarinda_id,Samarinda,Indonesia,origin,-0.50211,117.15371,marine,,,,,,,,,,
2026-09-13T14:00,samarinda_id,Samarinda,Indonesia,origin,-0.50211,117.15371,marine,,,,,,,,,,
2026-09-13T15:00,samarinda_id,Samarinda,Indonesia,origin,-0.50211,117.15371,marine,,,,,,,,,,
2026-09-13T16:00,samarinda_id,Samarinda,Indonesia,origin,-0.50211,117.15371,marine,,,,,,,,,,
2026-09-13T17:00,samarinda_id,Samarinda,Indonesia,origin,-0.50211,117.15371,marine,,,,,,,,,,
2026-09-13T18:00,samarinda_id,Samarinda,Indonesia,origin,-0.50211,117.15371,marine,,,,,,,,,,
2026-09-13T19:00,samarinda_id,Samarinda,Indonesia,origin,-0.50211,117.15371,marine,,,,,,,,,,
2026-09-13T20:00,samarinda_id,Samarinda,Indonesia,origin,-0.50211,117.15371,marine,,,,,,,,,,
2026-09-13T21:00,samarinda_id,Samarinda,Indonesia,origin,-0.50211,117.15371,marine,,,,,,,,,,
2026-09-13T22:00,samarinda_id,Samarinda,Indonesia,origin,-0.50211,117.15371,marine,,,,,,,,,,
2026-09-13T23:00,samarinda_id,Samarinda,Indonesia,origin,-0.50211,117.15371,marine,,,,,,,,,,
2026-09-07T00:00,taman_ru,Taman,Russia,origin,45.125,36.68306,marine,0.7,299.0,3.35,0.64,2.85,0.3,3.8,0.8,135.0,23.8
2026-09-07T01:00,taman_ru,Taman,Russia,origin,45.125,36.68306,marine,0.72,302.0,3.4,0.66,2.95,0.28,3.95,0.8,135.0,23.8
2026-09-07T02:00,taman_ru,Taman,Russia,origin,45.125,36.68306,marine,0.76,305.0,3.45,0.7,3.0,0.28,4.05,0.8,135.0,23.7
2026-09-07T03:00,taman_ru,Taman,Russia,origin,45.125,36.68306,marine,0.78,308.0,3.5,0.72,3.05,0.26,4.15,0.8,135.0,23.7
2026-09-07T04:00,taman_ru,Taman,Russia,origin,45.125,36.68306,marine,0.76,309.0,3.5,0.72,3.05,0.24,4.2,0.8,135.0,23.6
2026-09-07T05:00,taman_ru,Taman,Russia,origin,45.125,36.68306,marine,0.76,310.0,3.5,0.7,3.05,0.24,4.15,0.8,135.0,23.6
2026-09-07T06:00,taman_ru,Taman,Russia,origin,45.125,36.68306,marine,0.74,311.0,3.5,0.7,3.05,0.22,4.15,0.8,135.0,23.6
2026-09-07T07:00,taman_ru,Taman,Russia,origin,45.125,36.68306,marine,0.72,311.0,3.45,0.68,3.05,0.22,4.1,0.8,135.0,23.6
2026-09-07T08:00,taman_ru,Taman,Russia,origin,45.125,36.68306,marine,0.72,312.0,3.45,0.66,3.0,0.22,4.05,0.8,135.0,23.6
2026-09-07T09:00,taman_ru,Taman,Russia,origin,45.125,36.68306,marine,0.7,312.0,3.4,0.64,2.95,0.22,4.0,0.8,135.0,23.6
2026-09-07T10:00,taman_ru,Taman,Russia,origin,45.125,36.68306,marine,0.68,311.0,3.35,0.62,2.9,0.22,3.95,0.8,135.0,23.6
2026-09-07T11:00,taman_ru,Taman,Russia,origin,45.125,36.68306,marine,0.64,311.0,3.35,0.58,2.85,0.22,3.85,0.6,124.0,23.6
2026-09-07T12:00,taman_ru,Taman,Russia,origin,45.125,36.68306,marine,0.62,310.0,3.3,0.56,2.8,0.22,3.75,0.6,124.0,23.6
2026-09-07T13:00,taman_ru,Taman,Russia,origin,45.125,36.68306,marine,0.6,310.0,3.25,0.54,2.75,0.2,3.5,0.6,124.0,23.6
2026-09-07T14:00,taman_ru,Taman,Russia,origin,45.125,36.68306,marine,0.56,309.0,3.2,0.5,2.75,0.2,3.2,0.6,124.0,23.6
2026-09-07T15:00,taman_ru,Taman,Russia,origin,45.125,36.68306,marine,0.54,309.0,3.15,0.48,2.7,0.18,3.0,0.6,124.0,23.6
2026-09-07T16:00,taman_ru,Taman,Russia,origin,45.125,36.68306,marine,0.52,306.0,3.1,0.46,2.65,0.16,3.15,0.6,124.0,23.5
2026-09-07T17:00,taman_ru,Taman,Russia,origin,45.125,36.68306,marine,0.48,304.0,3.0,0.44,2.55,0.16,3.4,0.6,124.0,23.5
2026-09-07T18:00,taman_ru,Taman,Russia,origin,45.125,36.68306,marine,0.46,301.0,2.95,0.42,2.5,0.14,3.45,0.6,124.0,23.5
2026-09-07T19:00,taman_ru,Taman,Russia,origin,45.125,36.68306,marine,0.44,306.0,2.85,0.4,2.45,0.14,3.1,0.6,124.0,23.4
2026-09-07T20:00,taman_ru,Taman,Russia,origin,45.125,36.68306,marine,0.44,311.0,2.8,0.4,2.45,0.14,2.5,0.8,135.0,23.4
2026-09-07T21:00,taman_ru,Taman,Russia,origin,45.125,36.68306,marine,0.42,316.0,2.75,0.38,2.4,0.14,2.15,0.6,146.0,23.4
2026-09-07T22:00,taman_ru,Taman,Russia,origin,45.125,36.68306,marine,0.4,320.0,2.75,0.36,2.35,0.14,2.2,0.5,135.0,23.3
2026-09-07T23:00,taman_ru,Taman,Russia,origin,45.125,36.68306,marine,0.4,324.0,2.8,0.34,2.35,0.12,2.45,0.4,153.0,23.3
2026-09-08T00:00,taman_ru,Taman,Russia,origin,45.125,36.68306,marine,0.38,328.0,2.85,0.32,2.3,0.12,2.75,0.4,153.0,23.3
2026-09-08T01:00,taman_ru,Taman,Russia,origin,45.125,36.68306,marine,0.36,328.0,2.85,0.3,2.3,0.12,3.05,0.4,153.0,23.3
2026-09-08T02:00,taman_ru,Taman,Russia,origin,45.125,36.68306,marine,0.36,328.0,2.8,0.3,2.25,0.12,3.4,0.4,153.0,23.2
2026-09-08T03:00,taman_ru,Taman,Russia,origin,45.125,36.68306,marine,0.34,328.0,2.8,0.28,2.2,0.12,3.5,0.4,153.0,23.2
2026-09-08T04:00,taman_ru,Taman,Russia,origin,45.125,36.68306,marine,0.32,325.0,2.85,0.22,2.1,0.14,3.25,0.4,153.0,23.2
2026-09-08T05:00,taman_ru,Taman,Russia,origin,45.125,36.68306,marine,0.28,323.0,2.9,0.18,1.95,0.16,2.8,0.4,153.0,23.2
2026-09-08T06:00,taman_ru,Taman,Russia,origin,45.125,36.68306,marine,0.26,320.0,3.0,0.12,1.8,0.18,2.45,0.4,153.0,23.2
2026-09-08T07:00,taman_ru,Taman,Russia,origin,45.125,36.68306,marine,0.24,311.0,3.1,0.1,1.55,0.16,2.4,0.4,180.0,23.3
2026-09-08T08:00,taman_ru,Taman,Russia,origin,45.125,36.68306,marine,0.2,302.0,3.2,0.06,1.25,0.14,2.45,0.4,180.0,23.3
2026-09-08T09:00,taman_ru,Taman,Russia,origin,45.125,36.68306,marine,0.18,293.0,3.3,0.04,1.05,0.12,2.55,0.4,180.0,23.4
2026-09-08T10:00,taman_ru,Taman,Russia,origin,45.125,36.68306,marine,0.16,287.0,3.35,0.04,1.0,0.12,2.75,0.4,180.0,23.5
2026-09-08T11:00,taman_ru,Taman,Russia,origin,45.125,36.68306,marine,0.16,281.0,3.35,0.04,1.05,0.1,3.05,0.2,180.0,23.5
2026-09-08T12:00,taman_ru,Taman,Russia,origin,45.125,36.68306,marine,0.14,275.0,3.3,0.04,1.0,0.1,3.15,0.2,180.0,23.5
2026-09-08T13:00,taman_ru,Taman,Russia,origin,45.125,36.68306,marine,0.14,286.0,3.15,0.04,0.7,0.12,2.85,0.2,180.0,23.5
2026-09-08T14:00,taman_ru,Taman,Russia,origin,45.125,36.68306,marine,0.16,296.0,2.95,0.02,0.25,0.12,2.4,0.2,180.0,23.5
2026-09-08T15:00,taman_ru,Taman,Russia,origin,45.125,36.68306,marine,0.16,307.0,2.8,0.02,0.1,0.14,2.15,0.2,180.0,23.4
2026-09-08T16:00,taman_ru,Taman,Russia,origin,45.125,36.68306,marine,0.16,302.0,2.8,0.02,0.4,0.12,2.3,0.0,90.0,23.4
2026-09-08T17:00,taman_ru,Taman,Russia,origin,45.125,36.68306,marine,0.14,296.0,2.85,0.02,0.95,0.1,2.7,0.2,90.0,23.3
2026-09-08T18:00,taman_ru,Taman,Russia,origin,45.125,36.68306,marine,0.14,291.0,2.9,0.02,1.35,0.08,2.95,0.2,90.0,23.3
2026-09-08T19:00,taman_ru,Taman,Russia,origin,45.125,36.68306,marine,0.14,283.0,2.9,0.02,1.5,0.08,3.0,0.2,90.0,23.2
2026-09-08T20:00,taman_ru,Taman,Russia,origin,45.125,36.68306,marine,0.12,274.0,2.9,0.04,1.55,0.08,2.95,0.2,90.0,23.2
2026-09-08T21:00,taman_ru,Taman,Russia,origin,45.125,36.68306,marine,0.12,266.0,2.85,0.04,1.55,0.08,2.8,0.2,90.0,23.2
2026-09-08T22:00,taman_ru,Taman,Russia,origin,45.125,36.68306,marine,0.12,261.0,2.65,0.06,1.55,0.08,2.55,0.2,90.0,23.2
2026-09-08T23:00,taman_ru,Taman,Russia,origin,45.125,36.68306,marine,0.14,257.0,2.4,0.08,1.55,0.08,2.2,0.4,90.0,23.1
2026-09-09T00:00,taman_ru,Taman,Russia,origin,45.125,36.68306,marine,0.14,252.0,2.25,0.1,1.55,0.08,2.0,0.4,90.0,23.1
2026-09-09T01:00,taman_ru,Taman,Russia,origin,45.125,36.68306,marine,0.14,251.0,2.25,0.08,1.55,0.1,1.95,0.4,90.0,23.1
2026-09-09T02:00,taman_ru,Taman,Russia,origin,45.125,36.68306,marine,0.14,249.0,2.3,0.08,1.55,0.1,2.05,0.4,117.0,23.1
2026-09-09T03:00,taman_ru,Taman,Russia,origin,45.125,36.68306,marine,0.14,248.0,2.4,0.06,1.45,0.12,2.1,0.4,117.0,23.1
2026-09-09T04:00,taman_ru,Taman,Russia,origin,45.125,36.68306,marine,0.14,247.0,2.45,0.04,1.1,0.12,2.15,0.4,117.0,23.0
2026-09-09T05:00,taman_ru,Taman,Russia,origin,45.125,36.68306,marine,0.12,246.0,2.5,0.02,0.7,0.1,2.15,0.3,135.0,23.1
2026-09-09T06:00,taman_ru,Taman,Russia,origin,45.125,36.68306,marine,0.12,245.0,2.55,0.0,0.35,0.1,2.2,0.3,135.0,23.1
2026-09-09T07:00,taman_ru,Taman,Russia,origin,45.125,36.68306,marine,0.1,245.0,2.6,0.0,0.2,0.1,2.2,0.4,153.0,23.1
2026-09-09T08:00,taman_ru,Taman,Russia,origin,45.125,36.68306,marine,0.1,246.0,2.65,0.0,0.1,0.08,2.25,0.4,153.0,23.2
2026-09-09T09:00,taman_ru,Taman,Russia,origin,45.125,36.68306,marine,0.08,246.0,2.65,0.0,0.2,0.08,2.25,0.4,153.0,23.3
2026-09-09T10:00,taman_ru,Taman,Russia,origin,45.125,36.68306,marine,0.08,248.0,2.6,0.02,0.5,0.08,2.25,0.4,153.0,23.5
2026-09-09T11:00,taman_ru,Taman,Russia,origin,45.125,36.68306,marine,0.08,249.0,2.5,0.02,1.0,0.06,2.3,0.4,180.0,23.5
2026-09-09T12:00,taman_ru,Taman,Russia,origin,45.125,36.68306,marine,0.08,251.0,2.4,0.04,1.35,0.06,2.25,0.4,180.0,23.6
2026-09-09T13:00,taman_ru,Taman,Russia,origin,45.125,36.68306,marine,0.12,289.0,2.2,0.1,1.55,0.06,2.1,0.6,198.0,23.6
2026-09-09T14:00,taman_ru,Taman,Russia,origin,45.125,36.68306,marine,0.18,326.0,1.95,0.14,1.7,0.04,1.95,0.6,198.0,23.5
2026-09-09T15:00,taman_ru,Taman,Russia,origin,45.125,36.68306,marine,0.22,4.0,1.8,0.2,1.6,0.04,1.8,0.4,207.0,23.4
2026-09-09T16:00,taman_ru,Taman,Russia,origin,45.125,36.68306,marine,0.2,8.0,1.85,0.14,1.15,0.08,1.75,0.3,225.0,23.3
2026-09-09T17:00,taman_ru,Taman,Russia,origin,45.125,36.68306,marine,0.18,12.0,2.05,0.06,0.45,0.1,1.75,0.3,225.0,23.2
2026-09-09T18:00,taman_ru,Taman,Russia,origin,45.125,36.68306,marine,0.16,16.0,2.15,0.0,0.0,0.14,1.75,0.2,270.0,23.1
2026-09-09T19:00,taman_ru,Taman,Russia,origin,45.125,36.68306,marine,0.14,16.0,2.15,0.0,0.0,0.12,1.75,0.2,270.0,23.1
2026-09-09T20:00,taman_ru,Taman,Russia,origin,45.125,36.68306,marine,0.1,16.0,2.15,0.02,0.05,0.1,1.7,0.0,90.0,23.1
2026-09-09T21:00,taman_ru,Taman,Russia,origin,45.125,36.68306,marine,0.08,16.0,2.1,0.02,0.25,0.08,1.7,0.0,90.0,23.1
2026-09-09T22:00,taman_ru,Taman,Russia,origin,45.125,36.68306,marine,0.06,8.0,2.1,0.02,0.6,0.06,1.65,0.0,90.0,23.0
2026-09-09T23:00,taman_ru,Taman,Russia,origin,45.125,36.68306,marine,0.06,359.0,2.05,0.04,1.05,0.06,1.6,0.2,270.0,23.0
2026-09-10T00:00,taman_ru,Taman,Russia,origin,45.125,36.68306,marine,0.04,351.0,2.05,0.04,1.4,0.04,1.6,0.2,270.0,23.0
2026-09-10T01:00,taman_ru,Taman,Russia,origin,45.125,36.68306,marine,0.06,29.0,2.0,0.06,1.55,0.04,1.7,0.2,270.0,23.0
2026-09-10T02:00,taman_ru,Taman,Russia,origin,45.125,36.68306,marine,0.08,67.0,1.95,0.06,1.55,0.04,1.85,0.2,270.0,23.0
2026-09-10T03:00,taman_ru,Taman,Russia,origin,45.125,36.68306,marine,0.1,105.0,1.9,0.08,1.6,0.04,2.0,0.2,270.0,23.0
2026-09-10T04:00,taman_ru,Taman,Russia,origin,45.125,36.68306,marine,0.14,105.0,1.9,0.12,1.65,0.04,2.2,0.4,270.0,22.9
2026-09-10T05:00,taman_ru,Taman,Russia,origin,45.125,36.68306,marine,0.16,104.0,1.9,0.16,1.7,0.04,2.45,0.4,270.0,22.9
2026-09-10T06:00,taman_ru,Taman,Russia,origin,45.125,36.68306,marine,0.2,104.0,1.95,0.2,1.75,0.04,2.6,0.4,270.0,22.9
2026-09-10T07:00,taman_ru,Taman,Russia,origin,45.125,36.68306,marine,0.2,106.0,2.1,0.18,1.75,0.08,2.5,0.4,270.0,23.0
2026-09-10T08:00,taman_ru,Taman,Russia,origin,45.125,36.68306,marine,0.22,109.0,2.25,0.16,1.75,0.1,2.3,0.4,270.0,23.0
2026-09-10T09:00,taman_ru,Taman,Russia,origin,45.125,36.68306,marine,0.22,111.0,2.4,0.14,1.7,0.14,2.15,0.4,270.0,23.1
2026-09-10T10:00,taman_ru,Taman,Russia,origin,45.125,36.68306,marine,0.2,112.0,2.5,0.1,1.55,0.16,2.15,0.4,270.0,23.1
2026-09-10T11:00,taman_ru,Taman,Russia,origin,45.125,36.68306,marine,0.2,114.0,2.6,0.08,1.3,0.16,2.15,0.4,270.0,23.2
2026-09-10T12:00,taman_ru,Taman,Russia,origin,45.125,36.68306,marine,0.18,115.0,2.6,0.04,1.25,0.18,2.25,0.4,270.0,23.2
2026-09-10T13:00,taman_ru,Taman,Russia,origin,45.125,36.68306,marine,0.24,88.0,2.5,0.14,1.45,0.16,2.4,0.4,270.0,23.2
2026-09-10T14:00,taman_ru,Taman,Russia,origin,45.125,36.68306,marine,0.3,61.0,2.4,0.22,1.8,0.12,2.55,0.4,243.0,23.2
2026-09-10T15:00,taman_ru,Taman,Russia,origin,45.125,36.68306,marine,0.36,34.0,2.3,0.32,2.05,0.1,2.65,0.4,243.0,23.1
2026-09-10T16:00,taman_ru,Taman,Russia,origin,45.125,36.68306,marine,0.34,34.0,2.35,0.3,2.2,0.1,2.6,0.4,243.0,23.1
2026-09-10T17:00,taman_ru,Taman,Russia,origin,45.125,36.68306,marine,0.34,34.0,2.5,0.28,2.25,0.1,2.45,0.4,243.0,23.1
2026-09-10T18:00,taman_ru,Taman,Russia,origin,45.125,36.68306,marine,0.32,34.0,2.55,0.26,2.25,0.1,2.35,0.4,243.0,23.0
2026-09-10T19:00,taman_ru,Taman,Russia,origin,45.125,36.68306,marine,0.3,37.0,2.55,0.24,2.2,0.1,2.3,0.4,243.0,23.0
2026-09-10T20:00,taman_ru,Taman,Russia,origin,45.125,36.68306,marine,0.28,41.0,2.45,0.24,2.15,0.1,2.25,0.4,270.0,23.0
2026-09-10T21:00,taman_ru,Taman,Russia,origin,45.125,36.68306,marine,0.26,44.0,2.4,0.22,2.05,0.1,2.25,0.4,270.0,23.0
2026-09-10T22:00,taman_ru,Taman,Russia,origin,45.125,36.68306,marine,0.24,48.0,2.4,0.2,2.0,0.1,2.25,0.4,270.0,23.0
2026-09-10T23:00,taman_ru,Taman,Russia,origin,45.125,36.68306,marine,0.22,53.0,2.4,0.16,1.9,0.1,2.2,0.4,270.0,22.9
2026-09-11T00:00,taman_ru,Taman,Russia,origin,45.125,36.68306,marine,0.2,57.0,2.35,0.14,1.85,0.1,2.2,0.4,270.0,22.9
2026-09-11T01:00,taman_ru,Taman,Russia,origin,45.125,36.68306,marine,0.2,60.0,2.25,0.16,1.8,0.08,2.15,0.4,270.0,22.9
2026-09-11T02:00,taman_ru,Taman,Russia,origin,45.125,36.68306,marine,0.2,62.0,2.15,0.16,1.75,0.08,2.05,0.2,270.0,22.9
2026-09-11T03:00,taman_ru,Taman,Russia,origin,45.125,36.68306,marine,0.2,65.0,2.1,0.18,1.75,0.06,2.05,0.2,270.0,22.8
2026-09-11T04:00,taman_ru,Taman,Russia,origin,45.125,36.68306,marine,0.24,63.0,2.1,0.22,1.85,0.06,2.1,0.2,270.0,22.8
2026-09-11T05:00,taman_ru,Taman,Russia,origin,45.125,36.68306,marine,0.26,60.0,2.2,0.24,1.95,0.08,2.25,0.4,270.0,22.8
2026-09-11T06:00,taman_ru,Taman,Russia,origin,45.125,36.68306,marine,0.3,58.0,2.25,0.28,2.05,0.08,2.35,0.4,243.0,22.8
2026-09-11T07:00,taman_ru,Taman,Russia,origin,45.125,36.68306,marine,0.3,56.0,2.3,0.28,2.1,0.1,2.4,0.4,243.0,22.9
2026-09-11T08:00,taman_ru,Taman,Russia,origin,45.125,36.68306,marine,0.32,53.0,2.4,0.3,2.15,0.1,2.45,0.4,243.0,22.9
2026-09-11T09:00,taman_ru,Taman,Russia,origin,45.125,36.68306,marine,0.32,51.0,2.45,0.3,2.2,0.12,2.5,0.4,243.0,23.0
2026-09-11T10:00,taman_ru,Taman,Russia,origin,45.125,36.68306,marine,0.34,46.0,2.5,0.32,2.25,0.12,2.55,0.4,243.0,23.0
2026-09-11T11:00,taman_ru,Taman,Russia,origin,45.125,36.68306,marine,0.34,40.0,2.5,0.32,2.25,0.12,2.65,0.4,243.0,23.1
2026-09-11T12:00,taman_ru,Taman,Russia,origin,45.125,36.68306,marine,0.36,35.0,2.5,0.34,2.3,0.12,2.65,0.4,243.0,23.1
2026-09-11T13:00,taman_ru,Taman,Russia,origin,45.125,36.68306,marine,0.36,30.0,2.55,0.36,2.35,0.12,2.55,0.4,243.0,23.1
2026-09-11T14:00,taman_ru,Taman,Russia,origin,45.125,36.68306,marine,0.38,24.0,2.55,0.36,2.4,0.1,2.45,0.3,225.0,23.1
2026-09-11T15:00,taman_ru,Taman,Russia,origin,45.125,36.68306,marine,0.38,19.0,2.6,0.38,2.4,0.1,2.4,0.4,207.0,23.1
2026-09-11T16:00,taman_ru,Taman,Russia,origin,45.125,36.68306,marine,0.36,18.0,2.6,0.36,2.4,0.1,2.5,0.4,207.0,23.0
2026-09-11T17:00,taman_ru,Taman,Russia,origin,45.125,36.68306,marine,0.34,18.0,2.6,0.32,2.35,0.08,2.7,0.3,225.0,23.0
2026-09-11T18:00,taman_ru,Taman,Russia,origin,45.125,36.68306,marine,0.32,17.0,2.6,0.3,2.3,0.08,2.8,0.3,225.0,23.0
2026-09-11T19:00,taman_ru,Taman,Russia,origin,45.125,36.68306,marine,0.28,19.0,2.6,0.24,2.2,0.1,2.7,0.3,225.0,22.9
2026-09-11T20:00,taman_ru,Taman,Russia,origin,45.125,36.68306,marine,0.26,20.0,2.55,0.2,2.05,0.14,2.45,0.3,225.0,22.9
2026-09-11T21:00,taman_ru,Taman,Russia,origin,45.125,36.68306,marine,0.22,22.0,2.5,0.14,1.9,0.16,2.3,0.3,225.0,22.9
2026-09-11T22:00,taman_ru,Taman,Russia,origin,45.125,36.68306,marine,0.2,25.0,2.4,0.14,1.8,0.14,2.25,0.3,225.0,22.9
2026-09-11T23:00,taman_ru,Taman,Russia,origin,45.125,36.68306,marine,0.2,29.0,2.35,0.14,1.75,0.12,2.3,0.3,225.0,22.8
2026-09-12T00:00,taman_ru,Taman,Russia,origin,45.125,36.68306,marine,0.18,32.0,2.25,0.14,1.7,0.1,2.3,0.3,225.0,22.8
2026-09-12T01:00,taman_ru,Taman,Russia,origin,45.125,36.68306,marine,0.2,36.0,2.2,0.16,1.7,0.1,2.25,0.3,225.0,22.8
2026-09-12T02:00,taman_ru,Taman,Russia,origin,45.125,36.68306,marine,0.2,40.0,2.15,0.18,1.75,0.08,2.15,0.3,225.0,22.8
2026-09-12T03:00,taman_ru,Taman,Russia,origin,45.125,36.68306,marine,0.22,44.0,2.1,0.2,1.8,0.08,2.1,0.3,225.0,22.8
2026-09-12T04:00,taman_ru,Taman,Russia,origin,45.125,36.68306,marine,0.22,47.0,2.1,0.2,1.8,0.08,2.1,0.3,225.0,22.8
2026-09-12T05:00,taman_ru,Taman,Russia,origin,45.125,36.68306,marine,0.22,51.0,2.15,0.2,1.85,0.08,2.15,0.3,225.0,22.8
2026-09-12T06:00,taman_ru,Taman,Russia,origin,45.125,36.68306,marine,0.22,54.0,2.15,0.2,1.85,0.08,2.2,0.3,225.0,22.8
2026-09-12T07:00,taman_ru,Taman,Russia,origin,45.125,36.68306,marine,0.22,54.0,2.15,0.2,1.85,0.08,2.2,0.3,225.0,22.9
2026-09-12T08:00,taman_ru,Taman,Russia,origin,45.125,36.68306,marine,0.22,54.0,2.15,0.2,1.85,0.1,2.15,0.4,243.0,23.1
2026-09-12T09:00,taman_ru,Taman,Russia,origin,45.125,36.68306,marine,0.22,54.0,2.15,0.2,1.85,0.1,2.1,0.2,270.0,23.2
2026-09-12T10:00,taman_ru,Taman,Russia,origin,45.125,36.68306,marine,0.24,46.0,2.2,0.22,1.95,0.1,2.05,0.3,225.0,23.4
2026-09-12T11:00,taman_ru,Taman,Russia,origin,45.125,36.68306,marine,0.28,38.0,2.25,0.24,2.05,0.1,2.05,0.3,225.0,23.6
2026-09-12T12:00,taman_ru,Taman,Russia,origin,45.125,36.68306,marine,0.3,30.0,2.3,0.26,2.15,0.1,2.05,0.3,225.0,23.6
2026-09-12T13:00,taman_ru,Taman,Russia,origin,45.125,36.68306,marine,0.32,26.0,2.35,0.28,2.2,0.1,2.1,0.3,225.0,23.6
2026-09-12T14:00,taman_ru,Taman,Russia,origin,45.125,36.68306,marine,0.32,23.0,2.45,0.3,2.25,0.08,2.15,0.3,225.0,23.6
2026-09-12T15:00,taman_ru,Taman,Russia,origin,45.125,36.68306,marine,0.34,19.0,2.5,0.32,2.3,0.08,2.2,0.3,225.0,23.5
2026-09-12T16:00,taman_ru,Taman,Russia,origin,45.125,36.68306,marine,0.32,19.0,2.5,0.3,2.3,0.08,2.3,0.3,225.0,23.4
2026-09-12T17:00,taman_ru,Taman,Russia,origin,45.125,36.68306,marine,0.3,19.0,2.5,0.28,2.25,0.1,2.45,0.3,225.0,23.3
2026-09-12T18:00,taman_ru,Taman,Russia,origin,45.125,36.68306,marine,0.28,19.0,2.5,0.26,2.2,0.1,2.55,0.3,225.0,23.2
2026-09-12T19:00,taman_ru,Taman,Russia,origin,45.125,36.68306,marine,0.26,20.0,2.45,0.24,2.15,0.1,2.55,0.3,225.0,23.2
2026-09-12T20:00,taman_ru,Taman,Russia,origin,45.125,36.68306,marine,0.24,22.0,2.35,0.22,2.05,0.1,2.5,0.3,225.0,23.1
2026-09-12T21:00,taman_ru,Taman,Russia,origin,45.125,36.68306,marine,0.22,23.0,2.3,0.2,2.0,0.1,2.4,0.3,225.0,23.1
2026-09-12T22:00,taman_ru,Taman,Russia,origin,45.125,36.68306,marine,0.2,25.0,2.25,0.18,1.9,0.1,2.3,0.3,225.0,23.0
2026-09-12T23:00,taman_ru,Taman,Russia,origin,45.125,36.68306,marine,0.2,26.0,2.25,0.14,1.8,0.12,2.2,0.3,225.0,23.0
2026-09-13T00:00,taman_ru,Taman,Russia,origin,45.125,36.68306,marine,0.18,28.0,2.2,0.12,1.75,0.12,2.15,0.3,225.0,22.9
2026-09-13T01:00,taman_ru,Taman,Russia,origin,45.125,36.68306,marine,0.2,33.0,2.1,0.14,1.7,0.1,2.15,0.3,225.0,22.9
2026-09-13T02:00,taman_ru,Taman,Russia,origin,45.125,36.68306,marine,0.2,37.0,2.0,0.18,1.7,0.06,2.2,0.3,225.0,22.9
2026-09-13T03:00,taman_ru,Taman,Russia,origin,45.125,36.68306,marine,0.22,42.0,1.95,0.2,1.75,0.04,2.25,0.3,225.0,22.8
2026-09-13T04:00,taman_ru,Taman,Russia,origin,45.125,36.68306,marine,0.24,44.0,2.0,0.22,1.85,0.06,2.25,0.3,225.0,22.8
2026-09-13T05:00,taman_ru,Taman,Russia,origin,45.125,36.68306,marine,0.26,47.0,2.15,0.24,1.95,0.06,2.2,0.3,225.0,22.8
2026-09-13T06:00,taman_ru,Taman,Russia,origin,45.125,36.68306,marine,0.28,49.0,2.25,0.26,2.05,0.08,2.2,0.3,225.0,22.9
2026-09-13T07:00,taman_ru,Taman,Russia,origin,45.125,36.68306,marine,0.3,47.0,2.35,0.28,2.1,0.08,2.25,0.4,243.0,22.9
2026-09-13T08:00,taman_ru,Taman,Russia,origin,45.125,36.68306,marine,0.3,44.0,2.4,0.28,2.15,0.1,2.3,0.4,243.0,23.0
2026-09-13T09:00,taman_ru,Taman,Russia,origin,45.125,36.68306,marine,0.32,42.0,2.45,0.3,2.2,0.1,2.4,0.5,225.0,23.2
2026-09-13T10:00,taman_ru,Taman,Russia,origin,45.125,36.68306,marine,0.34,38.0,2.5,0.32,2.25,0.1,2.5,0.5,225.0,23.3
2026-09-13T11:00,taman_ru,Taman,Russia,origin,45.125,36.68306,marine,0.34,33.0,2.5,0.32,2.25,0.08,2.55,0.5,225.0,23.4
2026-09-13T12:00,taman_ru,Taman,Russia,origin,45.125,36.68306,marine,0.36,29.0,2.5,0.34,2.3,0.08,2.65,0.5,225.0,23.4
2026-09-13T13:00,taman_ru,Taman,Russia,origin,45.125,36.68306,marine,0.36,28.0,2.55,0.34,2.35,0.08,2.75,0.5,225.0,23.4
2026-09-13T14:00,taman_ru,Taman,Russia,origin,45.125,36.68306,marine,0.38,26.0,2.55,0.36,2.4,0.06,2.9,0.5,225.0,23.4
2026-09-13T15:00,taman_ru,Taman,Russia,origin,45.125,36.68306,marine,0.38,25.0,2.6,0.36,2.4,0.06,2.95,0.5,225.0,23.3
2026-09-13T16:00,taman_ru,Taman,Russia,origin,45.125,36.68306,marine,0.38,26.0,2.6,0.36,2.4,0.06,2.9,0.5,225.0,23.3
2026-09-13T17:00,taman_ru,Taman,Russia,origin,45.125,36.68306,marine,0.36,27.0,2.6,0.36,2.35,0.08,2.85,0.4,243.0,23.2
2026-09-13T18:00,taman_ru,Taman,Russia,origin,45.125,36.68306,marine,0.36,28.0,2.6,0.36,2.35,0.08,2.75,0.4,243.0,23.2
2026-09-13T19:00,taman_ru,Taman,Russia,origin,45.125,36.68306,marine,0.36,30.0,2.6,0.34,2.35,0.1,2.7,0.4,243.0,23.1
2026-09-13T20:00,taman_ru,Taman,Russia,origin,45.125,36.68306,marine,0.34,31.0,2.55,0.32,2.35,0.1,2.7,0.4,243.0,23.1
2026-09-13T21:00,taman_ru,Taman,Russia,origin,45.125,36.68306,marine,0.34,33.0,2.55,0.3,2.3,0.12,2.65,0.4,243.0,23.1
2026-09-13T22:00,taman_ru,Taman,Russia,origin,45.125,36.68306,marine,0.32,36.0,2.55,0.28,2.25,0.12,2.6,0.4,243.0,23.0
2026-09-13T23:00,taman_ru,Taman,Russia,origin,45.125,36.68306,marine,0.3,38.0,2.5,0.26,2.15,0.14,2.55,0.4,270.0,23.0
2026-09-07T00:00,visakhapatnam_in,Visakhapatnam,India,destination,17.6868,83.2185,marine,1.2,176.0,9.3,0.02,0.25,1.12,8.6,1.0,202.0,29.4
2026-09-07T01:00,visakhapatnam_in,Visakhapatnam,India,destination,17.6868,83.2185,marine,1.18,176.0,9.4,0.04,0.4,1.1,8.8,1.0,211.0,29.4
2026-09-07T02:00,visakhapatnam_in,Visakhapatnam,India,destination,17.6868,83.2185,marine,1.14,175.0,9.45,0.04,0.7,1.06,8.8,1.2,207.0,29.5
2026-09-07T03:00,visakhapatnam_in,Visakhapatnam,India,destination,17.6868,83.2185,marine,1.12,175.0,9.4,0.06,1.1,1.04,8.75,1.2,207.0,29.5
2026-09-07T04:00,visakhapatnam_in,Visakhapatnam,India,destination,17.6868,83.2185,marine,1.12,176.0,9.3,0.16,1.55,1.02,8.85,1.0,211.0,29.6
2026-09-07T05:00,visakhapatnam_in,Visakhapatnam,India,destination,17.6868,83.2185,marine,1.12,176.0,9.15,0.24,2.1,1.0,8.95,1.0,211.0,29.6
2026-09-07T06:00,visakhapatnam_in,Visakhapatnam,India,destination,17.6868,83.2185,marine,1.12,177.0,8.95,0.34,2.5,0.98,8.95,0.9,217.0,29.7
2026-09-07T07:00,visakhapatnam_in,Visakhapatnam,India,destination,17.6868,83.2185,marine,1.14,178.0,8.7,0.42,2.8,0.96,8.75,0.9,217.0,29.7
2026-09-07T08:00,visakhapatnam_in,Visakhapatnam,India,destination,17.6868,83.2185,marine,1.16,180.0,8.45,0.48,3.0,0.96,8.5,0.8,225.0,29.7
2026-09-07T09:00,visakhapatnam_in,Visakhapatnam,India,destination,17.6868,83.2185,marine,1.18,181.0,8.25,0.56,3.05,0.94,8.2,0.8,225.0,29.8
2026-09-07T10:00,visakhapatnam_in,Visakhapatnam,India,destination,17.6868,83.2185,marine,1.18,181.0,8.1,0.5,2.95,0.94,7.95,0.8,225.0,29.8
2026-09-07T11:00,visakhapatnam_in,Visakhapatnam,India,destination,17.6868,83.2185,marine,1.2,181.0,8.0,0.44,2.75,0.96,7.65,0.6,236.0,29.8
2026-09-07T12:00,visakhapatnam_in,Visakhapatnam,India,destination,17.6868,83.2185,marine,1.2,181.0,8.0,0.38,2.5,0.96,7.45,0.6,236.0,29.8
2026-09-07T13:00,visakhapatnam_in,Visakhapatnam,India,destination,17.6868,83.2185,marine,1.18,180.0,8.05,0.32,2.25,0.96,7.35,0.6,236.0,29.8
2026-09-07T14:00,visakhapatnam_in,Visakhapatnam,India,destination,17.6868,83.2185,marine,1.16,179.0,8.2,0.24,2.05,0.96,7.3,0.6,236.0,29.8
2026-09-07T15:00,visakhapatnam_in,Visakhapatnam,India,destination,17.6868,83.2185,marine,1.14,178.0,8.35,0.18,1.9,0.96,7.3,0.6,236.0,29.7
2026-09-07T16:00,visakhapatnam_in,Visakhapatnam,India,destination,17.6868,83.2185,marine,1.12,177.0,8.45,0.2,1.9,0.94,7.3,0.6,236.0,29.7
2026-09-07T17:00,visakhapatnam_in,Visakhapatnam,India,destination,17.6868,83.2185,marine,1.1,177.0,8.55,0.2,2.05,0.9,7.3,0.6,236.0,29.7
2026-09-07T18:00,visakhapatnam_in,Visakhapatnam,India,destination,17.6868,83.2185,marine,1.08,176.0,8.65,0.22,2.1,0.88,7.3,0.6,236.0,29.7
2026-09-07T19:00,visakhapatnam_in,Visakhapatnam,India,destination,17.6868,83.2185,marine,1.08,176.0,8.75,0.2,2.05,0.86,7.25,0.6,236.0,29.7
2026-09-07T20:00,visakhapatnam_in,Visakhapatnam,India,destination,17.6868,83.2185,marine,1.06,176.0,8.8,0.2,1.95,0.86,7.2,0.6,236.0,29.6
2026-09-07T21:00,visakhapatnam_in,Visakhapatnam,India,destination,17.6868,83.2185,marine,1.06,176.0,8.8,0.18,1.95,0.84,7.15,0.6,236.0,29.6
2026-09-07T22:00,visakhapatnam_in,Visakhapatnam,India,destination,17.6868,83.2185,marine,1.08,177.0,8.75,0.24,2.1,0.82,7.1,0.6,252.0,29.6
2026-09-07T23:00,visakhapatnam_in,Visakhapatnam,India,destination,17.6868,83.2185,marine,1.08,178.0,8.6,0.32,2.25,0.82,7.05,0.6,252.0,29.6
2026-09-08T00:00,visakhapatnam_in,Visakhapatnam,India,destination,17.6868,83.2185,marine,1.1,179.0,8.5,0.38,2.45,0.8,7.15,0.6,252.0,29.6
2026-09-08T01:00,visakhapatnam_in,Visakhapatnam,India,destination,17.6868,83.2185,marine,1.12,180.0,8.35,0.4,2.6,0.76,7.55,0.6,252.0,29.6
2026-09-08T02:00,visakhapatnam_in,Visakhapatnam,India,destination,17.6868,83.2185,marine,1.12,182.0,8.2,0.44,2.7,0.7,8.05,0.6,252.0,29.6
2026-09-08T03:00,visakhapatnam_in,Visakhapatnam,India,destination,17.6868,83.2185,marine,1.14,183.0,8.1,0.46,2.75,0.66,8.1,0.6,252.0,29.7
2026-09-08T04:00,visakhapatnam_in,Visakhapatnam,India,destination,17.6868,83.2185,marine,1.16,184.0,8.05,0.44,2.7,0.72,7.1,0.4,270.0,29.7
2026-09-08T05:00,visakhapatnam_in,Visakhapatnam,India,destination,17.6868,83.2185,marine,1.16,184.0,8.0,0.4,2.55,0.8,5.6,0.4,270.0,29.8
2026-09-08T06:00,visakhapatnam_in,Visakhapatnam,India,destination,17.6868,83.2185,marine,1.18,185.0,8.0,0.38,2.5,0.86,4.85,0.4,270.0,29.8
2026-09-08T07:00,visakhapatnam_in,Visakhapatnam,India,destination,17.6868,83.2185,marine,1.16,184.0,8.05,0.4,2.55,0.78,5.5,0.4,297.0,29.9
2026-09-08T08:00,visakhapatnam_in,Visakhapatnam,India,destination,17.6868,83.2185,marine,1.14,183.0,8.15,0.44,2.7,0.7,6.8,0.4,297.0,30.0
2026-09-08T09:00,visakhapatnam_in,Visakhapatnam,India,destination,17.6868,83.2185,marine,1.12,182.0,8.25,0.46,2.7,0.62,8.05,0.3,315.0,30.0
2026-09-08T10:00,visakhapatnam_in,Visakhapatnam,India,destination,17.6868,83.2185,marine,1.1,181.0,8.35,0.4,2.55,0.6,9.05,0.3,315.0,30.1
2026-09-08T11:00,visakhapatnam_in,Visakhapatnam,India,destination,17.6868,83.2185,marine,1.08,180.0,8.5,0.32,2.35,0.6,9.9,0.2,270.0,30.1
2026-09-08T12:00,visakhapatnam_in,Visakhapatnam,India,destination,17.6868,83.2185,marine,1.06,179.0,8.65,0.26,2.1,0.58,10.25,0.3,225.0,30.2
2026-09-08T13:00,visakhapatnam_in,Visakhapatnam,India,destination,17.6868,83.2185,marine,1.04,178.0,8.75,0.22,1.8,0.6,9.65,0.3,225.0,30.2
2026-09-08T14:00,visakhapatnam_in,Visakhapatnam,India,destination,17.6868,83.2185,marine,1.04,177.0,8.9,0.16,1.45,0.6,8.55,0.5,225.0,30.1
2026-09-08T15:00,visakhapatnam_in,Visakhapatnam,India,destination,17.6868,83.2185,marine,1.02,176.0,9.0,0.12,1.2,0.62,7.7,0.5,225.0,30.1
2026-09-08T16:00,visakhapatnam_in,Visakhapatnam,India,destination,17.6868,83.2185,marine,1.02,175.0,9.1,0.1,1.1,0.64,7.45,0.6,214.0,30.1
2026-09-08T17:00,visakhapatnam_in,Visakhapatnam,India,destination,17.6868,83.2185,marine,1.0,175.0,9.2,0.08,1.1,0.64,7.45,0.6,214.0,30.0
2026-09-08T18:00,visakhapatnam_in,Visakhapatnam,India,destination,17.6868,83.2185,marine,1.0,174.0,9.3,0.06,1.05,0.66,7.6,0.6,214.0,30.0
2026-09-08T19:00,visakhapatnam_in,Visakhapatnam,India,destination,17.6868,83.2185,marine,1.0,174.0,9.35,0.04,0.85,0.66,7.9,0.6,214.0,29.9
2026-09-08T20:00,visakhapatnam_in,Visakhapatnam,India,destination,17.6868,83.2185,marine,1.0,173.0,9.35,0.04,0.55,0.66,8.3,0.6,214.0,29.9
2026-09-08T21:00,visakhapatnam_in,Visakhapatnam,India,destination,17.6868,83.2185,marine,1.0,173.0,9.4,0.02,0.35,0.66,8.6,0.8,207.0,29.9
2026-09-08T22:00,visakhapatnam_in,Visakhapatnam,India,destination,17.6868,83.2185,marine,1.0,173.0,9.45,0.02,0.25,0.74,8.65,0.8,207.0,29.8
2026-09-08T23:00,visakhapatnam_in,Visakhapatnam,India,destination,17.6868,83.2185,marine,0.98,173.0,9.55,0.02,0.25,0.8,8.5,0.8,207.0,29.8
2026-09-09T00:00,visakhapatnam_in,Visakhapatnam,India,destination,17.6868,83.2185,marine,0.98,173.0,9.6,0.02,0.2,0.88,8.45,0.8,207.0,29.8
2026-09-09T01:00,visakhapatnam_in,Visakhapatnam,India,destination,17.6868,83.2185,marine,0.98,173.0,9.6,0.02,0.1,0.88,8.45,0.9,217.0,29.9
2026-09-09T02:00,visakhapatnam_in,Visakhapatnam,India,destination,17.6868,83.2185,marine,1.0,172.0,9.6,0.0,0.0,0.9,8.5,0.9,217.0,30.0
2026-09-09T03:00,visakhapatnam_in,Visakhapatnam,India,destination,17.6868,83.2185,marine,1.0,172.0,9.55,0.0,0.0,0.9,8.55,0.9,217.0,30.1
2026-09-09T04:00,visakhapatnam_in,Visakhapatnam,India,destination,17.6868,83.2185,marine,1.0,173.0,9.5,0.02,0.35,0.9,8.7,0.8,225.0,30.2
2026-09-09T05:00,visakhapatnam_in,Visakhapatnam,India,destination,17.6868,83.2185,marine,1.02,173.0,9.4,0.06,0.85,0.92,8.85,0.8,225.0,30.3
2026-09-09T06:00,visakhapatnam_in,Visakhapatnam,India,destination,17.6868,83.2185,marine,1.02,174.0,9.3,0.08,1.2,0.92,8.9,0.6,236.0,30.3
2026-09-09T07:00,visakhapatnam_in,Visakhapatnam,India,destination,17.6868,83.2185,marine,1.02,174.0,9.2,0.06,1.2,0.86,8.85,0.6,236.0,30.4
2026-09-09T08:00,visakhapatnam_in,Visakhapatnam,India,destination,17.6868,83.2185,marine,1.04,175.0,9.15,0.06,1.1,0.82,8.65,0.6,252.0,30.4
2026-09-09T09:00,visakhapatnam_in,Visakhapatnam,India,destination,17.6868,83.2185,marine,1.04,175.0,9.1,0.04,1.05,0.76,8.2,0.6,252.0,30.5
2026-09-09T10:00,visakhapatnam_in,Visakhapatnam,India,destination,17.6868,83.2185,marine,1.04,175.0,9.1,0.06,1.3,0.76,7.25,0.4,243.0,30.5
2026-09-09T11:00,visakhapatnam_in,Visakhapatnam,India,destination,17.6868,83.2185,marine,1.06,175.0,9.1,0.08,1.6,0.78,6.0,0.4,243.0,30.5
2026-09-09T12:00,visakhapatnam_in,Visakhapatnam,India,destination,17.6868,83.2185,marine,1.06,175.0,9.1,0.1,1.7,0.78,5.15,0.4,243.0,30.5
2026-09-09T13:00,visakhapatnam_in,Visakhapatnam,India,destination,17.6868,83.2185,marine,1.06,175.0,9.15,0.08,1.35,0.78,5.05,0.4,243.0,30.4
2026-09-09T14:00,visakhapatnam_in,Visakhapatnam,India,destination,17.6868,83.2185,marine,1.04,174.0,9.2,0.04,0.8,0.76,5.4,0.4,243.0,30.4
2026-09-09T15:00,visakhapatnam_in,Visakhapatnam,India,destination,17.6868,83.2185,marine,1.04,174.0,9.25,0.02,0.35,0.76,5.65,0.4,243.0,30.3
2026-09-09T16:00,visakhapatnam_in,Visakhapatnam,India,destination,17.6868,83.2185,marine,1.04,174.0,9.3,0.02,0.15,0.76,5.55,0.4,243.0,30.3
2026-09-09T17:00,visakhapatnam_in,Visakhapatnam,India,destination,17.6868,83.2185,marine,1.04,173.0,9.35,0.0,0.05,0.76,5.4,0.4,243.0,30.2
2026-09-09T18:00,visakhapatnam_in,Visakhapatnam,India,destination,17.6868,83.2185,marine,1.04,173.0,9.4,0.0,0.0,0.76,5.7,0.4,243.0,30.1
2026-09-09T19:00,visakhapatnam_in,Visakhapatnam,India,destination,17.6868,83.2185,marine,1.04,173.0,9.45,0.0,0.0,0.8,6.9,0.4,243.0,30.1
2026-09-09T20:00,visakhapatnam_in,Visakhapatnam,India,destination,17.6868,83.2185,marine,1.04,172.0,9.5,0.0,0.0,0.82,8.55,0.4,243.0,30.0
2026-09-09T21:00,visakhapatnam_in,Visakhapatnam,India,destination,17.6868,83.2185,marine,1.04,172.0,9.55,0.0,0.0,0.86,9.7,0.4,243.0,29.9
2026-09-09T22:00,visakhapatnam_in,Visakhapatnam,India,destination,17.6868,83.2185,marine,1.02,172.0,9.65,0.0,0.0,0.88,9.8,0.4,243.0,29.8
2026-09-09T23:00,visakhapatnam_in,Visakhapatnam,India,destination,17.6868,83.2185,marine,1.02,171.0,9.7,0.0,0.0,0.92,9.4,0.4,243.0,29.8
2026-09-10T00:00,visakhapatnam_in,Visakhapatnam,India,destination,17.6868,83.2185,marine,1.0,171.0,9.8,0.0,0.0,0.94,9.0,0.4,243.0,29.8
2026-09-10T01:00,visakhapatnam_in,Visakhapatnam,India,destination,17.6868,83.2185,marine,1.0,171.0,9.85,0.0,0.0,0.92,8.75,0.6,236.0,29.8
2026-09-10T02:00,visakhapatnam_in,Visakhapatnam,India,destination,17.6868,83.2185,marine,0.98,170.0,9.9,0.0,0.0,0.92,8.45,0.6,236.0,29.9
2026-09-10T03:00,visakhapatnam_in,Visakhapatnam,India,destination,17.6868,83.2185,marine,0.98,170.0,9.95,0.0,0.0,0.9,8.25,0.6,236.0,30.0
2026-09-10T04:00,visakhapatnam_in,Visakhapatnam,India,destination,17.6868,83.2185,marine,0.98,170.0,9.95,0.0,0.0,0.9,8.15,0.6,236.0,30.1
2026-09-10T05:00,visakhapatnam_in,Visakhapatnam,India,destination,17.6868,83.2185,marine,0.98,171.0,9.9,0.0,0.0,0.88,8.15,0.7,256.0,30.2
2026-09-10T06:00,visakhapatnam_in,Visakhapatnam,India,destination,17.6868,83.2185,marine,0.98,171.0,9.9,0.0,0.0,0.88,8.1,0.9,270.0,30.3
2026-09-10T07:00,visakhapatnam_in,Visakhapatnam,India,destination,17.6868,83.2185,marine,0.98,171.0,9.9,0.0,0.0,0.88,8.05,0.9,281.0,30.4
2026-09-10T08:00,visakhapatnam_in,Visakhapatnam,India,destination,17.6868,83.2185,marine,0.98,171.0,9.9,0.0,0.0,0.86,7.95,1.0,292.0,30.5
2026-09-10T09:00,visakhapatnam_in,Visakhapatnam,India,destination,17.6868,83.2185,marine,0.98,171.0,9.9,0.0,0.0,0.86,7.9,0.8,297.0,30.7
2026-09-10T10:00,visakhapatnam_in,Visakhapatnam,India,destination,17.6868,83.2185,marine,0.98,171.0,9.85,0.0,0.0,0.86,7.85,0.9,307.0,30.8
2026-09-10T11:00,visakhapatnam_in,Visakhapatnam,India,destination,17.6868,83.2185,marine,0.98,172.0,9.8,0.0,0.0,0.86,7.8,0.9,307.0,30.9
2026-09-10T12:00,visakhapatnam_in,Visakhapatnam,India,destination,17.6868,83.2185,marine,0.98,172.0,9.75,0.0,0.0,0.86,7.8,1.2,309.0,30.9
2026-09-10T13:00,visakhapatnam_in,Visakhapatnam,India,destination,17.6868,83.2185,marine,0.98,172.0,9.7,0.0,0.0,0.86,7.8,1.2,309.0,30.9
2026-09-10T14:00,visakhapatnam_in,Visakhapatnam,India,destination,17.6868,83.2185,marine,0.98,172.0,9.7,0.0,0.0,0.86,7.8,1.3,315.0,30.8
2026-09-10T15:00,visakhapatnam_in,Visakhapatnam,India,destination,17.6868,83.2185,marine,0.98,172.0,9.7,0.0,0.0,0.86,7.8,1.3,315.0,30.7
2026-09-10T16:00,visakhapatnam_in,Visakhapatnam,India,destination,17.6868,83.2185,marine,0.98,172.0,9.7,0.0,0.0,0.86,7.8,1.2,321.0,30.6
2026-09-10T17:00,visakhapatnam_in,Visakhapatnam,India,destination,17.6868,83.2185,marine,0.98,172.0,9.75,0.0,0.05,0.88,7.85,1.2,321.0,30.4
2026-09-10T18:00,visakhapatnam_in,Visakhapatnam,India,destination,17.6868,83.2185,marine,0.98,172.0,9.75,0.0,0.05,0.88,7.9,1.2,333.0,30.3
2026-09-10T19:00,visakhapatnam_in,Visakhapatnam,India,destination,17.6868,83.2185,marine,0.98,172.0,9.75,0.0,0.05,0.88,8.0,1.1,342.0,30.2
2026-09-10T20:00,visakhapatnam_in,Visakhapatnam,India,destination,17.6868,83.2185,marine,0.98,172.0,9.8,0.0,0.0,0.88,8.2,1.1,351.0,30.2
2026-09-10T21:00,visakhapatnam_in,Visakhapatnam,India,destination,17.6868,83.2185,marine,0.98,172.0,9.8,0.0,0.0,0.88,8.3,1.1,0.0,30.1
2026-09-10T22:00,visakhapatnam_in,Visakhapatnam,India,destination,17.6868,83.2185,marine,0.98,172.0,9.85,0.0,0.0,0.88,8.35,1.1,9.0,30.1
2026-09-10T23:00,visakhapatnam_in,Visakhapatnam,India,destination,17.6868,83.2185,marine,0.96,172.0,9.9,0.0,0.0,0.86,8.4,1.0,22.0,30.0
2026-09-11T00:00,visakhapatnam_in,Visakhapatnam,India,destination,17.6868,83.2185,marine,0.96,172.0,9.95,0.0,0.0,0.86,8.4,1.0,22.0,30.0
2026-09-11T01:00,visakhapatnam_in,Visakhapatnam,India,destination,17.6868,83.2185,marine,0.96,172.0,10.0,0.0,0.0,0.86,8.4,0.9,37.0,30.0
2026-09-11T02:00,visakhapatnam_in,Visakhapatnam,India,destination,17.6868,83.2185,marine,0.94,171.0,10.1,0.0,0.0,0.84,8.45,0.8,45.0,30.0
2026-09-11T03:00,visakhapatnam_in,Visakhapatnam,India,destination,17.6868,83.2185,marine,0.94,171.0,10.15,0.0,0.0,0.84,8.5,0.6,56.0,30.0
2026-09-11T04:00,visakhapatnam_in,Visakhapatnam,India,destination,17.6868,83.2185,marine,0.94,171.0,10.2,0.0,0.0,0.86,8.7,0.7,76.0,30.0
2026-09-11T05:00,visakhapatnam_in,Visakhapatnam,India,destination,17.6868,83.2185,marine,0.92,170.0,10.2,0.0,0.0,0.86,9.0,0.7,76.0,30.0
2026-09-11T06:00,visakhapatnam_in,Visakhapatnam,India,destination,17.6868,83.2185,marine,0.92,170.0,10.25,0.0,0.0,0.88,9.15,0.7,90.0,30.0
2026-09-11T07:00,visakhapatnam_in,Visakhapatnam,India,destination,17.6868,83.2185,marine,0.92,170.0,10.3,0.0,0.0,0.88,9.05,0.7,90.0,30.1
2026-09-11T08:00,visakhapatnam_in,Visakhapatnam,India,destination,17.6868,83.2185,marine,0.9,169.0,10.3,0.0,0.0,0.9,8.85,0.5,90.0,30.1
2026-09-11T09:00,visakhapatnam_in,Visakhapatnam,India,destination,17.6868,83.2185,marine,0.9,169.0,10.35,0.0,0.0,0.9,8.65,0.5,90.0,30.2
2026-09-11T10:00,visakhapatnam_in,Visakhapatnam,India,destination,17.6868,83.2185,marine,0.9,169.0,10.4,0.0,0.0,0.9,8.55,0.4,90.0,30.3
2026-09-11T11:00,visakhapatnam_in,Visakhapatnam,India,destination,17.6868,83.2185,marine,0.9,168.0,10.5,0.0,0.05,0.88,8.4,0.2,90.0,30.3
2026-09-11T12:00,visakhapatnam_in,Visakhapatnam,India,destination,17.6868,83.2185,marine,0.9,168.0,10.55,0.0,0.05,0.88,8.3,0.3,45.0,30.3
2026-09-11T13:00,visakhapatnam_in,Visakhapatnam,India,destination,17.6868,83.2185,marine,0.9,168.0,10.55,0.0,0.05,0.88,8.15,0.2,0.0,30.3
2026-09-11T14:00,visakhapatnam_in,Visakhapatnam,India,destination,17.6868,83.2185,marine,0.9,167.0,10.55,0.0,0.05,0.86,7.95,0.0,90.0,30.2
2026-09-11T15:00,visakhapatnam_in,Visakhapatnam,India,destination,17.6868,83.2185,marine,0.9,167.0,10.55,0.0,0.05,0.86,7.85,0.0,90.0,30.1
2026-09-11T16:00,visakhapatnam_in,Visakhapatnam,India,destination,17.6868,83.2185,marine,0.9,167.0,10.6,0.0,0.05,0.86,7.8,0.0,90.0,30.0
2026-09-11T17:00,visakhapatnam_in,Visakhapatnam,India,destination,17.6868,83.2185,marine,0.92,167.0,10.6,0.0,0.0,0.86,7.75,0.2,180.0,29.9
2026-09-11T18:00,visakhapatnam_in,Visakhapatnam,India,destination,17.6868,83.2185,marine,0.92,167.0,10.65,0.0,0.0,0.86,7.8,0.3,225.0,29.8
2026-09-11T19:00,visakhapatnam_in,Visakhapatnam,India,destination,17.6868,83.2185,marine,0.92,167.0,10.65,0.0,0.0,0.86,7.95,0.3,225.0,29.7
2026-09-11T20:00,visakhapatnam_in,Visakhapatnam,India,destination,17.6868,83.2185,marine,0.92,167.0,10.65,0.0,0.0,0.88,8.2,0.3,225.0,29.6
2026-09-11T21:00,visakhapatnam_in,Visakhapatnam,India,destination,17.6868,83.2185,marine,0.92,167.0,10.65,0.0,0.0,0.88,8.35,0.4,207.0,29.5
2026-09-11T22:00,visakhapatnam_in,Visakhapatnam,India,destination,17.6868,83.2185,marine,0.92,167.0,10.65,0.0,0.0,0.88,8.4,0.4,207.0,29.4
2026-09-11T23:00,visakhapatnam_in,Visakhapatnam,India,destination,17.6868,83.2185,marine,0.92,167.0,10.65,0.0,0.0,0.88,8.4,0.6,198.0,29.3
2026-09-12T00:00,visakhapatnam_in,Visakhapatnam,India,destination,17.6868,83.2185,marine,0.92,167.0,10.6,0.0,0.0,0.88,8.35,0.6,214.0,29.3
2026-09-12T01:00,visakhapatnam_in,Visakhapatnam,India,destination,17.6868,83.2185,marine,0.92,167.0,10.5,0.0,0.0,0.84,8.15,0.6,214.0,29.4
2026-09-12T02:00,visakhapatnam_in,Visakhapatnam,India,destination,17.6868,83.2185,marine,0.94,167.0,10.35,0.0,0.0,0.82,7.85,0.8,225.0,29.5
2026-09-12T03:00,visakhapatnam_in,Visakhapatnam,India,destination,17.6868,83.2185,marine,0.94,167.0,10.25,0.0,0.0,0.78,7.7,0.8,225.0,29.6
2026-09-12T04:00,visakhapatnam_in,Visakhapatnam,India,destination,17.6868,83.2185,marine,0.94,167.0,10.25,0.0,0.1,0.8,7.9,0.9,233.0,29.8
2026-09-12T05:00,visakhapatnam_in,Visakhapatnam,India,destination,17.6868,83.2185,marine,0.92,168.0,10.3,0.0,0.2,0.8,8.3,1.0,239.0,29.9
2026-09-12T06:00,visakhapatnam_in,Visakhapatnam,India,destination,17.6868,83.2185,marine,0.92,168.0,10.35,0.0,0.3,0.82,8.55,1.1,252.0,30.0
2026-09-12T07:00,visakhapatnam_in,Visakhapatnam,India,destination,17.6868,83.2185,marine,0.92,168.0,10.4,0.0,0.3,0.84,8.45,1.3,254.0,30.1
2026-09-12T08:00,visakhapatnam_in,Visakhapatnam,India,destination,17.6868,83.2185,marine,0.92,168.0,10.5,0.0,0.2,0.84,8.2,1.5,263.0,30.2
2026-09-12T09:00,visakhapatnam_in,Visakhapatnam,India,destination,17.6868,83.2185,marine,0.92,168.0,10.55,0.0,0.15,0.86,8.1,1.6,270.0,30.4
2026-09-12T10:00,visakhapatnam_in,Visakhapatnam,India,destination,17.6868,83.2185,marine,0.92,168.0,10.6,0.0,0.1,0.88,8.25,1.8,270.0,30.4
2026-09-12T11:00,visakhapatnam_in,Visakhapatnam,India,destination,17.6868,83.2185,marine,0.9,168.0,10.6,0.0,0.0,0.88,8.5,1.8,270.0,30.5
2026-09-12T12:00,visakhapatnam_in,Visakhapatnam,India,destination,17.6868,83.2185,marine,0.9,168.0,10.65,0.0,0.0,0.9,8.65,1.8,276.0,30.5
2026-09-12T13:00,visakhapatnam_in,Visakhapatnam,India,destination,17.6868,83.2185,marine,0.9,168.0,10.65,0.0,0.1,0.9,8.65,2.0,275.0,30.5
2026-09-12T14:00,visakhapatnam_in,Visakhapatnam,India,destination,17.6868,83.2185,marine,0.9,168.0,10.7,0.0,0.25,0.88,8.6,1.8,276.0,30.4
2026-09-12T15:00,visakhapatnam_in,Visakhapatnam,India,destination,17.6868,83.2185,marine,0.9,168.0,10.7,0.0,0.3,0.88,8.55,1.4,270.0,30.3
2026-09-12T16:00,visakhapatnam_in,Visakhapatnam,India,destination,17.6868,83.2185,marine,0.9,168.0,10.7,0.0,0.2,0.88,8.4,1.3,270.0,30.2
2026-09-12T17:00,visakhapatnam_in,Visakhapatnam,India,destination,17.6868,83.2185,marine,0.9,168.0,10.7,0.0,0.1,0.86,8.25,1.3,270.0,30.1
2026-09-12T18:00,visakhapatnam_in,Visakhapatnam,India,destination,17.6868,83.2185,marine,0.9,168.0,10.7,0.0,0.0,0.86,8.35,1.3,270.0,30.0
2026-09-12T19:00,visakhapatnam_in,Visakhapatnam,India,destination,17.6868,83.2185,marine,0.9,168.0,10.7,0.0,0.05,0.78,8.85,1.1,270.0,29.9
2026-09-12T20:00,visakhapatnam_in,Visakhapatnam,India,destination,17.6868,83.2185,marine,0.88,168.0,10.7,0.0,0.2,0.72,9.6,1.1,261.0,29.9
2026-09-12T21:00,visakhapatnam_in,Visakhapatnam,India,destination,17.6868,83.2185,marine,0.88,168.0,10.75,0.0,0.25,0.64,10.15,1.1,261.0,29.8
2026-09-12T22:00,visakhapatnam_in,Visakhapatnam,India,destination,17.6868,83.2185,marine,0.88,168.0,10.8,0.0,0.15,0.64,10.4,1.1,261.0,29.8
2026-09-12T23:00,visakhapatnam_in,Visakhapatnam,India,destination,17.6868,83.2185,marine,0.88,168.0,10.85,0.0,0.0,0.62,10.5,1.1,261.0,29.8
2026-09-13T00:00,visakhapatnam_in,Visakhapatnam,India,destination,17.6868,83.2185,marine,0.88,168.0,10.9,0.0,0.0,0.62,10.5,1.1,252.0,29.8
2026-09-13T01:00,visakhapatnam_in,Visakhapatnam,India,destination,17.6868,83.2185,marine,0.88,168.0,10.95,0.02,0.2,0.62,10.4,1.4,247.0,29.8
2026-09-13T02:00,visakhapatnam_in,Visakhapatnam,India,destination,17.6868,83.2185,marine,0.86,168.0,11.0,0.02,0.55,0.62,10.25,1.4,247.0,29.8
2026-09-13T03:00,visakhapatnam_in,Visakhapatnam,India,destination,17.6868,83.2185,marine,0.86,168.0,11.0,0.04,0.95,0.62,10.0,1.6,243.0,29.8
2026-09-13T04:00,visakhapatnam_in,Visakhapatnam,India,destination,17.6868,83.2185,marine,0.88,167.0,10.85,0.1,1.35,0.64,9.65,1.6,243.0,29.9
2026-09-13T05:00,visakhapatnam_in,Visakhapatnam,India,destination,17.6868,83.2185,marine,0.88,166.0,10.6,0.18,1.8,0.68,9.2,1.6,243.0,29.9
2026-09-13T06:00,visakhapatnam_in,Visakhapatnam,India,destination,17.6868,83.2185,marine,0.9,165.0,10.4,0.24,2.1,0.7,8.9,1.8,246.0,29.9
2026-09-13T07:00,visakhapatnam_in,Visakhapatnam,India,destination,17.6868,83.2185,marine,0.92,163.0,10.2,0.24,2.2,0.68,8.75,1.9,241.0,29.9
2026-09-13T08:00,visakhapatnam_in,Visakhapatnam,India,destination,17.6868,83.2185,marine,0.92,160.0,10.0,0.22,2.15,0.68,8.7,1.9,241.0,30.0
2026-09-13T09:00,visakhapatnam_in,Visakhapatnam,India,destination,17.6868,83.2185,marine,0.94,158.0,9.85,0.22,2.05,0.66,8.85,1.9,241.0,30.0
2026-09-13T10:00,visakhapatnam_in,Visakhapatnam,India,destination,17.6868,83.2185,marine,0.94,158.0,9.8,0.18,1.8,0.66,9.5,1.9,241.0,30.0
2026-09-13T11:00,visakhapatnam_in,Visakhapatnam,India,destination,17.6868,83.2185,marine,0.94,158.0,9.85,0.16,1.5,0.64,10.4,1.9,241.0,30.0
2026-09-13T12:00,visakhapatnam_in,Visakhapatnam,India,destination,17.6868,83.2185,marine,0.94,158.0,9.9,0.12,1.25,0.64,10.75,1.9,241.0,30.0
2026-09-13T13:00,visakhapatnam_in,Visakhapatnam,India,destination,17.6868,83.2185,marine,0.94,159.0,9.95,0.12,1.15,0.64,10.0,1.9,236.0,30.0
2026-09-13T14:00,visakhapatnam_in,Visakhapatnam,India,destination,17.6868,83.2185,marine,0.92,159.0,10.05,0.1,1.15,0.66,8.7,1.9,236.0,30.0
2026-09-13T15:00,visakhapatnam_in,Visakhapatnam,India,destination,17.6868,83.2185,marine,0.92,160.0,10.1,0.1,1.15,0.66,7.7,2.1,232.0,30.0
2026-09-13T16:00,visakhapatnam_in,Visakhapatnam,India,destination,17.6868,83.2185,marine,0.92,160.0,10.15,0.1,1.1,0.68,7.4,2.1,232.0,30.0
2026-09-13T17:00,visakhapatnam_in,Visakhapatnam,India,destination,17.6868,83.2185,marine,0.92,161.0,10.15,0.08,1.05,0.68,7.4,2.1,232.0,30.0
2026-09-13T18:00,visakhapatnam_in,Visakhapatnam,India,destination,17.6868,83.2185,marine,0.92,161.0,10.15,0.08,1.1,0.7,7.4,2.2,228.0,30.0
2026-09-13T19:00,visakhapatnam_in,Visakhapatnam,India,destination,17.6868,83.2185,marine,0.92,161.0,10.1,0.12,1.35,0.7,7.3,2.2,228.0,30.0
2026-09-13T20:00,visakhapatnam_in,Visakhapatnam,India,destination,17.6868,83.2185,marine,0.94,160.0,10.05,0.16,1.65,0.68,7.2,2.2,228.0,30.0
2026-09-13T21:00,visakhapatnam_in,Visakhapatnam,India,destination,17.6868,83.2185,marine,0.94,160.0,9.9,0.2,1.95,0.68,7.4,2.0,225.0,29.9
2026-09-13T22:00,visakhapatnam_in,Visakhapatnam,India,destination,17.6868,83.2185,marine,0.96,157.0,9.65,0.28,2.2,0.64,8.1,2.0,225.0,29.9
2026-09-13T23:00,visakhapatnam_in,Visakhapatnam,India,destination,17.6868,83.2185,marine,1.0,154.0,9.25,0.34,2.4,0.62,9.05,2.0,225.0,29.9
2026-09-07T00:00,vostochny_ru,Vostochny,Russia,origin,42.7415,133.07981,marine,0.74,129.0,5.85,0.04,0.6,0.74,4.9,0.2,270.0,21.7
2026-09-07T01:00,vostochny_ru,Vostochny,Russia,origin,42.7415,133.07981,marine,0.76,128.0,5.95,0.02,0.4,0.76,4.95,0.2,270.0,21.8
2026-09-07T02:00,vostochny_ru,Vostochny,Russia,origin,42.7415,133.07981,marine,0.8,127.0,5.95,0.02,0.15,0.8,5.0,0.2,270.0,21.9
2026-09-07T03:00,vostochny_ru,Vostochny,Russia,origin,42.7415,133.07981,marine,0.82,126.0,6.0,0.0,0.0,0.82,5.0,0.4,270.0,22.0
2026-09-07T04:00,vostochny_ru,Vostochny,Russia,origin,42.7415,133.07981,marine,0.84,125.0,6.05,0.0,0.0,0.84,5.05,0.4,297.0,22.1
2026-09-07T05:00,vostochny_ru,Vostochny,Russia,origin,42.7415,133.07981,marine,0.86,124.0,6.15,0.0,0.0,0.86,5.15,0.4,297.0,22.2
2026-09-07T06:00,vostochny_ru,Vostochny,Russia,origin,42.7415,133.07981,marine,0.88,123.0,6.25,0.0,0.0,0.88,5.25,0.4,297.0,22.3
2026-09-07T07:00,vostochny_ru,Vostochny,Russia,origin,42.7415,133.07981,marine,0.92,122.0,6.4,0.0,0.0,0.88,5.45,0.3,315.0,22.3
2026-09-07T08:00,vostochny_ru,Vostochny,Russia,origin,42.7415,133.07981,marine,0.94,122.0,6.6,0.0,0.0,0.88,5.65,0.3,315.0,22.2
2026-09-07T09:00,vostochny_ru,Vostochny,Russia,origin,42.7415,133.07981,marine,0.98,121.0,6.75,0.0,0.0,0.88,5.85,0.3,315.0,22.1
2026-09-07T10:00,vostochny_ru,Vostochny,Russia,origin,42.7415,133.07981,marine,0.98,121.0,6.9,0.0,0.0,0.92,5.9,0.3,315.0,22.1
2026-09-07T11:00,vostochny_ru,Vostochny,Russia,origin,42.7415,133.07981,marine,1.0,120.0,7.0,0.0,0.0,0.96,5.95,0.2,0.0,22.0
2026-09-07T12:00,vostochny_ru,Vostochny,Russia,origin,42.7415,133.07981,marine,1.0,120.0,7.1,0.0,0.0,1.0,5.95,0.2,0.0,21.9
2026-09-07T13:00,vostochny_ru,Vostochny,Russia,origin,42.7415,133.07981,marine,1.0,120.0,7.15,0.0,0.1,1.0,6.0,0.0,90.0,21.9
2026-09-07T14:00,vostochny_ru,Vostochny,Russia,origin,42.7415,133.07981,marine,1.0,120.0,7.2,0.02,0.3,1.0,6.0,0.0,90.0,21.9
2026-09-07T15:00,vostochny_ru,Vostochny,Russia,origin,42.7415,133.07981,marine,1.0,120.0,7.2,0.02,0.5,1.0,6.05,0.0,90.0,21.9
2026-09-07T16:00,vostochny_ru,Vostochny,Russia,origin,42.7415,133.07981,marine,1.0,120.0,7.2,0.02,0.8,1.0,6.05,0.0,90.0,21.8
2026-09-07T17:00,vostochny_ru,Vostochny,Russia,origin,42.7415,133.07981,marine,0.98,121.0,7.25,0.04,1.15,0.98,6.05,0.2,180.0,21.8
2026-09-07T18:00,vostochny_ru,Vostochny,Russia,origin,42.7415,133.07981,marine,0.98,121.0,7.2,0.04,1.45,0.98,6.05,0.2,180.0,21.8
2026-09-07T19:00,vostochny_ru,Vostochny,Russia,origin,42.7415,133.07981,marine,0.96,121.0,7.1,0.08,1.55,0.94,6.0,0.2,180.0,21.8
2026-09-07T20:00,vostochny_ru,Vostochny,Russia,origin,42.7415,133.07981,marine,0.92,121.0,7.0,0.1,1.6,0.92,5.95,0.4,180.0,21.8
2026-09-07T21:00,vostochny_ru,Vostochny,Russia,origin,42.7415,133.07981,marine,0.9,121.0,6.8,0.14,1.7,0.88,5.9,0.4,180.0,21.8
2026-09-07T22:00,vostochny_ru,Vostochny,Russia,origin,42.7415,133.07981,marine,0.92,118.0,6.45,0.24,1.95,0.84,5.8,0.4,180.0,21.8
2026-09-07T23:00,vostochny_ru,Vostochny,Russia,origin,42.7415,133.07981,marine,0.92,116.0,6.0,0.34,2.25,0.82,5.75,0.5,180.0,21.8
2026-09-08T00:00,vostochny_ru,Vostochny,Russia,origin,42.7415,133.07981,marine,0.94,113.0,5.65,0.44,2.5,0.78,5.65,0.5,180.0,21.8
2026-09-08T01:00,vostochny_ru,Vostochny,Russia,origin,42.7415,133.07981,marine,0.92,110.0,5.5,0.44,2.6,0.74,5.6,0.7,180.0,21.8
2026-09-08T02:00,vostochny_ru,Vostochny,Russia,origin,42.7415,133.07981,marine,0.92,107.0,5.45,0.44,2.6,0.7,5.55,0.7,180.0,21.8
2026-09-08T03:00,vostochny_ru,Vostochny,Russia,origin,42.7415,133.07981,marine,0.9,104.0,5.35,0.44,2.6,0.66,5.5,0.7,180.0,21.9
2026-09-08T04:00,vostochny_ru,Vostochny,Russia,origin,42.7415,133.07981,marine,0.88,92.0,5.2,0.46,2.65,0.64,5.45,0.7,180.0,21.9
2026-09-08T05:00,vostochny_ru,Vostochny,Russia,origin,42.7415,133.07981,marine,0.86,79.0,5.0,0.5,2.75,0.6,5.4,0.7,180.0,21.9
2026-09-08T06:00,vostochny_ru,Vostochny,Russia,origin,42.7415,133.07981,marine,0.84,67.0,4.85,0.52,2.8,0.58,5.35,0.7,180.0,21.9
2026-09-08T07:00,vostochny_ru,Vostochny,Russia,origin,42.7415,133.07981,marine,0.82,62.0,4.8,0.5,2.8,0.56,5.3,0.7,180.0,21.9
2026-09-08T08:00,vostochny_ru,Vostochny,Russia,origin,42.7415,133.07981,marine,0.8,57.0,4.75,0.48,2.75,0.52,5.25,0.5,180.0,21.9
2026-09-08T09:00,vostochny_ru,Vostochny,Russia,origin,42.7415,133.07981,marine,0.78,52.0,4.75,0.46,2.7,0.5,5.2,0.5,180.0,21.9
2026-09-08T10:00,vostochny_ru,Vostochny,Russia,origin,42.7415,133.07981,marine,0.74,57.0,4.75,0.42,2.6,0.48,5.15,0.4,180.0,21.9
2026-09-08T11:00,vostochny_ru,Vostochny,Russia,origin,42.7415,133.07981,marine,0.7,63.0,4.75,0.36,2.5,0.46,5.05,0.4,180.0,21.8
2026-09-08T12:00,vostochny_ru,Vostochny,Russia,origin,42.7415,133.07981,marine,0.66,68.0,4.8,0.32,2.35,0.44,5.0,0.4,180.0,21.8
2026-09-08T13:00,vostochny_ru,Vostochny,Russia,origin,42.7415,133.07981,marine,0.62,79.0,4.85,0.28,2.2,0.44,5.0,0.2,180.0,21.8
2026-09-08T14:00,vostochny_ru,Vostochny,Russia,origin,42.7415,133.07981,marine,0.56,90.0,4.95,0.22,2.05,0.42,4.95,0.2,180.0,21.8
2026-09-08T15:00,vostochny_ru,Vostochny,Russia,origin,42.7415,133.07981,marine,0.52,101.0,4.95,0.18,1.95,0.42,4.95,0.2,180.0,21.7
2026-09-08T16:00,vostochny_ru,Vostochny,Russia,origin,42.7415,133.07981,marine,0.5,99.0,4.85,0.2,1.95,0.4,4.9,0.3,135.0,21.7
2026-09-08T17:00,vostochny_ru,Vostochny,Russia,origin,42.7415,133.07981,marine,0.5,98.0,4.75,0.2,2.05,0.38,4.85,0.3,135.0,21.7
2026-09-08T18:00,vostochny_ru,Vostochny,Russia,origin,42.7415,133.07981,marine,0.48,96.0,4.6,0.22,2.1,0.36,4.8,0.4,153.0,21.7
2026-09-08T19:00,vostochny_ru,Vostochny,Russia,origin,42.7415,133.07981,marine,0.48,80.0,4.45,0.24,2.15,0.34,4.8,0.4,153.0,21.7
2026-09-08T20:00,vostochny_ru,Vostochny,Russia,origin,42.7415,133.07981,marine,0.5,65.0,4.3,0.24,2.15,0.34,4.8,0.4,153.0,21.6
2026-09-08T21:00,vostochny_ru,Vostochny,Russia,origin,42.7415,133.07981,marine,0.5,49.0,4.2,0.26,2.15,0.32,4.6,0.6,162.0,21.6
2026-09-08T22:00,vostochny_ru,Vostochny,Russia,origin,42.7415,133.07981,marine,0.48,20.0,4.1,0.22,2.0,0.32,4.1,0.6,162.0,21.6
2026-09-08T23:00,vostochny_ru,Vostochny,Russia,origin,42.7415,133.07981,marine,0.46,351.0,4.05,0.18,1.8,0.34,3.4,0.6,162.0,21.6
2026-09-09T00:00,vostochny_ru,Vostochny,Russia,origin,42.7415,133.07981,marine,0.44,322.0,4.0,0.14,1.7,0.34,2.95,0.6,162.0,21.6
2026-09-09T01:00,vostochny_ru,Vostochny,Russia,origin,42.7415,133.07981,marine,0.44,315.0,3.9,0.16,1.75,0.34,2.9,0.6,162.0,21.6
2026-09-09T02:00,vostochny_ru,Vostochny,Russia,origin,42.7415,133.07981,marine,0.42,309.0,3.85,0.18,1.85,0.32,3.0,0.6,162.0,21.7
2026-09-09T03:00,vostochny_ru,Vostochny,Russia,origin,42.7415,133.07981,marine,0.42,302.0,3.75,0.2,1.95,0.32,3.1,0.5,180.0,21.7
2026-09-09T04:00,vostochny_ru,Vostochny,Russia,origin,42.7415,133.07981,marine,0.42,301.0,3.65,0.2,1.95,0.32,3.05,0.5,180.0,21.8
2026-09-09T05:00,vostochny_ru,Vostochny,Russia,origin,42.7415,133.07981,marine,0.42,299.0,3.55,0.18,1.9,0.32,2.95,0.5,180.0,21.8
2026-09-09T06:00,vostochny_ru,Vostochny,Russia,origin,42.7415,133.07981,marine,0.42,298.0,3.5,0.18,1.9,0.32,2.9,0.5,180.0,21.8
2026-09-09T07:00,vostochny_ru,Vostochny,Russia,origin,42.7415,133.07981,marine,0.42,299.0,3.45,0.2,2.0,0.32,2.9,0.6,198.0,21.8
2026-09-09T08:00,vostochny_ru,Vostochny,Russia,origin,42.7415,133.07981,marine,0.42,299.0,3.4,0.2,2.1,0.32,2.95,0.6,198.0,21.8
2026-09-09T09:00,vostochny_ru,Vostochny,Russia,origin,42.7415,133.07981,marine,0.42,300.0,3.4,0.22,2.0,0.32,2.95,0.4,207.0,21.8
2026-09-09T10:00,vostochny_ru,Vostochny,Russia,origin,42.7415,133.07981,marine,0.4,300.0,3.45,0.16,1.6,0.32,2.9,0.3,225.0,21.8
2026-09-09T11:00,vostochny_ru,Vostochny,Russia,origin,42.7415,133.07981,marine,0.38,299.0,3.45,0.1,1.0,0.32,2.85,0.3,225.0,21.7
2026-09-09T12:00,vostochny_ru,Vostochny,Russia,origin,42.7415,133.07981,marine,0.36,299.0,3.5,0.04,0.5,0.32,2.75,0.0,90.0,21.7
2026-09-09T13:00,vostochny_ru,Vostochny,Russia,origin,42.7415,133.07981,marine,0.3,297.0,3.5,0.02,0.2,0.28,2.65,0.0,90.0,21.7
2026-09-09T14:00,vostochny_ru,Vostochny,Russia,origin,42.7415,133.07981,marine,0.26,296.0,3.45,0.02,0.05,0.22,2.55,0.2,90.0,21.7
2026-09-09T15:00,vostochny_ru,Vostochny,Russia,origin,42.7415,133.07981,marine,0.2,294.0,3.4,0.0,0.0,0.18,2.5,0.2,90.0,21.6
2026-09-09T16:00,vostochny_ru,Vostochny,Russia,origin,42.7415,133.07981,marine,0.18,292.0,3.4,0.0,0.15,0.14,2.45,0.2,90.0,21.6
2026-09-09T17:00,vostochny_ru,Vostochny,Russia,origin,42.7415,133.07981,marine,0.16,289.0,3.35,0.02,0.4,0.12,2.35,0.3,135.0,21.6
2026-09-09T18:00,vostochny_ru,Vostochny,Russia,origin,42.7415,133.07981,marine,0.14,287.0,3.4,0.02,0.55,0.08,2.45,0.3,135.0,21.6
2026-09-09T19:00,vostochny_ru,Vostochny,Russia,origin,42.7415,133.07981,marine,0.12,294.0,3.5,0.02,0.6,0.08,2.75,0.3,135.0,21.6
2026-09-09T20:00,vostochny_ru,Vostochny,Russia,origin,42.7415,133.07981,marine,0.12,301.0,3.65,0.02,0.55,0.06,3.2,0.4,180.0,21.5
2026-09-09T21:00,vostochny_ru,Vostochny,Russia,origin,42.7415,133.07981,marine,0.1,308.0,3.85,0.02,0.45,0.06,3.55,0.4,180.0,21.5
2026-09-09T22:00,vostochny_ru,Vostochny,Russia,origin,42.7415,133.07981,marine,0.1,349.0,4.1,0.02,0.25,0.06,3.8,0.4,180.0,21.5
2026-09-09T23:00,vostochny_ru,Vostochny,Russia,origin,42.7415,133.07981,marine,0.1,30.0,4.35,0.0,0.0,0.06,4.0,0.4,207.0,21.5
2026-09-10T00:00,vostochny_ru,Vostochny,Russia,origin,42.7415,133.07981,marine,0.1,71.0,4.55,0.0,0.0,0.06,4.15,0.3,225.0,21.5
2026-09-10T01:00,vostochny_ru,Vostochny,Russia,origin,42.7415,133.07981,marine,0.1,74.0,4.7,0.02,0.4,0.06,4.3,0.3,225.0,21.6
2026-09-10T02:00,vostochny_ru,Vostochny,Russia,origin,42.7415,133.07981,marine,0.1,77.0,4.8,0.02,1.05,0.08,4.4,0.2,180.0,21.6
2026-09-10T03:00,vostochny_ru,Vostochny,Russia,origin,42.7415,133.07981,marine,0.1,80.0,4.6,0.04,1.55,0.08,4.5,0.4,180.0,21.7
2026-09-10T04:00,vostochny_ru,Vostochny,Russia,origin,42.7415,133.07981,marine,0.16,138.0,3.9,0.12,1.75,0.08,4.65,0.4,153.0,21.7
2026-09-10T05:00,vostochny_ru,Vostochny,Russia,origin,42.7415,133.07981,marine,0.22,197.0,2.9,0.18,1.8,0.08,4.8,0.5,135.0,21.8
2026-09-10T06:00,vostochny_ru,Vostochny,Russia,origin,42.7415,133.07981,marine,0.28,255.0,2.25,0.26,1.85,0.08,4.7,0.5,135.0,21.8
2026-09-10T07:00,vostochny_ru,Vostochny,Russia,origin,42.7415,133.07981,marine,0.28,254.0,2.2,0.24,1.9,0.1,4.05,0.5,135.0,21.8
2026-09-10T08:00,vostochny_ru,Vostochny,Russia,origin,42.7415,133.07981,marine,0.26,254.0,2.5,0.2,1.9,0.12,3.15,0.6,146.0,21.8
2026-09-10T09:00,vostochny_ru,Vostochny,Russia,origin,42.7415,133.07981,marine,0.26,253.0,2.7,0.18,1.9,0.14,2.45,0.5,135.0,21.8
2026-09-10T10:00,vostochny_ru,Vostochny,Russia,origin,42.7415,133.07981,marine,0.26,252.0,2.75,0.18,1.9,0.16,2.25,0.4,153.0,21.7
2026-09-10T11:00,vostochny_ru,Vostochny,Russia,origin,42.7415,133.07981,marine,0.28,252.0,2.75,0.18,1.9,0.16,2.3,0.5,135.0,21.7
2026-09-10T12:00,vostochny_ru,Vostochny,Russia,origin,42.7415,133.07981,marine,0.28,251.0,2.75,0.18,1.85,0.18,2.35,0.4,117.0,21.7
2026-09-10T13:00,vostochny_ru,Vostochny,Russia,origin,42.7415,133.07981,marine,0.32,251.0,2.8,0.16,1.7,0.22,2.4,0.4,117.0,21.7
2026-09-10T14:00,vostochny_ru,Vostochny,Russia,origin,42.7415,133.07981,marine,0.34,251.0,2.9,0.16,1.45,0.24,2.45,0.4,117.0,21.6
2026-09-10T15:00,vostochny_ru,Vostochny,Russia,origin,42.7415,133.07981,marine,0.38,251.0,3.0,0.14,1.25,0.28,2.55,0.4,117.0,21.6
2026-09-10T16:00,vostochny_ru,Vostochny,Russia,origin,42.7415,133.07981,marine,0.4,252.0,3.1,0.14,1.1,0.32,2.7,0.5,135.0,21.6
2026-09-10T17:00,vostochny_ru,Vostochny,Russia,origin,42.7415,133.07981,marine,0.44,253.0,3.25,0.12,0.95,0.34,2.85,0.4,153.0,21.6
2026-09-10T18:00,vostochny_ru,Vostochny,Russia,origin,42.7415,133.07981,marine,0.46,254.0,3.35,0.12,0.85,0.38,3.0,0.4,153.0,21.6
2026-09-10T19:00,vostochny_ru,Vostochny,Russia,origin,42.7415,133.07981,marine,0.48,253.0,3.45,0.12,0.75,0.42,3.05,0.6,162.0,21.6
2026-09-10T20:00,vostochny_ru,Vostochny,Russia,origin,42.7415,133.07981,marine,0.5,253.0,3.55,0.1,0.65,0.44,3.05,0.6,162.0,21.6
2026-09-10T21:00,vostochny_ru,Vostochny,Russia,origin,42.7415,133.07981,marine,0.52,252.0,3.6,0.1,0.75,0.48,3.1,0.6,162.0,21.6
2026-09-10T22:00,vostochny_ru,Vostochny,Russia,origin,42.7415,133.07981,marine,0.54,251.0,3.6,0.16,1.15,0.48,3.2,0.5,135.0,21.6
2026-09-10T23:00,vostochny_ru,Vostochny,Russia,origin,42.7415,133.07981,marine,0.54,249.0,3.6,0.2,1.65,0.46,3.25,0.5,135.0,21.6
2026-09-11T00:00,vostochny_ru,Vostochny,Russia,origin,42.7415,133.07981,marine,0.56,248.0,3.6,0.26,2.1,0.46,3.35,0.5,135.0,21.6
2026-09-11T01:00,vostochny_ru,Vostochny,Russia,origin,42.7415,133.07981,marine,0.56,246.0,3.6,0.28,2.3,0.44,3.4,0.6,108.0,21.7
2026-09-11T02:00,vostochny_ru,Vostochny,Russia,origin,42.7415,133.07981,marine,0.58,244.0,3.6,0.32,2.35,0.44,3.45,0.6,108.0,21.7
2026-09-11T03:00,vostochny_ru,Vostochny,Russia,origin,42.7415,133.07981,marine,0.58,242.0,3.6,0.34,2.4,0.42,3.45,0.7,104.0,21.8
2026-09-11T04:00,vostochny_ru,Vostochny,Russia,origin,42.7415,133.07981,marine,0.58,240.0,3.55,0.34,2.4,0.42,3.45,0.7,104.0,21.8
2026-09-11T05:00,vostochny_ru,Vostochny,Russia,origin,42.7415,133.07981,marine,0.6,238.0,3.5,0.36,2.4,0.42,3.4,0.8,117.0,21.9
2026-09-11T06:00,vostochny_ru,Vostochny,Russia,origin,42.7415,133.07981,marine,0.6,236.0,3.5,0.36,2.4,0.42,3.4,0.8,117.0,21.9
2026-09-11T07:00,vostochny_ru,Vostochny,Russia,origin,42.7415,133.07981,marine,0.64,234.0,3.55,0.38,2.45,0.44,3.45,0.8,117.0,21.9
2026-09-11T08:00,vostochny_ru,Vostochny,Russia,origin,42.7415,133.07981,marine,0.68,232.0,3.6,0.4,2.45,0.46,3.5,0.9,127.0,21.9
2026-09-11T09:00,vostochny_ru,Vostochny,Russia,origin,42.7415,133.07981,marine,0.72,230.0,3.7,0.42,2.45,0.48,3.55,0.8,135.0,21.9
2026-09-11T10:00,vostochny_ru,Vostochny,Russia,origin,42.7415,133.07981,marine,0.76,229.0,3.9,0.36,2.4,0.58,3.6,0.8,135.0,21.8
2026-09-11T11:00,vostochny_ru,Vostochny,Russia,origin,42.7415,133.07981,marine,0.8,229.0,4.1,0.28,2.3,0.7,3.65,0.8,135.0,21.8
2026-09-11T12:00,vostochny_ru,Vostochny,Russia,origin,42.7415,133.07981,marine,0.84,228.0,4.3,0.22,2.05,0.8,3.7,0.8,135.0,21.8
2026-09-11T13:00,vostochny_ru,Vostochny,Russia,origin,42.7415,133.07981,marine,0.84,229.0,4.4,0.16,1.55,0.82,3.7,0.8,135.0,21.7
2026-09-11T14:00,vostochny_ru,Vostochny,Russia,origin,42.7415,133.07981,marine,0.84,229.0,4.45,0.1,0.95,0.82,3.75,0.8,135.0,21.7
2026-09-11T15:00,vostochny_ru,Vostochny,Russia,origin,42.7415,133.07981,marine,0.84,230.0,4.5,0.04,0.5,0.84,3.75,0.8,135.0,21.7
2026-09-11T16:00,vostochny_ru,Vostochny,Russia,origin,42.7415,133.07981,marine,0.84,230.0,4.55,0.04,0.35,0.84,3.75,0.8,135.0,21.7
2026-09-11T17:00,vostochny_ru,Vostochny,Russia,origin,42.7415,133.07981,marine,0.82,229.0,4.55,0.02,0.4,0.82,3.8,0.8,135.0,21.6
2026-09-11T18:00,vostochny_ru,Vostochny,Russia,origin,42.7415,133.07981,marine,0.82,229.0,4.55,0.02,0.45,0.82,3.8,0.8,135.0,21.6
2026-09-11T19:00,vostochny_ru,Vostochny,Russia,origin,42.7415,133.07981,marine,0.8,228.0,4.6,0.02,0.5,0.8,3.85,0.8,135.0,21.6
2026-09-11T20:00,vostochny_ru,Vostochny,Russia,origin,42.7415,133.07981,marine,0.8,228.0,4.6,0.04,0.5,0.8,3.85,0.8,135.0,21.6
2026-09-11T21:00,vostochny_ru,Vostochny,Russia,origin,42.7415,133.07981,marine,0.78,227.0,4.65,0.04,0.5,0.78,3.9,0.8,135.0,21.6
2026-09-11T22:00,vostochny_ru,Vostochny,Russia,origin,42.7415,133.07981,marine,0.76,227.0,4.65,0.02,0.35,0.76,3.9,0.8,135.0,21.5
2026-09-11T23:00,vostochny_ru,Vostochny,Russia,origin,42.7415,133.07981,marine,0.74,226.0,4.65,0.02,0.1,0.74,3.9,0.8,135.0,21.5
2026-09-12T00:00,vostochny_ru,Vostochny,Russia,origin,42.7415,133.07981,marine,0.72,226.0,4.65,0.0,0.0,0.72,3.9,0.8,135.0,21.6
2026-09-12T01:00,vostochny_ru,Vostochny,Russia,origin,42.7415,133.07981,marine,0.7,226.0,4.65,0.02,0.1,0.7,3.9,0.9,127.0,21.6
2026-09-12T02:00,vostochny_ru,Vostochny,Russia,origin,42.7415,133.07981,marine,0.68,225.0,4.65,0.02,0.3,0.68,3.85,0.9,127.0,21.8
2026-09-12T03:00,vostochny_ru,Vostochny,Russia,origin,42.7415,133.07981,marine,0.66,225.0,4.6,0.04,0.55,0.66,3.85,1.0,121.0,21.9
2026-09-12T04:00,vostochny_ru,Vostochny,Russia,origin,42.7415,133.07981,marine,0.64,225.0,4.55,0.06,0.95,0.64,3.8,1.0,121.0,22.0
2026-09-12T05:00,vostochny_ru,Vostochny,Russia,origin,42.7415,133.07981,marine,0.6,224.0,4.5,0.06,1.4,0.6,3.8,1.2,117.0,22.1
2026-09-12T06:00,vostochny_ru,Vostochny,Russia,origin,42.7415,133.07981,marine,0.58,224.0,4.45,0.08,1.6,0.58,3.75,1.3,124.0,22.2
2026-09-12T07:00,vostochny_ru,Vostochny,Russia,origin,42.7415,133.07981,marine,0.56,224.0,4.4,0.06,1.35,0.54,3.7,1.3,124.0,22.2
2026-09-12T08:00,vostochny_ru,Vostochny,Russia,origin,42.7415,133.07981,marine,0.52,223.0,4.3,0.04,0.9,0.52,3.6,1.2,129.0,22.1
2026-09-12T09:00,vostochny_ru,Vostochny,Russia,origin,42.7415,133.07981,marine,0.5,223.0,4.25,0.02,0.5,0.48,3.55,1.3,135.0,22.0
2026-09-12T10:00,vostochny_ru,Vostochny,Russia,origin,42.7415,133.07981,marine,0.48,223.0,4.2,0.02,0.25,0.46,3.5,1.2,141.0,22.0
2026-09-12T11:00,vostochny_ru,Vostochny,Russia,origin,42.7415,133.07981,marine,0.44,223.0,4.15,0.0,0.1,0.44,3.45,1.2,141.0,21.9
2026-09-12T12:00,vostochny_ru,Vostochny,Russia,origin,42.7415,133.07981,marine,0.42,223.0,4.1,0.0,0.0,0.42,3.4,0.9,143.0,21.8
2026-09-12T13:00,vostochny_ru,Vostochny,Russia,origin,42.7415,133.07981,marine,0.4,223.0,4.05,0.0,0.0,0.4,3.35,0.9,143.0,21.8
2026-09-12T14:00,vostochny_ru,Vostochny,Russia,origin,42.7415,133.07981,marine,0.38,223.0,4.0,0.0,0.0,0.38,3.35,0.8,135.0,21.8
2026-09-12T15:00,vostochny_ru,Vostochny,Russia,origin,42.7415,133.07981,marine,0.36,223.0,3.95,0.0,0.0,0.36,3.3,0.8,135.0,21.7
2026-09-12T16:00,vostochny_ru,Vostochny,Russia,origin,42.7415,133.07981,marine,0.34,223.0,3.9,0.0,0.0,0.34,3.25,0.8,135.0,21.7
2026-09-12T17:00,vostochny_ru,Vostochny,Russia,origin,42.7415,133.07981,marine,0.34,224.0,3.85,0.0,0.0,0.34,3.2,0.8,117.0,21.7
2026-09-12T18:00,vostochny_ru,Vostochny,Russia,origin,42.7415,133.07981,marine,0.32,224.0,3.8,0.0,0.0,0.32,3.15,0.9,127.0,21.7
2026-09-12T19:00,vostochny_ru,Vostochny,Russia,origin,42.7415,133.07981,marine,0.3,224.0,3.75,0.0,0.0,0.3,3.15,0.9,127.0,21.7
2026-09-12T20:00,vostochny_ru,Vostochny,Russia,origin,42.7415,133.07981,marine,0.28,224.0,3.75,0.0,0.0,0.28,3.1,0.9,127.0,21.7
2026-09-12T21:00,vostochny_ru,Vostochny,Russia,origin,42.7415,133.07981,marine,0.26,224.0,3.7,0.0,0.0,0.26,3.1,0.9,127.0,21.7
2026-09-12T22:00,vostochny_ru,Vostochny,Russia,origin,42.7415,133.07981,marine,0.26,224.0,3.65,0.0,0.0,0.26,3.1,0.9,127.0,21.7
2026-09-12T23:00,vostochny_ru,Vostochny,Russia,origin,42.7415,133.07981,marine,0.24,225.0,3.65,0.0,0.0,0.24,3.05,0.9,127.0,21.7
2026-09-13T00:00,vostochny_ru,Vostochny,Russia,origin,42.7415,133.07981,marine,0.24,225.0,3.65,0.0,0.0,0.24,3.05,0.9,127.0,21.7
2026-09-13T01:00,vostochny_ru,Vostochny,Russia,origin,42.7415,133.07981,marine,0.24,226.0,3.65,0.0,0.1,0.24,3.05,0.8,117.0,21.7
2026-09-13T02:00,vostochny_ru,Vostochny,Russia,origin,42.7415,133.07981,marine,0.24,227.0,3.7,0.0,0.2,0.24,3.1,0.8,117.0,21.8
2026-09-13T03:00,vostochny_ru,Vostochny,Russia,origin,42.7415,133.07981,marine,0.24,228.0,3.75,0.0,0.4,0.24,3.15,0.8,117.0,21.8
2026-09-13T04:00,vostochny_ru,Vostochny,Russia,origin,42.7415,133.07981,marine,0.24,229.0,3.8,0.0,0.75,0.24,3.2,0.8,117.0,21.9
2026-09-13T05:00,vostochny_ru,Vostochny,Russia,origin,42.7415,133.07981,marine,0.24,229.0,3.85,0.02,1.15,0.24,3.25,1.0,112.0,21.9
2026-09-13T06:00,vostochny_ru,Vostochny,Russia,origin,42.7415,133.07981,marine,0.24,230.0,3.85,0.02,1.45,0.24,3.25,1.0,112.0,21.9
2026-09-13T07:00,vostochny_ru,Vostochny,Russia,origin,42.7415,133.07981,marine,0.24,230.0,3.85,0.02,1.55,0.24,3.25,0.8,117.0,21.9
2026-09-13T08:00,vostochny_ru,Vostochny,Russia,origin,42.7415,133.07981,marine,0.24,231.0,3.85,0.04,1.5,0.22,3.25,0.8,117.0,21.9
2026-09-13T09:00,vostochny_ru,Vostochny,Russia,origin,42.7415,133.07981,marine,0.24,231.0,3.8,0.04,1.45,0.22,3.2,0.8,117.0,21.9
2026-09-13T10:00,vostochny_ru,Vostochny,Russia,origin,42.7415,133.07981,marine,0.24,229.0,3.7,0.06,1.45,0.22,3.15,0.8,117.0,21.8
2026-09-13T11:00,vostochny_ru,Vostochny,Russia,origin,42.7415,133.07981,marine,0.26,228.0,3.55,0.06,1.5,0.22,3.15,0.8,117.0,21.8
2026-09-13T12:00,vostochny_ru,Vostochny,Russia,origin,42.7415,133.07981,marine,0.26,226.0,3.45,0.08,1.45,0.22,3.1,0.8,117.0,21.8
2026-09-13T13:00,vostochny_ru,Vostochny,Russia,origin,42.7415,133.07981,marine,0.26,224.0,3.4,0.06,1.3,0.22,3.05,0.8,117.0,21.8
2026-09-13T14:00,vostochny_ru,Vostochny,Russia,origin,42.7415,133.07981,marine,0.26,223.0,3.35,0.06,1.15,0.22,3.0,1.0,112.0,21.7
2026-09-13T15:00,vostochny_ru,Vostochny,Russia,origin,42.7415,133.07981,marine,0.26,221.0,3.3,0.04,0.95,0.22,2.95,1.0,112.0,21.7
2026-09-13T16:00,vostochny_ru,Vostochny,Russia,origin,42.7415,133.07981,marine,0.24,220.0,3.3,0.04,0.75,0.22,2.9,1.0,112.0,21.7
2026-09-13T17:00,vostochny_ru,Vostochny,Russia,origin,42.7415,133.07981,marine,0.24,219.0,3.35,0.02,0.6,0.22,2.85,1.0,112.0,21.7
2026-09-13T18:00,vostochny_ru,Vostochny,Russia,origin,42.7415,133.07981,marine,0.22,218.0,3.35,0.02,0.45,0.22,2.8,1.0,121.0,21.7
2026-09-13T19:00,vostochny_ru,Vostochny,Russia,origin,42.7415,133.07981,marine,0.22,216.0,3.35,0.02,0.4,0.2,2.75,1.0,121.0,21.7
2026-09-13T20:00,vostochny_ru,Vostochny,Russia,origin,42.7415,133.07981,marine,0.2,214.0,3.35,0.02,0.45,0.2,2.7,0.9,127.0,21.7
2026-09-13T21:00,vostochny_ru,Vostochny,Russia,origin,42.7415,133.07981,marine,0.2,212.0,3.4,0.02,0.45,0.18,2.65,0.9,127.0,21.7
2026-09-13T22:00,vostochny_ru,Vostochny,Russia,origin,42.7415,133.07981,marine,0.2,208.0,3.45,0.02,0.45,0.18,2.65,1.0,135.0,21.7
2026-09-13T23:00,vostochny_ru,Vostochny,Russia,origin,42.7415,133.07981,marine,0.2,203.0,3.5,0.0,0.5,0.16,2.65,1.0,135.0,21.7
