timestamp,location_id,location_name,country,role,latitude,longitude,source_type,wind_speed_10m,wind_gusts_10m,wind_direction_10m,precipitation,visibility,pressure_msl
2026-09-07T00:00,beira_mz,Beira,Mozambique,origin,-19.81834,34.83555,weather,12.6,21.6,107,0.0,18440.0,1022.4
2026-09-07T01:00,beira_mz,Beira,Mozambique,origin,-19.81834,34.83555,weather,10.5,21.2,114,0.0,18440.0,1022.4
2026-09-07T02:00,beira_mz,Beira,Mozambique,origin,-19.81834,34.83555,weather,9.7,18.0,125,0.0,18440.0,1022.5
2026-09-07T03:00,beira_mz,Beira,Mozambique,origin,-19.81834,34.83555,weather,8.0,16.6,146,0.0,18420.0,1023.2
2026-09-07T04:00,beira_mz,Beira,Mozambique,origin,-19.81834,34.83555,weather,8.0,14.0,157,0.0,14960.0,1024.3
2026-09-07T05:00,beira_mz,Beira,Mozambique,origin,-19.81834,34.83555,weather,11.6,22.7,156,0.0,14860.0,1025.4
2026-09-07T06:00,beira_mz,Beira,Mozambique,origin,-19.81834,34.83555,weather,11.8,28.8,149,0.0,17020.0,1025.9
2026-09-07T07:00,beira_mz,Beira,Mozambique,origin,-19.81834,34.83555,weather,12.6,28.4,143,0.0,19340.0,1026.3
2026-09-07T08:00,beira_mz,Beira,Mozambique,origin,-19.81834,34.83555,weather,13.5,31.3,144,0.0,16620.0,1026.2
2026-09-07T09:00,beira_mz,Beira,Mozambique,origin,-19.81834,34.83555,weather,13.8,32.4,148,0.0,13120.0,1025.8
2026-09-07T10:00,beira_mz,Beira,Mozambique,origin,-19.81834,34.83555,weather,14.3,33.1,145,0.1,8820.0,1025.1
2026-09-07T11:00,beira_mz,Beira,Mozambique,origin,-19.81834,34.83555,weather,13.1,33.1,133,0.1,24680.0,1024.0
2026-09-07T12:00,beira_mz,Beira,Mozambique,origin,-19.81834,34.83555,weather,14.6,33.1,134,0.0,24680.0,1023.5
2026-09-07T13:00,beira_mz,Beira,Mozambique,origin,-19.81834,34.83555,weather,15.0,33.5,129,0.0,24660.0,1023.2
2026-09-07T14:00,beira_mz,Beira,Mozambique,origin,-19.81834,34.83555,weather,15.0,32.8,128,0.0,22600.0,1023.4
2026-09-07T15:00,beira_mz,Beira,Mozambique,origin,-19.81834,34.83555,weather,16.2,31.7,122,0.0,22600.0,1023.8
2026-09-07T16:00,beira_mz,Beira,Mozambique,origin,-19.81834,34.83555,weather,15.7,31.3,117,0.0,14940.0,1024.2
2026-09-07T17:00,beira_mz,Beira,Mozambique,origin,-19.81834,34.83555,weather,14.9,27.7,118,0.0,12440.0,1024.5
2026-09-07T18:00,beira_mz,Beira,Mozambique,origin,-19.81834,34.83555,weather,16.4,28.8,128,0.1,5640.0,1025.2
2026-09-07T19:00,beira_mz,Beira,Mozambique,origin,-19.81834,34.83555,weather,18.0,30.6,125,0.3,4860.0,1025.6
2026-09-07T20:00,beira_mz,Beira,Mozambique,origin,-19.81834,34.83555,weather,19.1,33.1,128,0.5,7060.0,1025.8
2026-09-07T21:00,beira_mz,Beira,Mozambique,origin,-19.81834,34.83555,weather,21.3,37.8,131,0.7,3220.0,1026.0
2026-09-07T22:00,beira_mz,Beira,Mozambique,origin,-19.81834,34.83555,weather,21.3,39.6,139,1.4,3600.0,1025.6
2026-09-07T23:00,beira_mz,Beira,Mozambique,origin,-19.81834,34.83555,weather,24.4,41.8,143,0.6,14960.0,1024.9
2026-09-08T00:00,beira_mz,Beira,Mozambique,origin,-19.81834,34.83555,weather,25.5,46.4,143,0.0,24620.0,1024.3
2026-09-08T01:00,beira_mz,Beira,Mozambique,origin,-19.81834,34.83555,weather,25.4,46.1,145,0.0,24620.0,1024.1
2026-09-08T02:00,beira_mz,Beira,Mozambique,origin,-19.81834,34.83555,weather,26.5,47.9,149,0.0,24600.0,1024.2
2026-09-08T03:00,beira_mz,Beira,Mozambique,origin,-19.81834,34.83555,weather,24.2,48.2,151,0.0,24600.0,1024.8
2026-09-08T04:00,beira_mz,Beira,Mozambique,origin,-19.81834,34.83555,weather,26.5,50.8,148,0.0,24600.0,1025.8
2026-09-08T05:00,beira_mz,Beira,Mozambique,origin,-19.81834,34.83555,weather,27.3,50.4,147,0.0,24600.0,1026.6
2026-09-08T06:00,beira_mz,Beira,Mozambique,origin,-19.81834,34.83555,weather,26.6,51.5,143,0.3,4720.0,1027.0
2026-09-08T07:00,beira_mz,Beira,Mozambique,origin,-19.81834,34.83555,weather,26.2,51.1,145,0.3,24580.0,1027.1
2026-09-08T08:00,beira_mz,Beira,Mozambique,origin,-19.81834,34.83555,weather,27.0,53.6,145,0.0,26540.0,1027.2
2026-09-08T09:00,beira_mz,Beira,Mozambique,origin,-19.81834,34.83555,weather,26.7,54.4,149,0.0,7460.0,1026.7
2026-09-08T10:00,beira_mz,Beira,Mozambique,origin,-19.81834,34.83555,weather,25.7,53.6,149,0.1,24580.0,1025.6
2026-09-08T11:00,beira_mz,Beira,Mozambique,origin,-19.81834,34.83555,weather,27.3,54.7,148,0.0,20340.0,1024.8
2026-09-08T12:00,beira_mz,Beira,Mozambique,origin,-19.81834,34.83555,weather,23.8,54.7,152,0.0,24560.0,1024.3
2026-09-08T13:00,beira_mz,Beira,Mozambique,origin,-19.81834,34.83555,weather,22.1,48.2,152,0.0,24560.0,1023.9
2026-09-08T14:00,beira_mz,Beira,Mozambique,origin,-19.81834,34.83555,weather,22.5,44.6,153,0.0,24560.0,1023.9
2026-09-08T15:00,beira_mz,Beira,Mozambique,origin,-19.81834,34.83555,weather,21.2,44.3,153,0.0,15600.0,1024.4
2026-09-08T16:00,beira_mz,Beira,Mozambique,origin,-19.81834,34.83555,weather,21.0,38.2,155,0.0,24540.0,1024.6
2026-09-08T17:00,beira_mz,Beira,Mozambique,origin,-19.81834,34.83555,weather,22.7,41.0,156,0.0,20140.0,1024.8
2026-09-08T18:00,beira_mz,Beira,Mozambique,origin,-19.81834,34.83555,weather,23.8,43.2,155,0.0,17340.0,1025.2
2026-09-08T19:00,beira_mz,Beira,Mozambique,origin,-19.81834,34.83555,weather,24.4,44.6,156,0.0,16100.0,1025.6
2026-09-08T20:00,beira_mz,Beira,Mozambique,origin,-19.81834,34.83555,weather,24.1,44.3,156,0.0,14320.0,1025.6
2026-09-08T21:00,beira_mz,Beira,Mozambique,origin,-19.81834,34.83555,weather,23.4,43.6,156,0.0,13380.0,1025.5
2026-09-08T22:00,beira_mz,Beira,Mozambique,origin,-19.81834,34.83555,weather,22.8,42.1,156,0.0,10800.0,1025.0
2026-09-08T23:00,beira_mz,Beira,Mozambique,origin,-19.81834,34.83555,weather,22.7,41.4,161,0.0,7600.0,1024.3
2026-09-09T00:00,beira_mz,Beira,Mozambique,origin,-19.81834,34.83555,weather,18.4,40.7,182,0.2,7200.0,1023.7
2026-09-09T01:00,beira_mz,Beira,Mozambique,origin,-19.81834,34.83555,weather,17.5,32.8,197,0.2,10100.0,1023.5
2026-09-09T02:00,beira_mz,Beira,Mozambique,origin,-19.81834,34.83555,weather,20.3,35.6,193,0.1,9680.0,1023.7
2026-09-09T03:00,beira_mz,Beira,Mozambique,origin,-19.81834,34.83555,weather,17.2,35.6,205,0.0,13980.0,1024.0
2026-09-09T04:00,beira_mz,Beira,Mozambique,origin,-19.81834,34.83555,weather,18.1,32.4,212,0.0,18240.0,1024.5
2026-09-09T05:00,beira_mz,Beira,Mozambique,origin,-19.81834,34.83555,weather,17.3,33.8,215,0.0,14140.0,1025.1
2026-09-09T06:00,beira_mz,Beira,Mozambique,origin,-19.81834,34.83555,weather,17.8,35.6,203,0.0,8240.0,1025.6
2026-09-09T07:00,beira_mz,Beira,Mozambique,origin,-19.81834,34.83555,weather,17.0,36.0,193,0.2,12700.0,1026.0
2026-09-09T08:00,beira_mz,Beira,Mozambique,origin,-19.81834,34.83555,weather,19.8,39.6,176,0.1,3920.0,1025.8
2026-09-09T09:00,beira_mz,Beira,Mozambique,origin,-19.81834,34.83555,weather,21.1,43.2,169,0.8,4160.0,1025.1
2026-09-09T10:00,beira_mz,Beira,Mozambique,origin,-19.81834,34.83555,weather,21.4,44.3,167,0.4,8880.0,1024.2
2026-09-09T11:00,beira_mz,Beira,Mozambique,origin,-19.81834,34.83555,weather,21.3,43.6,165,0.0,24460.0,1023.2
2026-09-09T12:00,beira_mz,Beira,Mozambique,origin,-19.81834,34.83555,weather,20.7,43.9,162,0.0,24460.0,1022.3
2026-09-09T13:00,beira_mz,Beira,Mozambique,origin,-19.81834,34.83555,weather,21.6,43.2,160,0.0,17360.0,1021.8
2026-09-09T14:00,beira_mz,Beira,Mozambique,origin,-19.81834,34.83555,weather,20.9,43.6,155,0.0,11640.0,1021.9
2026-09-09T15:00,beira_mz,Beira,Mozambique,origin,-19.81834,34.83555,weather,17.6,40.7,153,0.2,6180.0,1022.2
2026-09-09T16:00,beira_mz,Beira,Mozambique,origin,-19.81834,34.83555,weather,16.8,31.0,154,0.2,5960.0,1022.5
2026-09-09T17:00,beira_mz,Beira,Mozambique,origin,-19.81834,34.83555,weather,18.7,31.7,156,0.4,5580.0,1023.1
2026-09-09T18:00,beira_mz,Beira,Mozambique,origin,-19.81834,34.83555,weather,19.4,33.1,157,0.6,8800.0,1023.6
2026-09-09T19:00,beira_mz,Beira,Mozambique,origin,-19.81834,34.83555,weather,18.9,33.1,156,0.1,9940.0,1023.7
2026-09-09T20:00,beira_mz,Beira,Mozambique,origin,-19.81834,34.83555,weather,18.4,32.8,154,0.0,12840.0,1023.6
2026-09-09T21:00,beira_mz,Beira,Mozambique,origin,-19.81834,34.83555,weather,17.2,32.4,155,0.0,19680.0,1023.3
2026-09-09T22:00,beira_mz,Beira,Mozambique,origin,-19.81834,34.83555,weather,15.5,30.2,160,0.0,15020.0,1022.8
2026-09-09T23:00,beira_mz,Beira,Mozambique,origin,-19.81834,34.83555,weather,13.0,27.0,174,0.1,8740.0,1022.2
2026-09-10T00:00,beira_mz,Beira,Mozambique,origin,-19.81834,34.83555,weather,12.9,23.0,186,0.1,7600.0,1021.6
2026-09-10T01:00,beira_mz,Beira,Mozambique,origin,-19.81834,34.83555,weather,12.6,22.3,202,0.1,10060.0,1021.4
2026-09-10T02:00,beira_mz,Beira,Mozambique,origin,-19.81834,34.83555,weather,12.9,22.0,205,0.0,13020.0,1021.5
2026-09-10T03:00,beira_mz,Beira,Mozambique,origin,-19.81834,34.83555,weather,12.6,22.3,207,0.0,10660.0,1021.8
2026-09-10T04:00,beira_mz,Beira,Mozambique,origin,-19.81834,34.83555,weather,13.1,22.0,210,0.0,10240.0,1022.4
2026-09-10T05:00,beira_mz,Beira,Mozambique,origin,-19.81834,34.83555,weather,12.9,25.6,213,0.1,6200.0,1023.2
2026-09-10T06:00,beira_mz,Beira,Mozambique,origin,-19.81834,34.83555,weather,13.5,28.1,205,0.2,6920.0,1023.6
2026-09-10T07:00,beira_mz,Beira,Mozambique,origin,-19.81834,34.83555,weather,14.0,28.8,187,0.4,3880.0,1024.0
2026-09-10T08:00,beira_mz,Beira,Mozambique,origin,-19.81834,34.83555,weather,11.2,29.5,176,0.6,7240.0,1023.8
2026-09-10T09:00,beira_mz,Beira,Mozambique,origin,-19.81834,34.83555,weather,14.0,31.7,150,0.1,8600.0,1023.1
2026-09-10T10:00,beira_mz,Beira,Mozambique,origin,-19.81834,34.83555,weather,16.2,36.0,140,0.2,5760.0,1022.2
2026-09-10T11:00,beira_mz,Beira,Mozambique,origin,-19.81834,34.83555,weather,12.3,35.6,157,0.1,16240.0,1020.8
2026-09-10T12:00,beira_mz,Beira,Mozambique,origin,-19.81834,34.83555,weather,15.8,34.6,142,0.0,21280.0,1020.1
2026-09-10T13:00,beira_mz,Beira,Mozambique,origin,-19.81834,34.83555,weather,14.3,35.3,140,0.0,22020.0,1019.4
2026-09-10T14:00,beira_mz,Beira,Mozambique,origin,-19.81834,34.83555,weather,13.4,31.3,132,0.0,21900.0,1019.3
2026-09-10T15:00,beira_mz,Beira,Mozambique,origin,-19.81834,34.83555,weather,12.5,28.4,131,0.0,21800.0,1019.6
2026-09-10T16:00,beira_mz,Beira,Mozambique,origin,-19.81834,34.83555,weather,10.0,24.1,128,0.0,19760.0,1020.1
2026-09-10T17:00,beira_mz,Beira,Mozambique,origin,-19.81834,34.83555,weather,10.5,18.4,125,0.0,19560.0,1020.6
2026-09-10T18:00,beira_mz,Beira,Mozambique,origin,-19.81834,34.83555,weather,9.3,18.4,122,0.0,18480.0,1021.0
2026-09-10T19:00,beira_mz,Beira,Mozambique,origin,-19.81834,34.83555,weather,10.2,17.6,121,0.0,16700.0,1021.4
2026-09-10T20:00,beira_mz,Beira,Mozambique,origin,-19.81834,34.83555,weather,11.3,19.8,117,0.0,17360.0,1021.5
2026-09-10T21:00,beira_mz,Beira,Mozambique,origin,-19.81834,34.83555,weather,10.5,19.8,110,0.0,16960.0,1021.3
2026-09-10T22:00,beira_mz,Beira,Mozambique,origin,-19.81834,34.83555,weather,7.1,18.4,100,0.0,17340.0,1020.8
2026-09-10T23:00,beira_mz,Beira,Mozambique,origin,-19.81834,34.83555,weather,4.0,11.9,85,0.0,16980.0,1020.1
2026-09-11T00:00,beira_mz,Beira,Mozambique,origin,-19.81834,34.83555,weather,1.7,5.8,58,0.0,16760.0,1019.5
2026-09-11T01:00,beira_mz,Beira,Mozambique,origin,-19.81834,34.83555,weather,2.8,7.2,310,0.0,12600.0,1019.3
2026-09-11T02:00,beira_mz,Beira,Mozambique,origin,-19.81834,34.83555,weather,6.5,11.2,293,0.0,8420.0,1019.3
2026-09-11T03:00,beira_mz,Beira,Mozambique,origin,-19.81834,34.83555,weather,8.8,14.8,287,0.0,4260.0,1019.6
2026-09-11T04:00,beira_mz,Beira,Mozambique,origin,-19.81834,34.83555,weather,9.1,16.6,279,0.0,5180.0,1020.3
2026-09-11T05:00,beira_mz,Beira,Mozambique,origin,-19.81834,34.83555,weather,8.1,17.6,267,0.0,6100.0,1021.3
2026-09-11T06:00,beira_mz,Beira,Mozambique,origin,-19.81834,34.83555,weather,6.7,18.4,256,0.0,7020.0,1021.8
2026-09-11T07:00,beira_mz,Beira,Mozambique,origin,-19.81834,34.83555,weather,4.5,17.6,247,0.2,7560.0,1021.7
2026-09-11T08:00,beira_mz,Beira,Mozambique,origin,-19.81834,34.83555,weather,2.2,16.6,215,0.2,8080.0,1021.1
2026-09-11T09:00,beira_mz,Beira,Mozambique,origin,-19.81834,34.83555,weather,3.1,17.6,135,0.2,8620.0,1020.4
2026-09-11T10:00,beira_mz,Beira,Mozambique,origin,-19.81834,34.83555,weather,7.5,23.0,123,0.3,8100.0,1019.5
2026-09-11T11:00,beira_mz,Beira,Mozambique,origin,-19.81834,34.83555,weather,12.8,30.6,121,0.3,7580.0,1018.4
2026-09-11T12:00,beira_mz,Beira,Mozambique,origin,-19.81834,34.83555,weather,16.3,36.0,118,0.3,7060.0,1017.6
2026-09-11T13:00,beira_mz,Beira,Mozambique,origin,-19.81834,34.83555,weather,16.8,37.4,107,0.0,12060.0,1017.2
2026-09-11T14:00,beira_mz,Beira,Mozambique,origin,-19.81834,34.83555,weather,16.4,36.4,93,0.0,17080.0,1017.2
2026-09-11T15:00,beira_mz,Beira,Mozambique,origin,-19.81834,34.83555,weather,16.2,35.3,81,0.0,22080.0,1017.3
2026-09-11T16:00,beira_mz,Beira,Mozambique,origin,-19.81834,34.83555,weather,15.6,34.2,74,0.0,20740.0,1017.7
2026-09-11T17:00,beira_mz,Beira,Mozambique,origin,-19.81834,34.83555,weather,14.1,32.4,67,0.0,19400.0,1018.3
2026-09-11T18:00,beira_mz,Beira,Mozambique,origin,-19.81834,34.83555,weather,13.0,30.6,62,0.0,18060.0,1018.8
2026-09-11T19:00,beira_mz,Beira,Mozambique,origin,-19.81834,34.83555,weather,12.6,28.1,61,0.0,17300.0,1019.1
2026-09-11T20:00,beira_mz,Beira,Mozambique,origin,-19.81834,34.83555,weather,12.0,24.8,62,0.0,16540.0,1019.3
2026-09-11T21:00,beira_mz,Beira,Mozambique,origin,-19.81834,34.83555,weather,10.9,22.3,63,0.0,15780.0,1019.3
2026-09-11T22:00,beira_mz,Beira,Mozambique,origin,-19.81834,34.83555,weather,8.9,20.9,58,0.0,15780.0,1019.0
2026-09-11T23:00,beira_mz,Beira,Mozambique,origin,-19.81834,34.83555,weather,6.5,19.8,46,0.0,15780.0,1018.6
2026-09-12T00:00,beira_mz,Beira,Mozambique,origin,-19.81834,34.83555,weather,4.8,18.4,25,0.0,15780.0,1018.3
2026-09-12T01:00,beira_mz,Beira,Mozambique,origin,-19.81834,34.83555,weather,4.1,15.1,358,0.0,10640.0,1018.4
2026-09-12T02:00,beira_mz,Beira,Mozambique,origin,-19.81834,34.83555,weather,4.5,11.5,331,0.0,5520.0,1018.7
2026-09-12T03:00,beira_mz,Beira,Mozambique,origin,-19.81834,34.83555,weather,5.2,9.4,319,0.0,380.0,1019.1
2026-09-12T04:00,beira_mz,Beira,Mozambique,origin,-19.81834,34.83555,weather,5.9,10.1,317,0.0,6180.0,1019.9
2026-09-12T05:00,beira_mz,Beira,Mozambique,origin,-19.81834,34.83555,weather,5.8,12.2,321,0.0,11960.0,1020.8
2026-09-12T06:00,beira_mz,Beira,Mozambique,origin,-19.81834,34.83555,weather,4.6,14.8,329,0.0,17760.0,1021.4
2026-09-12T07:00,beira_mz,Beira,Mozambique,origin,-19.81834,34.83555,weather,1.6,17.6,27,0.2,13840.0,1021.4
2026-09-12T08:00,beira_mz,Beira,Mozambique,origin,-19.81834,34.83555,weather,5.5,21.2,113,0.2,9920.0,1021.0
2026-09-12T09:00,beira_mz,Beira,Mozambique,origin,-19.81834,34.83555,weather,10.0,24.8,118,0.2,6000.0,1020.5
2026-09-12T10:00,beira_mz,Beira,Mozambique,origin,-19.81834,34.83555,weather,12.7,28.8,115,0.3,12040.0,1019.7
2026-09-12T11:00,beira_mz,Beira,Mozambique,origin,-19.81834,34.83555,weather,14.8,32.4,111,0.3,18100.0,1018.7
2026-09-12T12:00,beira_mz,Beira,Mozambique,origin,-19.81834,34.83555,weather,16.1,35.3,106,0.3,24140.0,1018.0
2026-09-12T13:00,beira_mz,Beira,Mozambique,origin,-19.81834,34.83555,weather,16.6,36.4,102,0.0,23460.0,1017.7
2026-09-12T14:00,beira_mz,Beira,Mozambique,origin,-19.81834,34.83555,weather,16.3,36.0,97,0.0,22800.0,1017.7
2026-09-12T15:00,beira_mz,Beira,Mozambique,origin,-19.81834,34.83555,weather,15.9,35.3,93,0.0,22120.0,1017.8
2026-09-12T16:00,beira_mz,Beira,Mozambique,origin,-19.81834,34.83555,weather,15.3,33.8,90,0.0,20740.0,1018.1
2026-09-12T17:00,beira_mz,Beira,Mozambique,origin,-19.81834,34.83555,weather,14.6,32.0,89,0.0,19360.0,1018.7
2026-09-12T18:00,beira_mz,Beira,Mozambique,origin,-19.81834,34.83555,weather,13.9,29.9,87,0.0,17980.0,1019.1
2026-09-12T19:00,beira_mz,Beira,Mozambique,origin,-19.81834,34.83555,weather,13.4,27.7,85,0.0,17980.0,1019.4
2026-09-12T20:00,beira_mz,Beira,Mozambique,origin,-19.81834,34.83555,weather,12.9,25.6,84,0.0,17960.0,1019.7
2026-09-12T21:00,beira_mz,Beira,Mozambique,origin,-19.81834,34.83555,weather,12.1,23.8,83,0.0,17960.0,1019.8
2026-09-12T22:00,beira_mz,Beira,Mozambique,origin,-19.81834,34.83555,weather,10.8,22.7,85,0.0,17800.0,1019.6
2026-09-12T23:00,beira_mz,Beira,Mozambique,origin,-19.81834,34.83555,weather,9.2,22.0,89,0.0,17620.0,1019.2
2026-09-13T00:00,beira_mz,Beira,Mozambique,origin,-19.81834,34.83555,weather,7.6,20.5,90,0.0,17460.0,1019.0
2026-09-13T01:00,beira_mz,Beira,Mozambique,origin,-19.81834,34.83555,weather,5.8,18.0,83,0.0,14260.0,1019.2
2026-09-13T02:00,beira_mz,Beira,Mozambique,origin,-19.81834,34.83555,weather,4.3,14.8,62,0.0,11060.0,1019.6
2026-09-13T03:00,beira_mz,Beira,Mozambique,origin,-19.81834,34.83555,weather,3.5,13.0,35,0.0,7860.0,1020.2
2026-09-13T04:00,beira_mz,Beira,Mozambique,origin,-19.81834,34.83555,weather,3.3,13.3,9,0.2,6840.0,1021.0
2026-09-13T05:00,beira_mz,Beira,Mozambique,origin,-19.81834,34.83555,weather,3.5,14.4,348,0.2,5820.0,1021.9
2026-09-13T06:00,beira_mz,Beira,Mozambique,origin,-19.81834,34.83555,weather,3.9,15.5,336,0.2,4800.0,1022.5
2026-09-13T07:00,beira_mz,Beira,Mozambique,origin,-19.81834,34.83555,weather,1.4,18.4,247,0.1,12660.0,1022.8
2026-09-13T08:00,beira_mz,Beira,Mozambique,origin,-19.81834,34.83555,weather,3.6,23.0,147,0.1,14520.0,1022.4
2026-09-13T09:00,beira_mz,Beira,Mozambique,origin,-19.81834,34.83555,weather,8.4,28.8,135,0.1,16380.0,1021.8
2026-09-13T10:00,beira_mz,Beira,Mozambique,origin,-19.81834,34.83555,weather,13.4,34.2,131,0.1,18220.0,1021.1
2026-09-13T11:00,beira_mz,Beira,Mozambique,origin,-19.81834,34.83555,weather,17.7,39.2,129,0.1,20080.0,1020.6
2026-09-13T12:00,beira_mz,Beira,Mozambique,origin,-19.81834,34.83555,weather,20.2,42.5,129,0.1,21940.0,1020.4
2026-09-13T13:00,beira_mz,Beira,Mozambique,origin,-19.81834,34.83555,weather,20.9,44.3,128,0.0,21960.0,1020.5
2026-09-13T14:00,beira_mz,Beira,Mozambique,origin,-19.81834,34.83555,weather,20.6,45.4,126,0.0,21960.0,1020.8
2026-09-13T15:00,beira_mz,Beira,Mozambique,origin,-19.81834,34.83555,weather,19.4,45.7,125,0.0,21980.0,1021.2
2026-09-13T16:00,beira_mz,Beira,Mozambique,origin,-19.81834,34.83555,weather,17.8,45.7,124,0.0,22000.0,1021.6
2026-09-13T17:00,beira_mz,Beira,Mozambique,origin,-19.81834,34.83555,weather,16.2,45.0,122,0.0,22000.0,1022.0
2026-09-13T18:00,beira_mz,Beira,Mozambique,origin,-19.81834,34.83555,weather,15.3,44.3,122,0.0,22020.0,1022.2
2026-09-13T19:00,beira_mz,Beira,Mozambique,origin,-19.81834,34.83555,weather,14.6,43.2,123,0.0,20260.0,1022.2
2026-09-13T20:00,beira_mz,Beira,Mozambique,origin,-19.81834,34.83555,weather,14.0,41.0,125,0.0,18500.0,1022.1
2026-09-13T21:00,beira_mz,Beira,Mozambique,origin,-19.81834,34.83555,weather,13.5,38.9,127,0.0,16760.0,1022.0
2026-09-13T22:00,beira_mz,Beira,Mozambique,origin,-19.81834,34.83555,weather,13.0,36.7,129,0.0,15000.0,1021.8
2026-09-13T23:00,beira_mz,Beira,Mozambique,origin,-19.81834,34.83555,weather,12.9,34.9,133,0.0,13240.0,1021.8
2026-09-07T00:00,dhamra_in,Dhamra,India,destination,20.7833,86.95,weather,10.9,18.0,230,0.0,9660.0,1007.0
2026-09-07T01:00,dhamra_in,Dhamra,India,destination,20.7833,86.95,weather,10.2,19.1,226,0.0,11240.0,1007.6
2026-09-07T02:00,dhamra_in,Dhamra,India,destination,20.7833,86.95,weather,11.3,22.3,239,0.0,12720.0,1008.0
2026-09-07T03:00,dhamra_in,Dhamra,India,destination,20.7833,86.95,weather,16.7,32.0,264,0.0,15120.0,1008.0
2026-09-07T04:00,dhamra_in,Dhamra,India,destination,20.7833,86.95,weather,16.8,33.5,273,0.2,5100.0,1008.0
2026-09-07T05:00,dhamra_in,Dhamra,India,destination,20.7833,86.95,weather,15.1,32.8,273,0.4,6200.0,1008.0
2026-09-07T06:00,dhamra_in,Dhamra,India,destination,20.7833,86.95,weather,9.7,31.0,280,0.3,6600.0,1007.6
2026-09-07T07:00,dhamra_in,Dhamra,India,destination,20.7833,86.95,weather,8.3,22.0,254,0.3,6020.0,1006.2
2026-09-07T08:00,dhamra_in,Dhamra,India,destination,20.7833,86.95,weather,8.1,23.0,265,0.3,7460.0,1004.5
2026-09-07T09:00,dhamra_in,Dhamra,India,destination,20.7833,86.95,weather,14.8,26.6,283,1.3,2180.0,1004.7
2026-09-07T10:00,dhamra_in,Dhamra,India,destination,20.7833,86.95,weather,1.8,37.8,6,5.5,2240.0,1004.5
2026-09-07T11:00,dhamra_in,Dhamra,India,destination,20.7833,86.95,weather,3.7,9.7,194,0.9,4580.0,1004.2
2026-09-07T12:00,dhamra_in,Dhamra,India,destination,20.7833,86.95,weather,7.4,14.4,194,0.2,5900.0,1004.8
2026-09-07T13:00,dhamra_in,Dhamra,India,destination,20.7833,86.95,weather,3.1,13.7,242,0.1,5700.0,1006.1
2026-09-07T14:00,dhamra_in,Dhamra,India,destination,20.7833,86.95,weather,3.6,6.5,210,0.0,6260.0,1007.0
2026-09-07T15:00,dhamra_in,Dhamra,India,destination,20.7833,86.95,weather,4.3,7.2,208,0.0,9320.0,1008.0
2026-09-07T16:00,dhamra_in,Dhamra,India,destination,20.7833,86.95,weather,6.4,10.4,223,0.0,9500.0,1008.2
2026-09-07T17:00,dhamra_in,Dhamra,India,destination,20.7833,86.95,weather,6.8,11.5,217,0.0,9520.0,1008.1
2026-09-07T18:00,dhamra_in,Dhamra,India,destination,20.7833,86.95,weather,7.3,12.2,220,0.0,9580.0,1007.5
2026-09-07T19:00,dhamra_in,Dhamra,India,destination,20.7833,86.95,weather,9.2,15.1,222,0.0,9600.0,1006.8
2026-09-07T20:00,dhamra_in,Dhamra,India,destination,20.7833,86.95,weather,10.2,17.3,229,0.0,9600.0,1006.1
2026-09-07T21:00,dhamra_in,Dhamra,India,destination,20.7833,86.95,weather,11.0,18.4,240,0.0,9600.0,1005.1
2026-09-07T22:00,dhamra_in,Dhamra,India,destination,20.7833,86.95,weather,9.7,18.7,245,0.0,9580.0,1004.8
2026-09-07T23:00,dhamra_in,Dhamra,India,destination,20.7833,86.95,weather,8.1,16.2,241,0.0,9580.0,1004.9
2026-09-08T00:00,dhamra_in,Dhamra,India,destination,20.7833,86.95,weather,6.7,13.7,250,0.0,9580.0,1005.6
2026-09-08T01:00,dhamra_in,Dhamra,India,destination,20.7833,86.95,weather,8.6,15.1,248,0.0,9580.0,1006.6
2026-09-08T02:00,dhamra_in,Dhamra,India,destination,20.7833,86.95,weather,7.3,15.5,242,0.0,13040.0,1007.8
2026-09-08T03:00,dhamra_in,Dhamra,India,destination,20.7833,86.95,weather,10.9,22.3,248,0.0,15020.0,1008.0
2026-09-08T04:00,dhamra_in,Dhamra,India,destination,20.7833,86.95,weather,11.2,24.5,258,0.0,15020.0,1008.1
2026-09-08T05:00,dhamra_in,Dhamra,India,destination,20.7833,86.95,weather,11.8,25.9,276,0.1,16740.0,1007.4
2026-09-08T06:00,dhamra_in,Dhamra,India,destination,20.7833,86.95,weather,9.9,25.9,282,0.1,16720.0,1006.6
2026-09-08T07:00,dhamra_in,Dhamra,India,destination,20.7833,86.95,weather,10.1,24.1,264,0.0,16720.0,1005.2
2026-09-08T08:00,dhamra_in,Dhamra,India,destination,20.7833,86.95,weather,5.5,23.8,261,0.1,5180.0,1003.9
2026-09-08T09:00,dhamra_in,Dhamra,India,destination,20.7833,86.95,weather,2.9,16.9,210,0.6,3440.0,1002.2
2026-09-08T10:00,dhamra_in,Dhamra,India,destination,20.7833,86.95,weather,1.6,14.0,96,0.4,9560.0,1002.6
2026-09-08T11:00,dhamra_in,Dhamra,India,destination,20.7833,86.95,weather,15.5,27.7,270,6.3,1540.0,1004.5
2026-09-08T12:00,dhamra_in,Dhamra,India,destination,20.7833,86.95,weather,7.6,27.7,275,2.4,2640.0,1003.6
2026-09-08T13:00,dhamra_in,Dhamra,India,destination,20.7833,86.95,weather,4.3,14.4,248,0.7,4600.0,1004.7
2026-09-08T14:00,dhamra_in,Dhamra,India,destination,20.7833,86.95,weather,3.6,9.7,243,0.1,7860.0,1005.7
2026-09-08T15:00,dhamra_in,Dhamra,India,destination,20.7833,86.95,weather,4.2,7.6,211,0.0,9540.0,1006.6
2026-09-08T16:00,dhamra_in,Dhamra,India,destination,20.7833,86.95,weather,6.9,11.9,205,0.0,6560.0,1007.1
2026-09-08T17:00,dhamra_in,Dhamra,India,destination,20.7833,86.95,weather,8.9,14.8,222,0.0,6580.0,1006.8
2026-09-08T18:00,dhamra_in,Dhamra,India,destination,20.7833,86.95,weather,8.3,15.1,231,0.0,6580.0,1006.5
2026-09-08T19:00,dhamra_in,Dhamra,India,destination,20.7833,86.95,weather,9.6,15.1,208,0.0,6440.0,1006.2
2026-09-08T20:00,dhamra_in,Dhamra,India,destination,20.7833,86.95,weather,9.7,20.2,227,0.0,6500.0,1005.1
2026-09-08T21:00,dhamra_in,Dhamra,India,destination,20.7833,86.95,weather,8.9,15.8,222,0.0,6580.0,1004.5
2026-09-08T22:00,dhamra_in,Dhamra,India,destination,20.7833,86.95,weather,8.0,14.8,232,0.0,6560.0,1004.2
2026-09-08T23:00,dhamra_in,Dhamra,India,destination,20.7833,86.95,weather,8.2,13.0,248,0.0,6560.0,1004.5
2026-09-09T00:00,dhamra_in,Dhamra,India,destination,20.7833,86.95,weather,9.0,14.0,282,0.0,5940.0,1005.1
2026-09-09T01:00,dhamra_in,Dhamra,India,destination,20.7833,86.95,weather,0.5,16.2,180,0.5,4800.0,1005.3
2026-09-09T02:00,dhamra_in,Dhamra,India,destination,20.7833,86.95,weather,6.0,13.0,265,0.0,9360.0,1006.3
2026-09-09T03:00,dhamra_in,Dhamra,India,destination,20.7833,86.95,weather,7.8,20.2,310,0.0,12940.0,1006.9
2026-09-09T04:00,dhamra_in,Dhamra,India,destination,20.7833,86.95,weather,5.7,20.5,349,0.1,12940.0,1007.1
2026-09-09T05:00,dhamra_in,Dhamra,India,destination,20.7833,86.95,weather,8.8,24.1,23,0.1,9380.0,1006.4
2026-09-09T06:00,dhamra_in,Dhamra,India,destination,20.7833,86.95,weather,8.9,25.2,43,0.1,12600.0,1005.8
2026-09-09T07:00,dhamra_in,Dhamra,India,destination,20.7833,86.95,weather,9.1,25.9,58,1.2,4660.0,1004.6
2026-09-09T08:00,dhamra_in,Dhamra,India,destination,20.7833,86.95,weather,7.5,24.8,80,1.3,5560.0,1003.4
2026-09-09T09:00,dhamra_in,Dhamra,India,destination,20.7833,86.95,weather,9.7,22.0,179,0.3,4560.0,1002.8
2026-09-09T10:00,dhamra_in,Dhamra,India,destination,20.7833,86.95,weather,7.0,24.5,209,2.1,4740.0,1002.1
2026-09-09T11:00,dhamra_in,Dhamra,India,destination,20.7833,86.95,weather,5.4,18.0,201,0.1,8280.0,1002.1
2026-09-09T12:00,dhamra_in,Dhamra,India,destination,20.7833,86.95,weather,8.1,15.1,249,0.0,9960.0,1003.0
2026-09-09T13:00,dhamra_in,Dhamra,India,destination,20.7833,86.95,weather,5.4,14.8,240,0.0,9120.0,1004.1
2026-09-09T14:00,dhamra_in,Dhamra,India,destination,20.7833,86.95,weather,6.0,10.1,245,0.0,6700.0,1005.4
2026-09-09T15:00,dhamra_in,Dhamra,India,destination,20.7833,86.95,weather,5.6,11.2,237,0.0,8440.0,1006.3
2026-09-09T16:00,dhamra_in,Dhamra,India,destination,20.7833,86.95,weather,3.7,10.1,256,0.0,9240.0,1007.0
2026-09-09T17:00,dhamra_in,Dhamra,India,destination,20.7833,86.95,weather,4.1,7.6,225,0.0,6520.0,1006.7
2026-09-09T18:00,dhamra_in,Dhamra,India,destination,20.7833,86.95,weather,4.3,7.9,228,0.0,6520.0,1006.0
2026-09-09T19:00,dhamra_in,Dhamra,India,destination,20.7833,86.95,weather,4.8,9.4,241,0.0,6520.0,1005.2
2026-09-09T20:00,dhamra_in,Dhamra,India,destination,20.7833,86.95,weather,11.0,19.1,190,1.3,900.0,1005.4
2026-09-09T21:00,dhamra_in,Dhamra,India,destination,20.7833,86.95,weather,8.1,20.5,252,2.7,2720.0,1004.5
2026-09-09T22:00,dhamra_in,Dhamra,India,destination,20.7833,86.95,weather,4.4,15.1,251,0.6,3500.0,1004.3
2026-09-09T23:00,dhamra_in,Dhamra,India,destination,20.7833,86.95,weather,4.3,10.4,285,0.2,4340.0,1004.6
2026-09-10T00:00,dhamra_in,Dhamra,India,destination,20.7833,86.95,weather,6.8,12.2,259,3.2,1860.0,1005.6
2026-09-10T01:00,dhamra_in,Dhamra,India,destination,20.7833,86.95,weather,8.8,15.8,309,4.1,2380.0,1005.9
2026-09-10T02:00,dhamra_in,Dhamra,India,destination,20.7833,86.95,weather,7.8,17.3,278,0.9,4300.0,1006.6
2026-09-10T03:00,dhamra_in,Dhamra,India,destination,20.7833,86.95,weather,7.3,18.0,295,0.2,7480.0,1007.1
2026-09-10T04:00,dhamra_in,Dhamra,India,destination,20.7833,86.95,weather,7.4,17.6,357,0.0,7560.0,1007.2
2026-09-10T05:00,dhamra_in,Dhamra,India,destination,20.7833,86.95,weather,7.5,18.4,46,0.2,5000.0,1007.1
2026-09-10T06:00,dhamra_in,Dhamra,India,destination,20.7833,86.95,weather,8.4,20.5,45,0.2,7960.0,1006.3
2026-09-10T07:00,dhamra_in,Dhamra,India,destination,20.7833,86.95,weather,8.7,21.2,47,0.1,8520.0,1005.2
2026-09-10T08:00,dhamra_in,Dhamra,India,destination,20.7833,86.95,weather,8.6,21.6,68,3.0,2620.0,1003.8
2026-09-10T09:00,dhamra_in,Dhamra,India,destination,20.7833,86.95,weather,6.9,19.1,143,1.4,4120.0,1003.1
2026-09-10T10:00,dhamra_in,Dhamra,India,destination,20.7833,86.95,weather,8.1,18.7,163,0.7,6320.0,1002.2
2026-09-10T11:00,dhamra_in,Dhamra,India,destination,20.7833,86.95,weather,10.4,21.2,165,0.4,5980.0,1002.5
2026-09-10T12:00,dhamra_in,Dhamra,India,destination,20.7833,86.95,weather,8.4,20.2,171,0.1,7800.0,1003.1
2026-09-10T13:00,dhamra_in,Dhamra,India,destination,20.7833,86.95,weather,5.3,14.0,225,0.5,5220.0,1004.8
2026-09-10T14:00,dhamra_in,Dhamra,India,destination,20.7833,86.95,weather,0.6,11.2,342,0.8,4880.0,1005.8
2026-09-10T15:00,dhamra_in,Dhamra,India,destination,20.7833,86.95,weather,5.6,11.9,295,0.4,3780.0,1006.9
2026-09-10T16:00,dhamra_in,Dhamra,India,destination,20.7833,86.95,weather,1.1,9.7,288,0.2,4560.0,1007.0
2026-09-10T17:00,dhamra_in,Dhamra,India,destination,20.7833,86.95,weather,3.3,8.6,276,0.2,600.0,1007.0
2026-09-10T18:00,dhamra_in,Dhamra,India,destination,20.7833,86.95,weather,3.6,6.8,174,0.6,1560.0,1006.6
2026-09-10T19:00,dhamra_in,Dhamra,India,destination,20.7833,86.95,weather,7.9,14.0,309,2.2,3660.0,1006.1
2026-09-10T20:00,dhamra_in,Dhamra,India,destination,20.7833,86.95,weather,5.6,14.4,31,0.4,2300.0,1005.1
2026-09-10T21:00,dhamra_in,Dhamra,India,destination,20.7833,86.95,weather,2.2,11.5,351,0.2,3240.0,1004.8
2026-09-10T22:00,dhamra_in,Dhamra,India,destination,20.7833,86.95,weather,3.9,9.0,317,0.4,3300.0,1005.0
2026-09-10T23:00,dhamra_in,Dhamra,India,destination,20.7833,86.95,weather,1.3,7.9,315,0.3,3860.0,1005.2
2026-09-11T00:00,dhamra_in,Dhamra,India,destination,20.7833,86.95,weather,2.1,4.3,232,0.2,4260.0,1005.6
2026-09-11T01:00,dhamra_in,Dhamra,India,destination,20.7833,86.95,weather,2.0,6.8,185,0.6,4040.0,1006.4
2026-09-11T02:00,dhamra_in,Dhamra,India,destination,20.7833,86.95,weather,3.2,11.2,137,0.6,3800.0,1007.5
2026-09-11T03:00,dhamra_in,Dhamra,India,destination,20.7833,86.95,weather,5.7,16.2,118,0.6,3580.0,1008.1
2026-09-11T04:00,dhamra_in,Dhamra,India,destination,20.7833,86.95,weather,9.1,22.0,107,0.2,4520.0,1008.0
2026-09-11T05:00,dhamra_in,Dhamra,India,destination,20.7833,86.95,weather,13.1,28.1,102,0.2,5480.0,1007.6
2026-09-11T06:00,dhamra_in,Dhamra,India,destination,20.7833,86.95,weather,16.0,33.1,101,0.2,6420.0,1006.9
2026-09-11T07:00,dhamra_in,Dhamra,India,destination,20.7833,86.95,weather,17.2,36.0,105,0.4,6580.0,1005.9
2026-09-11T08:00,dhamra_in,Dhamra,India,destination,20.7833,86.95,weather,17.6,37.1,112,0.4,6760.0,1004.6
2026-09-11T09:00,dhamra_in,Dhamra,India,destination,20.7833,86.95,weather,17.5,37.8,118,0.4,6920.0,1003.8
2026-09-11T10:00,dhamra_in,Dhamra,India,destination,20.7833,86.95,weather,16.4,37.8,123,0.4,6040.0,1003.6
2026-09-11T11:00,dhamra_in,Dhamra,India,destination,20.7833,86.95,weather,14.6,37.1,130,0.4,5180.0,1003.8
2026-09-11T12:00,dhamra_in,Dhamra,India,destination,20.7833,86.95,weather,13.0,35.3,136,0.4,4300.0,1004.3
2026-09-11T13:00,dhamra_in,Dhamra,India,destination,20.7833,86.95,weather,11.4,31.3,139,0.1,4820.0,1005.2
2026-09-11T14:00,dhamra_in,Dhamra,India,destination,20.7833,86.95,weather,9.6,25.9,140,0.1,5320.0,1006.4
2026-09-11T15:00,dhamra_in,Dhamra,India,destination,20.7833,86.95,weather,8.1,21.6,143,0.1,5840.0,1007.2
2026-09-11T16:00,dhamra_in,Dhamra,India,destination,20.7833,86.95,weather,7.7,19.1,150,0.4,4640.0,1007.5
2026-09-11T17:00,dhamra_in,Dhamra,India,destination,20.7833,86.95,weather,7.7,17.6,159,0.4,3460.0,1007.5
2026-09-11T18:00,dhamra_in,Dhamra,India,destination,20.7833,86.95,weather,7.5,16.2,165,0.4,2260.0,1007.3
2026-09-11T19:00,dhamra_in,Dhamra,India,destination,20.7833,86.95,weather,6.1,15.1,166,0.5,3560.0,1006.8
2026-09-11T20:00,dhamra_in,Dhamra,India,destination,20.7833,86.95,weather,4.3,14.4,165,0.5,4880.0,1006.2
2026-09-11T21:00,dhamra_in,Dhamra,India,destination,20.7833,86.95,weather,2.7,13.0,160,0.5,6180.0,1005.8
2026-09-11T22:00,dhamra_in,Dhamra,India,destination,20.7833,86.95,weather,1.2,9.7,141,0.2,5500.0,1005.8
2026-09-11T23:00,dhamra_in,Dhamra,India,destination,20.7833,86.95,weather,1.2,6.5,51,0.2,4800.0,1006.0
2026-09-12T00:00,dhamra_in,Dhamra,India,destination,20.7833,86.95,weather,2.3,6.1,61,0.2,4120.0,1006.4
2026-09-12T01:00,dhamra_in,Dhamra,India,destination,20.7833,86.95,weather,4.9,11.9,96,0.9,4360.0,1007.3
2026-09-12T02:00,dhamra_in,Dhamra,India,destination,20.7833,86.95,weather,9.1,20.5,112,0.9,4600.0,1008.3
2026-09-12T03:00,dhamra_in,Dhamra,India,destination,20.7833,86.95,weather,12.7,27.7,115,0.9,4840.0,1009.0
2026-09-12T04:00,dhamra_in,Dhamra,India,destination,20.7833,86.95,weather,14.3,31.0,113,0.4,4960.0,1009.0
2026-09-12T05:00,dhamra_in,Dhamra,India,destination,20.7833,86.95,weather,15.1,32.8,110,0.4,5100.0,1008.5
2026-09-12T06:00,dhamra_in,Dhamra,India,destination,20.7833,86.95,weather,15.3,34.2,110,0.4,5220.0,1008.0
2026-09-12T07:00,dhamra_in,Dhamra,India,destination,20.7833,86.95,weather,15.1,35.6,116,0.5,6280.0,1007.3
2026-09-12T08:00,dhamra_in,Dhamra,India,destination,20.7833,86.95,weather,14.6,36.7,125,0.5,7340.0,1006.5
2026-09-12T09:00,dhamra_in,Dhamra,India,destination,20.7833,86.95,weather,14.3,37.1,133,0.5,8400.0,1005.9
2026-09-12T10:00,dhamra_in,Dhamra,India,destination,20.7833,86.95,weather,13.5,36.0,135,0.5,7780.0,1005.5
2026-09-12T11:00,dhamra_in,Dhamra,India,destination,20.7833,86.95,weather,12.6,33.8,134,0.5,7140.0,1005.3
2026-09-12T12:00,dhamra_in,Dhamra,India,destination,20.7833,86.95,weather,11.7,31.3,135,0.5,6520.0,1005.5
2026-09-12T13:00,dhamra_in,Dhamra,India,destination,20.7833,86.95,weather,11.3,27.7,138,0.1,6920.0,1006.3
2026-09-12T14:00,dhamra_in,Dhamra,India,destination,20.7833,86.95,weather,11.3,23.8,141,0.1,7340.0,1007.6
2026-09-12T15:00,dhamra_in,Dhamra,India,destination,20.7833,86.95,weather,10.7,20.5,145,0.1,7740.0,1008.5
2026-09-12T16:00,dhamra_in,Dhamra,India,destination,20.7833,86.95,weather,9.4,19.1,150,0.2,7640.0,1008.9
2026-09-12T17:00,dhamra_in,Dhamra,India,destination,20.7833,86.95,weather,7.7,18.7,156,0.2,7540.0,1009.1
2026-09-12T18:00,dhamra_in,Dhamra,India,destination,20.7833,86.95,weather,5.8,17.6,164,0.2,7440.0,1009.1
2026-09-12T19:00,dhamra_in,Dhamra,India,destination,20.7833,86.95,weather,3.3,14.8,174,0.2,7200.0,1008.9
2026-09-12T20:00,dhamra_in,Dhamra,India,destination,20.7833,86.95,weather,0.9,11.2,217,0.2,6940.0,1008.5
2026-09-12T21:00,dhamra_in,Dhamra,India,destination,20.7833,86.95,weather,1.1,9.0,351,0.2,6700.0,1008.2
2026-09-12T22:00,dhamra_in,Dhamra,India,destination,20.7833,86.95,weather,2.3,9.4,58,0.2,6320.0,1008.0
2026-09-12T23:00,dhamra_in,Dhamra,India,destination,20.7833,86.95,weather,5.4,11.5,82,0.2,5960.0,1008.0
2026-09-13T00:00,dhamra_in,Dhamra,India,destination,20.7833,86.95,weather,9.0,15.1,90,0.2,5580.0,1008.2
2026-09-13T01:00,dhamra_in,Dhamra,India,destination,20.7833,86.95,weather,12.8,21.6,92,0.3,4620.0,1008.9
2026-09-13T02:00,dhamra_in,Dhamra,India,destination,20.7833,86.95,weather,16.6,29.9,94,0.3,3680.0,1009.9
2026-09-13T03:00,dhamra_in,Dhamra,India,destination,20.7833,86.95,weather,19.7,37.1,94,0.3,2720.0,1010.5
2026-09-13T04:00,dhamra_in,Dhamra,India,destination,20.7833,86.95,weather,21.5,41.8,94,0.5,5960.0,1010.4
2026-09-13T05:00,dhamra_in,Dhamra,India,destination,20.7833,86.95,weather,22.6,45.0,95,0.5,9180.0,1010.0
2026-09-13T06:00,dhamra_in,Dhamra,India,destination,20.7833,86.95,weather,23.3,47.2,94,0.5,12420.0,1009.6
2026-09-13T07:00,dhamra_in,Dhamra,India,destination,20.7833,86.95,weather,19.9,43.2,115,0.3,5880.0,1009.7
2026-09-13T08:00,dhamra_in,Dhamra,India,destination,20.7833,86.95,weather,19.0,43.9,118,0.3,5680.0,1009.1
2026-09-13T09:00,dhamra_in,Dhamra,India,destination,20.7833,86.95,weather,17.8,43.6,122,0.3,5500.0,1008.5
2026-09-13T10:00,dhamra_in,Dhamra,India,destination,20.7833,86.95,weather,16.1,43.2,125,0.3,5300.0,1007.8
2026-09-13T11:00,dhamra_in,Dhamra,India,destination,20.7833,86.95,weather,14.5,41.8,129,0.3,5120.0,1007.3
2026-09-13T12:00,dhamra_in,Dhamra,India,destination,20.7833,86.95,weather,12.8,40.3,132,0.3,4920.0,1007.1
2026-09-13T13:00,dhamra_in,Dhamra,India,destination,20.7833,86.95,weather,10.4,37.8,132,0.0,5620.0,1007.2
2026-09-13T14:00,dhamra_in,Dhamra,India,destination,20.7833,86.95,weather,7.5,34.2,132,0.0,6340.0,1007.6
2026-09-13T15:00,dhamra_in,Dhamra,India,destination,20.7833,86.95,weather,4.4,30.2,125,0.0,7040.0,1008.1
2026-09-13T16:00,dhamra_in,Dhamra,India,destination,20.7833,86.95,weather,1.8,26.3,96,0.0,7740.0,1008.7
2026-09-13T17:00,dhamra_in,Dhamra,India,destination,20.7833,86.95,weather,2.1,23.0,20,0.0,8460.0,1009.2
2026-09-13T18:00,dhamra_in,Dhamra,India,destination,20.7833,86.95,weather,3.6,21.2,9,0.0,9160.0,1009.5
2026-09-13T19:00,dhamra_in,Dhamra,India,destination,20.7833,86.95,weather,4.8,20.9,20,0.6,8420.0,1009.6
2026-09-13T20:00,dhamra_in,Dhamra,India,destination,20.7833,86.95,weather,6.3,21.6,39,0.6,7700.0,1009.6
2026-09-13T21:00,dhamra_in,Dhamra,India,destination,20.7833,86.95,weather,8.5,23.0,54,0.6,6960.0,1009.5
2026-09-13T22:00,dhamra_in,Dhamra,India,destination,20.7833,86.95,weather,11.4,25.2,63,0.6,6220.0,1009.4
2026-09-13T23:00,dhamra_in,Dhamra,India,destination,20.7833,86.95,weather,14.0,27.4,68,0.6,5500.0,1009.2
2026-09-07T00:00,gangavaram_in,Gangavaram,India,destination,17.6231,83.2749,weather,6.8,14.4,245,0.0,17360.0,1008.9
2026-09-07T01:00,gangavaram_in,Gangavaram,India,destination,17.6231,83.2749,weather,7.4,15.8,247,0.0,17360.0,1009.1
2026-09-07T02:00,gangavaram_in,Gangavaram,India,destination,17.6231,83.2749,weather,6.1,16.9,240,0.0,17340.0,1009.6
2026-09-07T03:00,gangavaram_in,Gangavaram,India,destination,17.6231,83.2749,weather,7.1,20.9,249,0.0,19280.0,1009.7
2026-09-07T04:00,gangavaram_in,Gangavaram,India,destination,17.6231,83.2749,weather,7.3,22.3,237,0.0,21100.0,1009.7
2026-09-07T05:00,gangavaram_in,Gangavaram,India,destination,17.6231,83.2749,weather,11.3,28.8,217,0.1,5020.0,1009.6
2026-09-07T06:00,gangavaram_in,Gangavaram,India,destination,17.6231,83.2749,weather,16.3,40.0,213,0.2,5420.0,1008.4
2026-09-07T07:00,gangavaram_in,Gangavaram,India,destination,17.6231,83.2749,weather,20.1,46.4,217,0.5,7520.0,1007.7
2026-09-07T08:00,gangavaram_in,Gangavaram,India,destination,17.6231,83.2749,weather,24.1,53.6,212,0.2,8900.0,1006.2
2026-09-07T09:00,gangavaram_in,Gangavaram,India,destination,17.6231,83.2749,weather,25.6,56.2,212,0.1,11740.0,1005.2
2026-09-07T10:00,gangavaram_in,Gangavaram,India,destination,17.6231,83.2749,weather,22.6,55.8,210,0.0,21080.0,1004.8
2026-09-07T11:00,gangavaram_in,Gangavaram,India,destination,17.6231,83.2749,weather,19.4,49.3,206,0.0,19240.0,1004.9
2026-09-07T12:00,gangavaram_in,Gangavaram,India,destination,17.6231,83.2749,weather,15.5,42.1,205,0.0,16020.0,1005.3
2026-09-07T13:00,gangavaram_in,Gangavaram,India,destination,17.6231,83.2749,weather,13.6,33.8,208,0.0,15460.0,1006.5
2026-09-07T14:00,gangavaram_in,Gangavaram,India,destination,17.6231,83.2749,weather,13.4,28.1,207,0.0,17300.0,1007.4
2026-09-07T15:00,gangavaram_in,Gangavaram,India,destination,17.6231,83.2749,weather,12.9,27.0,207,0.0,15080.0,1008.3
2026-09-07T16:00,gangavaram_in,Gangavaram,India,destination,17.6231,83.2749,weather,13.4,26.3,216,0.0,13340.0,1009.0
2026-09-07T17:00,gangavaram_in,Gangavaram,India,destination,17.6231,83.2749,weather,12.5,26.3,229,0.0,15060.0,1009.1
2026-09-07T18:00,gangavaram_in,Gangavaram,India,destination,17.6231,83.2749,weather,11.0,25.2,238,0.0,17280.0,1008.6
2026-09-07T19:00,gangavaram_in,Gangavaram,India,destination,17.6231,83.2749,weather,10.6,20.9,242,0.0,17260.0,1007.9
2026-09-07T20:00,gangavaram_in,Gangavaram,India,destination,17.6231,83.2749,weather,9.6,19.8,249,0.0,17260.0,1007.3
2026-09-07T21:00,gangavaram_in,Gangavaram,India,destination,17.6231,83.2749,weather,9.7,18.0,248,0.0,17260.0,1006.6
2026-09-07T22:00,gangavaram_in,Gangavaram,India,destination,17.6231,83.2749,weather,11.4,20.9,241,0.0,17260.0,1006.2
2026-09-07T23:00,gangavaram_in,Gangavaram,India,destination,17.6231,83.2749,weather,13.1,24.5,240,0.0,15040.0,1006.0
2026-09-08T00:00,gangavaram_in,Gangavaram,India,destination,17.6231,83.2749,weather,13.5,26.3,240,0.0,15040.0,1006.5
2026-09-08T01:00,gangavaram_in,Gangavaram,India,destination,17.6231,83.2749,weather,15.1,31.3,244,0.0,17240.0,1007.4
2026-09-08T02:00,gangavaram_in,Gangavaram,India,destination,17.6231,83.2749,weather,16.0,34.9,247,0.0,17240.0,1008.7
2026-09-08T03:00,gangavaram_in,Gangavaram,India,destination,17.6231,83.2749,weather,17.5,39.6,242,0.0,19160.0,1009.2
2026-09-08T04:00,gangavaram_in,Gangavaram,India,destination,17.6231,83.2749,weather,17.0,40.0,242,0.0,19160.0,1009.2
2026-09-08T05:00,gangavaram_in,Gangavaram,India,destination,17.6231,83.2749,weather,16.8,41.4,242,0.0,20980.0,1008.7
2026-09-08T06:00,gangavaram_in,Gangavaram,India,destination,17.6231,83.2749,weather,15.7,40.3,234,0.0,20960.0,1007.9
2026-09-08T07:00,gangavaram_in,Gangavaram,India,destination,17.6231,83.2749,weather,13.6,39.2,233,0.0,20960.0,1006.5
2026-09-08T08:00,gangavaram_in,Gangavaram,India,destination,17.6231,83.2749,weather,8.8,35.6,287,0.9,4440.0,1006.1
2026-09-08T09:00,gangavaram_in,Gangavaram,India,destination,17.6231,83.2749,weather,6.4,25.6,220,0.2,14760.0,1004.6
2026-09-08T10:00,gangavaram_in,Gangavaram,India,destination,17.6231,83.2749,weather,14.5,38.5,225,0.1,6700.0,1004.0
2026-09-08T11:00,gangavaram_in,Gangavaram,India,destination,17.6231,83.2749,weather,12.9,34.6,228,0.2,9880.0,1004.0
2026-09-08T12:00,gangavaram_in,Gangavaram,India,destination,17.6231,83.2749,weather,10.7,30.6,220,0.0,17220.0,1004.1
2026-09-08T13:00,gangavaram_in,Gangavaram,India,destination,17.6231,83.2749,weather,8.7,23.4,218,0.0,17180.0,1005.2
2026-09-08T14:00,gangavaram_in,Gangavaram,India,destination,17.6231,83.2749,weather,7.6,18.0,208,0.0,17180.0,1006.1
2026-09-08T15:00,gangavaram_in,Gangavaram,India,destination,17.6231,83.2749,weather,8.0,16.2,214,0.0,17180.0,1007.0
2026-09-08T16:00,gangavaram_in,Gangavaram,India,destination,17.6231,83.2749,weather,8.0,17.6,232,0.0,17180.0,1007.6
2026-09-08T17:00,gangavaram_in,Gangavaram,India,destination,17.6231,83.2749,weather,8.3,15.8,252,0.0,17160.0,1007.7
2026-09-08T18:00,gangavaram_in,Gangavaram,India,destination,17.6231,83.2749,weather,7.6,15.8,273,0.0,17160.0,1007.3
2026-09-08T19:00,gangavaram_in,Gangavaram,India,destination,17.6231,83.2749,weather,6.9,14.4,277,0.0,17160.0,1006.8
2026-09-08T20:00,gangavaram_in,Gangavaram,India,destination,17.6231,83.2749,weather,7.2,13.7,267,0.0,17160.0,1006.2
2026-09-08T21:00,gangavaram_in,Gangavaram,India,destination,17.6231,83.2749,weather,6.0,13.7,273,0.0,17160.0,1005.4
2026-09-08T22:00,gangavaram_in,Gangavaram,India,destination,17.6231,83.2749,weather,5.2,11.2,268,0.0,17140.0,1004.9
2026-09-08T23:00,gangavaram_in,Gangavaram,India,destination,17.6231,83.2749,weather,5.2,10.4,264,0.0,17140.0,1005.1
2026-09-09T00:00,gangavaram_in,Gangavaram,India,destination,17.6231,83.2749,weather,6.3,12.2,257,0.0,14940.0,1006.0
2026-09-09T01:00,gangavaram_in,Gangavaram,India,destination,17.6231,83.2749,weather,4.5,11.9,293,0.0,17140.0,1006.3
2026-09-09T02:00,gangavaram_in,Gangavaram,India,destination,17.6231,83.2749,weather,5.9,16.2,281,0.0,17120.0,1006.9
2026-09-09T03:00,gangavaram_in,Gangavaram,India,destination,17.6231,83.2749,weather,5.1,18.7,288,0.0,19040.0,1007.4
2026-09-09T04:00,gangavaram_in,Gangavaram,India,destination,17.6231,83.2749,weather,5.1,20.2,216,0.0,20860.0,1007.7
2026-09-09T05:00,gangavaram_in,Gangavaram,India,destination,17.6231,83.2749,weather,6.1,23.0,192,0.0,20840.0,1007.3
2026-09-09T06:00,gangavaram_in,Gangavaram,India,destination,17.6231,83.2749,weather,11.8,33.5,187,0.0,19040.0,1006.7
2026-09-09T07:00,gangavaram_in,Gangavaram,India,destination,17.6231,83.2749,weather,13.6,36.7,185,0.1,19020.0,1005.9
2026-09-09T08:00,gangavaram_in,Gangavaram,India,destination,17.6231,83.2749,weather,12.4,35.6,190,0.2,7340.0,1004.8
2026-09-09T09:00,gangavaram_in,Gangavaram,India,destination,17.6231,83.2749,weather,12.9,32.8,205,0.2,7780.0,1003.8
2026-09-09T10:00,gangavaram_in,Gangavaram,India,destination,17.6231,83.2749,weather,11.7,31.7,229,0.1,10000.0,1003.1
2026-09-09T11:00,gangavaram_in,Gangavaram,India,destination,17.6231,83.2749,weather,8.4,28.4,228,0.0,16560.0,1002.9
2026-09-09T12:00,gangavaram_in,Gangavaram,India,destination,17.6231,83.2749,weather,9.2,22.0,225,0.0,19000.0,1003.4
2026-09-09T13:00,gangavaram_in,Gangavaram,India,destination,17.6231,83.2749,weather,9.6,20.9,221,0.0,17080.0,1004.5
2026-09-09T14:00,gangavaram_in,Gangavaram,India,destination,17.6231,83.2749,weather,11.0,23.0,222,0.0,17080.0,1005.6
2026-09-09T15:00,gangavaram_in,Gangavaram,India,destination,17.6231,83.2749,weather,9.0,23.0,226,0.0,14880.0,1006.6
2026-09-09T16:00,gangavaram_in,Gangavaram,India,destination,17.6231,83.2749,weather,6.2,18.4,221,0.0,14880.0,1007.2
2026-09-09T17:00,gangavaram_in,Gangavaram,India,destination,17.6231,83.2749,weather,4.9,13.0,204,0.0,13140.0,1007.1
2026-09-09T18:00,gangavaram_in,Gangavaram,India,destination,17.6231,83.2749,weather,4.0,10.8,210,0.0,13140.0,1006.5
2026-09-09T19:00,gangavaram_in,Gangavaram,India,destination,17.6231,83.2749,weather,2.9,8.3,270,0.0,11060.0,1005.9
2026-09-09T20:00,gangavaram_in,Gangavaram,India,destination,17.6231,83.2749,weather,1.4,6.1,320,0.0,11060.0,1005.4
2026-09-09T21:00,gangavaram_in,Gangavaram,India,destination,17.6231,83.2749,weather,1.7,4.3,319,0.0,11060.0,1004.5
2026-09-09T22:00,gangavaram_in,Gangavaram,India,destination,17.6231,83.2749,weather,2.7,6.1,328,0.0,11040.0,1004.3
2026-09-09T23:00,gangavaram_in,Gangavaram,India,destination,17.6231,83.2749,weather,2.0,6.1,5,0.0,7800.0,1004.6
2026-09-10T00:00,gangavaram_in,Gangavaram,India,destination,17.6231,83.2749,weather,0.4,5.0,153,0.0,7640.0,1005.4
2026-09-10T01:00,gangavaram_in,Gangavaram,India,destination,17.6231,83.2749,weather,1.3,6.8,214,0.0,10920.0,1005.7
2026-09-10T02:00,gangavaram_in,Gangavaram,India,destination,17.6231,83.2749,weather,1.8,10.8,37,0.0,14840.0,1006.3
2026-09-10T03:00,gangavaram_in,Gangavaram,India,destination,17.6231,83.2749,weather,5.1,17.6,72,0.0,17020.0,1007.1
2026-09-10T04:00,gangavaram_in,Gangavaram,India,destination,17.6231,83.2749,weather,7.0,23.0,102,0.1,18920.0,1007.5
2026-09-10T05:00,gangavaram_in,Gangavaram,India,destination,17.6231,83.2749,weather,8.2,27.4,119,0.1,18920.0,1007.1
2026-09-10T06:00,gangavaram_in,Gangavaram,India,destination,17.6231,83.2749,weather,12.5,36.7,139,0.1,15780.0,1006.6
2026-09-10T07:00,gangavaram_in,Gangavaram,India,destination,17.6231,83.2749,weather,9.0,37.8,154,0.1,18900.0,1005.8
2026-09-10T08:00,gangavaram_in,Gangavaram,India,destination,17.6231,83.2749,weather,7.7,31.7,181,0.1,7240.0,1004.5
2026-09-10T09:00,gangavaram_in,Gangavaram,India,destination,17.6231,83.2749,weather,5.8,27.7,171,0.4,5980.0,1003.5
2026-09-10T10:00,gangavaram_in,Gangavaram,India,destination,17.6231,83.2749,weather,7.4,28.4,124,1.2,4360.0,1003.7
2026-09-10T11:00,gangavaram_in,Gangavaram,India,destination,17.6231,83.2749,weather,4.7,24.5,286,0.5,4520.0,1003.5
2026-09-10T12:00,gangavaram_in,Gangavaram,India,destination,17.6231,83.2749,weather,2.4,14.8,253,0.4,5900.0,1003.3
2026-09-10T13:00,gangavaram_in,Gangavaram,India,destination,17.6231,83.2749,weather,0.7,9.4,346,0.1,13320.0,1004.6
2026-09-10T14:00,gangavaram_in,Gangavaram,India,destination,17.6231,83.2749,weather,2.7,6.8,293,0.0,12940.0,1006.1
2026-09-10T15:00,gangavaram_in,Gangavaram,India,destination,17.6231,83.2749,weather,4.5,9.7,299,0.0,12940.0,1007.1
2026-09-10T16:00,gangavaram_in,Gangavaram,India,destination,17.6231,83.2749,weather,3.3,10.1,299,0.0,13060.0,1007.6
2026-09-10T17:00,gangavaram_in,Gangavaram,India,destination,17.6231,83.2749,weather,1.3,7.2,326,0.0,9760.0,1007.0
2026-09-10T18:00,gangavaram_in,Gangavaram,India,destination,17.6231,83.2749,weather,3.9,8.3,286,0.0,11820.0,1006.3
2026-09-10T19:00,gangavaram_in,Gangavaram,India,destination,17.6231,83.2749,weather,1.9,10.4,311,0.0,12300.0,1005.8
2026-09-10T20:00,gangavaram_in,Gangavaram,India,destination,17.6231,83.2749,weather,1.6,5.0,297,0.0,12780.0,1004.9
2026-09-10T21:00,gangavaram_in,Gangavaram,India,destination,17.6231,83.2749,weather,2.2,5.4,81,0.0,12960.0,1004.5
2026-09-10T22:00,gangavaram_in,Gangavaram,India,destination,17.6231,83.2749,weather,1.8,5.4,53,0.0,10960.0,1004.4
2026-09-10T23:00,gangavaram_in,Gangavaram,India,destination,17.6231,83.2749,weather,1.4,4.0,23,0.0,10960.0,1004.4
2026-09-11T00:00,gangavaram_in,Gangavaram,India,destination,17.6231,83.2749,weather,0.9,3.2,11,0.0,10960.0,1004.7
2026-09-11T01:00,gangavaram_in,Gangavaram,India,destination,17.6231,83.2749,weather,0.2,5.4,360,0.0,11840.0,1005.4
2026-09-11T02:00,gangavaram_in,Gangavaram,India,destination,17.6231,83.2749,weather,0.9,9.0,180,0.0,12740.0,1006.4
2026-09-11T03:00,gangavaram_in,Gangavaram,India,destination,17.6231,83.2749,weather,1.9,13.0,151,0.0,13620.0,1007.1
2026-09-11T04:00,gangavaram_in,Gangavaram,India,destination,17.6231,83.2749,weather,3.6,18.0,110,1.3,9920.0,1007.2
2026-09-11T05:00,gangavaram_in,Gangavaram,India,destination,17.6231,83.2749,weather,6.9,23.8,95,1.3,6240.0,1007.0
2026-09-11T06:00,gangavaram_in,Gangavaram,India,destination,17.6231,83.2749,weather,8.8,27.4,89,1.3,2540.0,1006.6
2026-09-11T07:00,gangavaram_in,Gangavaram,India,destination,17.6231,83.2749,weather,8.1,27.7,84,0.7,3340.0,1005.8
2026-09-11T08:00,gangavaram_in,Gangavaram,India,destination,17.6231,83.2749,weather,6.3,26.3,77,0.7,4140.0,1004.8
2026-09-11T09:00,gangavaram_in,Gangavaram,India,destination,17.6231,83.2749,weather,4.9,24.5,73,0.7,4940.0,1004.0
2026-09-11T10:00,gangavaram_in,Gangavaram,India,destination,17.6231,83.2749,weather,5.2,22.3,88,0.1,6540.0,1003.5
2026-09-11T11:00,gangavaram_in,Gangavaram,India,destination,17.6231,83.2749,weather,6.7,19.8,106,0.1,8140.0,1003.3
2026-09-11T12:00,gangavaram_in,Gangavaram,India,destination,17.6231,83.2749,weather,7.5,18.0,114,0.1,9740.0,1003.5
2026-09-11T13:00,gangavaram_in,Gangavaram,India,destination,17.6231,83.2749,weather,5.9,18.0,121,0.1,8380.0,1004.4
2026-09-11T14:00,gangavaram_in,Gangavaram,India,destination,17.6231,83.2749,weather,3.3,19.1,135,0.1,7040.0,1005.7
2026-09-11T15:00,gangavaram_in,Gangavaram,India,destination,17.6231,83.2749,weather,1.3,19.1,172,0.1,5680.0,1006.7
2026-09-11T16:00,gangavaram_in,Gangavaram,India,destination,17.6231,83.2749,weather,0.9,16.9,281,1.3,4600.0,1007.1
2026-09-11T17:00,gangavaram_in,Gangavaram,India,destination,17.6231,83.2749,weather,2.6,13.7,321,1.3,3500.0,1007.2
2026-09-11T18:00,gangavaram_in,Gangavaram,India,destination,17.6231,83.2749,weather,4.0,11.2,330,1.3,2420.0,1007.0
2026-09-11T19:00,gangavaram_in,Gangavaram,India,destination,17.6231,83.2749,weather,5.0,10.8,334,0.2,2760.0,1006.2
2026-09-11T20:00,gangavaram_in,Gangavaram,India,destination,17.6231,83.2749,weather,5.8,11.2,338,0.2,3100.0,1005.1
2026-09-11T21:00,gangavaram_in,Gangavaram,India,destination,17.6231,83.2749,weather,6.1,11.5,341,0.2,3440.0,1004.4
2026-09-11T22:00,gangavaram_in,Gangavaram,India,destination,17.6231,83.2749,weather,5.4,11.5,340,0.0,3460.0,1004.4
2026-09-11T23:00,gangavaram_in,Gangavaram,India,destination,17.6231,83.2749,weather,4.2,11.5,335,0.0,3500.0,1004.8
2026-09-12T00:00,gangavaram_in,Gangavaram,India,destination,17.6231,83.2749,weather,2.9,11.5,330,0.0,3520.0,1005.3
2026-09-12T01:00,gangavaram_in,Gangavaram,India,destination,17.6231,83.2749,weather,1.8,10.8,315,0.0,5900.0,1006.1
2026-09-12T02:00,gangavaram_in,Gangavaram,India,destination,17.6231,83.2749,weather,0.9,9.7,270,0.0,8280.0,1007.1
2026-09-12T03:00,gangavaram_in,Gangavaram,India,destination,17.6231,83.2749,weather,1.3,10.8,172,0.0,10660.0,1007.7
2026-09-12T04:00,gangavaram_in,Gangavaram,India,destination,17.6231,83.2749,weather,4.1,16.2,135,0.2,9600.0,1007.7
2026-09-12T05:00,gangavaram_in,Gangavaram,India,destination,17.6231,83.2749,weather,7.8,23.4,124,0.2,8560.0,1007.3
2026-09-12T06:00,gangavaram_in,Gangavaram,India,destination,17.6231,83.2749,weather,10.6,29.2,122,0.2,7500.0,1006.8
2026-09-12T07:00,gangavaram_in,Gangavaram,India,destination,17.6231,83.2749,weather,11.4,31.3,123,0.1,7100.0,1006.0
2026-09-12T08:00,gangavaram_in,Gangavaram,India,destination,17.6231,83.2749,weather,11.2,31.7,127,0.1,6680.0,1005.1
2026-09-12T09:00,gangavaram_in,Gangavaram,India,destination,17.6231,83.2749,weather,10.0,31.3,129,0.1,6280.0,1004.5
2026-09-12T10:00,gangavaram_in,Gangavaram,India,destination,17.6231,83.2749,weather,7.4,30.6,131,0.2,5660.0,1004.4
2026-09-12T11:00,gangavaram_in,Gangavaram,India,destination,17.6231,83.2749,weather,3.8,29.2,131,0.2,5060.0,1004.6
2026-09-12T12:00,gangavaram_in,Gangavaram,India,destination,17.6231,83.2749,weather,0.6,27.0,108,0.2,4440.0,1005.1
2026-09-12T13:00,gangavaram_in,Gangavaram,India,destination,17.6231,83.2749,weather,2.6,23.0,344,0.1,5300.0,1005.9
2026-09-12T14:00,gangavaram_in,Gangavaram,India,destination,17.6231,83.2749,weather,5.5,18.4,343,0.1,6180.0,1007.0
2026-09-12T15:00,gangavaram_in,Gangavaram,India,destination,17.6231,83.2749,weather,7.3,15.1,343,0.1,7040.0,1007.8
2026-09-12T16:00,gangavaram_in,Gangavaram,India,destination,17.6231,83.2749,weather,7.4,14.4,342,0.0,8280.0,1008.1
2026-09-12T17:00,gangavaram_in,Gangavaram,India,destination,17.6231,83.2749,weather,6.2,14.8,339,0.0,9520.0,1008.2
2026-09-12T18:00,gangavaram_in,Gangavaram,India,destination,17.6231,83.2749,weather,5.0,15.1,339,0.0,10760.0,1008.1
2026-09-12T19:00,gangavaram_in,Gangavaram,India,destination,17.6231,83.2749,weather,4.0,14.4,339,0.1,8620.0,1007.7
2026-09-12T20:00,gangavaram_in,Gangavaram,India,destination,17.6231,83.2749,weather,3.0,13.0,343,0.1,6480.0,1007.0
2026-09-12T21:00,gangavaram_in,Gangavaram,India,destination,17.6231,83.2749,weather,2.4,11.9,351,0.1,4340.0,1006.6
2026-09-12T22:00,gangavaram_in,Gangavaram,India,destination,17.6231,83.2749,weather,2.7,10.1,4,0.3,4440.0,1006.4
2026-09-12T23:00,gangavaram_in,Gangavaram,India,destination,17.6231,83.2749,weather,3.5,8.6,15,0.3,4560.0,1006.5
2026-09-13T00:00,gangavaram_in,Gangavaram,India,destination,17.6231,83.2749,weather,4.6,9.0,26,0.3,4660.0,1006.8
2026-09-13T01:00,gangavaram_in,Gangavaram,India,destination,17.6231,83.2749,weather,6.2,13.0,36,0.1,4860.0,1007.6
2026-09-13T02:00,gangavaram_in,Gangavaram,India,destination,17.6231,83.2749,weather,8.2,19.1,41,0.1,5040.0,1008.8
2026-09-13T03:00,gangavaram_in,Gangavaram,India,destination,17.6231,83.2749,weather,9.2,23.8,48,0.1,5240.0,1009.5
2026-09-13T04:00,gangavaram_in,Gangavaram,India,destination,17.6231,83.2749,weather,9.0,25.9,61,0.2,5500.0,1009.4
2026-09-13T05:00,gangavaram_in,Gangavaram,India,destination,17.6231,83.2749,weather,8.6,26.6,79,0.2,5740.0,1009.0
2026-09-13T06:00,gangavaram_in,Gangavaram,India,destination,17.6231,83.2749,weather,9.0,27.0,92,0.2,6000.0,1008.6
2026-09-13T07:00,gangavaram_in,Gangavaram,India,destination,17.6231,83.2749,weather,12.7,36.7,54,0.4,6540.0,1008.3
2026-09-13T08:00,gangavaram_in,Gangavaram,India,destination,17.6231,83.2749,weather,12.7,38.5,52,0.4,6460.0,1007.8
2026-09-13T09:00,gangavaram_in,Gangavaram,India,destination,17.6231,83.2749,weather,12.0,39.6,51,0.4,6400.0,1007.3
2026-09-13T10:00,gangavaram_in,Gangavaram,India,destination,17.6231,83.2749,weather,11.2,40.3,49,0.4,6340.0,1006.7
2026-09-13T11:00,gangavaram_in,Gangavaram,India,destination,17.6231,83.2749,weather,10.3,40.7,46,0.4,6260.0,1006.2
2026-09-13T12:00,gangavaram_in,Gangavaram,India,destination,17.6231,83.2749,weather,9.7,40.0,42,0.4,6200.0,1006.1
2026-09-13T13:00,gangavaram_in,Gangavaram,India,destination,17.6231,83.2749,weather,9.0,38.2,35,0.2,6860.0,1006.3
2026-09-13T14:00,gangavaram_in,Gangavaram,India,destination,17.6231,83.2749,weather,8.5,35.3,27,0.2,7500.0,1006.8
2026-09-13T15:00,gangavaram_in,Gangavaram,India,destination,17.6231,83.2749,weather,8.2,31.7,14,0.2,8160.0,1007.5
2026-09-13T16:00,gangavaram_in,Gangavaram,India,destination,17.6231,83.2749,weather,8.3,28.1,4,0.2,8820.0,1008.2
2026-09-13T17:00,gangavaram_in,Gangavaram,India,destination,17.6231,83.2749,weather,8.5,24.8,358,0.2,9460.0,1008.7
2026-09-13T18:00,gangavaram_in,Gangavaram,India,destination,17.6231,83.2749,weather,8.8,23.0,356,0.2,10120.0,1009.0
2026-09-13T19:00,gangavaram_in,Gangavaram,India,destination,17.6231,83.2749,weather,9.0,22.3,2,0.3,9700.0,1008.9
2026-09-13T20:00,gangavaram_in,Gangavaram,India,destination,17.6231,83.2749,weather,9.6,22.3,13,0.3,9280.0,1008.7
2026-09-13T21:00,gangavaram_in,Gangavaram,India,destination,17.6231,83.2749,weather,10.5,23.0,25,0.3,8880.0,1008.2
2026-09-13T22:00,gangavaram_in,Gangavaram,India,destination,17.6231,83.2749,weather,12.0,24.1,35,0.3,8460.0,1007.8
2026-09-13T23:00,gangavaram_in,Gangavaram,India,destination,17.6231,83.2749,weather,13.5,25.6,42,0.3,8040.0,1007.4
2026-09-07T00:00,gopalpur_in,Gopalpur,India,destination,19.2667,84.9167,weather,4.6,7.2,318,0.0,13320.0,1008.0
2026-09-07T01:00,gopalpur_in,Gopalpur,India,destination,19.2667,84.9167,weather,5.8,10.4,326,0.0,13920.0,1008.5
2026-09-07T02:00,gopalpur_in,Gopalpur,India,destination,19.2667,84.9167,weather,2.8,10.8,325,0.0,13920.0,1008.8
2026-09-07T03:00,gopalpur_in,Gopalpur,India,destination,19.2667,84.9167,weather,4.4,13.3,297,0.0,15980.0,1009.0
2026-09-07T04:00,gopalpur_in,Gopalpur,India,destination,19.2667,84.9167,weather,7.1,17.6,286,0.0,17800.0,1009.0
2026-09-07T05:00,gopalpur_in,Gopalpur,India,destination,19.2667,84.9167,weather,7.4,18.7,277,0.0,7920.0,1008.7
2026-09-07T06:00,gopalpur_in,Gopalpur,India,destination,19.2667,84.9167,weather,5.6,18.7,276,0.1,8500.0,1007.8
2026-09-07T07:00,gopalpur_in,Gopalpur,India,destination,19.2667,84.9167,weather,3.8,15.8,199,0.1,8740.0,1006.8
2026-09-07T08:00,gopalpur_in,Gopalpur,India,destination,19.2667,84.9167,weather,12.3,24.8,168,0.1,7040.0,1005.2
2026-09-07T09:00,gopalpur_in,Gopalpur,India,destination,19.2667,84.9167,weather,14.4,29.5,179,0.2,7480.0,1004.8
2026-09-07T10:00,gopalpur_in,Gopalpur,India,destination,19.2667,84.9167,weather,11.9,28.1,182,0.1,8680.0,1004.4
2026-09-07T11:00,gopalpur_in,Gopalpur,India,destination,19.2667,84.9167,weather,12.7,23.4,186,0.1,9260.0,1004.6
2026-09-07T12:00,gopalpur_in,Gopalpur,India,destination,19.2667,84.9167,weather,9.7,23.4,199,0.0,12640.0,1005.2
2026-09-07T13:00,gopalpur_in,Gopalpur,India,destination,19.2667,84.9167,weather,10.4,18.0,225,0.1,6100.0,1006.0
2026-09-07T14:00,gopalpur_in,Gopalpur,India,destination,19.2667,84.9167,weather,8.0,16.9,218,0.2,7120.0,1007.1
2026-09-07T15:00,gopalpur_in,Gopalpur,India,destination,19.2667,84.9167,weather,4.8,13.0,205,0.0,9780.0,1008.1
2026-09-07T16:00,gopalpur_in,Gopalpur,India,destination,19.2667,84.9167,weather,5.9,10.1,211,0.0,9820.0,1008.4
2026-09-07T17:00,gopalpur_in,Gopalpur,India,destination,19.2667,84.9167,weather,5.1,10.1,234,0.0,10200.0,1008.4
2026-09-07T18:00,gopalpur_in,Gopalpur,India,destination,19.2667,84.9167,weather,3.7,8.6,256,0.0,7180.0,1007.9
2026-09-07T19:00,gopalpur_in,Gopalpur,India,destination,19.2667,84.9167,weather,3.3,6.1,292,0.0,7180.0,1007.3
2026-09-07T20:00,gopalpur_in,Gopalpur,India,destination,19.2667,84.9167,weather,2.7,5.8,318,0.0,7160.0,1006.6
2026-09-07T21:00,gopalpur_in,Gopalpur,India,destination,19.2667,84.9167,weather,5.2,8.3,346,0.0,7160.0,1005.7
2026-09-07T22:00,gopalpur_in,Gopalpur,India,destination,19.2667,84.9167,weather,4.9,9.7,354,0.0,7160.0,1005.3
2026-09-07T23:00,gopalpur_in,Gopalpur,India,destination,19.2667,84.9167,weather,2.7,7.9,352,0.0,7160.0,1005.3
2026-09-08T00:00,gopalpur_in,Gopalpur,India,destination,19.2667,84.9167,weather,2.0,4.0,333,0.0,7160.0,1005.6
2026-09-08T01:00,gopalpur_in,Gopalpur,India,destination,19.2667,84.9167,weather,3.8,8.3,357,0.0,7160.0,1006.7
2026-09-08T02:00,gopalpur_in,Gopalpur,India,destination,19.2667,84.9167,weather,3.3,10.4,338,0.0,12200.0,1007.9
2026-09-08T03:00,gopalpur_in,Gopalpur,India,destination,19.2667,84.9167,weather,4.6,13.3,301,0.0,15880.0,1008.8
2026-09-08T04:00,gopalpur_in,Gopalpur,India,destination,19.2667,84.9167,weather,7.2,17.6,288,0.0,17680.0,1008.6
2026-09-08T05:00,gopalpur_in,Gopalpur,India,destination,19.2667,84.9167,weather,6.8,20.2,282,0.0,17680.0,1008.1
2026-09-08T06:00,gopalpur_in,Gopalpur,India,destination,19.2667,84.9167,weather,5.6,20.2,248,0.0,17680.0,1007.3
2026-09-08T07:00,gopalpur_in,Gopalpur,India,destination,19.2667,84.9167,weather,5.6,20.2,213,0.0,16360.0,1006.0
2026-09-08T08:00,gopalpur_in,Gopalpur,India,destination,19.2667,84.9167,weather,14.2,28.1,192,0.3,4320.0,1004.5
2026-09-08T09:00,gopalpur_in,Gopalpur,India,destination,19.2667,84.9167,weather,11.8,28.8,199,0.2,12960.0,1003.6
2026-09-08T10:00,gopalpur_in,Gopalpur,India,destination,19.2667,84.9167,weather,14.5,28.1,205,0.0,14600.0,1003.3
2026-09-08T11:00,gopalpur_in,Gopalpur,India,destination,19.2667,84.9167,weather,10.4,27.4,189,0.0,14260.0,1003.5
2026-09-08T12:00,gopalpur_in,Gopalpur,India,destination,19.2667,84.9167,weather,13.4,21.6,250,0.6,3560.0,1004.3
2026-09-08T13:00,gopalpur_in,Gopalpur,India,destination,19.2667,84.9167,weather,8.7,23.4,283,0.4,5520.0,1004.6
2026-09-08T14:00,gopalpur_in,Gopalpur,India,destination,19.2667,84.9167,weather,7.8,14.4,312,0.1,9500.0,1005.7
2026-09-08T15:00,gopalpur_in,Gopalpur,India,destination,19.2667,84.9167,weather,4.7,12.2,320,0.0,10200.0,1006.8
2026-09-08T16:00,gopalpur_in,Gopalpur,India,destination,19.2667,84.9167,weather,3.1,7.9,301,0.0,10180.0,1007.3
2026-09-08T17:00,gopalpur_in,Gopalpur,India,destination,19.2667,84.9167,weather,2.6,4.7,304,0.0,10180.0,1007.1
2026-09-08T18:00,gopalpur_in,Gopalpur,India,destination,19.2667,84.9167,weather,1.5,4.0,324,0.0,7120.0,1006.9
2026-09-08T19:00,gopalpur_in,Gopalpur,India,destination,19.2667,84.9167,weather,1.1,2.5,342,0.0,7120.0,1006.2
2026-09-08T20:00,gopalpur_in,Gopalpur,India,destination,19.2667,84.9167,weather,1.7,3.2,342,0.0,5720.0,1005.6
2026-09-08T21:00,gopalpur_in,Gopalpur,India,destination,19.2667,84.9167,weather,1.1,3.2,9,0.0,6040.0,1004.9
2026-09-08T22:00,gopalpur_in,Gopalpur,India,destination,19.2667,84.9167,weather,1.8,3.2,11,0.0,6600.0,1004.4
2026-09-08T23:00,gopalpur_in,Gopalpur,India,destination,19.2667,84.9167,weather,2.3,4.3,4,0.0,7100.0,1004.5
2026-09-09T00:00,gopalpur_in,Gopalpur,India,destination,19.2667,84.9167,weather,4.4,7.6,353,0.0,7100.0,1005.1
2026-09-09T01:00,gopalpur_in,Gopalpur,India,destination,19.2667,84.9167,weather,6.3,11.5,347,0.0,10160.0,1005.3
2026-09-09T02:00,gopalpur_in,Gopalpur,India,destination,19.2667,84.9167,weather,4.5,11.9,346,0.0,12100.0,1006.4
2026-09-09T03:00,gopalpur_in,Gopalpur,India,destination,19.2667,84.9167,weather,4.4,13.3,339,0.0,15780.0,1007.1
2026-09-09T04:00,gopalpur_in,Gopalpur,India,destination,19.2667,84.9167,weather,5.3,15.1,325,0.0,15780.0,1007.1
2026-09-09T05:00,gopalpur_in,Gopalpur,India,destination,19.2667,84.9167,weather,4.6,15.5,312,0.0,17580.0,1006.8
2026-09-09T06:00,gopalpur_in,Gopalpur,India,destination,19.2667,84.9167,weather,1.0,15.8,239,0.0,17560.0,1006.2
2026-09-09T07:00,gopalpur_in,Gopalpur,India,destination,19.2667,84.9167,weather,4.7,17.6,187,0.0,13580.0,1005.0
2026-09-09T08:00,gopalpur_in,Gopalpur,India,destination,19.2667,84.9167,weather,14.6,29.2,196,0.1,7080.0,1003.7
2026-09-09T09:00,gopalpur_in,Gopalpur,India,destination,19.2667,84.9167,weather,11.9,30.2,214,0.1,15760.0,1003.0
2026-09-09T10:00,gopalpur_in,Gopalpur,India,destination,19.2667,84.9167,weather,12.1,23.8,215,0.0,14140.0,1002.5
2026-09-09T11:00,gopalpur_in,Gopalpur,India,destination,19.2667,84.9167,weather,8.4,25.6,236,0.0,8780.0,1002.5
2026-09-09T12:00,gopalpur_in,Gopalpur,India,destination,19.2667,84.9167,weather,5.4,16.2,278,0.1,9800.0,1003.0
2026-09-09T13:00,gopalpur_in,Gopalpur,India,destination,19.2667,84.9167,weather,2.3,9.4,274,0.0,11200.0,1003.7
2026-09-09T14:00,gopalpur_in,Gopalpur,India,destination,19.2667,84.9167,weather,1.5,3.6,173,0.0,11460.0,1005.0
2026-09-09T15:00,gopalpur_in,Gopalpur,India,destination,19.2667,84.9167,weather,1.1,2.9,171,0.0,11780.0,1006.2
2026-09-09T16:00,gopalpur_in,Gopalpur,India,destination,19.2667,84.9167,weather,0.9,1.4,233,0.0,11980.0,1006.9
2026-09-09T17:00,gopalpur_in,Gopalpur,India,destination,19.2667,84.9167,weather,1.0,1.8,225,0.0,10100.0,1006.8
2026-09-09T18:00,gopalpur_in,Gopalpur,India,destination,19.2667,84.9167,weather,1.5,2.9,306,0.0,7060.0,1006.1
2026-09-09T19:00,gopalpur_in,Gopalpur,India,destination,19.2667,84.9167,weather,12.0,17.6,343,0.0,4500.0,1005.9
2026-09-09T20:00,gopalpur_in,Gopalpur,India,destination,19.2667,84.9167,weather,7.3,26.3,320,0.2,7260.0,1005.7
2026-09-09T21:00,gopalpur_in,Gopalpur,India,destination,19.2667,84.9167,weather,3.2,11.5,341,0.0,9520.0,1004.5
2026-09-09T22:00,gopalpur_in,Gopalpur,India,destination,19.2667,84.9167,weather,4.6,7.6,329,0.0,9120.0,1004.3
2026-09-09T23:00,gopalpur_in,Gopalpur,India,destination,19.2667,84.9167,weather,5.9,10.1,346,0.0,9760.0,1004.3
2026-09-10T00:00,gopalpur_in,Gopalpur,India,destination,19.2667,84.9167,weather,9.2,14.8,11,0.0,9640.0,1005.0
2026-09-10T01:00,gopalpur_in,Gopalpur,India,destination,19.2667,84.9167,weather,11.1,19.8,13,0.1,8460.0,1006.0
2026-09-10T02:00,gopalpur_in,Gopalpur,India,destination,19.2667,84.9167,weather,3.6,26.3,288,0.9,6600.0,1006.4
2026-09-10T03:00,gopalpur_in,Gopalpur,India,destination,19.2667,84.9167,weather,6.2,15.5,33,0.0,9600.0,1007.0
2026-09-10T04:00,gopalpur_in,Gopalpur,India,destination,19.2667,84.9167,weather,4.3,15.8,360,0.0,11960.0,1007.3
2026-09-10T05:00,gopalpur_in,Gopalpur,India,destination,19.2667,84.9167,weather,4.1,14.4,360,0.0,15680.0,1007.2
2026-09-10T06:00,gopalpur_in,Gopalpur,India,destination,19.2667,84.9167,weather,4.2,17.3,20,0.1,10440.0,1006.6
2026-09-10T07:00,gopalpur_in,Gopalpur,India,destination,19.2667,84.9167,weather,4.1,18.7,45,0.3,9260.0,1005.5
2026-09-10T08:00,gopalpur_in,Gopalpur,India,destination,19.2667,84.9167,weather,11.4,28.8,125,1.8,3760.0,1004.4
2026-09-10T09:00,gopalpur_in,Gopalpur,India,destination,19.2667,84.9167,weather,4.2,30.6,85,4.9,2360.0,1003.7
2026-09-10T10:00,gopalpur_in,Gopalpur,India,destination,19.2667,84.9167,weather,4.8,13.0,200,1.6,3040.0,1003.1
2026-09-10T11:00,gopalpur_in,Gopalpur,India,destination,19.2667,84.9167,weather,5.5,17.3,197,0.7,5240.0,1003.0
2026-09-10T12:00,gopalpur_in,Gopalpur,India,destination,19.2667,84.9167,weather,1.1,13.0,18,0.1,8120.0,1003.4
2026-09-10T13:00,gopalpur_in,Gopalpur,India,destination,19.2667,84.9167,weather,1.9,4.0,197,0.0,8400.0,1004.2
2026-09-10T14:00,gopalpur_in,Gopalpur,India,destination,19.2667,84.9167,weather,1.5,5.0,216,0.0,8800.0,1005.5
2026-09-10T15:00,gopalpur_in,Gopalpur,India,destination,19.2667,84.9167,weather,0.0,2.2,270,0.0,8400.0,1006.4
2026-09-10T16:00,gopalpur_in,Gopalpur,India,destination,19.2667,84.9167,weather,4.6,11.2,349,0.0,2740.0,1007.3
2026-09-10T17:00,gopalpur_in,Gopalpur,India,destination,19.2667,84.9167,weather,0.8,20.9,153,1.6,3040.0,1006.7
2026-09-10T18:00,gopalpur_in,Gopalpur,India,destination,19.2667,84.9167,weather,5.8,8.3,324,0.7,1780.0,1006.4
2026-09-10T19:00,gopalpur_in,Gopalpur,India,destination,19.2667,84.9167,weather,7.3,16.6,332,1.6,2900.0,1005.6
2026-09-10T20:00,gopalpur_in,Gopalpur,India,destination,19.2667,84.9167,weather,13.4,25.6,355,2.1,820.0,1005.6
2026-09-10T21:00,gopalpur_in,Gopalpur,India,destination,19.2667,84.9167,weather,11.0,26.3,312,2.2,2140.0,1004.8
2026-09-10T22:00,gopalpur_in,Gopalpur,India,destination,19.2667,84.9167,weather,11.1,23.4,338,3.3,2380.0,1005.1
2026-09-10T23:00,gopalpur_in,Gopalpur,India,destination,19.2667,84.9167,weather,9.1,23.0,17,2.0,2660.0,1004.9
2026-09-11T00:00,gopalpur_in,Gopalpur,India,destination,19.2667,84.9167,weather,8.3,14.4,16,0.8,3440.0,1005.4
2026-09-11T01:00,gopalpur_in,Gopalpur,India,destination,19.2667,84.9167,weather,8.9,14.8,18,0.2,5220.0,1005.9
2026-09-11T02:00,gopalpur_in,Gopalpur,India,destination,19.2667,84.9167,weather,9.2,17.3,12,0.2,7020.0,1006.5
2026-09-11T03:00,gopalpur_in,Gopalpur,India,destination,19.2667,84.9167,weather,9.1,19.8,15,0.2,8800.0,1006.9
2026-09-11T04:00,gopalpur_in,Gopalpur,India,destination,19.2667,84.9167,weather,9.6,22.3,34,0.2,8220.0,1006.9
2026-09-11T05:00,gopalpur_in,Gopalpur,India,destination,19.2667,84.9167,weather,11.6,24.8,57,0.2,7640.0,1006.6
2026-09-11T06:00,gopalpur_in,Gopalpur,India,destination,19.2667,84.9167,weather,13.1,27.0,72,0.2,7060.0,1006.1
2026-09-11T07:00,gopalpur_in,Gopalpur,India,destination,19.2667,84.9167,weather,12.2,28.4,88,1.7,6700.0,1005.4
2026-09-11T08:00,gopalpur_in,Gopalpur,India,destination,19.2667,84.9167,weather,11.2,29.2,111,1.7,6360.0,1004.5
2026-09-11T09:00,gopalpur_in,Gopalpur,India,destination,19.2667,84.9167,weather,10.7,29.2,130,1.7,6000.0,1003.8
2026-09-11T10:00,gopalpur_in,Gopalpur,India,destination,19.2667,84.9167,weather,9.1,27.7,139,0.1,8420.0,1003.4
2026-09-11T11:00,gopalpur_in,Gopalpur,India,destination,19.2667,84.9167,weather,6.1,25.6,148,0.1,10820.0,1003.2
2026-09-11T12:00,gopalpur_in,Gopalpur,India,destination,19.2667,84.9167,weather,3.8,22.3,163,0.1,13240.0,1003.4
2026-09-11T13:00,gopalpur_in,Gopalpur,India,destination,19.2667,84.9167,weather,2.7,16.9,180,0.1,10780.0,1004.3
2026-09-11T14:00,gopalpur_in,Gopalpur,India,destination,19.2667,84.9167,weather,2.1,10.4,195,0.1,8320.0,1005.6
2026-09-11T15:00,gopalpur_in,Gopalpur,India,destination,19.2667,84.9167,weather,1.4,6.5,230,0.1,5860.0,1006.5
2026-09-11T16:00,gopalpur_in,Gopalpur,India,destination,19.2667,84.9167,weather,2.4,6.1,287,0.7,4620.0,1006.8
2026-09-11T17:00,gopalpur_in,Gopalpur,India,destination,19.2667,84.9167,weather,4.4,8.3,305,0.7,3380.0,1006.8
2026-09-11T18:00,gopalpur_in,Gopalpur,India,destination,19.2667,84.9167,weather,6.0,10.8,316,0.7,2140.0,1006.6
2026-09-11T19:00,gopalpur_in,Gopalpur,India,destination,19.2667,84.9167,weather,6.8,13.7,331,1.2,2900.0,1006.1
2026-09-11T20:00,gopalpur_in,Gopalpur,India,destination,19.2667,84.9167,weather,7.6,16.9,346,1.2,3680.0,1005.4
2026-09-11T21:00,gopalpur_in,Gopalpur,India,destination,19.2667,84.9167,weather,8.5,19.1,355,1.2,4440.0,1005.0
2026-09-11T22:00,gopalpur_in,Gopalpur,India,destination,19.2667,84.9167,weather,8.7,19.1,354,0.0,3620.0,1005.0
2026-09-11T23:00,gopalpur_in,Gopalpur,India,destination,19.2667,84.9167,weather,8.6,18.0,350,0.0,2800.0,1005.2
2026-09-12T00:00,gopalpur_in,Gopalpur,India,destination,19.2667,84.9167,weather,8.5,17.3,347,0.0,1980.0,1005.7
2026-09-12T01:00,gopalpur_in,Gopalpur,India,destination,19.2667,84.9167,weather,9.3,17.6,344,0.7,2780.0,1006.5
2026-09-12T02:00,gopalpur_in,Gopalpur,India,destination,19.2667,84.9167,weather,10.4,18.4,343,0.7,3580.0,1007.6
2026-09-12T03:00,gopalpur_in,Gopalpur,India,destination,19.2667,84.9167,weather,9.6,19.4,346,0.7,4380.0,1008.3
2026-09-12T04:00,gopalpur_in,Gopalpur,India,destination,19.2667,84.9167,weather,5.8,21.2,7,2.7,4360.0,1008.4
2026-09-12T05:00,gopalpur_in,Gopalpur,India,destination,19.2667,84.9167,weather,5.1,23.0,82,2.7,4360.0,1008.1
2026-09-12T06:00,gopalpur_in,Gopalpur,India,destination,19.2667,84.9167,weather,9.3,25.2,109,2.7,4340.0,1007.6
2026-09-12T07:00,gopalpur_in,Gopalpur,India,destination,19.2667,84.9167,weather,12.1,27.4,111,0.1,6960.0,1006.7
2026-09-12T08:00,gopalpur_in,Gopalpur,India,destination,19.2667,84.9167,weather,14.0,29.5,108,0.1,9580.0,1005.6
2026-09-12T09:00,gopalpur_in,Gopalpur,India,destination,19.2667,84.9167,weather,14.9,31.0,107,0.1,12200.0,1004.8
2026-09-12T10:00,gopalpur_in,Gopalpur,India,destination,19.2667,84.9167,weather,14.4,31.0,108,0.0,11880.0,1004.5
2026-09-12T11:00,gopalpur_in,Gopalpur,India,destination,19.2667,84.9167,weather,13.0,30.2,110,0.0,11540.0,1004.5
2026-09-12T12:00,gopalpur_in,Gopalpur,India,destination,19.2667,84.9167,weather,11.3,28.8,115,0.0,11220.0,1004.9
2026-09-12T13:00,gopalpur_in,Gopalpur,India,destination,19.2667,84.9167,weather,9.6,25.9,124,0.1,9580.0,1005.8
2026-09-12T14:00,gopalpur_in,Gopalpur,India,destination,19.2667,84.9167,weather,7.8,22.3,140,0.1,7920.0,1007.0
2026-09-12T15:00,gopalpur_in,Gopalpur,India,destination,19.2667,84.9167,weather,6.4,18.7,155,0.1,6280.0,1007.9
2026-09-12T16:00,gopalpur_in,Gopalpur,India,destination,19.2667,84.9167,weather,3.9,15.5,167,0.2,5560.0,1008.3
2026-09-12T17:00,gopalpur_in,Gopalpur,India,destination,19.2667,84.9167,weather,1.0,12.2,211,0.2,4820.0,1008.4
2026-09-12T18:00,gopalpur_in,Gopalpur,India,destination,19.2667,84.9167,weather,2.3,10.4,328,0.2,4100.0,1008.3
2026-09-12T19:00,gopalpur_in,Gopalpur,India,destination,19.2667,84.9167,weather,4.6,10.8,347,0.0,4480.0,1008.0
2026-09-12T20:00,gopalpur_in,Gopalpur,India,destination,19.2667,84.9167,weather,7.0,12.6,359,0.0,4840.0,1007.5
2026-09-12T21:00,gopalpur_in,Gopalpur,India,destination,19.2667,84.9167,weather,8.8,14.4,2,0.0,5220.0,1007.1
2026-09-12T22:00,gopalpur_in,Gopalpur,India,destination,19.2667,84.9167,weather,9.5,15.1,358,0.0,5660.0,1006.9
2026-09-12T23:00,gopalpur_in,Gopalpur,India,destination,19.2667,84.9167,weather,9.6,15.8,351,0.0,6100.0,1006.9
2026-09-13T00:00,gopalpur_in,Gopalpur,India,destination,19.2667,84.9167,weather,9.6,17.6,355,0.0,6540.0,1007.1
2026-09-13T01:00,gopalpur_in,Gopalpur,India,destination,19.2667,84.9167,weather,10.5,21.2,16,0.5,5720.0,1007.8
2026-09-13T02:00,gopalpur_in,Gopalpur,India,destination,19.2667,84.9167,weather,13.6,26.3,39,0.5,4900.0,1008.8
2026-09-13T03:00,gopalpur_in,Gopalpur,India,destination,19.2667,84.9167,weather,16.5,29.9,50,0.5,4080.0,1009.5
2026-09-13T04:00,gopalpur_in,Gopalpur,India,destination,19.2667,84.9167,weather,17.1,31.7,56,1.3,4040.0,1009.5
2026-09-13T05:00,gopalpur_in,Gopalpur,India,destination,19.2667,84.9167,weather,16.6,32.8,61,1.3,4020.0,1009.2
2026-09-13T06:00,gopalpur_in,Gopalpur,India,destination,19.2667,84.9167,weather,16.0,33.1,65,1.3,3980.0,1009.0
2026-09-13T07:00,gopalpur_in,Gopalpur,India,destination,19.2667,84.9167,weather,16.5,37.4,65,0.7,11160.0,1008.8
2026-09-13T08:00,gopalpur_in,Gopalpur,India,destination,19.2667,84.9167,weather,17.3,39.2,68,0.7,10800.0,1008.3
2026-09-13T09:00,gopalpur_in,Gopalpur,India,destination,19.2667,84.9167,weather,17.9,40.7,71,0.7,10440.0,1007.7
2026-09-13T10:00,gopalpur_in,Gopalpur,India,destination,19.2667,84.9167,weather,18.3,41.8,73,0.7,10060.0,1007.1
2026-09-13T11:00,gopalpur_in,Gopalpur,India,destination,19.2667,84.9167,weather,18.3,42.1,75,0.7,9700.0,1006.6
2026-09-13T12:00,gopalpur_in,Gopalpur,India,destination,19.2667,84.9167,weather,18.0,42.1,76,0.7,9340.0,1006.5
2026-09-13T13:00,gopalpur_in,Gopalpur,India,destination,19.2667,84.9167,weather,17.0,41.0,77,1.1,8260.0,1006.8
2026-09-13T14:00,gopalpur_in,Gopalpur,India,destination,19.2667,84.9167,weather,15.1,39.2,78,1.1,7180.0,1007.4
2026-09-13T15:00,gopalpur_in,Gopalpur,India,destination,19.2667,84.9167,weather,13.1,36.7,78,1.1,6120.0,1008.2
2026-09-13T16:00,gopalpur_in,Gopalpur,India,destination,19.2667,84.9167,weather,10.9,34.2,78,1.1,5040.0,1009.0
2026-09-13T17:00,gopalpur_in,Gopalpur,India,destination,19.2667,84.9167,weather,9.0,32.0,74,1.1,3960.0,1009.6
2026-09-13T18:00,gopalpur_in,Gopalpur,India,destination,19.2667,84.9167,weather,7.8,30.2,67,1.1,2880.0,1009.9
2026-09-13T19:00,gopalpur_in,Gopalpur,India,destination,19.2667,84.9167,weather,7.6,28.8,54,0.9,2960.0,1009.8
2026-09-13T20:00,gopalpur_in,Gopalpur,India,destination,19.2667,84.9167,weather,8.6,27.7,37,0.9,3040.0,1009.5
2026-09-13T21:00,gopalpur_in,Gopalpur,India,destination,19.2667,84.9167,weather,10.5,26.6,25,0.9,3120.0,1009.0
2026-09-13T22:00,gopalpur_in,Gopalpur,India,destination,19.2667,84.9167,weather,12.9,25.9,19,0.9,3200.0,1008.5
2026-09-13T23:00,gopalpur_in,Gopalpur,India,destination,19.2667,84.9167,weather,14.9,25.6,15,0.9,3280.0,1008.0
2026-09-07T00:00,haldia_in,Haldia,India,destination,22.0257,88.0583,weather,2.8,21.2,252,0.0,6100.0,1006.8
2026-09-07T01:00,haldia_in,Haldia,India,destination,22.0257,88.0583,weather,1.8,6.5,276,0.1,8340.0,1007.6
2026-09-07T02:00,haldia_in,Haldia,India,destination,22.0257,88.0583,weather,3.2,10.8,199,0.0,8980.0,1007.8
2026-09-07T03:00,haldia_in,Haldia,India,destination,22.0257,88.0583,weather,5.3,15.1,170,0.0,12420.0,1007.7
2026-09-07T04:00,haldia_in,Haldia,India,destination,22.0257,88.0583,weather,7.3,19.8,160,0.0,13760.0,1007.7
2026-09-07T05:00,haldia_in,Haldia,India,destination,22.0257,88.0583,weather,10.2,22.7,171,0.2,5600.0,1007.9
2026-09-07T06:00,haldia_in,Haldia,India,destination,22.0257,88.0583,weather,5.2,25.9,184,0.9,6840.0,1007.3
2026-09-07T07:00,haldia_in,Haldia,India,destination,22.0257,88.0583,weather,9.0,20.9,183,0.8,6560.0,1005.9
2026-09-07T08:00,haldia_in,Haldia,India,destination,22.0257,88.0583,weather,7.2,22.3,231,4.6,2800.0,1005.3
2026-09-07T09:00,haldia_in,Haldia,India,destination,22.0257,88.0583,weather,6.5,15.5,318,1.2,3280.0,1004.1
2026-09-07T10:00,haldia_in,Haldia,India,destination,22.0257,88.0583,weather,7.3,16.2,300,0.4,6060.0,1004.3
2026-09-07T11:00,haldia_in,Haldia,India,destination,22.0257,88.0583,weather,4.3,18.7,285,0.1,7680.0,1003.8
2026-09-07T12:00,haldia_in,Haldia,India,destination,22.0257,88.0583,weather,2.5,11.2,262,0.0,9960.0,1004.6
2026-09-07T13:00,haldia_in,Haldia,India,destination,22.0257,88.0583,weather,2.3,5.8,337,0.0,10520.0,1005.7
2026-09-07T14:00,haldia_in,Haldia,India,destination,22.0257,88.0583,weather,1.6,5.0,333,0.0,8420.0,1006.8
2026-09-07T15:00,haldia_in,Haldia,India,destination,22.0257,88.0583,weather,1.1,2.9,351,0.0,8760.0,1007.6
2026-09-07T16:00,haldia_in,Haldia,India,destination,22.0257,88.0583,weather,0.2,2.9,360,0.0,8820.0,1007.7
2026-09-07T17:00,haldia_in,Haldia,India,destination,22.0257,88.0583,weather,2.3,3.6,247,0.0,8700.0,1007.6
2026-09-07T18:00,haldia_in,Haldia,India,destination,22.0257,88.0583,weather,4.9,7.9,264,0.0,8840.0,1007.2
2026-09-07T19:00,haldia_in,Haldia,India,destination,22.0257,88.0583,weather,5.3,9.4,260,0.0,8820.0,1006.5
2026-09-07T20:00,haldia_in,Haldia,India,destination,22.0257,88.0583,weather,5.1,9.0,276,0.0,6000.0,1005.8
2026-09-07T21:00,haldia_in,Haldia,India,destination,22.0257,88.0583,weather,4.6,9.0,309,0.0,5980.0,1005.2
2026-09-07T22:00,haldia_in,Haldia,India,destination,22.0257,88.0583,weather,0.3,7.9,135,0.0,6020.0,1004.7
2026-09-07T23:00,haldia_in,Haldia,India,destination,22.0257,88.0583,weather,4.6,13.7,171,2.3,3580.0,1005.4
2026-09-08T00:00,haldia_in,Haldia,India,destination,22.0257,88.0583,weather,2.4,7.9,189,0.2,7320.0,1005.6
2026-09-08T01:00,haldia_in,Haldia,India,destination,22.0257,88.0583,weather,1.5,6.1,144,0.0,9800.0,1006.4
2026-09-08T02:00,haldia_in,Haldia,India,destination,22.0257,88.0583,weather,4.1,12.2,178,0.0,10160.0,1007.4
2026-09-08T03:00,haldia_in,Haldia,India,destination,22.0257,88.0583,weather,5.4,16.6,182,0.2,7480.0,1008.2
2026-09-08T04:00,haldia_in,Haldia,India,destination,22.0257,88.0583,weather,3.8,16.9,188,0.4,5880.0,1008.0
2026-09-08T05:00,haldia_in,Haldia,India,destination,22.0257,88.0583,weather,5.0,16.6,218,0.3,5500.0,1007.3
2026-09-08T06:00,haldia_in,Haldia,India,destination,22.0257,88.0583,weather,5.6,16.9,213,0.3,6720.0,1006.6
2026-09-08T07:00,haldia_in,Haldia,India,destination,22.0257,88.0583,weather,4.8,17.6,207,0.3,6200.0,1005.0
2026-09-08T08:00,haldia_in,Haldia,India,destination,22.0257,88.0583,weather,10.8,23.0,201,1.6,2920.0,1003.5
2026-09-08T09:00,haldia_in,Haldia,India,destination,22.0257,88.0583,weather,9.8,23.8,185,1.5,3300.0,1002.4
2026-09-08T10:00,haldia_in,Haldia,India,destination,22.0257,88.0583,weather,9.1,21.2,212,0.6,6540.0,1002.3
2026-09-08T11:00,haldia_in,Haldia,India,destination,22.0257,88.0583,weather,9.7,21.2,242,0.1,10760.0,1003.0
2026-09-08T12:00,haldia_in,Haldia,India,destination,22.0257,88.0583,weather,6.2,18.0,210,0.0,11140.0,1003.6
2026-09-08T13:00,haldia_in,Haldia,India,destination,22.0257,88.0583,weather,6.0,10.4,237,0.0,6560.0,1004.3
2026-09-08T14:00,haldia_in,Haldia,India,destination,22.0257,88.0583,weather,2.2,10.8,284,0.3,6300.0,1005.6
2026-09-08T15:00,haldia_in,Haldia,India,destination,22.0257,88.0583,weather,1.1,3.2,270,0.0,9680.0,1006.3
2026-09-08T16:00,haldia_in,Haldia,India,destination,22.0257,88.0583,weather,2.4,4.7,287,0.0,7080.0,1006.8
2026-09-08T17:00,haldia_in,Haldia,India,destination,22.0257,88.0583,weather,1.7,4.0,193,0.0,8240.0,1006.1
2026-09-08T18:00,haldia_in,Haldia,India,destination,22.0257,88.0583,weather,2.8,5.0,235,0.0,8060.0,1006.1
2026-09-08T19:00,haldia_in,Haldia,India,destination,22.0257,88.0583,weather,3.2,5.8,270,0.0,5960.0,1005.5
2026-09-08T20:00,haldia_in,Haldia,India,destination,22.0257,88.0583,weather,3.4,7.6,276,0.2,5180.0,1005.0
2026-09-08T21:00,haldia_in,Haldia,India,destination,22.0257,88.0583,weather,2.3,6.5,238,0.1,8500.0,1004.3
2026-09-08T22:00,haldia_in,Haldia,India,destination,22.0257,88.0583,weather,2.3,5.0,270,0.4,4900.0,1004.3
2026-09-08T23:00,haldia_in,Haldia,India,destination,22.0257,88.0583,weather,5.3,9.7,12,1.4,3100.0,1004.6
2026-09-09T00:00,haldia_in,Haldia,India,destination,22.0257,88.0583,weather,5.5,10.8,328,3.0,1820.0,1005.8
2026-09-09T01:00,haldia_in,Haldia,India,destination,22.0257,88.0583,weather,6.0,14.0,74,1.6,2540.0,1005.7
2026-09-09T02:00,haldia_in,Haldia,India,destination,22.0257,88.0583,weather,4.8,13.0,70,0.6,4620.0,1006.2
2026-09-09T03:00,haldia_in,Haldia,India,destination,22.0257,88.0583,weather,3.8,13.7,17,0.1,7180.0,1007.3
2026-09-09T04:00,haldia_in,Haldia,India,destination,22.0257,88.0583,weather,1.1,13.3,18,0.2,3840.0,1007.2
2026-09-09T05:00,haldia_in,Haldia,India,destination,22.0257,88.0583,weather,2.1,13.3,70,0.3,7740.0,1006.7
2026-09-09T06:00,haldia_in,Haldia,India,destination,22.0257,88.0583,weather,3.8,15.1,79,0.3,5880.0,1005.5
2026-09-09T07:00,haldia_in,Haldia,India,destination,22.0257,88.0583,weather,4.4,16.6,97,0.2,9920.0,1004.3
2026-09-09T08:00,haldia_in,Haldia,India,destination,22.0257,88.0583,weather,4.2,16.2,115,0.0,7540.0,1002.9
2026-09-09T09:00,haldia_in,Haldia,India,destination,22.0257,88.0583,weather,5.2,15.1,112,0.3,5560.0,1001.5
2026-09-09T10:00,haldia_in,Haldia,India,destination,22.0257,88.0583,weather,7.9,16.9,169,0.2,5340.0,1001.2
2026-09-09T11:00,haldia_in,Haldia,India,destination,22.0257,88.0583,weather,12.7,33.1,186,2.1,2240.0,1002.5
2026-09-09T12:00,haldia_in,Haldia,India,destination,22.0257,88.0583,weather,6.0,22.3,183,3.3,2400.0,1003.3
2026-09-09T13:00,haldia_in,Haldia,India,destination,22.0257,88.0583,weather,4.2,10.4,5,0.9,4020.0,1004.3
2026-09-09T14:00,haldia_in,Haldia,India,destination,22.0257,88.0583,weather,4.0,11.5,21,0.2,5540.0,1005.3
2026-09-09T15:00,haldia_in,Haldia,India,destination,22.0257,88.0583,weather,1.7,7.2,18,0.0,7420.0,1006.3
2026-09-09T16:00,haldia_in,Haldia,India,destination,22.0257,88.0583,weather,2.7,5.4,4,0.0,7820.0,1006.7
2026-09-09T17:00,haldia_in,Haldia,India,destination,22.0257,88.0583,weather,3.8,7.9,17,0.0,5720.0,1006.6
2026-09-09T18:00,haldia_in,Haldia,India,destination,22.0257,88.0583,weather,3.1,7.2,40,0.0,5880.0,1006.1
2026-09-09T19:00,haldia_in,Haldia,India,destination,22.0257,88.0583,weather,3.1,8.3,66,0.6,3620.0,1005.5
2026-09-09T20:00,haldia_in,Haldia,India,destination,22.0257,88.0583,weather,6.0,10.8,33,1.8,3300.0,1005.0
2026-09-09T21:00,haldia_in,Haldia,India,destination,22.0257,88.0583,weather,5.7,11.2,41,0.3,3780.0,1004.6
2026-09-09T22:00,haldia_in,Haldia,India,destination,22.0257,88.0583,weather,3.2,10.4,71,2.2,2140.0,1004.9
2026-09-09T23:00,haldia_in,Haldia,India,destination,22.0257,88.0583,weather,9.0,15.8,38,3.0,2740.0,1004.7
2026-09-10T00:00,haldia_in,Haldia,India,destination,22.0257,88.0583,weather,4.9,16.9,62,0.5,4800.0,1005.4
2026-09-10T01:00,haldia_in,Haldia,India,destination,22.0257,88.0583,weather,4.2,10.8,43,0.1,6820.0,1005.6
2026-09-10T02:00,haldia_in,Haldia,India,destination,22.0257,88.0583,weather,6.5,15.1,77,0.0,9500.0,1006.8
2026-09-10T03:00,haldia_in,Haldia,India,destination,22.0257,88.0583,weather,3.5,15.8,114,0.3,10620.0,1007.7
2026-09-10T04:00,haldia_in,Haldia,India,destination,22.0257,88.0583,weather,5.3,14.8,98,0.3,5100.0,1007.6
2026-09-10T05:00,haldia_in,Haldia,India,destination,22.0257,88.0583,weather,9.0,21.6,102,0.1,13760.0,1007.1
2026-09-10T06:00,haldia_in,Haldia,India,destination,22.0257,88.0583,weather,10.1,23.8,115,0.1,7900.0,1006.3
2026-09-10T07:00,haldia_in,Haldia,India,destination,22.0257,88.0583,weather,11.1,25.6,137,0.1,8720.0,1005.0
2026-09-10T08:00,haldia_in,Haldia,India,destination,22.0257,88.0583,weather,10.2,25.6,149,0.1,5020.0,1003.8
2026-09-10T09:00,haldia_in,Haldia,India,destination,22.0257,88.0583,weather,10.2,23.8,144,0.3,5160.0,1002.5
2026-09-10T10:00,haldia_in,Haldia,India,destination,22.0257,88.0583,weather,11.8,23.0,163,0.3,4820.0,1002.1
2026-09-10T11:00,haldia_in,Haldia,India,destination,22.0257,88.0583,weather,15.0,27.4,177,0.3,7560.0,1002.5
2026-09-10T12:00,haldia_in,Haldia,India,destination,22.0257,88.0583,weather,9.6,27.0,172,0.1,10120.0,1003.6
2026-09-10T13:00,haldia_in,Haldia,India,destination,22.0257,88.0583,weather,8.2,15.8,157,0.0,11580.0,1004.8
2026-09-10T14:00,haldia_in,Haldia,India,destination,22.0257,88.0583,weather,8.8,15.5,147,0.0,11260.0,1006.1
2026-09-10T15:00,haldia_in,Haldia,India,destination,22.0257,88.0583,weather,7.2,15.5,148,0.0,10020.0,1007.2
2026-09-10T16:00,haldia_in,Haldia,India,destination,22.0257,88.0583,weather,4.4,12.2,122,0.0,8560.0,1007.7
2026-09-10T17:00,haldia_in,Haldia,India,destination,22.0257,88.0583,weather,6.7,11.2,88,0.1,7980.0,1007.6
2026-09-10T18:00,haldia_in,Haldia,India,destination,22.0257,88.0583,weather,8.2,14.4,81,0.0,9140.0,1006.9
2026-09-10T19:00,haldia_in,Haldia,India,destination,22.0257,88.0583,weather,9.9,16.9,80,0.0,8100.0,1006.1
2026-09-10T20:00,haldia_in,Haldia,India,destination,22.0257,88.0583,weather,8.3,17.3,79,0.0,7660.0,1005.4
2026-09-10T21:00,haldia_in,Haldia,India,destination,22.0257,88.0583,weather,7.0,14.0,90,0.0,6220.0,1005.6
2026-09-10T22:00,haldia_in,Haldia,India,destination,22.0257,88.0583,weather,8.8,14.0,85,2.4,2540.0,1005.7
2026-09-10T23:00,haldia_in,Haldia,India,destination,22.0257,88.0583,weather,8.2,17.6,113,0.5,4660.0,1006.1
2026-09-11T00:00,haldia_in,Haldia,India,destination,22.0257,88.0583,weather,8.8,17.3,91,0.1,4500.0,1006.3
2026-09-11T01:00,haldia_in,Haldia,India,destination,22.0257,88.0583,weather,9.8,20.5,103,0.3,4720.0,1007.1
2026-09-11T02:00,haldia_in,Haldia,India,destination,22.0257,88.0583,weather,11.3,24.5,115,0.3,4940.0,1008.0
2026-09-11T03:00,haldia_in,Haldia,India,destination,22.0257,88.0583,weather,12.8,28.1,121,0.3,5160.0,1008.6
2026-09-11T04:00,haldia_in,Haldia,India,destination,22.0257,88.0583,weather,14.0,31.0,122,0.9,4360.0,1008.8
2026-09-11T05:00,haldia_in,Haldia,India,destination,22.0257,88.0583,weather,14.8,33.1,121,0.9,3540.0,1008.6
2026-09-11T06:00,haldia_in,Haldia,India,destination,22.0257,88.0583,weather,15.3,34.6,120,0.9,2740.0,1008.1
2026-09-11T07:00,haldia_in,Haldia,India,destination,22.0257,88.0583,weather,14.9,34.9,125,0.9,2840.0,1007.0
2026-09-11T08:00,haldia_in,Haldia,India,destination,22.0257,88.0583,weather,14.3,34.2,132,0.9,2940.0,1005.5
2026-09-11T09:00,haldia_in,Haldia,India,destination,22.0257,88.0583,weather,13.9,33.5,138,0.9,3040.0,1004.5
2026-09-11T10:00,haldia_in,Haldia,India,destination,22.0257,88.0583,weather,14.1,33.1,140,0.4,5740.0,1004.2
2026-09-11T11:00,haldia_in,Haldia,India,destination,22.0257,88.0583,weather,14.2,32.4,142,0.4,8420.0,1004.3
2026-09-11T12:00,haldia_in,Haldia,India,destination,22.0257,88.0583,weather,14.2,31.3,142,0.4,11120.0,1004.8
2026-09-11T13:00,haldia_in,Haldia,India,destination,22.0257,88.0583,weather,13.9,29.5,141,0.3,9580.0,1005.9
2026-09-11T14:00,haldia_in,Haldia,India,destination,22.0257,88.0583,weather,13.6,27.0,139,0.3,8040.0,1007.4
2026-09-11T15:00,haldia_in,Haldia,India,destination,22.0257,88.0583,weather,12.7,24.8,135,0.3,6500.0,1008.4
2026-09-11T16:00,haldia_in,Haldia,India,destination,22.0257,88.0583,weather,10.8,23.4,127,0.0,7060.0,1008.6
2026-09-11T17:00,haldia_in,Haldia,India,destination,22.0257,88.0583,weather,8.8,22.3,113,0.0,7620.0,1008.3
2026-09-11T18:00,haldia_in,Haldia,India,destination,22.0257,88.0583,weather,7.6,20.9,97,0.0,8180.0,1007.9
2026-09-11T19:00,haldia_in,Haldia,India,destination,22.0257,88.0583,weather,7.1,18.4,84,0.2,6420.0,1007.4
2026-09-11T20:00,haldia_in,Haldia,India,destination,22.0257,88.0583,weather,6.8,15.8,73,0.2,4660.0,1006.9
2026-09-11T21:00,haldia_in,Haldia,India,destination,22.0257,88.0583,weather,7.1,15.1,71,0.2,2900.0,1006.6
2026-09-11T22:00,haldia_in,Haldia,India,destination,22.0257,88.0583,weather,7.9,18.0,77,0.7,3620.0,1006.7
2026-09-11T23:00,haldia_in,Haldia,India,destination,22.0257,88.0583,weather,9.4,23.0,86,0.7,4320.0,1007.1
2026-09-12T00:00,haldia_in,Haldia,India,destination,22.0257,88.0583,weather,11.2,27.4,93,0.7,5040.0,1007.6
2026-09-12T01:00,haldia_in,Haldia,India,destination,22.0257,88.0583,weather,13.1,29.2,98,0.0,5900.0,1008.2
2026-09-12T02:00,haldia_in,Haldia,India,destination,22.0257,88.0583,weather,15.1,30.2,102,0.0,6740.0,1008.9
2026-09-12T03:00,haldia_in,Haldia,India,destination,22.0257,88.0583,weather,17.0,32.0,106,0.0,7600.0,1009.4
2026-09-12T04:00,haldia_in,Haldia,India,destination,22.0257,88.0583,weather,19.0,35.6,110,0.6,6080.0,1009.5
2026-09-12T05:00,haldia_in,Haldia,India,destination,22.0257,88.0583,weather,21.1,40.0,115,0.6,4580.0,1009.2
2026-09-12T06:00,haldia_in,Haldia,India,destination,22.0257,88.0583,weather,22.2,42.8,119,0.6,3060.0,1008.8
2026-09-12T07:00,haldia_in,Haldia,India,destination,22.0257,88.0583,weather,21.4,43.2,122,0.6,3720.0,1008.0
2026-09-12T08:00,haldia_in,Haldia,India,destination,22.0257,88.0583,weather,19.8,42.1,126,0.6,4380.0,1006.9
2026-09-12T09:00,haldia_in,Haldia,India,destination,22.0257,88.0583,weather,18.5,41.0,130,0.6,5040.0,1006.2
2026-09-12T10:00,haldia_in,Haldia,India,destination,22.0257,88.0583,weather,18.0,41.0,133,0.0,7440.0,1005.9
2026-09-12T11:00,haldia_in,Haldia,India,destination,22.0257,88.0583,weather,17.6,41.4,136,0.0,9860.0,1005.9
2026-09-12T12:00,haldia_in,Haldia,India,destination,22.0257,88.0583,weather,16.8,40.3,137,0.0,12260.0,1006.2
2026-09-12T13:00,haldia_in,Haldia,India,destination,22.0257,88.0583,weather,15.5,37.1,135,0.0,12040.0,1007.0
2026-09-12T14:00,haldia_in,Haldia,India,destination,22.0257,88.0583,weather,14.0,33.1,131,0.0,11800.0,1008.2
2026-09-12T15:00,haldia_in,Haldia,India,destination,22.0257,88.0583,weather,12.6,29.2,127,0.0,11580.0,1009.1
2026-09-12T16:00,haldia_in,Haldia,India,destination,22.0257,88.0583,weather,11.4,26.6,123,0.0,10860.0,1009.6
2026-09-12T17:00,haldia_in,Haldia,India,destination,22.0257,88.0583,weather,10.2,24.1,120,0.0,10160.0,1009.9
2026-09-12T18:00,haldia_in,Haldia,India,destination,22.0257,88.0583,weather,8.8,22.0,116,0.0,9440.0,1010.0
2026-09-12T19:00,haldia_in,Haldia,India,destination,22.0257,88.0583,weather,7.0,19.1,108,0.0,8180.0,1009.7
2026-09-12T20:00,haldia_in,Haldia,India,destination,22.0257,88.0583,weather,5.2,16.2,96,0.0,6900.0,1009.2
2026-09-12T21:00,haldia_in,Haldia,India,destination,22.0257,88.0583,weather,4.4,14.8,81,0.0,5640.0,1008.9
2026-09-12T22:00,haldia_in,Haldia,India,destination,22.0257,88.0583,weather,4.2,15.5,72,0.4,6300.0,1008.8
2026-09-12T23:00,haldia_in,Haldia,India,destination,22.0257,88.0583,weather,4.4,17.6,71,0.4,6980.0,1008.9
2026-09-13T00:00,haldia_in,Haldia,India,destination,22.0257,88.0583,weather,5.3,20.5,80,0.4,7640.0,1009.2
2026-09-13T01:00,haldia_in,Haldia,India,destination,22.0257,88.0583,weather,8.5,24.5,97,0.0,8840.0,1010.0
2026-09-13T02:00,haldia_in,Haldia,India,destination,22.0257,88.0583,weather,13.2,29.2,107,0.0,10020.0,1011.1
2026-09-13T03:00,haldia_in,Haldia,India,destination,22.0257,88.0583,weather,16.1,32.8,110,0.0,11220.0,1011.7
2026-09-13T04:00,haldia_in,Haldia,India,destination,22.0257,88.0583,weather,15.1,33.8,110,0.1,8860.0,1011.4
2026-09-13T05:00,haldia_in,Haldia,India,destination,22.0257,88.0583,weather,12.3,33.8,108,0.1,6480.0,1010.5
2026-09-13T06:00,haldia_in,Haldia,India,destination,22.0257,88.0583,weather,10.1,33.8,106,0.1,4120.0,1009.9
2026-09-13T07:00,haldia_in,Haldia,India,destination,22.0257,88.0583,weather,10.9,28.8,123,0.5,4820.0,1009.8
2026-09-13T08:00,haldia_in,Haldia,India,destination,22.0257,88.0583,weather,9.6,29.5,128,0.5,5040.0,1009.3
2026-09-13T09:00,haldia_in,Haldia,India,destination,22.0257,88.0583,weather,7.9,30.2,135,0.5,5240.0,1008.7
2026-09-13T10:00,haldia_in,Haldia,India,destination,22.0257,88.0583,weather,6.2,30.2,144,0.5,5440.0,1008.0
2026-09-13T11:00,haldia_in,Haldia,India,destination,22.0257,88.0583,weather,4.8,29.5,158,0.5,5660.0,1007.6
2026-09-13T12:00,haldia_in,Haldia,India,destination,22.0257,88.0583,weather,3.6,28.4,174,0.5,5860.0,1007.4
2026-09-13T13:00,haldia_in,Haldia,India,destination,22.0257,88.0583,weather,2.6,25.9,192,0.0,6280.0,1007.5
2026-09-13T14:00,haldia_in,Haldia,India,destination,22.0257,88.0583,weather,1.7,22.7,229,0.0,6700.0,1007.9
2026-09-13T15:00,haldia_in,Haldia,India,destination,22.0257,88.0583,weather,1.9,18.4,287,0.0,7140.0,1008.5
2026-09-13T16:00,haldia_in,Haldia,India,destination,22.0257,88.0583,weather,3.2,14.4,317,0.0,7560.0,1009.1
2026-09-13T17:00,haldia_in,Haldia,India,destination,22.0257,88.0583,weather,4.3,11.2,327,0.0,7980.0,1009.6
2026-09-13T18:00,haldia_in,Haldia,India,destination,22.0257,88.0583,weather,5.2,9.0,333,0.0,8400.0,1010.0
2026-09-13T19:00,haldia_in,Haldia,India,destination,22.0257,88.0583,weather,5.6,8.3,339,1.5,7420.0,1010.2
2026-09-13T20:00,haldia_in,Haldia,India,destination,22.0257,88.0583,weather,5.8,9.0,346,1.5,6440.0,1010.4
2026-09-13T21:00,haldia_in,Haldia,India,destination,22.0257,88.0583,weather,5.6,10.1,353,1.5,5460.0,1010.6
2026-09-13T22:00,haldia_in,Haldia,India,destination,22.0257,88.0583,weather,5.6,11.5,2,1.5,4480.0,1010.6
2026-09-13T23:00,haldia_in,Haldia,India,destination,22.0257,88.0583,weather,5.5,13.3,11,1.5,3500.0,1010.7
2026-09-07T00:00,hay_point_au,Hay Point,Australia,origin,-21.26667,149.30111,weather,3.5,15.1,99,0.0,940.0,1019.7
2026-09-07T01:00,hay_point_au,Hay Point,Australia,origin,-21.26667,149.30111,weather,9.0,24.1,89,0.0,660.0,1019.0
2026-09-07T02:00,hay_point_au,Hay Point,Australia,origin,-21.26667,149.30111,weather,10.3,27.4,79,0.0,42440.0,1017.9
2026-09-07T03:00,hay_point_au,Hay Point,Australia,origin,-21.26667,149.30111,weather,10.2,26.6,73,0.0,42840.0,1016.8
2026-09-07T04:00,hay_point_au,Hay Point,Australia,origin,-21.26667,149.30111,weather,11.5,27.7,70,0.0,46820.0,1015.9
2026-09-07T05:00,hay_point_au,Hay Point,Australia,origin,-21.26667,149.30111,weather,13.0,29.5,71,0.0,42820.0,1015.5
2026-09-07T06:00,hay_point_au,Hay Point,Australia,origin,-21.26667,149.30111,weather,13.1,29.5,75,0.0,20740.0,1015.5
2026-09-07T07:00,hay_point_au,Hay Point,Australia,origin,-21.26667,149.30111,weather,12.0,28.4,64,0.0,22160.0,1015.6
2026-09-07T08:00,hay_point_au,Hay Point,Australia,origin,-21.26667,149.30111,weather,4.3,24.1,68,0.0,18320.0,1016.3
2026-09-07T09:00,hay_point_au,Hay Point,Australia,origin,-21.26667,149.30111,weather,2.5,6.1,111,0.0,20560.0,1017.0
2026-09-07T10:00,hay_point_au,Hay Point,Australia,origin,-21.26667,149.30111,weather,0.4,4.0,297,0.0,21240.0,1017.7
2026-09-07T11:00,hay_point_au,Hay Point,Australia,origin,-21.26667,149.30111,weather,1.7,2.5,311,0.0,19480.0,1017.7
2026-09-07T12:00,hay_point_au,Hay Point,Australia,origin,-21.26667,149.30111,weather,4.9,7.2,306,0.0,18900.0,1017.8
2026-09-07T13:00,hay_point_au,Hay Point,Australia,origin,-21.26667,149.30111,weather,4.8,7.6,304,0.0,29880.0,1017.3
2026-09-07T14:00,hay_point_au,Hay Point,Australia,origin,-21.26667,149.30111,weather,7.3,11.9,316,0.0,29420.0,1016.6
2026-09-07T15:00,hay_point_au,Hay Point,Australia,origin,-21.26667,149.30111,weather,5.4,12.6,291,0.0,340.0,1016.3
2026-09-07T16:00,hay_point_au,Hay Point,Australia,origin,-21.26667,149.30111,weather,4.5,10.1,272,0.0,200.0,1016.2
2026-09-07T17:00,hay_point_au,Hay Point,Australia,origin,-21.26667,149.30111,weather,6.9,11.9,203,0.0,220.0,1016.6
2026-09-07T18:00,hay_point_au,Hay Point,Australia,origin,-21.26667,149.30111,weather,7.6,14.0,198,0.0,240.0,1016.8
2026-09-07T19:00,hay_point_au,Hay Point,Australia,origin,-21.26667,149.30111,weather,7.4,14.4,198,0.0,280.0,1017.2
2026-09-07T20:00,hay_point_au,Hay Point,Australia,origin,-21.26667,149.30111,weather,8.3,15.8,196,0.0,260.0,1017.9
2026-09-07T21:00,hay_point_au,Hay Point,Australia,origin,-21.26667,149.30111,weather,9.2,18.0,182,0.0,160.0,1018.7
2026-09-07T22:00,hay_point_au,Hay Point,Australia,origin,-21.26667,149.30111,weather,7.8,20.2,172,0.0,920.0,1019.1
2026-09-07T23:00,hay_point_au,Hay Point,Australia,origin,-21.26667,149.30111,weather,8.0,21.2,144,0.0,4020.0,1019.3
2026-09-08T00:00,hay_point_au,Hay Point,Australia,origin,-21.26667,149.30111,weather,11.0,27.0,122,0.0,4560.0,1019.3
2026-09-08T01:00,hay_point_au,Hay Point,Australia,origin,-21.26667,149.30111,weather,15.3,34.9,109,0.0,36240.0,1018.6
2026-09-08T02:00,hay_point_au,Hay Point,Australia,origin,-21.26667,149.30111,weather,17.5,39.2,102,0.0,19720.0,1017.7
2026-09-08T03:00,hay_point_au,Hay Point,Australia,origin,-21.26667,149.30111,weather,17.6,40.7,104,0.0,42760.0,1016.7
2026-09-08T04:00,hay_point_au,Hay Point,Australia,origin,-21.26667,149.30111,weather,16.5,39.6,104,0.0,42760.0,1015.9
2026-09-08T05:00,hay_point_au,Hay Point,Australia,origin,-21.26667,149.30111,weather,15.9,36.7,100,0.0,42760.0,1015.4
2026-09-08T06:00,hay_point_au,Hay Point,Australia,origin,-21.26667,149.30111,weather,14.6,35.6,94,0.0,23520.0,1015.4
2026-09-08T07:00,hay_point_au,Hay Point,Australia,origin,-21.26667,149.30111,weather,12.4,32.0,89,0.0,19620.0,1015.9
2026-09-08T08:00,hay_point_au,Hay Point,Australia,origin,-21.26667,149.30111,weather,7.4,26.3,87,0.0,18660.0,1016.7
2026-09-08T09:00,hay_point_au,Hay Point,Australia,origin,-21.26667,149.30111,weather,7.4,14.0,91,0.0,21960.0,1017.4
2026-09-08T10:00,hay_point_au,Hay Point,Australia,origin,-21.26667,149.30111,weather,8.5,14.4,94,0.0,30240.0,1018.4
2026-09-08T11:00,hay_point_au,Hay Point,Australia,origin,-21.26667,149.30111,weather,9.4,16.6,90,0.0,29860.0,1018.9
2026-09-08T12:00,hay_point_au,Hay Point,Australia,origin,-21.26667,149.30111,weather,9.4,16.9,88,0.0,26600.0,1018.9
2026-09-08T13:00,hay_point_au,Hay Point,Australia,origin,-21.26667,149.30111,weather,9.9,17.6,85,0.0,21240.0,1018.7
2026-09-08T14:00,hay_point_au,Hay Point,Australia,origin,-21.26667,149.30111,weather,9.1,17.6,81,0.1,11800.0,1018.5
2026-09-08T15:00,hay_point_au,Hay Point,Australia,origin,-21.26667,149.30111,weather,8.7,15.8,72,0.1,13280.0,1018.2
2026-09-08T16:00,hay_point_au,Hay Point,Australia,origin,-21.26667,149.30111,weather,9.7,16.6,79,0.2,10540.0,1017.9
2026-09-08T17:00,hay_point_au,Hay Point,Australia,origin,-21.26667,149.30111,weather,9.7,18.0,86,0.1,11320.0,1017.7
2026-09-08T18:00,hay_point_au,Hay Point,Australia,origin,-21.26667,149.30111,weather,13.6,23.4,97,0.3,6360.0,1017.9
2026-09-08T19:00,hay_point_au,Hay Point,Australia,origin,-21.26667,149.30111,weather,14.3,25.2,97,0.2,9240.0,1018.2
2026-09-08T20:00,hay_point_au,Hay Point,Australia,origin,-21.26667,149.30111,weather,12.4,25.2,98,0.1,20260.0,1018.9
2026-09-08T21:00,hay_point_au,Hay Point,Australia,origin,-21.26667,149.30111,weather,9.9,21.6,100,0.1,8120.0,1019.9
2026-09-08T22:00,hay_point_au,Hay Point,Australia,origin,-21.26667,149.30111,weather,11.4,23.0,85,0.1,10660.0,1020.7
2026-09-08T23:00,hay_point_au,Hay Point,Australia,origin,-21.26667,149.30111,weather,16.7,35.3,83,0.2,10660.0,1021.2
2026-09-09T00:00,hay_point_au,Hay Point,Australia,origin,-21.26667,149.30111,weather,16.1,36.7,86,0.2,9700.0,1021.2
2026-09-09T01:00,hay_point_au,Hay Point,Australia,origin,-21.26667,149.30111,weather,15.5,36.0,89,0.3,6740.0,1020.7
2026-09-09T02:00,hay_point_au,Hay Point,Australia,origin,-21.26667,149.30111,weather,16.4,37.1,93,0.4,9040.0,1020.1
2026-09-09T03:00,hay_point_au,Hay Point,Australia,origin,-21.26667,149.30111,weather,17.6,39.6,96,0.1,20960.0,1019.4
2026-09-09T04:00,hay_point_au,Hay Point,Australia,origin,-21.26667,149.30111,weather,17.4,40.0,103,0.0,46660.0,1019.1
2026-09-09T05:00,hay_point_au,Hay Point,Australia,origin,-21.26667,149.30111,weather,15.7,39.2,107,0.0,46660.0,1018.9
2026-09-09T06:00,hay_point_au,Hay Point,Australia,origin,-21.26667,149.30111,weather,14.4,34.9,106,0.0,46660.0,1018.8
2026-09-09T07:00,hay_point_au,Hay Point,Australia,origin,-21.26667,149.30111,weather,12.6,31.7,101,0.0,42660.0,1019.2
2026-09-09T08:00,hay_point_au,Hay Point,Australia,origin,-21.26667,149.30111,weather,13.2,26.6,114,0.0,42660.0,1020.0
2026-09-09T09:00,hay_point_au,Hay Point,Australia,origin,-21.26667,149.30111,weather,13.6,24.8,112,0.0,31220.0,1020.8
2026-09-09T10:00,hay_point_au,Hay Point,Australia,origin,-21.26667,149.30111,weather,13.0,24.1,108,0.0,41520.0,1021.5
2026-09-09T11:00,hay_point_au,Hay Point,Australia,origin,-21.26667,149.30111,weather,12.1,23.0,107,0.0,42660.0,1021.9
2026-09-09T12:00,hay_point_au,Hay Point,Australia,origin,-21.26667,149.30111,weather,10.1,21.2,102,0.0,42660.0,1021.8
2026-09-09T13:00,hay_point_au,Hay Point,Australia,origin,-21.26667,149.30111,weather,10.4,18.4,105,0.0,42660.0,1021.7
2026-09-09T14:00,hay_point_au,Hay Point,Australia,origin,-21.26667,149.30111,weather,11.2,19.4,102,0.0,42640.0,1021.6
2026-09-09T15:00,hay_point_au,Hay Point,Australia,origin,-21.26667,149.30111,weather,11.8,20.9,107,0.0,42640.0,1021.1
2026-09-09T16:00,hay_point_au,Hay Point,Australia,origin,-21.26667,149.30111,weather,12.8,22.3,112,0.0,42640.0,1020.7
2026-09-09T17:00,hay_point_au,Hay Point,Australia,origin,-21.26667,149.30111,weather,13.5,23.8,115,0.0,15560.0,1020.6
2026-09-09T18:00,hay_point_au,Hay Point,Australia,origin,-21.26667,149.30111,weather,13.9,24.8,117,0.0,15880.0,1020.7
2026-09-09T19:00,hay_point_au,Hay Point,Australia,origin,-21.26667,149.30111,weather,14.4,25.2,118,0.0,16020.0,1021.4
2026-09-09T20:00,hay_point_au,Hay Point,Australia,origin,-21.26667,149.30111,weather,14.2,25.6,119,0.0,15180.0,1022.1
2026-09-09T21:00,hay_point_au,Hay Point,Australia,origin,-21.26667,149.30111,weather,14.4,26.3,121,0.0,24980.0,1022.8
2026-09-09T22:00,hay_point_au,Hay Point,Australia,origin,-21.26667,149.30111,weather,16.9,35.6,118,0.0,46600.0,1023.3
2026-09-09T23:00,hay_point_au,Hay Point,Australia,origin,-21.26667,149.30111,weather,20.9,44.3,122,0.0,33220.0,1024.0
2026-09-10T00:00,hay_point_au,Hay Point,Australia,origin,-21.26667,149.30111,weather,23.0,48.6,121,0.1,13660.0,1024.1
2026-09-10T01:00,hay_point_au,Hay Point,Australia,origin,-21.26667,149.30111,weather,25.0,52.9,120,0.2,13740.0,1024.0
2026-09-10T02:00,hay_point_au,Hay Point,Australia,origin,-21.26667,149.30111,weather,25.8,55.4,118,0.1,9460.0,1023.4
2026-09-10T03:00,hay_point_au,Hay Point,Australia,origin,-21.26667,149.30111,weather,27.1,57.6,118,0.2,14360.0,1023.0
2026-09-10T04:00,hay_point_au,Hay Point,Australia,origin,-21.26667,149.30111,weather,27.5,58.0,115,0.1,12220.0,1022.6
2026-09-10T05:00,hay_point_au,Hay Point,Australia,origin,-21.26667,149.30111,weather,27.7,57.2,117,0.1,12700.0,1022.3
2026-09-10T06:00,hay_point_au,Hay Point,Australia,origin,-21.26667,149.30111,weather,27.0,57.2,120,0.0,17340.0,1022.6
2026-09-10T07:00,hay_point_au,Hay Point,Australia,origin,-21.26667,149.30111,weather,28.3,56.5,119,0.1,8500.0,1023.4
2026-09-10T08:00,hay_point_au,Hay Point,Australia,origin,-21.26667,149.30111,weather,26.0,53.3,122,0.2,7660.0,1024.0
2026-09-10T09:00,hay_point_au,Hay Point,Australia,origin,-21.26667,149.30111,weather,24.0,47.9,124,0.3,11620.0,1024.6
2026-09-10T10:00,hay_point_au,Hay Point,Australia,origin,-21.26667,149.30111,weather,25.9,47.2,128,0.2,7900.0,1025.2
2026-09-10T11:00,hay_point_au,Hay Point,Australia,origin,-21.26667,149.30111,weather,26.4,49.0,130,0.2,6820.0,1025.6
2026-09-10T12:00,hay_point_au,Hay Point,Australia,origin,-21.26667,149.30111,weather,26.2,50.4,133,0.1,11660.0,1025.6
2026-09-10T13:00,hay_point_au,Hay Point,Australia,origin,-21.26667,149.30111,weather,27.6,51.8,134,0.3,7800.0,1025.6
2026-09-10T14:00,hay_point_au,Hay Point,Australia,origin,-21.26667,149.30111,weather,26.6,49.7,134,0.4,12080.0,1025.2
2026-09-10T15:00,hay_point_au,Hay Point,Australia,origin,-21.26667,149.30111,weather,26.2,51.8,135,0.4,18840.0,1024.7
2026-09-10T16:00,hay_point_au,Hay Point,Australia,origin,-21.26667,149.30111,weather,30.3,55.8,134,0.4,5280.0,1024.1
2026-09-10T17:00,hay_point_au,Hay Point,Australia,origin,-21.26667,149.30111,weather,28.9,55.4,141,0.4,9520.0,1023.9
2026-09-10T18:00,hay_point_au,Hay Point,Australia,origin,-21.26667,149.30111,weather,28.5,54.0,143,0.5,6300.0,1023.9
2026-09-10T19:00,hay_point_au,Hay Point,Australia,origin,-21.26667,149.30111,weather,25.7,51.8,150,1.2,3520.0,1024.0
2026-09-10T20:00,hay_point_au,Hay Point,Australia,origin,-21.26667,149.30111,weather,26.1,47.9,147,0.6,4980.0,1024.9
2026-09-10T21:00,hay_point_au,Hay Point,Australia,origin,-21.26667,149.30111,weather,27.3,49.0,146,0.2,8800.0,1025.5
2026-09-10T22:00,hay_point_au,Hay Point,Australia,origin,-21.26667,149.30111,weather,27.9,55.4,141,0.1,9860.0,1025.8
2026-09-10T23:00,hay_point_au,Hay Point,Australia,origin,-21.26667,149.30111,weather,32.2,64.4,135,0.1,12360.0,1025.9
2026-09-11T00:00,hay_point_au,Hay Point,Australia,origin,-21.26667,149.30111,weather,32.5,66.6,135,0.1,13660.0,1025.9
2026-09-11T01:00,hay_point_au,Hay Point,Australia,origin,-21.26667,149.30111,weather,32.8,68.4,132,0.1,16780.0,1025.4
2026-09-11T02:00,hay_point_au,Hay Point,Australia,origin,-21.26667,149.30111,weather,32.2,68.8,129,0.1,19880.0,1024.6
2026-09-11T03:00,hay_point_au,Hay Point,Australia,origin,-21.26667,149.30111,weather,31.9,68.4,127,0.1,23000.0,1023.9
2026-09-11T04:00,hay_point_au,Hay Point,Australia,origin,-21.26667,149.30111,weather,31.8,68.0,125,0.1,19120.0,1023.4
2026-09-11T05:00,hay_point_au,Hay Point,Australia,origin,-21.26667,149.30111,weather,31.7,67.0,125,0.1,15240.0,1023.0
2026-09-11T06:00,hay_point_au,Hay Point,Australia,origin,-21.26667,149.30111,weather,31.6,65.9,124,0.1,11360.0,1022.9
2026-09-11T07:00,hay_point_au,Hay Point,Australia,origin,-21.26667,149.30111,weather,31.7,65.2,125,0.2,12100.0,1023.2
2026-09-11T08:00,hay_point_au,Hay Point,Australia,origin,-21.26667,149.30111,weather,31.9,64.4,125,0.2,12820.0,1023.8
2026-09-11T09:00,hay_point_au,Hay Point,Australia,origin,-21.26667,149.30111,weather,31.8,63.7,126,0.2,13560.0,1024.4
2026-09-11T10:00,hay_point_au,Hay Point,Australia,origin,-21.26667,149.30111,weather,31.1,62.3,127,0.1,12200.0,1024.9
2026-09-11T11:00,hay_point_au,Hay Point,Australia,origin,-21.26667,149.30111,weather,29.8,60.8,129,0.1,10840.0,1025.3
2026-09-11T12:00,hay_point_au,Hay Point,Australia,origin,-21.26667,149.30111,weather,28.3,59.0,130,0.1,9480.0,1025.5
2026-09-11T13:00,hay_point_au,Hay Point,Australia,origin,-21.26667,149.30111,weather,25.9,56.9,131,0.4,8520.0,1025.3
2026-09-11T14:00,hay_point_au,Hay Point,Australia,origin,-21.26667,149.30111,weather,22.9,54.7,132,0.4,7560.0,1025.0
2026-09-11T15:00,hay_point_au,Hay Point,Australia,origin,-21.26667,149.30111,weather,20.8,51.8,133,0.4,6600.0,1024.5
2026-09-11T16:00,hay_point_au,Hay Point,Australia,origin,-21.26667,149.30111,weather,20.1,48.2,136,0.3,5760.0,1023.9
2026-09-11T17:00,hay_point_au,Hay Point,Australia,origin,-21.26667,149.30111,weather,20.3,44.3,140,0.3,4940.0,1023.2
2026-09-11T18:00,hay_point_au,Hay Point,Australia,origin,-21.26667,149.30111,weather,20.6,41.0,143,0.3,4100.0,1022.9
2026-09-11T19:00,hay_point_au,Hay Point,Australia,origin,-21.26667,149.30111,weather,20.3,38.9,147,0.5,6220.0,1023.2
2026-09-11T20:00,hay_point_au,Hay Point,Australia,origin,-21.26667,149.30111,weather,20.2,37.4,150,0.5,8360.0,1023.9
2026-09-11T21:00,hay_point_au,Hay Point,Australia,origin,-21.26667,149.30111,weather,20.6,38.5,151,0.5,10480.0,1024.5
2026-09-11T22:00,hay_point_au,Hay Point,Australia,origin,-21.26667,149.30111,weather,22.6,43.6,148,0.2,10980.0,1024.8
2026-09-11T23:00,hay_point_au,Hay Point,Australia,origin,-21.26667,149.30111,weather,25.4,51.1,144,0.2,11480.0,1025.0
2026-09-12T00:00,hay_point_au,Hay Point,Australia,origin,-21.26667,149.30111,weather,27.3,56.5,140,0.2,11980.0,1024.9
2026-09-12T01:00,hay_point_au,Hay Point,Australia,origin,-21.26667,149.30111,weather,27.6,58.3,134,0.5,12080.0,1024.2
2026-09-12T02:00,hay_point_au,Hay Point,Australia,origin,-21.26667,149.30111,weather,27.3,58.3,126,0.5,12180.0,1023.2
2026-09-12T03:00,hay_point_au,Hay Point,Australia,origin,-21.26667,149.30111,weather,27.2,58.0,121,0.5,12280.0,1022.4
2026-09-12T04:00,hay_point_au,Hay Point,Australia,origin,-21.26667,149.30111,weather,27.2,58.0,121,0.1,13520.0,1021.8
2026-09-12T05:00,hay_point_au,Hay Point,Australia,origin,-21.26667,149.30111,weather,26.9,57.6,122,0.1,14780.0,1021.4
2026-09-12T06:00,hay_point_au,Hay Point,Australia,origin,-21.26667,149.30111,weather,26.3,57.2,123,0.1,16020.0,1021.2
2026-09-12T07:00,hay_point_au,Hay Point,Australia,origin,-21.26667,149.30111,weather,25.1,56.5,124,0.0,14300.0,1021.5
2026-09-12T08:00,hay_point_au,Hay Point,Australia,origin,-21.26667,149.30111,weather,23.8,55.4,126,0.0,12560.0,1022.0
2026-09-12T09:00,hay_point_au,Hay Point,Australia,origin,-21.26667,149.30111,weather,22.9,53.6,127,0.0,10840.0,1022.5
2026-09-12T10:00,hay_point_au,Hay Point,Australia,origin,-21.26667,149.30111,weather,22.7,50.4,128,0.2,10020.0,1023.0
2026-09-12T11:00,hay_point_au,Hay Point,Australia,origin,-21.26667,149.30111,weather,22.9,46.8,129,0.2,9220.0,1023.4
2026-09-12T12:00,hay_point_au,Hay Point,Australia,origin,-21.26667,149.30111,weather,22.7,43.6,130,0.2,8400.0,1023.6
2026-09-12T13:00,hay_point_au,Hay Point,Australia,origin,-21.26667,149.30111,weather,22.2,42.1,132,0.2,12420.0,1023.4
2026-09-12T14:00,hay_point_au,Hay Point,Australia,origin,-21.26667,149.30111,weather,21.3,41.4,134,0.2,16420.0,1022.9
2026-09-12T15:00,hay_point_au,Hay Point,Australia,origin,-21.26667,149.30111,weather,20.4,40.7,137,0.2,20440.0,1022.4
2026-09-12T16:00,hay_point_au,Hay Point,Australia,origin,-21.26667,149.30111,weather,19.2,39.2,141,0.2,16000.0,1021.9
2026-09-12T17:00,hay_point_au,Hay Point,Australia,origin,-21.26667,149.30111,weather,18.0,37.4,146,0.2,11560.0,1021.4
2026-09-12T18:00,hay_point_au,Hay Point,Australia,origin,-21.26667,149.30111,weather,17.4,36.4,150,0.2,7120.0,1021.2
2026-09-12T19:00,hay_point_au,Hay Point,Australia,origin,-21.26667,149.30111,weather,17.3,35.6,155,0.1,6480.0,1021.5
2026-09-12T20:00,hay_point_au,Hay Point,Australia,origin,-21.26667,149.30111,weather,17.5,35.6,158,0.1,5860.0,1022.2
2026-09-12T21:00,hay_point_au,Hay Point,Australia,origin,-21.26667,149.30111,weather,18.4,37.4,157,0.1,5220.0,1022.7
2026-09-12T22:00,hay_point_au,Hay Point,Australia,origin,-21.26667,149.30111,weather,20.5,42.1,151,0.2,7260.0,1023.1
2026-09-12T23:00,hay_point_au,Hay Point,Australia,origin,-21.26667,149.30111,weather,23.6,48.6,142,0.2,9320.0,1023.5
2026-09-13T00:00,hay_point_au,Hay Point,Australia,origin,-21.26667,149.30111,weather,26.2,53.6,136,0.2,11360.0,1023.5
2026-09-13T01:00,hay_point_au,Hay Point,Australia,origin,-21.26667,149.30111,weather,27.2,55.8,130,0.3,12220.0,1023.0
2026-09-13T02:00,hay_point_au,Hay Point,Australia,origin,-21.26667,149.30111,weather,27.4,56.9,125,0.3,13060.0,1022.2
2026-09-13T03:00,hay_point_au,Hay Point,Australia,origin,-21.26667,149.30111,weather,27.4,57.6,121,0.3,13920.0,1021.5
2026-09-13T04:00,hay_point_au,Hay Point,Australia,origin,-21.26667,149.30111,weather,27.2,58.3,120,0.1,14440.0,1020.9
2026-09-13T05:00,hay_point_au,Hay Point,Australia,origin,-21.26667,149.30111,weather,26.8,58.7,121,0.1,14960.0,1020.4
2026-09-13T06:00,hay_point_au,Hay Point,Australia,origin,-21.26667,149.30111,weather,26.3,58.7,121,0.1,15480.0,1020.1
2026-09-13T07:00,hay_point_au,Hay Point,Australia,origin,-21.26667,149.30111,weather,23.6,53.6,121,0.0,20300.0,1020.2
2026-09-13T08:00,hay_point_au,Hay Point,Australia,origin,-21.26667,149.30111,weather,23.3,52.9,122,0.0,20100.0,1020.6
2026-09-13T09:00,hay_point_au,Hay Point,Australia,origin,-21.26667,149.30111,weather,22.7,52.6,124,0.0,19920.0,1021.3
2026-09-13T10:00,hay_point_au,Hay Point,Australia,origin,-21.26667,149.30111,weather,22.2,51.5,126,0.0,19720.0,1021.9
2026-09-13T11:00,hay_point_au,Hay Point,Australia,origin,-21.26667,149.30111,weather,21.6,50.4,128,0.0,19520.0,1022.5
2026-09-13T12:00,hay_point_au,Hay Point,Australia,origin,-21.26667,149.30111,weather,21.0,49.3,129,0.0,19320.0,1022.7
2026-09-13T13:00,hay_point_au,Hay Point,Australia,origin,-21.26667,149.30111,weather,20.0,47.5,131,0.1,17200.0,1022.6
2026-09-13T14:00,hay_point_au,Hay Point,Australia,origin,-21.26667,149.30111,weather,19.0,45.0,133,0.1,15060.0,1022.1
2026-09-13T15:00,hay_point_au,Hay Point,Australia,origin,-21.26667,149.30111,weather,17.8,42.5,135,0.1,12940.0,1021.6
2026-09-13T16:00,hay_point_au,Hay Point,Australia,origin,-21.26667,149.30111,weather,16.8,40.3,137,0.1,10800.0,1021.0
2026-09-13T17:00,hay_point_au,Hay Point,Australia,origin,-21.26667,149.30111,weather,16.1,38.5,138,0.1,8680.0,1020.6
2026-09-13T18:00,hay_point_au,Hay Point,Australia,origin,-21.26667,149.30111,weather,15.9,37.8,138,0.1,6540.0,1020.4
2026-09-13T19:00,hay_point_au,Hay Point,Australia,origin,-21.26667,149.30111,weather,16.6,38.5,137,0.2,8660.0,1020.6
2026-09-13T20:00,hay_point_au,Hay Point,Australia,origin,-21.26667,149.30111,weather,17.8,40.3,135,0.2,10780.0,1021.1
2026-09-13T21:00,hay_point_au,Hay Point,Australia,origin,-21.26667,149.30111,weather,19.4,42.5,133,0.2,12920.0,1021.7
2026-09-13T22:00,hay_point_au,Hay Point,Australia,origin,-21.26667,149.30111,weather,21.1,45.4,130,0.2,15040.0,1022.3
2026-09-13T23:00,hay_point_au,Hay Point,Australia,origin,-21.26667,149.30111,weather,22.5,47.5,129,0.2,17160.0,1022.8
2026-09-07T00:00,maputo_mz,Maputo,Mozambique,origin,-25.96034,32.54528,weather,13.0,25.6,177,0.6,14120.0,1028.6
2026-09-07T01:00,maputo_mz,Maputo,Mozambique,origin,-25.96034,32.54528,weather,12.6,23.0,197,0.0,18780.0,1028.4
2026-09-07T02:00,maputo_mz,Maputo,Mozambique,origin,-25.96034,32.54528,weather,13.4,24.8,184,0.0,20380.0,1028.2
2026-09-07T03:00,maputo_mz,Maputo,Mozambique,origin,-25.96034,32.54528,weather,11.9,24.1,195,0.0,19940.0,1028.7
2026-09-07T04:00,maputo_mz,Maputo,Mozambique,origin,-25.96034,32.54528,weather,12.0,21.6,210,0.0,12680.0,1030.0
2026-09-07T05:00,maputo_mz,Maputo,Mozambique,origin,-25.96034,32.54528,weather,12.4,23.4,199,0.1,8900.0,1031.1
2026-09-07T06:00,maputo_mz,Maputo,Mozambique,origin,-25.96034,32.54528,weather,9.8,23.4,194,0.1,11900.0,1031.7
2026-09-07T07:00,maputo_mz,Maputo,Mozambique,origin,-25.96034,32.54528,weather,10.3,21.6,192,0.1,7920.0,1032.2
2026-09-07T08:00,maputo_mz,Maputo,Mozambique,origin,-25.96034,32.54528,weather,11.0,23.4,199,0.2,6040.0,1032.2
2026-09-07T09:00,maputo_mz,Maputo,Mozambique,origin,-25.96034,32.54528,weather,10.6,25.9,180,0.8,3940.0,1031.8
2026-09-07T10:00,maputo_mz,Maputo,Mozambique,origin,-25.96034,32.54528,weather,9.6,24.5,168,0.8,5060.0,1031.3
2026-09-07T11:00,maputo_mz,Maputo,Mozambique,origin,-25.96034,32.54528,weather,9.7,24.5,152,0.4,7260.0,1030.3
2026-09-07T12:00,maputo_mz,Maputo,Mozambique,origin,-25.96034,32.54528,weather,11.4,24.5,127,0.3,5860.0,1029.7
2026-09-07T13:00,maputo_mz,Maputo,Mozambique,origin,-25.96034,32.54528,weather,12.7,27.0,136,0.3,11480.0,1029.8
2026-09-07T14:00,maputo_mz,Maputo,Mozambique,origin,-25.96034,32.54528,weather,11.6,26.3,141,0.1,9860.0,1029.8
2026-09-07T15:00,maputo_mz,Maputo,Mozambique,origin,-25.96034,32.54528,weather,7.0,22.3,179,0.0,29540.0,1029.7
2026-09-07T16:00,maputo_mz,Maputo,Mozambique,origin,-25.96034,32.54528,weather,7.5,13.7,215,0.0,12700.0,1030.2
2026-09-07T17:00,maputo_mz,Maputo,Mozambique,origin,-25.96034,32.54528,weather,7.0,14.0,220,0.0,23660.0,1030.7
2026-09-07T18:00,maputo_mz,Maputo,Mozambique,origin,-25.96034,32.54528,weather,6.2,12.6,201,0.0,26200.0,1031.2
2026-09-07T19:00,maputo_mz,Maputo,Mozambique,origin,-25.96034,32.54528,weather,6.3,11.2,183,0.0,29540.0,1031.6
2026-09-07T20:00,maputo_mz,Maputo,Mozambique,origin,-25.96034,32.54528,weather,5.6,11.2,176,0.0,22420.0,1031.9
2026-09-07T21:00,maputo_mz,Maputo,Mozambique,origin,-25.96034,32.54528,weather,4.5,9.4,180,0.0,29540.0,1031.7
2026-09-07T22:00,maputo_mz,Maputo,Mozambique,origin,-25.96034,32.54528,weather,4.8,8.3,211,0.0,26200.0,1031.6
2026-09-07T23:00,maputo_mz,Maputo,Mozambique,origin,-25.96034,32.54528,weather,7.9,14.0,219,0.0,16520.0,1031.2
2026-09-08T00:00,maputo_mz,Maputo,Mozambique,origin,-25.96034,32.54528,weather,6.6,14.8,217,0.0,13220.0,1030.7
2026-09-08T01:00,maputo_mz,Maputo,Mozambique,origin,-25.96034,32.54528,weather,6.1,11.2,238,0.0,23640.0,1030.4
2026-09-08T02:00,maputo_mz,Maputo,Mozambique,origin,-25.96034,32.54528,weather,7.5,13.0,217,0.0,23320.0,1030.0
2026-09-08T03:00,maputo_mz,Maputo,Mozambique,origin,-25.96034,32.54528,weather,7.1,13.0,207,0.0,20480.0,1030.4
2026-09-08T04:00,maputo_mz,Maputo,Mozambique,origin,-25.96034,32.54528,weather,8.0,13.7,208,0.0,19520.0,1030.9
2026-09-08T05:00,maputo_mz,Maputo,Mozambique,origin,-25.96034,32.54528,weather,8.8,15.5,221,0.0,23420.0,1031.3
2026-09-08T06:00,maputo_mz,Maputo,Mozambique,origin,-25.96034,32.54528,weather,8.1,18.0,201,0.0,28920.0,1031.7
2026-09-08T07:00,maputo_mz,Maputo,Mozambique,origin,-25.96034,32.54528,weather,11.5,24.8,138,0.1,13060.0,1032.0
2026-09-08T08:00,maputo_mz,Maputo,Mozambique,origin,-25.96034,32.54528,weather,14.6,31.3,110,0.1,16160.0,1031.9
2026-09-08T09:00,maputo_mz,Maputo,Mozambique,origin,-25.96034,32.54528,weather,16.2,35.3,98,0.1,12080.0,1031.4
2026-09-08T10:00,maputo_mz,Maputo,Mozambique,origin,-25.96034,32.54528,weather,15.5,35.3,95,0.1,23660.0,1030.6
2026-09-08T11:00,maputo_mz,Maputo,Mozambique,origin,-25.96034,32.54528,weather,14.6,34.2,89,0.0,27020.0,1029.5
2026-09-08T12:00,maputo_mz,Maputo,Mozambique,origin,-25.96034,32.54528,weather,14.1,32.4,83,0.0,32380.0,1028.7
2026-09-08T13:00,maputo_mz,Maputo,Mozambique,origin,-25.96034,32.54528,weather,13.8,31.3,83,0.0,32380.0,1028.3
2026-09-08T14:00,maputo_mz,Maputo,Mozambique,origin,-25.96034,32.54528,weather,12.9,29.9,82,0.0,32380.0,1028.3
2026-09-08T15:00,maputo_mz,Maputo,Mozambique,origin,-25.96034,32.54528,weather,10.7,26.6,85,0.0,32380.0,1028.8
2026-09-08T16:00,maputo_mz,Maputo,Mozambique,origin,-25.96034,32.54528,weather,8.8,20.2,92,0.0,32380.0,1029.2
2026-09-08T17:00,maputo_mz,Maputo,Mozambique,origin,-25.96034,32.54528,weather,8.8,15.8,89,0.0,32380.0,1029.5
2026-09-08T18:00,maputo_mz,Maputo,Mozambique,origin,-25.96034,32.54528,weather,8.1,15.5,89,0.0,32380.0,1029.8
2026-09-08T19:00,maputo_mz,Maputo,Mozambique,origin,-25.96034,32.54528,weather,6.7,14.0,90,0.0,32380.0,1030.0
2026-09-08T20:00,maputo_mz,Maputo,Mozambique,origin,-25.96034,32.54528,weather,6.2,10.4,97,0.0,29500.0,1029.9
2026-09-08T21:00,maputo_mz,Maputo,Mozambique,origin,-25.96034,32.54528,weather,6.3,9.4,92,0.0,29500.0,1029.6
2026-09-08T22:00,maputo_mz,Maputo,Mozambique,origin,-25.96034,32.54528,weather,6.1,9.0,88,0.0,29500.0,1029.2
2026-09-08T23:00,maputo_mz,Maputo,Mozambique,origin,-25.96034,32.54528,weather,6.0,8.3,85,0.0,29260.0,1028.8
2026-09-09T00:00,maputo_mz,Maputo,Mozambique,origin,-25.96034,32.54528,weather,3.3,7.9,84,0.0,27560.0,1028.4
2026-09-09T01:00,maputo_mz,Maputo,Mozambique,origin,-25.96034,32.54528,weather,0.8,4.3,207,0.0,20520.0,1028.1
2026-09-09T02:00,maputo_mz,Maputo,Mozambique,origin,-25.96034,32.54528,weather,2.3,2.9,231,0.0,18420.0,1028.1
2026-09-09T03:00,maputo_mz,Maputo,Mozambique,origin,-25.96034,32.54528,weather,6.0,10.4,231,0.0,11460.0,1028.5
2026-09-09T04:00,maputo_mz,Maputo,Mozambique,origin,-25.96034,32.54528,weather,6.0,11.2,241,0.0,10820.0,1028.7
2026-09-09T05:00,maputo_mz,Maputo,Mozambique,origin,-25.96034,32.54528,weather,5.9,11.9,239,0.1,9500.0,1029.0
2026-09-09T06:00,maputo_mz,Maputo,Mozambique,origin,-25.96034,32.54528,weather,3.6,12.2,252,0.2,12060.0,1029.6
2026-09-09T07:00,maputo_mz,Maputo,Mozambique,origin,-25.96034,32.54528,weather,3.3,12.6,279,0.1,13600.0,1029.8
2026-09-09T08:00,maputo_mz,Maputo,Mozambique,origin,-25.96034,32.54528,weather,2.2,13.0,5,0.0,20940.0,1029.4
2026-09-09T09:00,maputo_mz,Maputo,Mozambique,origin,-25.96034,32.54528,weather,6.8,19.4,63,0.0,33680.0,1028.6
2026-09-09T10:00,maputo_mz,Maputo,Mozambique,origin,-25.96034,32.54528,weather,10.2,24.8,81,0.0,35040.0,1027.7
2026-09-09T11:00,maputo_mz,Maputo,Mozambique,origin,-25.96034,32.54528,weather,11.5,27.4,86,0.0,35040.0,1026.8
2026-09-09T12:00,maputo_mz,Maputo,Mozambique,origin,-25.96034,32.54528,weather,11.1,27.0,81,0.0,35040.0,1025.9
2026-09-09T13:00,maputo_mz,Maputo,Mozambique,origin,-25.96034,32.54528,weather,12.3,27.0,80,0.0,35040.0,1025.4
2026-09-09T14:00,maputo_mz,Maputo,Mozambique,origin,-25.96034,32.54528,weather,12.4,27.4,76,0.0,32340.0,1025.2
2026-09-09T15:00,maputo_mz,Maputo,Mozambique,origin,-25.96034,32.54528,weather,11.7,26.3,79,0.0,32340.0,1025.3
2026-09-09T16:00,maputo_mz,Maputo,Mozambique,origin,-25.96034,32.54528,weather,9.4,22.3,72,0.0,29480.0,1025.5
2026-09-09T17:00,maputo_mz,Maputo,Mozambique,origin,-25.96034,32.54528,weather,8.6,16.6,68,0.0,26120.0,1025.9
2026-09-09T18:00,maputo_mz,Maputo,Mozambique,origin,-25.96034,32.54528,weather,7.9,14.4,70,0.0,26120.0,1026.4
2026-09-09T19:00,maputo_mz,Maputo,Mozambique,origin,-25.96034,32.54528,weather,7.2,13.0,65,0.0,23580.0,1026.6
2026-09-09T20:00,maputo_mz,Maputo,Mozambique,origin,-25.96034,32.54528,weather,5.4,11.5,37,0.0,23580.0,1026.6
2026-09-09T21:00,maputo_mz,Maputo,Mozambique,origin,-25.96034,32.54528,weather,3.2,6.8,333,0.0,23580.0,1026.4
2026-09-09T22:00,maputo_mz,Maputo,Mozambique,origin,-25.96034,32.54528,weather,3.6,5.8,300,0.0,20420.0,1026.0
2026-09-09T23:00,maputo_mz,Maputo,Mozambique,origin,-25.96034,32.54528,weather,4.9,8.6,278,0.0,2140.0,1025.5
2026-09-10T00:00,maputo_mz,Maputo,Mozambique,origin,-25.96034,32.54528,weather,6.5,10.8,270,0.0,2040.0,1024.9
2026-09-10T01:00,maputo_mz,Maputo,Mozambique,origin,-25.96034,32.54528,weather,7.0,12.2,273,0.0,320.0,1024.4
2026-09-10T02:00,maputo_mz,Maputo,Mozambique,origin,-25.96034,32.54528,weather,6.5,11.9,289,0.0,300.0,1024.2
2026-09-10T03:00,maputo_mz,Maputo,Mozambique,origin,-25.96034,32.54528,weather,5.3,10.8,298,0.0,240.0,1024.3
2026-09-10T04:00,maputo_mz,Maputo,Mozambique,origin,-25.96034,32.54528,weather,5.2,9.7,290,0.0,200.0,1024.6
2026-09-10T05:00,maputo_mz,Maputo,Mozambique,origin,-25.96034,32.54528,weather,5.9,13.7,310,0.0,280.0,1025.1
2026-09-10T06:00,maputo_mz,Maputo,Mozambique,origin,-25.96034,32.54528,weather,5.0,14.0,339,0.0,2360.0,1025.3
2026-09-10T07:00,maputo_mz,Maputo,Mozambique,origin,-25.96034,32.54528,weather,7.3,19.1,350,0.0,29460.0,1025.2
2026-09-10T08:00,maputo_mz,Maputo,Mozambique,origin,-25.96034,32.54528,weather,9.1,23.4,7,0.0,32320.0,1024.6
2026-09-10T09:00,maputo_mz,Maputo,Mozambique,origin,-25.96034,32.54528,weather,8.7,23.8,18,0.0,11180.0,1023.9
2026-09-10T10:00,maputo_mz,Maputo,Mozambique,origin,-25.96034,32.54528,weather,9.0,23.4,43,0.0,4620.0,1022.9
2026-09-10T11:00,maputo_mz,Maputo,Mozambique,origin,-25.96034,32.54528,weather,13.6,31.3,70,0.0,12140.0,1021.8
2026-09-10T12:00,maputo_mz,Maputo,Mozambique,origin,-25.96034,32.54528,weather,15.7,34.9,74,0.0,18540.0,1020.7
2026-09-10T13:00,maputo_mz,Maputo,Mozambique,origin,-25.96034,32.54528,weather,15.4,34.9,74,0.0,16040.0,1020.0
2026-09-10T14:00,maputo_mz,Maputo,Mozambique,origin,-25.96034,32.54528,weather,14.3,32.8,70,0.0,11700.0,1019.8
2026-09-10T15:00,maputo_mz,Maputo,Mozambique,origin,-25.96034,32.54528,weather,12.8,29.9,61,0.0,12420.0,1020.0
2026-09-10T16:00,maputo_mz,Maputo,Mozambique,origin,-25.96034,32.54528,weather,9.7,23.8,50,0.0,17260.0,1020.4
2026-09-10T17:00,maputo_mz,Maputo,Mozambique,origin,-25.96034,32.54528,weather,10.7,18.7,49,0.0,26100.0,1021.0
2026-09-10T18:00,maputo_mz,Maputo,Mozambique,origin,-25.96034,32.54528,weather,11.8,20.9,46,0.0,23560.0,1021.4
2026-09-10T19:00,maputo_mz,Maputo,Mozambique,origin,-25.96034,32.54528,weather,10.8,21.6,32,0.0,23560.0,1021.5
2026-09-10T20:00,maputo_mz,Maputo,Mozambique,origin,-25.96034,32.54528,weather,9.9,19.1,21,0.0,20380.0,1021.7
2026-09-10T21:00,maputo_mz,Maputo,Mozambique,origin,-25.96034,32.54528,weather,9.7,16.9,12,0.0,20380.0,1021.5
2026-09-10T22:00,maputo_mz,Maputo,Mozambique,origin,-25.96034,32.54528,weather,7.7,16.9,348,0.0,20380.0,1021.1
2026-09-10T23:00,maputo_mz,Maputo,Mozambique,origin,-25.96034,32.54528,weather,6.3,13.3,353,0.0,20380.0,1020.6
2026-09-11T00:00,maputo_mz,Maputo,Mozambique,origin,-25.96034,32.54528,weather,6.1,11.2,341,0.0,15260.0,1020.2
2026-09-11T01:00,maputo_mz,Maputo,Mozambique,origin,-25.96034,32.54528,weather,5.9,10.1,342,0.0,15260.0,1019.9
2026-09-11T02:00,maputo_mz,Maputo,Mozambique,origin,-25.96034,32.54528,weather,5.8,9.7,353,0.0,15240.0,1019.7
2026-09-11T03:00,maputo_mz,Maputo,Mozambique,origin,-25.96034,32.54528,weather,6.3,10.8,358,0.0,15240.0,1019.7
2026-09-11T04:00,maputo_mz,Maputo,Mozambique,origin,-25.96034,32.54528,weather,7.4,14.0,357,0.0,18000.0,1020.0
2026-09-11T05:00,maputo_mz,Maputo,Mozambique,origin,-25.96034,32.54528,weather,8.8,18.7,355,0.0,20780.0,1020.6
2026-09-11T06:00,maputo_mz,Maputo,Mozambique,origin,-25.96034,32.54528,weather,9.9,22.7,355,0.0,23540.0,1020.8
2026-09-11T07:00,maputo_mz,Maputo,Mozambique,origin,-25.96034,32.54528,weather,10.9,25.2,354,0.0,27340.0,1020.5
2026-09-11T08:00,maputo_mz,Maputo,Mozambique,origin,-25.96034,32.54528,weather,11.6,26.6,356,0.0,31160.0,1020.0
2026-09-11T09:00,maputo_mz,Maputo,Mozambique,origin,-25.96034,32.54528,weather,11.5,27.7,1,0.0,34960.0,1019.3
2026-09-11T10:00,maputo_mz,Maputo,Mozambique,origin,-25.96034,32.54528,weather,10.6,28.1,18,0.0,36220.0,1018.3
2026-09-11T11:00,maputo_mz,Maputo,Mozambique,origin,-25.96034,32.54528,weather,10.8,28.1,44,0.0,37460.0,1017.2
2026-09-11T12:00,maputo_mz,Maputo,Mozambique,origin,-25.96034,32.54528,weather,12.3,28.4,60,0.0,38720.0,1016.4
2026-09-11T13:00,maputo_mz,Maputo,Mozambique,origin,-25.96034,32.54528,weather,13.0,30.6,64,0.0,35620.0,1016.2
2026-09-11T14:00,maputo_mz,Maputo,Mozambique,origin,-25.96034,32.54528,weather,13.2,33.1,62,0.0,32500.0,1016.3
2026-09-11T15:00,maputo_mz,Maputo,Mozambique,origin,-25.96034,32.54528,weather,12.9,33.8,62,0.0,29400.0,1016.7
2026-09-11T16:00,maputo_mz,Maputo,Mozambique,origin,-25.96034,32.54528,weather,12.6,31.3,64,0.0,27440.0,1017.3
2026-09-11T17:00,maputo_mz,Maputo,Mozambique,origin,-25.96034,32.54528,weather,12.0,27.0,66,0.0,25480.0,1018.1
2026-09-11T18:00,maputo_mz,Maputo,Mozambique,origin,-25.96034,32.54528,weather,10.5,23.4,70,0.0,23520.0,1018.8
2026-09-11T19:00,maputo_mz,Maputo,Mozambique,origin,-25.96034,32.54528,weather,7.7,21.2,78,0.0,20760.0,1019.4
2026-09-11T20:00,maputo_mz,Maputo,Mozambique,origin,-25.96034,32.54528,weather,4.4,19.8,102,0.0,17980.0,1019.9
2026-09-11T21:00,maputo_mz,Maputo,Mozambique,origin,-25.96034,32.54528,weather,3.6,18.4,153,0.0,15220.0,1020.2
2026-09-11T22:00,maputo_mz,Maputo,Mozambique,origin,-25.96034,32.54528,weather,5.0,16.6,180,0.0,13700.0,1020.3
2026-09-11T23:00,maputo_mz,Maputo,Mozambique,origin,-25.96034,32.54528,weather,6.7,14.4,189,0.0,12180.0,1020.2
2026-09-12T00:00,maputo_mz,Maputo,Mozambique,origin,-25.96034,32.54528,weather,8.0,13.3,194,0.0,10660.0,1020.1
2026-09-12T01:00,maputo_mz,Maputo,Mozambique,origin,-25.96034,32.54528,weather,8.7,13.3,198,0.0,8360.0,1020.1
2026-09-12T02:00,maputo_mz,Maputo,Mozambique,origin,-25.96034,32.54528,weather,8.8,14.4,200,0.0,6060.0,1020.2
2026-09-12T03:00,maputo_mz,Maputo,Mozambique,origin,-25.96034,32.54528,weather,8.7,15.1,202,0.0,3760.0,1020.5
2026-09-12T04:00,maputo_mz,Maputo,Mozambique,origin,-25.96034,32.54528,weather,8.3,15.1,202,0.0,8660.0,1021.1
2026-09-12T05:00,maputo_mz,Maputo,Mozambique,origin,-25.96034,32.54528,weather,7.5,15.1,200,0.0,13540.0,1021.9
2026-09-12T06:00,maputo_mz,Maputo,Mozambique,origin,-25.96034,32.54528,weather,5.9,15.5,192,0.0,18440.0,1022.4
2026-09-12T07:00,maputo_mz,Maputo,Mozambique,origin,-25.96034,32.54528,weather,4.0,16.6,162,0.1,22540.0,1022.4
2026-09-12T08:00,maputo_mz,Maputo,Mozambique,origin,-25.96034,32.54528,weather,4.7,18.0,106,0.1,26660.0,1022.2
2026-09-12T09:00,maputo_mz,Maputo,Mozambique,origin,-25.96034,32.54528,weather,7.2,20.2,84,0.1,30760.0,1021.7
2026-09-12T10:00,maputo_mz,Maputo,Mozambique,origin,-25.96034,32.54528,weather,9.4,23.0,79,0.0,26160.0,1020.9
2026-09-12T11:00,maputo_mz,Maputo,Mozambique,origin,-25.96034,32.54528,weather,11.0,26.3,79,0.0,21540.0,1019.8
2026-09-12T12:00,maputo_mz,Maputo,Mozambique,origin,-25.96034,32.54528,weather,12.1,28.4,78,0.0,16940.0,1019.0
2026-09-12T13:00,maputo_mz,Maputo,Mozambique,origin,-25.96034,32.54528,weather,12.7,29.2,79,0.0,19960.0,1018.6
2026-09-12T14:00,maputo_mz,Maputo,Mozambique,origin,-25.96034,32.54528,weather,12.6,28.8,79,0.0,23000.0,1018.6
2026-09-12T15:00,maputo_mz,Maputo,Mozambique,origin,-25.96034,32.54528,weather,12.3,28.1,79,0.0,26020.0,1018.7
2026-09-12T16:00,maputo_mz,Maputo,Mozambique,origin,-25.96034,32.54528,weather,11.9,27.4,76,0.0,25180.0,1019.2
2026-09-12T17:00,maputo_mz,Maputo,Mozambique,origin,-25.96034,32.54528,weather,11.4,25.9,72,0.0,24320.0,1019.9
2026-09-12T18:00,maputo_mz,Maputo,Mozambique,origin,-25.96034,32.54528,weather,10.2,24.5,67,0.0,23480.0,1020.5
2026-09-12T19:00,maputo_mz,Maputo,Mozambique,origin,-25.96034,32.54528,weather,7.3,23.0,62,0.0,21500.0,1020.9
2026-09-12T20:00,maputo_mz,Maputo,Mozambique,origin,-25.96034,32.54528,weather,3.9,20.9,53,0.0,19500.0,1021.2
2026-09-12T21:00,maputo_mz,Maputo,Mozambique,origin,-25.96034,32.54528,weather,1.5,18.0,21,0.0,17520.0,1021.4
2026-09-12T22:00,maputo_mz,Maputo,Mozambique,origin,-25.96034,32.54528,weather,1.1,13.0,9,0.0,15220.0,1021.4
2026-09-12T23:00,maputo_mz,Maputo,Mozambique,origin,-25.96034,32.54528,weather,1.3,6.8,45,0.0,12940.0,1021.2
2026-09-13T00:00,maputo_mz,Maputo,Mozambique,origin,-25.96034,32.54528,weather,1.5,2.5,54,0.0,10640.0,1021.2
2026-09-13T01:00,maputo_mz,Maputo,Mozambique,origin,-25.96034,32.54528,weather,1.0,1.1,31,0.1,7200.0,1021.4
2026-09-13T02:00,maputo_mz,Maputo,Mozambique,origin,-25.96034,32.54528,weather,1.0,1.1,338,0.1,3780.0,1021.8
2026-09-13T03:00,maputo_mz,Maputo,Mozambique,origin,-25.96034,32.54528,weather,1.2,2.2,309,0.1,340.0,1022.3
2026-09-13T04:00,maputo_mz,Maputo,Mozambique,origin,-25.96034,32.54528,weather,0.6,4.0,304,0.4,2200.0,1023.0
2026-09-13T05:00,maputo_mz,Maputo,Mozambique,origin,-25.96034,32.54528,weather,0.5,6.8,135,0.4,4040.0,1023.8
2026-09-13T06:00,maputo_mz,Maputo,Mozambique,origin,-25.96034,32.54528,weather,1.3,8.6,124,0.4,5900.0,1024.4
2026-09-13T07:00,maputo_mz,Maputo,Mozambique,origin,-25.96034,32.54528,weather,3.3,16.9,135,0.2,9360.0,1024.7
2026-09-13T08:00,maputo_mz,Maputo,Mozambique,origin,-25.96034,32.54528,weather,5.7,20.9,101,0.2,10500.0,1024.4
2026-09-13T09:00,maputo_mz,Maputo,Mozambique,origin,-25.96034,32.54528,weather,9.0,25.6,88,0.2,11660.0,1024.0
2026-09-13T10:00,maputo_mz,Maputo,Mozambique,origin,-25.96034,32.54528,weather,12.5,30.2,83,0.2,12820.0,1023.6
2026-09-13T11:00,maputo_mz,Maputo,Mozambique,origin,-25.96034,32.54528,weather,15.4,34.2,80,0.2,13960.0,1023.3
2026-09-13T12:00,maputo_mz,Maputo,Mozambique,origin,-25.96034,32.54528,weather,16.8,36.7,80,0.2,15120.0,1023.2
2026-09-13T13:00,maputo_mz,Maputo,Mozambique,origin,-25.96034,32.54528,weather,16.8,38.2,81,0.0,17480.0,1023.5
2026-09-13T14:00,maputo_mz,Maputo,Mozambique,origin,-25.96034,32.54528,weather,15.7,39.2,84,0.0,19860.0,1023.9
2026-09-13T15:00,maputo_mz,Maputo,Mozambique,origin,-25.96034,32.54528,weather,14.0,39.2,89,0.0,22220.0,1024.5
2026-09-13T16:00,maputo_mz,Maputo,Mozambique,origin,-25.96034,32.54528,weather,12.1,38.9,95,0.0,24580.0,1025.1
2026-09-13T17:00,maputo_mz,Maputo,Mozambique,origin,-25.96034,32.54528,weather,10.6,38.2,104,0.0,26960.0,1025.7
2026-09-13T18:00,maputo_mz,Maputo,Mozambique,origin,-25.96034,32.54528,weather,9.5,36.7,111,0.0,29320.0,1026.1
2026-09-13T19:00,maputo_mz,Maputo,Mozambique,origin,-25.96034,32.54528,weather,8.7,34.2,117,0.0,28120.0,1026.3
2026-09-13T20:00,maputo_mz,Maputo,Mozambique,origin,-25.96034,32.54528,weather,8.2,31.0,123,0.0,26940.0,1026.4
2026-09-13T21:00,maputo_mz,Maputo,Mozambique,origin,-25.96034,32.54528,weather,7.8,27.0,128,0.0,25760.0,1026.5
2026-09-13T22:00,maputo_mz,Maputo,Mozambique,origin,-25.96034,32.54528,weather,7.3,23.0,134,0.0,24560.0,1026.5
2026-09-13T23:00,maputo_mz,Maputo,Mozambique,origin,-25.96034,32.54528,weather,6.8,19.4,140,0.0,23380.0,1026.6
2026-09-07T00:00,newcastle_au,Newcastle,Australia,origin,-32.92435,151.79096,weather,3.9,21.6,202,0.0,24200.0,1022.4
2026-09-07T01:00,newcastle_au,Newcastle,Australia,origin,-32.92435,151.79096,weather,2.7,16.6,157,0.0,51180.0,1021.4
2026-09-07T02:00,newcastle_au,Newcastle,Australia,origin,-32.92435,151.79096,weather,7.3,23.4,123,0.0,38540.0,1020.0
2026-09-07T03:00,newcastle_au,Newcastle,Australia,origin,-32.92435,151.79096,weather,11.3,31.3,108,0.0,28040.0,1018.9
2026-09-07T04:00,newcastle_au,Newcastle,Australia,origin,-32.92435,151.79096,weather,14.3,35.6,96,0.0,47660.0,1018.1
2026-09-07T05:00,newcastle_au,Newcastle,Australia,origin,-32.92435,151.79096,weather,17.7,40.3,86,0.0,47660.0,1017.7
2026-09-07T06:00,newcastle_au,Newcastle,Australia,origin,-32.92435,151.79096,weather,18.0,41.0,83,0.0,47640.0,1017.8
2026-09-07T07:00,newcastle_au,Newcastle,Australia,origin,-32.92435,151.79096,weather,15.1,38.9,87,0.0,43780.0,1018.2
2026-09-07T08:00,newcastle_au,Newcastle,Australia,origin,-32.92435,151.79096,weather,14.1,33.1,118,0.0,16300.0,1019.2
2026-09-07T09:00,newcastle_au,Newcastle,Australia,origin,-32.92435,151.79096,weather,13.7,27.4,135,0.2,6320.0,1020.4
2026-09-07T10:00,newcastle_au,Newcastle,Australia,origin,-32.92435,151.79096,weather,13.9,31.0,153,0.3,28720.0,1021.2
2026-09-07T11:00,newcastle_au,Newcastle,Australia,origin,-32.92435,151.79096,weather,22.0,50.0,195,0.3,13600.0,1022.4
2026-09-07T12:00,newcastle_au,Newcastle,Australia,origin,-32.92435,151.79096,weather,26.4,52.2,174,0.1,12320.0,1022.7
2026-09-07T13:00,newcastle_au,Newcastle,Australia,origin,-32.92435,151.79096,weather,29.0,57.6,174,0.1,15460.0,1022.7
2026-09-07T14:00,newcastle_au,Newcastle,Australia,origin,-32.92435,151.79096,weather,31.6,61.6,184,0.0,10660.0,1022.9
2026-09-07T15:00,newcastle_au,Newcastle,Australia,origin,-32.92435,151.79096,weather,32.1,64.8,189,0.2,51060.0,1023.0
2026-09-07T16:00,newcastle_au,Newcastle,Australia,origin,-32.92435,151.79096,weather,31.0,63.7,192,0.0,8560.0,1022.9
2026-09-07T17:00,newcastle_au,Newcastle,Australia,origin,-32.92435,151.79096,weather,31.4,61.9,191,0.3,4820.0,1022.7
2026-09-07T18:00,newcastle_au,Newcastle,Australia,origin,-32.92435,151.79096,weather,32.8,65.2,193,0.5,6740.0,1023.1
2026-09-07T19:00,newcastle_au,Newcastle,Australia,origin,-32.92435,151.79096,weather,30.0,64.8,192,0.2,8940.0,1023.8
2026-09-07T20:00,newcastle_au,Newcastle,Australia,origin,-32.92435,151.79096,weather,28.9,60.1,191,0.6,9600.0,1024.2
2026-09-07T21:00,newcastle_au,Newcastle,Australia,origin,-32.92435,151.79096,weather,24.7,57.6,191,0.3,6560.0,1024.9
2026-09-07T22:00,newcastle_au,Newcastle,Australia,origin,-32.92435,151.79096,weather,24.9,54.4,187,0.1,51000.0,1025.4
2026-09-07T23:00,newcastle_au,Newcastle,Australia,origin,-32.92435,151.79096,weather,24.6,56.9,185,0.1,51000.0,1025.5
2026-09-08T00:00,newcastle_au,Newcastle,Australia,origin,-32.92435,151.79096,weather,25.7,59.0,174,0.1,16320.0,1025.7
2026-09-08T01:00,newcastle_au,Newcastle,Australia,origin,-32.92435,151.79096,weather,24.2,57.6,171,0.1,7580.0,1025.5
2026-09-08T02:00,newcastle_au,Newcastle,Australia,origin,-32.92435,151.79096,weather,23.6,54.7,170,0.3,16180.0,1024.9
2026-09-08T03:00,newcastle_au,Newcastle,Australia,origin,-32.92435,151.79096,weather,21.1,52.9,169,0.1,19360.0,1024.2
2026-09-08T04:00,newcastle_au,Newcastle,Australia,origin,-32.92435,151.79096,weather,19.1,47.5,171,0.1,47460.0,1023.7
2026-09-08T05:00,newcastle_au,Newcastle,Australia,origin,-32.92435,151.79096,weather,16.6,43.6,174,0.1,37900.0,1023.4
2026-09-08T06:00,newcastle_au,Newcastle,Australia,origin,-32.92435,151.79096,weather,14.5,38.2,173,0.0,31360.0,1023.3
2026-09-08T07:00,newcastle_au,Newcastle,Australia,origin,-32.92435,151.79096,weather,11.7,33.5,170,0.0,47440.0,1023.2
2026-09-08T08:00,newcastle_au,Newcastle,Australia,origin,-32.92435,151.79096,weather,8.3,24.5,174,0.0,47440.0,1023.3
2026-09-08T09:00,newcastle_au,Newcastle,Australia,origin,-32.92435,151.79096,weather,5.9,15.1,182,0.0,42320.0,1023.7
2026-09-08T10:00,newcastle_au,Newcastle,Australia,origin,-32.92435,151.79096,weather,4.7,11.5,198,0.0,47420.0,1024.1
2026-09-08T11:00,newcastle_au,Newcastle,Australia,origin,-32.92435,151.79096,weather,4.3,9.4,204,0.0,47420.0,1024.2
2026-09-08T12:00,newcastle_au,Newcastle,Australia,origin,-32.92435,151.79096,weather,1.2,7.2,231,0.0,47400.0,1023.9
2026-09-08T13:00,newcastle_au,Newcastle,Australia,origin,-32.92435,151.79096,weather,2.2,4.3,294,0.0,43560.0,1023.2
2026-09-08T14:00,newcastle_au,Newcastle,Australia,origin,-32.92435,151.79096,weather,5.5,10.1,302,0.0,43540.0,1022.7
2026-09-08T15:00,newcastle_au,Newcastle,Australia,origin,-32.92435,151.79096,weather,8.2,14.8,311,0.0,38900.0,1022.3
2026-09-08T16:00,newcastle_au,Newcastle,Australia,origin,-32.92435,151.79096,weather,9.2,16.6,309,0.0,38880.0,1021.9
2026-09-08T17:00,newcastle_au,Newcastle,Australia,origin,-32.92435,151.79096,weather,9.3,17.3,304,0.0,38880.0,1021.5
2026-09-08T18:00,newcastle_au,Newcastle,Australia,origin,-32.92435,151.79096,weather,10.2,18.4,309,0.0,38880.0,1021.4
2026-09-08T19:00,newcastle_au,Newcastle,Australia,origin,-32.92435,151.79096,weather,10.3,20.2,319,0.0,38860.0,1021.6
2026-09-08T20:00,newcastle_au,Newcastle,Australia,origin,-32.92435,151.79096,weather,11.5,22.0,329,0.0,38860.0,1021.7
2026-09-08T21:00,newcastle_au,Newcastle,Australia,origin,-32.92435,151.79096,weather,11.8,24.8,320,0.0,11300.0,1022.1
2026-09-08T22:00,newcastle_au,Newcastle,Australia,origin,-32.92435,151.79096,weather,11.0,25.2,322,0.0,43480.0,1022.7
2026-09-08T23:00,newcastle_au,Newcastle,Australia,origin,-32.92435,151.79096,weather,11.4,28.1,319,0.0,47320.0,1022.7
2026-09-09T00:00,newcastle_au,Newcastle,Australia,origin,-32.92435,151.79096,weather,9.3,28.1,311,0.0,50800.0,1022.4
2026-09-09T01:00,newcastle_au,Newcastle,Australia,origin,-32.92435,151.79096,weather,6.5,25.6,219,0.0,50780.0,1022.3
2026-09-09T02:00,newcastle_au,Newcastle,Australia,origin,-32.92435,151.79096,weather,24.8,55.1,174,0.0,50780.0,1022.8
2026-09-09T03:00,newcastle_au,Newcastle,Australia,origin,-32.92435,151.79096,weather,32.3,70.6,187,0.0,47280.0,1022.6
2026-09-09T04:00,newcastle_au,Newcastle,Australia,origin,-32.92435,151.79096,weather,34.1,73.4,186,0.0,20180.0,1022.9
2026-09-09T05:00,newcastle_au,Newcastle,Australia,origin,-32.92435,151.79096,weather,35.4,76.7,184,0.0,19440.0,1023.8
2026-09-09T06:00,newcastle_au,Newcastle,Australia,origin,-32.92435,151.79096,weather,34.4,77.4,179,0.0,47260.0,1024.5
2026-09-09T07:00,newcastle_au,Newcastle,Australia,origin,-32.92435,151.79096,weather,33.5,77.8,177,0.0,47260.0,1025.4
2026-09-09T08:00,newcastle_au,Newcastle,Australia,origin,-32.92435,151.79096,weather,35.8,72.0,178,0.0,47240.0,1026.6
2026-09-09T09:00,newcastle_au,Newcastle,Australia,origin,-32.92435,151.79096,weather,35.3,72.0,178,0.0,50720.0,1027.8
2026-09-09T10:00,newcastle_au,Newcastle,Australia,origin,-32.92435,151.79096,weather,34.6,70.9,179,0.0,50720.0,1029.0
2026-09-09T11:00,newcastle_au,Newcastle,Australia,origin,-32.92435,151.79096,weather,34.2,69.5,179,0.0,50700.0,1029.9
2026-09-09T12:00,newcastle_au,Newcastle,Australia,origin,-32.92435,151.79096,weather,33.8,68.4,180,0.0,50700.0,1030.4
2026-09-09T13:00,newcastle_au,Newcastle,Australia,origin,-32.92435,151.79096,weather,33.3,68.0,180,0.0,55000.0,1030.5
2026-09-09T14:00,newcastle_au,Newcastle,Australia,origin,-32.92435,151.79096,weather,30.3,65.9,178,0.0,55000.0,1030.8
2026-09-09T15:00,newcastle_au,Newcastle,Australia,origin,-32.92435,151.79096,weather,28.4,61.2,179,0.0,50680.0,1030.9
2026-09-09T16:00,newcastle_au,Newcastle,Australia,origin,-32.92435,151.79096,weather,23.9,56.9,180,0.1,8000.0,1030.7
2026-09-09T17:00,newcastle_au,Newcastle,Australia,origin,-32.92435,151.79096,weather,25.9,51.8,174,0.1,12980.0,1030.6
2026-09-09T18:00,newcastle_au,Newcastle,Australia,origin,-32.92435,151.79096,weather,22.9,52.9,179,0.2,9260.0,1031.0
2026-09-09T19:00,newcastle_au,Newcastle,Australia,origin,-32.92435,151.79096,weather,19.9,45.4,195,0.3,6180.0,1032.0
2026-09-09T20:00,newcastle_au,Newcastle,Australia,origin,-32.92435,151.79096,weather,17.8,40.3,222,0.2,8640.0,1032.8
2026-09-09T21:00,newcastle_au,Newcastle,Australia,origin,-32.92435,151.79096,weather,19.1,38.9,216,0.3,7780.0,1033.3
2026-09-09T22:00,newcastle_au,Newcastle,Australia,origin,-32.92435,151.79096,weather,16.8,40.3,228,0.3,6880.0,1033.9
2026-09-09T23:00,newcastle_au,Newcastle,Australia,origin,-32.92435,151.79096,weather,17.7,39.2,218,0.3,7580.0,1034.3
2026-09-10T00:00,newcastle_au,Newcastle,Australia,origin,-32.92435,151.79096,weather,21.7,48.2,202,0.2,7540.0,1034.5
2026-09-10T01:00,newcastle_au,Newcastle,Australia,origin,-32.92435,151.79096,weather,24.3,54.0,188,0.4,5140.0,1034.2
2026-09-10T02:00,newcastle_au,Newcastle,Australia,origin,-32.92435,151.79096,weather,25.4,56.2,190,0.3,7160.0,1033.5
2026-09-10T03:00,newcastle_au,Newcastle,Australia,origin,-32.92435,151.79096,weather,28.2,61.6,188,0.5,6160.0,1033.2
2026-09-10T04:00,newcastle_au,Newcastle,Australia,origin,-32.92435,151.79096,weather,27.3,61.9,186,0.4,7140.0,1033.3
2026-09-10T05:00,newcastle_au,Newcastle,Australia,origin,-32.92435,151.79096,weather,27.3,59.8,185,0.4,9040.0,1033.3
2026-09-10T06:00,newcastle_au,Newcastle,Australia,origin,-32.92435,151.79096,weather,25.8,59.8,188,0.1,11060.0,1033.5
2026-09-10T07:00,newcastle_au,Newcastle,Australia,origin,-32.92435,151.79096,weather,24.0,55.4,189,0.1,10140.0,1033.7
2026-09-10T08:00,newcastle_au,Newcastle,Australia,origin,-32.92435,151.79096,weather,23.1,48.2,189,0.1,14620.0,1034.2
2026-09-10T09:00,newcastle_au,Newcastle,Australia,origin,-32.92435,151.79096,weather,20.8,46.1,185,0.0,47040.0,1034.7
2026-09-10T10:00,newcastle_au,Newcastle,Australia,origin,-32.92435,151.79096,weather,20.5,41.4,179,0.0,35180.0,1035.0
2026-09-10T11:00,newcastle_au,Newcastle,Australia,origin,-32.92435,151.79096,weather,19.6,40.7,179,0.0,47040.0,1035.2
2026-09-10T12:00,newcastle_au,Newcastle,Australia,origin,-32.92435,151.79096,weather,20.9,42.8,176,0.1,8060.0,1035.4
2026-09-10T13:00,newcastle_au,Newcastle,Australia,origin,-32.92435,151.79096,weather,18.8,42.1,174,0.2,7920.0,1035.0
2026-09-10T14:00,newcastle_au,Newcastle,Australia,origin,-32.92435,151.79096,weather,18.5,36.7,173,0.2,8380.0,1034.7
2026-09-10T15:00,newcastle_au,Newcastle,Australia,origin,-32.92435,151.79096,weather,17.9,35.6,174,0.1,24240.0,1034.5
2026-09-10T16:00,newcastle_au,Newcastle,Australia,origin,-32.92435,151.79096,weather,16.7,34.2,173,0.0,25840.0,1034.0
2026-09-10T17:00,newcastle_au,Newcastle,Australia,origin,-32.92435,151.79096,weather,14.6,32.0,182,0.1,25820.0,1033.5
2026-09-10T18:00,newcastle_au,Newcastle,Australia,origin,-32.92435,151.79096,weather,12.4,27.7,194,0.0,11680.0,1033.6
2026-09-10T19:00,newcastle_au,Newcastle,Australia,origin,-32.92435,151.79096,weather,12.8,24.8,209,0.2,6460.0,1034.0
2026-09-10T20:00,newcastle_au,Newcastle,Australia,origin,-32.92435,151.79096,weather,13.9,27.4,224,0.4,4520.0,1034.5
2026-09-10T21:00,newcastle_au,Newcastle,Australia,origin,-32.92435,151.79096,weather,13.0,27.0,221,0.6,4920.0,1034.9
2026-09-10T22:00,newcastle_au,Newcastle,Australia,origin,-32.92435,151.79096,weather,10.8,25.9,227,0.5,5560.0,1035.2
2026-09-10T23:00,newcastle_au,Newcastle,Australia,origin,-32.92435,151.79096,weather,9.6,24.5,229,0.4,9000.0,1035.2
2026-09-11T00:00,newcastle_au,Newcastle,Australia,origin,-32.92435,151.79096,weather,10.9,25.6,199,0.4,5380.0,1034.9
2026-09-11T01:00,newcastle_au,Newcastle,Australia,origin,-32.92435,151.79096,weather,11.5,27.4,190,0.1,19220.0,1034.4
2026-09-11T02:00,newcastle_au,Newcastle,Australia,origin,-32.92435,151.79096,weather,12.6,30.6,181,0.1,33060.0,1033.7
2026-09-11T03:00,newcastle_au,Newcastle,Australia,origin,-32.92435,151.79096,weather,13.2,32.8,173,0.1,46900.0,1033.1
2026-09-11T04:00,newcastle_au,Newcastle,Australia,origin,-32.92435,151.79096,weather,13.2,33.8,163,0.0,46900.0,1032.7
2026-09-11T05:00,newcastle_au,Newcastle,Australia,origin,-32.92435,151.79096,weather,13.0,34.6,152,0.0,46880.0,1032.4
2026-09-11T06:00,newcastle_au,Newcastle,Australia,origin,-32.92435,151.79096,weather,12.8,34.2,142,0.0,46880.0,1032.3
2026-09-11T07:00,newcastle_au,Newcastle,Australia,origin,-32.92435,151.79096,weather,12.1,33.1,134,0.0,45600.0,1032.4
2026-09-11T08:00,newcastle_au,Newcastle,Australia,origin,-32.92435,151.79096,weather,11.0,31.7,128,0.0,44300.0,1032.7
2026-09-11T09:00,newcastle_au,Newcastle,Australia,origin,-32.92435,151.79096,weather,9.8,29.2,121,0.0,43020.0,1032.9
2026-09-11T10:00,newcastle_au,Newcastle,Australia,origin,-32.92435,151.79096,weather,8.9,25.9,111,0.0,43020.0,1033.0
2026-09-11T11:00,newcastle_au,Newcastle,Australia,origin,-32.92435,151.79096,weather,7.9,22.0,102,0.0,43000.0,1033.1
2026-09-11T12:00,newcastle_au,Newcastle,Australia,origin,-32.92435,151.79096,weather,6.5,18.4,90,0.0,43000.0,1033.1
2026-09-11T13:00,newcastle_au,Newcastle,Australia,origin,-32.92435,151.79096,weather,4.2,15.5,70,0.0,41460.0,1032.8
2026-09-11T14:00,newcastle_au,Newcastle,Australia,origin,-32.92435,151.79096,weather,2.6,13.0,16,0.0,39920.0,1032.4
2026-09-11T15:00,newcastle_au,Newcastle,Australia,origin,-32.92435,151.79096,weather,4.0,11.9,330,0.0,38380.0,1032.0
2026-09-11T16:00,newcastle_au,Newcastle,Australia,origin,-32.92435,151.79096,weather,5.7,13.3,316,0.0,37220.0,1031.4
2026-09-11T17:00,newcastle_au,Newcastle,Australia,origin,-32.92435,151.79096,weather,7.0,15.8,310,0.0,36060.0,1030.8
2026-09-11T18:00,newcastle_au,Newcastle,Australia,origin,-32.92435,151.79096,weather,7.4,17.3,304,0.0,34900.0,1030.5
2026-09-11T19:00,newcastle_au,Newcastle,Australia,origin,-32.92435,151.79096,weather,6.7,16.2,294,0.0,36040.0,1030.7
2026-09-11T20:00,newcastle_au,Newcastle,Australia,origin,-32.92435,151.79096,weather,5.6,14.0,277,0.0,37200.0,1031.3
2026-09-11T21:00,newcastle_au,Newcastle,Australia,origin,-32.92435,151.79096,weather,4.1,13.3,257,0.0,38340.0,1031.6
2026-09-11T22:00,newcastle_au,Newcastle,Australia,origin,-32.92435,151.79096,weather,1.8,14.8,217,0.0,27400.0,1031.6
2026-09-11T23:00,newcastle_au,Newcastle,Australia,origin,-32.92435,151.79096,weather,3.3,16.9,119,0.0,16460.0,1031.5
2026-09-12T00:00,newcastle_au,Newcastle,Australia,origin,-32.92435,151.79096,weather,6.5,20.2,103,0.0,5520.0,1031.1
2026-09-12T01:00,newcastle_au,Newcastle,Australia,origin,-32.92435,151.79096,weather,8.7,23.8,98,0.2,6520.0,1030.3
2026-09-12T02:00,newcastle_au,Newcastle,Australia,origin,-32.92435,151.79096,weather,10.6,28.1,94,0.2,7520.0,1029.4
2026-09-12T03:00,newcastle_au,Newcastle,Australia,origin,-32.92435,151.79096,weather,12.6,32.4,90,0.2,8520.0,1028.5
2026-09-12T04:00,newcastle_au,Newcastle,Australia,origin,-32.92435,151.79096,weather,15.5,36.7,86,0.1,15960.0,1027.8
2026-09-12T05:00,newcastle_au,Newcastle,Australia,origin,-32.92435,151.79096,weather,18.5,41.0,83,0.1,23420.0,1027.3
2026-09-12T06:00,newcastle_au,Newcastle,Australia,origin,-32.92435,151.79096,weather,20.1,43.9,78,0.1,30860.0,1027.0
2026-09-12T07:00,newcastle_au,Newcastle,Australia,origin,-32.92435,151.79096,weather,19.2,45.4,70,0.0,34360.0,1027.1
2026-09-12T08:00,newcastle_au,Newcastle,Australia,origin,-32.92435,151.79096,weather,17.6,45.4,57,0.0,37880.0,1027.4
2026-09-12T09:00,newcastle_au,Newcastle,Australia,origin,-32.92435,151.79096,weather,16.8,43.9,45,0.0,41380.0,1027.7
2026-09-12T10:00,newcastle_au,Newcastle,Australia,origin,-32.92435,151.79096,weather,16.5,40.7,37,0.0,40320.0,1027.9
2026-09-12T11:00,newcastle_au,Newcastle,Australia,origin,-32.92435,151.79096,weather,16.1,35.6,30,0.0,39280.0,1028.1
2026-09-12T12:00,newcastle_au,Newcastle,Australia,origin,-32.92435,151.79096,weather,15.2,32.0,24,0.0,38220.0,1028.1
2026-09-12T13:00,newcastle_au,Newcastle,Australia,origin,-32.92435,151.79096,weather,13.3,30.6,19,0.0,37060.0,1027.9
2026-09-12T14:00,newcastle_au,Newcastle,Australia,origin,-32.92435,151.79096,weather,10.7,30.2,14,0.0,35920.0,1027.5
2026-09-12T15:00,newcastle_au,Newcastle,Australia,origin,-32.92435,151.79096,weather,9.1,29.2,8,0.0,34760.0,1027.1
2026-09-12T16:00,newcastle_au,Newcastle,Australia,origin,-32.92435,151.79096,weather,8.9,25.9,7,0.0,33260.0,1026.6
2026-09-12T17:00,newcastle_au,Newcastle,Australia,origin,-32.92435,151.79096,weather,9.1,21.6,9,0.0,31780.0,1026.1
2026-09-12T18:00,newcastle_au,Newcastle,Australia,origin,-32.92435,151.79096,weather,9.4,18.7,8,0.0,30280.0,1025.8
2026-09-12T19:00,newcastle_au,Newcastle,Australia,origin,-32.92435,151.79096,weather,9.4,18.0,1,0.0,20280.0,1026.0
2026-09-12T20:00,newcastle_au,Newcastle,Australia,origin,-32.92435,151.79096,weather,9.5,18.7,351,0.0,10260.0,1026.6
2026-09-12T21:00,newcastle_au,Newcastle,Australia,origin,-32.92435,151.79096,weather,9.5,19.8,345,0.0,260.0,1026.9
2026-09-12T22:00,newcastle_au,Newcastle,Australia,origin,-32.92435,151.79096,weather,9.6,21.2,340,0.0,15700.0,1027.0
2026-09-12T23:00,newcastle_au,Newcastle,Australia,origin,-32.92435,151.79096,weather,9.5,23.4,339,0.0,31120.0,1026.8
2026-09-13T00:00,newcastle_au,Newcastle,Australia,origin,-32.92435,151.79096,weather,8.3,24.8,344,0.0,46560.0,1026.5
2026-09-13T01:00,newcastle_au,Newcastle,Australia,origin,-32.92435,151.79096,weather,5.7,25.2,13,0.0,38800.0,1025.8
2026-09-13T02:00,newcastle_au,Newcastle,Australia,origin,-32.92435,151.79096,weather,6.6,25.2,68,0.0,31040.0,1024.8
2026-09-13T03:00,newcastle_au,Newcastle,Australia,origin,-32.92435,151.79096,weather,10.5,26.6,83,0.0,23280.0,1024.0
2026-09-13T04:00,newcastle_au,Newcastle,Australia,origin,-32.92435,151.79096,weather,13.9,31.7,77,0.0,31020.0,1023.5
2026-09-13T05:00,newcastle_au,Newcastle,Australia,origin,-32.92435,151.79096,weather,17.4,38.5,67,0.0,38780.0,1023.1
2026-09-13T06:00,newcastle_au,Newcastle,Australia,origin,-32.92435,151.79096,weather,20.2,43.6,62,0.0,46520.0,1022.8
2026-09-13T07:00,newcastle_au,Newcastle,Australia,origin,-32.92435,151.79096,weather,17.4,37.4,70,0.0,45880.0,1021.5
2026-09-13T08:00,newcastle_au,Newcastle,Australia,origin,-32.92435,151.79096,weather,15.3,38.2,63,0.0,45220.0,1021.8
2026-09-13T09:00,newcastle_au,Newcastle,Australia,origin,-32.92435,151.79096,weather,12.9,38.9,51,0.0,44580.0,1022.3
2026-09-13T10:00,newcastle_au,Newcastle,Australia,origin,-32.92435,151.79096,weather,10.9,39.2,33,0.0,43940.0,1022.8
2026-09-13T11:00,newcastle_au,Newcastle,Australia,origin,-32.92435,151.79096,weather,10.5,38.9,12,0.0,43280.0,1023.2
2026-09-13T12:00,newcastle_au,Newcastle,Australia,origin,-32.92435,151.79096,weather,11.0,38.2,357,0.0,42640.0,1023.4
2026-09-13T13:00,newcastle_au,Newcastle,Australia,origin,-32.92435,151.79096,weather,11.6,36.4,348,0.0,42640.0,1023.3
2026-09-13T14:00,newcastle_au,Newcastle,Australia,origin,-32.92435,151.79096,weather,11.9,33.5,342,0.0,42620.0,1022.9
2026-09-13T15:00,newcastle_au,Newcastle,Australia,origin,-32.92435,151.79096,weather,12.1,30.6,337,0.0,42620.0,1022.5
2026-09-13T16:00,newcastle_au,Newcastle,Australia,origin,-32.92435,151.79096,weather,12.2,27.4,334,0.0,42620.0,1022.1
2026-09-13T17:00,newcastle_au,Newcastle,Australia,origin,-32.92435,151.79096,weather,12.4,24.8,330,0.0,42600.0,1021.7
2026-09-13T18:00,newcastle_au,Newcastle,Australia,origin,-32.92435,151.79096,weather,12.6,23.8,327,0.0,42600.0,1021.6
2026-09-13T19:00,newcastle_au,Newcastle,Australia,origin,-32.92435,151.79096,weather,13.1,24.1,324,0.0,44540.0,1021.7
2026-09-13T20:00,newcastle_au,Newcastle,Australia,origin,-32.92435,151.79096,weather,13.9,25.6,321,0.0,46460.0,1022.1
2026-09-13T21:00,newcastle_au,Newcastle,Australia,origin,-32.92435,151.79096,weather,14.8,27.7,318,0.0,48400.0,1022.5
2026-09-13T22:00,newcastle_au,Newcastle,Australia,origin,-32.92435,151.79096,weather,15.2,29.9,316,0.0,50320.0,1022.9
2026-09-13T23:00,newcastle_au,Newcastle,Australia,origin,-32.92435,151.79096,weather,15.0,32.4,317,0.0,52260.0,1023.2
2026-09-07T00:00,paradip_in,Paradip,India,destination,20.2669,86.6997,weather,10.6,15.5,242,0.0,7000.0,1007.3
2026-09-07T01:00,paradip_in,Paradip,India,destination,20.2669,86.6997,weather,10.6,19.4,244,0.1,8420.0,1008.0
2026-09-07T02:00,paradip_in,Paradip,India,destination,20.2669,86.6997,weather,10.2,21.2,242,0.0,12160.0,1008.2
2026-09-07T03:00,paradip_in,Paradip,India,destination,20.2669,86.6997,weather,15.7,30.2,279,1.3,3680.0,1008.6
2026-09-07T04:00,paradip_in,Paradip,India,destination,20.2669,86.6997,weather,11.4,31.3,274,0.6,4420.0,1008.3
2026-09-07T05:00,paradip_in,Paradip,India,destination,20.2669,86.6997,weather,13.5,30.2,278,0.6,6560.0,1008.4
2026-09-07T06:00,paradip_in,Paradip,India,destination,20.2669,86.6997,weather,10.6,31.0,285,0.3,8040.0,1007.8
2026-09-07T07:00,paradip_in,Paradip,India,destination,20.2669,86.6997,weather,8.6,25.6,269,0.2,6780.0,1006.6
2026-09-07T08:00,paradip_in,Paradip,India,destination,20.2669,86.6997,weather,9.4,25.2,232,0.2,8020.0,1004.8
2026-09-07T09:00,paradip_in,Paradip,India,destination,20.2669,86.6997,weather,14.5,31.3,203,2.1,2880.0,1004.8
2026-09-07T10:00,paradip_in,Paradip,India,destination,20.2669,86.6997,weather,6.8,32.8,258,3.6,3100.0,1004.8
2026-09-07T11:00,paradip_in,Paradip,India,destination,20.2669,86.6997,weather,7.1,15.5,214,0.7,4980.0,1004.1
2026-09-07T12:00,paradip_in,Paradip,India,destination,20.2669,86.6997,weather,4.5,15.5,275,0.3,5240.0,1005.0
2026-09-07T13:00,paradip_in,Paradip,India,destination,20.2669,86.6997,weather,0.4,7.6,63,0.1,9480.0,1006.0
2026-09-07T14:00,paradip_in,Paradip,India,destination,20.2669,86.6997,weather,2.9,4.0,176,0.0,8320.0,1007.1
2026-09-07T15:00,paradip_in,Paradip,India,destination,20.2669,86.6997,weather,7.2,11.5,193,0.0,9920.0,1008.0
2026-09-07T16:00,paradip_in,Paradip,India,destination,20.2669,86.6997,weather,9.2,15.1,213,0.0,11780.0,1008.3
2026-09-07T17:00,paradip_in,Paradip,India,destination,20.2669,86.6997,weather,11.0,18.7,228,0.0,10080.0,1008.2
2026-09-07T18:00,paradip_in,Paradip,India,destination,20.2669,86.6997,weather,11.3,19.4,233,0.0,10080.0,1007.7
2026-09-07T19:00,paradip_in,Paradip,India,destination,20.2669,86.6997,weather,10.6,19.4,236,0.0,10080.0,1007.1
2026-09-07T20:00,paradip_in,Paradip,India,destination,20.2669,86.6997,weather,11.1,19.4,243,0.0,10060.0,1006.3
2026-09-07T21:00,paradip_in,Paradip,India,destination,20.2669,86.6997,weather,11.7,20.5,247,0.0,10080.0,1005.2
2026-09-07T22:00,paradip_in,Paradip,India,destination,20.2669,86.6997,weather,10.4,20.2,252,0.0,10080.0,1004.9
2026-09-07T23:00,paradip_in,Paradip,India,destination,20.2669,86.6997,weather,9.1,18.0,248,0.0,10060.0,1004.9
2026-09-08T00:00,paradip_in,Paradip,India,destination,20.2669,86.6997,weather,7.5,16.2,255,0.0,10060.0,1005.7
2026-09-08T01:00,paradip_in,Paradip,India,destination,20.2669,86.6997,weather,7.9,15.1,258,0.0,7860.0,1006.6
2026-09-08T02:00,paradip_in,Paradip,India,destination,20.2669,86.6997,weather,8.5,18.0,269,0.6,3580.0,1008.1
2026-09-08T03:00,paradip_in,Paradip,India,destination,20.2669,86.6997,weather,4.7,20.9,272,1.8,5800.0,1008.4
2026-09-08T04:00,paradip_in,Paradip,India,destination,20.2669,86.6997,weather,5.5,15.5,247,0.0,13640.0,1008.5
2026-09-08T05:00,paradip_in,Paradip,India,destination,20.2669,86.6997,weather,9.4,22.0,267,0.0,15720.0,1007.7
2026-09-08T06:00,paradip_in,Paradip,India,destination,20.2669,86.6997,weather,10.7,26.6,279,0.1,17540.0,1007.0
2026-09-08T07:00,paradip_in,Paradip,India,destination,20.2669,86.6997,weather,10.1,27.7,250,0.0,17540.0,1005.5
2026-09-08T08:00,paradip_in,Paradip,India,destination,20.2669,86.6997,weather,9.1,27.4,218,0.0,10640.0,1004.1
2026-09-08T09:00,paradip_in,Paradip,India,destination,20.2669,86.6997,weather,17.3,33.8,200,0.4,3720.0,1002.7
2026-09-08T10:00,paradip_in,Paradip,India,destination,20.2669,86.6997,weather,17.0,36.0,221,0.3,7920.0,1002.9
2026-09-08T11:00,paradip_in,Paradip,India,destination,20.2669,86.6997,weather,12.6,34.9,299,0.6,3260.0,1004.2
2026-09-08T12:00,paradip_in,Paradip,India,destination,20.2669,86.6997,weather,9.8,24.1,300,0.5,4700.0,1003.7
2026-09-08T13:00,paradip_in,Paradip,India,destination,20.2669,86.6997,weather,7.1,18.0,311,0.1,7440.0,1004.6
2026-09-08T14:00,paradip_in,Paradip,India,destination,20.2669,86.6997,weather,6.4,13.3,280,0.0,9700.0,1005.6
2026-09-08T15:00,paradip_in,Paradip,India,destination,20.2669,86.6997,weather,4.1,10.8,283,0.0,9880.0,1006.8
2026-09-08T16:00,paradip_in,Paradip,India,destination,20.2669,86.6997,weather,3.2,7.2,254,0.0,9920.0,1007.3
2026-09-08T17:00,paradip_in,Paradip,India,destination,20.2669,86.6997,weather,5.4,9.4,240,0.1,7520.0,1007.0
2026-09-08T18:00,paradip_in,Paradip,India,destination,20.2669,86.6997,weather,6.5,11.2,224,0.0,9640.0,1006.7
2026-09-08T19:00,paradip_in,Paradip,India,destination,20.2669,86.6997,weather,3.2,11.5,232,0.0,9960.0,1006.2
2026-09-08T20:00,paradip_in,Paradip,India,destination,20.2669,86.6997,weather,7.1,11.2,255,0.0,10000.0,1005.3
2026-09-08T21:00,paradip_in,Paradip,India,destination,20.2669,86.6997,weather,7.2,13.7,257,0.0,10000.0,1004.5
2026-09-08T22:00,paradip_in,Paradip,India,destination,20.2669,86.6997,weather,5.3,12.6,262,0.0,10000.0,1004.2
2026-09-08T23:00,paradip_in,Paradip,India,destination,20.2669,86.6997,weather,5.8,10.1,274,0.0,10000.0,1004.6
2026-09-09T00:00,paradip_in,Paradip,India,destination,20.2669,86.6997,weather,7.0,12.6,293,0.0,6920.0,1005.0
2026-09-09T01:00,paradip_in,Paradip,India,destination,20.2669,86.6997,weather,5.8,12.2,300,0.0,10000.0,1005.4
2026-09-09T02:00,paradip_in,Paradip,India,destination,20.2669,86.6997,weather,2.4,12.6,324,0.0,9920.0,1006.6
2026-09-09T03:00,paradip_in,Paradip,India,destination,20.2669,86.6997,weather,6.1,15.5,284,0.0,11760.0,1007.0
2026-09-09T04:00,paradip_in,Paradip,India,destination,20.2669,86.6997,weather,7.4,18.0,304,0.0,13560.0,1006.9
2026-09-09T05:00,paradip_in,Paradip,India,destination,20.2669,86.6997,weather,9.4,23.0,324,0.1,15620.0,1006.4
2026-09-09T06:00,paradip_in,Paradip,India,destination,20.2669,86.6997,weather,5.6,24.1,327,0.2,9620.0,1005.8
2026-09-09T07:00,paradip_in,Paradip,India,destination,20.2669,86.6997,weather,4.7,19.8,137,0.4,5120.0,1004.7
2026-09-09T08:00,paradip_in,Paradip,India,destination,20.2669,86.6997,weather,11.6,32.4,161,9.2,1620.0,1004.4
2026-09-09T09:00,paradip_in,Paradip,India,destination,20.2669,86.6997,weather,2.7,29.2,222,3.7,2340.0,1003.1
2026-09-09T10:00,paradip_in,Paradip,India,destination,20.2669,86.6997,weather,5.2,14.8,202,1.3,4220.0,1002.3
2026-09-09T11:00,paradip_in,Paradip,India,destination,20.2669,86.6997,weather,6.7,16.2,234,0.3,7100.0,1002.5
2026-09-09T12:00,paradip_in,Paradip,India,destination,20.2669,86.6997,weather,6.2,15.8,226,0.1,9300.0,1003.0
2026-09-09T13:00,paradip_in,Paradip,India,destination,20.2669,86.6997,weather,4.7,11.2,252,0.0,8820.0,1004.1
2026-09-09T14:00,paradip_in,Paradip,India,destination,20.2669,86.6997,weather,3.4,8.3,254,0.0,9440.0,1005.5
2026-09-09T15:00,paradip_in,Paradip,India,destination,20.2669,86.6997,weather,3.6,8.3,273,0.0,6820.0,1006.4
2026-09-09T16:00,paradip_in,Paradip,India,destination,20.2669,86.6997,weather,2.7,6.5,262,0.0,9780.0,1007.0
2026-09-09T17:00,paradip_in,Paradip,India,destination,20.2669,86.6997,weather,2.9,6.1,274,0.0,9880.0,1006.7
2026-09-09T18:00,paradip_in,Paradip,India,destination,20.2669,86.6997,weather,4.9,8.3,237,0.0,9940.0,1006.0
2026-09-09T19:00,paradip_in,Paradip,India,destination,20.2669,86.6997,weather,8.9,15.5,223,0.0,9160.0,1005.3
2026-09-09T20:00,paradip_in,Paradip,India,destination,20.2669,86.6997,weather,7.6,16.6,234,0.3,5280.0,1005.1
2026-09-09T21:00,paradip_in,Paradip,India,destination,20.2669,86.6997,weather,2.4,12.6,257,1.3,3040.0,1004.7
2026-09-09T22:00,paradip_in,Paradip,India,destination,20.2669,86.6997,weather,2.6,5.4,286,0.4,3480.0,1003.9
2026-09-09T23:00,paradip_in,Paradip,India,destination,20.2669,86.6997,weather,7.4,11.9,284,0.4,3260.0,1004.6
2026-09-10T00:00,paradip_in,Paradip,India,destination,20.2669,86.6997,weather,11.2,26.6,276,2.7,2860.0,1005.4
2026-09-10T01:00,paradip_in,Paradip,India,destination,20.2669,86.6997,weather,9.8,18.7,296,0.6,3220.0,1005.9
2026-09-10T02:00,paradip_in,Paradip,India,destination,20.2669,86.6997,weather,5.6,18.7,276,0.9,3020.0,1006.9
2026-09-10T03:00,paradip_in,Paradip,India,destination,20.2669,86.6997,weather,6.6,17.3,305,0.4,4560.0,1007.0
2026-09-10T04:00,paradip_in,Paradip,India,destination,20.2669,86.6997,weather,5.8,16.6,324,0.4,4520.0,1007.2
2026-09-10T05:00,paradip_in,Paradip,India,destination,20.2669,86.6997,weather,4.7,16.2,23,0.4,5440.0,1007.1
2026-09-10T06:00,paradip_in,Paradip,India,destination,20.2669,86.6997,weather,2.7,16.2,53,0.3,7880.0,1006.5
2026-09-10T07:00,paradip_in,Paradip,India,destination,20.2669,86.6997,weather,4.7,16.2,140,0.4,4660.0,1005.5
2026-09-10T08:00,paradip_in,Paradip,India,destination,20.2669,86.6997,weather,12.5,26.6,155,4.8,2160.0,1004.1
2026-09-10T09:00,paradip_in,Paradip,India,destination,20.2669,86.6997,weather,3.5,27.7,125,4.1,2380.0,1003.4
2026-09-10T10:00,paradip_in,Paradip,India,destination,20.2669,86.6997,weather,9.0,20.2,154,1.0,5980.0,1002.3
2026-09-10T11:00,paradip_in,Paradip,India,destination,20.2669,86.6997,weather,8.0,20.5,174,0.2,4600.0,1002.7
2026-09-10T12:00,paradip_in,Paradip,India,destination,20.2669,86.6997,weather,8.1,17.3,176,0.4,7320.0,1003.1
2026-09-10T13:00,paradip_in,Paradip,India,destination,20.2669,86.6997,weather,4.4,13.7,187,0.0,8000.0,1004.5
2026-09-10T14:00,paradip_in,Paradip,India,destination,20.2669,86.6997,weather,3.1,7.6,208,0.1,8180.0,1005.7
2026-09-10T15:00,paradip_in,Paradip,India,destination,20.2669,86.6997,weather,7.0,12.2,280,0.4,3420.0,1006.7
2026-09-10T16:00,paradip_in,Paradip,India,destination,20.2669,86.6997,weather,4.5,13.3,272,0.4,3720.0,1007.1
2026-09-10T17:00,paradip_in,Paradip,India,destination,20.2669,86.6997,weather,4.8,8.6,239,0.3,4140.0,1007.0
2026-09-10T18:00,paradip_in,Paradip,India,destination,20.2669,86.6997,weather,5.8,11.2,290,0.5,1600.0,1006.6
2026-09-10T19:00,paradip_in,Paradip,India,destination,20.2669,86.6997,weather,6.7,17.6,304,1.8,1260.0,1005.9
2026-09-10T20:00,paradip_in,Paradip,India,destination,20.2669,86.6997,weather,1.7,11.2,13,0.4,4080.0,1005.0
2026-09-10T21:00,paradip_in,Paradip,India,destination,20.2669,86.6997,weather,8.0,15.8,304,1.2,1260.0,1004.9
2026-09-10T22:00,paradip_in,Paradip,India,destination,20.2669,86.6997,weather,6.4,15.5,22,0.7,2840.0,1004.9
2026-09-10T23:00,paradip_in,Paradip,India,destination,20.2669,86.6997,weather,2.5,11.9,45,0.6,4300.0,1005.2
2026-09-11T00:00,paradip_in,Paradip,India,destination,20.2669,86.6997,weather,2.1,5.8,38,0.1,5480.0,1005.6
2026-09-11T01:00,paradip_in,Paradip,India,destination,20.2669,86.6997,weather,4.5,9.0,53,0.3,5340.0,1006.3
2026-09-11T02:00,paradip_in,Paradip,India,destination,20.2669,86.6997,weather,7.1,14.8,52,0.3,5200.0,1007.0
2026-09-11T03:00,paradip_in,Paradip,India,destination,20.2669,86.6997,weather,9.2,20.5,59,0.3,5060.0,1007.5
2026-09-11T04:00,paradip_in,Paradip,India,destination,20.2669,86.6997,weather,11.1,25.9,78,0.2,5420.0,1007.4
2026-09-11T05:00,paradip_in,Paradip,India,destination,20.2669,86.6997,weather,13.9,31.3,95,0.2,5760.0,1007.1
2026-09-11T06:00,paradip_in,Paradip,India,destination,20.2669,86.6997,weather,16.6,35.6,105,0.2,6120.0,1006.5
2026-09-11T07:00,paradip_in,Paradip,India,destination,20.2669,86.6997,weather,18.1,38.2,110,0.4,5400.0,1005.6
2026-09-11T08:00,paradip_in,Paradip,India,destination,20.2669,86.6997,weather,18.8,39.6,114,0.4,4680.0,1004.5
2026-09-11T09:00,paradip_in,Paradip,India,destination,20.2669,86.6997,weather,18.6,40.3,118,0.4,3960.0,1003.7
2026-09-11T10:00,paradip_in,Paradip,India,destination,20.2669,86.6997,weather,17.3,40.7,124,0.3,4960.0,1003.5
2026-09-11T11:00,paradip_in,Paradip,India,destination,20.2669,86.6997,weather,15.1,40.3,130,0.3,5960.0,1003.7
2026-09-11T12:00,paradip_in,Paradip,India,destination,20.2669,86.6997,weather,13.1,38.2,136,0.3,6960.0,1004.1
2026-09-11T13:00,paradip_in,Paradip,India,destination,20.2669,86.6997,weather,11.3,33.5,137,0.5,6760.0,1005.0
2026-09-11T14:00,paradip_in,Paradip,India,destination,20.2669,86.6997,weather,9.4,27.4,133,0.5,6580.0,1006.1
2026-09-11T15:00,paradip_in,Paradip,India,destination,20.2669,86.6997,weather,8.1,22.3,129,0.5,6380.0,1007.0
2026-09-11T16:00,paradip_in,Paradip,India,destination,20.2669,86.6997,weather,7.1,19.8,124,0.8,5280.0,1007.3
2026-09-11T17:00,paradip_in,Paradip,India,destination,20.2669,86.6997,weather,6.7,18.7,117,0.8,4200.0,1007.4
2026-09-11T18:00,paradip_in,Paradip,India,destination,20.2669,86.6997,weather,6.5,18.0,113,0.8,3100.0,1007.2
2026-09-11T19:00,paradip_in,Paradip,India,destination,20.2669,86.6997,weather,6.3,18.4,114,0.7,3440.0,1006.6
2026-09-11T20:00,paradip_in,Paradip,India,destination,20.2669,86.6997,weather,6.3,19.1,117,0.7,3760.0,1005.8
2026-09-11T21:00,paradip_in,Paradip,India,destination,20.2669,86.6997,weather,6.0,19.1,115,0.7,4100.0,1005.3
2026-09-11T22:00,paradip_in,Paradip,India,destination,20.2669,86.6997,weather,5.2,16.6,92,0.2,4360.0,1005.3
2026-09-11T23:00,paradip_in,Paradip,India,destination,20.2669,86.6997,weather,5.9,13.3,59,0.2,4600.0,1005.5
2026-09-12T00:00,paradip_in,Paradip,India,destination,20.2669,86.6997,weather,7.2,12.2,51,0.2,4860.0,1006.0
2026-09-12T01:00,paradip_in,Paradip,India,destination,20.2669,86.6997,weather,8.0,16.2,70,0.9,4180.0,1006.9
2026-09-12T02:00,paradip_in,Paradip,India,destination,20.2669,86.6997,weather,10.5,22.3,93,0.9,3480.0,1008.1
2026-09-12T03:00,paradip_in,Paradip,India,destination,20.2669,86.6997,weather,13.0,27.7,104,0.9,2800.0,1008.8
2026-09-12T04:00,paradip_in,Paradip,India,destination,20.2669,86.6997,weather,14.3,30.6,108,0.5,3080.0,1008.8
2026-09-12T05:00,paradip_in,Paradip,India,destination,20.2669,86.6997,weather,15.0,32.4,108,0.5,3340.0,1008.3
2026-09-12T06:00,paradip_in,Paradip,India,destination,20.2669,86.6997,weather,15.2,33.8,109,0.5,3620.0,1007.8
2026-09-12T07:00,paradip_in,Paradip,India,destination,20.2669,86.6997,weather,15.3,35.6,107,1.5,3540.0,1007.2
2026-09-12T08:00,paradip_in,Paradip,India,destination,20.2669,86.6997,weather,15.1,37.1,105,1.5,3480.0,1006.5
2026-09-12T09:00,paradip_in,Paradip,India,destination,20.2669,86.6997,weather,14.7,37.4,105,1.5,3400.0,1005.9
2026-09-12T10:00,paradip_in,Paradip,India,destination,20.2669,86.6997,weather,13.9,36.4,109,0.1,4680.0,1005.5
2026-09-12T11:00,paradip_in,Paradip,India,destination,20.2669,86.6997,weather,13.0,34.6,115,0.1,5940.0,1005.3
2026-09-12T12:00,paradip_in,Paradip,India,destination,20.2669,86.6997,weather,12.3,32.0,122,0.1,7220.0,1005.4
2026-09-12T13:00,paradip_in,Paradip,India,destination,20.2669,86.6997,weather,12.0,29.2,127,0.2,6680.0,1006.2
2026-09-12T14:00,paradip_in,Paradip,India,destination,20.2669,86.6997,weather,12.0,26.3,131,0.2,6160.0,1007.4
2026-09-12T15:00,paradip_in,Paradip,India,destination,20.2669,86.6997,weather,11.5,23.8,136,0.2,5620.0,1008.3
2026-09-12T16:00,paradip_in,Paradip,India,destination,20.2669,86.6997,weather,10.3,22.3,145,0.4,6100.0,1008.7
2026-09-12T17:00,paradip_in,Paradip,India,destination,20.2669,86.6997,weather,9.0,21.2,157,0.4,6600.0,1008.9
2026-09-12T18:00,paradip_in,Paradip,India,destination,20.2669,86.6997,weather,7.5,19.8,163,0.4,7080.0,1008.9
2026-09-12T19:00,paradip_in,Paradip,India,destination,20.2669,86.6997,weather,5.0,17.3,154,0.1,7640.0,1008.6
2026-09-12T20:00,paradip_in,Paradip,India,destination,20.2669,86.6997,weather,3.2,14.0,109,0.1,8200.0,1008.1
2026-09-12T21:00,paradip_in,Paradip,India,destination,20.2669,86.6997,weather,4.2,12.6,70,0.1,8760.0,1007.7
2026-09-12T22:00,paradip_in,Paradip,India,destination,20.2669,86.6997,weather,4.8,13.0,65,0.4,7540.0,1007.6
2026-09-12T23:00,paradip_in,Paradip,India,destination,20.2669,86.6997,weather,5.0,14.4,71,0.4,6320.0,1007.6
2026-09-13T00:00,paradip_in,Paradip,India,destination,20.2669,86.6997,weather,6.5,18.0,77,0.4,5100.0,1007.8
2026-09-13T01:00,paradip_in,Paradip,India,destination,20.2669,86.6997,weather,10.5,24.8,78,0.2,4720.0,1008.5
2026-09-13T02:00,paradip_in,Paradip,India,destination,20.2669,86.6997,weather,16.0,33.5,78,0.2,4320.0,1009.5
2026-09-13T03:00,paradip_in,Paradip,India,destination,20.2669,86.6997,weather,19.9,40.7,80,0.2,3940.0,1010.1
2026-09-13T04:00,paradip_in,Paradip,India,destination,20.2669,86.6997,weather,21.6,44.6,82,0.6,3780.0,1010.1
2026-09-13T05:00,paradip_in,Paradip,India,destination,20.2669,86.6997,weather,22.0,46.4,86,0.6,3620.0,1009.8
2026-09-13T06:00,paradip_in,Paradip,India,destination,20.2669,86.6997,weather,22.1,47.9,89,0.6,3460.0,1009.6
2026-09-13T07:00,paradip_in,Paradip,India,destination,20.2669,86.6997,weather,21.5,46.4,94,0.3,6740.0,1009.3
2026-09-13T08:00,paradip_in,Paradip,India,destination,20.2669,86.6997,weather,21.0,47.5,95,0.3,6900.0,1008.8
2026-09-13T09:00,paradip_in,Paradip,India,destination,20.2669,86.6997,weather,20.1,47.5,96,0.3,7060.0,1008.3
2026-09-13T10:00,paradip_in,Paradip,India,destination,20.2669,86.6997,weather,18.8,47.2,95,0.3,7200.0,1007.7
2026-09-13T11:00,paradip_in,Paradip,India,destination,20.2669,86.6997,weather,17.5,46.1,95,0.3,7360.0,1007.3
2026-09-13T12:00,paradip_in,Paradip,India,destination,20.2669,86.6997,weather,16.2,45.0,94,0.3,7520.0,1007.1
2026-09-13T13:00,paradip_in,Paradip,India,destination,20.2669,86.6997,weather,15.0,43.2,93,0.0,7720.0,1007.2
2026-09-13T14:00,paradip_in,Paradip,India,destination,20.2669,86.6997,weather,13.5,40.3,90,0.0,7900.0,1007.5
2026-09-13T15:00,paradip_in,Paradip,India,destination,20.2669,86.6997,weather,11.9,37.1,86,0.0,8100.0,1008.0
2026-09-13T16:00,paradip_in,Paradip,India,destination,20.2669,86.6997,weather,10.4,33.8,80,0.0,8280.0,1008.4
2026-09-13T17:00,paradip_in,Paradip,India,destination,20.2669,86.6997,weather,9.4,30.6,73,0.0,8480.0,1008.9
2026-09-13T18:00,paradip_in,Paradip,India,destination,20.2669,86.6997,weather,8.9,28.4,66,0.0,8660.0,1009.1
2026-09-13T19:00,paradip_in,Paradip,India,destination,20.2669,86.6997,weather,8.9,26.6,58,2.4,7560.0,1009.2
2026-09-13T20:00,paradip_in,Paradip,India,destination,20.2669,86.6997,weather,9.1,25.2,51,2.4,6480.0,1009.1
2026-09-13T21:00,paradip_in,Paradip,India,destination,20.2669,86.6997,weather,9.8,23.8,44,2.4,5380.0,1009.0
2026-09-13T22:00,paradip_in,Paradip,India,destination,20.2669,86.6997,weather,10.6,23.0,40,2.4,4280.0,1008.8
2026-09-13T23:00,paradip_in,Paradip,India,destination,20.2669,86.6997,weather,11.5,23.0,39,2.4,3200.0,1008.7
2026-09-07T00:00,richards_bay_za,Richards Bay,South Africa,origin,-28.78301,32.03767,weather,2.7,2.5,188,0.2,13040.0,1030.6
2026-09-07T01:00,richards_bay_za,Richards Bay,South Africa,origin,-28.78301,32.03767,weather,2.2,4.7,204,0.0,27980.0,1030.0
2026-09-07T02:00,richards_bay_za,Richards Bay,South Africa,origin,-28.78301,32.03767,weather,1.6,3.6,276,0.0,24600.0,1030.1
2026-09-07T03:00,richards_bay_za,Richards Bay,South Africa,origin,-28.78301,32.03767,weather,3.3,4.7,264,0.1,11160.0,1030.4
2026-09-07T04:00,richards_bay_za,Richards Bay,South Africa,origin,-28.78301,32.03767,weather,6.8,11.2,273,0.3,4780.0,1031.5
2026-09-07T05:00,richards_bay_za,Richards Bay,South Africa,origin,-28.78301,32.03767,weather,13.1,22.7,272,0.5,4220.0,1032.4
2026-09-07T06:00,richards_bay_za,Richards Bay,South Africa,origin,-28.78301,32.03767,weather,12.8,24.5,256,0.3,5380.0,1033.1
2026-09-07T07:00,richards_bay_za,Richards Bay,South Africa,origin,-28.78301,32.03767,weather,10.5,22.7,253,0.2,6740.0,1033.7
2026-09-07T08:00,richards_bay_za,Richards Bay,South Africa,origin,-28.78301,32.03767,weather,6.5,20.5,231,0.0,24600.0,1033.5
2026-09-07T09:00,richards_bay_za,Richards Bay,South Africa,origin,-28.78301,32.03767,weather,7.7,20.9,162,0.0,30860.0,1033.0
2026-09-07T10:00,richards_bay_za,Richards Bay,South Africa,origin,-28.78301,32.03767,weather,9.0,23.4,105,0.0,30860.0,1032.3
2026-09-07T11:00,richards_bay_za,Richards Bay,South Africa,origin,-28.78301,32.03767,weather,10.9,25.9,74,0.1,11860.0,1031.3
2026-09-07T12:00,richards_bay_za,Richards Bay,South Africa,origin,-28.78301,32.03767,weather,12.1,27.4,67,0.1,16120.0,1030.9
2026-09-07T13:00,richards_bay_za,Richards Bay,South Africa,origin,-28.78301,32.03767,weather,12.6,28.4,63,0.0,30860.0,1030.9
2026-09-07T14:00,richards_bay_za,Richards Bay,South Africa,origin,-28.78301,32.03767,weather,11.3,27.4,54,0.0,30860.0,1030.9
2026-09-07T15:00,richards_bay_za,Richards Bay,South Africa,origin,-28.78301,32.03767,weather,8.3,23.8,46,0.0,30860.0,1030.9
2026-09-07T16:00,richards_bay_za,Richards Bay,South Africa,origin,-28.78301,32.03767,weather,7.8,15.5,15,0.0,27980.0,1031.3
2026-09-07T17:00,richards_bay_za,Richards Bay,South Africa,origin,-28.78301,32.03767,weather,7.4,14.0,338,0.0,24600.0,1031.7
2026-09-07T18:00,richards_bay_za,Richards Bay,South Africa,origin,-28.78301,32.03767,weather,5.7,13.0,323,0.0,24600.0,1032.0
2026-09-07T19:00,richards_bay_za,Richards Bay,South Africa,origin,-28.78301,32.03767,weather,5.0,10.1,345,0.0,24600.0,1032.4
2026-09-07T20:00,richards_bay_za,Richards Bay,South Africa,origin,-28.78301,32.03767,weather,6.6,11.9,351,0.0,24600.0,1032.8
2026-09-07T21:00,richards_bay_za,Richards Bay,South Africa,origin,-28.78301,32.03767,weather,6.1,11.9,348,0.0,24600.0,1032.8
2026-09-07T22:00,richards_bay_za,Richards Bay,South Africa,origin,-28.78301,32.03767,weather,7.2,12.6,354,0.0,24600.0,1032.6
2026-09-07T23:00,richards_bay_za,Richards Bay,South Africa,origin,-28.78301,32.03767,weather,8.3,14.4,349,0.0,24600.0,1032.0
2026-09-08T00:00,richards_bay_za,Richards Bay,South Africa,origin,-28.78301,32.03767,weather,7.8,14.8,351,0.0,21860.0,1031.5
2026-09-08T01:00,richards_bay_za,Richards Bay,South Africa,origin,-28.78301,32.03767,weather,7.0,14.0,360,0.0,21680.0,1031.0
2026-09-08T02:00,richards_bay_za,Richards Bay,South Africa,origin,-28.78301,32.03767,weather,7.0,12.6,360,0.0,21740.0,1030.6
2026-09-08T03:00,richards_bay_za,Richards Bay,South Africa,origin,-28.78301,32.03767,weather,7.6,13.3,1,0.0,22120.0,1030.8
2026-09-08T04:00,richards_bay_za,Richards Bay,South Africa,origin,-28.78301,32.03767,weather,7.7,14.0,359,0.0,22120.0,1031.2
2026-09-08T05:00,richards_bay_za,Richards Bay,South Africa,origin,-28.78301,32.03767,weather,8.8,16.9,360,0.0,24060.0,1031.6
2026-09-08T06:00,richards_bay_za,Richards Bay,South Africa,origin,-28.78301,32.03767,weather,7.6,18.0,8,0.0,26760.0,1031.9
2026-09-08T07:00,richards_bay_za,Richards Bay,South Africa,origin,-28.78301,32.03767,weather,13.7,29.2,21,0.0,30880.0,1032.1
2026-09-08T08:00,richards_bay_za,Richards Bay,South Africa,origin,-28.78301,32.03767,weather,17.1,37.8,25,0.0,30880.0,1031.7
2026-09-08T09:00,richards_bay_za,Richards Bay,South Africa,origin,-28.78301,32.03767,weather,17.4,37.8,24,0.0,30880.0,1030.8
2026-09-08T10:00,richards_bay_za,Richards Bay,South Africa,origin,-28.78301,32.03767,weather,17.7,38.2,24,0.0,33580.0,1029.9
2026-09-08T11:00,richards_bay_za,Richards Bay,South Africa,origin,-28.78301,32.03767,weather,18.2,38.9,31,0.0,33560.0,1028.7
2026-09-08T12:00,richards_bay_za,Richards Bay,South Africa,origin,-28.78301,32.03767,weather,18.1,39.2,30,0.0,30880.0,1027.8
2026-09-08T13:00,richards_bay_za,Richards Bay,South Africa,origin,-28.78301,32.03767,weather,18.5,38.9,38,0.0,30880.0,1027.6
2026-09-08T14:00,richards_bay_za,Richards Bay,South Africa,origin,-28.78301,32.03767,weather,18.7,38.5,45,0.0,30880.0,1027.8
2026-09-08T15:00,richards_bay_za,Richards Bay,South Africa,origin,-28.78301,32.03767,weather,17.8,38.9,52,0.0,25800.0,1028.0
2026-09-08T16:00,richards_bay_za,Richards Bay,South Africa,origin,-28.78301,32.03767,weather,18.5,36.0,45,0.0,26600.0,1028.2
2026-09-08T17:00,richards_bay_za,Richards Bay,South Africa,origin,-28.78301,32.03767,weather,16.9,35.3,35,0.0,27280.0,1028.5
2026-09-08T18:00,richards_bay_za,Richards Bay,South Africa,origin,-28.78301,32.03767,weather,15.7,32.4,30,0.0,27440.0,1028.8
2026-09-08T19:00,richards_bay_za,Richards Bay,South Africa,origin,-28.78301,32.03767,weather,15.3,29.9,21,0.0,27480.0,1029.1
2026-09-08T20:00,richards_bay_za,Richards Bay,South Africa,origin,-28.78301,32.03767,weather,16.1,30.2,20,0.0,27560.0,1029.3
2026-09-08T21:00,richards_bay_za,Richards Bay,South Africa,origin,-28.78301,32.03767,weather,15.5,30.6,20,0.0,27640.0,1029.1
2026-09-08T22:00,richards_bay_za,Richards Bay,South Africa,origin,-28.78301,32.03767,weather,15.8,29.5,21,0.0,27980.0,1029.0
2026-09-08T23:00,richards_bay_za,Richards Bay,South Africa,origin,-28.78301,32.03767,weather,16.5,31.3,20,0.0,27980.0,1028.5
2026-09-09T00:00,richards_bay_za,Richards Bay,South Africa,origin,-28.78301,32.03767,weather,15.6,31.3,19,0.0,27980.0,1027.9
2026-09-09T01:00,richards_bay_za,Richards Bay,South Africa,origin,-28.78301,32.03767,weather,15.5,29.5,15,0.0,27980.0,1027.4
2026-09-09T02:00,richards_bay_za,Richards Bay,South Africa,origin,-28.78301,32.03767,weather,15.5,29.5,15,0.0,27200.0,1027.1
2026-09-09T03:00,richards_bay_za,Richards Bay,South Africa,origin,-28.78301,32.03767,weather,15.2,29.5,13,0.0,26320.0,1027.2
2026-09-09T04:00,richards_bay_za,Richards Bay,South Africa,origin,-28.78301,32.03767,weather,14.0,28.4,13,0.0,23760.0,1027.6
2026-09-09T05:00,richards_bay_za,Richards Bay,South Africa,origin,-28.78301,32.03767,weather,15.7,29.5,15,0.0,27740.0,1027.8
2026-09-09T06:00,richards_bay_za,Richards Bay,South Africa,origin,-28.78301,32.03767,weather,15.8,33.1,17,0.0,27980.0,1028.0
2026-09-09T07:00,richards_bay_za,Richards Bay,South Africa,origin,-28.78301,32.03767,weather,17.8,37.4,16,0.0,30880.0,1028.0
2026-09-09T08:00,richards_bay_za,Richards Bay,South Africa,origin,-28.78301,32.03767,weather,20.6,43.6,16,0.0,33580.0,1027.4
2026-09-09T09:00,richards_bay_za,Richards Bay,South Africa,origin,-28.78301,32.03767,weather,21.4,46.1,16,0.0,37160.0,1026.7
2026-09-09T10:00,richards_bay_za,Richards Bay,South Africa,origin,-28.78301,32.03767,weather,22.4,47.5,15,0.0,37160.0,1025.7
2026-09-09T11:00,richards_bay_za,Richards Bay,South Africa,origin,-28.78301,32.03767,weather,21.7,47.5,16,0.0,37140.0,1024.6
2026-09-09T12:00,richards_bay_za,Richards Bay,South Africa,origin,-28.78301,32.03767,weather,21.4,46.1,21,0.0,37160.0,1023.6
2026-09-09T13:00,richards_bay_za,Richards Bay,South Africa,origin,-28.78301,32.03767,weather,20.7,45.4,30,0.0,37160.0,1023.0
2026-09-09T14:00,richards_bay_za,Richards Bay,South Africa,origin,-28.78301,32.03767,weather,19.9,42.8,35,0.0,33580.0,1023.0
2026-09-09T15:00,richards_bay_za,Richards Bay,South Africa,origin,-28.78301,32.03767,weather,18.5,40.3,41,0.0,30880.0,1023.0
2026-09-09T16:00,richards_bay_za,Richards Bay,South Africa,origin,-28.78301,32.03767,weather,18.7,36.4,42,0.0,27980.0,1023.6
2026-09-09T17:00,richards_bay_za,Richards Bay,South Africa,origin,-28.78301,32.03767,weather,18.9,36.4,34,0.0,27980.0,1024.2
2026-09-09T18:00,richards_bay_za,Richards Bay,South Africa,origin,-28.78301,32.03767,weather,19.3,37.1,30,0.0,27980.0,1024.7
2026-09-09T19:00,richards_bay_za,Richards Bay,South Africa,origin,-28.78301,32.03767,weather,19.3,37.1,24,0.0,27980.0,1024.9
2026-09-09T20:00,richards_bay_za,Richards Bay,South Africa,origin,-28.78301,32.03767,weather,19.2,37.1,19,0.0,27980.0,1024.9
2026-09-09T21:00,richards_bay_za,Richards Bay,South Africa,origin,-28.78301,32.03767,weather,20.1,38.2,16,0.0,27980.0,1024.7
2026-09-09T22:00,richards_bay_za,Richards Bay,South Africa,origin,-28.78301,32.03767,weather,20.8,40.0,17,0.0,27980.0,1024.1
2026-09-09T23:00,richards_bay_za,Richards Bay,South Africa,origin,-28.78301,32.03767,weather,20.2,40.0,17,0.0,24600.0,1023.6
2026-09-10T00:00,richards_bay_za,Richards Bay,South Africa,origin,-28.78301,32.03767,weather,19.3,38.5,18,0.0,24600.0,1022.9
2026-09-10T01:00,richards_bay_za,Richards Bay,South Africa,origin,-28.78301,32.03767,weather,19.0,37.4,17,0.0,24600.0,1022.2
2026-09-10T02:00,richards_bay_za,Richards Bay,South Africa,origin,-28.78301,32.03767,weather,18.1,36.4,19,0.0,22120.0,1021.9
2026-09-10T03:00,richards_bay_za,Richards Bay,South Africa,origin,-28.78301,32.03767,weather,17.4,34.6,20,0.0,22120.0,1022.1
2026-09-10T04:00,richards_bay_za,Richards Bay,South Africa,origin,-28.78301,32.03767,weather,17.3,33.5,21,0.0,24600.0,1022.5
2026-09-10T05:00,richards_bay_za,Richards Bay,South Africa,origin,-28.78301,32.03767,weather,18.0,35.3,19,0.0,24600.0,1022.9
2026-09-10T06:00,richards_bay_za,Richards Bay,South Africa,origin,-28.78301,32.03767,weather,16.6,35.3,21,0.0,28000.0,1023.0
2026-09-10T07:00,richards_bay_za,Richards Bay,South Africa,origin,-28.78301,32.03767,weather,20.7,42.8,15,0.0,30880.0,1022.7
2026-09-10T08:00,richards_bay_za,Richards Bay,South Africa,origin,-28.78301,32.03767,weather,21.9,46.4,17,0.0,33580.0,1022.1
2026-09-10T09:00,richards_bay_za,Richards Bay,South Africa,origin,-28.78301,32.03767,weather,22.4,47.9,18,0.0,33580.0,1021.3
2026-09-10T10:00,richards_bay_za,Richards Bay,South Africa,origin,-28.78301,32.03767,weather,22.0,47.9,22,0.0,33580.0,1020.2
2026-09-10T11:00,richards_bay_za,Richards Bay,South Africa,origin,-28.78301,32.03767,weather,20.4,46.8,23,0.0,37160.0,1019.1
2026-09-10T12:00,richards_bay_za,Richards Bay,South Africa,origin,-28.78301,32.03767,weather,18.7,43.9,25,0.0,37160.0,1018.3
2026-09-10T13:00,richards_bay_za,Richards Bay,South Africa,origin,-28.78301,32.03767,weather,17.9,40.0,31,0.0,37160.0,1017.8
2026-09-10T14:00,richards_bay_za,Richards Bay,South Africa,origin,-28.78301,32.03767,weather,17.0,37.8,40,0.0,33600.0,1017.8
2026-09-10T15:00,richards_bay_za,Richards Bay,South Africa,origin,-28.78301,32.03767,weather,16.4,34.6,47,0.0,30880.0,1018.2
2026-09-10T16:00,richards_bay_za,Richards Bay,South Africa,origin,-28.78301,32.03767,weather,16.6,32.4,43,0.0,28000.0,1018.8
2026-09-10T17:00,richards_bay_za,Richards Bay,South Africa,origin,-28.78301,32.03767,weather,17.1,32.0,35,0.0,28000.0,1019.4
2026-09-10T18:00,richards_bay_za,Richards Bay,South Africa,origin,-28.78301,32.03767,weather,17.0,32.8,30,0.0,28000.0,1019.7
2026-09-10T19:00,richards_bay_za,Richards Bay,South Africa,origin,-28.78301,32.03767,weather,17.5,32.8,25,0.0,28000.0,1019.8
2026-09-10T20:00,richards_bay_za,Richards Bay,South Africa,origin,-28.78301,32.03767,weather,18.3,34.2,22,0.0,28000.0,1019.8
2026-09-10T21:00,richards_bay_za,Richards Bay,South Africa,origin,-28.78301,32.03767,weather,18.3,34.9,23,0.0,28000.0,1019.5
2026-09-10T22:00,richards_bay_za,Richards Bay,South Africa,origin,-28.78301,32.03767,weather,17.4,34.6,26,0.0,28000.0,1019.0
2026-09-10T23:00,richards_bay_za,Richards Bay,South Africa,origin,-28.78301,32.03767,weather,16.9,32.8,24,0.0,28000.0,1018.5
2026-09-11T00:00,richards_bay_za,Richards Bay,South Africa,origin,-28.78301,32.03767,weather,16.3,31.7,19,0.0,28000.0,1017.9
2026-09-11T01:00,richards_bay_za,Richards Bay,South Africa,origin,-28.78301,32.03767,weather,16.0,31.3,15,0.0,26860.0,1017.5
2026-09-11T02:00,richards_bay_za,Richards Bay,South Africa,origin,-28.78301,32.03767,weather,15.7,31.7,11,0.0,25740.0,1017.1
2026-09-11T03:00,richards_bay_za,Richards Bay,South Africa,origin,-28.78301,32.03767,weather,15.3,31.3,8,0.0,24600.0,1017.0
2026-09-11T04:00,richards_bay_za,Richards Bay,South Africa,origin,-28.78301,32.03767,weather,14.3,30.6,10,0.0,25740.0,1017.4
2026-09-11T05:00,richards_bay_za,Richards Bay,South Africa,origin,-28.78301,32.03767,weather,13.1,29.2,16,0.0,26860.0,1018.1
2026-09-11T06:00,richards_bay_za,Richards Bay,South Africa,origin,-28.78301,32.03767,weather,12.1,28.4,20,0.0,28000.0,1018.5
2026-09-11T07:00,richards_bay_za,Richards Bay,South Africa,origin,-28.78301,32.03767,weather,12.0,27.4,21,0.0,29860.0,1018.3
2026-09-11T08:00,richards_bay_za,Richards Bay,South Africa,origin,-28.78301,32.03767,weather,11.7,27.0,21,0.0,31740.0,1017.8
2026-09-11T09:00,richards_bay_za,Richards Bay,South Africa,origin,-28.78301,32.03767,weather,8.7,28.8,18,0.0,33600.0,1017.5
2026-09-11T10:00,richards_bay_za,Richards Bay,South Africa,origin,-28.78301,32.03767,weather,1.5,35.3,284,0.0,30440.0,1017.5
2026-09-11T11:00,richards_bay_za,Richards Bay,South Africa,origin,-28.78301,32.03767,weather,12.2,44.6,214,0.0,27260.0,1017.7
2026-09-11T12:00,richards_bay_za,Richards Bay,South Africa,origin,-28.78301,32.03767,weather,20.3,50.4,211,0.0,24100.0,1017.9
2026-09-11T13:00,richards_bay_za,Richards Bay,South Africa,origin,-28.78301,32.03767,weather,21.7,50.4,209,0.0,19660.0,1018.2
2026-09-11T14:00,richards_bay_za,Richards Bay,South Africa,origin,-28.78301,32.03767,weather,19.4,47.5,208,0.0,15200.0,1018.6
2026-09-11T15:00,richards_bay_za,Richards Bay,South Africa,origin,-28.78301,32.03767,weather,17.2,44.3,208,0.0,10760.0,1019.1
2026-09-11T16:00,richards_bay_za,Richards Bay,South Africa,origin,-28.78301,32.03767,weather,16.3,41.0,212,0.0,14540.0,1019.7
2026-09-11T17:00,richards_bay_za,Richards Bay,South Africa,origin,-28.78301,32.03767,weather,15.5,37.4,218,0.0,18340.0,1020.3
2026-09-11T18:00,richards_bay_za,Richards Bay,South Africa,origin,-28.78301,32.03767,weather,14.6,34.2,225,0.0,22120.0,1020.8
2026-09-11T19:00,richards_bay_za,Richards Bay,South Africa,origin,-28.78301,32.03767,weather,13.6,32.0,231,0.0,21160.0,1021.1
2026-09-11T20:00,richards_bay_za,Richards Bay,South Africa,origin,-28.78301,32.03767,weather,12.3,29.9,240,0.0,20180.0,1021.3
2026-09-11T21:00,richards_bay_za,Richards Bay,South Africa,origin,-28.78301,32.03767,weather,11.4,28.1,247,0.0,19220.0,1021.4
2026-09-11T22:00,richards_bay_za,Richards Bay,South Africa,origin,-28.78301,32.03767,weather,10.8,25.6,249,0.0,20760.0,1021.2
2026-09-11T23:00,richards_bay_za,Richards Bay,South Africa,origin,-28.78301,32.03767,weather,10.3,23.0,248,0.0,22320.0,1021.0
2026-09-12T00:00,richards_bay_za,Richards Bay,South Africa,origin,-28.78301,32.03767,weather,9.2,20.9,249,0.0,23860.0,1020.7
2026-09-12T01:00,richards_bay_za,Richards Bay,South Africa,origin,-28.78301,32.03767,weather,7.6,19.1,258,0.0,23280.0,1020.5
2026-09-12T02:00,richards_bay_za,Richards Bay,South Africa,origin,-28.78301,32.03767,weather,5.8,18.0,274,0.0,22700.0,1020.3
2026-09-12T03:00,richards_bay_za,Richards Bay,South Africa,origin,-28.78301,32.03767,weather,4.8,16.6,292,0.0,22120.0,1020.4
2026-09-12T04:00,richards_bay_za,Richards Bay,South Africa,origin,-28.78301,32.03767,weather,4.4,15.1,302,0.0,24080.0,1020.9
2026-09-12T05:00,richards_bay_za,Richards Bay,South Africa,origin,-28.78301,32.03767,weather,3.9,13.7,304,0.0,26040.0,1021.6
2026-09-12T06:00,richards_bay_za,Richards Bay,South Africa,origin,-28.78301,32.03767,weather,2.9,13.0,300,0.0,28000.0,1022.1
2026-09-12T07:00,richards_bay_za,Richards Bay,South Africa,origin,-28.78301,32.03767,weather,1.1,13.3,261,0.0,26100.0,1022.1
2026-09-12T08:00,richards_bay_za,Richards Bay,South Africa,origin,-28.78301,32.03767,weather,2.2,14.0,166,0.0,24200.0,1021.8
2026-09-12T09:00,richards_bay_za,Richards Bay,South Africa,origin,-28.78301,32.03767,weather,4.7,16.6,148,0.0,22300.0,1021.3
2026-09-12T10:00,richards_bay_za,Richards Bay,South Africa,origin,-28.78301,32.03767,weather,7.3,21.6,138,0.0,17800.0,1020.6
2026-09-12T11:00,richards_bay_za,Richards Bay,South Africa,origin,-28.78301,32.03767,weather,9.7,28.4,130,0.0,13300.0,1019.7
2026-09-12T12:00,richards_bay_za,Richards Bay,South Africa,origin,-28.78301,32.03767,weather,11.4,32.8,125,0.0,8800.0,1019.0
2026-09-12T13:00,richards_bay_za,Richards Bay,South Africa,origin,-28.78301,32.03767,weather,12.1,33.5,115,0.0,13960.0,1018.7
2026-09-12T14:00,richards_bay_za,Richards Bay,South Africa,origin,-28.78301,32.03767,weather,12.4,32.0,103,0.0,19100.0,1018.8
2026-09-12T15:00,richards_bay_za,Richards Bay,South Africa,origin,-28.78301,32.03767,weather,11.9,30.2,94,0.0,24260.0,1019.0
2026-09-12T16:00,richards_bay_za,Richards Bay,South Africa,origin,-28.78301,32.03767,weather,9.7,28.8,93,0.0,22500.0,1019.6
2026-09-12T17:00,richards_bay_za,Richards Bay,South Africa,origin,-28.78301,32.03767,weather,6.2,27.4,98,0.0,20720.0,1020.5
2026-09-12T18:00,richards_bay_za,Richards Bay,South Africa,origin,-28.78301,32.03767,weather,3.4,24.1,106,0.0,18960.0,1021.2
2026-09-12T19:00,richards_bay_za,Richards Bay,South Africa,origin,-28.78301,32.03767,weather,1.7,18.0,103,0.0,17280.0,1021.7
2026-09-12T20:00,richards_bay_za,Richards Bay,South Africa,origin,-28.78301,32.03767,weather,0.6,10.4,56,0.0,15600.0,1022.1
2026-09-12T21:00,richards_bay_za,Richards Bay,South Africa,origin,-28.78301,32.03767,weather,0.9,5.0,349,0.0,13920.0,1022.3
2026-09-12T22:00,richards_bay_za,Richards Bay,South Africa,origin,-28.78301,32.03767,weather,1.4,3.6,320,0.0,12080.0,1022.2
2026-09-12T23:00,richards_bay_za,Richards Bay,South Africa,origin,-28.78301,32.03767,weather,1.8,4.3,315,0.0,10240.0,1022.0
2026-09-13T00:00,richards_bay_za,Richards Bay,South Africa,origin,-28.78301,32.03767,weather,1.8,4.7,307,0.0,8400.0,1021.9
2026-09-13T01:00,richards_bay_za,Richards Bay,South Africa,origin,-28.78301,32.03767,weather,1.5,4.0,291,0.0,5680.0,1022.0
2026-09-13T02:00,richards_bay_za,Richards Bay,South Africa,origin,-28.78301,32.03767,weather,1.3,2.9,254,0.0,2980.0,1022.3
2026-09-13T03:00,richards_bay_za,Richards Bay,South Africa,origin,-28.78301,32.03767,weather,0.9,3.6,233,0.0,260.0,1022.7
2026-09-13T04:00,richards_bay_za,Richards Bay,South Africa,origin,-28.78301,32.03767,weather,0.9,7.2,53,0.0,660.0,1023.3
2026-09-13T05:00,richards_bay_za,Richards Bay,South Africa,origin,-28.78301,32.03767,weather,3.6,11.9,45,0.0,1060.0,1024.1
2026-09-13T06:00,richards_bay_za,Richards Bay,South Africa,origin,-28.78301,32.03767,weather,5.5,15.5,46,0.0,1460.0,1024.6
2026-09-13T07:00,richards_bay_za,Richards Bay,South Africa,origin,-28.78301,32.03767,weather,5.6,18.4,176,0.1,19540.0,1025.1
2026-09-13T08:00,richards_bay_za,Richards Bay,South Africa,origin,-28.78301,32.03767,weather,6.1,21.6,148,0.1,21100.0,1024.8
2026-09-13T09:00,richards_bay_za,Richards Bay,South Africa,origin,-28.78301,32.03767,weather,8.1,24.8,125,0.1,22680.0,1024.5
2026-09-13T10:00,richards_bay_za,Richards Bay,South Africa,origin,-28.78301,32.03767,weather,10.8,28.1,111,0.1,24240.0,1024.1
2026-09-13T11:00,richards_bay_za,Richards Bay,South Africa,origin,-28.78301,32.03767,weather,13.3,31.0,103,0.1,25800.0,1023.9
2026-09-13T12:00,richards_bay_za,Richards Bay,South Africa,origin,-28.78301,32.03767,weather,14.9,33.1,98,0.1,27360.0,1023.9
2026-09-13T13:00,richards_bay_za,Richards Bay,South Africa,origin,-28.78301,32.03767,weather,15.7,34.6,94,0.0,25860.0,1024.3
2026-09-13T14:00,richards_bay_za,Richards Bay,South Africa,origin,-28.78301,32.03767,weather,16.0,36.0,91,0.0,24340.0,1024.9
2026-09-13T15:00,richards_bay_za,Richards Bay,South Africa,origin,-28.78301,32.03767,weather,15.9,36.7,87,0.0,22840.0,1025.7
2026-09-13T16:00,richards_bay_za,Richards Bay,South Africa,origin,-28.78301,32.03767,weather,15.4,37.4,83,0.0,21320.0,1026.4
2026-09-13T17:00,richards_bay_za,Richards Bay,South Africa,origin,-28.78301,32.03767,weather,14.7,37.4,79,0.0,19820.0,1027.1
2026-09-13T18:00,richards_bay_za,Richards Bay,South Africa,origin,-28.78301,32.03767,weather,13.6,37.1,75,0.0,18300.0,1027.6
2026-09-13T19:00,richards_bay_za,Richards Bay,South Africa,origin,-28.78301,32.03767,weather,12.0,36.0,69,0.0,19360.0,1027.8
2026-09-13T20:00,richards_bay_za,Richards Bay,South Africa,origin,-28.78301,32.03767,weather,9.8,34.2,60,0.0,20400.0,1027.9
2026-09-13T21:00,richards_bay_za,Richards Bay,South Africa,origin,-28.78301,32.03767,weather,7.5,32.0,44,0.0,21460.0,1027.9
2026-09-13T22:00,richards_bay_za,Richards Bay,South Africa,origin,-28.78301,32.03767,weather,6.2,29.9,21,0.0,22500.0,1027.9
2026-09-13T23:00,richards_bay_za,Richards Bay,South Africa,origin,-28.78301,32.03767,weather,6.1,27.7,358,0.0,23560.0,1027.8
2026-09-07T00:00,sagar_sandheads_in,Sagar-Sandheads,India,destination,21.65,88.05,weather,14.4,28.8,240,0.3,5880.0,1006.7
2026-09-07T01:00,sagar_sandheads_in,Sagar-Sandheads,India,destination,21.65,88.05,weather,13.9,23.8,250,0.5,6680.0,1007.7
2026-09-07T02:00,sagar_sandheads_in,Sagar-Sandheads,India,destination,21.65,88.05,weather,9.7,22.3,252,0.6,6320.0,1008.0
2026-09-07T03:00,sagar_sandheads_in,Sagar-Sandheads,India,destination,21.65,88.05,weather,8.9,20.9,207,0.1,11460.0,1007.9
2026-09-07T04:00,sagar_sandheads_in,Sagar-Sandheads,India,destination,21.65,88.05,weather,9.3,22.0,196,0.1,8060.0,1008.0
2026-09-07T05:00,sagar_sandheads_in,Sagar-Sandheads,India,destination,21.65,88.05,weather,10.7,23.4,186,0.3,6100.0,1008.2
2026-09-07T06:00,sagar_sandheads_in,Sagar-Sandheads,India,destination,21.65,88.05,weather,6.3,25.2,200,0.2,6600.0,1007.5
2026-09-07T07:00,sagar_sandheads_in,Sagar-Sandheads,India,destination,21.65,88.05,weather,8.5,21.2,155,0.7,6080.0,1006.2
2026-09-07T08:00,sagar_sandheads_in,Sagar-Sandheads,India,destination,21.65,88.05,weather,5.5,22.7,234,0.3,5540.0,1005.2
2026-09-07T09:00,sagar_sandheads_in,Sagar-Sandheads,India,destination,21.65,88.05,weather,4.5,19.8,182,0.2,7640.0,1003.9
2026-09-07T10:00,sagar_sandheads_in,Sagar-Sandheads,India,destination,21.65,88.05,weather,7.8,21.6,266,0.9,4700.0,1004.1
2026-09-07T11:00,sagar_sandheads_in,Sagar-Sandheads,India,destination,21.65,88.05,weather,3.9,20.2,254,0.1,11280.0,1003.9
2026-09-07T12:00,sagar_sandheads_in,Sagar-Sandheads,India,destination,21.65,88.05,weather,3.4,9.4,254,0.0,14080.0,1004.5
2026-09-07T13:00,sagar_sandheads_in,Sagar-Sandheads,India,destination,21.65,88.05,weather,0.6,6.1,252,0.0,12960.0,1005.6
2026-09-07T14:00,sagar_sandheads_in,Sagar-Sandheads,India,destination,21.65,88.05,weather,2.2,4.0,222,0.0,12960.0,1006.9
2026-09-07T15:00,sagar_sandheads_in,Sagar-Sandheads,India,destination,21.65,88.05,weather,1.7,4.0,257,0.0,12960.0,1007.5
2026-09-07T16:00,sagar_sandheads_in,Sagar-Sandheads,India,destination,21.65,88.05,weather,3.2,4.7,267,0.0,10840.0,1007.8
2026-09-07T17:00,sagar_sandheads_in,Sagar-Sandheads,India,destination,21.65,88.05,weather,6.8,11.2,245,0.0,7720.0,1007.7
2026-09-07T18:00,sagar_sandheads_in,Sagar-Sandheads,India,destination,21.65,88.05,weather,8.7,14.0,248,0.0,9580.0,1007.1
2026-09-07T19:00,sagar_sandheads_in,Sagar-Sandheads,India,destination,21.65,88.05,weather,9.5,15.5,260,0.1,7620.0,1006.5
2026-09-07T20:00,sagar_sandheads_in,Sagar-Sandheads,India,destination,21.65,88.05,weather,11.4,18.4,245,0.0,9180.0,1005.7
2026-09-07T21:00,sagar_sandheads_in,Sagar-Sandheads,India,destination,21.65,88.05,weather,11.9,21.6,260,0.3,3900.0,1005.2
2026-09-07T22:00,sagar_sandheads_in,Sagar-Sandheads,India,destination,21.65,88.05,weather,6.4,21.2,202,2.9,2740.0,1005.2
2026-09-07T23:00,sagar_sandheads_in,Sagar-Sandheads,India,destination,21.65,88.05,weather,2.8,11.9,305,1.7,4300.0,1005.0
2026-09-08T00:00,sagar_sandheads_in,Sagar-Sandheads,India,destination,21.65,88.05,weather,2.1,4.3,149,0.2,5980.0,1005.6
2026-09-08T01:00,sagar_sandheads_in,Sagar-Sandheads,India,destination,21.65,88.05,weather,7.3,13.0,200,0.2,6300.0,1006.6
2026-09-08T02:00,sagar_sandheads_in,Sagar-Sandheads,India,destination,21.65,88.05,weather,10.7,19.8,217,0.1,11020.0,1007.4
2026-09-08T03:00,sagar_sandheads_in,Sagar-Sandheads,India,destination,21.65,88.05,weather,12.4,23.8,246,0.0,7140.0,1008.4
2026-09-08T04:00,sagar_sandheads_in,Sagar-Sandheads,India,destination,21.65,88.05,weather,11.1,24.5,234,0.2,7560.0,1008.0
2026-09-08T05:00,sagar_sandheads_in,Sagar-Sandheads,India,destination,21.65,88.05,weather,9.9,23.4,238,0.1,7660.0,1007.6
2026-09-08T06:00,sagar_sandheads_in,Sagar-Sandheads,India,destination,21.65,88.05,weather,8.3,22.7,248,0.1,9140.0,1006.9
2026-09-08T07:00,sagar_sandheads_in,Sagar-Sandheads,India,destination,21.65,88.05,weather,6.1,20.5,214,0.1,8180.0,1005.4
2026-09-08T08:00,sagar_sandheads_in,Sagar-Sandheads,India,destination,21.65,88.05,weather,12.8,25.9,197,0.1,10720.0,1003.7
2026-09-08T09:00,sagar_sandheads_in,Sagar-Sandheads,India,destination,21.65,88.05,weather,12.9,27.4,199,0.1,6860.0,1002.6
2026-09-08T10:00,sagar_sandheads_in,Sagar-Sandheads,India,destination,21.65,88.05,weather,13.4,26.6,213,0.1,11160.0,1002.4
2026-09-08T11:00,sagar_sandheads_in,Sagar-Sandheads,India,destination,21.65,88.05,weather,12.2,25.6,223,0.0,12860.0,1003.2
2026-09-08T12:00,sagar_sandheads_in,Sagar-Sandheads,India,destination,21.65,88.05,weather,9.2,24.8,223,0.0,10760.0,1003.7
2026-09-08T13:00,sagar_sandheads_in,Sagar-Sandheads,India,destination,21.65,88.05,weather,10.6,17.3,210,0.0,10660.0,1004.4
2026-09-08T14:00,sagar_sandheads_in,Sagar-Sandheads,India,destination,21.65,88.05,weather,8.0,17.6,216,0.0,10360.0,1005.3
2026-09-08T15:00,sagar_sandheads_in,Sagar-Sandheads,India,destination,21.65,88.05,weather,11.5,18.4,235,0.1,5860.0,1006.4
2026-09-08T16:00,sagar_sandheads_in,Sagar-Sandheads,India,destination,21.65,88.05,weather,8.4,18.7,235,0.2,8080.0,1006.9
2026-09-08T17:00,sagar_sandheads_in,Sagar-Sandheads,India,destination,21.65,88.05,weather,8.7,13.7,220,0.0,10640.0,1006.3
2026-09-08T18:00,sagar_sandheads_in,Sagar-Sandheads,India,destination,21.65,88.05,weather,9.7,16.9,219,0.0,9000.0,1006.1
2026-09-08T19:00,sagar_sandheads_in,Sagar-Sandheads,India,destination,21.65,88.05,weather,9.4,16.2,215,0.1,8500.0,1005.4
2026-09-08T20:00,sagar_sandheads_in,Sagar-Sandheads,India,destination,21.65,88.05,weather,10.7,18.7,230,0.3,4060.0,1005.1
2026-09-08T21:00,sagar_sandheads_in,Sagar-Sandheads,India,destination,21.65,88.05,weather,11.3,18.7,239,0.5,5400.0,1004.1
2026-09-08T22:00,sagar_sandheads_in,Sagar-Sandheads,India,destination,21.65,88.05,weather,9.7,18.4,231,1.3,2940.0,1004.2
2026-09-08T23:00,sagar_sandheads_in,Sagar-Sandheads,India,destination,21.65,88.05,weather,6.4,15.1,218,2.6,2400.0,1004.9
2026-09-09T00:00,sagar_sandheads_in,Sagar-Sandheads,India,destination,21.65,88.05,weather,7.3,11.9,277,2.3,3140.0,1005.3
2026-09-09T01:00,sagar_sandheads_in,Sagar-Sandheads,India,destination,21.65,88.05,weather,5.9,16.2,121,2.8,4200.0,1005.7
2026-09-09T02:00,sagar_sandheads_in,Sagar-Sandheads,India,destination,21.65,88.05,weather,5.6,13.7,31,0.3,4140.0,1006.1
2026-09-09T03:00,sagar_sandheads_in,Sagar-Sandheads,India,destination,21.65,88.05,weather,3.5,13.0,24,0.3,5260.0,1007.3
2026-09-09T04:00,sagar_sandheads_in,Sagar-Sandheads,India,destination,21.65,88.05,weather,3.1,13.7,40,0.1,6520.0,1007.3
2026-09-09T05:00,sagar_sandheads_in,Sagar-Sandheads,India,destination,21.65,88.05,weather,3.5,14.0,15,0.1,7900.0,1006.7
2026-09-09T06:00,sagar_sandheads_in,Sagar-Sandheads,India,destination,21.65,88.05,weather,2.3,14.0,58,0.1,9200.0,1005.5
2026-09-09T07:00,sagar_sandheads_in,Sagar-Sandheads,India,destination,21.65,88.05,weather,3.2,13.3,161,0.1,11040.0,1004.4
2026-09-09T08:00,sagar_sandheads_in,Sagar-Sandheads,India,destination,21.65,88.05,weather,7.6,18.4,165,0.1,7760.0,1003.0
2026-09-09T09:00,sagar_sandheads_in,Sagar-Sandheads,India,destination,21.65,88.05,weather,13.3,26.3,180,0.2,5560.0,1001.9
2026-09-09T10:00,sagar_sandheads_in,Sagar-Sandheads,India,destination,21.65,88.05,weather,13.9,27.4,176,0.1,13900.0,1001.6
2026-09-09T11:00,sagar_sandheads_in,Sagar-Sandheads,India,destination,21.65,88.05,weather,14.6,29.9,194,0.1,6460.0,1002.3
2026-09-09T12:00,sagar_sandheads_in,Sagar-Sandheads,India,destination,21.65,88.05,weather,9.4,26.3,210,0.1,9940.0,1003.0
2026-09-09T13:00,sagar_sandheads_in,Sagar-Sandheads,India,destination,21.65,88.05,weather,4.9,15.1,204,0.0,11740.0,1004.0
2026-09-09T14:00,sagar_sandheads_in,Sagar-Sandheads,India,destination,21.65,88.05,weather,4.4,9.4,212,0.0,7420.0,1005.2
2026-09-09T15:00,sagar_sandheads_in,Sagar-Sandheads,India,destination,21.65,88.05,weather,4.4,7.2,240,0.1,6980.0,1006.1
2026-09-09T16:00,sagar_sandheads_in,Sagar-Sandheads,India,destination,21.65,88.05,weather,5.5,9.0,218,0.1,10180.0,1006.4
2026-09-09T17:00,sagar_sandheads_in,Sagar-Sandheads,India,destination,21.65,88.05,weather,4.5,9.4,254,0.0,5920.0,1006.4
2026-09-09T18:00,sagar_sandheads_in,Sagar-Sandheads,India,destination,21.65,88.05,weather,5.6,9.4,285,1.4,4000.0,1006.0
2026-09-09T19:00,sagar_sandheads_in,Sagar-Sandheads,India,destination,21.65,88.05,weather,4.6,10.1,351,1.8,2980.0,1005.5
2026-09-09T20:00,sagar_sandheads_in,Sagar-Sandheads,India,destination,21.65,88.05,weather,5.6,9.7,42,0.6,4080.0,1004.9
2026-09-09T21:00,sagar_sandheads_in,Sagar-Sandheads,India,destination,21.65,88.05,weather,2.7,9.7,37,0.7,4000.0,1004.7
2026-09-09T22:00,sagar_sandheads_in,Sagar-Sandheads,India,destination,21.65,88.05,weather,5.3,10.4,102,2.6,1840.0,1004.7
2026-09-09T23:00,sagar_sandheads_in,Sagar-Sandheads,India,destination,21.65,88.05,weather,7.5,13.3,42,1.2,3080.0,1004.4
2026-09-10T00:00,sagar_sandheads_in,Sagar-Sandheads,India,destination,21.65,88.05,weather,8.6,14.0,74,0.2,3800.0,1005.2
2026-09-10T01:00,sagar_sandheads_in,Sagar-Sandheads,India,destination,21.65,88.05,weather,7.8,15.8,77,0.2,6340.0,1005.5
2026-09-10T02:00,sagar_sandheads_in,Sagar-Sandheads,India,destination,21.65,88.05,weather,8.3,17.3,88,0.0,8300.0,1006.6
2026-09-10T03:00,sagar_sandheads_in,Sagar-Sandheads,India,destination,21.65,88.05,weather,8.7,19.8,122,0.2,4740.0,1007.7
2026-09-10T04:00,sagar_sandheads_in,Sagar-Sandheads,India,destination,21.65,88.05,weather,7.0,19.8,108,0.2,6380.0,1007.6
2026-09-10T05:00,sagar_sandheads_in,Sagar-Sandheads,India,destination,21.65,88.05,weather,7.4,19.4,119,0.3,5480.0,1007.3
2026-09-10T06:00,sagar_sandheads_in,Sagar-Sandheads,India,destination,21.65,88.05,weather,9.9,22.3,125,0.4,4640.0,1006.5
2026-09-10T07:00,sagar_sandheads_in,Sagar-Sandheads,India,destination,21.65,88.05,weather,12.5,25.9,145,0.5,3560.0,1005.5
2026-09-10T08:00,sagar_sandheads_in,Sagar-Sandheads,India,destination,21.65,88.05,weather,13.8,27.7,148,0.5,7680.0,1004.0
2026-09-10T09:00,sagar_sandheads_in,Sagar-Sandheads,India,destination,21.65,88.05,weather,16.4,31.7,148,0.0,14600.0,1002.7
2026-09-10T10:00,sagar_sandheads_in,Sagar-Sandheads,India,destination,21.65,88.05,weather,16.9,31.3,158,0.0,14480.0,1002.5
2026-09-10T11:00,sagar_sandheads_in,Sagar-Sandheads,India,destination,21.65,88.05,weather,17.5,32.4,153,0.0,8360.0,1002.6
2026-09-10T12:00,sagar_sandheads_in,Sagar-Sandheads,India,destination,21.65,88.05,weather,13.6,31.0,149,0.0,11880.0,1003.4
2026-09-10T13:00,sagar_sandheads_in,Sagar-Sandheads,India,destination,21.65,88.05,weather,12.4,22.3,154,0.0,12960.0,1004.8
2026-09-10T14:00,sagar_sandheads_in,Sagar-Sandheads,India,destination,21.65,88.05,weather,11.3,20.2,153,0.0,14260.0,1006.0
2026-09-10T15:00,sagar_sandheads_in,Sagar-Sandheads,India,destination,21.65,88.05,weather,10.5,18.7,158,0.0,9440.0,1007.1
2026-09-10T16:00,sagar_sandheads_in,Sagar-Sandheads,India,destination,21.65,88.05,weather,8.7,17.3,153,0.0,9560.0,1007.5
2026-09-10T17:00,sagar_sandheads_in,Sagar-Sandheads,India,destination,21.65,88.05,weather,7.4,14.0,124,0.0,9500.0,1007.3
2026-09-10T18:00,sagar_sandheads_in,Sagar-Sandheads,India,destination,21.65,88.05,weather,9.0,14.4,110,0.0,9240.0,1006.7
2026-09-10T19:00,sagar_sandheads_in,Sagar-Sandheads,India,destination,21.65,88.05,weather,10.3,16.6,97,0.0,8380.0,1005.9
2026-09-10T20:00,sagar_sandheads_in,Sagar-Sandheads,India,destination,21.65,88.05,weather,10.4,16.9,92,0.1,5400.0,1005.2
2026-09-10T21:00,sagar_sandheads_in,Sagar-Sandheads,India,destination,21.65,88.05,weather,10.0,16.9,152,2.3,2400.0,1005.8
2026-09-10T22:00,sagar_sandheads_in,Sagar-Sandheads,India,destination,21.65,88.05,weather,8.5,16.2,107,1.2,3680.0,1005.5
2026-09-10T23:00,sagar_sandheads_in,Sagar-Sandheads,India,destination,21.65,88.05,weather,12.3,19.1,93,0.6,3440.0,1005.8
2026-09-11T00:00,sagar_sandheads_in,Sagar-Sandheads,India,destination,21.65,88.05,weather,10.9,20.5,82,0.3,4440.0,1006.2
2026-09-11T01:00,sagar_sandheads_in,Sagar-Sandheads,India,destination,21.65,88.05,weather,12.7,24.8,97,0.2,5380.0,1006.9
2026-09-11T02:00,sagar_sandheads_in,Sagar-Sandheads,India,destination,21.65,88.05,weather,15.8,30.2,116,0.2,6300.0,1007.8
2026-09-11T03:00,sagar_sandheads_in,Sagar-Sandheads,India,destination,21.65,88.05,weather,18.7,34.9,125,0.2,7240.0,1008.4
2026-09-11T04:00,sagar_sandheads_in,Sagar-Sandheads,India,destination,21.65,88.05,weather,19.2,38.5,126,0.5,7320.0,1008.5
2026-09-11T05:00,sagar_sandheads_in,Sagar-Sandheads,India,destination,21.65,88.05,weather,18.5,41.0,124,0.5,7380.0,1008.3
2026-09-11T06:00,sagar_sandheads_in,Sagar-Sandheads,India,destination,21.65,88.05,weather,18.0,42.5,123,0.5,7460.0,1007.8
2026-09-11T07:00,sagar_sandheads_in,Sagar-Sandheads,India,destination,21.65,88.05,weather,18.2,42.1,123,0.3,6900.0,1006.7
2026-09-11T08:00,sagar_sandheads_in,Sagar-Sandheads,India,destination,21.65,88.05,weather,18.8,40.7,124,0.3,6360.0,1005.4
2026-09-11T09:00,sagar_sandheads_in,Sagar-Sandheads,India,destination,21.65,88.05,weather,19.2,39.2,125,0.3,5800.0,1004.4
2026-09-11T10:00,sagar_sandheads_in,Sagar-Sandheads,India,destination,21.65,88.05,weather,19.8,38.9,129,0.3,7300.0,1004.1
2026-09-11T11:00,sagar_sandheads_in,Sagar-Sandheads,India,destination,21.65,88.05,weather,20.6,39.2,134,0.3,8780.0,1004.2
2026-09-11T12:00,sagar_sandheads_in,Sagar-Sandheads,India,destination,21.65,88.05,weather,20.5,38.9,135,0.3,10280.0,1004.7
2026-09-11T13:00,sagar_sandheads_in,Sagar-Sandheads,India,destination,21.65,88.05,weather,19.0,37.8,128,0.4,8240.0,1005.8
2026-09-11T14:00,sagar_sandheads_in,Sagar-Sandheads,India,destination,21.65,88.05,weather,17.1,36.4,116,0.4,6200.0,1007.2
2026-09-11T15:00,sagar_sandheads_in,Sagar-Sandheads,India,destination,21.65,88.05,weather,16.1,34.6,108,0.4,4160.0,1008.2
2026-09-11T16:00,sagar_sandheads_in,Sagar-Sandheads,India,destination,21.65,88.05,weather,15.1,31.7,110,0.1,4640.0,1008.4
2026-09-11T17:00,sagar_sandheads_in,Sagar-Sandheads,India,destination,21.65,88.05,weather,14.1,28.4,118,0.1,5100.0,1008.1
2026-09-11T18:00,sagar_sandheads_in,Sagar-Sandheads,India,destination,21.65,88.05,weather,13.4,25.6,123,0.1,5580.0,1007.7
2026-09-11T19:00,sagar_sandheads_in,Sagar-Sandheads,India,destination,21.65,88.05,weather,12.2,23.8,123,0.4,4800.0,1007.3
2026-09-11T20:00,sagar_sandheads_in,Sagar-Sandheads,India,destination,21.65,88.05,weather,11.1,22.3,119,0.4,4020.0,1006.8
2026-09-11T21:00,sagar_sandheads_in,Sagar-Sandheads,India,destination,21.65,88.05,weather,10.5,21.6,109,0.4,3240.0,1006.5
2026-09-11T22:00,sagar_sandheads_in,Sagar-Sandheads,India,destination,21.65,88.05,weather,11.0,22.0,91,0.9,3520.0,1006.6
2026-09-11T23:00,sagar_sandheads_in,Sagar-Sandheads,India,destination,21.65,88.05,weather,13.3,23.0,74,0.9,3820.0,1007.0
2026-09-12T00:00,sagar_sandheads_in,Sagar-Sandheads,India,destination,21.65,88.05,weather,15.4,25.2,71,0.9,4100.0,1007.5
2026-09-12T01:00,sagar_sandheads_in,Sagar-Sandheads,India,destination,21.65,88.05,weather,16.5,28.4,82,0.4,4320.0,1008.1
2026-09-12T02:00,sagar_sandheads_in,Sagar-Sandheads,India,destination,21.65,88.05,weather,18.6,32.8,99,0.4,4540.0,1008.8
2026-09-12T03:00,sagar_sandheads_in,Sagar-Sandheads,India,destination,21.65,88.05,weather,21.0,36.7,110,0.4,4760.0,1009.2
2026-09-12T04:00,sagar_sandheads_in,Sagar-Sandheads,India,destination,21.65,88.05,weather,22.3,40.7,113,0.4,4960.0,1009.2
2026-09-12T05:00,sagar_sandheads_in,Sagar-Sandheads,India,destination,21.65,88.05,weather,23.0,44.3,114,0.4,5160.0,1009.0
2026-09-12T06:00,sagar_sandheads_in,Sagar-Sandheads,India,destination,21.65,88.05,weather,23.4,46.8,115,0.4,5360.0,1008.6
2026-09-12T07:00,sagar_sandheads_in,Sagar-Sandheads,India,destination,21.65,88.05,weather,24.1,47.5,117,0.3,5440.0,1007.9
2026-09-12T08:00,sagar_sandheads_in,Sagar-Sandheads,India,destination,21.65,88.05,weather,24.8,47.2,119,0.3,5520.0,1007.0
2026-09-12T09:00,sagar_sandheads_in,Sagar-Sandheads,India,destination,21.65,88.05,weather,25.0,46.4,121,0.3,5600.0,1006.3
2026-09-12T10:00,sagar_sandheads_in,Sagar-Sandheads,India,destination,21.65,88.05,weather,24.6,46.4,124,0.1,6920.0,1006.0
2026-09-12T11:00,sagar_sandheads_in,Sagar-Sandheads,India,destination,21.65,88.05,weather,23.6,46.1,128,0.1,8240.0,1005.9
2026-09-12T12:00,sagar_sandheads_in,Sagar-Sandheads,India,destination,21.65,88.05,weather,22.8,45.0,131,0.1,9560.0,1006.1
2026-09-12T13:00,sagar_sandheads_in,Sagar-Sandheads,India,destination,21.65,88.05,weather,22.5,42.5,133,0.0,9560.0,1006.9
2026-09-12T14:00,sagar_sandheads_in,Sagar-Sandheads,India,destination,21.65,88.05,weather,22.1,39.2,135,0.0,9540.0,1008.0
2026-09-12T15:00,sagar_sandheads_in,Sagar-Sandheads,India,destination,21.65,88.05,weather,21.3,36.7,136,0.0,9540.0,1008.9
2026-09-12T16:00,sagar_sandheads_in,Sagar-Sandheads,India,destination,21.65,88.05,weather,19.5,35.6,135,0.0,9240.0,1009.4
2026-09-12T17:00,sagar_sandheads_in,Sagar-Sandheads,India,destination,21.65,88.05,weather,17.1,35.3,133,0.0,8940.0,1009.6
2026-09-12T18:00,sagar_sandheads_in,Sagar-Sandheads,India,destination,21.65,88.05,weather,14.9,34.2,131,0.0,8640.0,1009.7
2026-09-12T19:00,sagar_sandheads_in,Sagar-Sandheads,India,destination,21.65,88.05,weather,13.2,31.0,130,0.1,8380.0,1009.4
2026-09-12T20:00,sagar_sandheads_in,Sagar-Sandheads,India,destination,21.65,88.05,weather,11.6,26.6,129,0.1,8100.0,1008.9
2026-09-12T21:00,sagar_sandheads_in,Sagar-Sandheads,India,destination,21.65,88.05,weather,10.2,23.8,124,0.1,7840.0,1008.6
2026-09-12T22:00,sagar_sandheads_in,Sagar-Sandheads,India,destination,21.65,88.05,weather,8.8,22.3,107,0.3,8100.0,1008.5
2026-09-12T23:00,sagar_sandheads_in,Sagar-Sandheads,India,destination,21.65,88.05,weather,8.9,22.3,82,0.3,8380.0,1008.6
2026-09-13T00:00,sagar_sandheads_in,Sagar-Sandheads,India,destination,21.65,88.05,weather,10.7,24.5,74,0.3,8640.0,1009.0
2026-09-13T01:00,sagar_sandheads_in,Sagar-Sandheads,India,destination,21.65,88.05,weather,13.9,30.6,88,0.7,6920.0,1009.9
2026-09-13T02:00,sagar_sandheads_in,Sagar-Sandheads,India,destination,21.65,88.05,weather,18.8,39.2,102,0.7,5220.0,1011.1
2026-09-13T03:00,sagar_sandheads_in,Sagar-Sandheads,India,destination,21.65,88.05,weather,22.5,44.6,110,0.7,3500.0,1011.8
2026-09-13T04:00,sagar_sandheads_in,Sagar-Sandheads,India,destination,21.65,88.05,weather,22.6,44.6,114,0.1,5980.0,1011.5
2026-09-13T05:00,sagar_sandheads_in,Sagar-Sandheads,India,destination,21.65,88.05,weather,20.9,41.8,118,0.1,8480.0,1010.6
2026-09-13T06:00,sagar_sandheads_in,Sagar-Sandheads,India,destination,21.65,88.05,weather,19.6,39.6,122,0.1,10960.0,1010.0
2026-09-13T07:00,sagar_sandheads_in,Sagar-Sandheads,India,destination,21.65,88.05,weather,18.6,40.7,141,0.4,4960.0,1010.0
2026-09-13T08:00,sagar_sandheads_in,Sagar-Sandheads,India,destination,21.65,88.05,weather,16.1,41.4,144,0.4,6360.0,1009.4
2026-09-13T09:00,sagar_sandheads_in,Sagar-Sandheads,India,destination,21.65,88.05,weather,12.9,41.4,147,0.4,7760.0,1008.6
2026-09-13T10:00,sagar_sandheads_in,Sagar-Sandheads,India,destination,21.65,88.05,weather,9.3,40.7,151,0.4,9160.0,1007.9
2026-09-13T11:00,sagar_sandheads_in,Sagar-Sandheads,India,destination,21.65,88.05,weather,6.1,38.9,157,0.4,10560.0,1007.3
2026-09-13T12:00,sagar_sandheads_in,Sagar-Sandheads,India,destination,21.65,88.05,weather,3.9,36.7,167,0.4,11960.0,1007.1
2026-09-13T13:00,sagar_sandheads_in,Sagar-Sandheads,India,destination,21.65,88.05,weather,2.5,32.8,176,0.0,11760.0,1007.2
2026-09-13T14:00,sagar_sandheads_in,Sagar-Sandheads,India,destination,21.65,88.05,weather,1.3,27.4,172,0.0,11580.0,1007.7
2026-09-13T15:00,sagar_sandheads_in,Sagar-Sandheads,India,destination,21.65,88.05,weather,0.4,21.2,117,0.0,11400.0,1008.2
2026-09-13T16:00,sagar_sandheads_in,Sagar-Sandheads,India,destination,21.65,88.05,weather,1.0,15.1,45,0.0,11200.0,1008.9
2026-09-13T17:00,sagar_sandheads_in,Sagar-Sandheads,India,destination,21.65,88.05,weather,2.1,10.1,38,0.0,11020.0,1009.4
2026-09-13T18:00,sagar_sandheads_in,Sagar-Sandheads,India,destination,21.65,88.05,weather,3.1,7.2,31,0.0,10820.0,1009.8
2026-09-13T19:00,sagar_sandheads_in,Sagar-Sandheads,India,destination,21.65,88.05,weather,4.3,6.5,24,0.5,9460.0,1010.0
2026-09-13T20:00,sagar_sandheads_in,Sagar-Sandheads,India,destination,21.65,88.05,weather,5.8,7.2,20,0.5,8080.0,1010.1
2026-09-13T21:00,sagar_sandheads_in,Sagar-Sandheads,India,destination,21.65,88.05,weather,7.1,8.6,19,0.5,6720.0,1010.1
2026-09-13T22:00,sagar_sandheads_in,Sagar-Sandheads,India,destination,21.65,88.05,weather,8.4,11.2,19,0.5,5360.0,1010.1
2026-09-13T23:00,sagar_sandheads_in,Sagar-Sandheads,India,destination,21.65,88.05,weather,9.4,13.7,20,0.5,3980.0,1010.1
2026-09-07T00:00,samarinda_id,Samarinda,Indonesia,origin,-0.50211,117.15371,weather,9.1,19.4,189,0.0,19000.0,1014.0
2026-09-07T01:00,samarinda_id,Samarinda,Indonesia,origin,-0.50211,117.15371,weather,9.2,22.0,180,0.1,11140.0,1014.2
2026-09-07T02:00,samarinda_id,Samarinda,Indonesia,origin,-0.50211,117.15371,weather,9.5,23.0,147,0.2,3620.0,1014.2
2026-09-07T03:00,samarinda_id,Samarinda,Indonesia,origin,-0.50211,117.15371,weather,12.1,27.4,176,0.3,7580.0,1013.7
2026-09-07T04:00,samarinda_id,Samarinda,Indonesia,origin,-0.50211,117.15371,weather,11.4,26.6,164,0.1,14640.0,1012.5
2026-09-07T05:00,samarinda_id,Samarinda,Indonesia,origin,-0.50211,117.15371,weather,14.9,31.3,157,0.1,9920.0,1011.3
2026-09-07T06:00,samarinda_id,Samarinda,Indonesia,origin,-0.50211,117.15371,weather,13.6,32.0,165,0.0,16240.0,1010.4
2026-09-07T07:00,samarinda_id,Samarinda,Indonesia,origin,-0.50211,117.15371,weather,13.7,28.8,163,0.1,7060.0,1009.5
2026-09-07T08:00,samarinda_id,Samarinda,Indonesia,origin,-0.50211,117.15371,weather,14.2,28.4,162,0.1,10680.0,1009.4
2026-09-07T09:00,samarinda_id,Samarinda,Indonesia,origin,-0.50211,117.15371,weather,14.5,28.8,161,0.0,23740.0,1009.8
2026-09-07T10:00,samarinda_id,Samarinda,Indonesia,origin,-0.50211,117.15371,weather,11.4,27.0,154,0.0,20660.0,1010.4
2026-09-07T11:00,samarinda_id,Samarinda,Indonesia,origin,-0.50211,117.15371,weather,8.7,20.9,158,0.0,21220.0,1011.2
2026-09-07T12:00,samarinda_id,Samarinda,Indonesia,origin,-0.50211,117.15371,weather,7.9,15.5,169,0.0,18900.0,1012.1
2026-09-07T13:00,samarinda_id,Samarinda,Indonesia,origin,-0.50211,117.15371,weather,7.1,13.7,164,0.0,18900.0,1012.8
2026-09-07T14:00,samarinda_id,Samarinda,Indonesia,origin,-0.50211,117.15371,weather,4.2,12.2,162,0.0,16880.0,1013.6
2026-09-07T15:00,samarinda_id,Samarinda,Indonesia,origin,-0.50211,117.15371,weather,4.9,7.9,188,0.0,16880.0,1013.6
2026-09-07T16:00,samarinda_id,Samarinda,Indonesia,origin,-0.50211,117.15371,weather,5.6,9.4,207,0.0,14780.0,1013.2
2026-09-07T17:00,samarinda_id,Samarinda,Indonesia,origin,-0.50211,117.15371,weather,4.6,9.4,234,0.0,14780.0,1012.8
2026-09-07T18:00,samarinda_id,Samarinda,Indonesia,origin,-0.50211,117.15371,weather,5.3,9.0,246,0.0,11860.0,1012.5
2026-09-07T19:00,samarinda_id,Samarinda,Indonesia,origin,-0.50211,117.15371,weather,4.3,8.6,253,0.0,11840.0,1011.9
2026-09-07T20:00,samarinda_id,Samarinda,Indonesia,origin,-0.50211,117.15371,weather,6.7,10.8,265,0.0,11840.0,1012.1
2026-09-07T21:00,samarinda_id,Samarinda,Indonesia,origin,-0.50211,117.15371,weather,7.0,11.9,252,0.0,11800.0,1012.5
2026-09-07T22:00,samarinda_id,Samarinda,Indonesia,origin,-0.50211,117.15371,weather,8.6,15.5,259,0.0,10580.0,1013.0
2026-09-07T23:00,samarinda_id,Samarinda,Indonesia,origin,-0.50211,117.15371,weather,7.3,16.2,279,0.0,13120.0,1013.8
2026-09-08T00:00,samarinda_id,Samarinda,Indonesia,origin,-0.50211,117.15371,weather,8.4,18.4,251,0.1,5500.0,1014.3
2026-09-08T01:00,samarinda_id,Samarinda,Indonesia,origin,-0.50211,117.15371,weather,8.2,19.4,220,0.1,11520.0,1014.6
2026-09-08T02:00,samarinda_id,Samarinda,Indonesia,origin,-0.50211,117.15371,weather,7.9,19.8,210,0.0,9760.0,1014.3
2026-09-08T03:00,samarinda_id,Samarinda,Indonesia,origin,-0.50211,117.15371,weather,8.0,20.2,211,0.1,8540.0,1013.3
2026-09-08T04:00,samarinda_id,Samarinda,Indonesia,origin,-0.50211,117.15371,weather,7.1,19.8,199,0.1,23520.0,1012.1
2026-09-08T05:00,samarinda_id,Samarinda,Indonesia,origin,-0.50211,117.15371,weather,8.0,20.9,149,1.4,2640.0,1011.4
2026-09-08T06:00,samarinda_id,Samarinda,Indonesia,origin,-0.50211,117.15371,weather,6.5,21.6,122,1.8,2920.0,1010.1
2026-09-08T07:00,samarinda_id,Samarinda,Indonesia,origin,-0.50211,117.15371,weather,6.6,17.3,169,0.5,10420.0,1009.0
2026-09-08T08:00,samarinda_id,Samarinda,Indonesia,origin,-0.50211,117.15371,weather,10.6,22.3,180,0.0,12880.0,1008.5
2026-09-08T09:00,samarinda_id,Samarinda,Indonesia,origin,-0.50211,117.15371,weather,10.2,22.3,193,0.4,6360.0,1008.8
2026-09-08T10:00,samarinda_id,Samarinda,Indonesia,origin,-0.50211,117.15371,weather,6.3,18.4,173,0.2,10280.0,1009.4
2026-09-08T11:00,samarinda_id,Samarinda,Indonesia,origin,-0.50211,117.15371,weather,10.2,17.6,166,0.0,13980.0,1010.5
2026-09-08T12:00,samarinda_id,Samarinda,Indonesia,origin,-0.50211,117.15371,weather,9.3,18.4,190,0.0,17120.0,1011.4
2026-09-08T13:00,samarinda_id,Samarinda,Indonesia,origin,-0.50211,117.15371,weather,10.0,17.6,206,0.0,18700.0,1012.2
2026-09-08T14:00,samarinda_id,Samarinda,Indonesia,origin,-0.50211,117.15371,weather,10.3,18.7,209,0.0,18680.0,1012.7
2026-09-08T15:00,samarinda_id,Samarinda,Indonesia,origin,-0.50211,117.15371,weather,9.8,18.4,203,0.0,18060.0,1012.6
2026-09-08T16:00,samarinda_id,Samarinda,Indonesia,origin,-0.50211,117.15371,weather,8.3,17.3,194,0.0,18220.0,1012.3
2026-09-08T17:00,samarinda_id,Samarinda,Indonesia,origin,-0.50211,117.15371,weather,8.6,15.1,202,0.0,16440.0,1011.6
2026-09-08T18:00,samarinda_id,Samarinda,Indonesia,origin,-0.50211,117.15371,weather,7.0,15.5,212,0.0,16440.0,1011.0
2026-09-08T19:00,samarinda_id,Samarinda,Indonesia,origin,-0.50211,117.15371,weather,7.6,14.0,256,0.0,9980.0,1011.1
2026-09-08T20:00,samarinda_id,Samarinda,Indonesia,origin,-0.50211,117.15371,weather,7.0,13.3,252,0.0,14520.0,1011.2
2026-09-08T21:00,samarinda_id,Samarinda,Indonesia,origin,-0.50211,117.15371,weather,8.0,14.0,228,0.5,4220.0,1011.7
2026-09-08T22:00,samarinda_id,Samarinda,Indonesia,origin,-0.50211,117.15371,weather,6.3,15.5,231,0.8,6660.0,1012.2
2026-09-08T23:00,samarinda_id,Samarinda,Indonesia,origin,-0.50211,117.15371,weather,9.1,16.2,216,0.1,4900.0,1013.1
2026-09-09T00:00,samarinda_id,Samarinda,Indonesia,origin,-0.50211,117.15371,weather,8.7,17.3,201,0.2,7600.0,1013.5
2026-09-09T01:00,samarinda_id,Samarinda,Indonesia,origin,-0.50211,117.15371,weather,9.3,21.2,220,0.2,6500.0,1013.7
2026-09-09T02:00,samarinda_id,Samarinda,Indonesia,origin,-0.50211,117.15371,weather,9.9,22.7,207,0.3,8520.0,1013.2
2026-09-09T03:00,samarinda_id,Samarinda,Indonesia,origin,-0.50211,117.15371,weather,11.2,25.6,192,0.0,11160.0,1012.1
2026-09-09T04:00,samarinda_id,Samarinda,Indonesia,origin,-0.50211,117.15371,weather,9.9,25.6,199,0.1,23280.0,1011.2
2026-09-09T05:00,samarinda_id,Samarinda,Indonesia,origin,-0.50211,117.15371,weather,11.1,25.9,196,0.0,23260.0,1009.8
2026-09-09T06:00,samarinda_id,Samarinda,Indonesia,origin,-0.50211,117.15371,weather,14.5,27.7,188,0.3,2580.0,1008.6
2026-09-09T07:00,samarinda_id,Samarinda,Indonesia,origin,-0.50211,117.15371,weather,14.1,31.7,193,0.9,8200.0,1007.9
2026-09-09T08:00,samarinda_id,Samarinda,Indonesia,origin,-0.50211,117.15371,weather,15.6,29.9,187,0.2,8100.0,1007.5
2026-09-09T09:00,samarinda_id,Samarinda,Indonesia,origin,-0.50211,117.15371,weather,15.7,29.9,177,0.1,21560.0,1007.9
2026-09-09T10:00,samarinda_id,Samarinda,Indonesia,origin,-0.50211,117.15371,weather,12.0,29.2,171,0.0,20880.0,1008.7
2026-09-09T11:00,samarinda_id,Samarinda,Indonesia,origin,-0.50211,117.15371,weather,9.4,22.0,175,0.0,20580.0,1009.8
2026-09-09T12:00,samarinda_id,Samarinda,Indonesia,origin,-0.50211,117.15371,weather,7.2,16.6,198,0.0,18500.0,1011.0
2026-09-09T13:00,samarinda_id,Samarinda,Indonesia,origin,-0.50211,117.15371,weather,7.2,13.3,217,0.0,18320.0,1011.6
2026-09-09T14:00,samarinda_id,Samarinda,Indonesia,origin,-0.50211,117.15371,weather,6.1,12.6,220,0.0,18420.0,1012.1
2026-09-09T15:00,samarinda_id,Samarinda,Indonesia,origin,-0.50211,117.15371,weather,6.3,11.2,250,0.0,16520.0,1012.5
2026-09-09T16:00,samarinda_id,Samarinda,Indonesia,origin,-0.50211,117.15371,weather,5.2,10.8,268,0.0,14480.0,1012.3
2026-09-09T17:00,samarinda_id,Samarinda,Indonesia,origin,-0.50211,117.15371,weather,6.1,10.4,272,0.0,14300.0,1011.5
2026-09-09T18:00,samarinda_id,Samarinda,Indonesia,origin,-0.50211,117.15371,weather,5.1,10.4,280,0.0,13820.0,1010.9
2026-09-09T19:00,samarinda_id,Samarinda,Indonesia,origin,-0.50211,117.15371,weather,5.9,10.4,281,0.0,10360.0,1010.7
2026-09-09T20:00,samarinda_id,Samarinda,Indonesia,origin,-0.50211,117.15371,weather,6.7,11.2,272,0.0,10520.0,1010.7
2026-09-09T21:00,samarinda_id,Samarinda,Indonesia,origin,-0.50211,117.15371,weather,6.4,11.5,259,0.0,10980.0,1010.7
2026-09-09T22:00,samarinda_id,Samarinda,Indonesia,origin,-0.50211,117.15371,weather,5.8,10.8,256,0.0,11280.0,1011.0
2026-09-09T23:00,samarinda_id,Samarinda,Indonesia,origin,-0.50211,117.15371,weather,3.6,9.4,267,0.0,14060.0,1011.5
2026-09-10T00:00,samarinda_id,Samarinda,Indonesia,origin,-0.50211,117.15371,weather,4.8,12.2,243,0.0,15700.0,1012.0
2026-09-10T01:00,samarinda_id,Samarinda,Indonesia,origin,-0.50211,117.15371,weather,9.5,20.9,195,0.1,8380.0,1012.1
2026-09-10T02:00,samarinda_id,Samarinda,Indonesia,origin,-0.50211,117.15371,weather,10.3,22.0,182,0.2,8460.0,1012.0
2026-09-10T03:00,samarinda_id,Samarinda,Indonesia,origin,-0.50211,117.15371,weather,10.2,22.7,187,0.2,11100.0,1011.3
2026-09-10T04:00,samarinda_id,Samarinda,Indonesia,origin,-0.50211,117.15371,weather,9.5,24.1,191,0.1,13280.0,1010.2
2026-09-10T05:00,samarinda_id,Samarinda,Indonesia,origin,-0.50211,117.15371,weather,8.3,23.0,191,0.0,9780.0,1009.3
2026-09-10T06:00,samarinda_id,Samarinda,Indonesia,origin,-0.50211,117.15371,weather,8.3,21.2,180,0.0,25340.0,1008.2
2026-09-10T07:00,samarinda_id,Samarinda,Indonesia,origin,-0.50211,117.15371,weather,10.6,23.0,181,0.0,25320.0,1007.3
2026-09-10T08:00,samarinda_id,Samarinda,Indonesia,origin,-0.50211,117.15371,weather,13.6,26.3,169,0.0,25320.0,1006.9
2026-09-10T09:00,samarinda_id,Samarinda,Indonesia,origin,-0.50211,117.15371,weather,13.1,26.6,155,0.0,22980.0,1007.5
2026-09-10T10:00,samarinda_id,Samarinda,Indonesia,origin,-0.50211,117.15371,weather,11.5,24.1,170,0.0,20660.0,1008.6
2026-09-10T11:00,samarinda_id,Samarinda,Indonesia,origin,-0.50211,117.15371,weather,10.9,20.9,173,0.0,20660.0,1009.6
2026-09-10T12:00,samarinda_id,Samarinda,Indonesia,origin,-0.50211,117.15371,weather,10.5,20.2,185,0.0,18100.0,1010.5
2026-09-10T13:00,samarinda_id,Samarinda,Indonesia,origin,-0.50211,117.15371,weather,10.5,18.7,188,0.0,16260.0,1011.4
2026-09-10T14:00,samarinda_id,Samarinda,Indonesia,origin,-0.50211,117.15371,weather,12.3,22.3,183,0.0,16080.0,1011.9
2026-09-10T15:00,samarinda_id,Samarinda,Indonesia,origin,-0.50211,117.15371,weather,9.5,22.0,180,0.0,14020.0,1012.3
2026-09-10T16:00,samarinda_id,Samarinda,Indonesia,origin,-0.50211,117.15371,weather,9.0,16.2,175,0.0,13980.0,1012.0
2026-09-10T17:00,samarinda_id,Samarinda,Indonesia,origin,-0.50211,117.15371,weather,7.0,15.8,179,0.0,14100.0,1011.4
2026-09-10T18:00,samarinda_id,Samarinda,Indonesia,origin,-0.50211,117.15371,weather,7.0,12.2,176,0.0,13920.0,1010.9
2026-09-10T19:00,samarinda_id,Samarinda,Indonesia,origin,-0.50211,117.15371,weather,7.8,13.3,189,0.0,14140.0,1010.4
2026-09-10T20:00,samarinda_id,Samarinda,Indonesia,origin,-0.50211,117.15371,weather,7.6,13.3,192,0.0,14180.0,1010.3
2026-09-10T21:00,samarinda_id,Samarinda,Indonesia,origin,-0.50211,117.15371,weather,8.0,14.0,200,0.0,14300.0,1010.3
2026-09-10T22:00,samarinda_id,Samarinda,Indonesia,origin,-0.50211,117.15371,weather,8.5,14.8,212,0.0,14300.0,1010.8
2026-09-10T23:00,samarinda_id,Samarinda,Indonesia,origin,-0.50211,117.15371,weather,10.9,20.9,204,0.0,16060.0,1011.4
2026-09-11T00:00,samarinda_id,Samarinda,Indonesia,origin,-0.50211,117.15371,weather,10.8,21.6,191,0.0,18040.0,1012.1
2026-09-11T01:00,samarinda_id,Samarinda,Indonesia,origin,-0.50211,117.15371,weather,9.8,23.4,186,0.1,15380.0,1012.3
2026-09-11T02:00,samarinda_id,Samarinda,Indonesia,origin,-0.50211,117.15371,weather,8.3,25.2,178,0.1,12740.0,1012.3
2026-09-11T03:00,samarinda_id,Samarinda,Indonesia,origin,-0.50211,117.15371,weather,7.5,25.9,172,0.1,10080.0,1012.0
2026-09-11T04:00,samarinda_id,Samarinda,Indonesia,origin,-0.50211,117.15371,weather,8.1,25.2,177,0.1,8220.0,1011.2
2026-09-11T05:00,samarinda_id,Samarinda,Indonesia,origin,-0.50211,117.15371,weather,9.8,24.1,185,0.1,6340.0,1010.2
2026-09-11T06:00,samarinda_id,Samarinda,Indonesia,origin,-0.50211,117.15371,weather,10.8,23.0,190,0.1,4480.0,1009.3
2026-09-11T07:00,samarinda_id,Samarinda,Indonesia,origin,-0.50211,117.15371,weather,10.7,23.4,189,0.5,6120.0,1008.7
2026-09-11T08:00,samarinda_id,Samarinda,Indonesia,origin,-0.50211,117.15371,weather,9.9,24.1,185,0.5,7780.0,1008.2
2026-09-11T09:00,samarinda_id,Samarinda,Indonesia,origin,-0.50211,117.15371,weather,9.0,23.8,181,0.5,9420.0,1008.2
2026-09-11T10:00,samarinda_id,Samarinda,Indonesia,origin,-0.50211,117.15371,weather,7.4,22.0,177,0.0,12260.0,1008.8
2026-09-11T11:00,samarinda_id,Samarinda,Indonesia,origin,-0.50211,117.15371,weather,5.7,19.4,171,0.0,15120.0,1009.9
2026-09-11T12:00,samarinda_id,Samarinda,Indonesia,origin,-0.50211,117.15371,weather,4.4,16.9,168,0.0,17960.0,1010.8
2026-09-11T13:00,samarinda_id,Samarinda,Indonesia,origin,-0.50211,117.15371,weather,4.1,14.4,182,0.0,17380.0,1011.5
2026-09-11T14:00,samarinda_id,Samarinda,Indonesia,origin,-0.50211,117.15371,weather,5.0,11.9,201,0.0,16780.0,1012.0
2026-09-11T15:00,samarinda_id,Samarinda,Indonesia,origin,-0.50211,117.15371,weather,5.9,10.1,211,0.0,16200.0,1012.2
2026-09-11T16:00,samarinda_id,Samarinda,Indonesia,origin,-0.50211,117.15371,weather,6.4,9.7,216,0.0,14600.0,1011.8
2026-09-11T17:00,samarinda_id,Samarinda,Indonesia,origin,-0.50211,117.15371,weather,6.7,10.4,216,0.0,12980.0,1011.0
2026-09-11T18:00,samarinda_id,Samarinda,Indonesia,origin,-0.50211,117.15371,weather,6.8,10.8,215,0.0,11380.0,1010.4
2026-09-11T19:00,samarinda_id,Samarinda,Indonesia,origin,-0.50211,117.15371,weather,6.3,10.8,211,0.0,11200.0,1010.3
2026-09-11T20:00,samarinda_id,Samarinda,Indonesia,origin,-0.50211,117.15371,weather,5.7,10.8,204,0.0,11020.0,1010.3
2026-09-11T21:00,samarinda_id,Samarinda,Indonesia,origin,-0.50211,117.15371,weather,5.5,11.5,199,0.0,10840.0,1010.6
2026-09-11T22:00,samarinda_id,Samarinda,Indonesia,origin,-0.50211,117.15371,weather,6.5,13.7,203,0.0,12600.0,1011.2
2026-09-11T23:00,samarinda_id,Samarinda,Indonesia,origin,-0.50211,117.15371,weather,7.8,16.9,209,0.0,14340.0,1012.1
2026-09-12T00:00,samarinda_id,Samarinda,Indonesia,origin,-0.50211,117.15371,weather,7.9,19.1,210,0.0,16100.0,1012.6
2026-09-12T01:00,samarinda_id,Samarinda,Indonesia,origin,-0.50211,117.15371,weather,5.4,19.8,200,0.1,15200.0,1012.6
2026-09-12T02:00,samarinda_id,Samarinda,Indonesia,origin,-0.50211,117.15371,weather,2.7,20.2,143,0.1,14300.0,1012.3
2026-09-12T03:00,samarinda_id,Samarinda,Indonesia,origin,-0.50211,117.15371,weather,3.6,19.4,93,0.1,13400.0,1011.8
2026-09-12T04:00,samarinda_id,Samarinda,Indonesia,origin,-0.50211,117.15371,weather,2.9,17.6,79,0.0,12840.0,1010.8
2026-09-12T05:00,samarinda_id,Samarinda,Indonesia,origin,-0.50211,117.15371,weather,1.0,15.1,59,0.0,12280.0,1009.6
2026-09-12T06:00,samarinda_id,Samarinda,Indonesia,origin,-0.50211,117.15371,weather,0.0,14.4,270,0.0,11720.0,1008.6
2026-09-12T07:00,samarinda_id,Samarinda,Indonesia,origin,-0.50211,117.15371,weather,2.2,17.6,138,0.3,14360.0,1008.0
2026-09-12T08:00,samarinda_id,Samarinda,Indonesia,origin,-0.50211,117.15371,weather,5.6,23.0,135,0.3,17000.0,1007.7
2026-09-12T09:00,samarinda_id,Samarinda,Indonesia,origin,-0.50211,117.15371,weather,8.1,25.9,135,0.3,19640.0,1007.7
2026-09-12T10:00,samarinda_id,Samarinda,Indonesia,origin,-0.50211,117.15371,weather,8.8,24.1,139,0.0,18100.0,1008.4
2026-09-12T11:00,samarinda_id,Samarinda,Indonesia,origin,-0.50211,117.15371,weather,8.6,19.8,144,0.0,16580.0,1009.4
2026-09-12T12:00,samarinda_id,Samarinda,Indonesia,origin,-0.50211,117.15371,weather,8.0,16.6,149,0.0,15040.0,1010.3
2026-09-12T13:00,samarinda_id,Samarinda,Indonesia,origin,-0.50211,117.15371,weather,6.4,15.5,151,0.0,14720.0,1010.9
2026-09-12T14:00,samarinda_id,Samarinda,Indonesia,origin,-0.50211,117.15371,weather,4.2,15.1,155,0.0,14380.0,1011.4
2026-09-12T15:00,samarinda_id,Samarinda,Indonesia,origin,-0.50211,117.15371,weather,2.4,14.0,163,0.0,14060.0,1011.6
2026-09-12T16:00,samarinda_id,Samarinda,Indonesia,origin,-0.50211,117.15371,weather,1.8,10.8,180,0.0,13140.0,1011.3
2026-09-12T17:00,samarinda_id,Samarinda,Indonesia,origin,-0.50211,117.15371,weather,1.6,6.8,207,0.0,12200.0,1010.7
2026-09-12T18:00,samarinda_id,Samarinda,Indonesia,origin,-0.50211,117.15371,weather,1.8,4.3,225,0.0,11280.0,1010.3
2026-09-12T19:00,samarinda_id,Samarinda,Indonesia,origin,-0.50211,117.15371,weather,2.3,4.0,252,0.0,7580.0,1010.2
2026-09-12T20:00,samarinda_id,Samarinda,Indonesia,origin,-0.50211,117.15371,weather,3.1,4.7,263,0.0,3860.0,1010.3
2026-09-12T21:00,samarinda_id,Samarinda,Indonesia,origin,-0.50211,117.15371,weather,3.4,6.1,270,0.0,160.0,1010.6
2026-09-12T22:00,samarinda_id,Samarinda,Indonesia,origin,-0.50211,117.15371,weather,2.5,7.6,266,0.0,360.0,1011.4
2026-09-12T23:00,samarinda_id,Samarinda,Indonesia,origin,-0.50211,117.15371,weather,1.2,9.4,243,0.0,540.0,1012.4
2026-09-13T00:00,samarinda_id,Samarinda,Indonesia,origin,-0.50211,117.15371,weather,0.6,11.2,146,0.0,740.0,1013.1
2026-09-13T01:00,samarinda_id,Samarinda,Indonesia,origin,-0.50211,117.15371,weather,1.5,12.6,83,0.1,3540.0,1013.1
2026-09-13T02:00,samarinda_id,Samarinda,Indonesia,origin,-0.50211,117.15371,weather,2.6,13.7,65,0.1,6360.0,1012.7
2026-09-13T03:00,samarinda_id,Samarinda,Indonesia,origin,-0.50211,117.15371,weather,3.3,15.8,68,0.1,9160.0,1012.1
2026-09-13T04:00,samarinda_id,Samarinda,Indonesia,origin,-0.50211,117.15371,weather,3.2,19.8,90,0.4,9700.0,1011.1
2026-09-13T05:00,samarinda_id,Samarinda,Indonesia,origin,-0.50211,117.15371,weather,3.9,24.5,124,0.4,10260.0,1009.9
2026-09-13T06:00,samarinda_id,Samarinda,Indonesia,origin,-0.50211,117.15371,weather,4.8,28.1,138,0.4,10800.0,1009.0
2026-09-13T07:00,samarinda_id,Samarinda,Indonesia,origin,-0.50211,117.15371,weather,7.3,19.1,128,0.4,5520.0,1009.0
2026-09-13T08:00,samarinda_id,Samarinda,Indonesia,origin,-0.50211,117.15371,weather,7.5,19.8,134,0.4,7600.0,1009.2
2026-09-13T09:00,samarinda_id,Samarinda,Indonesia,origin,-0.50211,117.15371,weather,7.7,20.5,143,0.4,9680.0,1009.6
2026-09-13T10:00,samarinda_id,Samarinda,Indonesia,origin,-0.50211,117.15371,weather,7.7,20.9,150,0.4,11740.0,1010.0
2026-09-13T11:00,samarinda_id,Samarinda,Indonesia,origin,-0.50211,117.15371,weather,7.8,21.2,158,0.4,13820.0,1010.4
2026-09-13T12:00,samarinda_id,Samarinda,Indonesia,origin,-0.50211,117.15371,weather,7.6,20.9,165,0.4,15900.0,1010.6
2026-09-13T13:00,samarinda_id,Samarinda,Indonesia,origin,-0.50211,117.15371,weather,7.3,20.2,170,0.0,15560.0,1010.7
2026-09-13T14:00,samarinda_id,Samarinda,Indonesia,origin,-0.50211,117.15371,weather,6.7,18.7,175,0.0,15240.0,1010.6
2026-09-13T15:00,samarinda_id,Samarinda,Indonesia,origin,-0.50211,117.15371,weather,5.9,16.9,182,0.0,14900.0,1010.6
2026-09-13T16:00,samarinda_id,Samarinda,Indonesia,origin,-0.50211,117.15371,weather,5.2,15.1,192,0.0,14560.0,1010.5
2026-09-13T17:00,samarinda_id,Samarinda,Indonesia,origin,-0.50211,117.15371,weather,4.8,14.0,202,0.0,14240.0,1010.5
2026-09-13T18:00,samarinda_id,Samarinda,Indonesia,origin,-0.50211,117.15371,weather,4.8,13.3,214,0.0,13900.0,1010.6
2026-09-13T19:00,samarinda_id,Samarinda,Indonesia,origin,-0.50211,117.15371,weather,5.1,13.3,225,0.0,14540.0,1010.9
2026-09-13T20:00,samarinda_id,Samarinda,Indonesia,origin,-0.50211,117.15371,weather,5.8,14.0,234,0.0,15160.0,1011.4
2026-09-13T21:00,samarinda_id,Samarinda,Indonesia,origin,-0.50211,117.15371,weather,6.7,15.1,243,0.0,15800.0,1012.0
2026-09-13T22:00,samarinda_id,Samarinda,Indonesia,origin,-0.50211,117.15371,weather,7.5,16.6,246,0.0,16420.0,1012.5
2026-09-13T23:00,samarinda_id,Samarinda,Indonesia,origin,-0.50211,117.15371,weather,8.4,18.0,247,0.0,17060.0,1012.8
2026-09-07T00:00,taman_ru,Taman,Russia,origin,45.125,36.68306,weather,19.4,43.6,325,0.0,35700.0,1017.6
2026-09-07T01:00,taman_ru,Taman,Russia,origin,45.125,36.68306,weather,23.2,46.1,318,0.0,39380.0,1018.0
2026-09-07T02:00,taman_ru,Taman,Russia,origin,45.125,36.68306,weather,25.0,49.0,320,0.0,39780.0,1018.4
2026-09-07T03:00,taman_ru,Taman,Russia,origin,45.125,36.68306,weather,22.3,48.6,321,0.0,39180.0,1018.2
2026-09-07T04:00,taman_ru,Taman,Russia,origin,45.125,36.68306,weather,20.7,45.0,321,0.0,38960.0,1018.7
2026-09-07T05:00,taman_ru,Taman,Russia,origin,45.125,36.68306,weather,23.0,43.2,319,0.0,39200.0,1019.4
2026-09-07T06:00,taman_ru,Taman,Russia,origin,45.125,36.68306,weather,22.9,43.6,314,0.0,39580.0,1019.3
2026-09-07T07:00,taman_ru,Taman,Russia,origin,45.125,36.68306,weather,22.9,45.0,312,0.0,39740.0,1020.2
2026-09-07T08:00,taman_ru,Taman,Russia,origin,45.125,36.68306,weather,22.9,45.4,312,0.0,40020.0,1020.3
2026-09-07T09:00,taman_ru,Taman,Russia,origin,45.125,36.68306,weather,25.2,46.4,313,0.0,40600.0,1020.9
2026-09-07T10:00,taman_ru,Taman,Russia,origin,45.125,36.68306,weather,25.0,48.6,314,0.0,40800.0,1020.8
2026-09-07T11:00,taman_ru,Taman,Russia,origin,45.125,36.68306,weather,24.2,47.9,316,0.0,41060.0,1021.0
2026-09-07T12:00,taman_ru,Taman,Russia,origin,45.125,36.68306,weather,22.4,47.2,315,0.0,41120.0,1020.9
2026-09-07T13:00,taman_ru,Taman,Russia,origin,45.125,36.68306,weather,20.9,43.2,312,0.0,41240.0,1020.6
2026-09-07T14:00,taman_ru,Taman,Russia,origin,45.125,36.68306,weather,20.9,40.3,316,0.0,41400.0,1020.3
2026-09-07T15:00,taman_ru,Taman,Russia,origin,45.125,36.68306,weather,17.3,40.7,312,0.0,41060.0,1020.7
2026-09-07T16:00,taman_ru,Taman,Russia,origin,45.125,36.68306,weather,15.1,34.6,308,0.0,41060.0,1020.6
2026-09-07T17:00,taman_ru,Taman,Russia,origin,45.125,36.68306,weather,13.8,29.5,309,0.0,41160.0,1021.0
2026-09-07T18:00,taman_ru,Taman,Russia,origin,45.125,36.68306,weather,11.3,28.1,307,0.0,40700.0,1021.2
2026-09-07T19:00,taman_ru,Taman,Russia,origin,45.125,36.68306,weather,13.4,23.0,329,0.0,41020.0,1021.3
2026-09-07T20:00,taman_ru,Taman,Russia,origin,45.125,36.68306,weather,9.1,20.5,326,0.0,40360.0,1021.3
2026-09-07T21:00,taman_ru,Taman,Russia,origin,45.125,36.68306,weather,16.1,33.5,344,0.0,41860.0,1021.3
2026-09-07T22:00,taman_ru,Taman,Russia,origin,45.125,36.68306,weather,15.5,34.9,356,0.0,41560.0,1021.3
2026-09-07T23:00,taman_ru,Taman,Russia,origin,45.125,36.68306,weather,14.3,32.0,350,0.0,41560.0,1021.2
2026-09-08T00:00,taman_ru,Taman,Russia,origin,45.125,36.68306,weather,11.8,29.2,340,0.0,41360.0,1021.3
2026-09-08T01:00,taman_ru,Taman,Russia,origin,45.125,36.68306,weather,9.6,24.1,340,0.0,41620.0,1021.3
2026-09-08T02:00,taman_ru,Taman,Russia,origin,45.125,36.68306,weather,8.5,20.2,332,0.0,41140.0,1021.3
2026-09-08T03:00,taman_ru,Taman,Russia,origin,45.125,36.68306,weather,9.4,19.1,328,0.0,41020.0,1021.2
2026-09-08T04:00,taman_ru,Taman,Russia,origin,45.125,36.68306,weather,9.8,19.4,324,0.0,41400.0,1021.8
2026-09-08T05:00,taman_ru,Taman,Russia,origin,45.125,36.68306,weather,12.8,24.5,328,0.0,41720.0,1021.9
2026-09-08T06:00,taman_ru,Taman,Russia,origin,45.125,36.68306,weather,13.9,27.7,329,0.0,41780.0,1022.2
2026-09-08T07:00,taman_ru,Taman,Russia,origin,45.125,36.68306,weather,14.5,29.5,337,0.0,41880.0,1021.8
2026-09-08T08:00,taman_ru,Taman,Russia,origin,45.125,36.68306,weather,15.3,31.3,341,0.0,41620.0,1021.8
2026-09-08T09:00,taman_ru,Taman,Russia,origin,45.125,36.68306,weather,15.3,31.3,341,0.0,41680.0,1021.6
2026-09-08T10:00,taman_ru,Taman,Russia,origin,45.125,36.68306,weather,15.9,31.7,342,0.0,41680.0,1021.2
2026-09-08T11:00,taman_ru,Taman,Russia,origin,45.125,36.68306,weather,15.8,32.0,343,0.0,41480.0,1021.0
2026-09-08T12:00,taman_ru,Taman,Russia,origin,45.125,36.68306,weather,15.8,32.0,343,0.0,41560.0,1020.5
2026-09-08T13:00,taman_ru,Taman,Russia,origin,45.125,36.68306,weather,15.6,32.0,341,0.0,41600.0,1020.1
2026-09-08T14:00,taman_ru,Taman,Russia,origin,45.125,36.68306,weather,14.3,31.7,342,0.0,41880.0,1019.8
2026-09-08T15:00,taman_ru,Taman,Russia,origin,45.125,36.68306,weather,11.5,28.8,346,0.0,41940.0,1019.3
2026-09-08T16:00,taman_ru,Taman,Russia,origin,45.125,36.68306,weather,7.5,22.3,343,0.0,41940.0,1019.4
2026-09-08T17:00,taman_ru,Taman,Russia,origin,45.125,36.68306,weather,3.1,14.4,324,0.0,41360.0,1019.5
2026-09-08T18:00,taman_ru,Taman,Russia,origin,45.125,36.68306,weather,3.3,6.8,264,0.0,40840.0,1019.8
2026-09-08T19:00,taman_ru,Taman,Russia,origin,45.125,36.68306,weather,3.2,6.5,243,0.0,39040.0,1019.4
2026-09-08T20:00,taman_ru,Taman,Russia,origin,45.125,36.68306,weather,4.0,8.3,260,0.0,39220.0,1019.3
2026-09-08T21:00,taman_ru,Taman,Russia,origin,45.125,36.68306,weather,5.0,9.0,270,0.0,39760.0,1019.0
2026-09-08T22:00,taman_ru,Taman,Russia,origin,45.125,36.68306,weather,4.7,8.3,274,0.0,39260.0,1019.0
2026-09-08T23:00,taman_ru,Taman,Russia,origin,45.125,36.68306,weather,4.7,7.9,293,0.0,39620.0,1018.7
2026-09-09T00:00,taman_ru,Taman,Russia,origin,45.125,36.68306,weather,4.3,8.3,312,0.0,40180.0,1018.6
2026-09-09T01:00,taman_ru,Taman,Russia,origin,45.125,36.68306,weather,2.3,6.5,288,0.0,40080.0,1018.5
2026-09-09T02:00,taman_ru,Taman,Russia,origin,45.125,36.68306,weather,2.7,5.0,293,0.0,39840.0,1018.5
2026-09-09T03:00,taman_ru,Taman,Russia,origin,45.125,36.68306,weather,2.6,5.0,286,0.0,39940.0,1018.4
2026-09-09T04:00,taman_ru,Taman,Russia,origin,45.125,36.68306,weather,3.2,6.5,297,0.0,39920.0,1018.6
2026-09-09T05:00,taman_ru,Taman,Russia,origin,45.125,36.68306,weather,4.2,9.0,290,0.0,40240.0,1018.7
2026-09-09T06:00,taman_ru,Taman,Russia,origin,45.125,36.68306,weather,6.0,12.6,303,0.0,41620.0,1018.8
2026-09-09T07:00,taman_ru,Taman,Russia,origin,45.125,36.68306,weather,6.8,14.0,342,0.0,42520.0,1018.7
2026-09-09T08:00,taman_ru,Taman,Russia,origin,45.125,36.68306,weather,8.4,16.9,353,0.0,43160.0,1018.4
2026-09-09T09:00,taman_ru,Taman,Russia,origin,45.125,36.68306,weather,8.7,18.7,355,0.0,43580.0,1018.0
2026-09-09T10:00,taman_ru,Taman,Russia,origin,45.125,36.68306,weather,10.5,21.2,356,0.0,42940.0,1017.7
2026-09-09T11:00,taman_ru,Taman,Russia,origin,45.125,36.68306,weather,15.5,29.5,3,0.0,43220.0,1017.6
2026-09-09T12:00,taman_ru,Taman,Russia,origin,45.125,36.68306,weather,14.6,30.6,20,0.0,43180.0,1017.4
2026-09-09T13:00,taman_ru,Taman,Russia,origin,45.125,36.68306,weather,14.2,28.8,21,0.0,43140.0,1017.3
2026-09-09T14:00,taman_ru,Taman,Russia,origin,45.125,36.68306,weather,13.0,28.8,14,0.0,43620.0,1017.2
2026-09-09T15:00,taman_ru,Taman,Russia,origin,45.125,36.68306,weather,11.3,25.6,17,0.0,42820.0,1017.2
2026-09-09T16:00,taman_ru,Taman,Russia,origin,45.125,36.68306,weather,7.3,21.2,20,0.0,41980.0,1017.2
2026-09-09T17:00,taman_ru,Taman,Russia,origin,45.125,36.68306,weather,2.8,14.0,50,0.0,41220.0,1017.5
2026-09-09T18:00,taman_ru,Taman,Russia,origin,45.125,36.68306,weather,2.9,5.0,60,0.0,40540.0,1017.6
2026-09-09T19:00,taman_ru,Taman,Russia,origin,45.125,36.68306,weather,2.1,4.7,59,0.0,40200.0,1017.5
2026-09-09T20:00,taman_ru,Taman,Russia,origin,45.125,36.68306,weather,2.8,4.0,40,0.0,40320.0,1017.4
2026-09-09T21:00,taman_ru,Taman,Russia,origin,45.125,36.68306,weather,3.1,5.0,36,0.0,39980.0,1017.5
2026-09-09T22:00,taman_ru,Taman,Russia,origin,45.125,36.68306,weather,3.1,5.8,45,0.0,39180.0,1017.6
2026-09-09T23:00,taman_ru,Taman,Russia,origin,45.125,36.68306,weather,3.3,5.8,49,0.0,38560.0,1017.5
2026-09-10T00:00,taman_ru,Taman,Russia,origin,45.125,36.68306,weather,4.0,7.2,85,0.0,37820.0,1017.5
2026-09-10T01:00,taman_ru,Taman,Russia,origin,45.125,36.68306,weather,5.2,9.4,102,0.0,35560.0,1017.7
2026-09-10T02:00,taman_ru,Taman,Russia,origin,45.125,36.68306,weather,5.1,11.2,98,0.0,39740.0,1017.7
2026-09-10T03:00,taman_ru,Taman,Russia,origin,45.125,36.68306,weather,5.8,11.9,90,0.0,39760.0,1017.9
2026-09-10T04:00,taman_ru,Taman,Russia,origin,45.125,36.68306,weather,6.5,13.7,87,0.0,39560.0,1018.2
2026-09-10T05:00,taman_ru,Taman,Russia,origin,45.125,36.68306,weather,9.5,19.4,81,0.0,41020.0,1018.4
2026-09-10T06:00,taman_ru,Taman,Russia,origin,45.125,36.68306,weather,12.6,24.5,85,0.0,42500.0,1018.6
2026-09-10T07:00,taman_ru,Taman,Russia,origin,45.125,36.68306,weather,13.3,26.6,88,0.0,43720.0,1018.6
2026-09-10T08:00,taman_ru,Taman,Russia,origin,45.125,36.68306,weather,13.3,27.4,90,0.0,45320.0,1018.5
2026-09-10T09:00,taman_ru,Taman,Russia,origin,45.125,36.68306,weather,12.3,26.6,83,0.0,46700.0,1018.4
2026-09-10T10:00,taman_ru,Taman,Russia,origin,45.125,36.68306,weather,11.7,24.8,72,0.0,47900.0,1018.2
2026-09-10T11:00,taman_ru,Taman,Russia,origin,45.125,36.68306,weather,11.0,23.4,58,0.0,47900.0,1018.0
2026-09-10T12:00,taman_ru,Taman,Russia,origin,45.125,36.68306,weather,11.8,25.2,40,0.0,47180.0,1017.7
2026-09-10T13:00,taman_ru,Taman,Russia,origin,45.125,36.68306,weather,12.7,26.6,29,0.0,47540.0,1017.5
2026-09-10T14:00,taman_ru,Taman,Russia,origin,45.125,36.68306,weather,13.3,27.0,19,0.0,45880.0,1017.5
2026-09-10T15:00,taman_ru,Taman,Russia,origin,45.125,36.68306,weather,12.6,26.3,24,0.0,43340.0,1017.6
2026-09-10T16:00,taman_ru,Taman,Russia,origin,45.125,36.68306,weather,8.9,24.1,32,0.0,41720.0,1017.6
2026-09-10T17:00,taman_ru,Taman,Russia,origin,45.125,36.68306,weather,6.6,17.6,41,0.0,40780.0,1017.9
2026-09-10T18:00,taman_ru,Taman,Russia,origin,45.125,36.68306,weather,5.6,13.7,40,0.0,39180.0,1018.0
2026-09-10T19:00,taman_ru,Taman,Russia,origin,45.125,36.68306,weather,5.1,11.2,45,0.0,37000.0,1018.0
2026-09-10T20:00,taman_ru,Taman,Russia,origin,45.125,36.68306,weather,4.8,9.7,48,0.0,34840.0,1017.9
2026-09-10T21:00,taman_ru,Taman,Russia,origin,45.125,36.68306,weather,4.9,9.0,54,0.0,32660.0,1017.9
2026-09-10T22:00,taman_ru,Taman,Russia,origin,45.125,36.68306,weather,4.8,9.7,63,0.0,32640.0,1017.9
2026-09-10T23:00,taman_ru,Taman,Russia,origin,45.125,36.68306,weather,5.2,11.2,74,0.0,32640.0,1017.9
2026-09-11T00:00,taman_ru,Taman,Russia,origin,45.125,36.68306,weather,5.5,12.2,79,0.0,32620.0,1017.9
2026-09-11T01:00,taman_ru,Taman,Russia,origin,45.125,36.68306,weather,5.2,11.5,78,0.0,33700.0,1017.9
2026-09-11T02:00,taman_ru,Taman,Russia,origin,45.125,36.68306,weather,4.6,9.7,72,0.0,34800.0,1017.8
2026-09-11T03:00,taman_ru,Taman,Russia,origin,45.125,36.68306,weather,4.8,9.7,63,0.0,35880.0,1017.9
2026-09-11T04:00,taman_ru,Taman,Russia,origin,45.125,36.68306,weather,6.1,12.2,62,0.0,38100.0,1018.2
2026-09-11T05:00,taman_ru,Taman,Russia,origin,45.125,36.68306,weather,8.2,15.8,67,0.0,40340.0,1018.6
2026-09-11T06:00,taman_ru,Taman,Russia,origin,45.125,36.68306,weather,10.0,19.4,64,0.0,42560.0,1018.8
2026-09-11T07:00,taman_ru,Taman,Russia,origin,45.125,36.68306,weather,11.9,23.0,61,0.0,43760.0,1018.8
2026-09-11T08:00,taman_ru,Taman,Russia,origin,45.125,36.68306,weather,13.6,26.3,58,0.0,44940.0,1018.6
2026-09-11T09:00,taman_ru,Taman,Russia,origin,45.125,36.68306,weather,14.4,28.4,53,0.0,46140.0,1018.5
2026-09-11T10:00,taman_ru,Taman,Russia,origin,45.125,36.68306,weather,14.5,28.8,44,0.0,45900.0,1018.4
2026-09-11T11:00,taman_ru,Taman,Russia,origin,45.125,36.68306,weather,13.9,28.1,31,0.0,45640.0,1018.3
2026-09-11T12:00,taman_ru,Taman,Russia,origin,45.125,36.68306,weather,13.9,27.4,21,0.0,45400.0,1018.2
2026-09-11T13:00,taman_ru,Taman,Russia,origin,45.125,36.68306,weather,13.8,27.4,15,0.0,44120.0,1018.0
2026-09-11T14:00,taman_ru,Taman,Russia,origin,45.125,36.68306,weather,13.2,27.4,11,0.0,42840.0,1017.9
2026-09-11T15:00,taman_ru,Taman,Russia,origin,45.125,36.68306,weather,12.0,26.3,9,0.0,41560.0,1017.8
2026-09-11T16:00,taman_ru,Taman,Russia,origin,45.125,36.68306,weather,10.2,23.0,10,0.0,40320.0,1018.0
2026-09-11T17:00,taman_ru,Taman,Russia,origin,45.125,36.68306,weather,7.9,18.7,16,0.0,39060.0,1018.2
2026-09-11T18:00,taman_ru,Taman,Russia,origin,45.125,36.68306,weather,6.0,15.1,25,0.0,37820.0,1018.4
2026-09-11T19:00,taman_ru,Taman,Russia,origin,45.125,36.68306,weather,4.8,12.2,27,0.0,37180.0,1018.4
2026-09-11T20:00,taman_ru,Taman,Russia,origin,45.125,36.68306,weather,4.2,10.1,20,0.0,36540.0,1018.4
2026-09-11T21:00,taman_ru,Taman,Russia,origin,45.125,36.68306,weather,4.1,8.6,15,0.0,35900.0,1018.3
2026-09-11T22:00,taman_ru,Taman,Russia,origin,45.125,36.68306,weather,4.0,8.3,10,0.0,35200.0,1018.2
2026-09-11T23:00,taman_ru,Taman,Russia,origin,45.125,36.68306,weather,4.3,8.6,5,0.0,34520.0,1018.2
2026-09-12T00:00,taman_ru,Taman,Russia,origin,45.125,36.68306,weather,4.7,9.7,4,0.0,33820.0,1018.1
2026-09-12T01:00,taman_ru,Taman,Russia,origin,45.125,36.68306,weather,5.8,11.5,4,0.0,32880.0,1018.0
2026-09-12T02:00,taman_ru,Taman,Russia,origin,45.125,36.68306,weather,7.2,14.0,3,0.0,31940.0,1017.8
2026-09-12T03:00,taman_ru,Taman,Russia,origin,45.125,36.68306,weather,8.4,16.9,7,0.0,31000.0,1017.8
2026-09-12T04:00,taman_ru,Taman,Russia,origin,45.125,36.68306,weather,10.0,20.9,21,0.0,31860.0,1018.0
2026-09-12T05:00,taman_ru,Taman,Russia,origin,45.125,36.68306,weather,12.5,25.2,33,0.0,32720.0,1018.4
2026-09-12T06:00,taman_ru,Taman,Russia,origin,45.125,36.68306,weather,14.6,28.4,40,0.0,33580.0,1018.7
2026-09-12T07:00,taman_ru,Taman,Russia,origin,45.125,36.68306,weather,15.3,29.9,45,0.0,37560.0,1018.8
2026-09-12T08:00,taman_ru,Taman,Russia,origin,45.125,36.68306,weather,15.1,30.2,50,0.0,41540.0,1018.7
2026-09-12T09:00,taman_ru,Taman,Russia,origin,45.125,36.68306,weather,14.8,30.6,51,0.0,45520.0,1018.6
2026-09-12T10:00,taman_ru,Taman,Russia,origin,45.125,36.68306,weather,14.6,28.4,45,0.0,47355.0,1018.4
2026-09-12T11:00,taman_ru,Taman,Russia,origin,45.125,36.68306,weather,13.6,24.5,32,0.0,48910.0,1018.1
2026-09-12T12:00,taman_ru,Taman,Russia,origin,45.125,36.68306,weather,12.8,20.3,19,0.0,50200.0,1017.9
2026-09-12T13:00,taman_ru,Taman,Russia,origin,45.125,36.68306,weather,13.7,19.8,18,0.0,49620.0,1017.7
2026-09-12T14:00,taman_ru,Taman,Russia,origin,45.125,36.68306,weather,17.1,25.2,25,0.0,48000.0,1017.6
2026-09-12T15:00,taman_ru,Taman,Russia,origin,45.125,36.68306,weather,19.0,28.1,29,0.0,46400.0,1017.6
2026-09-12T16:00,taman_ru,Taman,Russia,origin,45.125,36.68306,weather,17.8,26.6,32,0.0,44180.0,1017.7
2026-09-12T17:00,taman_ru,Taman,Russia,origin,45.125,36.68306,weather,15.3,22.7,34,0.0,41940.0,1018.0
2026-09-12T18:00,taman_ru,Taman,Russia,origin,45.125,36.68306,weather,13.4,19.8,36,0.0,39720.0,1018.1
2026-09-12T19:00,taman_ru,Taman,Russia,origin,45.125,36.68306,weather,12.6,18.4,37,0.0,38660.0,1018.1
2026-09-12T20:00,taman_ru,Taman,Russia,origin,45.125,36.68306,weather,12.6,17.6,37,0.0,37620.0,1017.9
2026-09-12T21:00,taman_ru,Taman,Russia,origin,45.125,36.68306,weather,12.6,17.6,37,0.0,36560.0,1017.8
2026-09-12T22:00,taman_ru,Taman,Russia,origin,45.125,36.68306,weather,13.3,18.4,38,0.0,35280.0,1017.7
2026-09-12T23:00,taman_ru,Taman,Russia,origin,45.125,36.68306,weather,14.1,19.8,40,0.0,34000.0,1017.7
2026-09-13T00:00,taman_ru,Taman,Russia,origin,45.125,36.68306,weather,15.1,21.2,40,0.0,32720.0,1017.7
2026-09-13T01:00,taman_ru,Taman,Russia,origin,45.125,36.68306,weather,16.1,22.3,40,0.0,31660.0,1017.8
2026-09-13T02:00,taman_ru,Taman,Russia,origin,45.125,36.68306,weather,16.8,23.4,42,0.0,30580.0,1017.8
2026-09-13T03:00,taman_ru,Taman,Russia,origin,45.125,36.68306,weather,17.3,24.1,42,0.0,29520.0,1018.0
2026-09-13T04:00,taman_ru,Taman,Russia,origin,45.125,36.68306,weather,17.6,24.5,44,0.0,33880.0,1018.3
2026-09-13T05:00,taman_ru,Taman,Russia,origin,45.125,36.68306,weather,17.6,24.1,46,0.0,38220.0,1018.6
2026-09-13T06:00,taman_ru,Taman,Russia,origin,45.125,36.68306,weather,17.3,24.1,47,0.0,42580.0,1018.8
2026-09-13T07:00,taman_ru,Taman,Russia,origin,45.125,36.68306,weather,16.5,23.8,46,0.0,46420.0,1018.8
2026-09-13T08:00,taman_ru,Taman,Russia,origin,45.125,36.68306,weather,16.0,23.8,44,0.0,46420.0,1018.7
2026-09-13T09:00,taman_ru,Taman,Russia,origin,45.125,36.68306,weather,15.6,23.4,40,0.0,46440.0,1018.5
2026-09-13T10:00,taman_ru,Taman,Russia,origin,45.125,36.68306,weather,15.5,23.4,36,0.0,46440.0,1018.3
2026-09-13T11:00,taman_ru,Taman,Russia,origin,45.125,36.68306,weather,16.1,23.0,29,0.0,46440.0,1018.2
2026-09-13T12:00,taman_ru,Taman,Russia,origin,45.125,36.68306,weather,16.4,23.0,26,0.0,46440.0,1018.0
2026-09-13T13:00,taman_ru,Taman,Russia,origin,45.125,36.68306,weather,16.5,23.0,23,0.0,45320.0,1017.8
2026-09-13T14:00,taman_ru,Taman,Russia,origin,45.125,36.68306,weather,16.3,23.0,22,0.0,44220.0,1017.6
2026-09-13T15:00,taman_ru,Taman,Russia,origin,45.125,36.68306,weather,16.2,23.0,21,0.0,43100.0,1017.5
2026-09-13T16:00,taman_ru,Taman,Russia,origin,45.125,36.68306,weather,16.5,23.4,20,0.0,41980.0,1017.6
2026-09-13T17:00,taman_ru,Taman,Russia,origin,45.125,36.68306,weather,17.0,23.4,21,0.0,40880.0,1017.7
2026-09-13T18:00,taman_ru,Taman,Russia,origin,45.125,36.68306,weather,17.1,23.8,22,0.0,39760.0,1017.8
2026-09-13T19:00,taman_ru,Taman,Russia,origin,45.125,36.68306,weather,16.9,23.8,24,0.0,40240.0,1017.7
2026-09-13T20:00,taman_ru,Taman,Russia,origin,45.125,36.68306,weather,16.6,23.4,27,0.0,40720.0,1017.6
2026-09-13T21:00,taman_ru,Taman,Russia,origin,45.125,36.68306,weather,16.3,23.4,31,0.0,41200.0,1017.5
2026-09-13T22:00,taman_ru,Taman,Russia,origin,45.125,36.68306,weather,16.3,23.4,35,0.0,41660.0,1017.4
2026-09-13T23:00,taman_ru,Taman,Russia,origin,45.125,36.68306,weather,16.6,23.4,39,0.0,42140.0,1017.2
2026-09-07T00:00,visakhapatnam_in,Visakhapatnam,India,destination,17.6868,83.2185,weather,5.1,9.7,262,0.0,14940.0,1008.9
2026-09-07T01:00,visakhapatnam_in,Visakhapatnam,India,destination,17.6868,83.2185,weather,5.6,11.2,266,0.0,15040.0,1009.1
2026-09-07T02:00,visakhapatnam_in,Visakhapatnam,India,destination,17.6868,83.2185,weather,3.5,11.9,279,0.0,17240.0,1009.6
2026-09-07T03:00,visakhapatnam_in,Visakhapatnam,India,destination,17.6868,83.2185,weather,4.3,15.5,272,0.0,19160.0,1009.7
2026-09-07T04:00,visakhapatnam_in,Visakhapatnam,India,destination,17.6868,83.2185,weather,4.5,18.7,265,0.0,20980.0,1009.7
2026-09-07T05:00,visakhapatnam_in,Visakhapatnam,India,destination,17.6868,83.2185,weather,4.9,20.5,246,0.1,6840.0,1009.5
2026-09-07T06:00,visakhapatnam_in,Visakhapatnam,India,destination,17.6868,83.2185,weather,6.0,24.1,243,0.2,23640.0,1008.2
2026-09-07T07:00,visakhapatnam_in,Visakhapatnam,India,destination,17.6868,83.2185,weather,7.8,24.5,236,0.0,23640.0,1007.5
2026-09-07T08:00,visakhapatnam_in,Visakhapatnam,India,destination,17.6868,83.2185,weather,12.0,31.3,223,0.0,21980.0,1006.0
2026-09-07T09:00,visakhapatnam_in,Visakhapatnam,India,destination,17.6868,83.2185,weather,17.3,40.7,214,0.1,7520.0,1005.1
2026-09-07T10:00,visakhapatnam_in,Visakhapatnam,India,destination,17.6868,83.2185,weather,19.8,46.1,210,0.1,13880.0,1004.7
2026-09-07T11:00,visakhapatnam_in,Visakhapatnam,India,destination,17.6868,83.2185,weather,16.0,45.0,210,0.0,19120.0,1004.9
2026-09-07T12:00,visakhapatnam_in,Visakhapatnam,India,destination,17.6868,83.2185,weather,13.8,36.0,209,0.0,17660.0,1005.3
2026-09-07T13:00,visakhapatnam_in,Visakhapatnam,India,destination,17.6868,83.2185,weather,11.2,30.6,212,0.0,15780.0,1006.6
2026-09-07T14:00,visakhapatnam_in,Visakhapatnam,India,destination,17.6868,83.2185,weather,9.1,23.4,216,0.0,17180.0,1007.5
2026-09-07T15:00,visakhapatnam_in,Visakhapatnam,India,destination,17.6868,83.2185,weather,7.9,18.7,221,0.0,17180.0,1008.4
2026-09-07T16:00,visakhapatnam_in,Visakhapatnam,India,destination,17.6868,83.2185,weather,8.3,16.6,231,0.0,17180.0,1009.0
2026-09-07T17:00,visakhapatnam_in,Visakhapatnam,India,destination,17.6868,83.2185,weather,7.8,16.9,247,0.0,17180.0,1009.2
2026-09-07T18:00,visakhapatnam_in,Visakhapatnam,India,destination,17.6868,83.2185,weather,6.4,15.5,262,0.0,17160.0,1008.7
2026-09-07T19:00,visakhapatnam_in,Visakhapatnam,India,destination,17.6868,83.2185,weather,5.8,12.6,272,0.0,17160.0,1008.0
2026-09-07T20:00,visakhapatnam_in,Visakhapatnam,India,destination,17.6868,83.2185,weather,5.1,11.5,278,0.0,17160.0,1007.4
2026-09-07T21:00,visakhapatnam_in,Visakhapatnam,India,destination,17.6868,83.2185,weather,4.7,10.4,277,0.0,17160.0,1006.7
2026-09-07T22:00,visakhapatnam_in,Visakhapatnam,India,destination,17.6868,83.2185,weather,4.7,9.7,247,0.0,17160.0,1006.2
2026-09-07T23:00,visakhapatnam_in,Visakhapatnam,India,destination,17.6868,83.2185,weather,6.7,13.3,246,0.0,17140.0,1006.0
2026-09-08T00:00,visakhapatnam_in,Visakhapatnam,India,destination,17.6868,83.2185,weather,6.8,13.7,258,0.0,17140.0,1006.5
2026-09-08T01:00,visakhapatnam_in,Visakhapatnam,India,destination,17.6868,83.2185,weather,8.6,16.9,255,0.0,17140.0,1007.5
2026-09-08T02:00,visakhapatnam_in,Visakhapatnam,India,destination,17.6868,83.2185,weather,9.4,22.7,258,0.0,17140.0,1008.7
2026-09-08T03:00,visakhapatnam_in,Visakhapatnam,India,destination,17.6868,83.2185,weather,10.1,25.9,248,0.0,19040.0,1009.3
2026-09-08T04:00,visakhapatnam_in,Visakhapatnam,India,destination,17.6868,83.2185,weather,10.7,28.4,250,0.0,19040.0,1009.2
2026-09-08T05:00,visakhapatnam_in,Visakhapatnam,India,destination,17.6868,83.2185,weather,10.8,30.6,255,0.0,20840.0,1008.7
2026-09-08T06:00,visakhapatnam_in,Visakhapatnam,India,destination,17.6868,83.2185,weather,10.2,29.5,247,0.0,20840.0,1007.8
2026-09-08T07:00,visakhapatnam_in,Visakhapatnam,India,destination,17.6868,83.2185,weather,10.7,30.2,299,0.0,9900.0,1006.6
2026-09-08T08:00,visakhapatnam_in,Visakhapatnam,India,destination,17.6868,83.2185,weather,7.5,35.3,310,1.1,5060.0,1006.1
2026-09-08T09:00,visakhapatnam_in,Visakhapatnam,India,destination,17.6868,83.2185,weather,4.2,22.3,277,0.2,10160.0,1004.6
2026-09-08T10:00,visakhapatnam_in,Visakhapatnam,India,destination,17.6868,83.2185,weather,9.1,27.0,232,0.1,7660.0,1003.9
2026-09-08T11:00,visakhapatnam_in,Visakhapatnam,India,destination,17.6868,83.2185,weather,9.7,27.4,231,0.8,15200.0,1003.9
2026-09-08T12:00,visakhapatnam_in,Visakhapatnam,India,destination,17.6868,83.2185,weather,8.9,24.8,216,0.0,19000.0,1004.1
2026-09-08T13:00,visakhapatnam_in,Visakhapatnam,India,destination,17.6868,83.2185,weather,5.8,19.8,219,0.0,19000.0,1005.2
2026-09-08T14:00,visakhapatnam_in,Visakhapatnam,India,destination,17.6868,83.2185,weather,4.0,12.2,210,0.0,17080.0,1006.2
2026-09-08T15:00,visakhapatnam_in,Visakhapatnam,India,destination,17.6868,83.2185,weather,4.6,9.4,225,0.0,17080.0,1007.1
2026-09-08T16:00,visakhapatnam_in,Visakhapatnam,India,destination,17.6868,83.2185,weather,3.4,10.1,252,0.0,17060.0,1007.7
2026-09-08T17:00,visakhapatnam_in,Visakhapatnam,India,destination,17.6868,83.2185,weather,4.3,8.6,268,0.0,17060.0,1007.8
2026-09-08T18:00,visakhapatnam_in,Visakhapatnam,India,destination,17.6868,83.2185,weather,5.5,10.8,287,0.0,17060.0,1007.4
2026-09-08T19:00,visakhapatnam_in,Visakhapatnam,India,destination,17.6868,83.2185,weather,6.3,12.2,285,0.0,17060.0,1006.8
2026-09-08T20:00,visakhapatnam_in,Visakhapatnam,India,destination,17.6868,83.2185,weather,7.2,13.7,288,0.0,14860.0,1006.2
2026-09-08T21:00,visakhapatnam_in,Visakhapatnam,India,destination,17.6868,83.2185,weather,6.5,14.0,302,0.0,14860.0,1005.4
2026-09-08T22:00,visakhapatnam_in,Visakhapatnam,India,destination,17.6868,83.2185,weather,5.6,12.6,303,0.0,14860.0,1004.9
2026-09-08T23:00,visakhapatnam_in,Visakhapatnam,India,destination,17.6868,83.2185,weather,5.5,11.2,302,0.0,14860.0,1005.1
2026-09-09T00:00,visakhapatnam_in,Visakhapatnam,India,destination,17.6868,83.2185,weather,5.9,11.9,293,0.0,13140.0,1006.1
2026-09-09T01:00,visakhapatnam_in,Visakhapatnam,India,destination,17.6868,83.2185,weather,5.2,11.5,319,0.0,14840.0,1006.3
2026-09-09T02:00,visakhapatnam_in,Visakhapatnam,India,destination,17.6868,83.2185,weather,5.9,15.5,293,0.0,17020.0,1006.9
2026-09-09T03:00,visakhapatnam_in,Visakhapatnam,India,destination,17.6868,83.2185,weather,5.3,17.6,308,0.0,18920.0,1007.5
2026-09-09T04:00,visakhapatnam_in,Visakhapatnam,India,destination,17.6868,83.2185,weather,2.7,16.9,262,0.0,20720.0,1007.7
2026-09-09T05:00,visakhapatnam_in,Visakhapatnam,India,destination,17.6868,83.2185,weather,1.2,16.6,153,0.0,20720.0,1007.3
2026-09-09T06:00,visakhapatnam_in,Visakhapatnam,India,destination,17.6868,83.2185,weather,5.0,21.6,145,0.0,20720.0,1006.7
2026-09-09T07:00,visakhapatnam_in,Visakhapatnam,India,destination,17.6868,83.2185,weather,6.9,23.8,150,0.0,20700.0,1005.8
2026-09-09T08:00,visakhapatnam_in,Visakhapatnam,India,destination,17.6868,83.2185,weather,3.6,22.0,186,0.3,4540.0,1004.8
2026-09-09T09:00,visakhapatnam_in,Visakhapatnam,India,destination,17.6868,83.2185,weather,8.2,22.3,209,0.3,6900.0,1003.8
2026-09-09T10:00,visakhapatnam_in,Visakhapatnam,India,destination,17.6868,83.2185,weather,8.1,24.8,241,1.2,5620.0,1003.1
2026-09-09T11:00,visakhapatnam_in,Visakhapatnam,India,destination,17.6868,83.2185,weather,6.9,19.8,255,0.1,18480.0,1002.9
2026-09-09T12:00,visakhapatnam_in,Visakhapatnam,India,destination,17.6868,83.2185,weather,6.5,18.4,256,0.0,18880.0,1003.5
2026-09-09T13:00,visakhapatnam_in,Visakhapatnam,India,destination,17.6868,83.2185,weather,4.0,15.1,238,0.0,16980.0,1004.5
2026-09-09T14:00,visakhapatnam_in,Visakhapatnam,India,destination,17.6868,83.2185,weather,6.7,14.4,216,0.0,16960.0,1005.6
2026-09-09T15:00,visakhapatnam_in,Visakhapatnam,India,destination,17.6868,83.2185,weather,6.8,15.8,222,0.0,16960.0,1006.6
2026-09-09T16:00,visakhapatnam_in,Visakhapatnam,India,destination,17.6868,83.2185,weather,4.1,14.4,229,0.0,14780.0,1007.3
2026-09-09T17:00,visakhapatnam_in,Visakhapatnam,India,destination,17.6868,83.2185,weather,2.4,8.6,216,0.0,14780.0,1007.1
2026-09-09T18:00,visakhapatnam_in,Visakhapatnam,India,destination,17.6868,83.2185,weather,1.7,4.7,229,0.0,13060.0,1006.6
2026-09-09T19:00,visakhapatnam_in,Visakhapatnam,India,destination,17.6868,83.2185,weather,1.2,3.6,321,0.0,10980.0,1005.9
2026-09-09T20:00,visakhapatnam_in,Visakhapatnam,India,destination,17.6868,83.2185,weather,1.1,3.6,18,0.0,10980.0,1005.4
2026-09-09T21:00,visakhapatnam_in,Visakhapatnam,India,destination,17.6868,83.2185,weather,1.8,4.7,354,0.0,7740.0,1004.6
2026-09-09T22:00,visakhapatnam_in,Visakhapatnam,India,destination,17.6868,83.2185,weather,2.4,5.4,347,0.0,7740.0,1004.3
2026-09-09T23:00,visakhapatnam_in,Visakhapatnam,India,destination,17.6868,83.2185,weather,3.1,6.5,3,0.0,7740.0,1004.6
2026-09-10T00:00,visakhapatnam_in,Visakhapatnam,India,destination,17.6868,83.2185,weather,1.8,7.6,354,0.0,10980.0,1005.4
2026-09-10T01:00,visakhapatnam_in,Visakhapatnam,India,destination,17.6868,83.2185,weather,0.7,4.0,104,0.0,10960.0,1005.8
2026-09-10T02:00,visakhapatnam_in,Visakhapatnam,India,destination,17.6868,83.2185,weather,2.1,9.7,59,0.0,14740.0,1006.4
2026-09-10T03:00,visakhapatnam_in,Visakhapatnam,India,destination,17.6868,83.2185,weather,4.5,15.5,67,0.0,18800.0,1007.1
2026-09-10T04:00,visakhapatnam_in,Visakhapatnam,India,destination,17.6868,83.2185,weather,3.2,17.3,90,0.1,18800.0,1007.5
2026-09-10T05:00,visakhapatnam_in,Visakhapatnam,India,destination,17.6868,83.2185,weather,3.4,19.1,93,0.1,18800.0,1007.0
2026-09-10T06:00,visakhapatnam_in,Visakhapatnam,India,destination,17.6868,83.2185,weather,6.2,24.8,139,0.0,20580.0,1006.5
2026-09-10T07:00,visakhapatnam_in,Visakhapatnam,India,destination,17.6868,83.2185,weather,6.4,25.6,198,0.1,14440.0,1005.8
2026-09-10T08:00,visakhapatnam_in,Visakhapatnam,India,destination,17.6868,83.2185,weather,4.7,25.6,227,0.6,4720.0,1004.5
2026-09-10T09:00,visakhapatnam_in,Visakhapatnam,India,destination,17.6868,83.2185,weather,0.5,21.2,135,0.6,5760.0,1003.5
2026-09-10T10:00,visakhapatnam_in,Visakhapatnam,India,destination,17.6868,83.2185,weather,5.5,22.0,77,0.3,3620.0,1003.9
2026-09-10T11:00,visakhapatnam_in,Visakhapatnam,India,destination,17.6868,83.2185,weather,5.4,21.2,291,0.7,3760.0,1003.6
2026-09-10T12:00,visakhapatnam_in,Visakhapatnam,India,destination,17.6868,83.2185,weather,3.4,15.1,264,0.4,7240.0,1003.4
2026-09-10T13:00,visakhapatnam_in,Visakhapatnam,India,destination,17.6868,83.2185,weather,2.4,10.8,318,0.0,12440.0,1004.7
2026-09-10T14:00,visakhapatnam_in,Visakhapatnam,India,destination,17.6868,83.2185,weather,3.2,8.3,317,0.0,10920.0,1006.1
2026-09-10T15:00,visakhapatnam_in,Visakhapatnam,India,destination,17.6868,83.2185,weather,3.8,8.6,301,0.0,10920.0,1007.2
2026-09-10T16:00,visakhapatnam_in,Visakhapatnam,India,destination,17.6868,83.2185,weather,3.1,8.3,306,0.0,8920.0,1007.7
2026-09-10T17:00,visakhapatnam_in,Visakhapatnam,India,destination,17.6868,83.2185,weather,1.6,7.2,333,0.1,7680.0,1007.0
2026-09-10T18:00,visakhapatnam_in,Visakhapatnam,India,destination,17.6868,83.2185,weather,4.5,9.0,310,0.0,7420.0,1006.4
2026-09-10T19:00,visakhapatnam_in,Visakhapatnam,India,destination,17.6868,83.2185,weather,1.5,9.7,353,0.0,7560.0,1005.8
2026-09-10T20:00,visakhapatnam_in,Visakhapatnam,India,destination,17.6868,83.2185,weather,0.3,3.2,45,0.0,7620.0,1004.9
2026-09-10T21:00,visakhapatnam_in,Visakhapatnam,India,destination,17.6868,83.2185,weather,3.5,7.9,81,0.0,7680.0,1004.5
2026-09-10T22:00,visakhapatnam_in,Visakhapatnam,India,destination,17.6868,83.2185,weather,2.4,7.6,48,0.0,7680.0,1004.5
2026-09-10T23:00,visakhapatnam_in,Visakhapatnam,India,destination,17.6868,83.2185,weather,1.5,5.8,30,0.0,7680.0,1004.5
2026-09-11T00:00,visakhapatnam_in,Visakhapatnam,India,destination,17.6868,83.2185,weather,1.5,4.0,7,0.0,7680.0,1004.8
2026-09-11T01:00,visakhapatnam_in,Visakhapatnam,India,destination,17.6868,83.2185,weather,0.6,6.1,304,0.0,10720.0,1005.5
2026-09-11T02:00,visakhapatnam_in,Visakhapatnam,India,destination,17.6868,83.2185,weather,1.8,9.7,225,0.0,13760.0,1006.5
2026-09-11T03:00,visakhapatnam_in,Visakhapatnam,India,destination,17.6868,83.2185,weather,2.2,13.3,204,0.0,16800.0,1007.1
2026-09-11T04:00,visakhapatnam_in,Visakhapatnam,India,destination,17.6868,83.2185,weather,1.4,16.9,130,2.4,11980.0,1007.3
2026-09-11T05:00,visakhapatnam_in,Visakhapatnam,India,destination,17.6868,83.2185,weather,3.9,20.9,74,2.4,7140.0,1007.1
2026-09-11T06:00,visakhapatnam_in,Visakhapatnam,India,destination,17.6868,83.2185,weather,6.1,23.0,67,2.4,2320.0,1006.7
2026-09-11T07:00,visakhapatnam_in,Visakhapatnam,India,destination,17.6868,83.2185,weather,5.7,23.0,66,1.2,2840.0,1005.9
2026-09-11T08:00,visakhapatnam_in,Visakhapatnam,India,destination,17.6868,83.2185,weather,4.3,21.6,68,1.2,3380.0,1004.8
2026-09-11T09:00,visakhapatnam_in,Visakhapatnam,India,destination,17.6868,83.2185,weather,3.2,20.2,74,1.2,3900.0,1004.0
2026-09-11T10:00,visakhapatnam_in,Visakhapatnam,India,destination,17.6868,83.2185,weather,3.4,19.8,87,0.2,4860.0,1003.6
2026-09-11T11:00,visakhapatnam_in,Visakhapatnam,India,destination,17.6868,83.2185,weather,4.4,19.4,99,0.2,5840.0,1003.4
2026-09-11T12:00,visakhapatnam_in,Visakhapatnam,India,destination,17.6868,83.2185,weather,4.6,18.7,103,0.2,6800.0,1003.6
2026-09-11T13:00,visakhapatnam_in,Visakhapatnam,India,destination,17.6868,83.2185,weather,3.1,16.9,103,0.3,5700.0,1004.5
2026-09-11T14:00,visakhapatnam_in,Visakhapatnam,India,destination,17.6868,83.2185,weather,0.7,14.4,104,0.3,4600.0,1005.8
2026-09-11T15:00,visakhapatnam_in,Visakhapatnam,India,destination,17.6868,83.2185,weather,1.2,12.2,297,0.3,3500.0,1006.8
2026-09-11T16:00,visakhapatnam_in,Visakhapatnam,India,destination,17.6868,83.2185,weather,2.2,11.2,294,1.4,3400.0,1007.2
2026-09-11T17:00,visakhapatnam_in,Visakhapatnam,India,destination,17.6868,83.2185,weather,2.6,10.1,295,1.4,3280.0,1007.3
2026-09-11T18:00,visakhapatnam_in,Visakhapatnam,India,destination,17.6868,83.2185,weather,3.0,9.7,303,1.4,3180.0,1007.1
2026-09-11T19:00,visakhapatnam_in,Visakhapatnam,India,destination,17.6868,83.2185,weather,3.6,9.7,319,0.2,2420.0,1006.3
2026-09-11T20:00,visakhapatnam_in,Visakhapatnam,India,destination,17.6868,83.2185,weather,4.6,10.1,334,0.2,1680.0,1005.2
2026-09-11T21:00,visakhapatnam_in,Visakhapatnam,India,destination,17.6868,83.2185,weather,5.0,10.4,341,0.2,920.0,1004.5
2026-09-11T22:00,visakhapatnam_in,Visakhapatnam,India,destination,17.6868,83.2185,weather,4.4,10.1,339,0.0,960.0,1004.5
2026-09-11T23:00,visakhapatnam_in,Visakhapatnam,India,destination,17.6868,83.2185,weather,3.1,9.7,332,0.0,1020.0,1004.8
2026-09-12T00:00,visakhapatnam_in,Visakhapatnam,India,destination,17.6868,83.2185,weather,2.0,9.7,315,0.0,1060.0,1005.3
2026-09-12T01:00,visakhapatnam_in,Visakhapatnam,India,destination,17.6868,83.2185,weather,1.5,9.7,284,0.0,4580.0,1006.1
2026-09-12T02:00,visakhapatnam_in,Visakhapatnam,India,destination,17.6868,83.2185,weather,1.6,9.7,243,0.0,8100.0,1007.1
2026-09-12T03:00,visakhapatnam_in,Visakhapatnam,India,destination,17.6868,83.2185,weather,1.9,11.5,197,0.0,11620.0,1007.7
2026-09-12T04:00,visakhapatnam_in,Visakhapatnam,India,destination,17.6868,83.2185,weather,3.6,15.8,147,0.1,9320.0,1007.7
2026-09-12T05:00,visakhapatnam_in,Visakhapatnam,India,destination,17.6868,83.2185,weather,7.0,22.0,130,0.1,7020.0,1007.3
2026-09-12T06:00,visakhapatnam_in,Visakhapatnam,India,destination,17.6868,83.2185,weather,9.4,26.3,126,0.1,4720.0,1006.7
2026-09-12T07:00,visakhapatnam_in,Visakhapatnam,India,destination,17.6868,83.2185,weather,10.3,27.7,130,0.7,5020.0,1005.9
2026-09-12T08:00,visakhapatnam_in,Visakhapatnam,India,destination,17.6868,83.2185,weather,10.3,27.4,137,0.7,5320.0,1005.0
2026-09-12T09:00,visakhapatnam_in,Visakhapatnam,India,destination,17.6868,83.2185,weather,8.8,26.6,141,0.7,5620.0,1004.4
2026-09-12T10:00,visakhapatnam_in,Visakhapatnam,India,destination,17.6868,83.2185,weather,4.6,26.3,135,0.6,5500.0,1004.4
2026-09-12T11:00,visakhapatnam_in,Visakhapatnam,India,destination,17.6868,83.2185,weather,2.0,25.9,10,0.6,5380.0,1004.7
2026-09-12T12:00,visakhapatnam_in,Visakhapatnam,India,destination,17.6868,83.2185,weather,6.0,24.8,344,0.6,5260.0,1005.2
2026-09-12T13:00,visakhapatnam_in,Visakhapatnam,India,destination,17.6868,83.2185,weather,7.2,22.7,347,0.1,5520.0,1006.1
2026-09-12T14:00,visakhapatnam_in,Visakhapatnam,India,destination,17.6868,83.2185,weather,7.1,19.4,354,0.1,5780.0,1007.1
2026-09-12T15:00,visakhapatnam_in,Visakhapatnam,India,destination,17.6868,83.2185,weather,6.7,16.9,360,0.1,6040.0,1007.9
2026-09-12T16:00,visakhapatnam_in,Visakhapatnam,India,destination,17.6868,83.2185,weather,5.9,14.8,358,0.0,5860.0,1008.2
2026-09-12T17:00,visakhapatnam_in,Visakhapatnam,India,destination,17.6868,83.2185,weather,4.7,13.3,353,0.0,5660.0,1008.3
2026-09-12T18:00,visakhapatnam_in,Visakhapatnam,India,destination,17.6868,83.2185,weather,3.7,12.2,349,0.0,5480.0,1008.1
2026-09-12T19:00,visakhapatnam_in,Visakhapatnam,India,destination,17.6868,83.2185,weather,3.0,12.2,343,0.1,5340.0,1007.7
2026-09-12T20:00,visakhapatnam_in,Visakhapatnam,India,destination,17.6868,83.2185,weather,2.7,12.6,340,0.1,5220.0,1007.0
2026-09-12T21:00,visakhapatnam_in,Visakhapatnam,India,destination,17.6868,83.2185,weather,2.4,12.6,347,0.1,5080.0,1006.6
2026-09-12T22:00,visakhapatnam_in,Visakhapatnam,India,destination,17.6868,83.2185,weather,2.5,11.2,4,0.1,4960.0,1006.5
2026-09-12T23:00,visakhapatnam_in,Visakhapatnam,India,destination,17.6868,83.2185,weather,3.2,9.0,19,0.1,4860.0,1006.6
2026-09-13T00:00,visakhapatnam_in,Visakhapatnam,India,destination,17.6868,83.2185,weather,4.2,9.0,31,0.1,4740.0,1006.9
2026-09-13T01:00,visakhapatnam_in,Visakhapatnam,India,destination,17.6868,83.2185,weather,5.7,12.6,37,0.1,4920.0,1007.7
2026-09-13T02:00,visakhapatnam_in,Visakhapatnam,India,destination,17.6868,83.2185,weather,7.4,18.0,41,0.1,5100.0,1008.8
2026-09-13T03:00,visakhapatnam_in,Visakhapatnam,India,destination,17.6868,83.2185,weather,8.3,22.3,46,0.1,5280.0,1009.5
2026-09-13T04:00,visakhapatnam_in,Visakhapatnam,India,destination,17.6868,83.2185,weather,7.8,23.8,56,0.2,5560.0,1009.4
2026-09-13T05:00,visakhapatnam_in,Visakhapatnam,India,destination,17.6868,83.2185,weather,7.2,23.8,72,0.2,5860.0,1008.9
2026-09-13T06:00,visakhapatnam_in,Visakhapatnam,India,destination,17.6868,83.2185,weather,7.0,23.8,86,0.2,6140.0,1008.5
2026-09-13T07:00,visakhapatnam_in,Visakhapatnam,India,destination,17.6868,83.2185,weather,10.8,30.2,58,0.7,4900.0,1008.4
2026-09-13T08:00,visakhapatnam_in,Visakhapatnam,India,destination,17.6868,83.2185,weather,10.3,32.0,54,0.7,4860.0,1007.9
2026-09-13T09:00,visakhapatnam_in,Visakhapatnam,India,destination,17.6868,83.2185,weather,9.3,33.1,49,0.7,4840.0,1007.4
2026-09-13T10:00,visakhapatnam_in,Visakhapatnam,India,destination,17.6868,83.2185,weather,8.4,34.2,42,0.7,4820.0,1006.8
2026-09-13T11:00,visakhapatnam_in,Visakhapatnam,India,destination,17.6868,83.2185,weather,7.6,34.6,34,0.7,4780.0,1006.4
2026-09-13T12:00,visakhapatnam_in,Visakhapatnam,India,destination,17.6868,83.2185,weather,7.2,34.2,27,0.7,4760.0,1006.3
2026-09-13T13:00,visakhapatnam_in,Visakhapatnam,India,destination,17.6868,83.2185,weather,7.3,32.8,20,0.1,5120.0,1006.5
2026-09-13T14:00,visakhapatnam_in,Visakhapatnam,India,destination,17.6868,83.2185,weather,7.4,30.2,14,0.1,5460.0,1007.0
2026-09-13T15:00,visakhapatnam_in,Visakhapatnam,India,destination,17.6868,83.2185,weather,7.8,27.4,8,0.1,5820.0,1007.7
2026-09-13T16:00,visakhapatnam_in,Visakhapatnam,India,destination,17.6868,83.2185,weather,8.1,24.1,4,0.1,6180.0,1008.3
2026-09-13T17:00,visakhapatnam_in,Visakhapatnam,India,destination,17.6868,83.2185,weather,8.5,21.6,2,0.1,6520.0,1008.8
2026-09-13T18:00,visakhapatnam_in,Visakhapatnam,India,destination,17.6868,83.2185,weather,8.7,20.2,4,0.1,6880.0,1009.1
2026-09-13T19:00,visakhapatnam_in,Visakhapatnam,India,destination,17.6868,83.2185,weather,8.7,19.4,8,0.4,7300.0,1009.0
2026-09-13T20:00,visakhapatnam_in,Visakhapatnam,India,destination,17.6868,83.2185,weather,8.7,19.4,17,0.4,7720.0,1008.7
2026-09-13T21:00,visakhapatnam_in,Visakhapatnam,India,destination,17.6868,83.2185,weather,8.9,20.2,27,0.4,8160.0,1008.3
2026-09-13T22:00,visakhapatnam_in,Visakhapatnam,India,destination,17.6868,83.2185,weather,9.4,20.9,36,0.4,8580.0,1007.8
2026-09-13T23:00,visakhapatnam_in,Visakhapatnam,India,destination,17.6868,83.2185,weather,10.1,22.3,43,0.4,9000.0,1007.4
2026-09-07T00:00,vostochny_ru,Vostochny,Russia,origin,42.7415,133.07981,weather,8.1,23.8,65,0.0,38480.0,1012.4
2026-09-07T01:00,vostochny_ru,Vostochny,Russia,origin,42.7415,133.07981,weather,5.9,20.5,79,0.0,38480.0,1012.6
2026-09-07T02:00,vostochny_ru,Vostochny,Russia,origin,42.7415,133.07981,weather,6.3,19.8,105,0.0,38480.0,1011.8
2026-09-07T03:00,vostochny_ru,Vostochny,Russia,origin,42.7415,133.07981,weather,5.5,20.2,128,0.0,38480.0,1011.3
2026-09-07T04:00,vostochny_ru,Vostochny,Russia,origin,42.7415,133.07981,weather,8.8,24.1,141,0.0,38480.0,1010.5
2026-09-07T05:00,vostochny_ru,Vostochny,Russia,origin,42.7415,133.07981,weather,7.3,24.5,160,0.0,35340.0,1009.9
2026-09-07T06:00,vostochny_ru,Vostochny,Russia,origin,42.7415,133.07981,weather,6.3,21.6,207,0.0,35340.0,1009.5
2026-09-07T07:00,vostochny_ru,Vostochny,Russia,origin,42.7415,133.07981,weather,5.8,19.1,216,0.0,35340.0,1009.1
2026-09-07T08:00,vostochny_ru,Vostochny,Russia,origin,42.7415,133.07981,weather,5.4,16.9,188,0.0,35340.0,1008.8
2026-09-07T09:00,vostochny_ru,Vostochny,Russia,origin,42.7415,133.07981,weather,4.7,13.7,157,0.0,31940.0,1008.7
2026-09-07T10:00,vostochny_ru,Vostochny,Russia,origin,42.7415,133.07981,weather,0.9,8.6,259,0.0,31940.0,1009.4
2026-09-07T11:00,vostochny_ru,Vostochny,Russia,origin,42.7415,133.07981,weather,0.6,2.2,326,0.0,31940.0,1009.6
2026-09-07T12:00,vostochny_ru,Vostochny,Russia,origin,42.7415,133.07981,weather,3.1,4.7,320,0.0,31940.0,1010.0
2026-09-07T13:00,vostochny_ru,Vostochny,Russia,origin,42.7415,133.07981,weather,1.4,5.4,310,0.0,31940.0,1009.5
2026-09-07T14:00,vostochny_ru,Vostochny,Russia,origin,42.7415,133.07981,weather,3.2,5.0,286,0.0,31940.0,1009.2
2026-09-07T15:00,vostochny_ru,Vostochny,Russia,origin,42.7415,133.07981,weather,7.5,11.5,318,0.0,31940.0,1008.9
2026-09-07T16:00,vostochny_ru,Vostochny,Russia,origin,42.7415,133.07981,weather,9.5,16.2,323,0.0,27980.0,1008.3
2026-09-07T17:00,vostochny_ru,Vostochny,Russia,origin,42.7415,133.07981,weather,13.6,25.2,323,0.0,28000.0,1008.4
2026-09-07T18:00,vostochny_ru,Vostochny,Russia,origin,42.7415,133.07981,weather,13.6,25.6,330,0.0,18620.0,1007.9
2026-09-07T19:00,vostochny_ru,Vostochny,Russia,origin,42.7415,133.07981,weather,11.9,25.6,354,0.0,31960.0,1007.9
2026-09-07T20:00,vostochny_ru,Vostochny,Russia,origin,42.7415,133.07981,weather,17.6,32.0,353,0.0,31960.0,1008.1
2026-09-07T21:00,vostochny_ru,Vostochny,Russia,origin,42.7415,133.07981,weather,24.5,46.4,358,0.0,19920.0,1008.5
2026-09-07T22:00,vostochny_ru,Vostochny,Russia,origin,42.7415,133.07981,weather,27.9,54.4,358,0.0,31960.0,1009.0
2026-09-07T23:00,vostochny_ru,Vostochny,Russia,origin,42.7415,133.07981,weather,27.5,55.4,352,0.0,35360.0,1009.6
2026-09-08T00:00,vostochny_ru,Vostochny,Russia,origin,42.7415,133.07981,weather,27.1,55.4,349,0.0,35360.0,1010.1
2026-09-08T01:00,vostochny_ru,Vostochny,Russia,origin,42.7415,133.07981,weather,28.0,58.3,347,0.0,35360.0,1010.4
2026-09-08T02:00,vostochny_ru,Vostochny,Russia,origin,42.7415,133.07981,weather,27.0,58.3,345,0.0,38500.0,1010.2
2026-09-08T03:00,vostochny_ru,Vostochny,Russia,origin,42.7415,133.07981,weather,25.9,55.4,344,0.0,38500.0,1010.1
2026-09-08T04:00,vostochny_ru,Vostochny,Russia,origin,42.7415,133.07981,weather,24.4,53.6,343,0.0,38500.0,1010.0
2026-09-08T05:00,vostochny_ru,Vostochny,Russia,origin,42.7415,133.07981,weather,25.6,54.0,339,0.0,38500.0,1009.7
2026-09-08T06:00,vostochny_ru,Vostochny,Russia,origin,42.7415,133.07981,weather,25.7,54.7,341,0.0,38500.0,1009.9
2026-09-08T07:00,vostochny_ru,Vostochny,Russia,origin,42.7415,133.07981,weather,24.4,53.6,341,0.0,38500.0,1010.2
2026-09-08T08:00,vostochny_ru,Vostochny,Russia,origin,42.7415,133.07981,weather,24.4,46.1,342,0.0,38500.0,1010.7
2026-09-08T09:00,vostochny_ru,Vostochny,Russia,origin,42.7415,133.07981,weather,23.2,47.2,344,0.0,38500.0,1011.6
2026-09-08T10:00,vostochny_ru,Vostochny,Russia,origin,42.7415,133.07981,weather,21.3,44.6,342,0.0,38520.0,1012.3
2026-09-08T11:00,vostochny_ru,Vostochny,Russia,origin,42.7415,133.07981,weather,21.3,43.2,343,0.0,38520.0,1013.2
2026-09-08T12:00,vostochny_ru,Vostochny,Russia,origin,42.7415,133.07981,weather,17.0,42.5,337,0.0,38520.0,1013.9
2026-09-08T13:00,vostochny_ru,Vostochny,Russia,origin,42.7415,133.07981,weather,14.4,33.8,332,0.0,38520.0,1013.9
2026-09-08T14:00,vostochny_ru,Vostochny,Russia,origin,42.7415,133.07981,weather,12.8,28.4,329,0.0,38520.0,1014.0
2026-09-08T15:00,vostochny_ru,Vostochny,Russia,origin,42.7415,133.07981,weather,11.6,24.8,327,0.0,38520.0,1014.3
2026-09-08T16:00,vostochny_ru,Vostochny,Russia,origin,42.7415,133.07981,weather,10.3,22.3,320,0.0,38520.0,1014.7
2026-09-08T17:00,vostochny_ru,Vostochny,Russia,origin,42.7415,133.07981,weather,11.3,20.9,314,0.0,35360.0,1014.7
2026-09-08T18:00,vostochny_ru,Vostochny,Russia,origin,42.7415,133.07981,weather,12.6,24.8,314,0.0,35380.0,1014.8
2026-09-08T19:00,vostochny_ru,Vostochny,Russia,origin,42.7415,133.07981,weather,11.1,24.5,317,0.0,35380.0,1014.9
2026-09-08T20:00,vostochny_ru,Vostochny,Russia,origin,42.7415,133.07981,weather,10.9,22.3,322,0.0,35380.0,1015.3
2026-09-08T21:00,vostochny_ru,Vostochny,Russia,origin,42.7415,133.07981,weather,11.8,23.4,327,0.0,35380.0,1016.0
2026-09-08T22:00,vostochny_ru,Vostochny,Russia,origin,42.7415,133.07981,weather,10.8,23.4,327,0.0,35380.0,1016.7
2026-09-08T23:00,vostochny_ru,Vostochny,Russia,origin,42.7415,133.07981,weather,10.5,23.8,325,0.0,35380.0,1017.2
2026-09-09T00:00,vostochny_ru,Vostochny,Russia,origin,42.7415,133.07981,weather,12.0,28.1,327,0.0,38520.0,1017.2
2026-09-09T01:00,vostochny_ru,Vostochny,Russia,origin,42.7415,133.07981,weather,10.7,28.4,307,0.0,38520.0,1017.3
2026-09-09T02:00,vostochny_ru,Vostochny,Russia,origin,42.7415,133.07981,weather,11.7,29.5,319,0.0,42740.0,1016.9
2026-09-09T03:00,vostochny_ru,Vostochny,Russia,origin,42.7415,133.07981,weather,13.0,31.3,338,0.0,42740.0,1016.4
2026-09-09T04:00,vostochny_ru,Vostochny,Russia,origin,42.7415,133.07981,weather,14.1,33.8,341,0.0,42740.0,1016.1
2026-09-09T05:00,vostochny_ru,Vostochny,Russia,origin,42.7415,133.07981,weather,12.8,33.5,344,0.0,49600.0,1015.9
2026-09-09T06:00,vostochny_ru,Vostochny,Russia,origin,42.7415,133.07981,weather,13.6,31.3,352,0.0,49600.0,1015.9
2026-09-09T07:00,vostochny_ru,Vostochny,Russia,origin,42.7415,133.07981,weather,12.6,31.3,1,0.0,49600.0,1016.1
2026-09-09T08:00,vostochny_ru,Vostochny,Russia,origin,42.7415,133.07981,weather,10.5,27.0,357,0.0,38520.0,1016.7
2026-09-09T09:00,vostochny_ru,Vostochny,Russia,origin,42.7415,133.07981,weather,9.9,18.7,350,0.0,38520.0,1017.6
2026-09-09T10:00,vostochny_ru,Vostochny,Russia,origin,42.7415,133.07981,weather,12.7,23.0,353,0.0,38520.0,1017.9
2026-09-09T11:00,vostochny_ru,Vostochny,Russia,origin,42.7415,133.07981,weather,11.3,23.4,2,0.0,38520.0,1018.5
2026-09-09T12:00,vostochny_ru,Vostochny,Russia,origin,42.7415,133.07981,weather,8.1,20.5,355,0.0,38520.0,1019.3
2026-09-09T13:00,vostochny_ru,Vostochny,Russia,origin,42.7415,133.07981,weather,8.8,15.5,1,0.0,38520.0,1019.4
2026-09-09T14:00,vostochny_ru,Vostochny,Russia,origin,42.7415,133.07981,weather,5.4,15.5,20,0.0,38520.0,1019.4
2026-09-09T15:00,vostochny_ru,Vostochny,Russia,origin,42.7415,133.07981,weather,4.6,8.6,26,0.0,38520.0,1019.6
2026-09-09T16:00,vostochny_ru,Vostochny,Russia,origin,42.7415,133.07981,weather,4.3,7.6,15,0.0,35400.0,1019.7
2026-09-09T17:00,vostochny_ru,Vostochny,Russia,origin,42.7415,133.07981,weather,7.2,12.2,360,0.0,35400.0,1019.5
2026-09-09T18:00,vostochny_ru,Vostochny,Russia,origin,42.7415,133.07981,weather,9.9,17.3,2,0.0,35400.0,1019.5
2026-09-09T19:00,vostochny_ru,Vostochny,Russia,origin,42.7415,133.07981,weather,10.5,18.0,5,0.0,35400.0,1019.5
2026-09-09T20:00,vostochny_ru,Vostochny,Russia,origin,42.7415,133.07981,weather,10.4,18.4,8,0.0,35400.0,1019.6
2026-09-09T21:00,vostochny_ru,Vostochny,Russia,origin,42.7415,133.07981,weather,10.2,18.0,8,0.0,35400.0,1019.9
2026-09-09T22:00,vostochny_ru,Vostochny,Russia,origin,42.7415,133.07981,weather,10.5,18.4,7,0.0,35400.0,1020.1
2026-09-09T23:00,vostochny_ru,Vostochny,Russia,origin,42.7415,133.07981,weather,8.3,19.4,4,0.0,35400.0,1020.4
2026-09-10T00:00,vostochny_ru,Vostochny,Russia,origin,42.7415,133.07981,weather,6.8,18.4,360,0.0,38540.0,1020.5
2026-09-10T01:00,vostochny_ru,Vostochny,Russia,origin,42.7415,133.07981,weather,5.7,18.4,336,0.0,42760.0,1020.6
2026-09-10T02:00,vostochny_ru,Vostochny,Russia,origin,42.7415,133.07981,weather,5.9,18.7,284,0.0,42760.0,1020.4
2026-09-10T03:00,vostochny_ru,Vostochny,Russia,origin,42.7415,133.07981,weather,10.3,26.3,257,0.0,42760.0,1019.8
2026-09-10T04:00,vostochny_ru,Vostochny,Russia,origin,42.7415,133.07981,weather,13.5,32.4,251,0.0,38540.0,1019.4
2026-09-10T05:00,vostochny_ru,Vostochny,Russia,origin,42.7415,133.07981,weather,14.4,34.2,252,0.0,14040.0,1019.3
2026-09-10T06:00,vostochny_ru,Vostochny,Russia,origin,42.7415,133.07981,weather,15.1,34.6,255,0.0,12000.0,1019.2
2026-09-10T07:00,vostochny_ru,Vostochny,Russia,origin,42.7415,133.07981,weather,15.3,34.6,258,0.0,11180.0,1019.1
2026-09-10T08:00,vostochny_ru,Vostochny,Russia,origin,42.7415,133.07981,weather,14.8,33.5,261,0.0,11680.0,1019.0
2026-09-10T09:00,vostochny_ru,Vostochny,Russia,origin,42.7415,133.07981,weather,13.3,28.4,268,0.0,13120.0,1019.2
2026-09-10T10:00,vostochny_ru,Vostochny,Russia,origin,42.7415,133.07981,weather,12.5,24.1,282,0.0,35400.0,1019.7
2026-09-10T11:00,vostochny_ru,Vostochny,Russia,origin,42.7415,133.07981,weather,11.1,22.3,295,0.0,35420.0,1020.2
2026-09-10T12:00,vostochny_ru,Vostochny,Russia,origin,42.7415,133.07981,weather,10.4,19.8,300,0.0,35420.0,1020.5
2026-09-10T13:00,vostochny_ru,Vostochny,Russia,origin,42.7415,133.07981,weather,10.6,18.4,302,0.0,35420.0,1020.5
2026-09-10T14:00,vostochny_ru,Vostochny,Russia,origin,42.7415,133.07981,weather,9.7,18.4,309,0.0,32040.0,1020.3
2026-09-10T15:00,vostochny_ru,Vostochny,Russia,origin,42.7415,133.07981,weather,9.2,16.9,318,0.0,32040.0,1020.4
2026-09-10T16:00,vostochny_ru,Vostochny,Russia,origin,42.7415,133.07981,weather,7.9,15.8,330,0.0,32040.0,1020.3
2026-09-10T17:00,vostochny_ru,Vostochny,Russia,origin,42.7415,133.07981,weather,5.3,13.3,336,0.0,32040.0,1020.1
2026-09-10T18:00,vostochny_ru,Vostochny,Russia,origin,42.7415,133.07981,weather,4.7,9.4,337,0.0,32040.0,1020.1
2026-09-10T19:00,vostochny_ru,Vostochny,Russia,origin,42.7415,133.07981,weather,4.8,8.6,338,0.0,32040.0,1020.0
2026-09-10T20:00,vostochny_ru,Vostochny,Russia,origin,42.7415,133.07981,weather,4.3,8.6,338,0.0,11300.0,1019.9
2026-09-10T21:00,vostochny_ru,Vostochny,Russia,origin,42.7415,133.07981,weather,3.0,7.2,343,0.0,1140.0,1019.9
2026-09-10T22:00,vostochny_ru,Vostochny,Russia,origin,42.7415,133.07981,weather,3.6,6.5,330,0.0,800.0,1020.2
2026-09-10T23:00,vostochny_ru,Vostochny,Russia,origin,42.7415,133.07981,weather,5.0,13.3,285,0.0,23880.0,1020.3
2026-09-11T00:00,vostochny_ru,Vostochny,Russia,origin,42.7415,133.07981,weather,9.8,24.5,264,0.0,12480.0,1020.4
2026-09-11T01:00,vostochny_ru,Vostochny,Russia,origin,42.7415,133.07981,weather,12.1,29.2,258,0.0,18000.0,1020.4
2026-09-11T02:00,vostochny_ru,Vostochny,Russia,origin,42.7415,133.07981,weather,14.2,33.5,254,0.0,23500.0,1020.3
2026-09-11T03:00,vostochny_ru,Vostochny,Russia,origin,42.7415,133.07981,weather,15.4,36.4,251,0.0,29020.0,1020.1
2026-09-11T04:00,vostochny_ru,Vostochny,Russia,origin,42.7415,133.07981,weather,15.6,37.4,249,0.0,24160.0,1019.9
2026-09-11T05:00,vostochny_ru,Vostochny,Russia,origin,42.7415,133.07981,weather,14.8,37.4,247,0.0,19280.0,1019.6
2026-09-11T06:00,vostochny_ru,Vostochny,Russia,origin,42.7415,133.07981,weather,13.8,36.7,246,0.0,14420.0,1019.5
2026-09-11T07:00,vostochny_ru,Vostochny,Russia,origin,42.7415,133.07981,weather,12.2,36.0,245,0.0,11680.0,1019.5
2026-09-11T08:00,vostochny_ru,Vostochny,Russia,origin,42.7415,133.07981,weather,10.1,34.9,243,0.0,8960.0,1019.7
2026-09-11T09:00,vostochny_ru,Vostochny,Russia,origin,42.7415,133.07981,weather,8.4,32.4,245,0.0,6220.0,1019.9
2026-09-11T10:00,vostochny_ru,Vostochny,Russia,origin,42.7415,133.07981,weather,7.2,27.4,251,0.0,7640.0,1020.3
2026-09-11T11:00,vostochny_ru,Vostochny,Russia,origin,42.7415,133.07981,weather,6.7,20.5,262,0.0,9060.0,1020.8
2026-09-11T12:00,vostochny_ru,Vostochny,Russia,origin,42.7415,133.07981,weather,6.5,15.8,272,0.0,10480.0,1021.2
2026-09-11T13:00,vostochny_ru,Vostochny,Russia,origin,42.7415,133.07981,weather,6.7,14.4,276,0.0,15360.0,1021.2
2026-09-11T14:00,vostochny_ru,Vostochny,Russia,origin,42.7415,133.07981,weather,7.1,15.1,279,0.0,20220.0,1021.1
2026-09-11T15:00,vostochny_ru,Vostochny,Russia,origin,42.7415,133.07981,weather,6.7,15.1,284,0.0,25100.0,1021.0
2026-09-11T16:00,vostochny_ru,Vostochny,Russia,origin,42.7415,133.07981,weather,5.2,14.0,299,0.0,16780.0,1020.9
2026-09-11T17:00,vostochny_ru,Vostochny,Russia,origin,42.7415,133.07981,weather,4.0,12.6,333,0.0,8460.0,1020.7
2026-09-11T18:00,vostochny_ru,Vostochny,Russia,origin,42.7415,133.07981,weather,4.5,11.9,5,0.0,140.0,1020.7
2026-09-11T19:00,vostochny_ru,Vostochny,Russia,origin,42.7415,133.07981,weather,5.7,11.9,13,0.0,140.0,1020.9
2026-09-11T20:00,vostochny_ru,Vostochny,Russia,origin,42.7415,133.07981,weather,6.9,12.6,14,0.0,120.0,1021.2
2026-09-11T21:00,vostochny_ru,Vostochny,Russia,origin,42.7415,133.07981,weather,7.0,13.3,12,0.0,120.0,1021.6
2026-09-11T22:00,vostochny_ru,Vostochny,Russia,origin,42.7415,133.07981,weather,6.0,13.7,5,0.0,9460.0,1022.0
2026-09-11T23:00,vostochny_ru,Vostochny,Russia,origin,42.7415,133.07981,weather,4.6,13.7,347,0.0,18820.0,1022.4
2026-09-12T00:00,vostochny_ru,Vostochny,Russia,origin,42.7415,133.07981,weather,3.8,15.1,311,0.0,28160.0,1022.7
2026-09-12T01:00,vostochny_ru,Vostochny,Russia,origin,42.7415,133.07981,weather,5.0,18.7,270,0.0,20160.0,1022.8
2026-09-12T02:00,vostochny_ru,Vostochny,Russia,origin,42.7415,133.07981,weather,7.7,23.4,249,0.0,12180.0,1022.8
2026-09-12T03:00,vostochny_ru,Vostochny,Russia,origin,42.7415,133.07981,weather,10.1,27.0,243,0.0,4180.0,1022.7
2026-09-12T04:00,vostochny_ru,Vostochny,Russia,origin,42.7415,133.07981,weather,11.4,29.2,243,0.0,6300.0,1022.6
2026-09-12T05:00,vostochny_ru,Vostochny,Russia,origin,42.7415,133.07981,weather,11.5,30.2,245,0.0,8400.0,1022.5
2026-09-12T06:00,vostochny_ru,Vostochny,Russia,origin,42.7415,133.07981,weather,11.2,30.6,248,0.0,10520.0,1022.4
2026-09-12T07:00,vostochny_ru,Vostochny,Russia,origin,42.7415,133.07981,weather,10.1,30.6,251,0.0,10860.0,1022.4
2026-09-12T08:00,vostochny_ru,Vostochny,Russia,origin,42.7415,133.07981,weather,8.5,30.2,257,0.0,11180.0,1022.5
2026-09-12T09:00,vostochny_ru,Vostochny,Russia,origin,42.7415,133.07981,weather,7.1,28.1,261,0.0,11520.0,1022.7
2026-09-12T10:00,vostochny_ru,Vostochny,Russia,origin,42.7415,133.07981,weather,6.4,23.4,260,0.0,14800.0,1023.1
2026-09-12T11:00,vostochny_ru,Vostochny,Russia,origin,42.7415,133.07981,weather,6.0,17.6,254,0.0,18080.0,1023.6
2026-09-12T12:00,vostochny_ru,Vostochny,Russia,origin,42.7415,133.07981,weather,5.2,13.0,254,0.0,21360.0,1023.9
2026-09-12T13:00,vostochny_ru,Vostochny,Russia,origin,42.7415,133.07981,weather,3.8,10.8,270,0.0,14280.0,1023.8
2026-09-12T14:00,vostochny_ru,Vostochny,Russia,origin,42.7415,133.07981,weather,3.1,9.7,310,0.0,7220.0,1023.5
2026-09-12T15:00,vostochny_ru,Vostochny,Russia,origin,42.7415,133.07981,weather,4.0,9.4,342,0.0,140.0,1023.2
2026-09-12T16:00,vostochny_ru,Vostochny,Russia,origin,42.7415,133.07981,weather,5.1,9.4,354,0.0,140.0,1023.0
2026-09-12T17:00,vostochny_ru,Vostochny,Russia,origin,42.7415,133.07981,weather,5.9,10.1,358,0.0,120.0,1022.7
2026-09-12T18:00,vostochny_ru,Vostochny,Russia,origin,42.7415,133.07981,weather,6.5,11.2,2,0.0,120.0,1022.6
2026-09-12T19:00,vostochny_ru,Vostochny,Russia,origin,42.7415,133.07981,weather,7.1,13.0,6,0.0,200.0,1022.6
2026-09-12T20:00,vostochny_ru,Vostochny,Russia,origin,42.7415,133.07981,weather,7.3,14.8,10,0.0,280.0,1022.6
2026-09-12T21:00,vostochny_ru,Vostochny,Russia,origin,42.7415,133.07981,weather,6.6,16.2,16,0.0,360.0,1022.7
2026-09-12T22:00,vostochny_ru,Vostochny,Russia,origin,42.7415,133.07981,weather,4.4,16.2,35,0.0,1440.0,1022.8
2026-09-12T23:00,vostochny_ru,Vostochny,Russia,origin,42.7415,133.07981,weather,3.2,15.5,90,0.0,2520.0,1022.8
2026-09-13T00:00,vostochny_ru,Vostochny,Russia,origin,42.7415,133.07981,weather,5.1,16.2,129,0.0,3600.0,1022.8
2026-09-13T01:00,vostochny_ru,Vostochny,Russia,origin,42.7415,133.07981,weather,7.1,19.1,139,0.0,5880.0,1022.7
2026-09-13T02:00,vostochny_ru,Vostochny,Russia,origin,42.7415,133.07981,weather,8.9,23.4,142,0.0,8180.0,1022.5
2026-09-13T03:00,vostochny_ru,Vostochny,Russia,origin,42.7415,133.07981,weather,9.7,26.3,146,0.0,10460.0,1022.3
2026-09-13T04:00,vostochny_ru,Vostochny,Russia,origin,42.7415,133.07981,weather,9.1,27.0,153,0.0,9280.0,1021.9
2026-09-13T05:00,vostochny_ru,Vostochny,Russia,origin,42.7415,133.07981,weather,7.9,27.0,163,0.0,8120.0,1021.5
2026-09-13T06:00,vostochny_ru,Vostochny,Russia,origin,42.7415,133.07981,weather,7.1,26.6,171,0.0,6940.0,1021.2
2026-09-13T07:00,vostochny_ru,Vostochny,Russia,origin,42.7415,133.07981,weather,12.0,33.5,125,0.0,18720.0,1022.1
2026-09-13T08:00,vostochny_ru,Vostochny,Russia,origin,42.7415,133.07981,weather,12.2,33.1,124,0.0,20620.0,1022.0
2026-09-13T09:00,vostochny_ru,Vostochny,Russia,origin,42.7415,133.07981,weather,12.0,32.4,123,0.0,22540.0,1021.9
2026-09-13T10:00,vostochny_ru,Vostochny,Russia,origin,42.7415,133.07981,weather,11.9,31.0,121,0.0,24440.0,1021.8
2026-09-13T11:00,vostochny_ru,Vostochny,Russia,origin,42.7415,133.07981,weather,11.7,29.9,119,0.0,26340.0,1021.6
2026-09-13T12:00,vostochny_ru,Vostochny,Russia,origin,42.7415,133.07981,weather,11.4,28.8,115,0.0,28240.0,1021.4
2026-09-13T13:00,vostochny_ru,Vostochny,Russia,origin,42.7415,133.07981,weather,10.9,27.7,110,0.0,23860.0,1021.1
2026-09-13T14:00,vostochny_ru,Vostochny,Russia,origin,42.7415,133.07981,weather,10.3,26.3,101,0.0,19480.0,1020.7
2026-09-13T15:00,vostochny_ru,Vostochny,Russia,origin,42.7415,133.07981,weather,9.9,24.8,91,0.0,15100.0,1020.2
2026-09-13T16:00,vostochny_ru,Vostochny,Russia,origin,42.7415,133.07981,weather,9.8,23.4,82,0.0,10720.0,1019.7
2026-09-13T17:00,vostochny_ru,Vostochny,Russia,origin,42.7415,133.07981,weather,9.9,22.3,74,0.0,6340.0,1019.4
2026-09-13T18:00,vostochny_ru,Vostochny,Russia,origin,42.7415,133.07981,weather,9.7,21.2,72,0.0,1960.0,1019.1
2026-09-13T19:00,vostochny_ru,Vostochny,Russia,origin,42.7415,133.07981,weather,9.2,20.5,74,0.0,5240.0,1019.0
2026-09-13T20:00,vostochny_ru,Vostochny,Russia,origin,42.7415,133.07981,weather,8.7,20.2,83,0.0,8540.0,1019.0
2026-09-13T21:00,vostochny_ru,Vostochny,Russia,origin,42.7415,133.07981,weather,8.3,19.8,95,0.0,11820.0,1019.1
2026-09-13T22:00,vostochny_ru,Vostochny,Russia,origin,42.7415,133.07981,weather,8.3,19.8,108,0.0,15100.0,1019.2
2026-09-13T23:00,vostochny_ru,Vostochny,Russia,origin,42.7415,133.07981,weather,8.4,19.8,121,0.0,18400.0,1019.2
