report_filename,report_traffic_date,report_held_on,movement_date,movement_timestamp,vessel_name,vessel_name_normalized,purpose,berth,movement_time,loa_m,beam_m,draft_m,cargo,quantity_mt,remarks,source_page,source_text
dtr0710.pdf,2025-10-06,2025-10-07,2025-10-07,2025-10-07T02:18:00,RIPLEY PROGRESS,RIPLEY PROGRESS,BERTHS,EQ-3,02:18,225.0,32.26,14.5,TH.COAL,45000.0,,7,"07-10-25 EQ-3MV. RIPLEY PROGRESS BERTHS 225.00 TH.COAL 02:18 45,000 32.26 14.50"
dtr0710.pdf,2025-10-06,2025-10-07,2025-10-07,2025-10-07T08:30:00,SANMAR SLOKA,SANMAR SLOKA,BERTHS,NOJ,08:30,228.0,32.24,0.0,HSD,11000.0,,7,"07-10-25 NOJMT. SANMAR SLOKA BERTHS 228.00 HSD 08:30 11,000 32.24 0.00"
dtr0710.pdf,2025-10-06,2025-10-07,2025-10-07,2025-10-07T09:30:00,EUROSUN,EUROSUN,BERTHS,FB-2,09:30,180.0,30.0,9.98,ROCK PHOS.,33300.0,,7,"07-10-25 FB-2MV. EUROSUN BERTHS 180.00 ROCK PHOS. 09:30 33,300 30.00 9.98"
dtr0710.pdf,2025-10-06,2025-10-07,2025-10-07,2025-10-07T10:00:00,VISHVA MALHAR,VISHVA MALHAR,SAILS,CQ-2,10:00,189.99,32.26,12.8,LM. ST.,27457.0,,7,"07-10-25 CQ-2MV. VISHVA MALHAR SAILS 189.99 LM. ST. 10:00 27,457 32.26 12.80"
dtr0710.pdf,2025-10-06,2025-10-07,2025-10-07,2025-10-07T11:00:00,PAC CAPELLA,PAC CAPELLA,BERTHS,CQ-1/CQ-2,11:00,180.0,27.0,9.5,M. COKE,11000.0,WHICHEVER BERTH GETS VACANT FIRST,7,"07-10-25 CQ-1/CQ-2MV. PAC CAPELLA BERTHS 180.00 M. COKE 11:00 WHICHEVER BERTH GETS VACANT FIRST 11,000 27.00 9.50"
dtr0710.pdf,2025-10-06,2025-10-07,2025-10-07,2025-10-07T12:00:00,FLAG EVI,FLAG EVI,SAILS,CQ-3,12:00,228.9,32.26,0.0,I.ORE PELLET,80000.0,,7,"07-10-25 CQ-3MV. FLAG EVI SAILS 228.90 I.ORE PELLET 12:00 80,000 32.26 0.00"
dtr0710.pdf,2025-10-06,2025-10-07,2025-10-07,2025-10-07T13:00:00,APJ SETHU,APJ SETHU,SAILS,CB-1,13:00,224.86,32.26,14.5,TH.COAL,79370.0,,7,"07-10-25 CB-1MV. APJ SETHU SAILS 224.86 TH.COAL 13:00 79,370 32.26 0.00 07-10-25 CB-1MV. CHOLA LEGACY REBERTHS 228.99 TH.COAL 13:30 ON A/C VESSEL(WHICHEVER VESSEL TENDR NOR FIRST) 32.26 14.50"
dtr0710.pdf,2025-10-06,2025-10-07,2025-10-07,2025-10-07T13:30:00,JAL VAIBHAV,JAL VAIBHAV,BERTHS,CB-1,13:30,228.05,36.5,0.0,TH.COAL,85000.0,WHICHEVER VESSEL TENDR NOR FIRST,7,"07-10-25 CB-1MV. JAL VAIBHAV BERTHS 228.05 TH.COAL 13:30 WHICHEVER VESSEL TENDR NOR FIRST 85,000 36.50 0.00"
dtr0710.pdf,2025-10-06,2025-10-07,2025-10-07,2025-10-07T16:00:00,DECCAN PRIDE,DECCAN PRIDE,SAILS,EQ-2,16:00,225.0,32.26,14.5,TH.COAL,76684.0,,7,"07-10-25 EQ-2MV. DECCAN PRIDE SAILS 225.00 TH.COAL 16:00 76,684 32.26 14.50"
dtr0710.pdf,2025-10-06,2025-10-07,2025-10-07,2025-10-07T20:00:00,LEO MARIS,LEO MARIS,SAILS,SOJ,20:00,183.22,32.2,7.7,NAPTHA,35000.0,,7,"07-10-25 SOJMT. LEO MARIS SAILS 183.22 NAPTHA 20:00 35,000 32.20 7.70"
dtr0710.pdf,2025-10-06,2025-10-07,2025-10-07,2025-10-07T20:30:00,BW PINE,BW PINE,BERTHS,SOJ,20:30,226.0,37.2,11.7,BUTANE/PROPA NE,21400.0,,7,"07-10-25 SOJMT. BW PINE BERTHS 226.00 BUTANE/PROPA NE 20:30 21,400 37.20 11.70"
dtr0710.pdf,2025-10-06,2025-10-07,2025-10-07,2025-10-07T20:45:00,AM UMANG,AM UMANG,SAILS,MPB,20:45,228.99,32.31,14.5,LM. ST./PYROXENIT,41002.0,,7,"07-10-25 MPBMV. AM UMANG SAILS 228.99 LM. ST./PYROXENIT 20:45 41,002 32.31 14.50"
dtr0710.pdf,2025-10-06,2025-10-07,2025-10-07,2025-10-07T21:00:00,AKOUR II,AKOUR II,SAILS,FB-1,21:00,197.0,28.4,10.1,ROCK PHOS.,56400.0,,7,"07-10-25 FB-1MV. AKOUR II SAILS 197.00 ROCK PHOS. 21:00 56,400 32.26 12.83 07-10-25 FB-1MV. GOLDEN BRIGHT REBERTHS 177.00 A. SULPHATE 21:30 ON A/C PPL 31,450 28.40 10.10"
dtr0710.pdf,2025-10-06,2025-10-07,2025-10-07,2025-10-07T22:30:00,NAVIOS CORAL,NAVIOS CORAL,SAILS,KICT,22:30,228.95,35.05,14.5,C.COAL,81620.0,,7,"07-10-25 KICTMV. NAVIOS CORAL SAILS 228.95 C.COAL 22:30 81,620 35.05 14.50"
dtr0710.pdf,2025-10-06,2025-10-07,2025-10-07,2025-10-07T23:00:00,ARETHOUSA,ARETHOUSA,BERTHS,KICT,23:00,225.0,32.2,14.55,C.COAL,40445.0,,7,"07-10-25 KICTMV. ARETHOUSA BERTHS 225.00 C.COAL 23:00 40,445 32.20 14.55"
dtr0710.pdf,2025-10-06,2025-10-07,2025-10-08,2025-10-08T01:00:00,BULKER BEE 30,BULKER BEE 30,SAILS,PICT-2,01:00,185.14,30.06,0.0,STEEL SLAB,27059.0,,7,"08-10-25 PICT-2MV. BULKER BEE 30 SAILS 185.14 STEEL SLAB 01:00 27,059 30.06 0.00"
dtr0810.pdf,2025-10-07,2025-10-08,2025-10-08,2025-10-08T03:00:00,FRANBO PROSPECT,FRANBO PROSPECT,BERTHS,NQ-2,03:00,114.8,18.8,7.5,FE.CR,6000.0,,7,"08-10-25 NQ-2MV. FRANBO PROSPECT BERTHS 114.80 FE.CR 03:00 6,000 18.80 7.50"
dtr0710.pdf,2025-10-06,2025-10-07,2025-10-08,2025-10-08T04:00:00,CHOLA TREASURE,CHOLA TREASURE,SAILS,CB-2,04:00,225.0,32.26,14.5,TH.COAL,74600.0,,7,"08-10-25 CB-2MV. CHOLA TREASURE SAILS 225.00 TH.COAL 04:00 74,600 32.26 0.00 08-10-25 CB-2MV. CHOLA LEGACY REBERTHS 228.99 TH.COAL 04:30 ON A/C VESSEL 32.26 14.50"
dtr0710.pdf,2025-10-06,2025-10-07,2025-10-08,2025-10-08T05:00:00,RIPLEY PROGRESS,RIPLEY PROGRESS,SAILS,EQ-3,05:00,225.0,32.26,14.5,TH.COAL,44503.0,,7,"08-10-25 EQ-3MV. RIPLEY PROGRESS SAILS 225.00 TH.COAL 05:00 44,503 32.26 14.50"
dtr0710.pdf,2025-10-06,2025-10-07,2025-10-08,2025-10-08T06:00:00,ADAMAR,ADAMAR,SAILS,NQ-3,06:00,147.55,23.0,8.27,A. NITRATE,14532.0,,7,"08-10-25 NQ-3MV. ADAMAR SAILS 147.55 A. NITRATE 06:00 14,532 23.00 8.27"
dtr0810.pdf,2025-10-07,2025-10-08,2025-10-08,2025-10-08T06:30:00,ADAMAR,ADAMAR,SAILS,NQ-3,06:30,147.55,23.0,8.27,A. NITRATE,14532.0,,7,"08-10-25 NQ-3MV. ADAMAR SAILS 147.55 A. NITRATE 06:30 14,532 23.00 8.27"
dtr0710.pdf,2025-10-06,2025-10-07,2025-10-08,2025-10-08T06:30:00,NAVE ALLEGRO,NAVE ALLEGRO,BERTHS,SPM-3,06:30,339.4,60.0,19.6,CRUDE OIL,269962.0,,7,"08-10-25 SPM-3MT. NAVE ALLEGRO BERTHS 339.40 CRUDE OIL 06:30 269,962 60.00 19.60"
dtr0710.pdf,2025-10-06,2025-10-07,2025-10-08,2025-10-08T07:00:00,GUL BANO,GUL BANO,SAILS,CQ-1,07:00,189.99,32.26,12.78,I.ORE,56350.0,,7,"08-10-25 CQ-1MV. GUL BANO SAILS 189.99 I.ORE 07:00 56,350 32.26 12.78"
dtr0810.pdf,2025-10-07,2025-10-08,2025-10-08,2025-10-08T07:18:00,SANMAR SLOKA,SANMAR SLOKA,SAILS,NOJ,07:18,228.0,32.24,0.0,HSD,11174.0,,7,"08-10-25 NOJMT. SANMAR SLOKA SAILS 228.00 HSD 07:18 11,174 32.24 0.00"
dtr0710.pdf,2025-10-06,2025-10-07,2025-10-08,2025-10-08T08:00:00,DUKE I,DUKE I,BERTHS,CQ-1/CQ-2,08:00,229.0,32.24,10.0,C.COAL,40000.0,WHICHEVER BERTH GETS VACANT LATER,7,"08-10-25 CQ-1/CQ-2MV. DUKE I BERTHS 229.00 C.COAL 08:00 WHICHEVER BERTH GETS VACANT LATER 40,000 32.24 10.00"
dtr0810.pdf,2025-10-07,2025-10-08,2025-10-08,2025-10-08T09:06:00,ARETHOUSA,ARETHOUSA,BERTHS,KICT,09:06,225.0,32.2,14.55,C.COAL,40445.0,,7,"08-10-25 KICTMV. ARETHOUSA BERTHS 225.00 C.COAL 09:06 40,445 32.20 14.55"
dtr0810.pdf,2025-10-07,2025-10-08,2025-10-08,2025-10-08T09:30:00,NAVE ALLEGRO,NAVE ALLEGRO,BERTHS,SPM-3,09:30,339.4,60.0,19.6,CRUDE OIL,269962.0,,7,"08-10-25 SPM-3MT. NAVE ALLEGRO BERTHS 339.40 CRUDE OIL 09:30 269,962 60.00 19.60"
dtr0810.pdf,2025-10-07,2025-10-08,2025-10-08,2025-10-08T09:54:00,TORM DAGNY,TORM DAGNY,BERTHS,NOJ,09:54,183.06,32.2,10.5,HSD,30000.0,,7,"08-10-25 NOJMT. TORM DAGNY BERTHS 183.06 HSD 09:54 30,000 32.20 10.50"
dtr0710.pdf,2025-10-06,2025-10-07,2025-10-08,2025-10-08T10:00:00,KING MILO,KING MILO,SAILS,NIOB,10:00,225.0,32.26,0.0,I.ORE,74966.0,,7,"08-10-25 NIOBMV. KING MILO SAILS 225.00 I.ORE 10:00 74,966 32.26 0.00"
dtr0810.pdf,2025-10-07,2025-10-08,2025-10-08,2025-10-08T10:30:00,CHOLA TREASURE,CHOLA TREASURE,SAILS,CB-2,10:30,225.0,32.26,0.0,TH.COAL,74600.0,,7,"08-10-25 CB-2MV. CHOLA TREASURE SAILS 225.00 TH.COAL 10:30 74,600 32.26 0.00"
dtr0710.pdf,2025-10-06,2025-10-07,2025-10-08,2025-10-08T10:30:00,GANESHWAR,GANESHWAR,BERTHS,NQ-2,10:30,72.0,14.0,3.0,GYPSUM,1800.0,,7,"08-10-25 NQ-2MV. GANESHWAR BERTHS 72.00 GYPSUM 10:30 1,800 14.00 3.00"
dtr0810.pdf,2025-10-07,2025-10-08,2025-10-08,2025-10-08T11:00:00,JAG RADHA,JAG RADHA,BERTHS,CB-2,11:00,189.99,32.26,13.0,TH.COAL,57000.0,MGT PRIORITY,7,"08-10-25 CB-2MV. JAG RADHA BERTHS 189.99 TH.COAL 11:00 MGT PRIORITY 57,000 32.26 13.00"
dtr0710.pdf,2025-10-06,2025-10-07,2025-10-08,2025-10-08T11:00:00,NISSOS HERACLEA,NISSOS HERACLEA,BERTHS,SPM-2,11:00,336.17,60.0,0.0,CRUDE OIL,293735.0,,7,"08-10-25 SPM-2MT. NISSOS HERACLEA BERTHS 336.17 CRUDE OIL 11:00 293,735 60.00 0.00"
dtr0810.pdf,2025-10-07,2025-10-08,2025-10-08,2025-10-08T11:30:00,GANESHWAR,GANESHWAR,BERTHS,NQ-3,11:30,72.0,14.0,3.0,GYPSUM,1800.0,,7,"08-10-25 NQ-3MV. GANESHWAR BERTHS 72.00 GYPSUM 11:30 1,800 14.00 3.00"
dtr0810.pdf,2025-10-07,2025-10-08,2025-10-08,2025-10-08T12:00:00,SKOPELOS,SKOPELOS,BERTHS,SPM-2,12:00,330.0,60.0,21.0,CRUDE OIL,280093.0,,7,"08-10-25 SPM-2MT. SKOPELOS BERTHS 330.00 CRUDE OIL 12:00 280,093 60.00 21.00"
dtr0810.pdf,2025-10-07,2025-10-08,2025-10-08,2025-10-08T14:00:00,KING MILO,KING MILO,SAILS,NIOB,14:00,225.0,32.26,0.0,I.ORE,74966.0,,7,"08-10-25 NIOBMV. KING MILO SAILS 225.00 I.ORE 14:00 74,966 32.26 0.00"
dtr0810.pdf,2025-10-07,2025-10-08,2025-10-08,2025-10-08T16:00:00,RIPLEY PROGRESS,RIPLEY PROGRESS,SAILS,EQ-2,16:00,225.0,32.26,14.5,TH.COAL,44503.0,,7,"08-10-25 EQ-2MV. RIPLEY PROGRESS SAILS 225.00 TH.COAL 16:00 44,503 32.26 14.50"
dtr0810.pdf,2025-10-07,2025-10-08,2025-10-08,2025-10-08T16:30:00,INLACO HARMONY,INLACO HARMONY,SAILS,PICT,16:30,176.83,28.8,9.75,UREA,30000.0,,7,"08-10-25 PICTMV. INLACO HARMONY SAILS 176.83 UREA 16:30 30,000 28.80 9.75"
dtr0810.pdf,2025-10-07,2025-10-08,2025-10-08,2025-10-08T17:00:00,YIN NENG,YIN NENG,BERTHS,PICT,17:00,190.0,32.26,0.0,STEEL SLAB,16000.0,,7,"08-10-25 PICTMV. YIN NENG BERTHS 190.00 STEEL SLAB 17:00 16,000 32.26 0.00"
dtr0810.pdf,2025-10-07,2025-10-08,2025-10-09,2025-10-09T00:30:00,JAL VAIBHAV,JAL VAIBHAV,SAILS,CB-1,00:30,228.05,32.26,14.5,TH.COAL,85017.0,,7,"09-10-25 CB-1MV. JAL VAIBHAV SAILS 228.05 TH.COAL 00:30 85,017 36.50 0.00 09-10-25 CB-1MV. CHOLA LEGACY REBERTHS 228.99 TH.COAL 01:00 ON A/C VESSEL 32.26 14.50"
dtr0810.pdf,2025-10-07,2025-10-08,2025-10-09,2025-10-09T05:00:00,EUROSUN,EUROSUN,SAILS,FB-2,05:00,180.0,30.0,9.98,ROCK PHOS.,33300.0,,7,"09-10-25 FB-2MV. EUROSUN SAILS 180.00 ROCK PHOS. 05:00 33,300 30.00 9.98"
dtr0810.pdf,2025-10-07,2025-10-08,2025-10-09,2025-10-09T07:45:00,YM THERESA,YM THERESA,BERTHS,CQ-1,07:45,228.9,32.26,14.5,C.COAL,79963.0,,7,"09-10-25 CQ-1MV. YM THERESA BERTHS 228.90 C.COAL 07:45 79,963 32.26 14.50"
dtr0910.pdf,2025-10-08,2025-10-09,2025-10-09,2025-10-09T08:48:00,YM THERESA,YM THERESA,BERTHS,CQ-1,08:48,228.9,32.26,14.5,C.COAL,79963.0,,7,"09-10-25 CQ-1MV. YM THERESA BERTHS 228.90 C.COAL 08:48 79,963 32.26 14.50"
dtr0910.pdf,2025-10-08,2025-10-09,2025-10-09,2025-10-09T10:00:00,EUROSUN,EUROSUN,SAILS,FB-2,10:00,180.0,30.0,9.98,ROCK PHOS.,33300.0,,7,"09-10-25 FB-2MV. EUROSUN SAILS 180.00 ROCK PHOS. 10:00 33,300 30.00 9.98"
dtr0910.pdf,2025-10-08,2025-10-09,2025-10-09,2025-10-09T10:30:00,DRISHTI,DRISHTI,BERTHS,NQ-3,10:30,71.0,14.2,0.0,GYPSUM,3200.0,,7,"09-10-25 NQ-3MV. DRISHTI BERTHS 71.00 GYPSUM 10:30 3,200 14.20 0.00"
dtr0810.pdf,2025-10-07,2025-10-08,2025-10-09,2025-10-09T10:30:00,SSL SABARIMALAI,SSL SABARIMALAI,BERTHS,PICT-2,10:30,143.15,22.8,0.0,CONTAINER,5286.0,,7,"09-10-25 PICT-2MV. SSL SABARIMALAI BERTHS 143.15 CONTAINER 10:30 5,286 22.80 0.00"
dtr0910.pdf,2025-10-08,2025-10-09,2025-10-09,2025-10-09T11:00:00,ARETHOUSA,ARETHOUSA,SAILS,KICT,11:00,225.0,32.2,14.55,C.COAL,40445.0,,7,"09-10-25 KICTMV. ARETHOUSA SAILS 225.00 C.COAL 11:00 40,445 32.20 14.55"
dtr0810.pdf,2025-10-07,2025-10-08,2025-10-09,2025-10-09T11:00:00,PAC CAPELLA,PAC CAPELLA,SAILS,CQ-2,11:00,180.0,27.0,9.5,M. COKE,11000.0,,7,"09-10-25 CQ-2MV. PAC CAPELLA SAILS 180.00 M. COKE 11:00 11,000 27.00 9.50"
dtr0810.pdf,2025-10-07,2025-10-08,2025-10-09,2025-10-09T11:30:00,DRISHTI,DRISHTI,BERTHS,NQ-3,11:30,71.0,14.2,0.0,GYPSUM,3200.0,,7,"09-10-25 NQ-3MV. DRISHTI BERTHS 71.00 GYPSUM 11:30 3,200 14.20 0.00"
dtr0910.pdf,2025-10-08,2025-10-09,2025-10-09,2025-10-09T11:30:00,XIN HAI TONG 805,XIN HAI TONG 805,BERTHS,KICT,11:30,229.04,32.26,14.6,PCI COAL,78604.0,,7,"09-10-25 KICTMV. XIN HAI TONG 805 BERTHS 229.04 PCI COAL 11:30 78,604 32.26 14.60"
dtr0910.pdf,2025-10-08,2025-10-09,2025-10-09,2025-10-09T16:00:00,PAC CAPELLA,PAC CAPELLA,SAILS,CQ-2,16:00,180.0,27.0,9.5,M. COKE,11000.0,,7,"09-10-25 CQ-2MV. PAC CAPELLA SAILS 180.00 M. COKE 16:00 11,000 27.00 9.50"
dtr0910.pdf,2025-10-08,2025-10-09,2025-10-09,2025-10-09T16:30:00,FRANBO PROSPECT,FRANBO PROSPECT,SAILS,NQ-2,16:30,114.8,18.8,7.5,FE.CR,6000.0,,7,"09-10-25 NQ-2MV. FRANBO PROSPECT SAILS 114.80 FE.CR 16:30 6,000 18.80 7.50"
dtr0910.pdf,2025-10-08,2025-10-09,2025-10-09,2025-10-09T17:00:00,DRISHTI,DRISHTI,SAILS,NQ-3,17:00,71.0,32.0,10.8,GYPSUM,21250.0,14.20 0.00 09-10-25 CQ-3MV. ROSTRUM SINGAPORE SHIFTS 179.95 A. NITRATE 18:00 ON A/C PORT,7,"09-10-25 NQ-3MV. DRISHTI SAILS 71.00 GYPSUM 17:00 14.20 0.00 09-10-25 CQ-3MV. ROSTRUM SINGAPORE SHIFTS 179.95 A. NITRATE 18:00 ON A/C PORT 21,250 32.00 10.80"
dtr0910.pdf,2025-10-08,2025-10-09,2025-10-09,2025-10-09T20:00:00,JAG RADHA,JAG RADHA,SAILS,CB-2,20:00,189.99,32.26,13.0,TH.COAL,56260.0,,7,"09-10-25 CB-2MV. JAG RADHA SAILS 189.99 TH.COAL 20:00 56,260 32.26 13.00"
dtr0910.pdf,2025-10-08,2025-10-09,2025-10-09,2025-10-09T20:30:00,CHOLA PROSPERITY,CHOLA PROSPERITY,BERTHS,CB-2,20:30,225.0,32.26,14.5,TH.COAL,75000.0,,7,"09-10-25 CB-2MV. CHOLA PROSPERITY BERTHS 225.00 TH.COAL 20:30 75,000 32.26 14.50"
dtr0910.pdf,2025-10-08,2025-10-09,2025-10-09,2025-10-09T22:30:00,SSL SABARIMALAI,SSL SABARIMALAI,BERTHS,PICT-2,22:30,143.15,22.8,0.0,CONTAINER,5286.0,,7,"09-10-25 PICT-2MV. SSL SABARIMALAI BERTHS 143.15 CONTAINER 22:30 5,286 22.80 0.00"
dtr0910.pdf,2025-10-08,2025-10-09,2025-10-09,2025-10-09T23:00:00,BW PINE,BW PINE,SAILS,SOJ,23:00,226.0,37.2,11.7,BUTANE/PROPA NE,21400.0,,7,"09-10-25 SOJMT. BW PINE SAILS 226.00 BUTANE/PROPA NE 23:00 21,400 37.20 11.70"
dtr0910.pdf,2025-10-08,2025-10-09,2025-10-09,2025-10-09T23:30:00,AFRICAN BUZZARD,AFRICAN BUZZARD,BERTHS,SQ,23:30,199.99,36.0,11.04,C FINES/IRON OXIDE,41214.0,,7,"09-10-25 SQMV. AFRICAN BUZZARD BERTHS 199.99 C FINES/IRON OXIDE 23:30 41,214 36.00 11.04"
dtr1010.pdf,2025-10-09,2025-10-10,2025-10-09,2025-10-09T23:35:00,CHEMROAD ROSE,CHEMROAD ROSE,BERTHS,FB-1,23:35,170.0,25.63,0.0,SUL ACID,27671.0,,8,"09-10-25 FB-1MT. CHEMROAD ROSE BERTHS 170.00 SUL ACID 23:35 27,671 25.63 0.00"
dtr1010.pdf,2025-10-09,2025-10-10,2025-10-09,2025-10-09T23:36:00,SANMAR SITAR,SANMAR SITAR,BERTHS,NOJ,23:36,183.0,32.2,0.0,HSD/M.SPIRIT,38000.0,,8,"09-10-25 NOJMT. SANMAR SITAR BERTHS 183.00 HSD/M.SPIRIT 23:36 38,000 32.20 0.00"
dtr0910.pdf,2025-10-08,2025-10-09,2025-10-10,2025-10-10T00:01:00,YIN NENG,YIN NENG,SAILS,PICT,00:01,190.0,32.26,0.0,STEEL SLAB,16254.0,,7,"10-10-25 PICTMV. YIN NENG SAILS 190.00 STEEL SLAB 00:01 16,254 32.26 0.00"
dtr0910.pdf,2025-10-08,2025-10-09,2025-10-10,2025-10-10T00:30:00,MBS TAISHI,MBS TAISHI,BERTHS,PICT,00:30,199.9,32.26,10.83,UREA,43335.0,,7,"10-10-25 PICTMV. MBS TAISHI BERTHS 199.90 UREA 00:30 43,335 32.26 10.83"
dtr0910.pdf,2025-10-08,2025-10-09,2025-10-10,2025-10-10T01:00:00,AMNSI STALLION,AMNSI STALLION,BERTHS,CQ-2,01:00,229.0,32.26,14.5,LM. ST.,79185.0,,7,"10-10-25 CQ-2MV. AMNSI STALLION BERTHS 229.00 LM. ST. 01:00 79,185 32.26 14.50"
dtr0910.pdf,2025-10-08,2025-10-09,2025-10-10,2025-10-10T06:00:00,SKOPELOS,SKOPELOS,SAILS,SPM-2,06:00,330.0,60.0,21.0,CRUDE OIL,280560.0,,7,"10-10-25 SPM-2MT. SKOPELOS SAILS 330.00 CRUDE OIL 06:00 280,560 60.00 21.00"
dtr1010.pdf,2025-10-09,2025-10-10,2025-10-10,2025-10-10T06:50:00,KING MILO,KING MILO,SAILS,NIOB,06:50,225.0,32.2,10.5,I.ORE,74966.0,,8,"10-10-25 NIOBMV. KING MILO SAILS 225.00 I.ORE 06:50 74,966 32.26 0.00 10-10-25 SOJMT. TORM DAGNY REBERTHS 183.06 HSD 07:42 ON A/C IOCL 31,000 32.20 10.50"
dtr1010.pdf,2025-10-09,2025-10-10,2025-10-10,2025-10-10T08:24:00,CP SHENZHEN,CP SHENZHEN,BERTHS,NIOB,08:24,199.9,32.26,0.0,I.ORE,32500.0,,8,"10-10-25 NIOBMV. CP SHENZHEN BERTHS 199.90 I.ORE 08:24 32,500 32.26 0.00"
dtr1010.pdf,2025-10-09,2025-10-10,2025-10-10,2025-10-10T08:50:00,DUKE I,DUKE I,SAILS,MPB,08:50,229.0,32.24,10.0,C.COAL,40000.0,,8,"10-10-25 MPBMV. DUKE I SAILS 229.00 C.COAL 08:50 40,000 32.24 10.00"
dtr1010.pdf,2025-10-09,2025-10-10,2025-10-10,2025-10-10T09:30:00,SKOPELOS,SKOPELOS,SAILS,SPM-2,09:30,330.0,60.0,21.0,CRUDE OIL,280560.0,,8,"10-10-25 SPM-2MT. SKOPELOS SAILS 330.00 CRUDE OIL 09:30 280,560 60.00 21.00"
dtr0910.pdf,2025-10-08,2025-10-09,2025-10-10,2025-10-10T10:00:00,DUKE I,DUKE I,SAILS,MPB,10:00,229.0,32.24,10.0,C.COAL,40000.0,,7,"10-10-25 MPBMV. DUKE I SAILS 229.00 C.COAL 10:00 40,000 32.24 10.00"
dtr1010.pdf,2025-10-09,2025-10-10,2025-10-10,2025-10-10T10:06:00,PRINCESS MARGO,PRINCESS MARGO,BERTHS,EQ-2,10:06,199.99,32.26,0.0,TH.COAL,55000.0,,8,"10-10-25 EQ-2MV. PRINCESS MARGO BERTHS 199.99 TH.COAL 10:06 55,000 32.26 0.00"
dtr0910.pdf,2025-10-08,2025-10-09,2025-10-10,2025-10-10T10:30:00,ROYAL STELLAR,ROYAL STELLAR,BERTHS,MPB,10:30,228.99,32.26,14.5,C.COAL,45950.0,,7,"10-10-25 MPBMV. ROYAL STELLAR BERTHS 228.99 C.COAL 10:30 45,950 32.26 14.50"
dtr1010.pdf,2025-10-09,2025-10-10,2025-10-10,2025-10-10T10:30:00,ROYAL STELLAR,ROYAL STELLAR,BERTHS,MPB,10:30,228.99,32.26,14.5,C.COAL,45950.0,,8,"10-10-25 MPBMV. ROYAL STELLAR BERTHS 228.99 C.COAL 10:30 45,950 32.26 14.50"
dtr1010.pdf,2025-10-09,2025-10-10,2025-10-10,2025-10-10T11:00:00,GANESHWAR,GANESHWAR,BERTHS,NQ-3,11:00,72.0,14.0,3.0,GYPSUM,1500.0,,8,"10-10-25 NQ-3MV. GANESHWAR BERTHS 72.00 GYPSUM 11:00 1,500 14.00 3.00"
dtr0910.pdf,2025-10-08,2025-10-09,2025-10-10,2025-10-10T11:00:00,NAVE ALLEGRO,NAVE ALLEGRO,SAILS,SPM-3,11:00,339.4,60.0,19.6,CRUDE OIL,269371.0,,7,"10-10-25 SPM-3MT. NAVE ALLEGRO SAILS 339.40 CRUDE OIL 11:00 269,371 60.00 19.60"
dtr0910.pdf,2025-10-08,2025-10-09,2025-10-10,2025-10-10T11:30:00,GANESHWAR,GANESHWAR,BERTHS,NQ-3,11:30,72.0,14.0,3.0,GYPSUM,1500.0,,7,"10-10-25 NQ-3MV. GANESHWAR BERTHS 72.00 GYPSUM 11:30 1,500 14.00 3.00"
dtr1010.pdf,2025-10-09,2025-10-10,2025-10-10,2025-10-10T11:30:00,NAVE ALLEGRO,NAVE ALLEGRO,SAILS,SPM-3,11:30,339.4,60.0,19.6,CRUDE OIL,269371.0,,8,"10-10-25 SPM-3MT. NAVE ALLEGRO SAILS 339.40 CRUDE OIL 11:30 269,371 60.00 19.60"
dtr1010.pdf,2025-10-09,2025-10-10,2025-10-10,2025-10-10T12:00:00,AMNSI STALLION,AMNSI STALLION,BERTHS,CQ-2,12:00,229.0,32.26,14.5,LM. ST.,79185.0,,8,"10-10-25 CQ-2MV. AMNSI STALLION BERTHS 229.00 LM. ST. 12:00 79,185 32.26 14.50"
dtr1010.pdf,2025-10-09,2025-10-10,2025-10-10,2025-10-10T12:30:00,CHOLA LEGACY,CHOLA LEGACY,SAILS,CB-1,12:30,228.99,32.26,14.5,TH.COAL,79000.0,,8,"10-10-25 CB-1MV. CHOLA LEGACY SAILS 228.99 TH.COAL 12:30 79,000 32.26 14.50"
dtr1010.pdf,2025-10-09,2025-10-10,2025-10-10,2025-10-10T13:00:00,RIPLEY PIONEER,RIPLEY PIONEER,BERTHS,CB-1,13:00,225.0,32.26,14.0,TH.COAL,75000.0,MGT PRIORITY,8,"10-10-25 CB-1MV. RIPLEY PIONEER BERTHS 225.00 TH.COAL 13:00 MGT PRIORITY 75,000 32.26 14.00"
dtr1110.pdf,2025-10-10,2025-10-11,2025-10-11,2025-10-11T06:15:00,GANESHWAR,GANESHWAR,SAILS,NQ-3,06:15,72.0,14.0,3.0,GYPSUM,3356.0,,6,"11-10-25 NQ-3MV. GANESHWAR SAILS 72.00 GYPSUM 06:15 3,356 14.00 3.00"
dtr1110.pdf,2025-10-10,2025-10-11,2025-10-11,2025-10-11T07:48:00,DUKE I,DUKE I,BERTHS,EQ-3,07:48,229.0,32.24,14.5,TH.COAL,79000.0,,6,"11-10-25 EQ-3MV. DUKE I BERTHS 229.00 TH.COAL 07:48 79,000 32.24 14.50"
dtr1110.pdf,2025-10-10,2025-10-11,2025-10-11,2025-10-11T08:06:00,ICARIUS,ICARIUS,BERTHS,FB-2,08:06,189.99,32.26,12.83,SULPHUR,52500.0,,6,"11-10-25 FB-2MV. ICARIUS BERTHS 189.99 SULPHUR 08:06 52,500 32.26 12.83"
dtr1110.pdf,2025-10-10,2025-10-11,2025-10-11,2025-10-11T09:50:00,TORM DAGNY,TORM DAGNY,SAILS,SOJ,09:50,183.06,32.2,10.5,HSD,31081.0,,6,"11-10-25 SOJMT. TORM DAGNY SAILS 183.06 HSD 09:50 31,081 32.20 10.50"
dtr1010.pdf,2025-10-09,2025-10-10,2025-10-11,2025-10-11T10:00:00,XIN HAI TONG 805,XIN HAI TONG 805,SAILS,KICT,10:00,229.04,32.26,14.5,PCI COAL,78604.0,,8,"11-10-25 KICTMV. XIN HAI TONG 805 SAILS 229.04 PCI COAL 10:00 78,604 32.26 14.50"
dtr1110.pdf,2025-10-10,2025-10-11,2025-10-11,2025-10-11T10:12:00,XIN HAI TONG 805,XIN HAI TONG 805,SAILS,KICT,10:12,229.04,32.26,14.5,PCI COAL,78604.0,,6,"11-10-25 KICTMV. XIN HAI TONG 805 SAILS 229.04 PCI COAL 10:12 78,604 32.26 14.50"
dtr1010.pdf,2025-10-09,2025-10-10,2025-10-11,2025-10-11T10:30:00,MEDI DOMUS DAINI,MEDI DOMUS DAINI,BERTHS,KICT,10:30,229.0,32.24,14.75,C.COAL,79100.0,,8,"11-10-25 KICTMV. MEDI DOMUS DAINI BERTHS 229.00 C.COAL 10:30 79,100 32.24 14.75"
dtr1110.pdf,2025-10-10,2025-10-11,2025-10-11,2025-10-11T10:30:00,MEDI DOMUS DAINI,MEDI DOMUS DAINI,BERTHS,KICT,10:30,229.0,32.24,14.75,C.COAL,79100.0,,6,"11-10-25 KICTMV. MEDI DOMUS DAINI BERTHS 229.00 C.COAL 10:30 79,100 32.24 14.75"
dtr1010.pdf,2025-10-09,2025-10-10,2025-10-11,2025-10-11T11:00:00,DRISHTI,DRISHTI,BERTHS,NQ-3,11:00,71.0,14.2,0.0,GYPSUM,3200.0,,8,"11-10-25 NQ-3MV. DRISHTI BERTHS 71.00 GYPSUM 11:00 3,200 14.20 0.00"
dtr1110.pdf,2025-10-10,2025-10-11,2025-10-11,2025-10-11T11:00:00,SEAPEARL,SEAPEARL,BERTHS,PICT-2,11:00,177.39,28.24,0.0,STEEL SLAB,30000.0,,6,"11-10-25 PICT-2MV. SEAPEARL BERTHS 177.39 STEEL SLAB 11:00 30,000 28.24 0.00"
dtr1110.pdf,2025-10-10,2025-10-11,2025-10-11,2025-10-11T11:15:00,DRISHTI,DRISHTI,BERTHS,NQ-3,11:15,71.0,14.2,2.95,GYPSUM,3200.0,,6,"11-10-25 NQ-3MV. DRISHTI BERTHS 71.00 GYPSUM 11:15 3,200 14.20 2.95"
dtr1110.pdf,2025-10-10,2025-10-11,2025-10-11,2025-10-11T11:30:00,PIGEON POINT,PIGEON POINT,BERTHS,SOJ,11:30,186.0,32.0,10.8,M.SPIRIT/NAPTH A,14800.0,,6,"11-10-25 SOJMT. PIGEON POINT BERTHS 186.00 M.SPIRIT/NAPTH A 11:30 14,800 32.20 7.00 11-10-25 ANCHORAGEMV. ROSTRUM SINGAPORE SHIFTS 179.95 A. NITRATE 12:00 ON A/C PORT 21,250 32.00 10.80"
dtr1110.pdf,2025-10-10,2025-10-11,2025-10-11,2025-10-11T12:15:00,LLEVANT,LLEVANT,BERTHS,SPM-3,12:15,274.5,48.0,14.5,CRUDE OIL,116676.0,,6,"11-10-25 SPM-3MT. LLEVANT BERTHS 274.50 CRUDE OIL 12:15 116,676 48.00 14.50"
dtr1110.pdf,2025-10-10,2025-10-11,2025-10-11,2025-10-11T12:30:00,AM UMANG,AM UMANG,BERTHS,CQ-3,12:30,228.99,32.31,14.5,I.ORE PELLET,75000.0,,6,"11-10-25 CQ-3MV. AM UMANG BERTHS 228.99 I.ORE PELLET 12:30 75,000 32.31 14.50"
dtr1110.pdf,2025-10-10,2025-10-11,2025-10-11,2025-10-11T13:00:00,CHOLA PROSPERITY,CHOLA PROSPERITY,SAILS,CB-2,13:00,225.0,21.3,0.0,TH.COAL,75073.0,,6,"11-10-25 CB-2MV. CHOLA PROSPERITY SAILS 225.00 TH.COAL 13:00 75,073 32.26 14.50 11-10-25 TCDCI DREDGE XIX SAILS 115.85 NO 13:30 21.30 0.00"
dtr1110.pdf,2025-10-10,2025-10-11,2025-10-11,2025-10-11T14:00:00,RIPLEY PRIDE,RIPLEY PRIDE,BERTHS,CB-2,14:00,225.0,32.26,0.0,TH.COAL,75000.0,,6,"11-10-25 CB-2MV. RIPLEY PRIDE BERTHS 225.00 TH.COAL 14:00 75,000 32.26 0.00"
dtr1110.pdf,2025-10-10,2025-10-11,2025-10-11,2025-10-11T18:00:00,PRINCESS MARGO,PRINCESS MARGO,SAILS,EQ-2,18:00,199.99,28.4,10.1,TH.COAL,60800.0,,6,"11-10-25 EQ-2MV. PRINCESS MARGO SAILS 199.99 TH.COAL 18:00 60,800 32.26 0.00 11-10-25 ANCHORAGEMV. GOLDEN BRIGHT SHIFTS 177.00 A. SULPHATE 22:00 ON A/C PPL 21,948 28.40 10.10"
dtr1110.pdf,2025-10-10,2025-10-11,2025-10-11,2025-10-11T22:30:00,AMNSI STALLION,AMNSI STALLION,BERTHS,CQ-2,22:30,229.0,32.26,14.5,LM. ST.,79185.0,,6,"11-10-25 CQ-2MV. AMNSI STALLION BERTHS 229.00 LM. ST. 22:30 79,185 32.26 14.50"
dtr1110.pdf,2025-10-10,2025-10-11,2025-10-11,2025-10-11T23:00:00,AFRICAN BUZZARD,AFRICAN BUZZARD,SAILS,SQ,23:00,199.99,36.0,11.04,C FINES/IRON OXIDE,41214.0,,6,"11-10-25 SQMV. AFRICAN BUZZARD SAILS 199.99 C FINES/IRON OXIDE 23:00 41,214 36.00 11.04"
dtr1110.pdf,2025-10-10,2025-10-11,2025-10-11,2025-10-11T23:30:00,SIMURGH,SIMURGH,BERTHS,SQ,23:30,189.99,32.26,12.13,P.COKE,50346.0,,6,"11-10-25 SQMV. SIMURGH BERTHS 189.99 P.COKE 23:30 50,346 32.26 12.13"
dtr1110.pdf,2025-10-10,2025-10-11,2025-10-12,2025-10-12T00:01:00,SANMAR SITAR,SANMAR SITAR,SAILS,NOJ,00:01,183.0,32.2,0.0,HSD/M.SPIRIT,22000.0,,6,"12-10-25 NOJMT. SANMAR SITAR SAILS 183.00 HSD/M.SPIRIT 00:01 22,000 32.20 0.00"
dtr1110.pdf,2025-10-10,2025-10-11,2025-10-12,2025-10-12T00:30:00,HARI LEELA,HARI LEELA,BERTHS,NOJ,00:30,182.8,32.2,0.0,HSD/M.SPIRIT,34000.0,,6,"12-10-25 NOJMT. HARI LEELA BERTHS 182.80 HSD/M.SPIRIT 00:30 34,000 32.20 0.00"
dtr1110.pdf,2025-10-10,2025-10-11,2025-10-12,2025-10-12T01:00:00,RIPLEY PIONEER,RIPLEY PIONEER,SAILS,CB-1,01:00,225.0,32.26,14.0,TH.COAL,75811.0,,6,"12-10-25 CB-1MV. RIPLEY PIONEER SAILS 225.00 TH.COAL 01:00 75,811 32.26 14.00"
dtr1110.pdf,2025-10-10,2025-10-11,2025-10-12,2025-10-12T02:00:00,CAPRICORN TRADER,CAPRICORN TRADER,BERTHS,CB-1,02:00,228.99,32.26,14.5,TH.COAL,75000.0,,6,"12-10-25 CB-1MV. CAPRICORN TRADER BERTHS 228.99 TH.COAL 02:00 75,000 32.26 14.50"
dtr1110.pdf,2025-10-10,2025-10-11,2025-10-12,2025-10-12T05:00:00,DRISHTI,DRISHTI,SAILS,NQ-3,05:00,71.0,14.2,2.95,GYPSUM,3314.0,,6,"12-10-25 NQ-3MV. DRISHTI SAILS 71.00 GYPSUM 05:00 3,314 14.20 2.95"
dtr1110.pdf,2025-10-10,2025-10-11,2025-10-12,2025-10-12T06:00:00,NISSOS HERACLEA,NISSOS HERACLEA,BERTHS,SPM-2,06:00,336.17,60.0,0.0,CRUDE OIL,293735.0,,6,"12-10-25 SPM-2MT. NISSOS HERACLEA BERTHS 336.17 CRUDE OIL 06:00 293,735 60.00 0.00"
dtr1110.pdf,2025-10-10,2025-10-11,2025-10-12,2025-10-12T07:00:00,THERESA AQARIUS,THERESA AQARIUS,BERTHS,NQ-2,07:00,120.0,20.4,5.8,CRD PALMOIL,6000.0,,6,"12-10-25 NQ-2MT. THERESA AQARIUS BERTHS 120.00 CRD PALMOIL 07:00 6,000 20.40 5.80"
dtr1210.pdf,2025-10-11,2025-10-12,2025-10-12,2025-10-12T08:00:00,CAPRICORN TRADER,CAPRICORN TRADER,BERTHS,CB-1,08:00,228.99,32.26,14.5,TH.COAL,75000.0,,6,"12-10-25 CB-1MV. CAPRICORN TRADER BERTHS 228.99 TH.COAL 08:00 75,000 32.26 14.50"
dtr1210.pdf,2025-10-11,2025-10-12,2025-10-12,2025-10-12T09:00:00,HARI LEELA,HARI LEELA,BERTHS,NOJ,09:00,182.8,32.2,0.0,HSD/M.SPIRIT,34000.0,,6,"12-10-25 NOJMT. HARI LEELA BERTHS 182.80 HSD/M.SPIRIT 09:00 34,000 32.20 0.00"
dtr1210.pdf,2025-10-11,2025-10-12,2025-10-12,2025-10-12T10:18:00,NISSOS HERACLEA,NISSOS HERACLEA,BERTHS,SPM-2,10:18,336.17,60.0,0.0,CRUDE OIL,293735.0,,6,"12-10-25 SPM-2MT. NISSOS HERACLEA BERTHS 336.17 CRUDE OIL 10:18 293,735 60.00 0.00"
dtr1110.pdf,2025-10-10,2025-10-11,2025-10-12,2025-10-12T10:30:00,GANESHWAR,GANESHWAR,BERTHS,NQ-3,10:30,72.0,14.0,3.0,GYPSUM,1500.0,,6,"12-10-25 NQ-3MV. GANESHWAR BERTHS 72.00 GYPSUM 10:30 1,500 14.00 3.00"
dtr1210.pdf,2025-10-11,2025-10-12,2025-10-12,2025-10-12T12:00:00,GANESHWAR,GANESHWAR,BERTHS,NQ-3,12:00,72.0,14.0,3.0,GYPSUM,1500.0,,6,"12-10-25 NQ-3MV. GANESHWAR BERTHS 72.00 GYPSUM 12:00 1,500 14.00 3.00"
dtr1210.pdf,2025-10-11,2025-10-12,2025-10-12,2025-10-12T13:00:00,ROYAL STELLAR,ROYAL STELLAR,SAILS,MPB,13:00,228.99,32.26,14.5,C.COAL,45950.0,,6,"12-10-25 MPBMV. ROYAL STELLAR SAILS 228.99 C.COAL 13:00 45,950 32.26 14.50"
dtr1210.pdf,2025-10-11,2025-10-12,2025-10-12,2025-10-12T13:30:00,THERESA AQARIUS,THERESA AQARIUS,BERTHS,NQ-2,13:30,120.0,20.4,7.2,CRD PALMOIL,6000.0,,6,"12-10-25 NQ-2MT. THERESA AQARIUS BERTHS 120.00 CRD PALMOIL 13:30 6,000 20.40 7.20"
dtr1210.pdf,2025-10-11,2025-10-12,2025-10-12,2025-10-12T14:30:00,STAR CAPOEIRA,STAR CAPOEIRA,BERTHS,MPB,14:30,229.0,32.26,14.49,LM. ST./PYROXENIT,78282.0,,6,"12-10-25 MPBMV. STAR CAPOEIRA BERTHS 229.00 LM. ST./PYROXENIT 14:30 78,282 32.26 14.49"
dtr1210.pdf,2025-10-11,2025-10-12,2025-10-12,2025-10-12T15:00:00,PIGEON POINT,PIGEON POINT,SAILS,SOJ,15:00,186.0,32.2,7.0,M.SPIRIT/NAPTH A,16000.0,,6,"12-10-25 SOJMT. PIGEON POINT SAILS 186.00 M.SPIRIT/NAPTH A 15:00 16,000 32.20 7.00"
dtr1210.pdf,2025-10-11,2025-10-12,2025-10-12,2025-10-12T17:00:00,YM THERESA,YM THERESA,SAILS,CQ-1,17:00,228.9,32.26,14.5,C.COAL,79963.0,,6,"12-10-25 CQ-1MV. YM THERESA SAILS 228.90 C.COAL 17:00 79,963 32.26 14.50"
dtr1210.pdf,2025-10-11,2025-10-12,2025-10-12,2025-10-12T17:30:00,HTP AMBER,HTP AMBER,BERTHS,CQ-1,17:30,108.22,19.6,8.8,SCARP,9504.0,,6,"12-10-25 CQ-1MV. HTP AMBER BERTHS 108.22 SCARP 17:30 9,504 19.60 8.80"
dtr1210.pdf,2025-10-11,2025-10-12,2025-10-12,2025-10-12T17:45:00,GANESHWAR,GANESHWAR,SAILS,NQ-3,17:45,72.0,32.26,12.83,GYPSUM,52500.0,14.00 3.00 12-10-25 ANCHORAGEMV. ICARIUS SHIFTS 189.99 SULPHUR 18:00 ON A/C IFFCO,6,"12-10-25 NQ-3MV. GANESHWAR SAILS 72.00 GYPSUM 17:45 14.00 3.00 12-10-25 ANCHORAGEMV. ICARIUS SHIFTS 189.99 SULPHUR 18:00 ON A/C IFFCO 52,500 32.26 12.83"
dtr1210.pdf,2025-10-11,2025-10-12,2025-10-12,2025-10-12T18:30:00,PRINCESS MARGO,PRINCESS MARGO,SAILS,EQ-2,18:30,199.99,32.26,0.0,TH.COAL,60800.0,,6,"12-10-25 EQ-2MV. PRINCESS MARGO SAILS 199.99 TH.COAL 18:30 60,800 32.26 0.00"
dtr1210.pdf,2025-10-11,2025-10-12,2025-10-12,2025-10-12T19:00:00,HARI PRIYA,HARI PRIYA,BERTHS,SOJ,19:00,183.0,32.23,0.0,ATF/HSD/M.SPIR IT,34000.0,,6,"12-10-25 SOJMT. HARI PRIYA BERTHS 183.00 ATF/HSD/M.SPIR IT 19:00 34,000 32.23 0.00"
dtr1210.pdf,2025-10-11,2025-10-12,2025-10-12,2025-10-12T20:00:00,SEASURFER,SEASURFER,BERTHS,FB-2,20:00,179.87,28.4,0.0,AMMONIA,20000.0,ON ARRIVAL,6,"12-10-25 FB-2MT. SEASURFER BERTHS 179.87 AMMONIA 20:00 ON ARRIVAL 20,000 28.40 0.00"
dtr1210.pdf,2025-10-11,2025-10-12,2025-10-12,2025-10-12T21:00:00,LLEVANT,LLEVANT,SAILS,SPM-3,21:00,274.5,48.0,14.5,CRUDE OIL,116650.0,,6,"12-10-25 SPM-3MT. LLEVANT SAILS 274.50 CRUDE OIL 21:00 116,650 48.00 14.50"
dtr1210.pdf,2025-10-11,2025-10-12,2025-10-12,2025-10-12T22:00:00,CHEMROAD ROSE,CHEMROAD ROSE,SAILS,FB-1,22:00,170.0,25.63,0.0,SUL ACID,27671.0,,6,"12-10-25 FB-1MT. CHEMROAD ROSE SAILS 170.00 SUL ACID 22:00 27,671 25.63 0.00"
dtr1210.pdf,2025-10-11,2025-10-12,2025-10-12,2025-10-12T22:30:00,PVT AURORA,PVT AURORA,BERTHS,FB-1,22:30,146.19,24.2,9.46,SUL ACID,18811.0,,6,"12-10-25 FB-1MT. PVT AURORA BERTHS 146.19 SUL ACID 22:30 18,811 24.20 9.46"
dtr1210.pdf,2025-10-11,2025-10-12,2025-10-12,2025-10-12T23:00:00,DUKE I,DUKE I,SAILS,EQ-3,23:00,229.0,32.24,14.5,TH.COAL,77200.0,,6,"12-10-25 EQ-3MV. DUKE I SAILS 229.00 TH.COAL 23:00 77,200 32.24 14.50"
dtr1210.pdf,2025-10-11,2025-10-12,2025-10-12,2025-10-12T23:30:00,RIPLEY PRIDE,RIPLEY PRIDE,SAILS,CB-2,23:30,225.0,32.26,0.0,TH.COAL,75550.0,,6,"12-10-25 CB-2MV. RIPLEY PRIDE SAILS 225.00 TH.COAL 23:30 75,550 32.26 0.00"
dtr1210.pdf,2025-10-11,2025-10-12,2025-10-13,2025-10-13T00:30:00,CHOLA SERENITY,CHOLA SERENITY,BERTHS,CB-2,00:30,224.94,32.26,14.0,TH.COAL,77200.0,,6,"13-10-25 CB-2MV. CHOLA SERENITY BERTHS 224.94 TH.COAL 00:30 77,200 32.26 14.00"
dtr1210.pdf,2025-10-11,2025-10-12,2025-10-13,2025-10-13T01:00:00,AM UMANG,AM UMANG,SAILS,CQ-3,01:00,228.99,32.31,14.5,I.ORE PELLET,79692.0,,6,"13-10-25 CQ-3MV. AM UMANG SAILS 228.99 I.ORE PELLET 01:00 79,692 32.31 14.50"
dtr1310.pdf,2025-10-12,2025-10-13,2025-10-13,2025-10-13T07:00:00,GANESHWAR,GANESHWAR,SAILS,NQ-3,07:00,72.0,14.0,2.9,GYPSUM,3300.0,,6,"13-10-25 NQ-3MV. GANESHWAR SAILS 72.00 GYPSUM 07:00 3,300 14.00 2.90"
dtr1210.pdf,2025-10-11,2025-10-12,2025-10-13,2025-10-13T07:00:00,MEDI DOMUS DAINI,MEDI DOMUS DAINI,SAILS,KICT,07:00,229.0,32.24,14.75,C.COAL,79100.0,,6,"13-10-25 KICTMV. MEDI DOMUS DAINI SAILS 229.00 C.COAL 07:00 79,100 32.24 14.75"
dtr1310.pdf,2025-10-12,2025-10-13,2025-10-13,2025-10-13T07:30:00,MEDI DOMUS DAINI,MEDI DOMUS DAINI,SAILS,KICT,07:30,229.0,32.24,14.75,C.COAL,79100.0,,6,"13-10-25 KICTMV. MEDI DOMUS DAINI SAILS 229.00 C.COAL 07:30 79,100 32.24 14.75"
dtr1210.pdf,2025-10-11,2025-10-12,2025-10-13,2025-10-13T08:00:00,FJ BIANCA,FJ BIANCA,BERTHS,KICT,08:00,228.9,32.26,0.0,C.COAL,78702.0,,6,"13-10-25 KICTMV. FJ BIANCA BERTHS 228.90 C.COAL 08:00 78,702 32.26 0.00"
dtr1310.pdf,2025-10-12,2025-10-13,2025-10-13,2025-10-13T10:00:00,FJ BIANCA,FJ BIANCA,BERTHS,KICT,10:00,228.9,32.26,14.46,C.COAL,78702.0,,6,"13-10-25 KICTMV. FJ BIANCA BERTHS 228.90 C.COAL 10:00 78,702 32.26 14.46"
dtr1210.pdf,2025-10-11,2025-10-12,2025-10-13,2025-10-13T10:30:00,DRISHTI,DRISHTI,BERTHS,NQ-3,10:30,71.0,14.2,3.0,GYPSUM,1500.0,,6,"13-10-25 NQ-3MV. DRISHTI BERTHS 71.00 GYPSUM 10:30 1,500 14.20 3.00"
dtr1310.pdf,2025-10-12,2025-10-13,2025-10-13,2025-10-13T10:30:00,DRISHTI,DRISHTI,BERTHS,NQ-3,10:30,71.0,14.2,3.0,GYPSUM,1500.0,,6,"13-10-25 NQ-3MV. DRISHTI BERTHS 71.00 GYPSUM 10:30 1,500 14.20 3.00"
dtr1310.pdf,2025-10-12,2025-10-13,2025-10-13,2025-10-13T13:00:00,CAPRICORN TRADER,CAPRICORN TRADER,SAILS,CB-1,13:00,228.99,32.26,14.5,TH.COAL,75927.0,,6,"13-10-25 CB-1MV. CAPRICORN TRADER SAILS 228.99 TH.COAL 13:00 75,927 32.26 14.50"
dtr1310.pdf,2025-10-12,2025-10-13,2025-10-13,2025-10-13T13:30:00,VISHVA VINAY,VISHVA VINAY,BERTHS,CB-1,13:30,229.0,32.24,14.5,TH.COAL,78000.0,,6,"13-10-25 CB-1MV. VISHVA VINAY BERTHS 229.00 TH.COAL 13:30 78,000 32.24 14.50"
dtr1310.pdf,2025-10-12,2025-10-13,2025-10-13,2025-10-13T14:00:00,JAL KUMUD,JAL KUMUD,BERTHS,EQ-3,14:00,224.94,32.26,14.5,TH.COAL,75000.0,WHICHEVER ARRIVES FIRST,6,"13-10-25 EQ-3MV. JAL KUMUD BERTHS 224.94 TH.COAL 14:00 WHICHEVER ARRIVES FIRST 75,000 32.26 14.50"
dtr1310.pdf,2025-10-12,2025-10-13,2025-10-13,2025-10-13T14:01:00,NIREAS,NIREAS,BERTHS,EQ-3,14:01,229.02,32.26,14.5,TH.COAL,75000.0,WHICHEVER ARRIVES FIRST,6,"13-10-25 EQ-3MV. NIREAS BERTHS 229.02 TH.COAL 14:01 WHICHEVER ARRIVES FIRST 75,000 32.26 14.50"
dtr1310.pdf,2025-10-12,2025-10-13,2025-10-13,2025-10-13T18:00:00,HARI LEELA,HARI LEELA,SAILS,NOJ,18:00,182.8,32.2,0.0,HSD/M.SPIRIT,22325.0,,6,"13-10-25 NOJMT. HARI LEELA SAILS 182.80 HSD/M.SPIRIT 18:00 22,325 32.20 0.00"
dtr1310.pdf,2025-10-12,2025-10-13,2025-10-13,2025-10-13T18:30:00,HARVEST,HARVEST,BERTHS,NOJ,18:30,179.8,32.26,12.83,HSD/M.SPIRIT,14000.0,,6,"13-10-25 NOJMT. HARVEST BERTHS 179.80 HSD/M.SPIRIT 18:30 14,000 32.20 10.50 13-10-25 ANCHORAGEMT. PVT AURORA SHIFTS 146.19 SUL ACID 19:00 ON A/C PPL 18,811 24.20 9.46 13-10-25 FB-1MT. SEASURFER SHIFTS 179.87 AMMONIA 19:30 ON A/C PPL 20,020 28.40 9.30 13-10-25 FB-2MV. ICARIUS REBERTHS 189.99 SULPHUR 20:00 ON A/C IFFCO 52,500 32.26 12.83"
dtr1310.pdf,2025-10-12,2025-10-13,2025-10-14,2025-10-14T03:00:00,THERESA AQARIUS,THERESA AQARIUS,SAILS,NQ-2,03:00,120.0,20.4,7.2,CRD PALMOIL,5969.0,,6,"14-10-25 NQ-2MT. THERESA AQARIUS SAILS 120.00 CRD PALMOIL 03:00 5,969 20.40 7.20"
dtr1410.pdf,2025-10-13,2025-10-14,2025-10-14,2025-10-14T07:10:00,DRISHTI,DRISHTI,SAILS,NQ-3,07:10,71.0,14.2,3.0,GYPSUM,3316.0,,6,"14-10-25 NQ-3MV. DRISHTI SAILS 71.00 GYPSUM 07:10 3,316 14.20 3.00"
dtr1410.pdf,2025-10-13,2025-10-14,2025-10-14,2025-10-14T08:24:00,THERESA AQARIUS,THERESA AQARIUS,SAILS,NQ-2,08:24,120.0,32.24,14.5,CRD PALMOIL,5969.0,,6,"14-10-25 NQ-2MT. THERESA AQARIUS SAILS 120.00 CRD PALMOIL 08:24 5,969 20.40 7.20 14-10-25 EQ-2MV. VISHVA VINAY SHIFTS 229.00 TH.COAL 09:42 ON A/C PORT 26,000 32.24 14.50"
dtr1310.pdf,2025-10-12,2025-10-13,2025-10-14,2025-10-14T10:00:00,CHOLA SERENITY,CHOLA SERENITY,SAILS,CB-2,10:00,224.94,32.26,14.0,TH.COAL,75250.0,,6,"14-10-25 CB-2MV. CHOLA SERENITY SAILS 224.94 TH.COAL 10:00 75,250 32.26 14.00"
dtr1310.pdf,2025-10-12,2025-10-13,2025-10-14,2025-10-14T10:30:00,NISSOS HERACLEA,NISSOS HERACLEA,SAILS,SPM-2,10:30,336.17,60.0,0.0,CRUDE OIL,293690.0,,6,"14-10-25 SPM-2MT. NISSOS HERACLEA SAILS 336.17 CRUDE OIL 10:30 293,690 60.00 0.00"
dtr1410.pdf,2025-10-13,2025-10-14,2025-10-14,2025-10-14T10:30:00,NISSOS HERACLEA,NISSOS HERACLEA,SAILS,SPM-2,10:30,336.17,60.0,0.0,CRUDE OIL,293690.0,,6,"14-10-25 SPM-2MT. NISSOS HERACLEA SAILS 336.17 CRUDE OIL 10:30 293,690 60.00 0.00"
dtr1410.pdf,2025-10-13,2025-10-14,2025-10-14,2025-10-14T11:00:00,CHOLA SERENITY,CHOLA SERENITY,SAILS,CB-2,11:00,224.94,19.6,8.8,TH.COAL,75250.0,,6,"14-10-25 CB-2MV. CHOLA SERENITY SAILS 224.94 TH.COAL 11:00 75,250 32.26 14.00 14-10-25 NQ-2MV. HTP AMBER SHIFTS 108.22 SCARP 12:00 ON A/C PORT 9,504 19.60 8.80"
dtr1410.pdf,2025-10-13,2025-10-14,2025-10-14,2025-10-14T12:30:00,GIORGAKIS,GIORGAKIS,BERTHS,CQ-1,12:30,229.0,32.26,14.5,S.COAL,77077.0,,6,"14-10-25 CQ-1MV. GIORGAKIS BERTHS 229.00 S.COAL 12:30 77,077 32.26 14.50"
dtr1410.pdf,2025-10-13,2025-10-14,2025-10-14,2025-10-14T13:00:00,GAS AL NEGEH,GAS AL NEGEH,BERTHS,SOJ,13:00,225.48,36.6,11.5,BUTANE/PROPA NE,25588.0,,6,"14-10-25 SOJMT. GAS AL NEGEH BERTHS 225.48 BUTANE/PROPA NE 13:00 25,588 36.60 11.50"
dtr1410.pdf,2025-10-13,2025-10-14,2025-10-14,2025-10-14T13:30:00,SEASURFER,SEASURFER,SAILS,FB-1,13:30,179.87,24.2,9.46,AMMONIA,20020.0,,6,"14-10-25 FB-1MT. SEASURFER SAILS 179.87 AMMONIA 13:30 20,020 28.40 9.30 14-10-25 FB-1MT. PVT AURORA REBERTHS 146.19 SUL ACID 14:00 ON A/C PPL 18,811 24.20 9.46"
dtr1410.pdf,2025-10-13,2025-10-14,2025-10-14,2025-10-14T15:00:00,SEAPEARL,SEAPEARL,SAILS,PICT-2,15:00,177.39,28.24,0.0,STEEL SLAB,30057.0,,6,"14-10-25 PICT-2MV. SEAPEARL SAILS 177.39 STEEL SLAB 15:00 30,057 28.24 0.00"
dtr1410.pdf,2025-10-13,2025-10-14,2025-10-14,2025-10-14T16:00:00,GANESHWAR,GANESHWAR,BERTHS,NQ-3,16:00,72.0,32.26,14.5,GYPSUM,3200.0,,6,"14-10-25 NQ-3MV. GANESHWAR BERTHS 72.00 GYPSUM 16:00 3,200 14.00 0.00 14-10-25 CB-1MV. NIREAS SHIFTS 229.02 TH.COAL 18:00 ON A/C PORT 44,300 32.26 14.50"
dtr1410.pdf,2025-10-13,2025-10-14,2025-10-14,2025-10-14T18:30:00,JAL KUMUD,JAL KUMUD,BERTHS,EQ-3,18:30,224.94,32.26,14.5,TH.COAL,75000.0,,6,"14-10-25 EQ-3MV. JAL KUMUD BERTHS 224.94 TH.COAL 18:30 75,000 32.26 14.50"
dtr1510.pdf,2025-10-14,2025-10-15,2025-10-14,2025-10-14T20:40:00,VOSCO STARLIGHT,VOSCO STARLIGHT,BERTHS,CB-2,20:40,190.0,32.26,12.75,TH.COAL,53000.0,,6,"14-10-25 CB-2MV. VOSCO STARLIGHT BERTHS 190.00 TH.COAL 20:40 53,000 32.26 12.75"
dtr1410.pdf,2025-10-13,2025-10-14,2025-10-15,2025-10-15T01:00:00,FJ BIANCA,FJ BIANCA,SAILS,KICT,01:00,228.9,32.26,14.46,C.COAL,78702.0,,6,"15-10-25 KICTMV. FJ BIANCA SAILS 228.90 C.COAL 01:00 78,702 32.26 14.46"
dtr1410.pdf,2025-10-13,2025-10-14,2025-10-15,2025-10-15T05:00:00,ICARIUS,ICARIUS,SAILS,FB-2,05:00,189.99,32.26,12.83,SULPHUR,52500.0,,6,"15-10-25 FB-2MV. ICARIUS SAILS 189.99 SULPHUR 05:00 52,500 32.26 12.83"
dtr1410.pdf,2025-10-13,2025-10-14,2025-10-15,2025-10-15T06:00:00,DESH SHANTI,DESH SHANTI,BERTHS,SPM,06:00,274.0,48.0,15.6,CRUDE OIL,135673.0,,6,"15-10-25 SPMMT. DESH SHANTI BERTHS 274.00 CRUDE OIL 06:00 135,673 48.00 15.60"
dtr1410.pdf,2025-10-13,2025-10-14,2025-10-15,2025-10-15T06:30:00,MBS TAISHI,MBS TAISHI,SAILS,PICT,06:30,199.9,32.26,10.83,UREA,43336.0,,6,"15-10-25 PICTMV. MBS TAISHI SAILS 199.90 UREA 06:30 43,336 32.26 10.83"
dtr1410.pdf,2025-10-13,2025-10-14,2025-10-15,2025-10-15T07:00:00,GALAXY GLORY,GALAXY GLORY,BERTHS,PICT,07:00,119.9,21.2,4.65,AL. INGOTS,10200.0,,6,"15-10-25 PICTMV. GALAXY GLORY BERTHS 119.90 AL. INGOTS 07:00 10,200 21.20 4.65"
dtr1410.pdf,2025-10-13,2025-10-14,2025-10-15,2025-10-15T07:30:00,VISHVA VINAY,VISHVA VINAY,SAILS,EQ-2,07:30,229.0,32.24,14.5,TH.COAL,26000.0,,6,"15-10-25 EQ-2MV. VISHVA VINAY SAILS 229.00 TH.COAL 07:30 26,000 32.24 14.50"
dtr1410.pdf,2025-10-13,2025-10-14,2025-10-15,2025-10-15T08:30:00,DRISHTI,DRISHTI,BERTHS,NQ-3,08:30,71.0,14.2,0.0,GYPSUM,3200.0,,6,"15-10-25 NQ-3MV. DRISHTI BERTHS 71.00 GYPSUM 08:30 3,200 14.20 0.00"
dtr1410.pdf,2025-10-13,2025-10-14,2025-10-15,2025-10-15T09:00:00,SIMURGH,SIMURGH,SAILS,SQ,09:00,189.99,32.26,12.13,P.COKE,50347.0,,6,"15-10-25 SQMV. SIMURGH SAILS 189.99 P.COKE 09:00 50,347 32.26 12.13"
dtr1410.pdf,2025-10-13,2025-10-14,2025-10-15,2025-10-15T09:30:00,ULUSOY 12,ULUSOY 12,BERTHS,SQ,09:30,229.0,32.26,0.0,A. COAL,19500.0,,6,"15-10-25 SQMV. ULUSOY 12 BERTHS 229.00 A. COAL 09:30 19,500 32.26 0.00"
dtr1410.pdf,2025-10-13,2025-10-14,2025-10-15,2025-10-15T10:00:00,UTAKI,UTAKI,BERTHS,SPM-3,10:00,241.0,42.0,15.0,CRUDE OIL,99589.0,,6,"15-10-25 SPM-3MT. UTAKI BERTHS 241.00 CRUDE OIL 10:00 99,589 42.00 15.00"
dtr1510.pdf,2025-10-14,2025-10-15,2025-10-15,2025-10-15T10:30:00,DRISHTI,DRISHTI,BERTHS,NQ-3,10:30,71.0,14.2,0.0,GYPSUM,3200.0,,6,"15-10-25 NQ-3MV. DRISHTI BERTHS 71.00 GYPSUM 10:30 3,200 14.20 0.00"
dtr1510.pdf,2025-10-14,2025-10-15,2025-10-15,2025-10-15T11:00:00,SIMURGH,SIMURGH,SAILS,SQ,11:00,189.99,32.26,12.13,P.COKE,50347.0,,6,"15-10-25 SQMV. SIMURGH SAILS 189.99 P.COKE 11:00 50,347 32.26 12.13"
dtr1510.pdf,2025-10-14,2025-10-15,2025-10-15,2025-10-15T11:30:00,ULUSOY 12,ULUSOY 12,BERTHS,SQ,11:30,229.0,32.26,0.0,A. COAL,19500.0,,6,"15-10-25 SQMV. ULUSOY 12 BERTHS 229.00 A. COAL 11:30 19,500 32.26 0.00"
dtr1510.pdf,2025-10-14,2025-10-15,2025-10-15,2025-10-15T11:54:00,UTAKI,UTAKI,BERTHS,SPM-3,11:54,241.0,42.0,15.0,CRUDE OIL,99589.0,,6,"15-10-25 SPM-3MT. UTAKI BERTHS 241.00 CRUDE OIL 11:54 99,589 42.00 15.00"
dtr1510.pdf,2025-10-14,2025-10-15,2025-10-15,2025-10-15T12:00:00,VISHVA VINAY,VISHVA VINAY,SAILS,EQ-2,12:00,229.0,32.24,14.5,TH.COAL,77109.0,,6,"15-10-25 EQ-2MV. VISHVA VINAY SAILS 229.00 TH.COAL 12:00 77,109 32.24 14.50"
dtr1510.pdf,2025-10-14,2025-10-15,2025-10-15,2025-10-15T16:00:00,MBS TAISHI,MBS TAISHI,SAILS,PICT,16:00,199.9,32.26,10.83,UREA,43336.0,,6,"15-10-25 PICTMV. MBS TAISHI SAILS 199.90 UREA 16:00 43,336 32.26 10.83"
dtr1510.pdf,2025-10-14,2025-10-15,2025-10-15,2025-10-15T16:30:00,GALAXY GLORY,GALAXY GLORY,BERTHS,PICT,16:30,119.9,21.2,4.65,AL. INGOTS,10200.0,,6,"15-10-25 PICTMV. GALAXY GLORY BERTHS 119.90 AL. INGOTS 16:30 10,200 21.20 4.65"
dtr1510.pdf,2025-10-14,2025-10-15,2025-10-15,2025-10-15T18:00:00,NIREAS,NIREAS,SAILS,CB-1,18:00,229.02,32.26,14.5,TH.COAL,78000.0,,6,"15-10-25 CB-1MV. NIREAS SAILS 229.02 TH.COAL 18:00 78,000 32.26 14.50"
dtr1510.pdf,2025-10-14,2025-10-15,2025-10-15,2025-10-15T18:30:00,HARVEST,HARVEST,SAILS,NOJ,18:30,179.8,32.2,10.5,HSD/M.SPIRIT,16529.0,,6,"15-10-25 NOJMT. HARVEST SAILS 179.80 HSD/M.SPIRIT 18:30 16,529 32.20 10.50"
dtr1510.pdf,2025-10-14,2025-10-15,2025-10-15,2025-10-15T19:30:00,VOSCO STARLIGHT,VOSCO STARLIGHT,SAILS,CB-2,19:30,190.0,32.26,12.75,TH.COAL,54200.0,,6,"15-10-25 CB-2MV. VOSCO STARLIGHT SAILS 190.00 TH.COAL 19:30 54,200 32.26 12.75"
dtr1610.pdf,2025-10-15,2025-10-16,2025-10-16,2025-10-16T00:12:00,DECCAN PRIDE,DECCAN PRIDE,BERTHS,CB-1,00:12,225.0,32.26,14.5,TH.COAL,74000.0,,7,"16-10-25 CB-1MV. DECCAN PRIDE BERTHS 225.00 TH.COAL 00:12 74,000 32.26 14.50"
dtr1610.pdf,2025-10-15,2025-10-16,2025-10-16,2025-10-16T01:12:00,OSIRIS,OSIRIS,BERTHS,NIOB,01:12,189.99,36.6,11.5,I.ORE,50000.0,,7,"16-10-25 NIOBMV. OSIRIS BERTHS 189.99 I.ORE 01:12 50,000 32.26 0.00 16-10-25 ANCHORAGEMT. GAS AL NEGEH SHIFTS 225.48 BUTANE/PROPA NE 03:12 ON A/C IOCL 25,588 36.60 11.50"
dtr1510.pdf,2025-10-14,2025-10-15,2025-10-16,2025-10-16T05:00:00,PVT AURORA,PVT AURORA,SAILS,FB-1,05:00,146.19,24.2,9.46,SUL ACID,18811.0,,6,"16-10-25 FB-1MT. PVT AURORA SAILS 146.19 SUL ACID 05:00 18,811 24.20 9.46"
dtr1510.pdf,2025-10-14,2025-10-15,2025-10-16,2025-10-16T07:00:00,GANESHWAR,GANESHWAR,BERTHS,NQ-3,07:00,72.0,14.0,0.0,GYPSUM,3200.0,,6,"16-10-25 NQ-3MV. GANESHWAR BERTHS 72.00 GYPSUM 07:00 3,200 14.00 0.00"
dtr1610.pdf,2025-10-15,2025-10-16,2025-10-16,2025-10-16T08:12:00,SWARNA PUSHP,SWARNA PUSHP,BERTHS,SOJ,08:12,184.95,28.4,10.1,HSD,30000.0,,7,"16-10-25 SOJMT. SWARNA PUSHP BERTHS 184.95 HSD 08:12 30,000 32.23 0.00 16-10-25 NQ-3MV. GOLDEN BRIGHT REBERTHS 177.00 A. SULPHATE 09:24 ON A/C PPL 21,948 28.40 10.10"
dtr1610.pdf,2025-10-15,2025-10-16,2025-10-16,2025-10-16T09:48:00,DESH SHANTI,DESH SHANTI,BERTHS,SPM,09:48,274.0,48.0,15.6,CRUDE OIL,135673.0,,7,"16-10-25 SPMMT. DESH SHANTI BERTHS 274.00 CRUDE OIL 09:48 135,673 48.00 15.60"
dtr1610.pdf,2025-10-15,2025-10-16,2025-10-16,2025-10-16T10:00:00,THERESA GALAXY,THERESA GALAXY,BERTHS,FB-2,10:00,147.83,24.2,9.6,SUL ACID,18000.0,,7,"16-10-25 FB-2MT. THERESA GALAXY BERTHS 147.83 SUL ACID 10:00 18,000 24.20 9.60"
dtr1610.pdf,2025-10-15,2025-10-16,2025-10-16,2025-10-16T10:05:00,PVT AURORA,PVT AURORA,SAILS,FB-1,10:05,146.19,24.2,9.46,SUL ACID,18811.0,,7,"16-10-25 FB-1MT. PVT AURORA SAILS 146.19 SUL ACID 10:05 18,811 24.20 9.46"
dtr1610.pdf,2025-10-15,2025-10-16,2025-10-16,2025-10-16T10:30:00,GLOBE CLEOPATRA,GLOBE CLEOPATRA,BERTHS,FB-1,10:30,189.99,32.26,12.29,ROCK PHOS.,53700.0,,7,"16-10-25 FB-1MV. GLOBE CLEOPATRA BERTHS 189.99 ROCK PHOS. 10:30 53,700 32.26 12.29"
dtr1610.pdf,2025-10-15,2025-10-16,2025-10-16,2025-10-16T11:00:00,JAL KUMUD,JAL KUMUD,SAILS,EQ-3,11:00,224.94,32.26,14.5,TH.COAL,73300.0,,7,"16-10-25 EQ-3MV. JAL KUMUD SAILS 224.94 TH.COAL 11:00 73,300 32.26 14.50 16-10-25 NQ-1MT. OSL TANKER II SHIFTS 49.30 NO 11:15 ON A/C VESSEL 10.36 0.00 16-10-25 EQ-2MV. DECCAN PRIDE SHIFTS 225.00 TH.COAL 11:30 ON A/C PORT 25,000 32.26 14.50"
dtr1610.pdf,2025-10-15,2025-10-16,2025-10-16,2025-10-16T12:00:00,APJ JAOUAD,APJ JAOUAD,BERTHS,CB-1,12:00,225.0,32.2,0.0,TH.COAL,75000.0,,7,"16-10-25 CB-1MV. APJ JAOUAD BERTHS 225.00 TH.COAL 12:00 75,000 32.20 0.00"
dtr1610.pdf,2025-10-15,2025-10-16,2025-10-16,2025-10-16T12:30:00,AQUAVITA ETERNITY,AQUAVITA ETERNITY,BERTHS,KICT,12:30,229.0,32.26,14.64,C.COAL,45297.0,,7,"16-10-25 KICTMV. AQUAVITA ETERNITY BERTHS 229.00 C.COAL 12:30 45,297 32.26 14.64"
dtr1610.pdf,2025-10-15,2025-10-16,2025-10-16,2025-10-16T15:00:00,CHOLA MELODY,CHOLA MELODY,BERTHS,EQ-3,15:00,224.99,11.5,3.2,TH.COAL,75000.0,,7,"16-10-25 EQ-3MV. CHOLA MELODY BERTHS 224.99 TH.COAL 15:00 75,000 32.26 14.50 16-10-25 NQ-1MT. OSL TANKER II SHIFTS 49.30 NO 16:00 ON A/C VESSEL 10.36 0.00 16-10-25 NQ-1MT. VAMSEE SHIFTS 69.81 NO 16:30 ON A/C VESSEL 11.50 3.20"
dtr1610.pdf,2025-10-15,2025-10-16,2025-10-16,2025-10-16T20:00:00,UTAKI,UTAKI,SAILS,SPM-3,20:00,241.0,42.0,15.0,CRUDE OIL,99466.0,,7,"16-10-25 SPM-3MT. UTAKI SAILS 241.00 CRUDE OIL 20:00 99,466 42.00 15.00"
dtr1610.pdf,2025-10-15,2025-10-16,2025-10-16,2025-10-16T22:00:00,HTP AMBER,HTP AMBER,SAILS,NQ-2,22:00,108.22,32.26,14.5,SCARP,9504.0,,7,"16-10-25 NQ-2MV. HTP AMBER SAILS 108.22 SCARP 22:00 9,504 19.60 8.80 16-10-25 CQ-3MV. AMNSI STALLION SHIFTS 229.00 I.ORE PELLET/LAM 23:00 ON A/C AMNSIPL. 15,250 32.26 14.50"
dtr1710.pdf,2025-10-16,2025-10-17,2025-10-16,2025-10-16T22:54:00,RED ORCHID,RED ORCHID,SAILS,IOB,22:54,199.9,32.24,13.0,I.ORE,59470.0,,5,"16-10-25 IOBMV. RED ORCHID SAILS 199.90 I.ORE 22:54 59,470 32.24 13.00"
dtr1610.pdf,2025-10-15,2025-10-16,2025-10-16,2025-10-16T23:30:00,MSXT HELEN,MSXT HELEN,BERTHS,CQ-2,23:30,229.0,32.26,14.5,S.COAL,82001.0,,7,"16-10-25 CQ-2MV. MSXT HELEN BERTHS 229.00 S.COAL 23:30 82,001 36.00 14.50 17-10-25 CB-2MV. ULUSOY 12 SHIFTS 229.00 TH.COAL 01:00 ON A/C SARAT CHATTERJEE (WHICHEVER VESSEL TENDER NOR FIRST) 32.26 14.50"
dtr1710.pdf,2025-10-16,2025-10-17,2025-10-17,2025-10-17T00:18:00,VAN INFINITY,VAN INFINITY,BERTHS,PICT-2,00:18,189.99,32.26,0.0,HR. COIL,45000.0,,5,"17-10-25 PICT-2MV. VAN INFINITY BERTHS 189.99 HR. COIL 00:18 45,000 32.26 0.00"
dtr1610.pdf,2025-10-15,2025-10-16,2025-10-17,2025-10-17T01:01:00,KIRA OLDENDORFF,KIRA OLDENDORFF,BERTHS,CB-2,01:01,229.0,32.26,0.0,TH.COAL,77000.0,WHICHEVER VESSEL TENDER NOR FIRST,7,"17-10-25 CB-2MV. KIRA OLDENDORFF BERTHS 229.00 TH.COAL 01:01 WHICHEVER VESSEL TENDER NOR FIRST 77,000 32.26 0.00"
dtr1610.pdf,2025-10-15,2025-10-16,2025-10-17,2025-10-17T04:00:00,STAR CAPOEIRA,STAR CAPOEIRA,SAILS,MPB,04:00,229.0,32.26,14.49,LM. ST./PYROXENIT,78282.0,,7,"17-10-25 MPBMV. STAR CAPOEIRA SAILS 229.00 LM. ST./PYROXENIT 04:00 78,282 32.26 14.49"
dtr1610.pdf,2025-10-15,2025-10-16,2025-10-17,2025-10-17T06:00:00,OSIRIS,OSIRIS,SAILS,NIOB,06:00,189.99,32.26,0.0,I.ORE,51800.0,,7,"17-10-25 NIOBMV. OSIRIS SAILS 189.99 I.ORE 06:00 51,800 32.26 0.00"
dtr1710.pdf,2025-10-16,2025-10-17,2025-10-17,2025-10-17T06:42:00,STAR CAPOEIRA,STAR CAPOEIRA,SAILS,MPB,06:42,229.0,32.26,0.0,LM. ST./PYROXENIT,78282.0,,5,"17-10-25 MPBMV. STAR CAPOEIRA SAILS 229.00 LM. ST./PYROXENIT 06:42 78,282 32.26 14.49 17-10-25 ANCHORAGEMV. ULUSOY 12 SHIFTS 229.00 A. COAL 07:12 ON A/C VESSEL 19,500 32.26 0.00"
dtr1610.pdf,2025-10-15,2025-10-16,2025-10-17,2025-10-17T07:00:00,GANESHWAR,GANESHWAR,BERTHS,NQ-2,07:00,72.0,14.0,0.0,GYPSUM,3200.0,,7,"17-10-25 NQ-2MV. GANESHWAR BERTHS 72.00 GYPSUM 07:00 3,200 14.00 0.00"
dtr1710.pdf,2025-10-16,2025-10-17,2025-10-17,2025-10-17T09:42:00,OSIRIS,OSIRIS,SAILS,NIOB,09:42,189.99,32.26,0.0,I.ORE,51800.0,,5,"17-10-25 NIOBMV. OSIRIS SAILS 189.99 I.ORE 09:42 51,800 32.26 0.00"
dtr1710.pdf,2025-10-16,2025-10-17,2025-10-17,2025-10-17T09:45:00,GANESHWAR,GANESHWAR,BERTHS,NQ-2,09:45,72.0,14.0,0.0,GYPSUM,3200.0,,5,"17-10-25 NQ-2MV. GANESHWAR BERTHS 72.00 GYPSUM 09:45 3,200 14.00 0.00"
dtr1710.pdf,2025-10-16,2025-10-17,2025-10-17,2025-10-17T11:06:00,TOMINI DESTINY,TOMINI DESTINY,BERTHS,NIOB,11:06,199.9,32.26,13.5,I.ORE,60000.0,,5,"17-10-25 NIOBMV. TOMINI DESTINY BERTHS 199.90 I.ORE 11:06 60,000 32.26 13.50"
dtr1710.pdf,2025-10-16,2025-10-17,2025-10-17,2025-10-17T13:00:00,DECCAN PRIDE,DECCAN PRIDE,SAILS,EQ-2,13:00,225.0,32.26,14.5,TH.COAL,74010.0,,5,"17-10-25 EQ-2MV. DECCAN PRIDE SAILS 225.00 TH.COAL 13:00 74,010 32.26 14.50 17-10-25 EQ-2MV. KIRA OLDENDORFF SHIFTS 229.00 TH.COAL 14:30 ON A/C PORT 30,000 32.26 0.00 17-10-25 CB-2MV. ULUSOY 12 REBERTHS 229.00 TH.COAL 15:00 ON A/C VESSEL 32.26 14.50"
dtr1710.pdf,2025-10-16,2025-10-17,2025-10-17,2025-10-17T20:00:00,AFRICAN CHEETAH,AFRICAN CHEETAH,BERTHS,MPB,20:00,199.99,36.0,12.98,GYPSUM,29650.0,,5,"17-10-25 MPBMV. AFRICAN CHEETAH BERTHS 199.99 GYPSUM 20:00 29,650 36.00 12.98"
dtr1710.pdf,2025-10-16,2025-10-17,2025-10-17,2025-10-17T20:30:00,SWARNA PUSHP,SWARNA PUSHP,SAILS,SOJ,20:30,184.95,32.23,0.0,HSD,37700.0,,5,"17-10-25 SOJMT. SWARNA PUSHP SAILS 184.95 HSD 20:30 37,700 32.23 0.00"
dtr1710.pdf,2025-10-16,2025-10-17,2025-10-17,2025-10-17T21:00:00,DESH SHANTI,DESH SHANTI,SAILS,SPM,21:00,274.0,48.0,15.6,CRUDE OIL,135970.0,,5,"17-10-25 SPMMT. DESH SHANTI SAILS 274.00 CRUDE OIL 21:00 135,970 48.00 15.60"
dtr1710.pdf,2025-10-16,2025-10-17,2025-10-17,2025-10-17T22:00:00,CHOLA MELODY,CHOLA MELODY,SAILS,EQ-3,22:00,224.99,32.26,14.5,TH.COAL,74600.0,,5,"17-10-25 EQ-3MV. CHOLA MELODY SAILS 224.99 TH.COAL 22:00 74,600 32.26 14.50"
dtr1710.pdf,2025-10-16,2025-10-17,2025-10-17,2025-10-17T22:30:00,VISHVA VIKAS,VISHVA VIKAS,BERTHS,EQ-3,22:30,190.0,32.26,13.0,TH.COAL,55400.0,,5,"17-10-25 EQ-3MV. VISHVA VIKAS BERTHS 190.00 TH.COAL 22:30 55,400 32.26 13.00"
dtr1710.pdf,2025-10-16,2025-10-17,2025-10-17,2025-10-17T23:00:00,APJ JAOUAD,APJ JAOUAD,SAILS,CB-1,23:00,225.0,32.2,0.0,TH.COAL,75430.0,,5,"17-10-25 CB-1MV. APJ JAOUAD SAILS 225.00 TH.COAL 23:00 75,430 32.20 0.00"
dtr1710.pdf,2025-10-16,2025-10-17,2025-10-18,2025-10-18T03:00:00,AMNSI STALLION,AMNSI STALLION,SAILS,CQ-3,03:00,229.0,32.26,14.5,I.ORE PELLET/LAM,79350.0,,5,"18-10-25 CQ-3MV. AMNSI STALLION SAILS 229.00 I.ORE PELLET/LAM 03:00 79,350 32.26 14.50"
dtr1710.pdf,2025-10-16,2025-10-17,2025-10-18,2025-10-18T06:00:00,AQUAVITA ETERNITY,AQUAVITA ETERNITY,SAILS,KICT,06:00,229.0,32.26,14.64,C.COAL,45297.0,,5,"18-10-25 KICTMV. AQUAVITA ETERNITY SAILS 229.00 C.COAL 06:00 45,297 32.26 14.64"
dtr1810.pdf,2025-10-17,2025-10-18,2025-10-18,2025-10-18T06:48:00,AQUAVITA ETERNITY,AQUAVITA ETERNITY,SAILS,KICT,06:48,229.0,32.26,0.0,C.COAL,45297.0,,6,"18-10-25 KICTMV. AQUAVITA ETERNITY SAILS 229.00 C.COAL 06:48 45,297 32.26 14.64 18-10-25 EQ-2MV. KIRA OLDENDORFF SHIFTS 229.00 TH.COAL 07:00 ON A/C PORT 44,382 32.26 0.00"
dtr1710.pdf,2025-10-16,2025-10-17,2025-10-18,2025-10-18T08:30:00,DRISHTI,DRISHTI,BERTHS,NQ-2,08:30,71.0,14.2,0.0,GYPSUM,3200.0,,5,"18-10-25 NQ-2MV. DRISHTI BERTHS 71.00 GYPSUM 08:30 3,200 14.20 0.00"
dtr1810.pdf,2025-10-17,2025-10-18,2025-10-18,2025-10-18T08:30:00,VISHVA VIKAS,VISHVA VIKAS,BERTHS,EQ-3,08:30,190.0,32.26,13.0,TH.COAL,55400.0,,6,"18-10-25 EQ-3MV. VISHVA VIKAS BERTHS 190.00 TH.COAL 08:30 55,400 32.26 13.00"
dtr1810.pdf,2025-10-17,2025-10-18,2025-10-18,2025-10-18T09:12:00,DRISHTI,DRISHTI,BERTHS,NQ-2,09:12,71.0,14.2,2.9,GYPSUM,3200.0,,6,"18-10-25 NQ-2MV. DRISHTI BERTHS 71.00 GYPSUM 09:12 3,200 14.20 2.90"
dtr1810.pdf,2025-10-17,2025-10-18,2025-10-18,2025-10-18T09:30:00,BALTIC LOYALTY,BALTIC LOYALTY,BERTHS,SPM-2,09:30,333.13,60.05,20.7,CRUDE OIL,275931.0,,6,"18-10-25 SPM-2MT. BALTIC LOYALTY BERTHS 333.13 CRUDE OIL 09:30 275,931 60.05 20.70"
dtr1810.pdf,2025-10-17,2025-10-18,2025-10-18,2025-10-18T11:00:00,SWARNA PUSHP,SWARNA PUSHP,SAILS,SOJ,11:00,184.95,32.23,0.0,HSD,37811.0,,6,"18-10-25 SOJMT. SWARNA PUSHP SAILS 184.95 HSD 11:00 37,811 32.23 0.00"
dtr1810.pdf,2025-10-17,2025-10-18,2025-10-18,2025-10-18T11:15:00,TOMINI DESTINY,TOMINI DESTINY,SAILS,NIOB,11:15,199.9,32.26,13.5,I.ORE,61726.0,,6,"18-10-25 NIOBMV. TOMINI DESTINY SAILS 199.90 I.ORE 11:15 61,726 32.26 13.50"
dtr1810.pdf,2025-10-17,2025-10-18,2025-10-18,2025-10-18T11:30:00,ELEPHANT,ELEPHANT,BERTHS,SPM-3,11:30,245.07,42.0,0.0,CRUDE OIL,99552.0,,6,"18-10-25 SPM-3MT. ELEPHANT BERTHS 245.07 CRUDE OIL 11:30 99,552 42.00 0.00"
dtr1810.pdf,2025-10-17,2025-10-18,2025-10-18,2025-10-18T12:00:00,XING SHUN HAI,XING SHUN HAI,BERTHS,NIOB,12:00,228.99,36.0,12.98,I.ORE,75000.0,,6,"18-10-25 NIOBMV. XING SHUN HAI BERTHS 228.99 I.ORE 12:00 75,000 32.26 0.00 18-10-25 SQMV. AFRICAN CHEETAH SHIFTS 199.99 GYPSUM 12:30 ON A/C PORT 29,650 36.00 12.98"
dtr1810.pdf,2025-10-17,2025-10-18,2025-10-18,2025-10-18T13:45:00,GREEK FRIENDSHIP,GREEK FRIENDSHIP,BERTHS,MPB,13:45,228.9,32.25,0.0,C.COAL,79515.0,,6,"18-10-25 MPBMV. GREEK FRIENDSHIP BERTHS 228.90 C.COAL 13:45 79,515 32.25 0.00"
dtr1810.pdf,2025-10-17,2025-10-18,2025-10-18,2025-10-18T18:00:00,FPMC 25,FPMC 25,BERTHS,SOJ,18:00,182.5,32.2,0.0,NAPTHA,35000.0,,6,"18-10-25 SOJMT. FPMC 25 BERTHS 182.50 NAPTHA 18:00 35,000 32.20 0.00"
dtr1810.pdf,2025-10-17,2025-10-18,2025-10-18,2025-10-18T18:30:00,THERESA GALAXY,THERESA GALAXY,SAILS,FB-2,18:30,147.83,14.2,2.9,SUL ACID,17184.0,,6,"18-10-25 FB-2MT. THERESA GALAXY SAILS 147.83 SUL ACID 18:30 17,184 24.20 9.60 18-10-25 IOBMV. DRISHTI SHIFTS 71.00 GYPSUM 22:00 ON A/C PORT 3,200 14.20 2.90"
dtr1810.pdf,2025-10-17,2025-10-18,2025-10-18,2025-10-18T22:30:00,SEA GULL 9,SEA GULL 9,BERTHS,NQ-2,22:30,127.52,18.2,7.5,CRD PALMOIL,9000.0,,6,"18-10-25 NQ-2MT. SEA GULL 9 BERTHS 127.52 CRD PALMOIL 22:30 9,000 18.20 7.50"
dtr1810.pdf,2025-10-17,2025-10-18,2025-10-19,2025-10-19T01:00:00,GLOBE CLEOPATRA,GLOBE CLEOPATRA,SAILS,FB-1,01:00,189.99,32.26,12.39,ROCK PHOS.,53700.0,,6,"19-10-25 FB-1MV. GLOBE CLEOPATRA SAILS 189.99 ROCK PHOS. 01:00 53,700 32.26 12.39"
dtr1910.pdf,2025-10-18,2025-10-19,2025-10-19,2025-10-19T01:42:00,NAVIGATOR GLORY,NAVIGATOR GLORY,BERTHS,FB-2,01:42,154.17,32.23,0.0,AMMONIA,14803.0,,6,"19-10-25 FB-2MT. NAVIGATOR GLORY BERTHS 154.17 AMMONIA 01:42 14,803 25.50 8.90 19-10-25 NOJMT. HARI PRIYA REBERTHS 183.00 M.SPIRIT 05:12 ON A/C IOCL 9,000 32.23 0.00"
dtr1810.pdf,2025-10-17,2025-10-18,2025-10-19,2025-10-19T02:00:00,GIORGAKIS,GIORGAKIS,SAILS,CQ-1,02:00,229.0,32.26,14.5,S.COAL,77077.0,,6,"19-10-25 CQ-1MV. GIORGAKIS SAILS 229.00 S.COAL 02:00 77,077 32.26 14.50"
dtr1810.pdf,2025-10-17,2025-10-18,2025-10-19,2025-10-19T05:00:00,DRISHTI,DRISHTI,SAILS,IOB,05:00,71.0,14.2,2.9,GYPSUM,3200.0,,6,"19-10-25 IOBMV. DRISHTI SAILS 71.00 GYPSUM 05:00 3,200 14.20 2.90"
dtr1910.pdf,2025-10-18,2025-10-19,2025-10-19,2025-10-19T07:42:00,KIRA OLDENDORFF,KIRA OLDENDORFF,SAILS,EQ-2,07:42,229.0,32.26,0.0,TH.COAL,44432.0,,6,"19-10-25 EQ-2MV. KIRA OLDENDORFF SAILS 229.00 TH.COAL 07:42 44,432 32.26 0.00"
dtr1810.pdf,2025-10-17,2025-10-18,2025-10-19,2025-10-19T08:30:00,ULUSOY 12,ULUSOY 12,SAILS,CB-1,08:30,229.0,32.26,14.5,TH.COAL,77700.0,,6,"19-10-25 CB-1MV. ULUSOY 12 SAILS 229.00 TH.COAL 08:30 77,700 32.26 14.50"
dtr1810.pdf,2025-10-17,2025-10-18,2025-10-19,2025-10-19T09:00:00,AFRICAN CHEETAH,AFRICAN CHEETAH,SAILS,SQ,09:00,199.99,36.0,12.98,GYPSUM,29650.0,,6,"19-10-25 SQMV. AFRICAN CHEETAH SAILS 199.99 GYPSUM 09:00 29,650 36.00 12.98"
dtr1810.pdf,2025-10-17,2025-10-18,2025-10-19,2025-10-19T10:00:00,MYKONOS,MYKONOS,BERTHS,CQ-1,10:00,229.0,32.26,14.45,C.COAL,45959.0,,6,"19-10-25 CQ-1MV. MYKONOS BERTHS 229.00 C.COAL 10:00 45,959 32.26 14.45"
dtr1910.pdf,2025-10-18,2025-10-19,2025-10-19,2025-10-19T10:00:00,MYKONOS,MYKONOS,BERTHS,CQ-1,10:00,229.0,32.26,14.45,C.COAL,45959.0,,6,"19-10-25 CQ-1MV. MYKONOS BERTHS 229.00 C.COAL 10:00 45,959 32.26 14.45"
dtr1810.pdf,2025-10-17,2025-10-18,2025-10-19,2025-10-19T10:30:00,GALAXY GLORY,GALAXY GLORY,SAILS,PICT,10:30,119.9,21.2,4.6,AL. INGOTS,10072.0,,6,"19-10-25 PICTMV. GALAXY GLORY SAILS 119.90 AL. INGOTS 10:30 10,072 21.20 4.60"
dtr1910.pdf,2025-10-18,2025-10-19,2025-10-19,2025-10-19T11:00:00,ULUSOY 12,ULUSOY 12,SAILS,CB-1,11:00,229.0,11.5,3.1,TH.COAL,77700.0,,6,"19-10-25 CB-1MV. ULUSOY 12 SAILS 229.00 TH.COAL 11:00 77,700 32.26 14.50 19-10-25 NQ-1MT. OSL TANKER II SHIFTS 49.30 NO 11:30 ON A/C VESSEL 10.36 0.00 19-10-25 NQ-1MT. VAMSEE SHIFTS 69.81 NO 12:00 ON A/C VESSEL 11.50 3.10"
dtr1910.pdf,2025-10-18,2025-10-19,2025-10-19,2025-10-19T14:00:00,APJ INDRANI,APJ INDRANI,BERTHS,IOB,14:00,225.0,32.2,14.5,TH.COAL,75000.0,,6,"19-10-25 IOBMV. APJ INDRANI BERTHS 225.00 TH.COAL 14:00 75,000 32.20 14.50"
dtr1910.pdf,2025-10-18,2025-10-19,2025-10-19,2025-10-19T14:30:00,GALAXY GLORY,GALAXY GLORY,SAILS,PICT,14:30,119.9,21.2,4.6,AL. INGOTS,10072.0,,6,"19-10-25 PICTMV. GALAXY GLORY SAILS 119.90 AL. INGOTS 14:30 10,072 21.20 4.60"
dtr1910.pdf,2025-10-18,2025-10-19,2025-10-19,2025-10-19T15:00:00,ELEOVRYTISSA,ELEOVRYTISSA,BERTHS,PICT,15:00,189.99,18.5,9.78,STEEL SLAB,30000.0,,6,"19-10-25 PICTMV. ELEOVRYTISSA BERTHS 189.99 STEEL SLAB 15:00 30,000 18.50 9.78"
dtr1910.pdf,2025-10-18,2025-10-19,2025-10-19,2025-10-19T15:30:00,VISHVA VIKAS,VISHVA VIKAS,SAILS,EQ-3,15:30,190.0,32.26,13.0,TH.COAL,55470.0,,6,"19-10-25 EQ-3MV. VISHVA VIKAS SAILS 190.00 TH.COAL 15:30 55,470 32.26 13.00"
dtr1910.pdf,2025-10-18,2025-10-19,2025-10-19,2025-10-19T16:00:00,AFRICAN CHEETAH,AFRICAN CHEETAH,SAILS,SQ,16:00,199.99,25.5,8.9,GYPSUM,30300.0,,6,"19-10-25 SQMV. AFRICAN CHEETAH SAILS 199.99 GYPSUM 16:00 30,300 36.00 12.98 19-10-25 SQMV. GOLDEN BRIGHT SHIFTS 177.00 A. SULPHATE 17:00 ON A/C PPL 21,948 28.40 10.10 19-10-25 FB-1MT. NAVIGATOR GLORY SHIFTS 154.17 AMMONIA 18:00 ON A/C PPL 5,001 25.50 8.90"
dtr1910.pdf,2025-10-18,2025-10-19,2025-10-19,2025-10-19T21:00:00,ELEPHANT,ELEPHANT,SAILS,SPM-3,21:00,245.07,42.0,0.0,CRUDE OIL,99232.0,,6,"19-10-25 SPM-3MT. ELEPHANT SAILS 245.07 CRUDE OIL 21:00 99,232 42.00 0.00"
dtr1910.pdf,2025-10-18,2025-10-19,2025-10-19,2025-10-19T23:00:00,HARI PRIYA,HARI PRIYA,SAILS,NOJ,23:00,183.0,32.23,0.0,M.SPIRIT,9000.0,,6,"19-10-25 NOJMT. HARI PRIYA SAILS 183.00 M.SPIRIT 23:00 9,000 32.23 0.00"
dtr1910.pdf,2025-10-18,2025-10-19,2025-10-20,2025-10-20T06:00:00,XING SHUN HAI,XING SHUN HAI,SAILS,NIOB,06:00,228.99,32.26,0.0,I.ORE,76852.0,,6,"20-10-25 NIOBMV. XING SHUN HAI SAILS 228.99 I.ORE 06:00 76,852 32.26 0.00"
dtr2010.pdf,2025-10-19,2025-10-20,2025-10-20,2025-10-20T07:42:00,CHOLA PROSPERITY,CHOLA PROSPERITY,BERTHS,EQ-2,07:42,225.0,32.26,14.5,TH.COAL,75000.0,,6,"20-10-25 EQ-2MV. CHOLA PROSPERITY BERTHS 225.00 TH.COAL 07:42 75,000 32.26 14.50"
dtr1910.pdf,2025-10-18,2025-10-19,2025-10-20,2025-10-20T09:30:00,GANESHWAR,GANESHWAR,BERTHS,NQ-3,09:30,72.0,14.0,3.0,GYPSUM,1800.0,,6,"20-10-25 NQ-3MV. GANESHWAR BERTHS 72.00 GYPSUM 09:30 1,800 14.00 3.00"
dtr1910.pdf,2025-10-18,2025-10-19,2025-10-20,2025-10-20T10:00:00,MSXT HELEN,MSXT HELEN,SAILS,CQ-2,10:00,229.0,36.0,14.5,S.COAL,82001.0,,6,"20-10-25 CQ-2MV. MSXT HELEN SAILS 229.00 S.COAL 10:00 82,001 36.00 14.50"
dtr2010.pdf,2025-10-19,2025-10-20,2025-10-20,2025-10-20T10:06:00,NAVIGATOR RIDGE,NAVIGATOR RIDGE,BERTHS,SPM-3,10:06,248.99,43.8,0.0,CRUDE OIL,99570.0,,6,"20-10-25 SPM-3MT. NAVIGATOR RIDGE BERTHS 248.99 CRUDE OIL 10:06 99,570 43.80 0.00"
dtr2010.pdf,2025-10-19,2025-10-20,2025-10-20,2025-10-20T10:25:00,GANESHWAR,GANESHWAR,BERTHS,NQ-3,10:25,72.0,14.0,3.0,GYPSUM,1800.0,,6,"20-10-25 NQ-3MV. GANESHWAR BERTHS 72.00 GYPSUM 10:25 1,800 14.00 3.00"
dtr2010.pdf,2025-10-19,2025-10-20,2025-10-20,2025-10-20T10:30:00,FPMC 25,FPMC 25,SAILS,SOJ,10:30,182.5,36.6,11.5,NAPTHA,35000.0,,6,"20-10-25 SOJMT. FPMC 25 SAILS 182.50 NAPTHA 10:30 35,000 32.20 0.00 20-10-25 SOJMT. GAS AL NEGEH REBERTHS 225.48 BUTANE/PROPA NE 11:00 ON A/C IOCL 25,588 36.60 11.50"
dtr1910.pdf,2025-10-18,2025-10-19,2025-10-20,2025-10-20T11:00:00,FRONTIER BONANZA,FRONTIER BONANZA,BERTHS,KICT,11:00,291.97,45.0,16.5,PCI COAL,152070.0,,6,"20-10-25 KICTMV. FRONTIER BONANZA BERTHS 291.97 PCI COAL 11:00 152,070 45.00 16.50"
dtr1910.pdf,2025-10-18,2025-10-19,2025-10-20,2025-10-20T11:30:00,FPMC 25,FPMC 25,SAILS,SOJ,11:30,182.5,32.2,0.0,NAPTHA,35000.0,,6,"20-10-25 SOJMT. FPMC 25 SAILS 182.50 NAPTHA 11:30 35,000 32.20 0.00"
dtr2010.pdf,2025-10-19,2025-10-20,2025-10-20,2025-10-20T11:30:00,HARI PRIYA,HARI PRIYA,SAILS,NOJ,11:30,183.0,32.23,0.0,M.SPIRIT,11000.0,,6,"20-10-25 NOJMT. HARI PRIYA SAILS 183.00 M.SPIRIT 11:30 11,000 32.23 0.00"
dtr2010.pdf,2025-10-19,2025-10-20,2025-10-20,2025-10-20T12:30:00,MSXT HELEN,MSXT HELEN,SAILS,CQ-2,12:30,229.0,36.0,14.5,S.COAL,82001.0,,6,"20-10-25 CQ-2MV. MSXT HELEN SAILS 229.00 S.COAL 12:30 82,001 36.00 14.50"
dtr2010.pdf,2025-10-19,2025-10-20,2025-10-20,2025-10-20T14:00:00,BALTIC LOYALTY,BALTIC LOYALTY,SAILS,SPM-2,14:00,333.13,60.05,20.7,CRUDE OIL,275931.0,,6,"20-10-25 SPM-2MT. BALTIC LOYALTY SAILS 333.13 CRUDE OIL 14:00 275,931 60.05 20.70"
dtr2010.pdf,2025-10-19,2025-10-20,2025-10-20,2025-10-20T15:00:00,LEO SUNRISE,LEO SUNRISE,BERTHS,FB-2,15:00,173.79,28.0,10.3,AMMONIA,20253.0,,6,"20-10-25 FB-2MT. LEO SUNRISE BERTHS 173.79 AMMONIA 15:00 20,253 28.00 10.30"
dtr2010.pdf,2025-10-19,2025-10-20,2025-10-20,2025-10-20T16:00:00,FRONTIER BONANZA,FRONTIER BONANZA,BERTHS,KICT,16:00,291.97,32.2,14.5,PCI COAL,152070.0,,6,"20-10-25 KICTMV. FRONTIER BONANZA BERTHS 291.97 PCI COAL 16:00 152,070 45.00 16.50 20-10-25 NIOBMV. XING SHUN HAI SHIFTS 228.99 I.ORE 16:30 ON A/C PORT(IF SHIFTED TO NOJ INSTEAD OF SAILING) 76,852 32.26 0.00 20-10-25 CB-1MV. APJ INDRANI SHIFTS 225.00 TH.COAL 17:00 ON A/C PORT 27,000 32.20 14.50"
dtr2010.pdf,2025-10-19,2025-10-20,2025-10-20,2025-10-20T18:00:00,VISHVA VIJETA,VISHVA VIJETA,BERTHS,IOB,18:00,189.99,32.26,13.07,TH.COAL,55000.0,,6,"20-10-25 IOBMV. VISHVA VIJETA BERTHS 189.99 TH.COAL 18:00 55,000 32.26 13.07"
dtr2010.pdf,2025-10-19,2025-10-20,2025-10-20,2025-10-20T19:00:00,VAN INFINITY,VAN INFINITY,SAILS,PICT-2,19:00,189.99,32.26,0.0,HR. COIL,44052.0,,6,"20-10-25 PICT-2MV. VAN INFINITY SAILS 189.99 HR. COIL 19:00 44,052 32.26 0.00"
dtr2010.pdf,2025-10-19,2025-10-20,2025-10-20,2025-10-20T22:00:00,NAVIGATOR GLORY,NAVIGATOR GLORY,SAILS,FB-1,22:00,154.17,25.5,8.9,AMMONIA,14869.0,,6,"20-10-25 FB-1MT. NAVIGATOR GLORY SAILS 154.17 AMMONIA 22:00 14,869 25.50 8.90"
dtr2010.pdf,2025-10-19,2025-10-20,2025-10-20,2025-10-20T23:00:00,CHOLA LEGACY,CHOLA LEGACY,BERTHS,CB-2,23:00,228.99,32.26,14.5,TH.COAL,78000.0,,6,"20-10-25 CB-2MV. CHOLA LEGACY BERTHS 228.99 TH.COAL 23:00 78,000 32.26 14.50"
dtr2110.pdf,2025-10-20,2025-10-21,2025-10-21,2025-10-21T02:42:00,RIPLEY PROGRESS,RIPLEY PROGRESS,BERTHS,EQ-3,02:42,225.0,32.26,14.5,TH.COAL,50000.0,,5,"21-10-25 EQ-3MV. RIPLEY PROGRESS BERTHS 225.00 TH.COAL 02:42 50,000 32.26 14.50"
dtr2010.pdf,2025-10-19,2025-10-20,2025-10-21,2025-10-21T04:00:00,FORTUNE GAS,FORTUNE GAS,BERTHS,FB-1,04:00,173.7,28.0,0.0,AMMONIA,20000.0,,6,"21-10-25 FB-1MT. FORTUNE GAS BERTHS 173.70 AMMONIA 04:00 20,000 28.00 0.00"
dtr2110.pdf,2025-10-20,2025-10-21,2025-10-21,2025-10-21T06:48:00,GOLDEN BRIGHT,GOLDEN BRIGHT,SAILS,SQ,06:48,177.0,28.4,10.1,A. SULPHATE,21948.0,,5,"21-10-25 SQMV. GOLDEN BRIGHT SAILS 177.00 A. SULPHATE 06:48 21,948 28.40 10.10"
dtr2110.pdf,2025-10-20,2025-10-21,2025-10-21,2025-10-21T08:00:00,FORTUNE GAS,FORTUNE GAS,BERTHS,FB-1,08:00,173.7,28.0,0.0,AMMONIA,20000.0,,5,"21-10-25 FB-1MT. FORTUNE GAS BERTHS 173.70 AMMONIA 08:00 20,000 28.00 0.00"
dtr2110.pdf,2025-10-20,2025-10-21,2025-10-21,2025-10-21T09:06:00,SANMAR SITAR,SANMAR SITAR,BERTHS,NOJ,09:06,183.0,32.2,0.0,HSD,19500.0,,5,"21-10-25 NOJMT. SANMAR SITAR BERTHS 183.00 HSD 09:06 19,500 32.20 0.00"
dtr2110.pdf,2025-10-20,2025-10-21,2025-10-21,2025-10-21T09:42:00,GAS AL NEGEH,GAS AL NEGEH,SAILS,SOJ,09:42,225.48,36.6,11.5,BUTANE/PROPA NE,25565.0,,5,"21-10-25 SOJMT. GAS AL NEGEH SAILS 225.48 BUTANE/PROPA NE 09:42 25,565 36.60 11.50"
dtr2010.pdf,2025-10-19,2025-10-20,2025-10-21,2025-10-21T10:00:00,DRISHTI,DRISHTI,BERTHS,NQ-3,10:00,71.0,14.2,3.0,GYPSUM,1500.0,,6,"21-10-25 NQ-3MV. DRISHTI BERTHS 71.00 GYPSUM 10:00 1,500 14.20 3.00"
dtr2110.pdf,2025-10-20,2025-10-21,2025-10-21,2025-10-21T10:00:00,SWARNA SINDHU,SWARNA SINDHU,BERTHS,SPM,10:00,228.0,32.24,14.0,CRUDE OIL,60000.0,,5,"21-10-25 SPMMT. SWARNA SINDHU BERTHS 228.00 CRUDE OIL 10:00 60,000 32.24 14.00"
dtr2110.pdf,2025-10-20,2025-10-21,2025-10-21,2025-10-21T10:30:00,SEA GULL 9,SEA GULL 9,SAILS,NQ-2,10:30,127.52,18.2,7.5,CRD PALMOIL,9000.0,,5,"21-10-25 NQ-2MT. SEA GULL 9 SAILS 127.52 CRD PALMOIL 10:30 9,000 18.20 7.50"
dtr2110.pdf,2025-10-20,2025-10-21,2025-10-21,2025-10-21T11:00:00,DRISHTI,DRISHTI,BERTHS,NQ-3,11:00,71.0,14.2,3.0,GYPSUM,1500.0,,5,"21-10-25 NQ-3MV. DRISHTI BERTHS 71.00 GYPSUM 11:00 1,500 14.20 3.00"
dtr2010.pdf,2025-10-19,2025-10-20,2025-10-21,2025-10-21T11:00:00,GOLDEN BRIGHT,GOLDEN BRIGHT,SAILS,SQ,11:00,177.0,28.4,10.1,A. SULPHATE,21948.0,,6,"21-10-25 SQMV. GOLDEN BRIGHT SAILS 177.00 A. SULPHATE 11:00 21,948 28.40 10.10"
dtr2110.pdf,2025-10-20,2025-10-21,2025-10-21,2025-10-21T11:30:00,MYKONOS,MYKONOS,SAILS,CQ-1,11:30,229.0,32.26,14.45,C.COAL,45959.0,,5,"21-10-25 CQ-1MV. MYKONOS SAILS 229.00 C.COAL 11:30 45,959 32.26 14.45"
dtr2010.pdf,2025-10-19,2025-10-20,2025-10-21,2025-10-21T12:00:00,SEA GULL 9,SEA GULL 9,SAILS,NQ-2,12:00,127.52,18.2,7.5,CRD PALMOIL,9000.0,,6,"21-10-25 NQ-2MT. SEA GULL 9 SAILS 127.52 CRD PALMOIL 12:00 9,000 18.20 7.50"
dtr2110.pdf,2025-10-20,2025-10-21,2025-10-21,2025-10-21T13:00:00,NAVIGATOR RIDGE,NAVIGATOR RIDGE,SAILS,SPM-3,13:00,248.99,43.8,14.0,CRUDE OIL,99577.0,,5,"21-10-25 SPM-3MT. NAVIGATOR RIDGE SAILS 248.99 CRUDE OIL 13:00 99,577 43.80 14.00"
dtr2110.pdf,2025-10-20,2025-10-21,2025-10-21,2025-10-21T15:00:00,APJ INDRANI,APJ INDRANI,SAILS,CB-1,15:00,225.0,32.2,14.5,TH.COAL,75702.0,,5,"21-10-25 CB-1MV. APJ INDRANI SAILS 225.00 TH.COAL 15:00 75,702 32.20 14.50"
dtr2110.pdf,2025-10-20,2025-10-21,2025-10-21,2025-10-21T15:30:00,RIPLEY PRIDE,RIPLEY PRIDE,BERTHS,CB-1,15:30,225.0,32.26,0.0,TH.COAL,75000.0,,5,"21-10-25 CB-1MV. RIPLEY PRIDE BERTHS 225.00 TH.COAL 15:30 75,000 32.26 0.00"
dtr2110.pdf,2025-10-20,2025-10-21,2025-10-21,2025-10-21T16:00:00,CHOLA PROSPERITY,CHOLA PROSPERITY,SAILS,EQ-2,16:00,225.0,32.26,14.5,TH.COAL,74920.0,,5,"21-10-25 EQ-2MV. CHOLA PROSPERITY SAILS 225.00 TH.COAL 16:00 74,920 32.26 14.50"
dtr2110.pdf,2025-10-20,2025-10-21,2025-10-22,2025-10-22T02:00:00,RIPLEY PROGRESS,RIPLEY PROGRESS,SAILS,EQ-3,02:00,225.0,32.26,14.5,TH.COAL,45000.0,,5,"22-10-25 EQ-3MV. RIPLEY PROGRESS SAILS 225.00 TH.COAL 02:00 45,000 32.26 14.50"
dtr2110.pdf,2025-10-20,2025-10-21,2025-10-22,2025-10-22T03:00:00,LEO SUNRISE,LEO SUNRISE,SAILS,FB-2,03:00,173.79,28.0,10.3,AMMONIA,20253.0,,5,"22-10-25 FB-2MT. LEO SUNRISE SAILS 173.79 AMMONIA 03:00 20,253 28.00 10.30"
dtr2110.pdf,2025-10-20,2025-10-21,2025-10-22,2025-10-22T03:30:00,GEORGIA T,GEORGIA T,BERTHS,FB-2,03:30,229.0,32.24,0.0,ROCK PHOS.,77680.0,,5,"22-10-25 FB-2MV. GEORGIA T BERTHS 229.00 ROCK PHOS. 03:30 77,680 32.24 0.00"
dtr2110.pdf,2025-10-20,2025-10-21,2025-10-22,2025-10-22T08:00:00,CHOLA LEGACY,CHOLA LEGACY,SAILS,CB-2,08:00,228.99,32.26,14.5,TH.COAL,79100.0,,5,"22-10-25 CB-2MV. CHOLA LEGACY SAILS 228.99 TH.COAL 08:00 79,100 32.26 14.50"
dtr2210.pdf,2025-10-21,2025-10-22,2025-10-22,2025-10-22T08:06:00,ELEOVRYTISSA,ELEOVRYTISSA,SAILS,PICT,08:06,189.99,18.5,9.78,STEEL SLAB,30022.0,,5,"22-10-25 PICTMV. ELEOVRYTISSA SAILS 189.99 STEEL SLAB 08:06 30,022 18.50 9.78"
dtr2210.pdf,2025-10-21,2025-10-22,2025-10-22,2025-10-22T08:14:00,GEORGIA T,GEORGIA T,BERTHS,FB-2,08:14,229.0,32.24,0.0,ROCK PHOS.,77680.0,,5,"22-10-25 FB-2MV. GEORGIA T BERTHS 229.00 ROCK PHOS. 08:14 77,680 32.24 0.00"
dtr2110.pdf,2025-10-20,2025-10-21,2025-10-22,2025-10-22T09:00:00,RIPLEY PIONEER,RIPLEY PIONEER,BERTHS,CB-2,09:00,225.0,32.26,14.0,TH.COAL,75000.0,,5,"22-10-25 CB-2MV. RIPLEY PIONEER BERTHS 225.00 TH.COAL 09:00 75,000 32.26 14.00"
dtr2110.pdf,2025-10-20,2025-10-21,2025-10-22,2025-10-22T10:00:00,BMC ALPHA,BMC ALPHA,BERTHS,SQ,10:00,111.68,18.6,8.4,R.P.COKE,8500.0,,5,"22-10-25 SQMV. BMC ALPHA BERTHS 111.68 R.P.COKE 10:00 8,500 18.60 8.40"
dtr2210.pdf,2025-10-21,2025-10-22,2025-10-22,2025-10-22T10:00:00,BMC ALPHA,BMC ALPHA,BERTHS,SQ,10:00,111.68,18.6,8.4,R.P.COKE,8500.0,,5,"22-10-25 SQMV. BMC ALPHA BERTHS 111.68 R.P.COKE 10:00 8,500 18.60 8.40"
dtr2110.pdf,2025-10-20,2025-10-21,2025-10-22,2025-10-22T10:30:00,GANESHWAR,GANESHWAR,BERTHS,NQ-3,10:30,72.0,14.0,3.0,GYPSUM,1500.0,,5,"22-10-25 NQ-3MV. GANESHWAR BERTHS 72.00 GYPSUM 10:30 1,500 14.00 3.00"
dtr2210.pdf,2025-10-21,2025-10-22,2025-10-22,2025-10-22T10:30:00,GANESHWAR,GANESHWAR,BERTHS,NQ-3,10:30,72.0,14.0,3.0,GYPSUM,1500.0,,5,"22-10-25 NQ-3MV. GANESHWAR BERTHS 72.00 GYPSUM 10:30 1,500 14.00 3.00"
dtr2210.pdf,2025-10-21,2025-10-22,2025-10-22,2025-10-22T11:00:00,CHOLA LEGACY,CHOLA LEGACY,SAILS,CB-2,11:00,228.99,32.26,14.5,TH.COAL,79100.0,,5,"22-10-25 CB-2MV. CHOLA LEGACY SAILS 228.99 TH.COAL 11:00 79,100 32.26 14.50"
dtr2210.pdf,2025-10-21,2025-10-22,2025-10-22,2025-10-22T11:30:00,RIPLEY PIONEER,RIPLEY PIONEER,BERTHS,CB-2,11:30,225.0,32.26,14.0,TH.COAL,75000.0,,5,"22-10-25 CB-2MV. RIPLEY PIONEER BERTHS 225.00 TH.COAL 11:30 75,000 32.26 14.00"
dtr2210.pdf,2025-10-21,2025-10-22,2025-10-22,2025-10-22T14:00:00,SWARNA SINDHU,SWARNA SINDHU,SAILS,SPM,14:00,228.0,32.24,14.0,CRUDE OIL,65883.0,,5,"22-10-25 SPMMT. SWARNA SINDHU SAILS 228.00 CRUDE OIL 14:00 65,883 32.24 14.00"
dtr2210.pdf,2025-10-21,2025-10-22,2025-10-22,2025-10-22T15:00:00,DESH SHOBHA,DESH SHOBHA,BERTHS,SPM,15:00,274.33,48.0,16.0,CRUDE OIL,135098.0,,5,"22-10-25 SPMMT. DESH SHOBHA BERTHS 274.33 CRUDE OIL 15:00 135,098 48.00 16.00"
dtr2210.pdf,2025-10-21,2025-10-22,2025-10-22,2025-10-22T20:00:00,AQUAVITA ETERNITY,AQUAVITA ETERNITY,BERTHS,CQ-3,20:00,229.0,32.26,14.5,I.ORE PELLET,75000.0,,5,"22-10-25 CQ-3MV. AQUAVITA ETERNITY BERTHS 229.00 I.ORE PELLET 20:00 75,000 32.26 14.50"
dtr2210.pdf,2025-10-21,2025-10-22,2025-10-22,2025-10-22T22:00:00,RIPLEY PRIDE,RIPLEY PRIDE,SAILS,CB-1,22:00,225.0,32.26,0.0,TH.COAL,73850.0,,5,"22-10-25 CB-1MV. RIPLEY PRIDE SAILS 225.00 TH.COAL 22:00 73,850 32.26 0.00"
dtr2210.pdf,2025-10-21,2025-10-22,2025-10-22,2025-10-22T22:30:00,JAL VAIBHAV,JAL VAIBHAV,BERTHS,CB-1,22:30,228.05,36.5,14.5,TH.COAL,85000.0,,5,"22-10-25 CB-1MV. JAL VAIBHAV BERTHS 228.05 TH.COAL 22:30 85,000 36.50 14.50"
dtr2210.pdf,2025-10-21,2025-10-22,2025-10-22,2025-10-22T23:59:00,PATMOS,PATMOS,BERTHS,CQ-1,23:59,199.9,32.26,12.36,H COAL,40308.0,,5,"22-10-25 CQ-1MV. PATMOS BERTHS 199.90 H COAL 23:59 40,308 32.26 12.36"
dtr2310.pdf,2025-10-22,2025-10-23,2025-10-23,2025-10-23T00:18:00,SF DARIKA,SF DARIKA,BERTHS,PICT,00:18,179.9,28.4,0.0,STEEL SLAB,30000.0,,5,"23-10-25 PICTMV. SF DARIKA BERTHS 179.90 STEEL SLAB 00:18 30,000 28.40 0.00"
dtr2210.pdf,2025-10-21,2025-10-22,2025-10-23,2025-10-23T01:00:00,GREEK FRIENDSHIP,GREEK FRIENDSHIP,SAILS,CQ-2,01:00,228.9,32.25,14.48,C.COAL,79515.0,,5,"23-10-25 CQ-2MV. GREEK FRIENDSHIP SAILS 228.90 C.COAL 01:00 79,515 32.25 14.48"
dtr2210.pdf,2025-10-21,2025-10-22,2025-10-23,2025-10-23T02:00:00,VISHVA VIJETA,VISHVA VIJETA,SAILS,IOB,02:00,189.99,32.26,13.07,TH.COAL,55000.0,,5,"23-10-25 IOBMV. VISHVA VIJETA SAILS 189.99 TH.COAL 02:00 55,000 32.26 13.07"
dtr2210.pdf,2025-10-21,2025-10-22,2025-10-23,2025-10-23T06:00:00,SANMAR SITAR,SANMAR SITAR,SAILS,NOJ,06:00,183.0,32.2,0.0,HSD,19500.0,,5,"23-10-25 NOJMT. SANMAR SITAR SAILS 183.00 HSD 06:00 19,500 32.20 0.00"
dtr2210.pdf,2025-10-21,2025-10-22,2025-10-23,2025-10-23T07:00:00,STRADION,STRADION,BERTHS,MPB,07:00,186.4,27.8,8.73,R.P.COKE,15004.0,,5,"23-10-25 MPBMV. STRADION BERTHS 186.40 R.P.COKE 07:00 15,004 27.80 8.73"
dtr2310.pdf,2025-10-22,2025-10-23,2025-10-23,2025-10-23T07:25:00,BMC ALPHA,BMC ALPHA,SAILS,SQ,07:25,111.68,18.6,8.4,R.P.COKE,8207.0,,5,"23-10-25 SQMV. BMC ALPHA SAILS 111.68 R.P.COKE 07:25 8,207 18.60 8.40"
dtr2210.pdf,2025-10-21,2025-10-22,2025-10-23,2025-10-23T08:00:00,FORTUNE GAS,FORTUNE GAS,SAILS,FB-1,08:00,173.7,28.0,0.0,AMMONIA,20201.0,,5,"23-10-25 FB-1MT. FORTUNE GAS SAILS 173.70 AMMONIA 08:00 20,201 28.00 0.00"
dtr2310.pdf,2025-10-22,2025-10-23,2025-10-23,2025-10-23T08:42:00,STRADION,STRADION,BERTHS,SQ,08:42,186.4,27.8,8.73,R.P.COKE,15004.0,,5,"23-10-25 SQMV. STRADION BERTHS 186.40 R.P.COKE 08:42 15,004 27.80 8.73"
dtr2310.pdf,2025-10-22,2025-10-23,2025-10-23,2025-10-23T09:48:00,FORTUNE GAS,FORTUNE GAS,SAILS,FB-1,09:48,173.7,28.0,0.0,AMMONIA,20201.0,,5,"23-10-25 FB-1MT. FORTUNE GAS SAILS 173.70 AMMONIA 09:48 20,201 28.00 0.00"
dtr2310.pdf,2025-10-22,2025-10-23,2025-10-23,2025-10-23T10:00:00,DESH SHOBHA,DESH SHOBHA,BERTHS,SPM,10:00,274.33,48.0,16.0,CRUDE OIL,135098.0,,5,"23-10-25 SPMMT. DESH SHOBHA BERTHS 274.33 CRUDE OIL 10:00 135,098 48.00 16.00"
dtr2210.pdf,2025-10-21,2025-10-22,2025-10-23,2025-10-23T10:00:00,DRISHTI,DRISHTI,BERTHS,NQ-3,10:00,71.0,14.2,0.0,GYPSUM,3200.0,,5,"23-10-25 NQ-3MV. DRISHTI BERTHS 71.00 GYPSUM 10:00 3,200 14.20 0.00"
dtr2310.pdf,2025-10-22,2025-10-23,2025-10-23,2025-10-23T10:30:00,DRISHTI,DRISHTI,BERTHS,NQ-3,10:30,71.0,14.2,0.0,GYPSUM,3200.0,,5,"23-10-25 NQ-3MV. DRISHTI BERTHS 71.00 GYPSUM 10:30 3,200 14.20 0.00"
dtr2310.pdf,2025-10-22,2025-10-23,2025-10-23,2025-10-23T11:00:00,JAG AALOK,JAG AALOK,BERTHS,EQ-3,11:00,229.0,32.26,14.5,TH.COAL,80000.0,,5,"23-10-25 EQ-3MV. JAG AALOK BERTHS 229.00 TH.COAL 11:00 80,000 32.26 14.50"
dtr2310.pdf,2025-10-22,2025-10-23,2025-10-23,2025-10-23T11:30:00,SANMAR SITAR,SANMAR SITAR,SAILS,NOJ,11:30,183.0,32.2,0.0,HSD,19341.0,,5,"23-10-25 NOJMT. SANMAR SITAR SAILS 183.00 HSD 11:30 19,341 32.20 0.00"
dtr2310.pdf,2025-10-22,2025-10-23,2025-10-23,2025-10-23T12:00:00,DAWN MADURAI,DAWN MADURAI,BERTHS,NOJ,12:00,183.26,32.2,7.5,HSD/M.SPIRIT,25000.0,,5,"23-10-25 NOJMT. DAWN MADURAI BERTHS 183.26 HSD/M.SPIRIT 12:00 25,000 32.20 7.50"
dtr2310.pdf,2025-10-22,2025-10-23,2025-10-23,2025-10-23T16:00:00,FRONTIER BONANZA,FRONTIER BONANZA,SAILS,KICT,16:00,291.97,45.0,16.5,PCI COAL,152070.0,,5,"23-10-25 KICTMV. FRONTIER BONANZA SAILS 291.97 PCI COAL 16:00 152,070 45.00 16.50"
dtr2410.pdf,2025-10-23,2025-10-24,2025-10-23,2025-10-23T16:10:00,SNARTH,SNARTH,BERTHS,SOJ,16:10,147.83,32.25,14.5,HSD,16094.0,,6,"23-10-25 SOJMT. SNARTH BERTHS 147.83 HSD 16:10 16,094 24.20 9.00 23-10-25 EQ-2MV. GREEK FRIENDSHIP REBERTHS 228.90 TH.COAL 20:42 ON A/C VESSEL 76,150 32.25 14.50"
dtr2310.pdf,2025-10-22,2025-10-23,2025-10-23,2025-10-23T16:30:00,MAMA SARA,MAMA SARA,BERTHS,KICT,16:30,229.0,32.26,14.45,C.COAL,44000.0,,5,"23-10-25 KICTMV. MAMA SARA BERTHS 229.00 C.COAL 16:30 44,000 32.26 14.45"
dtr2310.pdf,2025-10-22,2025-10-23,2025-10-23,2025-10-23T20:00:00,RIPLEY PIONEER,RIPLEY PIONEER,SAILS,CB-2,20:00,225.0,32.26,14.0,TH.COAL,75450.0,,5,"23-10-25 CB-2MV. RIPLEY PIONEER SAILS 225.00 TH.COAL 20:00 75,450 32.26 14.00"
dtr2310.pdf,2025-10-22,2025-10-23,2025-10-23,2025-10-23T23:59:00,ZAGREB,ZAGREB,BERTHS,CQ-2,23:59,228.99,32.26,0.0,S.COAL,77005.0,,5,"23-10-25 CQ-2MV. ZAGREB BERTHS 228.99 S.COAL 23:59 77,005 32.26 0.00"
dtr2310.pdf,2025-10-22,2025-10-23,2025-10-24,2025-10-24T01:00:00,AQUAVITA ETERNITY,AQUAVITA ETERNITY,SAILS,CQ-3,01:00,229.0,32.26,14.5,I.ORE PELLET,77000.0,,5,"24-10-25 CQ-3MV. AQUAVITA ETERNITY SAILS 229.00 I.ORE PELLET 01:00 77,000 32.26 14.50"
dtr2410.pdf,2025-10-23,2025-10-24,2025-10-24,2025-10-24T01:18:00,VISHVA MALHAR,VISHVA MALHAR,BERTHS,CB-2,01:18,189.99,32.26,14.5,TH.COAL,55000.0,,6,"24-10-25 CB-2MV. VISHVA MALHAR BERTHS 189.99 TH.COAL 01:18 55,000 32.26 12.80 24-10-25 ANCHORAGEMV. JAG AALOK SHIFTS 229.00 TH.COAL 06:42 ON A/C VESSEL 32,200 32.26 14.50"
dtr2410.pdf,2025-10-23,2025-10-24,2025-10-24,2025-10-24T07:48:00,STRADION,STRADION,SAILS,SQ,07:48,186.4,27.8,8.73,R.P.COKE,15004.0,,6,"24-10-25 SQMV. STRADION SAILS 186.40 R.P.COKE 07:48 15,004 27.80 8.73"
dtr2410.pdf,2025-10-23,2025-10-24,2025-10-24,2025-10-24T07:54:00,PERTH I,PERTH I,BERTHS,EQ-3,07:54,189.99,32.26,12.8,TH.COAL,55000.0,,6,"24-10-25 EQ-3MV. PERTH I BERTHS 189.99 TH.COAL 07:54 55,000 32.26 12.80"
dtr2310.pdf,2025-10-22,2025-10-23,2025-10-24,2025-10-24T10:00:00,JAL VAIBHAV,JAL VAIBHAV,SAILS,CB-1,10:00,228.05,36.5,14.5,TH.COAL,84864.0,,5,"24-10-25 CB-1MV. JAL VAIBHAV SAILS 228.05 TH.COAL 10:00 84,864 36.50 14.50"
dtr2410.pdf,2025-10-23,2025-10-24,2025-10-24,2025-10-24T11:00:00,JAL VAIBHAV,JAL VAIBHAV,SAILS,CB-1,11:00,228.05,32.26,14.5,TH.COAL,84864.0,,6,"24-10-25 CB-1MV. JAL VAIBHAV SAILS 228.05 TH.COAL 11:00 84,864 36.50 14.50 24-10-25 CB-1MV. JAG AALOK REBERTHS 229.00 TH.COAL 11:30 ON A/C VESSEL 32,200 32.26 14.50"
dtr2410.pdf,2025-10-23,2025-10-24,2025-10-24,2025-10-24T14:00:00,PATMOS,PATMOS,SAILS,CQ-1,14:00,199.9,32.26,12.36,H COAL,40308.0,,6,"24-10-25 CQ-1MV. PATMOS SAILS 199.90 H COAL 14:00 40,308 32.26 12.36"
dtr2410.pdf,2025-10-23,2025-10-24,2025-10-24,2025-10-24T15:00:00,DESH SHOBHA,DESH SHOBHA,SAILS,SPM,15:00,274.33,48.0,16.0,CRUDE OIL,135098.0,,6,"24-10-25 SPMMT. DESH SHOBHA SAILS 274.33 CRUDE OIL 15:00 135,098 48.00 16.00"
dtr2410.pdf,2025-10-23,2025-10-24,2025-10-24,2025-10-24T18:00:00,SNARTH,SNARTH,SAILS,SOJ,18:00,147.83,24.2,9.0,HSD,15700.0,,6,"24-10-25 SOJMT. SNARTH SAILS 147.83 HSD 18:00 15,700 24.20 9.00"
dtr2410.pdf,2025-10-23,2025-10-24,2025-10-24,2025-10-24T18:30:00,GAS YOUNG,GAS YOUNG,BERTHS,SOJ,18:30,225.16,36.6,11.5,BUTANE/PROPA NE,46127.0,,6,"24-10-25 SOJMT. GAS YOUNG BERTHS 225.16 BUTANE/PROPA NE 18:30 46,127 36.60 11.50"
dtr2410.pdf,2025-10-23,2025-10-24,2025-10-24,2025-10-24T19:00:00,MAMA SARA,MAMA SARA,SAILS,KICT,19:00,229.0,32.26,14.47,C.COAL,43097.0,,6,"24-10-25 KICTMV. MAMA SARA SAILS 229.00 C.COAL 19:00 43,097 32.26 14.47"
dtr2410.pdf,2025-10-23,2025-10-24,2025-10-25,2025-10-25T00:05:00,VISHVA MALHAR,VISHVA MALHAR,SAILS,CB-2,00:05,189.99,32.26,12.8,TH.COAL,54670.0,,6,"25-10-25 CB-2MV. VISHVA MALHAR SAILS 189.99 TH.COAL 00:05 54,670 32.26 12.80"
dtr2510.pdf,2025-10-24,2025-10-25,2025-10-25,2025-10-25T05:06:00,CHENNAI VALARCHI,CHENNAI VALARCHI,BERTHS,CB-2,05:06,225.0,32.26,4.8,TH.COAL,74000.0,,6,"25-10-25 CB-2MV. CHENNAI VALARCHI BERTHS 225.00 TH.COAL 05:06 74,000 32.26 4.80"
dtr2410.pdf,2025-10-23,2025-10-24,2025-10-25,2025-10-25T06:00:00,MARAN LIBRA,MARAN LIBRA,BERTHS,SPM,06:00,333.0,60.0,20.85,CRUDE OIL,273473.0,,6,"25-10-25 SPMMT. MARAN LIBRA BERTHS 333.00 CRUDE OIL 06:00 273,473 60.00 20.85"
dtr2410.pdf,2025-10-23,2025-10-24,2025-10-25,2025-10-25T06:30:00,GREEK FRIENDSHIP,GREEK FRIENDSHIP,SAILS,EQ-2,06:30,228.9,32.25,14.5,TH.COAL,76150.0,,6,"25-10-25 EQ-2MV. GREEK FRIENDSHIP SAILS 228.90 TH.COAL 06:30 76,150 32.25 14.50"
dtr2510.pdf,2025-10-24,2025-10-25,2025-10-25,2025-10-25T07:12:00,GREEK FRIENDSHIP,GREEK FRIENDSHIP,SAILS,EQ-2,07:12,228.9,32.25,14.5,TH.COAL,76155.0,,6,"25-10-25 EQ-2MV. GREEK FRIENDSHIP SAILS 228.90 TH.COAL 07:12 76,155 32.25 14.50"
dtr2410.pdf,2025-10-23,2025-10-24,2025-10-25,2025-10-25T09:00:00,GIORGIS,GIORGIS,BERTHS,KICT,09:00,228.92,32.24,0.0,C.COAL,80045.0,WHICHEVER VESSEL IS ARRIVE FIRST,6,"25-10-25 KICTMV. GIORGIS BERTHS 228.92 C.COAL 09:00 WHICHEVER VESSEL IS ARRIVE FIRST 80,045 32.24 0.00"
dtr2410.pdf,2025-10-23,2025-10-24,2025-10-25,2025-10-25T09:00:00,LOLITA,LOLITA,BERTHS,KICT,09:00,182.94,31.6,10.37,H COAL,36678.0,WHICHEVER VESSEL IS ARRIVE FIRST,6,"25-10-25 KICTMV. LOLITA BERTHS 182.94 H COAL 09:00 WHICHEVER VESSEL IS ARRIVE FIRST 36,678 31.60 10.37"
dtr2510.pdf,2025-10-24,2025-10-25,2025-10-25,2025-10-25T09:06:00,LOLITA,LOLITA,BERTHS,KICT,09:06,182.94,31.6,10.39,H COAL,36678.0,,6,"25-10-25 KICTMV. LOLITA BERTHS 182.94 H COAL 09:06 36,678 31.60 10.39"
dtr2510.pdf,2025-10-24,2025-10-25,2025-10-25,2025-10-25T10:18:00,MARAN LIBRA,MARAN LIBRA,BERTHS,SPM,10:18,333.0,60.0,20.85,CRUDE OIL,273473.0,,6,"25-10-25 SPMMT. MARAN LIBRA BERTHS 333.00 CRUDE OIL 10:18 273,473 60.00 20.85"
dtr2510.pdf,2025-10-24,2025-10-25,2025-10-25,2025-10-25T12:00:00,JAG AALOK,JAG AALOK,SAILS,CB-1,12:00,229.0,32.26,14.5,TH.COAL,47100.0,,6,"25-10-25 CB-1MV. JAG AALOK SAILS 229.00 TH.COAL 12:00 47,100 32.26 14.50"
dtr2510.pdf,2025-10-24,2025-10-25,2025-10-25,2025-10-25T12:30:00,DIANE,DIANE,BERTHS,CB-1,12:30,229.0,32.26,14.5,TH.COAL,75000.0,,6,"25-10-25 CB-1MV. DIANE BERTHS 229.00 TH.COAL 12:30 75,000 32.26 14.50"
dtr2510.pdf,2025-10-24,2025-10-25,2025-10-25,2025-10-25T13:00:00,OTHRYS,OTHRYS,BERTHS,NIOB,13:00,199.99,32.26,0.0,I.ORE,55000.0,ON ARRIVAL,6,"25-10-25 NIOBMV. OTHRYS BERTHS 199.99 I.ORE 13:00 ON ARRIVAL 55,000 32.26 0.00"
dtr2510.pdf,2025-10-24,2025-10-25,2025-10-25,2025-10-25T13:30:00,SINAR MENDAWAI,SINAR MENDAWAI,BERTHS,FB-1,13:30,145.53,23.7,0.0,P. ACID,19000.0,ON ARRIVAL,6,"25-10-25 FB-1MT. SINAR MENDAWAI BERTHS 145.53 P. ACID 13:30 ON ARRIVAL 19,000 23.70 0.00"
dtr2510.pdf,2025-10-24,2025-10-25,2025-10-25,2025-10-25T15:00:00,GEORGIA T,GEORGIA T,SAILS,FB-2,15:00,229.0,32.24,0.0,ROCK PHOS.,77680.0,,6,"25-10-25 FB-2MV. GEORGIA T SAILS 229.00 ROCK PHOS. 15:00 77,680 32.24 0.00"
dtr2510.pdf,2025-10-24,2025-10-25,2025-10-25,2025-10-25T16:30:00,AOM GAIA,AOM GAIA,BERTHS,IOB,16:30,228.9,32.26,14.5,TH.COAL,75000.0,ON ARRIVAL,6,"25-10-25 IOBMV. AOM GAIA BERTHS 228.90 TH.COAL 16:30 ON ARRIVAL 75,000 32.26 14.50"
dtr2510.pdf,2025-10-24,2025-10-25,2025-10-25,2025-10-25T18:00:00,MAGNET TEAM,MAGNET TEAM,BERTHS,MPB,18:00,225.0,32.2,14.0,C.COAL,72150.0,ON ARRIVAL,6,"25-10-25 MPBMV. MAGNET TEAM BERTHS 225.00 C.COAL 18:00 ON ARRIVAL 72,150 32.20 14.00"
dtr2510.pdf,2025-10-24,2025-10-25,2025-10-25,2025-10-25T18:30:00,PERTH I,PERTH I,SAILS,EQ-3,18:30,189.99,32.26,12.8,TH.COAL,55090.0,,6,"25-10-25 EQ-3MV. PERTH I SAILS 189.99 TH.COAL 18:30 55,090 32.26 12.80"
dtr2510.pdf,2025-10-24,2025-10-25,2025-10-25,2025-10-25T23:00:00,SF DARIKA,SF DARIKA,SAILS,PICT,23:00,179.9,28.4,0.0,STEEL SLAB,30049.0,,6,"25-10-25 PICTMV. SF DARIKA SAILS 179.90 STEEL SLAB 23:00 30,049 28.40 0.00"
dtr2510.pdf,2025-10-24,2025-10-25,2025-10-25,2025-10-25T23:55:00,SSL SABARIMALAI,SSL SABARIMALAI,BERTHS,PICT-2,23:55,143.15,22.8,6.5,CONTAINER,5748.0,PORT SIDE ALONG SIDE,6,"25-10-25 PICT-2MV. SSL SABARIMALAI BERTHS 143.15 CONTAINER 23:55 PORT SIDE ALONG SIDE 5,748 22.80 6.50"
dtr2510.pdf,2025-10-24,2025-10-25,2025-10-26,2025-10-26T09:00:00,GIORGIS,GIORGIS,BERTHS,KICT,09:00,228.92,32.24,0.0,C.COAL,80045.0,,6,"26-10-25 KICTMV. GIORGIS BERTHS 228.92 C.COAL 09:00 80,045 32.24 0.00"
dtr2510.pdf,2025-10-24,2025-10-25,2025-10-26,2025-10-26T10:00:00,CHENNAI VALARCHI,CHENNAI VALARCHI,SAILS,CB-2,10:00,225.0,32.26,4.8,TH.COAL,74425.0,,6,"26-10-25 CB-2MV. CHENNAI VALARCHI SAILS 225.00 TH.COAL 10:00 74,425 32.26 4.80"
dtr2610.pdf,2025-10-25,2025-10-26,2025-10-26,2025-10-26T10:00:00,LOLITA,LOLITA,SAILS,KICT,10:00,182.94,31.6,10.39,H COAL,36678.0,,6,"26-10-25 KICTMV. LOLITA SAILS 182.94 H COAL 10:00 36,678 31.60 10.39"
dtr2610.pdf,2025-10-25,2025-10-26,2025-10-26,2025-10-26T11:00:00,GIORGIS,GIORGIS,BERTHS,KICT,11:00,228.92,32.24,0.0,C.COAL,80045.0,,6,"26-10-25 KICTMV. GIORGIS BERTHS 228.92 C.COAL 11:00 80,045 32.24 0.00"
dtr2610.pdf,2025-10-25,2025-10-26,2025-10-26,2025-10-26T11:30:00,CHENNAI VALARCHI,CHENNAI VALARCHI,SAILS,CB-2,11:30,225.0,32.26,4.8,TH.COAL,74425.0,,6,"26-10-25 CB-2MV. CHENNAI VALARCHI SAILS 225.00 TH.COAL 11:30 74,425 32.26 4.80"
dtr2610.pdf,2025-10-25,2025-10-26,2025-10-26,2025-10-26T12:00:00,MYKONOS,MYKONOS,BERTHS,CB-2,12:00,229.0,32.26,14.5,TH.COAL,80000.0,,6,"26-10-25 CB-2MV. MYKONOS BERTHS 229.00 TH.COAL 12:00 80,000 32.26 14.50"
dtr2610.pdf,2025-10-25,2025-10-26,2025-10-26,2025-10-26T13:30:00,CLIPPER ALEXANDRIA,CLIPPER ALEXANDRIA,BERTHS,PICT,13:30,179.9,28.4,12.5,STEEL PLATE,23805.0,,6,"26-10-25 PICTMV. CLIPPER ALEXANDRIA BERTHS 179.90 STEEL PLATE 13:30 23,805 28.40 12.50"
dtr2610.pdf,2025-10-25,2025-10-26,2025-10-26,2025-10-26T19:00:00,ZAGREB,ZAGREB,SAILS,CQ-2,19:00,228.99,32.26,0.0,S.COAL,77005.0,,6,"26-10-25 CQ-2MV. ZAGREB SAILS 228.99 S.COAL 19:00 77,005 32.26 0.00"
dtr2610.pdf,2025-10-25,2025-10-26,2025-10-26,2025-10-26T20:00:00,GAS YOUNG,GAS YOUNG,SAILS,SOJ,20:00,225.16,36.6,11.5,BUTANE/PROPA,23400.0,,6,"26-10-25 SOJMT. GAS YOUNG SAILS 225.16 BUTANE/PROPA 20:00 23,400 36.60 11.50"
dtr2710.pdf,2025-10-26,2025-10-27,2025-10-26,2025-10-26T21:18:00,METTLE STAR,METTLE STAR,BERTHS,CQ-3,21:18,228.99,32.26,14.5,I.ORE PELLET,75000.0,,6,"26-10-25 CQ-3MV. METTLE STAR BERTHS 228.99 I.ORE PELLET 21:18 75,000 32.26 14.50"
dtr2610.pdf,2025-10-25,2025-10-26,2025-10-26,2025-10-26T22:00:00,OTHRYS,OTHRYS,SAILS,NIOB,22:00,199.99,32.26,0.0,I.ORE,60500.0,,6,"26-10-25 NIOBMV. OTHRYS SAILS 199.99 I.ORE 22:00 60,500 32.26 0.00"
dtr2610.pdf,2025-10-25,2025-10-26,2025-10-27,2025-10-27T01:30:00,DIANE,DIANE,SAILS,CB-1,01:30,229.0,32.26,14.5,TH.COAL,76690.0,,6,"27-10-25 CB-1MV. DIANE SAILS 229.00 TH.COAL 01:30 76,690 32.26 14.50 27-10-25 CB-1MV. AOM GAIA SHIFTS 228.90 TH.COAL 02:00 ON A/C PORT 30,000 32.26 14.50"
dtr2710.pdf,2025-10-26,2025-10-27,2025-10-27,2025-10-27T03:48:00,CHOLA SERENITY,CHOLA SERENITY,BERTHS,IOB,03:48,224.94,32.26,0.0,TH.COAL,75000.0,,6,"27-10-25 IOBMV. CHOLA SERENITY BERTHS 224.94 TH.COAL 03:48 75,000 32.26 0.00"
dtr2610.pdf,2025-10-25,2025-10-26,2025-10-27,2025-10-27T06:00:00,DAWN MADURAI,DAWN MADURAI,SAILS,NOJ,06:00,183.26,32.2,7.5,HSD/M.SPIRIT,34700.0,,6,"27-10-25 NOJMT. DAWN MADURAI SAILS 183.26 HSD/M.SPIRIT 06:00 34,700 32.20 7.50"
dtr2610.pdf,2025-10-25,2025-10-26,2025-10-27,2025-10-27T09:00:00,SEA EMPIRE,SEA EMPIRE,BERTHS,CQ-1,09:00,229.0,32.26,14.48,S.COAL,44724.0,,6,"27-10-25 CQ-1MV. SEA EMPIRE BERTHS 229.00 S.COAL 09:00 44,724 32.26 14.48"
dtr2710.pdf,2025-10-26,2025-10-27,2025-10-27,2025-10-27T10:00:00,SEA EMPIRE,SEA EMPIRE,BERTHS,CQ-1,10:00,229.0,32.26,14.48,S.COAL,44724.0,,6,"27-10-25 CQ-1MV. SEA EMPIRE BERTHS 229.00 S.COAL 10:00 44,724 32.26 14.48"
dtr2710.pdf,2025-10-26,2025-10-27,2025-10-27,2025-10-27T10:30:00,JAG PUSHPA,JAG PUSHPA,BERTHS,SOJ,10:30,183.0,32.2,8.5,NAPTHA,9000.0,,6,"27-10-25 SOJMT. JAG PUSHPA BERTHS 183.00 NAPTHA 10:30 9,000 32.20 8.50"
dtr2710.pdf,2025-10-26,2025-10-27,2025-10-27,2025-10-27T15:30:00,KS GRACE,KS GRACE,BERTHS,SQ,15:30,176.5,28.8,10.6,C.COAL,17000.0,,6,"27-10-25 SQMV. KS GRACE BERTHS 176.50 C.COAL 15:30 17,000 28.80 10.60"
dtr2710.pdf,2025-10-26,2025-10-27,2025-10-27,2025-10-27T17:00:00,JY OCEAN,JY OCEAN,BERTHS,CQ-2,17:00,225.5,32.26,14.5,DOLOMITE/LM. S,40000.0,,6,"27-10-25 CQ-2MV. JY OCEAN BERTHS 225.50 DOLOMITE/LM. S 17:00 40,000 32.26 14.50"
dtr2710.pdf,2025-10-26,2025-10-27,2025-10-27,2025-10-27T18:00:00,MARAN LIBRA,MARAN LIBRA,SAILS,SPM,18:00,333.0,60.0,20.85,CRUDE OIL,273473.0,,6,"27-10-25 SPMMT. MARAN LIBRA SAILS 333.00 CRUDE OIL 18:00 273,473 60.00 20.85"
dtr2710.pdf,2025-10-26,2025-10-27,2025-10-27,2025-10-27T21:30:00,AOM GAIA,AOM GAIA,SAILS,CB-1,21:30,228.9,32.26,14.5,TH.COAL,76130.0,,6,"27-10-25 CB-1MV. AOM GAIA SAILS 228.90 TH.COAL 21:30 76,130 32.26 14.50"
dtr2710.pdf,2025-10-26,2025-10-27,2025-10-27,2025-10-27T22:00:00,MYKONOS,MYKONOS,SAILS,CB-2,22:00,229.0,32.26,14.5,TH.COAL,79235.0,,6,"27-10-25 CB-2MV. MYKONOS SAILS 229.00 TH.COAL 22:00 79,235 32.26 14.50"
dtr2710.pdf,2025-10-26,2025-10-27,2025-10-27,2025-10-27T22:30:00,DECCAN PRIDE,DECCAN PRIDE,BERTHS,CB-1/CB-2,22:30,225.0,32.26,14.5,TH.COAL,74000.0,WHICHEVER BERTH GETS VACANT FIRST,6,"27-10-25 CB-1/CB-2MV. DECCAN PRIDE BERTHS 225.00 TH.COAL 22:30 WHICHEVER BERTH GETS VACANT FIRST 74,000 32.26 14.50"
dtr2710.pdf,2025-10-26,2025-10-27,2025-10-27,2025-10-27T23:00:00,APJ JAOUAD,APJ JAOUAD,BERTHS,CB-1/CB-2,23:00,225.0,32.2,14.5,TH.COAL,75000.0,WHICHEVER BERTH GETS VACANT LATER,6,"27-10-25 CB-1/CB-2MV. APJ JAOUAD BERTHS 225.00 TH.COAL 23:00 WHICHEVER BERTH GETS VACANT LATER 75,000 32.20 14.50"
dtr2710.pdf,2025-10-26,2025-10-27,2025-10-28,2025-10-28T01:00:00,GIORGIS,GIORGIS,SAILS,KICT,01:00,228.92,32.24,0.0,C.COAL,80045.0,,6,"28-10-25 KICTMV. GIORGIS SAILS 228.92 C.COAL 01:00 80,045 32.24 0.00"
dtr2710.pdf,2025-10-26,2025-10-27,2025-10-28,2025-10-28T01:30:00,EFESSOS WAVE,EFESSOS WAVE,BERTHS,KICT,01:30,229.0,32.26,14.0,C.COAL,82500.0,,6,"28-10-25 KICTMV. EFESSOS WAVE BERTHS 229.00 C.COAL 01:30 82,500 32.26 14.00"
dtr2710.pdf,2025-10-26,2025-10-27,2025-10-28,2025-10-28T05:00:00,METTLE STAR,METTLE STAR,SAILS,CQ-3,05:00,228.99,32.26,14.5,I.ORE PELLET,77681.0,,6,"28-10-25 CQ-3MV. METTLE STAR SAILS 228.99 I.ORE PELLET 05:00 77,681 32.26 14.50"
dtr2710.pdf,2025-10-26,2025-10-27,2025-10-28,2025-10-28T05:30:00,SUNRISE I,SUNRISE I,BERTHS,CQ-3,05:30,228.9,32.24,14.5,I.ORE PELLET,75000.0,,6,"28-10-25 CQ-3MV. SUNRISE I BERTHS 228.90 I.ORE PELLET 05:30 75,000 32.24 14.50"
dtr2710.pdf,2025-10-26,2025-10-27,2025-10-28,2025-10-28T06:00:00,SINAR MENDAWAI,SINAR MENDAWAI,SAILS,FB-1,06:00,145.53,23.7,0.0,P. ACID,19000.0,,6,"28-10-25 FB-1MT. SINAR MENDAWAI SAILS 145.53 P. ACID 06:00 19,000 23.70 0.00"
dtr2810.pdf,2025-10-27,2025-10-28,2025-10-28,2025-10-28T10:00:00,KS GRACE,KS GRACE,BERTHS,SQ,10:00,176.5,28.8,10.6,C.COAL,17000.0,,6,"28-10-25 SQMV. KS GRACE BERTHS 176.50 C.COAL 10:00 17,000 28.80 10.60"
dtr2810.pdf,2025-10-27,2025-10-28,2025-10-28,2025-10-28T10:30:00,JY OCEAN,JY OCEAN,BERTHS,CQ-2,10:30,225.5,32.2,8.5,DOLOMITE/LM. S,40000.0,,6,"28-10-25 CQ-2MV. JY OCEAN BERTHS 225.50 DOLOMITE/LM. S 10:30 40,000 32.26 14.50 28-10-25 SOJMT. JAG PUSHPA WARPING 183.00 NAPTHA 11:00 20,000 32.20 8.50"
dtr2810.pdf,2025-10-27,2025-10-28,2025-10-28,2025-10-28T11:15:00,AOM GAIA,AOM GAIA,SAILS,CB-1,11:15,228.9,32.26,14.5,TH.COAL,76140.0,,6,"28-10-25 CB-1MV. AOM GAIA SAILS 228.90 TH.COAL 11:15 76,140 32.26 14.50"
dtr2810.pdf,2025-10-27,2025-10-28,2025-10-28,2025-10-28T11:30:00,MYKONOS,MYKONOS,SAILS,CB-2,11:30,229.0,32.26,0.0,TH.COAL,79235.0,,6,"28-10-25 CB-2MV. MYKONOS SAILS 229.00 TH.COAL 11:30 79,235 32.26 14.50 28-10-25 CB-1/CB-2MV. CHOLA SERENITY SHIFTS 224.94 TH.COAL 12:00 ON A/C PORT ( WHICHEVER BERTH GETS VACANT FIRST) 36,000 32.26 0.00"
dtr2810.pdf,2025-10-27,2025-10-28,2025-10-28,2025-10-28T12:15:00,DECCAN PRIDE,DECCAN PRIDE,BERTHS,CB-1/CB-2,12:15,225.0,32.26,14.5,TH.COAL,74000.0,WHICHEVER BERTH GETS VACANT LATER,6,"28-10-25 CB-1/CB-2MV. DECCAN PRIDE BERTHS 225.00 TH.COAL 12:15 WHICHEVER BERTH GETS VACANT LATER 74,000 32.26 14.50"
dtr2810.pdf,2025-10-27,2025-10-28,2025-10-28,2025-10-28T12:30:00,GIORGIS,GIORGIS,SAILS,KICT,12:30,228.92,32.24,0.0,C.COAL,80045.0,,6,"28-10-25 KICTMV. GIORGIS SAILS 228.92 C.COAL 12:30 80,045 32.24 0.00"
dtr2810.pdf,2025-10-27,2025-10-28,2025-10-28,2025-10-28T13:00:00,EFESSOS WAVE,EFESSOS WAVE,BERTHS,KICT,13:00,229.0,32.26,14.0,C.COAL,82500.0,,6,"28-10-25 KICTMV. EFESSOS WAVE BERTHS 229.00 C.COAL 13:00 82,500 32.26 14.00"
dtr2810.pdf,2025-10-27,2025-10-28,2025-10-28,2025-10-28T13:30:00,METTLE STAR,METTLE STAR,SAILS,CQ-3,13:30,228.99,32.26,14.5,I.ORE PELLET,77681.0,,6,"28-10-25 CQ-3MV. METTLE STAR SAILS 228.99 I.ORE PELLET 13:30 77,681 32.26 14.50"
dtr2810.pdf,2025-10-27,2025-10-28,2025-10-28,2025-10-28T14:00:00,SUNRISE I,SUNRISE I,BERTHS,CQ-3,14:00,228.9,32.24,14.5,I.ORE PELLET,75000.0,,6,"28-10-25 CQ-3MV. SUNRISE I BERTHS 228.90 I.ORE PELLET 14:00 75,000 32.24 14.50"
dtr2810.pdf,2025-10-27,2025-10-28,2025-10-28,2025-10-28T14:30:00,DAWN MANSAROVAR,DAWN MANSAROVAR,BERTHS,NOJ,14:30,184.6,27.4,7.8,F.O,8946.0,,6,"28-10-25 NOJMT. DAWN MANSAROVAR BERTHS 184.60 F.O 14:30 8,946 27.40 7.80"
dtr2810.pdf,2025-10-27,2025-10-28,2025-10-28,2025-10-28T15:00:00,GIORGIS,GIORGIS,BERTHS,EQ-3,15:00,228.92,32.24,14.5,TH.COAL,80000.0,,6,"28-10-25 EQ-3MV. GIORGIS BERTHS 228.92 TH.COAL 15:00 80,000 32.24 14.50"
dtr2810.pdf,2025-10-27,2025-10-28,2025-10-28,2025-10-28T18:00:00,SINAR MENDAWAI,SINAR MENDAWAI,SAILS,FB-1,18:00,145.53,23.7,0.0,P. ACID,19000.0,,6,"28-10-25 FB-1MT. SINAR MENDAWAI SAILS 145.53 P. ACID 18:00 19,000 23.70 0.00"
dtr2810.pdf,2025-10-27,2025-10-28,2025-10-28,2025-10-28T18:30:00,GREEN ONE,GREEN ONE,BERTHS,FB-1,18:30,180.0,32.2,14.0,AMMONIA,6000.0,,6,"28-10-25 FB-1MT. GREEN ONE BERTHS 180.00 AMMONIA 18:30 6,000 29.20 10.25 28-10-25 ANCHORAGEMV. MAGNET TEAM SHIFTS 225.00 C.COAL 19:00 ON A/C VESSEL 72,150 32.20 14.00"
dtr2810.pdf,2025-10-27,2025-10-28,2025-10-28,2025-10-28T23:00:00,JAG PUSHPA,JAG PUSHPA,SAILS,SOJ,23:00,183.0,32.2,8.5,NAPTHA,20000.0,,6,"28-10-25 SOJMT. JAG PUSHPA SAILS 183.00 NAPTHA 23:00 20,000 32.20 8.50"
dtr2810.pdf,2025-10-27,2025-10-28,2025-10-29,2025-10-29T06:00:00,CHOLA MELODY,CHOLA MELODY,BERTHS,EQ-2,06:00,224.99,32.26,14.5,TH.COAL,75000.0,,6,"29-10-25 EQ-2MV. CHOLA MELODY BERTHS 224.99 TH.COAL 06:00 75,000 32.26 14.50"
dtr2910.pdf,2025-10-28,2025-10-29,2025-10-29,2025-10-29T07:18:00,MYKONOS,MYKONOS,SAILS,CB-2,07:18,229.0,32.26,14.5,TH.COAL,79119.0,,5,"29-10-25 CB-2MV. MYKONOS SAILS 229.00 TH.COAL 07:18 79,119 32.26 14.50"
dtr2910.pdf,2025-10-28,2025-10-29,2025-10-29,2025-10-29T07:30:00,GIORGIS,GIORGIS,SAILS,KICT,07:30,228.92,32.24,0.0,C.COAL,80045.0,,5,"29-10-25 KICTMV. GIORGIS SAILS 228.92 C.COAL 07:30 80,045 32.24 0.00"
dtr2910.pdf,2025-10-28,2025-10-29,2025-10-29,2025-10-29T08:30:00,METTLE STAR,METTLE STAR,SAILS,CQ-3,08:30,228.99,32.26,14.5,I.ORE PELLET,77681.0,,5,"29-10-25 CQ-3MV. METTLE STAR SAILS 228.99 I.ORE PELLET 08:30 77,681 32.26 14.50"
dtr2910.pdf,2025-10-28,2025-10-29,2025-10-29,2025-10-29T09:00:00,SINAR MENDAWAI,SINAR MENDAWAI,SAILS,FB-1,09:00,145.53,32.2,14.0,P. ACID,18789.0,,5,"29-10-25 FB-1MT. SINAR MENDAWAI SAILS 145.53 P. ACID 09:00 18,789 23.70 0.00 29-10-25 ANCHORAGEMV. MAGNET TEAM SHIFTS 225.00 C.COAL 09:30 ON A/C VESSEL 72,150 32.20 14.00"
dtr2910.pdf,2025-10-28,2025-10-29,2025-10-29,2025-10-29T09:36:00,AOM GAIA,AOM GAIA,SAILS,CQ-2,09:36,228.9,32.26,14.5,TH.COAL,76140.0,,5,"29-10-25 CQ-2MV. AOM GAIA SAILS 228.90 TH.COAL 09:36 76,140 32.26 14.50"
dtr2910.pdf,2025-10-28,2025-10-29,2025-10-29,2025-10-29T10:00:00,JAG PUSHPA,JAG PUSHPA,SAILS,SOJ,10:00,183.0,32.2,8.5,NAPTHA,20009.0,,5,"29-10-25 SOJMT. JAG PUSHPA SAILS 183.00 NAPTHA 10:00 20,009 32.20 8.50"
dtr2910.pdf,2025-10-28,2025-10-29,2025-10-29,2025-10-29T10:30:00,DECCAN PRIDE,DECCAN PRIDE,BERTHS,CB-2,10:30,225.0,32.26,14.5,TH.COAL,74000.0,,5,"29-10-25 CB-2MV. DECCAN PRIDE BERTHS 225.00 TH.COAL 10:30 74,000 32.26 14.50"
dtr2910.pdf,2025-10-28,2025-10-29,2025-10-29,2025-10-29T10:45:00,EFESSOS WAVE,EFESSOS WAVE,BERTHS,KICT,10:45,229.0,32.26,14.0,C.COAL,82500.0,,5,"29-10-25 KICTMV. EFESSOS WAVE BERTHS 229.00 C.COAL 10:45 82,500 32.26 14.00"
dtr2910.pdf,2025-10-28,2025-10-29,2025-10-29,2025-10-29T11:00:00,KS GRACE,KS GRACE,BERTHS,SQ,11:00,176.5,28.8,10.6,C.COAL,17000.0,,5,"29-10-25 SQMV. KS GRACE BERTHS 176.50 C.COAL 11:00 17,000 28.80 10.60"
dtr2910.pdf,2025-10-28,2025-10-29,2025-10-29,2025-10-29T11:15:00,SUNRISE I,SUNRISE I,BERTHS,CQ-3,11:15,228.9,32.24,14.5,I.ORE PELLET,75000.0,,5,"29-10-25 CQ-3MV. SUNRISE I BERTHS 228.90 I.ORE PELLET 11:15 75,000 32.24 14.50"
dtr2910.pdf,2025-10-28,2025-10-29,2025-10-29,2025-10-29T11:30:00,GREEN ONE,GREEN ONE,BERTHS,FB-1,11:30,180.0,29.2,10.25,AMMONIA,6000.0,,5,"29-10-25 FB-1MT. GREEN ONE BERTHS 180.00 AMMONIA 11:30 6,000 29.20 10.25"
dtr2910.pdf,2025-10-28,2025-10-29,2025-10-29,2025-10-29T12:00:00,CHOLA MELODY,CHOLA MELODY,BERTHS,EQ-2,12:00,224.99,32.26,14.5,TH.COAL,75000.0,,5,"29-10-25 EQ-2MV. CHOLA MELODY BERTHS 224.99 TH.COAL 12:00 75,000 32.26 14.50"
dtr2910.pdf,2025-10-28,2025-10-29,2025-10-29,2025-10-29T12:45:00,JY OCEAN,JY OCEAN,BERTHS,CQ-2,12:45,225.5,32.26,14.5,DOLOMITE/LM. S,40000.0,,5,"29-10-25 CQ-2MV. JY OCEAN BERTHS 225.50 DOLOMITE/LM. S 12:45 40,000 32.26 14.50"
dtr2910.pdf,2025-10-28,2025-10-29,2025-10-29,2025-10-29T14:00:00,DAWN MANSAROVAR,DAWN MANSAROVAR,BERTHS,NOJ,14:00,184.6,27.4,7.8,F.O,8946.0,,5,"29-10-25 NOJMT. DAWN MANSAROVAR BERTHS 184.60 F.O 14:00 8,946 27.40 7.80"
dtr2910.pdf,2025-10-28,2025-10-29,2025-10-29,2025-10-29T14:30:00,CHOLA SERENITY,CHOLA SERENITY,SAILS,CB-1,14:30,224.94,32.26,0.0,TH.COAL,73400.0,,5,"29-10-25 CB-1MV. CHOLA SERENITY SAILS 224.94 TH.COAL 14:30 73,400 32.26 0.00"
dtr2910.pdf,2025-10-28,2025-10-29,2025-10-29,2025-10-29T15:00:00,APJ JAOUAD,APJ JAOUAD,BERTHS,CB-1,15:00,225.0,32.2,14.5,TH.COAL,75000.0,,5,"29-10-25 CB-1MV. APJ JAOUAD BERTHS 225.00 TH.COAL 15:00 75,000 32.20 14.50"
dtr2910.pdf,2025-10-28,2025-10-29,2025-10-29,2025-10-29T16:00:00,GIORGIS,GIORGIS,BERTHS,EQ-3,16:00,228.92,32.24,14.5,TH.COAL,80000.0,,5,"29-10-25 EQ-3MV. GIORGIS BERTHS 228.92 TH.COAL 16:00 80,000 32.24 14.50"
dtr2910.pdf,2025-10-28,2025-10-29,2025-10-29,2025-10-29T17:00:00,SEA EMPIRE,SEA EMPIRE,SAILS,CQ-1,17:00,229.0,32.26,14.48,S.COAL,44724.0,,5,"29-10-25 CQ-1MV. SEA EMPIRE SAILS 229.00 S.COAL 17:00 44,724 32.26 14.48"
dtr2910.pdf,2025-10-28,2025-10-29,2025-10-30,2025-10-30T05:00:00,TORM ALMENA,TORM ALMENA,BERTHS,SOJ,05:00,183.2,32.2,8.0,HSD,18000.0,,5,"30-10-25 SOJMT. TORM ALMENA BERTHS 183.20 HSD 05:00 18,000 32.20 8.00"
dtr3010.pdf,2025-10-29,2025-10-30,2025-10-30,2025-10-30T07:24:00,TORM ALMENA,TORM ALMENA,BERTHS,SOJ,07:24,183.2,32.2,8.0,HSD,18000.0,,6,"30-10-25 SOJMT. TORM ALMENA BERTHS 183.20 HSD 07:24 18,000 32.20 8.00"
dtr3010.pdf,2025-10-29,2025-10-30,2025-10-30,2025-10-30T10:00:00,MINERVA SYMPHONY,MINERVA SYMPHONY,BERTHS,SPM,10:00,276.88,50.0,0.0,CRUDE OIL,136352.0,,6,"30-10-25 SPMMT. MINERVA SYMPHONY BERTHS 276.88 CRUDE OIL 10:00 136,352 50.00 0.00"
dtr3010.pdf,2025-10-29,2025-10-30,2025-10-30,2025-10-30T12:00:00,DHALKUT,DHALKUT,BERTHS,SPM-3,12:00,336.0,9.6,2.35,CRUDE OIL,256666.0,,6,"30-10-25 SPM-3MT. DHALKUT BERTHS 336.00 CRUDE OIL 12:00 256,666 60.00 19.30 30-10-25 ANCHORAGERV. SAGAR ANVESHIKA SHIFTS 43.00 NO 12:30 ON A/C VESSEL 9.60 2.35"
dtr2910.pdf,2025-10-28,2025-10-29,2025-10-30,2025-10-30T12:00:00,MINERVA SYMPHONY,MINERVA SYMPHONY,BERTHS,SPM,12:00,276.88,50.0,0.0,CRUDE OIL,136352.0,,5,"30-10-25 SPMMT. MINERVA SYMPHONY BERTHS 276.88 CRUDE OIL 12:00 136,352 50.00 0.00"
dtr3010.pdf,2025-10-29,2025-10-30,2025-10-30,2025-10-30T13:30:00,OCEAN FREEDOM,OCEAN FREEDOM,BERTHS,IOB,13:30,190.0,32.26,13.0,I.ORE,54300.0,,6,"30-10-25 IOBMV. OCEAN FREEDOM BERTHS 190.00 I.ORE 13:30 54,300 32.26 13.00"
dtr3010.pdf,2025-10-29,2025-10-30,2025-10-30,2025-10-30T15:00:00,LOWLANDS SHARK,LOWLANDS SHARK,BERTHS,PICT-2,15:00,176.5,28.8,10.52,STEEL SLAB,30000.0,,6,"30-10-25 PICT-2MV. LOWLANDS SHARK BERTHS 176.50 STEEL SLAB 15:00 30,000 28.80 10.52"
dtr3010.pdf,2025-10-29,2025-10-30,2025-10-30,2025-10-30T19:00:00,GREEN ONE,GREEN ONE,SAILS,FB-1,19:00,180.0,29.2,10.25,AMMONIA,6000.0,,6,"30-10-25 FB-1MT. GREEN ONE SAILS 180.00 AMMONIA 19:00 6,000 29.20 10.25"
dtr3010.pdf,2025-10-29,2025-10-30,2025-10-30,2025-10-30T19:30:00,JIPRO NEFTIS,JIPRO NEFTIS,BERTHS,FB-1,19:30,174.43,27.7,8.6,P. ACID,5549.0,,6,"30-10-25 FB-1MT. JIPRO NEFTIS BERTHS 174.43 P. ACID 19:30 5,549 27.70 8.60"
dtr3010.pdf,2025-10-29,2025-10-30,2025-10-30,2025-10-30T22:00:00,CHOLA MELODY,CHOLA MELODY,SAILS,EQ-2,22:00,224.99,32.26,14.5,TH.COAL,74600.0,,6,"30-10-25 EQ-2MV. CHOLA MELODY SAILS 224.99 TH.COAL 22:00 74,600 32.26 14.50"
dtr3010.pdf,2025-10-29,2025-10-30,2025-10-30,2025-10-30T23:00:00,APJ JAOUAD,APJ JAOUAD,SAILS,CB-1,23:00,225.0,32.2,14.5,TH.COAL,75090.0,,6,"30-10-25 CB-1MV. APJ JAOUAD SAILS 225.00 TH.COAL 23:00 75,090 32.20 14.50"
dtr3110.pdf,2025-10-30,2025-10-31,2025-10-30,2025-10-30T23:00:00,MAGNET TEAM,MAGNET TEAM,SAILS,ANCHORAGE,23:00,225.0,32.2,14.0,C.COAL,72150.0,,6,"30-10-25 ANCHORAGEMV. MAGNET TEAM SAILS 225.00 C.COAL 23:00 72,150 32.20 14.00"
dtr3010.pdf,2025-10-29,2025-10-30,2025-10-30,2025-10-30T23:30:00,DECCAN PRIDE,DECCAN PRIDE,SAILS,CB-2,23:30,225.0,32.26,14.5,TH.COAL,74010.0,,6,"30-10-25 CB-2MV. DECCAN PRIDE SAILS 225.00 TH.COAL 23:30 74,010 32.26 14.50"
dtr3010.pdf,2025-10-29,2025-10-30,2025-10-31,2025-10-31T00:01:00,VISHVA PRERNA,VISHVA PRERNA,BERTHS,CB-1/CB-2,00:01,190.0,32.26,13.0,TH.COAL,55600.0,WHICHEVER IS VACANT FIRST,6,"31-10-25 CB-1/CB-2MV. VISHVA PRERNA BERTHS 190.00 TH.COAL 00:01 WHICHEVER IS VACANT FIRST 55,600 32.26 13.00"
dtr3010.pdf,2025-10-29,2025-10-30,2025-10-31,2025-10-31T00:30:00,SUNRISE I,SUNRISE I,SAILS,CQ-3,00:30,228.9,32.24,14.5,I.ORE PELLET,76320.0,,6,"31-10-25 CQ-3MV. SUNRISE I SAILS 228.90 I.ORE PELLET 00:30 76,320 32.24 14.50"
dtr3010.pdf,2025-10-29,2025-10-30,2025-10-31,2025-10-31T02:00:00,CLIPPER ALEXANDRIA,CLIPPER ALEXANDRIA,SAILS,PICT,02:00,179.9,28.4,12.5,STEEL PLATE,24086.0,,6,"31-10-25 PICTMV. CLIPPER ALEXANDRIA SAILS 179.90 STEEL PLATE 02:00 24,086 28.40 12.50"
dtr3010.pdf,2025-10-29,2025-10-30,2025-10-31,2025-10-31T06:00:00,KS GRACE,KS GRACE,SAILS,SQ,06:00,176.5,28.8,10.6,C.COAL,17000.0,,6,"31-10-25 SQMV. KS GRACE SAILS 176.50 C.COAL 06:00 17,000 28.80 10.60"
dtr3110.pdf,2025-10-30,2025-10-31,2025-10-31,2025-10-31T06:42:00,TORM ALMENA,TORM ALMENA,SAILS,SOJ,06:42,183.2,32.2,8.0,HSD,32104.0,,6,"31-10-25 SOJMT. TORM ALMENA SAILS 183.20 HSD 06:42 32,104 32.20 8.00"
dtr3110.pdf,2025-10-30,2025-10-31,2025-10-31,2025-10-31T08:00:00,SUNRISE I,SUNRISE I,SAILS,CQ-3,08:00,228.9,32.24,14.5,I.ORE PELLET,76320.0,,6,"31-10-25 CQ-3MV. SUNRISE I SAILS 228.90 I.ORE PELLET 08:00 76,320 32.24 14.50"
dtr3010.pdf,2025-10-29,2025-10-30,2025-10-31,2025-10-31T10:00:00,EFESSOS WAVE,EFESSOS WAVE,SAILS,KICT,10:00,229.0,32.26,14.0,C.COAL,82500.0,,6,"31-10-25 KICTMV. EFESSOS WAVE SAILS 229.00 C.COAL 10:00 82,500 32.26 14.00"
dtr3010.pdf,2025-10-29,2025-10-30,2025-10-31,2025-10-31T10:30:00,RGR OKINAWA,RGR OKINAWA,BERTHS,KICT,10:30,229.0,32.26,14.6,C.COAL,42000.0,,6,"31-10-25 KICTMV. RGR OKINAWA BERTHS 229.00 C.COAL 10:30 42,000 32.26 14.60"
dtr3110.pdf,2025-10-30,2025-10-31,2025-10-31,2025-10-31T13:00:00,CHOLA PROSPERITY,CHOLA PROSPERITY,BERTHS,EQ-2,13:00,225.0,32.26,14.5,TH.COAL,75000.0,,6,"31-10-25 EQ-2MV. CHOLA PROSPERITY BERTHS 225.00 TH.COAL 13:00 75,000 32.26 14.50"
dtr3110.pdf,2025-10-30,2025-10-31,2025-10-31,2025-10-31T13:30:00,MINERVA SYMPHONY,MINERVA SYMPHONY,SAILS,SPM,13:30,276.88,50.0,0.0,CRUDE OIL,135836.0,,6,"31-10-25 SPMMT. MINERVA SYMPHONY SAILS 276.88 CRUDE OIL 13:30 135,836 50.00 0.00"
dtr3110.pdf,2025-10-30,2025-10-31,2025-10-31,2025-10-31T14:00:00,NEW LIBERTY,NEW LIBERTY,BERTHS,SPM,14:00,274.0,48.0,17.5,CRUDE OIL,119607.0,,6,"31-10-25 SPMMT. NEW LIBERTY BERTHS 274.00 CRUDE OIL 14:00 119,607 48.00 17.50"
dtr3110.pdf,2025-10-30,2025-10-31,2025-10-31,2025-10-31T14:30:00,AL MAQAM,AL MAQAM,BERTHS,FB-2,14:30,199.9,32.26,13.45,ROCK PHOS.,61500.0,,6,"31-10-25 FB-2MV. AL MAQAM BERTHS 199.90 ROCK PHOS. 14:30 61,500 32.26 13.45"
dtr3110.pdf,2025-10-30,2025-10-31,2025-10-31,2025-10-31T15:00:00,EFESSOS WAVE,EFESSOS WAVE,SAILS,KICT,15:00,229.0,32.26,14.0,C.COAL,82500.0,,6,"31-10-25 KICTMV. EFESSOS WAVE SAILS 229.00 C.COAL 15:00 82,500 32.26 14.00"
dtr3110.pdf,2025-10-30,2025-10-31,2025-10-31,2025-10-31T15:30:00,RGR OKINAWA,RGR OKINAWA,BERTHS,KICT,15:30,229.0,32.26,14.6,C.COAL,29365.0,,6,"31-10-25 KICTMV. RGR OKINAWA BERTHS 229.00 C.COAL 15:30 29,365 32.26 14.60"
dtr3110.pdf,2025-10-30,2025-10-31,2025-10-31,2025-10-31T16:00:00,GIORGIS,GIORGIS,SAILS,EQ-3,16:00,228.92,32.24,14.5,TH.COAL,79280.0,,6,"31-10-25 EQ-3MV. GIORGIS SAILS 228.92 TH.COAL 16:00 79,280 32.24 14.50"
dtr3110.pdf,2025-10-30,2025-10-31,2025-10-31,2025-10-31T16:30:00,JIPRO NEFTIS,JIPRO NEFTIS,SAILS,FB-1,16:30,174.43,27.7,7.4,P. ACID,5549.0,,6,"31-10-25 FB-1MT. JIPRO NEFTIS SAILS 174.43 P. ACID 16:30 5,549 27.70 7.40"
dtr3110.pdf,2025-10-30,2025-10-31,2025-10-31,2025-10-31T17:00:00,ERACLE,ERACLE,BERTHS,FB-1,17:00,189.9,32.26,12.95,ROCK PHOS.,55688.0,,6,"31-10-25 FB-1MV. ERACLE BERTHS 189.90 ROCK PHOS. 17:00 55,688 32.26 12.95"
dtr0111.pdf,2025-10-31,2025-11-01,2025-10-31,2025-10-31T19:00:00,SWARNA PUSHP,SWARNA PUSHP,BERTHS,SOJ,19:00,184.95,32.23,8.0,HSD,15000.0,,5,"31-10-25 SOJMT. SWARNA PUSHP BERTHS 184.95 HSD 19:00 15,000 32.23 8.00"
dtr3110.pdf,2025-10-30,2025-10-31,2025-10-31,2025-10-31T22:00:00,JY OCEAN,JY OCEAN,SAILS,CQ-2,22:00,225.5,32.26,14.5,DOLOMITE/LM. ST.,40932.0,,6,"31-10-25 CQ-2MV. JY OCEAN SAILS 225.50 DOLOMITE/LM. ST. 22:00 40,932 32.26 14.50"
dtr3110.pdf,2025-10-30,2025-10-31,2025-11-01,2025-11-01T04:30:00,XENIA,XENIA,BERTHS,CQ-1,04:30,229.0,32.26,14.5,DOLOMITE/LM. ST.,43000.0,,6,"01-11-25 CQ-1MV. XENIA BERTHS 229.00 DOLOMITE/LM. ST. 04:30 43,000 32.26 14.50"
dtr3110.pdf,2025-10-30,2025-10-31,2025-11-01,2025-11-01T06:00:00,MILAGRO,MILAGRO,BERTHS,SQ,06:00,225.0,32.26,0.0,NUT COKE,20000.0,,6,"01-11-25 SQMV. MILAGRO BERTHS 225.00 NUT COKE 06:00 20,000 32.26 0.00"
dtr3110.pdf,2025-10-30,2025-10-31,2025-11-01,2025-11-01T07:00:00,VISHVA PRERNA,VISHVA PRERNA,SAILS,CB-2,07:00,190.0,32.26,13.0,TH.COAL,52600.0,,6,"01-11-25 CB-2MV. VISHVA PRERNA SAILS 190.00 TH.COAL 07:00 52,600 32.26 13.00"
dtr0111.pdf,2025-10-31,2025-11-01,2025-11-01,2025-11-01T08:06:00,XENIA,XENIA,BERTHS,CQ-1,08:06,229.0,32.26,14.5,DOLOMITE/LM. ST.,43000.0,,5,"01-11-25 CQ-1MV. XENIA BERTHS 229.00 DOLOMITE/LM. ST. 08:06 43,000 32.26 14.50"
dtr0111.pdf,2025-10-31,2025-11-01,2025-11-01,2025-11-01T08:12:00,MILAGRO,MILAGRO,BERTHS,SQ,08:12,225.0,32.26,8.29,NUT COKE,20000.0,,5,"01-11-25 SQMV. MILAGRO BERTHS 225.00 NUT COKE 08:12 20,000 32.26 8.29"
dtr3110.pdf,2025-10-30,2025-10-31,2025-11-01,2025-11-01T09:00:00,JAL VAIBHAV,JAL VAIBHAV,BERTHS,CB-2,09:00,228.05,36.5,14.5,TH.COAL,85000.0,,6,"01-11-25 CB-2MV. JAL VAIBHAV BERTHS 228.05 TH.COAL 09:00 85,000 36.50 14.50"
dtr0111.pdf,2025-10-31,2025-11-01,2025-11-01,2025-11-01T09:42:00,JAL VAIBHAV,JAL VAIBHAV,BERTHS,CB-1,09:42,228.05,36.5,14.5,TH.COAL,85000.0,,5,"01-11-25 CB-1MV. JAL VAIBHAV BERTHS 228.05 TH.COAL 09:42 85,000 36.50 14.50"
dtr0111.pdf,2025-10-31,2025-11-01,2025-11-01,2025-11-01T10:30:00,VISHVA PRERNA,VISHVA PRERNA,SAILS,CB-2,10:30,190.0,32.26,13.0,TH.COAL,55610.0,,5,"01-11-25 CB-2MV. VISHVA PRERNA SAILS 190.00 TH.COAL 10:30 55,610 32.26 13.00"
dtr0111.pdf,2025-10-31,2025-11-01,2025-11-01,2025-11-01T12:00:00,RGR OKINAWA,RGR OKINAWA,SAILS,KICT,12:00,229.0,32.26,14.61,C.COAL,29365.0,,5,"01-11-25 KICTMV. RGR OKINAWA SAILS 229.00 C.COAL 12:00 29,365 32.26 14.61"
dtr0111.pdf,2025-10-31,2025-11-01,2025-11-01,2025-11-01T13:00:00,INDIAN PARTNERSHIP,INDIAN PARTNERSHIP,BERTHS,KICT,13:00,292.0,45.0,16.5,S.COAL,155676.0,,5,"01-11-25 KICTMV. INDIAN PARTNERSHIP BERTHS 292.00 S.COAL 13:00 155,676 45.00 16.50"
dtr0111.pdf,2025-10-31,2025-11-01,2025-11-01,2025-11-01T15:00:00,OCEAN FREEDOM,OCEAN FREEDOM,SAILS,IOB,15:00,190.0,32.26,13.0,I.ORE,54300.0,,5,"01-11-25 IOBMV. OCEAN FREEDOM SAILS 190.00 I.ORE 15:00 54,300 32.26 13.00"
dtr0111.pdf,2025-10-31,2025-11-01,2025-11-01,2025-11-01T18:00:00,CHOLA PROSPERITY,CHOLA PROSPERITY,SAILS,EQ-2,18:00,225.0,32.26,14.5,TH.COAL,75000.0,,5,"01-11-25 EQ-2MV. CHOLA PROSPERITY SAILS 225.00 TH.COAL 18:00 75,000 32.26 14.50"
dtr0111.pdf,2025-10-31,2025-11-01,2025-11-01,2025-11-01T18:30:00,NEW LIBERTY,NEW LIBERTY,SAILS,SPM,18:30,274.0,48.0,17.5,CRUDE OIL,119860.0,,5,"01-11-25 SPMMT. NEW LIBERTY SAILS 274.00 CRUDE OIL 18:30 119,860 48.00 17.50"
dtr0111.pdf,2025-10-31,2025-11-01,2025-11-01,2025-11-01T20:00:00,DHALKUT,DHALKUT,SAILS,SPM-3,20:00,336.0,60.0,19.8,CRUDE OIL,256188.0,,5,"01-11-25 SPM-3MT. DHALKUT SAILS 336.00 CRUDE OIL 20:00 256,188 60.00 19.80"
dtr0111.pdf,2025-10-31,2025-11-01,2025-11-01,2025-11-01T20:30:00,ASTARTE,ASTARTE,BERTHS,CQ-3,20:30,229.0,32.26,14.5,I.ORE PELLET,75000.0,,5,"01-11-25 CQ-3MV. ASTARTE BERTHS 229.00 I.ORE PELLET 20:30 75,000 32.26 14.50"
dtr0111.pdf,2025-10-31,2025-11-01,2025-11-02,2025-11-02T01:00:00,DAWN MANSAROVAR,DAWN MANSAROVAR,SAILS,NOJ,01:00,184.6,27.4,7.8,F.O,6900.0,,5,"02-11-25 NOJMT. DAWN MANSAROVAR SAILS 184.60 F.O 01:00 6,900 27.40 7.80"
dtr0211.pdf,2025-11-01,2025-11-02,2025-11-02,2025-11-02T01:36:00,YASA PIONEER,YASA PIONEER,BERTHS,NIOB,01:36,228.99,32.26,0.0,I.ORE,75000.0,,5,"02-11-25 NIOBMV. YASA PIONEER BERTHS 228.99 I.ORE 01:36 75,000 32.26 0.00"
dtr0111.pdf,2025-10-31,2025-11-01,2025-11-02,2025-11-02T02:00:00,JAG PANKHI,JAG PANKHI,BERTHS,NOJ,02:00,183.0,32.2,11.9,HSD/M.SPIRIT,30000.0,,5,"02-11-25 NOJMT. JAG PANKHI BERTHS 183.00 HSD/M.SPIRIT 02:00 30,000 32.20 11.90"
dtr0111.pdf,2025-10-31,2025-11-01,2025-11-02,2025-11-02T08:00:00,VISHVA ANAND,VISHVA ANAND,BERTHS,MPB,08:00,229.0,32.24,14.5,S.COAL,77441.0,,5,"02-11-25 MPBMV. VISHVA ANAND BERTHS 229.00 S.COAL 08:00 77,441 32.24 14.50"
dtr0211.pdf,2025-11-01,2025-11-02,2025-11-02,2025-11-02T08:12:00,JAG PANKHI,JAG PANKHI,BERTHS,NOJ,08:12,183.0,32.2,11.9,HSD/M.SPIRIT,30000.0,,5,"02-11-25 NOJMT. JAG PANKHI BERTHS 183.00 HSD/M.SPIRIT 08:12 30,000 32.20 11.90"
dtr0111.pdf,2025-10-31,2025-11-01,2025-11-02,2025-11-02T09:00:00,SWARNA PUSHP,SWARNA PUSHP,SAILS,SOJ,09:00,184.95,32.23,8.0,HSD,36000.0,,5,"02-11-25 SOJMT. SWARNA PUSHP SAILS 184.95 HSD 09:00 36,000 32.23 8.00"
dtr0211.pdf,2025-11-01,2025-11-02,2025-11-02,2025-11-02T09:48:00,KAIROS,KAIROS,BERTHS,SPM-3,09:48,274.2,48.0,15.7,CRUDE OIL,139403.0,,5,"02-11-25 SPM-3MT. KAIROS BERTHS 274.20 CRUDE OIL 09:48 139,403 48.00 15.70"
dtr0111.pdf,2025-10-31,2025-11-01,2025-11-02,2025-11-02T10:00:00,AEOLIAN SUNRISE,AEOLIAN SUNRISE,BERTHS,CQ-2,10:00,225.1,32.26,14.34,PCI COAL,78059.0,,5,"02-11-25 CQ-2MV. AEOLIAN SUNRISE BERTHS 225.10 PCI COAL 10:00 78,059 32.26 14.34"
dtr0211.pdf,2025-11-01,2025-11-02,2025-11-02,2025-11-02T10:12:00,VISHVA ANAND,VISHVA ANAND,BERTHS,MPB,10:12,229.0,32.24,14.5,S.COAL,77441.0,,5,"02-11-25 MPBMV. VISHVA ANAND BERTHS 229.00 S.COAL 10:12 77,441 32.24 14.50"
dtr0211.pdf,2025-11-01,2025-11-02,2025-11-02,2025-11-02T11:30:00,AEOLIAN SUNRISE,AEOLIAN SUNRISE,BERTHS,CQ-2,11:30,225.1,32.26,13.45,PCI COAL,78059.0,,5,"02-11-25 CQ-2MV. AEOLIAN SUNRISE BERTHS 225.10 PCI COAL 11:30 78,059 32.26 14.34 02-11-25 ANCHORAGEMV. AL MAQAM SHIFTS 199.90 ROCK PHOS. 14:00 ON A/C IFFCO 61,500 32.26 13.45"
dtr0211.pdf,2025-11-01,2025-11-02,2025-11-02,2025-11-02T15:00:00,WEPION,WEPION,BERTHS,FB-2,15:00,179.92,28.4,0.0,AMMONIA,10300.0,,5,"02-11-25 FB-2MT. WEPION BERTHS 179.92 AMMONIA 15:00 10,300 28.40 0.00"
dtr0211.pdf,2025-11-01,2025-11-02,2025-11-02,2025-11-02T16:00:00,MILAGRO,MILAGRO,SAILS,SQ,16:00,225.0,32.26,8.29,NUT COKE,20000.0,,5,"02-11-25 SQMV. MILAGRO SAILS 225.00 NUT COKE 16:00 20,000 32.26 8.29"
dtr0211.pdf,2025-11-01,2025-11-02,2025-11-02,2025-11-02T17:00:00,JAL VAIBHAV,JAL VAIBHAV,SAILS,CB-1,17:00,228.05,36.5,14.5,TH.COAL,85013.0,,5,"02-11-25 CB-1MV. JAL VAIBHAV SAILS 228.05 TH.COAL 17:00 85,013 36.50 14.50"
dtr0211.pdf,2025-11-01,2025-11-02,2025-11-02,2025-11-02T17:30:00,APJ KABIR ANAND,APJ KABIR ANAND,BERTHS,CB-2,17:30,225.0,32.26,0.0,TH.COAL,75000.0,,5,"02-11-25 CB-2MV. APJ KABIR ANAND BERTHS 225.00 TH.COAL 17:30 75,000 32.26 0.00"
dtr0211.pdf,2025-11-01,2025-11-02,2025-11-02,2025-11-02T18:00:00,SWARNA PUSHP,SWARNA PUSHP,SAILS,SOJ,18:00,184.95,32.23,8.0,HSD,36000.0,,5,"02-11-25 SOJMT. SWARNA PUSHP SAILS 184.95 HSD 18:00 36,000 32.23 8.00"
dtr0211.pdf,2025-11-01,2025-11-02,2025-11-02,2025-11-02T19:00:00,JAG VIRAAT,JAG VIRAAT,BERTHS,SOJ,19:00,230.0,32.26,14.5,BUTANE/PROPA NE,24700.0,,5,"02-11-25 SOJMT. JAG VIRAAT BERTHS 230.00 BUTANE/PROPA NE 19:00 24,700 36.60 11.50 02-11-25 SQMV. XENIA SHIFTS 229.00 DOLOMITE/LM. ST. 22:00 ON A/C PORT 40,880 32.26 14.50"
dtr0211.pdf,2025-11-01,2025-11-02,2025-11-02,2025-11-02T23:00:00,BRIGHT WIND,BRIGHT WIND,BERTHS,CQ-1,23:00,228.99,32.26,14.36,PYROXENITE,40000.0,WHICHEVER VESSEL ARRIVES EARLIER,5,"02-11-25 CQ-1MV. BRIGHT WIND BERTHS 228.99 PYROXENITE 23:00 WHICHEVER VESSEL ARRIVES EARLIER 40,000 32.26 14.36"
dtr0211.pdf,2025-11-01,2025-11-02,2025-11-02,2025-11-02T23:00:00,TAI KNIGHT,TAI KNIGHT,BERTHS,CQ-1,23:00,228.99,32.26,14.5,C.COAL,51866.0,WHICHEVER VESSEL ARRIVES EARLIER,5,"02-11-25 CQ-1MV. TAI KNIGHT BERTHS 228.99 C.COAL 23:00 WHICHEVER VESSEL ARRIVES EARLIER 51,866 32.26 14.50"
dtr0211.pdf,2025-11-01,2025-11-02,2025-11-02,2025-11-02T23:30:00,RIPLEY PROGRESS,RIPLEY PROGRESS,BERTHS,CB-1,23:30,225.0,32.26,14.5,TH.COAL,75000.0,,5,"02-11-25 CB-1MV. RIPLEY PROGRESS BERTHS 225.00 TH.COAL 23:30 75,000 32.26 14.50"
dtr0211.pdf,2025-11-01,2025-11-02,2025-11-03,2025-11-03T04:00:00,ASTARTE,ASTARTE,SAILS,CQ-3,04:00,229.0,32.26,14.5,I.ORE PELLET,78131.0,,5,"03-11-25 CQ-3MV. ASTARTE SAILS 229.00 I.ORE PELLET 04:00 78,131 32.26 14.50"
dtr0211.pdf,2025-11-01,2025-11-02,2025-11-03,2025-11-03T09:00:00,YASA PIONEER,YASA PIONEER,SAILS,NIOB,09:00,228.99,32.26,0.0,I.ORE,80590.0,,5,"03-11-25 NIOBMV. YASA PIONEER SAILS 228.99 I.ORE 09:00 80,590 32.26 0.00"
dtr0211.pdf,2025-11-01,2025-11-02,2025-11-03,2025-11-03T10:00:00,WEPION,WEPION,SAILS,FB-2,10:00,179.92,32.26,13.45,AMMONIA,61500.0,28.40 0.00 03-11-25 FB-2MV. AL MAQAM REBERTHS 199.90 ROCK PHOS. 10:30 ON A/C IFFCO,5,"03-11-25 FB-2MT. WEPION SAILS 179.92 AMMONIA 10:00 28.40 0.00 03-11-25 FB-2MV. AL MAQAM REBERTHS 199.90 ROCK PHOS. 10:30 ON A/C IFFCO 61,500 32.26 13.45"
dtr0211.pdf,2025-11-01,2025-11-02,2025-11-03,2025-11-03T11:00:00,ERACLE,ERACLE,SAILS,FB-1,11:00,189.9,32.26,12.95,ROCK PHOS.,55688.0,,5,"03-11-25 FB-1MV. ERACLE SAILS 189.90 ROCK PHOS. 11:00 55,688 32.26 12.95"
dtr0311.pdf,2025-11-02,2025-11-03,2025-11-03,2025-11-03T11:30:00,WEPION,WEPION,SAILS,FB-2,11:30,179.92,32.26,13.45,AMMONIA,10350.0,,5,"03-11-25 FB-2MT. WEPION SAILS 179.92 AMMONIA 11:30 10,350 28.40 0.00 03-11-25 FB-2MV. AL MAQAM REBERTHS 199.90 ROCK PHOS. 12:00 ON A/C IFFCO 61,500 32.26 13.45"
dtr0211.pdf,2025-11-01,2025-11-02,2025-11-03,2025-11-03T13:00:00,BRIGHT PIONEER,BRIGHT PIONEER,BERTHS,SPM-2,13:00,333.0,60.0,20.5,CRUDE OIL,287291.0,,5,"03-11-25 SPM-2MT. BRIGHT PIONEER BERTHS 333.00 CRUDE OIL 13:00 287,291 60.00 20.50"
dtr0311.pdf,2025-11-02,2025-11-03,2025-11-03,2025-11-03T13:00:00,BRIGHT PIONEER,BRIGHT PIONEER,BERTHS,SPM-2,13:00,333.0,60.0,20.5,CRUDE OIL,287291.0,,5,"03-11-25 SPM-2MT. BRIGHT PIONEER BERTHS 333.00 CRUDE OIL 13:00 287,291 60.00 20.50"
dtr0311.pdf,2025-11-02,2025-11-03,2025-11-03,2025-11-03T14:00:00,YASA PIONEER,YASA PIONEER,SAILS,NIOB,14:00,228.99,32.26,0.0,I.ORE,80590.0,,5,"03-11-25 NIOBMV. YASA PIONEER SAILS 228.99 I.ORE 14:00 80,590 32.26 0.00"
dtr0311.pdf,2025-11-02,2025-11-03,2025-11-03,2025-11-03T16:00:00,XENIA,XENIA,SAILS,SQ,16:00,229.0,32.24,14.5,DOLOMITE/LM. ST.,42840.0,,5,"03-11-25 SQMV. XENIA SAILS 229.00 DOLOMITE/LM. ST. 16:00 42,840 32.26 14.50 03-11-25 SQMV. VISHVA ANAND SHIFTS 229.00 S.COAL 16:30 ON A/C PORT 77,441 32.24 14.50"
dtr0311.pdf,2025-11-02,2025-11-03,2025-11-03,2025-11-03T17:00:00,BRIGHT WIND,BRIGHT WIND,BERTHS,MPB,17:00,228.99,32.26,14.36,PYROXENITE,40000.0,,5,"03-11-25 MPBMV. BRIGHT WIND BERTHS 228.99 PYROXENITE 17:00 40,000 32.26 14.36"
dtr0311.pdf,2025-11-02,2025-11-03,2025-11-03,2025-11-03T18:00:00,JAG PANKHI,JAG PANKHI,SAILS,NOJ,18:00,183.0,32.26,14.5,HSD/M.SPIRIT,22000.0,,5,"03-11-25 NOJMT. JAG PANKHI SAILS 183.00 HSD/M.SPIRIT 18:00 22,000 32.20 11.90 03-11-25 EQ-3MV. RIPLEY PROGRESS SHIFTS 225.00 TH.COAL 21:00 ON A/C PORT 41,000 32.26 14.50"
dtr0311.pdf,2025-11-02,2025-11-03,2025-11-03,2025-11-03T23:00:00,KAIROS,KAIROS,SAILS,SPM-3,23:00,274.2,48.0,15.7,CRUDE OIL,139116.0,,5,"03-11-25 SPM-3MT. KAIROS SAILS 274.20 CRUDE OIL 23:00 139,116 48.00 15.70"
dtr0311.pdf,2025-11-02,2025-11-03,2025-11-03,2025-11-03T23:30:00,APJ KABIR ANAND,APJ KABIR ANAND,SAILS,CB-2,23:30,225.0,32.26,12.95,TH.COAL,75040.0,,5,"03-11-25 CB-2MV. APJ KABIR ANAND SAILS 225.00 TH.COAL 23:30 75,040 32.26 0.00 04-11-25 ANCHORAGEMV. ERACLE SHIFTS 189.90 ROCK PHOS. 06:00 ON A/C VESSEL 55,688 32.26 12.95"
dtr0311.pdf,2025-11-02,2025-11-03,2025-11-04,2025-11-04T06:30:00,KIRAN ANATOLIA,KIRAN ANATOLIA,BERTHS,FB-1,06:30,199.9,32.26,13.4,ROCK PHOS.,60800.0,,5,"04-11-25 FB-1MV. KIRAN ANATOLIA BERTHS 199.90 ROCK PHOS. 06:30 60,800 32.26 13.40"
dtr0311.pdf,2025-11-02,2025-11-03,2025-11-04,2025-11-04T08:00:00,ZHONG XING MEN,ZHONG XING MEN,BERTHS,IOB,08:00,189.9,32.26,13.0,I.ORE,54000.0,,5,"04-11-25 IOBMV. ZHONG XING MEN BERTHS 189.90 I.ORE 08:00 54,000 32.26 13.00"
dtr0411.pdf,2025-11-03,2025-11-04,2025-11-04,2025-11-04T10:30:00,PUERTO ROSARIO,PUERTO ROSARIO,BERTHS,NIOB,10:30,199.9,32.31,13.3,CLUMPS ORE/I.ORE,29000.0,,5,"04-11-25 NIOBMV. PUERTO ROSARIO BERTHS 199.90 CLUMPS ORE/I.ORE 10:30 29,000 32.31 13.30"
dtr0411.pdf,2025-11-03,2025-11-04,2025-11-04,2025-11-04T14:00:00,ZHONG XING MEN,ZHONG XING MEN,BERTHS,IOB,14:00,189.9,32.26,13.0,I.ORE,54000.0,,5,"04-11-25 IOBMV. ZHONG XING MEN BERTHS 189.90 I.ORE 14:00 54,000 32.26 13.00"
dtr0411.pdf,2025-11-03,2025-11-04,2025-11-04,2025-11-04T17:30:00,INDIAN PARTNERSHIP,INDIAN PARTNERSHIP,SAILS,KICT,17:30,292.0,45.0,16.5,S.COAL,155676.0,,5,"04-11-25 KICTMV. INDIAN PARTNERSHIP SAILS 292.00 S.COAL 17:30 155,676 45.00 16.50"
dtr0411.pdf,2025-11-03,2025-11-04,2025-11-04,2025-11-04T18:00:00,SEA LYRA,SEA LYRA,BERTHS,KICT,18:00,229.0,32.26,14.0,C.COAL,74481.0,,5,"04-11-25 KICTMV. SEA LYRA BERTHS 229.00 C.COAL 18:00 74,481 32.26 14.00"
dtr0411.pdf,2025-11-03,2025-11-04,2025-11-04,2025-11-04T18:30:00,RIPLEY PROGRESS,RIPLEY PROGRESS,SAILS,EQ-3,18:30,225.0,32.26,14.5,TH.COAL,33395.0,,5,"04-11-25 EQ-3MV. RIPLEY PROGRESS SAILS 225.00 TH.COAL 18:30 33,395 32.26 14.50"
dtr0411.pdf,2025-11-03,2025-11-04,2025-11-04,2025-11-04T22:00:00,AL MAQAM,AL MAQAM,SAILS,FB-2,22:00,199.9,32.26,13.45,ROCK PHOS.,61500.0,,5,"04-11-25 FB-2MV. AL MAQAM SAILS 199.90 ROCK PHOS. 22:00 61,500 32.26 13.45"
dtr0411.pdf,2025-11-03,2025-11-04,2025-11-04,2025-11-04T23:00:00,POLAR STAR,POLAR STAR,BERTHS,FB-2,23:00,189.99,28.5,10.9,SULPHUR,34900.0,,5,"04-11-25 FB-2MV. POLAR STAR BERTHS 189.99 SULPHUR 23:00 34,900 28.50 10.90"
dtr0511.pdf,2025-11-04,2025-11-05,2025-11-04,2025-11-04T23:24:00,JOYFUL RESOURCE,JOYFUL RESOURCE,BERTHS,PICT,23:24,123.83,19.6,8.6,STEEL SLAB,10000.0,,6,"04-11-25 PICTMV. JOYFUL RESOURCE BERTHS 123.83 STEEL SLAB 23:24 10,000 19.60 8.60"
dtr0411.pdf,2025-11-03,2025-11-04,2025-11-05,2025-11-05T02:00:00,TAI KNIGHT,TAI KNIGHT,SAILS,CQ-1,02:00,228.99,32.26,14.5,C.COAL,51866.0,,5,"05-11-25 CQ-1MV. TAI KNIGHT SAILS 228.99 C.COAL 02:00 51,866 32.26 14.50"
dtr0411.pdf,2025-11-03,2025-11-04,2025-11-05,2025-11-05T03:00:00,SEA DIAMOND,SEA DIAMOND,BERTHS,CQ-1,03:00,224.99,32.0,14.5,PCI COAL,74600.0,,5,"05-11-25 CQ-1MV. SEA DIAMOND BERTHS 224.99 PCI COAL 03:00 74,600 32.00 14.50"
dtr0511.pdf,2025-11-04,2025-11-05,2025-11-05,2025-11-05T09:00:00,BRIGHT PIONEER,BRIGHT PIONEER,SAILS,SPM-2,09:00,333.0,60.0,21.0,CRUDE OIL,286796.0,,6,"05-11-25 SPM-2MT. BRIGHT PIONEER SAILS 333.00 CRUDE OIL 09:00 286,796 60.00 21.00"
dtr0411.pdf,2025-11-03,2025-11-04,2025-11-05,2025-11-05T10:00:00,BRIGHT PIONEER,BRIGHT PIONEER,SAILS,SPM-2,10:00,333.0,60.0,21.0,CRUDE OIL,286796.0,,5,"05-11-25 SPM-2MT. BRIGHT PIONEER SAILS 333.00 CRUDE OIL 10:00 286,796 60.00 21.00"
dtr0511.pdf,2025-11-04,2025-11-05,2025-11-05,2025-11-05T10:00:00,POLAR STAR,POLAR STAR,BERTHS,FB-2,10:00,189.99,28.5,10.9,SULPHUR,34900.0,,6,"05-11-25 FB-2MV. POLAR STAR BERTHS 189.99 SULPHUR 10:00 34,900 28.50 10.90"
dtr0511.pdf,2025-11-04,2025-11-05,2025-11-05,2025-11-05T11:00:00,JAG VIRAAT,JAG VIRAAT,SAILS,SOJ,11:00,230.0,36.6,11.5,BUTANE/PROPA NE,24700.0,,6,"05-11-25 SOJMT. JAG VIRAAT SAILS 230.00 BUTANE/PROPA NE 11:00 24,700 36.60 11.50"
dtr0511.pdf,2025-11-04,2025-11-05,2025-11-05,2025-11-05T13:00:00,ARG,ARG,BERTHS,NOJ,13:00,160.5,23.0,6.0,F.O,4028.0,,6,"05-11-25 NOJMT. ARG BERTHS 160.50 F.O 13:00 4,028 23.00 6.00"
dtr0511.pdf,2025-11-04,2025-11-05,2025-11-05,2025-11-05T16:00:00,TAI KNIGHT,TAI KNIGHT,SAILS,CQ-1,16:00,228.99,32.26,14.5,C.COAL,51866.0,,6,"05-11-25 CQ-1MV. TAI KNIGHT SAILS 228.99 C.COAL 16:00 51,866 32.26 14.50"
dtr0511.pdf,2025-11-04,2025-11-05,2025-11-05,2025-11-05T17:00:00,SEA DIAMOND,SEA DIAMOND,BERTHS,CQ-1,17:00,224.99,32.0,14.5,PCI COAL,74600.0,,6,"05-11-25 CQ-1MV. SEA DIAMOND BERTHS 224.99 PCI COAL 17:00 74,600 32.00 14.50"
dtr0511.pdf,2025-11-04,2025-11-05,2025-11-05,2025-11-05T20:00:00,BRIGHT WIND,BRIGHT WIND,SAILS,MPB,20:00,228.99,32.26,14.36,PYROXENITE,41800.0,,6,"05-11-25 MPBMV. BRIGHT WIND SAILS 228.99 PYROXENITE 20:00 41,800 32.26 14.36"
dtr0511.pdf,2025-11-04,2025-11-05,2025-11-05,2025-11-05T21:00:00,VISHVA ANAND,VISHVA ANAND,SAILS,SQ,21:00,229.0,32.24,14.5,S.COAL,77441.0,,6,"05-11-25 SQMV. VISHVA ANAND SAILS 229.00 S.COAL 21:00 77,441 32.24 14.50"
dtr0511.pdf,2025-11-04,2025-11-05,2025-11-05,2025-11-05T22:00:00,GLANZ CORAL,GLANZ CORAL,BERTHS,SQ,22:00,119.93,21.2,7.24,FE.CR,7000.0,,6,"05-11-25 SQMV. GLANZ CORAL BERTHS 119.93 FE.CR 22:00 7,000 21.20 7.24"
dtr0511.pdf,2025-11-04,2025-11-05,2025-11-06,2025-11-06T02:00:00,CHOLA INTEGRITY,CHOLA INTEGRITY,BERTHS,CQ-3,02:00,228.99,32.26,14.5,I.ORE PELLET,75000.0,,6,"06-11-25 CQ-3MV. CHOLA INTEGRITY BERTHS 228.99 I.ORE PELLET 02:00 75,000 32.26 14.50"
dtr0511.pdf,2025-11-04,2025-11-05,2025-11-06,2025-11-06T06:00:00,DESH VISHAL,DESH VISHAL,BERTHS,SPM,06:00,333.0,60.0,21.0,CRUDE OIL,275329.0,,6,"06-11-25 SPMMT. DESH VISHAL BERTHS 333.00 CRUDE OIL 06:00 275,329 60.00 21.00"
dtr0511.pdf,2025-11-04,2025-11-05,2025-11-06,2025-11-06T08:00:00,APJ ANGAD 2,APJ ANGAD 2,BERTHS,EQ-3,08:00,224.94,32.26,14.5,TH.COAL,75000.0,,6,"06-11-25 EQ-3MV. APJ ANGAD 2 BERTHS 224.94 TH.COAL 08:00 75,000 32.26 14.50"
dtr0511.pdf,2025-11-04,2025-11-05,2025-11-06,2025-11-06T10:00:00,SEA LYRA,SEA LYRA,SAILS,KICT,10:00,229.0,32.26,14.0,C.COAL,74481.0,,6,"06-11-25 KICTMV. SEA LYRA SAILS 229.00 C.COAL 10:00 74,481 32.26 14.00"
dtr1806.pdf,2026-06-17,2026-06-18,2026-06-18,2026-06-18T11:00:00,CASSIOPEIA OCEAN,CASSIOPEIA OCEAN,BERTHS,EQ-3,11:00,229.0,32.24,14.5,TH.COAL,80000.0,,5,"18-06-26 EQ-3MV. CASSIOPEIA OCEAN BERTHS 229.00 TH.COAL 11:00 80,000 32.24 14.50"
dtr1806.pdf,2026-06-17,2026-06-18,2026-06-18,2026-06-18T13:30:00,GANESHWAR,GANESHWAR,BERTHS,NQ-3,13:30,72.0,14.0,3.0,GYPSUM,1800.0,,5,"18-06-26 NQ-3MV. GANESHWAR BERTHS 72.00 GYPSUM 13:30 1,800 14.00 3.00"
dtr1806.pdf,2026-06-17,2026-06-18,2026-06-18,2026-06-18T16:00:00,BADRINATH,BADRINATH,SAILS,SOJ,16:00,225.16,36.63,11.6,BUTANE/PROPA,21600.0,,5,"18-06-26 SOJMT. BADRINATH SAILS 225.16 BUTANE/PROPA 16:00 21,600 36.63 11.60"
dtr1806.pdf,2026-06-17,2026-06-18,2026-06-18,2026-06-18T17:00:00,GANESHWAR,GANESHWAR,SAILS,NQ-3,17:00,72.0,14.0,3.0,GYPSUM,7338.0,,5,"18-06-26 NQ-3MV. GANESHWAR SAILS 72.00 GYPSUM 17:00 7,338 14.00 3.00"
dtr1806.pdf,2026-06-17,2026-06-18,2026-06-19,2026-06-19T00:01:00,WU TAI,WU TAI,SAILS,SPM,00:01,250.0,44.0,0.0,CRUDE OIL,104552.0,,5,"19-06-26 SPMMT. WU TAI SAILS 250.00 CRUDE OIL 00:01 104,552 44.00 0.00"
dtr1906.pdf,2026-06-18,2026-06-19,2026-06-19,2026-06-19T00:18:00,URAIRAT NAREE,URAIRAT NAREE,BERTHS,NIOB,00:18,199.99,11.5,0.0,I.ORE,55000.0,,5,"19-06-26 NIOBMV. URAIRAT NAREE BERTHS 199.99 I.ORE 00:18 55,000 36.00 0.00 19-06-26 ANCHORAGEMT. VAMSEE SHIFTS 69.81 NO 06:36 ON A/C VESSEL 11.50 0.00"
dtr1806.pdf,2026-06-17,2026-06-18,2026-06-19,2026-06-19T02:00:00,MSC CARINA,MSC CARINA,SAILS,CB-2,02:00,253.5,36.5,14.5,TH.COAL,102358.0,,5,"19-06-26 CB-2MV. MSC CARINA SAILS 253.50 TH.COAL 02:00 102,358 43.00 0.00 19-06-26 CB-2MV. JAL VAIBHAV SHIFTS 228.05 TH.COAL 02:30 ON A/C PORT 30,000 36.50 14.50"
dtr1806.pdf,2026-06-17,2026-06-18,2026-06-19,2026-06-19T03:00:00,DEVBULK ASLAN,DEVBULK ASLAN,BERTHS,IOB,03:00,182.98,32.26,13.0,I.ORE,52000.0,,5,"19-06-26 IOBMV. DEVBULK ASLAN BERTHS 182.98 I.ORE 03:00 52,000 32.26 13.00"
dtr1806.pdf,2026-06-17,2026-06-18,2026-06-19,2026-06-19T03:30:00,GANESHWAR,GANESHWAR,BERTHS,NQ-3,03:30,72.0,14.0,3.0,GYPSUM,1800.0,,5,"19-06-26 NQ-3MV. GANESHWAR BERTHS 72.00 GYPSUM 03:30 1,800 14.00 3.00"
dtr1806.pdf,2026-06-17,2026-06-18,2026-06-19,2026-06-19T04:00:00,ANDROS SPIRIT,ANDROS SPIRIT,SAILS,EQ-2,04:00,228.9,32.24,14.5,TH.COAL,79785.0,,5,"19-06-26 EQ-2MV. ANDROS SPIRIT SAILS 228.90 TH.COAL 04:00 79,785 32.24 14.50"
dtr1806.pdf,2026-06-17,2026-06-18,2026-06-19,2026-06-19T06:00:00,NEW ELLY,NEW ELLY,SAILS,KICT,06:00,292.0,45.0,12.41,C.COAL,89164.0,,5,"19-06-26 KICTMV. NEW ELLY SAILS 292.00 C.COAL 06:00 89,164 45.00 12.41"
dtr1806.pdf,2026-06-17,2026-06-18,2026-06-19,2026-06-19T06:30:00,HORIZON DREAM,HORIZON DREAM,BERTHS,KICT,06:30,229.93,38.0,0.0,C.COAL,82500.0,,5,"19-06-26 KICTMV. HORIZON DREAM BERTHS 229.93 C.COAL 06:30 82,500 38.00 0.00"
dtr1906.pdf,2026-06-18,2026-06-19,2026-06-19,2026-06-19T06:54:00,GANESHWAR,GANESHWAR,SAILS,NQ-3,06:54,72.0,14.0,3.0,GYPSUM,7202.0,,5,"19-06-26 NQ-3MV. GANESHWAR SAILS 72.00 GYPSUM 06:54 7,202 14.00 3.00"
dtr1806.pdf,2026-06-17,2026-06-18,2026-06-19,2026-06-19T07:00:00,GANESHWAR,GANESHWAR,SAILS,NQ-3,07:00,72.0,14.0,3.0,GYPSUM,7338.0,,5,"19-06-26 NQ-3MV. GANESHWAR SAILS 72.00 GYPSUM 07:00 7,338 14.00 3.00"
dtr1806.pdf,2026-06-17,2026-06-18,2026-06-19,2026-06-19T07:30:00,APJ INDRANI,APJ INDRANI,SAILS,CB-1,07:30,225.0,32.2,0.0,TH.COAL,72673.0,,5,"19-06-26 CB-1MV. APJ INDRANI SAILS 225.00 TH.COAL 07:30 72,673 32.20 0.00"
dtr1806.pdf,2026-06-17,2026-06-18,2026-06-19,2026-06-19T08:00:00,RIPLEY PROSPERITY,RIPLEY PROSPERITY,BERTHS,CB-1,08:00,224.94,32.26,14.5,TH.COAL,75000.0,,5,"19-06-26 CB-1MV. RIPLEY PROSPERITY BERTHS 224.94 TH.COAL 08:00 75,000 32.26 14.50"
dtr1906.pdf,2026-06-18,2026-06-19,2026-06-19,2026-06-19T08:10:00,MSC CARINA,MSC CARINA,SAILS,CB-2,08:10,253.5,36.5,14.5,TH.COAL,102386.0,,5,"19-06-26 CB-2MV. MSC CARINA SAILS 253.50 TH.COAL 08:10 102,386 43.00 0.00 19-06-26 CB-2MV. JAL VAIBHAV SHIFTS 228.05 TH.COAL 09:06 ON A/C PORT 48,815 36.50 14.50"
dtr1806.pdf,2026-06-17,2026-06-18,2026-06-19,2026-06-19T08:30:00,AMNSI STALLION,AMNSI STALLION,SAILS,CQ-2,08:30,229.0,32.26,14.35,LM. ST.,42700.0,,5,"19-06-26 CQ-2MV. AMNSI STALLION SAILS 229.00 LM. ST. 08:30 42,700 32.26 14.35"
dtr1906.pdf,2026-06-18,2026-06-19,2026-06-19,2026-06-19T10:00:00,DEVBULK ASLAN,DEVBULK ASLAN,BERTHS,IOB,10:00,182.98,32.26,13.0,I.ORE,52000.0,,5,"19-06-26 IOBMV. DEVBULK ASLAN BERTHS 182.98 I.ORE 10:00 52,000 32.26 13.00"
dtr1906.pdf,2026-06-18,2026-06-19,2026-06-19,2026-06-19T10:05:00,GOLDEN FAITH,GOLDEN FAITH,BERTHS,CQ-3,10:05,227.2,36.0,14.0,I.ORE PELLET,75000.0,,5,"19-06-26 CQ-3MV. GOLDEN FAITH BERTHS 227.20 I.ORE PELLET 10:05 75,000 36.00 14.00"
dtr1906.pdf,2026-06-18,2026-06-19,2026-06-19,2026-06-19T10:30:00,NEW ELLY,NEW ELLY,SAILS,KICT,10:30,292.0,45.0,12.41,C.COAL,89164.0,,5,"19-06-26 KICTMV. NEW ELLY SAILS 292.00 C.COAL 10:30 89,164 45.00 12.41"
dtr1906.pdf,2026-06-18,2026-06-19,2026-06-19,2026-06-19T11:00:00,HORIZON DREAM,HORIZON DREAM,BERTHS,KICT,11:00,229.93,38.0,0.0,C.COAL,82500.0,,5,"19-06-26 KICTMV. HORIZON DREAM BERTHS 229.93 C.COAL 11:00 82,500 38.00 0.00"
dtr1906.pdf,2026-06-18,2026-06-19,2026-06-19,2026-06-19T11:30:00,APJ INDRANI,APJ INDRANI,SAILS,CB-1,11:30,225.0,32.2,0.0,TH.COAL,72673.0,,5,"19-06-26 CB-1MV. APJ INDRANI SAILS 225.00 TH.COAL 11:30 72,673 32.20 0.00"
dtr1906.pdf,2026-06-18,2026-06-19,2026-06-19,2026-06-19T12:00:00,RIPLEY PROSPERITY,RIPLEY PROSPERITY,BERTHS,CB-1,12:00,224.94,32.26,14.5,TH.COAL,75000.0,,5,"19-06-26 CB-1MV. RIPLEY PROSPERITY BERTHS 224.94 TH.COAL 12:00 75,000 32.26 14.50"
dtr1906.pdf,2026-06-18,2026-06-19,2026-06-19,2026-06-19T12:30:00,ANDROS SPIRIT,ANDROS SPIRIT,SAILS,EQ-2,12:30,228.9,32.24,14.5,TH.COAL,79785.0,,5,"19-06-26 EQ-2MV. ANDROS SPIRIT SAILS 228.90 TH.COAL 12:30 79,785 32.24 14.50"
dtr1906.pdf,2026-06-18,2026-06-19,2026-06-19,2026-06-19T13:00:00,RIPLEY PIONEER,RIPLEY PIONEER,BERTHS,EQ-2,13:00,225.0,32.26,14.5,TH.COAL,76000.0,,5,"19-06-26 EQ-2MV. RIPLEY PIONEER BERTHS 225.00 TH.COAL 13:00 76,000 32.26 14.50"
dtr1906.pdf,2026-06-18,2026-06-19,2026-06-19,2026-06-19T13:30:00,SEA EAGLE,SEA EAGLE,BERTHS,PICT,13:30,179.95,32.0,0.0,STEEL BEAM/STEEL,32500.0,,5,"19-06-26 PICTMV. SEA EAGLE BERTHS 179.95 STEEL BEAM/STEEL 13:30 32,500 32.00 0.00"
dtr1906.pdf,2026-06-18,2026-06-19,2026-06-19,2026-06-19T14:00:00,GCL SABARMATI,GCL SABARMATI,SAILS,SQ,14:00,253.5,43.0,13.62,LM. ST.,104900.0,,5,"19-06-26 SQMV. GCL SABARMATI SAILS 253.50 LM. ST. 14:00 104,900 43.00 13.62"
dtr1906.pdf,2026-06-18,2026-06-19,2026-06-19,2026-06-19T14:30:00,HUI YUAN,HUI YUAN,BERTHS,SQ,14:30,224.79,32.26,0.0,I.ORE,75000.0,,5,"19-06-26 SQMV. HUI YUAN BERTHS 224.79 I.ORE 14:30 75,000 32.26 0.00"
dtr1906.pdf,2026-06-18,2026-06-19,2026-06-19,2026-06-19T16:00:00,GOLDEN FELLOW,GOLDEN FELLOW,SAILS,CQ-1,16:00,229.0,32.26,14.4,C.COAL,45000.0,,5,"19-06-26 CQ-1MV. GOLDEN FELLOW SAILS 229.00 C.COAL 16:00 45,000 32.26 14.40"
dtr1906.pdf,2026-06-18,2026-06-19,2026-06-19,2026-06-19T16:30:00,SHUO LONG 618,SHUO LONG 618,BERTHS,CQ-1,16:30,187.88,32.26,0.0,LM. ST.,53715.0,,5,"19-06-26 CQ-1MV. SHUO LONG 618 BERTHS 187.88 LM. ST. 16:30 53,715 32.26 0.00"
dtr1906.pdf,2026-06-18,2026-06-19,2026-06-19,2026-06-19T19:00:00,WOOHYUN GREEN,WOOHYUN GREEN,BERTHS,PICT-2,19:00,131.9,22.0,9.7,F NICKLE,14949.0,,5,"19-06-26 PICT-2MV. WOOHYUN GREEN BERTHS 131.90 F NICKLE 19:00 14,949 22.00 9.70"
dtr1906.pdf,2026-06-18,2026-06-19,2026-06-19,2026-06-19T21:00:00,AMNSI STALLION,AMNSI STALLION,SAILS,CQ-2,21:00,229.0,32.26,14.35,LM. ST.,44250.0,,5,"19-06-26 CQ-2MV. AMNSI STALLION SAILS 229.00 LM. ST. 21:00 44,250 32.26 14.35"
dtr1906.pdf,2026-06-18,2026-06-19,2026-06-19,2026-06-19T22:00:00,JIAYAO,JIAYAO,BERTHS,CQ-2,22:00,189.99,32.26,13.0,I.ORE,55000.0,,5,"19-06-26 CQ-2MV. JIAYAO BERTHS 189.99 I.ORE 22:00 55,000 32.26 13.00"
dtr2006.pdf,2026-06-19,2026-06-20,2026-06-20,2026-06-20T03:08:00,GANESHWAR,GANESHWAR,BERTHS,NQ-3,03:08,72.0,14.0,3.0,GYPSUM,1800.0,,5,"20-06-26 NQ-3MV. GANESHWAR BERTHS 72.00 GYPSUM 03:08 1,800 14.00 3.00"
dtr1906.pdf,2026-06-18,2026-06-19,2026-06-20,2026-06-20T04:00:00,CASSIOPEIA OCEAN,CASSIOPEIA OCEAN,SAILS,EQ-3,04:00,229.0,32.24,14.5,TH.COAL,78180.0,,5,"20-06-26 EQ-3MV. CASSIOPEIA OCEAN SAILS 229.00 TH.COAL 04:00 78,180 32.24 14.50"
dtr2006.pdf,2026-06-19,2026-06-20,2026-06-20,2026-06-20T06:36:00,JAL VAIBHAV,JAL VAIBHAV,SAILS,CB-2,06:36,228.05,36.5,14.5,TH.COAL,48740.0,,5,"20-06-26 CB-2MV. JAL VAIBHAV SAILS 228.05 TH.COAL 06:36 48,740 36.50 14.50"
dtr2006.pdf,2026-06-19,2026-06-20,2026-06-20,2026-06-20T07:00:00,GANESHWAR,GANESHWAR,SAILS,NQ-3,07:00,72.0,14.0,3.0,GYPSUM,6892.0,,5,"20-06-26 NQ-3MV. GANESHWAR SAILS 72.00 GYPSUM 07:00 6,892 14.00 3.00"
dtr2006.pdf,2026-06-19,2026-06-20,2026-06-20,2026-06-20T07:48:00,CASSIOPEIA OCEAN,CASSIOPEIA OCEAN,SAILS,EQ-3,07:48,229.0,32.24,14.5,TH.COAL,78191.0,,5,"20-06-26 EQ-3MV. CASSIOPEIA OCEAN SAILS 229.00 TH.COAL 07:48 78,191 32.24 14.50"
dtr2006.pdf,2026-06-19,2026-06-20,2026-06-20,2026-06-20T09:06:00,SELVA,SELVA,BERTHS,SPM-2,09:06,240.0,42.0,14.5,CRUDE OIL,97168.0,,5,"20-06-26 SPM-2MT. SELVA BERTHS 240.00 CRUDE OIL 09:06 97,168 42.00 14.50"
dtr2006.pdf,2026-06-19,2026-06-20,2026-06-20,2026-06-20T10:06:00,JIAYAO,JIAYAO,BERTHS,CQ-2,10:06,189.99,32.26,13.0,I.ORE,55000.0,,5,"20-06-26 CQ-2MV. JIAYAO BERTHS 189.99 I.ORE 10:06 55,000 32.26 13.00"
dtr2006.pdf,2026-06-19,2026-06-20,2026-06-20,2026-06-20T11:12:00,CORATO,CORATO,BERTHS,EQ-3,11:12,228.99,32.26,14.5,TH.COAL,80000.0,,5,"20-06-26 EQ-3MV. CORATO BERTHS 228.99 TH.COAL 11:12 80,000 32.26 14.50"
dtr2006.pdf,2026-06-19,2026-06-20,2026-06-20,2026-06-20T12:00:00,ESPOIR SEVEN,ESPOIR SEVEN,BERTHS,NQ-2,12:00,119.93,21.2,0.0,FE.CR,6000.0,,5,"20-06-26 NQ-2MV. ESPOIR SEVEN BERTHS 119.93 FE.CR 12:00 6,000 21.20 0.00"
dtr2006.pdf,2026-06-19,2026-06-20,2026-06-20,2026-06-20T14:00:00,OLIVIA C,OLIVIA C,SAILS,MPB,14:00,229.0,32.26,14.5,LM. ST.,77900.0,,5,"20-06-26 MPBMV. OLIVIA C SAILS 229.00 LM. ST. 14:00 77,900 32.26 14.50"
dtr2006.pdf,2026-06-19,2026-06-20,2026-06-20,2026-06-20T15:00:00,MARIS WHISPER,MARIS WHISPER,BERTHS,MPB,15:00,179.9,28.4,10.15,A. NITRATE,15027.0,,5,"20-06-26 MPBMV. MARIS WHISPER BERTHS 179.90 A. NITRATE 15:00 15,027 28.40 10.15"
dtr2006.pdf,2026-06-19,2026-06-20,2026-06-20,2026-06-20T15:30:00,GANESHWAR,GANESHWAR,BERTHS,NQ-3,15:30,72.0,14.0,3.0,GYPSUM,1800.0,,5,"20-06-26 NQ-3MV. GANESHWAR BERTHS 72.00 GYPSUM 15:30 1,800 14.00 3.00"
dtr2006.pdf,2026-06-19,2026-06-20,2026-06-20,2026-06-20T17:00:00,OCEAN HOPE,OCEAN HOPE,BERTHS,NIOB,17:00,178.2,26.8,12.95,I.ORE,55000.0,,5,"20-06-26 NIOBMV. OCEAN HOPE BERTHS 178.20 I.ORE 17:00 55,000 26.80 12.95"
dtr2006.pdf,2026-06-19,2026-06-20,2026-06-20,2026-06-20T18:00:00,MARINE FORTUNE I,MARINE FORTUNE I,BERTHS,CB-1/CB-2,18:00,225.0,32.2,13.8,TH.COAL,72000.0,WHICHEVER BERTH IS VACANT AND READY FIRST,5,"20-06-26 CB-1/CB-2MV. MARINE FORTUNE I BERTHS 225.00 TH.COAL 18:00 WHICHEVER BERTH IS VACANT AND READY FIRST 72,000 32.20 13.80"
dtr2006.pdf,2026-06-19,2026-06-20,2026-06-20,2026-06-20T19:00:00,GANESHWAR,GANESHWAR,SAILS,NQ-3,19:00,72.0,14.0,3.0,GYPSUM,6892.0,,5,"20-06-26 NQ-3MV. GANESHWAR SAILS 72.00 GYPSUM 19:00 6,892 14.00 3.00"
dtr2006.pdf,2026-06-19,2026-06-20,2026-06-20,2026-06-20T21:00:00,RIPLEY PROSPERITY,RIPLEY PROSPERITY,SAILS,CB-1,21:00,224.94,32.26,14.5,TH.COAL,74551.0,,5,"20-06-26 CB-1MV. RIPLEY PROSPERITY SAILS 224.94 TH.COAL 21:00 74,551 32.26 14.50"
dtr2006.pdf,2026-06-19,2026-06-20,2026-06-20,2026-06-20T22:00:00,SIKINOS,SIKINOS,BERTHS,CB-1/CB-2,22:00,199.99,32.26,13.5,TH.COAL,60000.0,WHICHEVER BERTH IS VACANT AND READY LATER,5,"20-06-26 CB-1/CB-2MV. SIKINOS BERTHS 199.99 TH.COAL 22:00 WHICHEVER BERTH IS VACANT AND READY LATER 60,000 32.26 13.50"
dtr2006.pdf,2026-06-19,2026-06-20,2026-06-21,2026-06-21T02:00:00,HORIZON DREAM,HORIZON DREAM,SAILS,KICT,02:00,229.93,38.0,13.5,C.COAL,82500.0,,5,"21-06-26 KICTMV. HORIZON DREAM SAILS 229.93 C.COAL 02:00 82,500 38.00 13.50"
dtr2006.pdf,2026-06-19,2026-06-20,2026-06-21,2026-06-21T03:00:00,JAG AMAIRA,JAG AMAIRA,BERTHS,KICT,03:00,229.0,32.26,14.47,C.COAL,44000.0,,5,"21-06-26 KICTMV. JAG AMAIRA BERTHS 229.00 C.COAL 03:00 44,000 32.26 14.47"
dtr2006.pdf,2026-06-19,2026-06-20,2026-06-21,2026-06-21T04:00:00,GANESHWAR,GANESHWAR,BERTHS,NQ-3,04:00,72.0,14.0,3.0,GYPSUM,1800.0,,5,"21-06-26 NQ-3MV. GANESHWAR BERTHS 72.00 GYPSUM 04:00 1,800 14.00 3.00"
dtr2106.pdf,2026-06-20,2026-06-21,2026-06-21,2026-06-21T07:18:00,HORIZON DREAM,HORIZON DREAM,SAILS,KICT,07:18,229.93,38.0,13.5,C.COAL,82500.0,,5,"21-06-26 KICTMV. HORIZON DREAM SAILS 229.93 C.COAL 07:18 82,500 38.00 13.50"
dtr2006.pdf,2026-06-19,2026-06-20,2026-06-21,2026-06-21T08:00:00,GANESHWAR,GANESHWAR,SAILS,NQ-3,08:00,72.0,14.0,3.0,GYPSUM,6892.0,,5,"21-06-26 NQ-3MV. GANESHWAR SAILS 72.00 GYPSUM 08:00 6,892 14.00 3.00"
dtr2106.pdf,2026-06-20,2026-06-21,2026-06-21,2026-06-21T08:06:00,GANESHWAR,GANESHWAR,SAILS,NQ-3,08:06,72.0,14.0,3.0,GYPSUM,6892.0,,5,"21-06-26 NQ-3MV. GANESHWAR SAILS 72.00 GYPSUM 08:06 6,892 14.00 3.00"
dtr2106.pdf,2026-06-20,2026-06-21,2026-06-21,2026-06-21T10:30:00,JAG AMAIRA,JAG AMAIRA,BERTHS,KICT,10:30,229.0,32.26,14.47,C.COAL,44000.0,,5,"21-06-26 KICTMV. JAG AMAIRA BERTHS 229.00 C.COAL 10:30 44,000 32.26 14.47"
dtr2106.pdf,2026-06-20,2026-06-21,2026-06-21,2026-06-21T12:00:00,PAZIFIK,PAZIFIK,BERTHS,FB-1,12:00,204.98,32.23,10.09,AMMONIA,33781.0,,5,"21-06-26 FB-1MT. PAZIFIK BERTHS 204.98 AMMONIA 12:00 33,781 32.23 10.09"
dtr2106.pdf,2026-06-20,2026-06-21,2026-06-21,2026-06-21T12:30:00,RIPLEY PIONEER,RIPLEY PIONEER,SAILS,EQ-2,12:30,225.0,32.26,14.5,TH.COAL,74661.0,,5,"21-06-26 EQ-2MV. RIPLEY PIONEER SAILS 225.00 TH.COAL 12:30 74,661 32.26 14.50"
dtr2106.pdf,2026-06-20,2026-06-21,2026-06-21,2026-06-21T13:00:00,SELVA,SELVA,SAILS,SPM-2,13:00,240.0,42.0,14.5,CRUDE OIL,97308.0,,5,"21-06-26 SPM-2MT. SELVA SAILS 240.00 CRUDE OIL 13:00 97,308 42.00 14.50"
dtr2106.pdf,2026-06-20,2026-06-21,2026-06-21,2026-06-21T14:00:00,DEVBULK ASLAN,DEVBULK ASLAN,SAILS,IOB,14:00,182.98,32.26,13.0,I.ORE,50950.0,,5,"21-06-26 IOBMV. DEVBULK ASLAN SAILS 182.98 I.ORE 14:00 50,950 32.26 13.00"
dtr2106.pdf,2026-06-20,2026-06-21,2026-06-21,2026-06-21T15:00:00,NEWSUN UNITY,NEWSUN UNITY,BERTHS,IOB,15:00,189.99,32.26,14.5,I.ORE,55000.0,,5,"21-06-26 IOBMV. NEWSUN UNITY BERTHS 189.99 I.ORE 15:00 55,000 32.26 12.80 21-06-26 ANCHORAGEMV. SIKINOS SHIFTS 199.99 TH.COAL 16:00 ON A/C VESSEL 26,000 32.26 13.50 21-06-26 CB-1MV. CORATO SHIFTS 228.99 TH.COAL 16:30 ON A/C VESSEL(WHICHEVER GIVES READINESS FIRST) 58,331 32.26 14.50"
dtr2106.pdf,2026-06-20,2026-06-21,2026-06-21,2026-06-21T16:30:00,SAFESEA VIDYA,SAFESEA VIDYA,BERTHS,CB-1,16:30,229.0,32.24,0.0,TH.COAL,79000.0,WHICHEVER GIVES READINESS FIRST,5,"21-06-26 CB-1MV. SAFESEA VIDYA BERTHS 229.00 TH.COAL 16:30 WHICHEVER GIVES READINESS FIRST 79,000 32.24 0.00"
dtr2106.pdf,2026-06-20,2026-06-21,2026-06-21,2026-06-21T17:00:00,GANESHWAR,GANESHWAR,BERTHS,NQ-3,17:00,72.0,14.0,3.0,GYPSUM,1800.0,,5,"21-06-26 NQ-3MV. GANESHWAR BERTHS 72.00 GYPSUM 17:00 1,800 14.00 3.00"
dtr2106.pdf,2026-06-20,2026-06-21,2026-06-21,2026-06-21T20:30:00,GANESHWAR,GANESHWAR,SAILS,NQ-3,20:30,72.0,14.0,3.0,GYPSUM,6892.0,,5,"21-06-26 NQ-3MV. GANESHWAR SAILS 72.00 GYPSUM 20:30 6,892 14.00 3.00"
dtr2106.pdf,2026-06-20,2026-06-21,2026-06-21,2026-06-21T22:00:00,OCEAN HOPE,OCEAN HOPE,SAILS,NIOB,22:00,178.2,26.8,12.95,I.ORE,52120.0,,5,"21-06-26 NIOBMV. OCEAN HOPE SAILS 178.20 I.ORE 22:00 52,120 26.80 12.95"
dtr2106.pdf,2026-06-20,2026-06-21,2026-06-21,2026-06-21T23:30:00,ESPOIR SEVEN,ESPOIR SEVEN,SAILS,NQ-2,23:30,119.93,21.2,0.0,FE.CR,6000.0,,5,"21-06-26 NQ-2MV. ESPOIR SEVEN SAILS 119.93 FE.CR 23:30 6,000 21.20 0.00"
dtr2106.pdf,2026-06-20,2026-06-21,2026-06-22,2026-06-22T01:00:00,MARINE FORTUNE I,MARINE FORTUNE I,SAILS,CB-2,01:00,225.0,32.26,14.5,TH.COAL,71060.0,,5,"22-06-26 CB-2MV. MARINE FORTUNE I SAILS 225.00 TH.COAL 01:00 71,060 32.20 13.80 22-06-26 CB-2MV. CORATO SHIFTS 228.99 TH.COAL 02:00 ON A/C VESSEL(WHICHEVER GIVES READINESS LATER) 58,331 32.26 14.50"
dtr2106.pdf,2026-06-20,2026-06-21,2026-06-22,2026-06-22T02:00:00,SAFESEA VIDYA,SAFESEA VIDYA,BERTHS,CB-2,02:00,229.0,32.24,0.0,TH.COAL,79000.0,WHICHEVER GIVES READINESS LATER,5,"22-06-26 CB-2MV. SAFESEA VIDYA BERTHS 229.00 TH.COAL 02:00 WHICHEVER GIVES READINESS LATER 79,000 32.24 0.00"
dtr2106.pdf,2026-06-20,2026-06-21,2026-06-22,2026-06-22T05:00:00,GANESHWAR,GANESHWAR,BERTHS,NQ-3,05:00,72.0,14.0,3.0,GYPSUM,1800.0,,5,"22-06-26 NQ-3MV. GANESHWAR BERTHS 72.00 GYPSUM 05:00 1,800 14.00 3.00"
dtr2106.pdf,2026-06-20,2026-06-21,2026-06-22,2026-06-22T06:00:00,NELSA,NELSA,BERTHS,SPM-2,06:00,274.5,48.0,0.0,CRUDE OIL,146529.0,,5,"22-06-26 SPM-2MT. NELSA BERTHS 274.50 CRUDE OIL 06:00 146,529 48.00 0.00"
dtr2206.pdf,2026-06-21,2026-06-22,2026-06-22,2026-06-22T06:18:00,GANESHWAR,GANESHWAR,BERTHS,NQ-3,06:18,72.0,14.0,3.0,GYPSUM,1800.0,,5,"22-06-26 NQ-3MV. GANESHWAR BERTHS 72.00 GYPSUM 06:18 1,800 14.00 3.00"
dtr2106.pdf,2026-06-20,2026-06-21,2026-06-22,2026-06-22T07:00:00,WOOHYUN GREEN,WOOHYUN GREEN,SAILS,PICT-2,07:00,131.9,22.0,10.03,F NICKLE,14950.0,,5,"22-06-26 PICT-2MV. WOOHYUN GREEN SAILS 131.90 F NICKLE 07:00 14,950 22.00 10.03"
dtr2106.pdf,2026-06-20,2026-06-21,2026-06-22,2026-06-22T08:00:00,CD CHERRY,CD CHERRY,BERTHS,PICT-2,08:00,110.49,19.2,9.2,STEEL SLAB,9951.0,,5,"22-06-26 PICT-2MV. CD CHERRY BERTHS 110.49 STEEL SLAB 08:00 9,951 19.20 9.20"
dtr2206.pdf,2026-06-21,2026-06-22,2026-06-22,2026-06-22T08:06:00,APJ JAOUAD,APJ JAOUAD,BERTHS,EQ-2,08:06,225.0,32.2,0.0,TH.COAL,75000.0,,5,"22-06-26 EQ-2MV. APJ JAOUAD BERTHS 225.00 TH.COAL 08:06 75,000 32.20 0.00"
dtr2106.pdf,2026-06-20,2026-06-21,2026-06-22,2026-06-22T09:00:00,GANESHWAR,GANESHWAR,SAILS,NQ-3,09:00,72.0,14.0,3.0,GYPSUM,6892.0,,5,"22-06-26 NQ-3MV. GANESHWAR SAILS 72.00 GYPSUM 09:00 6,892 14.00 3.00"
dtr2206.pdf,2026-06-21,2026-06-22,2026-06-22,2026-06-22T09:00:00,NELSA,NELSA,BERTHS,SPM-2,09:00,274.5,48.0,0.0,CRUDE OIL,146529.0,,5,"22-06-26 SPM-2MT. NELSA BERTHS 274.50 CRUDE OIL 09:00 146,529 48.00 0.00"
dtr2206.pdf,2026-06-21,2026-06-22,2026-06-22,2026-06-22T09:42:00,JAG AMAIRA,JAG AMAIRA,SAILS,KICT,09:42,229.0,32.26,14.47,C.COAL,43506.0,,5,"22-06-26 KICTMV. JAG AMAIRA SAILS 229.00 C.COAL 09:42 43,506 32.26 14.47"
dtr2206.pdf,2026-06-21,2026-06-22,2026-06-22,2026-06-22T09:48:00,ESPOIR SEVEN,ESPOIR SEVEN,SAILS,NQ-2,09:48,119.93,21.2,0.0,FE.CR,6000.0,,5,"22-06-26 NQ-2MV. ESPOIR SEVEN SAILS 119.93 FE.CR 09:48 6,000 21.20 0.00"
dtr2206.pdf,2026-06-21,2026-06-22,2026-06-22,2026-06-22T10:05:00,GANESHWAR,GANESHWAR,SAILS,NQ-3,10:05,72.0,14.0,3.0,GYPSUM,6678.0,,5,"22-06-26 NQ-3MV. GANESHWAR SAILS 72.00 GYPSUM 10:05 6,678 14.00 3.00"
dtr2106.pdf,2026-06-20,2026-06-21,2026-06-22,2026-06-22T10:30:00,HAMPTON SKY,HAMPTON SKY,BERTHS,KICT,10:30,228.9,32.24,14.5,PCI COAL,40000.0,,5,"22-06-26 KICTMV. HAMPTON SKY BERTHS 228.90 PCI COAL 10:30 40,000 32.24 14.50"
dtr2206.pdf,2026-06-21,2026-06-22,2026-06-22,2026-06-22T10:30:00,HAMPTON SKY,HAMPTON SKY,BERTHS,KICT,10:30,228.9,32.24,14.5,PCI COAL,40000.0,,5,"22-06-26 KICTMV. HAMPTON SKY BERTHS 228.90 PCI COAL 10:30 40,000 32.24 14.50"
dtr2206.pdf,2026-06-21,2026-06-22,2026-06-22,2026-06-22T11:00:00,HELSINKI,HELSINKI,BERTHS,SOJ,11:00,204.98,32.2,11.3,BUTANE,22000.0,,5,"22-06-26 SOJMT. HELSINKI BERTHS 204.98 BUTANE 11:00 22,000 32.20 11.30"
dtr2206.pdf,2026-06-21,2026-06-22,2026-06-22,2026-06-22T14:00:00,WOOHYUN GREEN,WOOHYUN GREEN,SAILS,PICT-2,14:00,131.9,22.0,10.03,F NICKLE,14950.0,,5,"22-06-26 PICT-2MV. WOOHYUN GREEN SAILS 131.90 F NICKLE 14:00 14,950 22.00 10.03"
dtr2206.pdf,2026-06-21,2026-06-22,2026-06-22,2026-06-22T14:30:00,CD CHERRY,CD CHERRY,BERTHS,PICT-2,14:30,110.49,28.4,10.15,STEEL SLAB,9951.0,,5,"22-06-26 PICT-2MV. CD CHERRY BERTHS 110.49 STEEL SLAB 14:30 9,951 19.20 9.20 22-06-26 ANCHORAGEMV. MARIS WHISPER SHIFTS 179.90 A. NITRATE 15:00 ON A/C PORT 15,030 28.40 10.15"
dtr2206.pdf,2026-06-21,2026-06-22,2026-06-22,2026-06-22T15:30:00,CHOLA DESTINY,CHOLA DESTINY,BERTHS,MPB,15:30,224.94,32.26,14.33,LM. ST.,40000.0,MGT PRIORITY,5,"22-06-26 MPBMV. CHOLA DESTINY BERTHS 224.94 LM. ST. 15:30 MGT PRIORITY 40,000 32.26 14.33"
dtr2206.pdf,2026-06-21,2026-06-22,2026-06-22,2026-06-22T16:00:00,CORATO,CORATO,SAILS,CB-1,16:00,228.99,32.26,14.5,TH.COAL,78831.0,,5,"22-06-26 CB-1MV. CORATO SAILS 228.99 TH.COAL 16:00 78,831 32.26 14.50"
dtr2206.pdf,2026-06-21,2026-06-22,2026-06-22,2026-06-22T21:30:00,SANMAR SONGBIRD,SANMAR SONGBIRD,BERTHS,NOJ,21:30,182.5,32.0,9.4,HSD/M.SPIRIT,21739.0,,5,"22-06-26 NOJMT. SANMAR SONGBIRD BERTHS 182.50 HSD/M.SPIRIT 21:30 21,739 32.00 9.40"
dtr2306.pdf,2026-06-22,2026-06-23,2026-06-22,2026-06-22T23:48:00,RIPLEY PROGRESS,RIPLEY PROGRESS,BERTHS,EQ-3,23:48,225.0,32.26,14.5,TH.COAL,76000.0,,6,"22-06-26 EQ-3MV. RIPLEY PROGRESS BERTHS 225.00 TH.COAL 23:48 76,000 32.26 14.50"
dtr2206.pdf,2026-06-21,2026-06-22,2026-06-23,2026-06-23T01:00:00,SHUO LONG 618,SHUO LONG 618,SAILS,CQ-1,01:00,187.88,32.26,12.87,LM. ST.,53715.0,,5,"23-06-26 CQ-1MV. SHUO LONG 618 SAILS 187.88 LM. ST. 01:00 53,715 32.26 12.87"
dtr2206.pdf,2026-06-21,2026-06-22,2026-06-23,2026-06-23T01:30:00,PANASIATIC,PANASIATIC,BERTHS,CQ-1,01:30,228.99,32.26,14.38,PCI COAL,80199.0,,5,"23-06-26 CQ-1MV. PANASIATIC BERTHS 228.99 PCI COAL 01:30 80,199 32.26 14.38"
dtr2306.pdf,2026-06-22,2026-06-23,2026-06-23,2026-06-23T06:40:00,GANESHWAR,GANESHWAR,BERTHS,NQ-3,06:40,72.0,14.0,3.0,GYPSUM,1800.0,,6,"23-06-26 NQ-3MV. GANESHWAR BERTHS 72.00 GYPSUM 06:40 1,800 14.00 3.00"
dtr2306.pdf,2026-06-22,2026-06-23,2026-06-23,2026-06-23T09:00:00,ELBUS,ELBUS,BERTHS,SPM-3,09:00,274.47,48.0,0.0,CRUDE OIL,139853.0,,6,"23-06-26 SPM-3MT. ELBUS BERTHS 274.47 CRUDE OIL 09:00 139,853 48.00 0.00"
dtr2206.pdf,2026-06-21,2026-06-22,2026-06-23,2026-06-23T10:00:00,SAFESEA VIDYA,SAFESEA VIDYA,SAILS,CB-2,10:00,229.0,32.24,0.0,TH.COAL,78900.0,,5,"23-06-26 CB-2MV. SAFESEA VIDYA SAILS 229.00 TH.COAL 10:00 78,900 32.24 0.00"
dtr2306.pdf,2026-06-22,2026-06-23,2026-06-23,2026-06-23T10:10:00,GANESHWAR,GANESHWAR,SAILS,NQ-3,10:10,72.0,14.0,3.0,GYPSUM,3296.0,,6,"23-06-26 NQ-3MV. GANESHWAR SAILS 72.00 GYPSUM 10:10 3,296 14.00 3.00"
dtr2306.pdf,2026-06-22,2026-06-23,2026-06-23,2026-06-23T10:30:00,CORATO,CORATO,SAILS,CB-1,10:30,228.99,32.26,14.5,TH.COAL,21831.0,,6,"23-06-26 CB-1MV. CORATO SAILS 228.99 TH.COAL 10:30 21,831 32.26 14.50"
dtr2306.pdf,2026-06-22,2026-06-23,2026-06-23,2026-06-23T12:00:00,SAFESEA VIDYA,SAFESEA VIDYA,SAILS,CB-2,12:00,229.0,32.24,0.0,TH.COAL,78900.0,,6,"23-06-26 CB-2MV. SAFESEA VIDYA SAILS 229.00 TH.COAL 12:00 78,900 32.24 0.00"
dtr2306.pdf,2026-06-22,2026-06-23,2026-06-23,2026-06-23T13:00:00,APJ JAOUAD,APJ JAOUAD,SAILS,EQ-2,13:00,225.0,32.2,0.0,TH.COAL,75150.0,,6,"23-06-26 EQ-2MV. APJ JAOUAD SAILS 225.00 TH.COAL 13:00 75,150 32.20 0.00"
dtr2306.pdf,2026-06-22,2026-06-23,2026-06-23,2026-06-23T13:30:00,DAMON,DAMON,BERTHS,EQ-2,13:30,199.99,32.26,13.3,TH.COAL,60000.0,,6,"23-06-26 EQ-2MV. DAMON BERTHS 199.99 TH.COAL 13:30 60,000 32.26 13.30"
dtr2306.pdf,2026-06-22,2026-06-23,2026-06-23,2026-06-23T14:00:00,HAMPTON SKY,HAMPTON SKY,SAILS,KICT,14:00,228.9,32.24,14.5,PCI COAL,45550.0,,6,"23-06-26 KICTMV. HAMPTON SKY SAILS 228.90 PCI COAL 14:00 45,550 32.24 14.50"
dtr2306.pdf,2026-06-22,2026-06-23,2026-06-23,2026-06-23T14:30:00,USANEE NAREE,USANEE NAREE,BERTHS,KICT,14:30,199.99,36.0,13.0,C.COAL,64556.0,,6,"23-06-26 KICTMV. USANEE NAREE BERTHS 199.99 C.COAL 14:30 64,556 36.00 13.00"
dtr2306.pdf,2026-06-22,2026-06-23,2026-06-23,2026-06-23T15:00:00,NELSA,NELSA,SAILS,SPM-2,15:00,274.5,48.0,0.0,CRUDE OIL,140705.0,,6,"23-06-26 SPM-2MT. NELSA SAILS 274.50 CRUDE OIL 15:00 140,705 48.00 0.00"
dtr2306.pdf,2026-06-22,2026-06-23,2026-06-23,2026-06-23T16:00:00,GOLDEN FAITH,GOLDEN FAITH,SAILS,CQ-3,16:00,227.2,32.26,14.16,I.ORE PELLET,82200.0,,6,"23-06-26 CQ-3MV. GOLDEN FAITH SAILS 227.20 I.ORE PELLET 16:00 82,200 36.00 14.00 23-06-26 TCMV. CHOLA DESTINY SHIFTS 224.94 LM. ST. 16:30 ON A/C PORT 38,450 32.26 14.16 23-06-26 MPBMV. HUI YUAN SHIFTS 224.79 I.ORE 17:00 ON A/C PORT 75,000 32.26 0.00 23-06-26 SQMV. CHOLA DESTINY SHIFTS 224.94 LM. ST. 17:30 ON A/C PORT 38,450 32.26 14.16"
dtr2306.pdf,2026-06-22,2026-06-23,2026-06-23,2026-06-23T18:00:00,GANESHWAR,GANESHWAR,BERTHS,NQ-3,18:00,72.0,32.23,11.5,GYPSUM,1800.0,,6,"23-06-26 NQ-3MV. GANESHWAR BERTHS 72.00 GYPSUM 18:00 1,800 14.00 3.00 23-06-26 FB-2MT. PAZIFIK SHIFTS 204.98 AMMONIA 22:00 ON A/C IFFCO 23,781 32.23 11.50"
dtr2306.pdf,2026-06-22,2026-06-23,2026-06-23,2026-06-23T22:30:00,GANESHWAR,GANESHWAR,SAILS,NQ-3,22:30,72.0,14.0,3.0,GYPSUM,3296.0,,6,"23-06-26 NQ-3MV. GANESHWAR SAILS 72.00 GYPSUM 22:30 3,296 14.00 3.00"
dtr2406.pdf,2026-06-23,2026-06-24,2026-06-24,2026-06-24T00:30:00,APJ KABIR ANAND,APJ KABIR ANAND,BERTHS,CB-1,00:30,225.0,32.26,0.0,TH.COAL,75000.0,,5,"24-06-26 CB-1MV. APJ KABIR ANAND BERTHS 225.00 TH.COAL 00:30 75,000 32.26 0.00"
dtr2306.pdf,2026-06-22,2026-06-23,2026-06-24,2026-06-24T05:00:00,HELSINKI,HELSINKI,SAILS,SOJ,05:00,204.98,32.2,11.35,BUTANE,16000.0,,6,"24-06-26 SOJMT. HELSINKI SAILS 204.98 BUTANE 05:00 16,000 32.20 11.35"
dtr2406.pdf,2026-06-23,2026-06-24,2026-06-24,2026-06-24T06:54:00,HELSINKI,HELSINKI,SAILS,SOJ,06:54,204.98,32.2,11.35,BUTANE,16000.0,,5,"24-06-26 SOJMT. HELSINKI SAILS 204.98 BUTANE 06:54 16,000 32.20 11.35"
dtr2306.pdf,2026-06-22,2026-06-23,2026-06-24,2026-06-24T07:30:00,GANESHWAR,GANESHWAR,BERTHS,NQ-3,07:30,72.0,14.0,3.0,GYPSUM,1800.0,,6,"24-06-26 NQ-3MV. GANESHWAR BERTHS 72.00 GYPSUM 07:30 1,800 14.00 3.00"
dtr2406.pdf,2026-06-23,2026-06-24,2026-06-24,2026-06-24T08:06:00,GANESHWAR,GANESHWAR,BERTHS,NQ-3,08:06,72.0,14.0,3.0,GYPSUM,1800.0,,5,"24-06-26 NQ-3MV. GANESHWAR BERTHS 72.00 GYPSUM 08:06 1,800 14.00 3.00"
dtr2306.pdf,2026-06-22,2026-06-23,2026-06-24,2026-06-24T08:30:00,DECCAN PRIDE,DECCAN PRIDE,BERTHS,CB-1,08:30,225.0,32.26,14.5,TH.COAL,73200.0,,6,"24-06-26 CB-1MV. DECCAN PRIDE BERTHS 225.00 TH.COAL 08:30 73,200 32.26 14.50"
dtr2306.pdf,2026-06-22,2026-06-23,2026-06-24,2026-06-24T10:00:00,GANESHWAR,GANESHWAR,SAILS,NQ-3,10:00,72.0,14.0,3.0,GYPSUM,3296.0,,6,"24-06-26 NQ-3MV. GANESHWAR SAILS 72.00 GYPSUM 10:00 3,296 14.00 3.00"
dtr2406.pdf,2026-06-23,2026-06-24,2026-06-24,2026-06-24T10:48:00,DECCAN PRIDE,DECCAN PRIDE,BERTHS,CB-2,10:48,225.0,32.26,14.5,TH.COAL,73200.0,,5,"24-06-26 CB-2MV. DECCAN PRIDE BERTHS 225.00 TH.COAL 10:48 73,200 32.26 14.50"
dtr2406.pdf,2026-06-23,2026-06-24,2026-06-24,2026-06-24T11:30:00,GANESHWAR,GANESHWAR,SAILS,NQ-3,11:30,72.0,14.0,3.0,GYPSUM,6594.0,,5,"24-06-26 NQ-3MV. GANESHWAR SAILS 72.00 GYPSUM 11:30 6,594 14.00 3.00"
dtr2406.pdf,2026-06-23,2026-06-24,2026-06-24,2026-06-24T12:00:00,SANMAR SONGBIRD,SANMAR SONGBIRD,SAILS,NOJ,12:00,182.5,32.0,9.4,HSD/M.SPIRIT,21726.0,,5,"24-06-26 NOJMT. SANMAR SONGBIRD SAILS 182.50 HSD/M.SPIRIT 12:00 21,726 32.00 9.40"
dtr2406.pdf,2026-06-23,2026-06-24,2026-06-24,2026-06-24T12:30:00,DAWN MADURAI,DAWN MADURAI,BERTHS,NOJ,12:30,183.26,32.2,9.1,HSD,12000.0,,5,"24-06-26 NOJMT. DAWN MADURAI BERTHS 183.26 HSD 12:30 12,000 32.20 9.10"
dtr2406.pdf,2026-06-23,2026-06-24,2026-06-24,2026-06-24T14:00:00,CD CHERRY,CD CHERRY,SAILS,PICT-2,14:00,110.49,19.2,9.25,STEEL SLAB,9951.0,,5,"24-06-26 PICT-2MV. CD CHERRY SAILS 110.49 STEEL SLAB 14:00 9,951 19.20 9.25"
dtr2406.pdf,2026-06-23,2026-06-24,2026-06-24,2026-06-24T14:30:00,BBC JUPITER,BBC JUPITER,BERTHS,PICT-2,14:30,189.99,28.5,0.0,STEEL SLAB,20016.0,,5,"24-06-26 PICT-2MV. BBC JUPITER BERTHS 189.99 STEEL SLAB 14:30 20,016 28.50 0.00"
dtr2406.pdf,2026-06-23,2026-06-24,2026-06-24,2026-06-24T16:00:00,HUI YUAN,HUI YUAN,SAILS,MPB,16:00,224.79,32.26,0.0,I.ORE,75000.0,,5,"24-06-26 MPBMV. HUI YUAN SAILS 224.79 I.ORE 16:00 75,000 32.26 0.00"
dtr2406.pdf,2026-06-23,2026-06-24,2026-06-24,2026-06-24T16:30:00,XIN HAI TONG 803,XIN HAI TONG 803,BERTHS,MPB,16:30,229.0,32.26,0.0,C.COAL,78650.0,MGT PRIORITY,5,"24-06-26 MPBMV. XIN HAI TONG 803 BERTHS 229.00 C.COAL 16:30 MGT PRIORITY 78,650 32.26 0.00"
dtr2406.pdf,2026-06-23,2026-06-24,2026-06-24,2026-06-24T17:00:00,CHOLA DESTINY,CHOLA DESTINY,SAILS,SQ,17:00,224.94,32.26,14.16,LM. ST.,39750.0,,5,"24-06-26 SQMV. CHOLA DESTINY SAILS 224.94 LM. ST. 17:00 39,750 32.26 14.16"
dtr2406.pdf,2026-06-23,2026-06-24,2026-06-24,2026-06-24T17:30:00,VISHVA PRERNA,VISHVA PRERNA,BERTHS,SQ,17:30,190.0,32.26,0.0,B LUMPS,6000.0,COASTAL PRIORITY,5,"24-06-26 SQMV. VISHVA PRERNA BERTHS 190.00 B LUMPS 17:30 COASTAL PRIORITY 6,000 32.26 0.00"
dtr2406.pdf,2026-06-23,2026-06-24,2026-06-24,2026-06-24T18:00:00,NEWSUN UNITY,NEWSUN UNITY,SAILS,IOB,18:00,189.99,32.26,12.8,I.ORE,54700.0,,5,"24-06-26 IOBMV. NEWSUN UNITY SAILS 189.99 I.ORE 18:00 54,700 32.26 12.80"
dtr2406.pdf,2026-06-23,2026-06-24,2026-06-24,2026-06-24T18:30:00,CURACAO,CURACAO,BERTHS,IOB,18:30,189.99,32.26,13.0,I.ORE,57000.0,,5,"24-06-26 IOBMV. CURACAO BERTHS 189.99 I.ORE 18:30 57,000 32.26 13.00"
dtr2406.pdf,2026-06-23,2026-06-24,2026-06-24,2026-06-24T19:00:00,PAZIFIK,PAZIFIK,SAILS,FB-2,19:00,204.98,32.23,11.5,AMMONIA,33782.0,,5,"24-06-26 FB-2MT. PAZIFIK SAILS 204.98 AMMONIA 19:00 33,782 32.23 11.50"
dtr2406.pdf,2026-06-23,2026-06-24,2026-06-24,2026-06-24T19:30:00,HARI PRIYA,HARI PRIYA,BERTHS,SOJ,19:30,183.0,32.23,0.0,M.SPIRIT,15000.0,,5,"24-06-26 SOJMT. HARI PRIYA BERTHS 183.00 M.SPIRIT 19:30 15,000 32.23 0.00"
dtr2406.pdf,2026-06-23,2026-06-24,2026-06-24,2026-06-24T20:00:00,GANESHWAR,GANESHWAR,BERTHS,NQ-3,20:00,72.0,14.0,3.0,GYPSUM,1800.0,,5,"24-06-26 NQ-3MV. GANESHWAR BERTHS 72.00 GYPSUM 20:00 1,800 14.00 3.00"
dtr2406.pdf,2026-06-23,2026-06-24,2026-06-24,2026-06-24T20:30:00,AMNSI STALLION,AMNSI STALLION,BERTHS,CQ-3,20:30,229.0,32.26,14.0,I.ORE PELLET,75000.0,,5,"24-06-26 CQ-3MV. AMNSI STALLION BERTHS 229.00 I.ORE PELLET 20:30 75,000 32.26 14.00"
dtr2406.pdf,2026-06-23,2026-06-24,2026-06-24,2026-06-24T21:00:00,ELBUS,ELBUS,SAILS,SPM-3,21:00,274.47,48.0,0.0,CRUDE OIL,139760.0,,5,"24-06-26 SPM-3MT. ELBUS SAILS 274.47 CRUDE OIL 21:00 139,760 48.00 0.00"
dtr2406.pdf,2026-06-23,2026-06-24,2026-06-24,2026-06-24T23:00:00,GANESHWAR,GANESHWAR,SAILS,NQ-3,23:00,72.0,14.0,3.0,GYPSUM,6594.0,,5,"24-06-26 NQ-3MV. GANESHWAR SAILS 72.00 GYPSUM 23:00 6,594 14.00 3.00"
dtr2406.pdf,2026-06-23,2026-06-24,2026-06-25,2026-06-25T03:00:00,USANEE NAREE,USANEE NAREE,SAILS,KICT,03:00,199.99,36.0,13.0,C.COAL,64556.0,,5,"25-06-26 KICTMV. USANEE NAREE SAILS 199.99 C.COAL 03:00 64,556 36.00 13.00"
dtr2406.pdf,2026-06-23,2026-06-24,2026-06-25,2026-06-25T03:30:00,NONDAS,NONDAS,BERTHS,KICT,03:30,229.0,32.26,14.5,C.COAL,45567.0,,5,"25-06-26 KICTMV. NONDAS BERTHS 229.00 C.COAL 03:30 45,567 32.26 14.50"
dtr2406.pdf,2026-06-23,2026-06-24,2026-06-25,2026-06-25T04:00:00,APJ KABIR ANAND,APJ KABIR ANAND,SAILS,CB-1,04:00,225.0,32.26,14.5,TH.COAL,75270.0,,5,"25-06-26 CB-1MV. APJ KABIR ANAND SAILS 225.00 TH.COAL 04:00 75,270 32.26 0.00 25-06-26 CB-1MV. RIPLEY PROGRESS SHIFTS 225.00 TH.COAL 04:30 ON A/C VESSEL 55,050 32.26 14.50"
dtr2406.pdf,2026-06-23,2026-06-24,2026-06-25,2026-06-25T05:00:00,DAMON,DAMON,SAILS,EQ-2,05:00,199.99,32.26,13.3,TH.COAL,61800.0,,5,"25-06-26 EQ-2MV. DAMON SAILS 199.99 TH.COAL 05:00 61,800 32.26 13.30"
dtr2506.pdf,2026-06-24,2026-06-25,2026-06-25,2026-06-25T06:30:00,APJ KABIR ANAND,APJ KABIR ANAND,SAILS,CB-1,06:30,225.0,32.26,14.5,TH.COAL,75270.0,,5,"25-06-26 CB-1MV. APJ KABIR ANAND SAILS 225.00 TH.COAL 06:30 75,270 32.26 0.00 25-06-26 CB-1MV. RIPLEY PROGRESS SHIFTS 225.00 TH.COAL 06:54 ON A/C VESSEL 19,300 32.26 14.50"
dtr2406.pdf,2026-06-23,2026-06-24,2026-06-25,2026-06-25T08:00:00,GANESHWAR,GANESHWAR,BERTHS,NQ-3,08:00,72.0,14.0,3.0,GYPSUM,1800.0,,5,"25-06-26 NQ-3MV. GANESHWAR BERTHS 72.00 GYPSUM 08:00 1,800 14.00 3.00"
dtr2506.pdf,2026-06-24,2026-06-25,2026-06-25,2026-06-25T10:00:00,NEW LEGEND,NEW LEGEND,BERTHS,SPM-2,10:00,274.2,48.04,14.5,CRUDE OIL,125178.0,,5,"25-06-26 SPM-2MT. NEW LEGEND BERTHS 274.20 CRUDE OIL 10:00 125,178 48.04 14.50"
dtr2406.pdf,2026-06-23,2026-06-24,2026-06-25,2026-06-25T10:30:00,GANESHWAR,GANESHWAR,SAILS,NQ-3,10:30,72.0,14.0,3.0,GYPSUM,6594.0,,5,"25-06-26 NQ-3MV. GANESHWAR SAILS 72.00 GYPSUM 10:30 6,594 14.00 3.00"
dtr2506.pdf,2026-06-24,2026-06-25,2026-06-25,2026-06-25T10:30:00,USANEE NAREE,USANEE NAREE,SAILS,KICT,10:30,199.99,36.0,13.0,C.COAL,64556.0,,5,"25-06-26 KICTMV. USANEE NAREE SAILS 199.99 C.COAL 10:30 64,556 36.00 13.00"
dtr2506.pdf,2026-06-24,2026-06-25,2026-06-25,2026-06-25T11:00:00,NONDAS,NONDAS,BERTHS,KICT,11:00,229.0,32.2,9.1,C.COAL,45567.0,,5,"25-06-26 KICTMV. NONDAS BERTHS 229.00 C.COAL 11:00 45,567 32.26 14.50 25-06-26 ANCHORAGEMT. DAWN MADURAI SHIFTS 183.26 HSD 11:30 ON A/C IOCL 12,009 32.20 9.10"
dtr2506.pdf,2026-06-24,2026-06-25,2026-06-25,2026-06-25T12:00:00,VISHVA PRERNA,VISHVA PRERNA,SAILS,SQ,12:00,190.0,28.4,10.15,B LUMPS,6000.0,,5,"25-06-26 SQMV. VISHVA PRERNA SAILS 190.00 B LUMPS 12:00 6,000 32.26 13.00 25-06-26 SQMV. MARIS WHISPER REBERTHS 179.90 A. NITRATE 12:30 ON A/C PORT 15,030 28.40 10.15"
dtr2506.pdf,2026-06-24,2026-06-25,2026-06-25,2026-06-25T14:00:00,JIAYAO,JIAYAO,SAILS,CQ-2,14:00,189.99,32.26,13.0,I.ORE,55050.0,,5,"25-06-26 CQ-2MV. JIAYAO SAILS 189.99 I.ORE 14:00 55,050 32.26 13.00"
dtr2506.pdf,2026-06-24,2026-06-25,2026-06-25,2026-06-25T14:30:00,BALBOA,BALBOA,BERTHS,CQ-2,14:30,229.0,32.26,9.9,M. COKE,5000.0,,5,"25-06-26 CQ-2MV. BALBOA BERTHS 229.00 M. COKE 14:30 5,000 32.26 9.90"
dtr2506.pdf,2026-06-24,2026-06-25,2026-06-25,2026-06-25T16:00:00,DAMON,DAMON,SAILS,EQ-2,16:00,199.99,32.26,13.3,TH.COAL,61800.0,,5,"25-06-26 EQ-2MV. DAMON SAILS 199.99 TH.COAL 16:00 61,800 32.26 13.30"
dtr2506.pdf,2026-06-24,2026-06-25,2026-06-25,2026-06-25T16:30:00,DECCAN PRIDE,DECCAN PRIDE,SAILS,CB-2,16:30,225.0,32.26,14.5,TH.COAL,73500.0,,5,"25-06-26 CB-2MV. DECCAN PRIDE SAILS 225.00 TH.COAL 16:30 73,500 32.26 14.50"
dtr2506.pdf,2026-06-24,2026-06-25,2026-06-25,2026-06-25T18:00:00,HARI PRIYA,HARI PRIYA,SAILS,SOJ,18:00,183.0,32.23,0.0,M.SPIRIT,15000.0,,5,"25-06-26 SOJMT. HARI PRIYA SAILS 183.00 M.SPIRIT 18:00 15,000 32.23 0.00"
dtr2606.pdf,2026-06-25,2026-06-26,2026-06-25,2026-06-25T19:00:00,BALBOA,BALBOA,BERTHS,SQ,19:00,229.0,32.26,9.9,M. COKE,5000.0,,5,"25-06-26 SQMV. BALBOA BERTHS 229.00 M. COKE 19:00 5,000 32.26 9.90"
dtr2506.pdf,2026-06-24,2026-06-25,2026-06-25,2026-06-25T20:00:00,SEA EAGLE,SEA EAGLE,SAILS,PICT,20:00,179.95,32.0,0.0,STEEL BEAM/STEEL,32206.0,,5,"25-06-26 PICTMV. SEA EAGLE SAILS 179.95 STEEL BEAM/STEEL 20:00 32,206 32.00 0.00"
dtr2506.pdf,2026-06-24,2026-06-25,2026-06-25,2026-06-25T20:30:00,SPETSES,SPETSES,BERTHS,PICT,20:30,199.9,32.26,0.0,STEEL SLAB,50000.0,,5,"25-06-26 PICTMV. SPETSES BERTHS 199.90 STEEL SLAB 20:30 50,000 32.26 0.00"
dtr2606.pdf,2026-06-25,2026-06-26,2026-06-25,2026-06-25T20:45:00,JIN YUAN MEN,JIN YUAN MEN,BERTHS,CQ-2,20:45,199.92,32.27,13.5,I.ORE,62550.0,,5,"25-06-26 CQ-2MV. JIN YUAN MEN BERTHS 199.92 I.ORE 20:45 62,550 32.27 13.50"
dtr2506.pdf,2026-06-24,2026-06-25,2026-06-25,2026-06-25T21:00:00,GANESHWAR,GANESHWAR,BERTHS,NQ-3,21:00,72.0,14.0,3.0,GYPSUM,1800.0,,5,"25-06-26 NQ-3MV. GANESHWAR BERTHS 72.00 GYPSUM 21:00 1,800 14.00 3.00"
dtr2506.pdf,2026-06-24,2026-06-25,2026-06-25,2026-06-25T23:00:00,GANESHWAR,GANESHWAR,SAILS,NQ-3,23:00,72.0,14.0,3.0,GYPSUM,6514.0,,5,"25-06-26 NQ-3MV. GANESHWAR SAILS 72.00 GYPSUM 23:00 6,514 14.00 3.00"
dtr2606.pdf,2026-06-25,2026-06-26,2026-06-25,2026-06-25T23:36:00,CHOLA MELODY,CHOLA MELODY,BERTHS,CB-2,23:36,224.99,32.26,14.5,TH.COAL,75000.0,,5,"25-06-26 CB-2MV. CHOLA MELODY BERTHS 224.99 TH.COAL 23:36 75,000 32.26 14.50"
dtr2606.pdf,2026-06-25,2026-06-26,2026-06-26,2026-06-26T00:48:00,BOGAZICI,BOGAZICI,BERTHS,SOJ,00:48,174.2,28.0,9.6,PROPANE,14750.0,,5,"26-06-26 SOJMT. BOGAZICI BERTHS 174.20 PROPANE 00:48 14,750 28.00 9.60"
dtr2606.pdf,2026-06-25,2026-06-26,2026-06-26,2026-06-26T05:00:00,RIPLEY PROGRESS,RIPLEY PROGRESS,SAILS,CB-1,05:00,225.0,32.26,14.5,TH.COAL,19310.0,,5,"26-06-26 CB-1MV. RIPLEY PROGRESS SAILS 225.00 TH.COAL 05:00 19,310 32.26 14.50"
dtr2506.pdf,2026-06-24,2026-06-25,2026-06-26,2026-06-26T06:00:00,AMNSI STALLION,AMNSI STALLION,SAILS,CQ-3,06:00,229.0,32.26,14.0,I.ORE PELLET,75800.0,,5,"26-06-26 CQ-3MV. AMNSI STALLION SAILS 229.00 I.ORE PELLET 06:00 75,800 32.26 14.00"
dtr2606.pdf,2026-06-25,2026-06-26,2026-06-26,2026-06-26T06:42:00,SEA EAGLE,SEA EAGLE,SAILS,PICT,06:42,179.95,32.0,0.0,STEEL BEAM/ST,32206.0,,5,"26-06-26 PICTMV. SEA EAGLE SAILS 179.95 STEEL BEAM/ST 06:42 32,206 32.00 0.00"
dtr2606.pdf,2026-06-25,2026-06-26,2026-06-26,2026-06-26T07:54:00,LILA SEOUL,LILA SEOUL,BERTHS,CB-1,07:54,229.0,32.26,0.0,TH.COAL,79000.0,,5,"26-06-26 CB-1MV. LILA SEOUL BERTHS 229.00 TH.COAL 07:54 79,000 32.26 0.00"
dtr2606.pdf,2026-06-25,2026-06-26,2026-06-26,2026-06-26T08:24:00,SPETSES,SPETSES,BERTHS,PICT,08:24,199.9,32.26,0.0,STEEL SLAB,50000.0,,5,"26-06-26 PICTMV. SPETSES BERTHS 199.90 STEEL SLAB 08:24 50,000 32.26 0.00"
dtr2506.pdf,2026-06-24,2026-06-25,2026-06-26,2026-06-26T09:00:00,GANESHWAR,GANESHWAR,BERTHS,NQ-3,09:00,72.0,14.0,3.0,GYPSUM,1800.0,,5,"26-06-26 NQ-3MV. GANESHWAR BERTHS 72.00 GYPSUM 09:00 1,800 14.00 3.00"
dtr2606.pdf,2026-06-25,2026-06-26,2026-06-26,2026-06-26T09:12:00,AMNSI STALLION,AMNSI STALLION,SAILS,CQ-3,09:12,229.0,32.26,14.0,I.ORE PELLET,75800.0,,5,"26-06-26 CQ-3MV. AMNSI STALLION SAILS 229.00 I.ORE PELLET 09:12 75,800 32.26 14.00"
dtr2606.pdf,2026-06-25,2026-06-26,2026-06-26,2026-06-26T10:00:00,GANESHWAR,GANESHWAR,BERTHS,NQ-3,10:00,72.0,14.0,3.0,GYPSUM,1800.0,,5,"26-06-26 NQ-3MV. GANESHWAR BERTHS 72.00 GYPSUM 10:00 1,800 14.00 3.00"
dtr2606.pdf,2026-06-25,2026-06-26,2026-06-26,2026-06-26T10:30:00,STAR ISLAND,STAR ISLAND,BERTHS,NIOB,10:30,199.99,28.4,10.15,I.ORE,57000.0,,5,"26-06-26 NIOBMV. STAR ISLAND BERTHS 199.99 I.ORE 10:30 57,000 32.26 0.00 26-06-26 CQ-3MV. MARIS WHISPER REBERTHS 179.90 A. NITRATE 11:00 ON A/C PORT 15,030 28.40 10.15"
dtr2606.pdf,2026-06-25,2026-06-26,2026-06-26,2026-06-26T12:00:00,BALBOA,BALBOA,SAILS,SQ,12:00,229.0,32.26,9.9,M. COKE,5000.0,,5,"26-06-26 SQMV. BALBOA SAILS 229.00 M. COKE 12:00 5,000 32.26 9.90"
dtr2606.pdf,2026-06-25,2026-06-26,2026-06-26,2026-06-26T12:30:00,ANGLO MARIE LOUISE,ANGLO MARIE LOUISE,BERTHS,SQ,12:30,255.25,43.0,0.0,S.COAL,33778.0,,5,"26-06-26 SQMV. ANGLO MARIE LOUISE BERTHS 255.25 S.COAL 12:30 33,778 43.00 0.00"
dtr2606.pdf,2026-06-25,2026-06-26,2026-06-26,2026-06-26T14:00:00,NEW LEGEND,NEW LEGEND,SAILS,SPM-2,14:00,274.2,48.04,14.5,CRUDE OIL,124712.0,,5,"26-06-26 SPM-2MT. NEW LEGEND SAILS 274.20 CRUDE OIL 14:00 124,712 48.04 14.50"
dtr2606.pdf,2026-06-25,2026-06-26,2026-06-26,2026-06-26T14:30:00,GANESHWAR,GANESHWAR,SAILS,NQ-3,14:30,72.0,14.0,3.0,GYPSUM,3532.0,,5,"26-06-26 NQ-3MV. GANESHWAR SAILS 72.00 GYPSUM 14:30 3,532 14.00 3.00"
dtr2606.pdf,2026-06-25,2026-06-26,2026-06-26,2026-06-26T15:00:00,VISHVA PRERNA,VISHVA PRERNA,BERTHS,EQ-3,15:00,190.0,32.26,13.0,TH.COAL,55000.0,,5,"26-06-26 EQ-3MV. VISHVA PRERNA BERTHS 190.00 TH.COAL 15:00 55,000 32.26 13.00"
dtr2606.pdf,2026-06-25,2026-06-26,2026-06-26,2026-06-26T18:00:00,BBC JUPITER,BBC JUPITER,SAILS,PICT-2,18:00,189.99,28.5,0.0,STEEL SLAB,19338.0,,5,"26-06-26 PICT-2MV. BBC JUPITER SAILS 189.99 STEEL SLAB 18:00 19,338 28.50 0.00"
dtr2606.pdf,2026-06-25,2026-06-26,2026-06-26,2026-06-26T18:30:00,WOOYANG QUEEN,WOOYANG QUEEN,BERTHS,PICT-2,18:30,199.98,32.24,0.0,STEEL SLAB,50000.0,,5,"26-06-26 PICT-2MV. WOOYANG QUEEN BERTHS 199.98 STEEL SLAB 18:30 50,000 32.24 0.00"
dtr2606.pdf,2026-06-25,2026-06-26,2026-06-26,2026-06-26T19:00:00,GOLDEN DENISE,GOLDEN DENISE,BERTHS,FB-1,19:00,124.0,32.26,0.0,SUL ACID,11450.0,,5,"26-06-26 FB-1MT. GOLDEN DENISE BERTHS 124.00 SUL ACID 19:00 11,450 20.00 8.85 26-06-26 EQ-2MV. LILA SEOUL SHIFTS 229.00 TH.COAL 21:00 ON A/C PORT 79,000 32.26 0.00"
dtr2606.pdf,2026-06-25,2026-06-26,2026-06-26,2026-06-26T23:00:00,WILLOWS,WILLOWS,BERTHS,NOJ,23:00,173.1,32.2,0.0,HSD/M.SPIRIT,19600.0,,5,"26-06-26 NOJMT. WILLOWS BERTHS 173.10 HSD/M.SPIRIT 23:00 19,600 32.20 0.00"
dtr2606.pdf,2026-06-25,2026-06-26,2026-06-26,2026-06-26T23:30:00,NONDAS,NONDAS,SAILS,KICT,23:30,229.0,32.26,14.5,C.COAL,45567.0,,5,"26-06-26 KICTMV. NONDAS SAILS 229.00 C.COAL 23:30 45,567 32.26 14.50"
dtr2606.pdf,2026-06-25,2026-06-26,2026-06-27,2026-06-27T00:01:00,LUCKY JESSICA,LUCKY JESSICA,BERTHS,KICT,00:01,229.0,36.5,12.9,C.COAL,74330.0,,5,"27-06-26 KICTMV. LUCKY JESSICA BERTHS 229.00 C.COAL 00:01 74,330 36.50 12.90"
dtr2706.pdf,2026-06-26,2026-06-27,2026-06-27,2026-06-27T00:42:00,CHOLA LEGACY,CHOLA LEGACY,BERTHS,CB-1,00:42,228.99,32.26,0.0,TH.COAL,69000.0,,5,"27-06-26 CB-1MV. CHOLA LEGACY BERTHS 228.99 TH.COAL 00:42 69,000 32.26 0.00"
dtr2606.pdf,2026-06-25,2026-06-26,2026-06-27,2026-06-27T04:00:00,CHOLA MELODY,CHOLA MELODY,SAILS,CB-2,04:00,224.99,32.26,14.5,TH.COAL,74300.0,,5,"27-06-26 CB-2MV. CHOLA MELODY SAILS 224.99 TH.COAL 04:00 74,300 32.26 14.50"
dtr2706.pdf,2026-06-26,2026-06-27,2026-06-27,2026-06-27T06:48:00,NONDAS,NONDAS,SAILS,KICT,06:48,229.0,32.26,14.5,C.COAL,45567.0,,5,"27-06-26 KICTMV. NONDAS SAILS 229.00 C.COAL 06:48 45,567 32.26 14.50"
dtr2606.pdf,2026-06-25,2026-06-26,2026-06-27,2026-06-27T08:00:00,PANASIATIC,PANASIATIC,SAILS,CQ-1,08:00,228.99,32.26,14.38,PCI COAL,80200.0,,5,"27-06-26 CQ-1MV. PANASIATIC SAILS 228.99 PCI COAL 08:00 80,200 32.26 14.38"
dtr2706.pdf,2026-06-26,2026-06-27,2026-06-27,2026-06-27T08:12:00,CHOLA MELODY,CHOLA MELODY,SAILS,CB-2,08:12,224.99,32.26,14.5,TH.COAL,74331.0,,5,"27-06-26 CB-2MV. CHOLA MELODY SAILS 224.99 TH.COAL 08:12 74,331 32.26 14.50"
dtr2606.pdf,2026-06-25,2026-06-26,2026-06-27,2026-06-27T08:30:00,V OCEAN 801,V OCEAN 801,BERTHS,CQ-1,08:30,228.99,32.26,14.5,C.COAL,45460.0,MGT PRIORITY,5,"27-06-26 CQ-1MV. V OCEAN 801 BERTHS 228.99 C.COAL 08:30 MGT PRIORITY 45,460 32.26 14.50"
dtr2706.pdf,2026-06-26,2026-06-27,2026-06-27,2026-06-27T08:42:00,LUCKY JESSICA,LUCKY JESSICA,BERTHS,KICT,08:42,229.0,36.5,12.9,C.COAL,74330.0,,5,"27-06-26 KICTMV. LUCKY JESSICA BERTHS 229.00 C.COAL 08:42 74,330 36.50 12.90"
dtr2706.pdf,2026-06-26,2026-06-27,2026-06-27,2026-06-27T08:48:00,CURACAO,CURACAO,SAILS,IOB,08:48,189.99,32.26,13.5,I.ORE,56430.0,,5,"27-06-26 IOBMV. CURACAO SAILS 189.99 I.ORE 08:48 56,430 32.26 13.00 27-06-26 IOBMV. SIKINOS REBERTHS 199.99 TH.COAL 09:00 ON A/C VESSEL 33,192 32.26 13.50"
dtr2606.pdf,2026-06-25,2026-06-26,2026-06-27,2026-06-27T09:00:00,CURACAO,CURACAO,SAILS,IOB,09:00,189.99,32.26,13.5,I.ORE,56430.0,,5,"27-06-26 IOBMV. CURACAO SAILS 189.99 I.ORE 09:00 56,430 32.26 13.00 27-06-26 IOBMV. SIKINOS REBERTHS 199.99 TH.COAL 09:30 ON A/C VESSEL 25,035 32.26 13.50"
dtr2706.pdf,2026-06-26,2026-06-27,2026-06-27,2026-06-27T09:30:00,PANASIATIC,PANASIATIC,SAILS,CQ-1,09:30,228.99,32.26,14.38,PCI COAL,80200.0,,5,"27-06-26 CQ-1MV. PANASIATIC SAILS 228.99 PCI COAL 09:30 80,200 32.26 14.38"
dtr2706.pdf,2026-06-26,2026-06-27,2026-06-27,2026-06-27T10:00:00,V OCEAN 801,V OCEAN 801,BERTHS,CQ-1,10:00,228.99,32.26,14.5,C.COAL,45460.0,MGT PRIORITY,5,"27-06-26 CQ-1MV. V OCEAN 801 BERTHS 228.99 C.COAL 10:00 MGT PRIORITY 45,460 32.26 14.50"
dtr2706.pdf,2026-06-26,2026-06-27,2026-06-27,2026-06-27T11:00:00,GANESHWAR,GANESHWAR,BERTHS,NQ-3,11:00,72.0,14.0,3.0,GYPSUM,1800.0,,5,"27-06-26 NQ-3MV. GANESHWAR BERTHS 72.00 GYPSUM 11:00 1,800 14.00 3.00"
dtr2706.pdf,2026-06-26,2026-06-27,2026-06-27,2026-06-27T14:00:00,KAI 1,KAI 1,BERTHS,SPM-2,14:00,243.98,42.0,14.92,CRUDE OIL,100418.0,,5,"27-06-26 SPM-2MT. KAI 1 BERTHS 243.98 CRUDE OIL 14:00 100,418 42.00 14.92"
dtr2706.pdf,2026-06-26,2026-06-27,2026-06-27,2026-06-27T15:00:00,GANESHWAR,GANESHWAR,SAILS,NQ-3,15:00,72.0,14.0,3.0,GYPSUM,3704.0,,5,"27-06-26 NQ-3MV. GANESHWAR SAILS 72.00 GYPSUM 15:00 3,704 14.00 3.00"
dtr2706.pdf,2026-06-26,2026-06-27,2026-06-27,2026-06-27T17:00:00,STAR ISLAND,STAR ISLAND,SAILS,NIOB,17:00,199.99,32.26,0.0,I.ORE,61912.0,,5,"27-06-26 NIOBMV. STAR ISLAND SAILS 199.99 I.ORE 17:00 61,912 32.26 0.00"
dtr2706.pdf,2026-06-26,2026-06-27,2026-06-27,2026-06-27T18:00:00,VISHVA PRERNA,VISHVA PRERNA,SAILS,EQ-3,18:00,190.0,32.26,13.0,TH.COAL,55400.0,,5,"27-06-26 EQ-3MV. VISHVA PRERNA SAILS 190.00 TH.COAL 18:00 55,400 32.26 13.00"
dtr2806.pdf,2026-06-27,2026-06-28,2026-06-27,2026-06-27T18:42:00,JAL VAIBHAV,JAL VAIBHAV,BERTHS,CB-2,18:42,228.05,36.5,0.0,TH.COAL,79000.0,,6,"27-06-26 CB-2MV. JAL VAIBHAV BERTHS 228.05 TH.COAL 18:42 79,000 36.50 0.00"
dtr2706.pdf,2026-06-26,2026-06-27,2026-06-27,2026-06-27T19:00:00,LAURANCE FRANCOISE,LAURANCE FRANCOISE,BERTHS,EQ-3,19:00,228.99,32.26,14.5,TH.COAL,77000.0,,5,"27-06-26 EQ-3MV. LAURANCE FRANCOISE BERTHS 228.99 TH.COAL 19:00 77,000 32.26 14.50"
dtr2706.pdf,2026-06-26,2026-06-27,2026-06-27,2026-06-27T23:00:00,LILA SEOUL,LILA SEOUL,SAILS,EQ-2,23:00,229.0,32.26,0.0,TH.COAL,49135.0,,5,"27-06-26 EQ-2MV. LILA SEOUL SAILS 229.00 TH.COAL 23:00 49,135 32.26 0.00"
dtr2706.pdf,2026-06-26,2026-06-27,2026-06-28,2026-06-28T07:30:00,CHOLA LEGACY,CHOLA LEGACY,SAILS,CB-1,07:30,228.99,32.26,0.0,TH.COAL,80500.0,,5,"28-06-26 CB-1MV. CHOLA LEGACY SAILS 228.99 TH.COAL 07:30 80,500 32.26 0.00"
dtr2806.pdf,2026-06-27,2026-06-28,2026-06-28,2026-06-28T07:48:00,APJ SETHU,APJ SETHU,BERTHS,EQ-2,07:48,224.86,32.26,0.0,TH.COAL,75000.0,,6,"28-06-26 EQ-2MV. APJ SETHU BERTHS 224.86 TH.COAL 07:48 75,000 32.26 0.00"
dtr2806.pdf,2026-06-27,2026-06-28,2026-06-28,2026-06-28T08:48:00,CHOLA LEGACY,CHOLA LEGACY,SAILS,CB-1,08:48,228.99,32.26,0.0,TH.COAL,80500.0,,6,"28-06-26 CB-1MV. CHOLA LEGACY SAILS 228.99 TH.COAL 08:48 80,500 32.26 0.00"
dtr2706.pdf,2026-06-26,2026-06-27,2026-06-28,2026-06-28T09:00:00,ANGLO MARIE LOUISE,ANGLO MARIE LOUISE,SAILS,SQ,09:00,255.25,43.0,9.46,S.COAL,33778.0,,5,"28-06-26 SQMV. ANGLO MARIE LOUISE SAILS 255.25 S.COAL 09:00 33,778 43.00 9.46"
dtr2806.pdf,2026-06-27,2026-06-28,2026-06-28,2026-06-28T09:30:00,RIPLEY PROSPERITY,RIPLEY PROSPERITY,BERTHS,CB-1,09:30,224.94,32.26,14.5,TH.COAL,75000.0,,6,"28-06-26 CB-1MV. RIPLEY PROSPERITY BERTHS 224.94 TH.COAL 09:30 75,000 32.26 14.50"
dtr2706.pdf,2026-06-26,2026-06-27,2026-06-28,2026-06-28T10:00:00,GANESHWAR,GANESHWAR,BERTHS,NQ-3,10:00,72.0,14.0,3.0,GYPSUM,1800.0,,5,"28-06-26 NQ-3MV. GANESHWAR BERTHS 72.00 GYPSUM 10:00 1,800 14.00 3.00"
dtr2806.pdf,2026-06-27,2026-06-28,2026-06-28,2026-06-28T10:00:00,GANESHWAR,GANESHWAR,BERTHS,NQ-3,10:00,72.0,14.0,3.0,GYPSUM,1800.0,,6,"28-06-26 NQ-3MV. GANESHWAR BERTHS 72.00 GYPSUM 10:00 1,800 14.00 3.00"
dtr2706.pdf,2026-06-26,2026-06-27,2026-06-28,2026-06-28T10:30:00,XIN HAI TONG 803,XIN HAI TONG 803,SAILS,MPB,10:30,229.0,32.26,0.0,C.COAL,78650.0,,5,"28-06-26 MPBMV. XIN HAI TONG 803 SAILS 229.00 C.COAL 10:30 78,650 32.26 0.00"
dtr2706.pdf,2026-06-26,2026-06-27,2026-06-28,2026-06-28T11:00:00,BOGAZICI,BOGAZICI,SAILS,SOJ,11:00,174.2,28.0,9.6,PROPANE,14750.0,,5,"28-06-26 SOJMT. BOGAZICI SAILS 174.20 PROPANE 11:00 14,750 28.00 9.60"
dtr2806.pdf,2026-06-27,2026-06-28,2026-06-28,2026-06-28T11:00:00,WILLOWS,WILLOWS,SAILS,NOJ,11:00,173.1,32.2,12.0,HSD/M.SPIRIT,19500.0,,6,"28-06-26 NOJMT. WILLOWS SAILS 173.10 HSD/M.SPIRIT 11:00 19,500 32.20 12.00"
dtr2806.pdf,2026-06-27,2026-06-28,2026-06-28,2026-06-28T11:30:00,ANGLO MARIE LOUISE,ANGLO MARIE LOUISE,SAILS,SQ,11:30,255.25,43.0,9.46,S.COAL,33778.0,,6,"28-06-26 SQMV. ANGLO MARIE LOUISE SAILS 255.25 S.COAL 11:30 33,778 43.00 9.46"
dtr2706.pdf,2026-06-26,2026-06-27,2026-06-28,2026-06-28T11:30:00,GOLDEN DENISE,GOLDEN DENISE,SAILS,FB-1,11:30,124.0,20.0,8.71,SUL ACID,11451.0,,5,"28-06-26 FB-1MT. GOLDEN DENISE SAILS 124.00 SUL ACID 11:30 11,451 20.00 8.71"
dtr2806.pdf,2026-06-27,2026-06-28,2026-06-28,2026-06-28T12:00:00,BOGAZICI,BOGAZICI,SAILS,SOJ,12:00,174.2,28.0,9.6,PROPANE,14750.0,,6,"28-06-26 SOJMT. BOGAZICI SAILS 174.20 PROPANE 12:00 14,750 28.00 9.60"
dtr2806.pdf,2026-06-27,2026-06-28,2026-06-28,2026-06-28T12:30:00,BASSET,BASSET,BERTHS,SOJ,12:30,182.5,32.26,14.5,NAPTHA,33000.0,,6,"28-06-26 SOJMT. BASSET BERTHS 182.50 NAPTHA 12:30 33,000 32.20 0.00 28-06-26 SQMV. V OCEAN 801 SHIFTS 228.99 C.COAL 13:00 ON A/C PORT 45,460 32.26 14.50"
dtr2806.pdf,2026-06-27,2026-06-28,2026-06-28,2026-06-28T13:30:00,NSG GLORY,NSG GLORY,BERTHS,CQ-1,13:30,189.99,32.26,13.1,PYROXENITE,28000.0,,6,"28-06-26 CQ-1MV. NSG GLORY BERTHS 189.99 PYROXENITE 13:30 28,000 32.26 13.10"
dtr2806.pdf,2026-06-27,2026-06-28,2026-06-28,2026-06-28T14:00:00,XIN HAI TONG 803,XIN HAI TONG 803,SAILS,MPB,14:00,229.0,32.26,0.0,C.COAL,78650.0,,6,"28-06-26 MPBMV. XIN HAI TONG 803 SAILS 229.00 C.COAL 14:00 78,650 32.26 0.00"
dtr2806.pdf,2026-06-27,2026-06-28,2026-06-28,2026-06-28T14:30:00,MARILITA,MARILITA,BERTHS,MPB,14:30,228.99,32.26,14.5,C.COAL,46550.0,PRIORITY BERTHING,6,"28-06-26 MPBMV. MARILITA BERTHS 228.99 C.COAL 14:30 PRIORITY BERTHING 46,550 32.26 14.50"
dtr2806.pdf,2026-06-27,2026-06-28,2026-06-28,2026-06-28T15:00:00,GOLDEN DENISE,GOLDEN DENISE,SAILS,FB-1,15:00,124.0,20.0,8.71,SUL ACID,11451.0,,6,"28-06-26 FB-1MT. GOLDEN DENISE SAILS 124.00 SUL ACID 15:00 11,451 20.00 8.71"
dtr2806.pdf,2026-06-27,2026-06-28,2026-06-28,2026-06-28T15:30:00,GANESHWAR,GANESHWAR,SAILS,NQ-3,15:30,72.0,14.0,3.0,GYPSUM,3704.0,,6,"28-06-26 NQ-3MV. GANESHWAR SAILS 72.00 GYPSUM 15:30 3,704 14.00 3.00"
dtr2806.pdf,2026-06-27,2026-06-28,2026-06-28,2026-06-28T17:00:00,JIN YUAN MEN,JIN YUAN MEN,SAILS,CQ-2,17:00,199.92,32.27,13.5,I.ORE,62550.0,,6,"28-06-26 CQ-2MV. JIN YUAN MEN SAILS 199.92 I.ORE 17:00 62,550 32.27 13.50"
dtr2806.pdf,2026-06-27,2026-06-28,2026-06-28,2026-06-28T18:00:00,CHOLA UNITY,CHOLA UNITY,BERTHS,CQ-2,18:00,229.0,36.5,0.0,LM. ST.,80280.0,,6,"28-06-26 CQ-2MV. CHOLA UNITY BERTHS 229.00 LM. ST. 18:00 80,280 32.24 14.50 28-06-26 ANCHORAGEMV. JAL VAIBHAV SHIFTS 228.05 TH.COAL 18:30 ON A/C VESSEL 59,000 36.50 0.00"
dtr2806.pdf,2026-06-27,2026-06-28,2026-06-28,2026-06-28T19:00:00,MASTRO NIKOS,MASTRO NIKOS,BERTHS,CB-2,19:00,229.0,32.26,14.5,TH.COAL,75000.0,,6,"28-06-26 CB-2MV. MASTRO NIKOS BERTHS 229.00 TH.COAL 19:00 75,000 32.26 14.50"
dtr2806.pdf,2026-06-27,2026-06-28,2026-06-28,2026-06-28T20:00:00,KAI 1,KAI 1,SAILS,SPM-2,20:00,243.98,42.0,14.92,CRUDE OIL,100272.0,,6,"28-06-26 SPM-2MT. KAI 1 SAILS 243.98 CRUDE OIL 20:00 100,272 42.00 14.92"
dtr2806.pdf,2026-06-27,2026-06-28,2026-06-28,2026-06-28T21:00:00,LUCKY JESSICA,LUCKY JESSICA,SAILS,KICT,21:00,229.0,36.5,12.9,C.COAL,74330.0,,6,"28-06-26 KICTMV. LUCKY JESSICA SAILS 229.00 C.COAL 21:00 74,330 36.50 12.90"
dtr2806.pdf,2026-06-27,2026-06-28,2026-06-28,2026-06-28T22:00:00,STAR AMETHYST,STAR AMETHYST,BERTHS,KICT,22:00,228.99,32.26,0.0,C.COAL,79686.0,,6,"28-06-26 KICTMV. STAR AMETHYST BERTHS 228.99 C.COAL 22:00 79,686 32.26 0.00"
dtr2806.pdf,2026-06-27,2026-06-28,2026-06-28,2026-06-28T22:30:00,SIKINOS,SIKINOS,SAILS,IOB,22:30,199.99,32.26,13.5,TH.COAL,33192.0,,6,"28-06-26 IOBMV. SIKINOS SAILS 199.99 TH.COAL 22:30 33,192 32.26 13.50"
dtr2806.pdf,2026-06-27,2026-06-28,2026-06-28,2026-06-28T23:00:00,MARIANNA C,MARIANNA C,BERTHS,IOB,23:00,199.9,32.26,13.3,TH.COAL,60000.0,,6,"28-06-26 IOBMV. MARIANNA C BERTHS 199.90 TH.COAL 23:00 60,000 32.26 13.30"
dtr2806.pdf,2026-06-27,2026-06-28,2026-06-29,2026-06-29T06:00:00,WALRUS,WALRUS,BERTHS,SPM-2,06:00,274.19,49.97,0.0,CRUDE OIL,143332.0,,6,"29-06-26 SPM-2MT. WALRUS BERTHS 274.19 CRUDE OIL 06:00 143,332 49.97 0.00"
dtr2906.pdf,2026-06-28,2026-06-29,2026-06-29,2026-06-29T09:00:00,WALRUS,WALRUS,BERTHS,SPM-2,09:00,274.19,49.97,0.0,CRUDE OIL,143332.0,,6,"29-06-26 SPM-2MT. WALRUS BERTHS 274.19 CRUDE OIL 09:00 143,332 49.97 0.00"
dtr2806.pdf,2026-06-27,2026-06-28,2026-06-29,2026-06-29T10:30:00,GANESHWAR,GANESHWAR,BERTHS,NQ-3,10:30,72.0,14.0,3.0,GYPSUM,1800.0,,6,"29-06-26 NQ-3MV. GANESHWAR BERTHS 72.00 GYPSUM 10:30 1,800 14.00 3.00"
dtr2906.pdf,2026-06-28,2026-06-29,2026-06-29,2026-06-29T10:30:00,GANESHWAR,GANESHWAR,BERTHS,NQ-3,10:30,72.0,14.0,3.0,GYPSUM,1800.0,,6,"29-06-26 NQ-3MV. GANESHWAR BERTHS 72.00 GYPSUM 10:30 1,800 14.00 3.00"
dtr2806.pdf,2026-06-27,2026-06-28,2026-06-29,2026-06-29T11:00:00,COSNEW LAKE,COSNEW LAKE,BERTHS,SPM-3,11:00,332.68,60.0,19.5,CRUDE OIL,258698.0,,6,"29-06-26 SPM-3MT. COSNEW LAKE BERTHS 332.68 CRUDE OIL 11:00 258,698 60.00 19.50"
dtr2906.pdf,2026-06-28,2026-06-29,2026-06-29,2026-06-29T11:00:00,COSNEW LAKE,COSNEW LAKE,BERTHS,SPM-3,11:00,332.68,60.0,19.5,CRUDE OIL,258698.0,,6,"29-06-26 SPM-3MT. COSNEW LAKE BERTHS 332.68 CRUDE OIL 11:00 258,698 60.00 19.50"
dtr2906.pdf,2026-06-28,2026-06-29,2026-06-29,2026-06-29T12:00:00,LAURANCE FRANCOISE,LAURANCE FRANCOISE,SAILS,EQ-3,12:00,228.99,36.5,0.0,TH.COAL,76555.0,,6,"29-06-26 EQ-3MV. LAURANCE FRANCOISE SAILS 228.99 TH.COAL 12:00 76,555 32.26 14.50 29-06-26 EQ-3MV. JAL VAIBHAV SHIFTS 228.05 TH.COAL 12:30 ON A/C PORT 59,000 36.50 0.00"
dtr2906.pdf,2026-06-28,2026-06-29,2026-06-29,2026-06-29T13:00:00,MASTRO NIKOS,MASTRO NIKOS,BERTHS,CB-2,13:00,229.0,32.26,14.5,TH.COAL,75000.0,,6,"29-06-26 CB-2MV. MASTRO NIKOS BERTHS 229.00 TH.COAL 13:00 75,000 32.26 14.50"
dtr2906.pdf,2026-06-28,2026-06-29,2026-06-29,2026-06-29T14:30:00,RIPLEY PROSPERITY,RIPLEY PROSPERITY,SAILS,CB-1,14:30,224.94,32.26,14.5,TH.COAL,74500.0,,6,"29-06-26 CB-1MV. RIPLEY PROSPERITY SAILS 224.94 TH.COAL 14:30 74,500 32.26 14.50"
dtr2906.pdf,2026-06-28,2026-06-29,2026-06-29,2026-06-29T15:00:00,CHOLA DESTINY,CHOLA DESTINY,BERTHS,CB-1,15:00,224.94,32.26,14.5,TH.COAL,74500.0,,6,"29-06-26 CB-1MV. CHOLA DESTINY BERTHS 224.94 TH.COAL 15:00 74,500 32.26 14.50"
dtr2906.pdf,2026-06-28,2026-06-29,2026-06-29,2026-06-29T16:00:00,APJ SETHU,APJ SETHU,SAILS,EQ-2,16:00,224.86,32.26,0.0,TH.COAL,80064.0,,6,"29-06-26 EQ-2MV. APJ SETHU SAILS 224.86 TH.COAL 16:00 80,064 32.26 0.00"
dtr2906.pdf,2026-06-28,2026-06-29,2026-06-29,2026-06-29T16:30:00,GANESHWAR,GANESHWAR,SAILS,NQ-3,16:30,72.0,14.0,3.0,GYPSUM,3754.0,,6,"29-06-26 NQ-3MV. GANESHWAR SAILS 72.00 GYPSUM 16:30 3,754 14.00 3.00"
dtr2906.pdf,2026-06-28,2026-06-29,2026-06-29,2026-06-29T22:30:00,NOVA BREEZE,NOVA BREEZE,BERTHS,FB-1,22:30,180.0,28.8,9.9,AMMONIA,14000.0,,6,"29-06-26 FB-1MT. NOVA BREEZE BERTHS 180.00 AMMONIA 22:30 14,000 28.80 9.90"
dtr3006.pdf,2026-06-29,2026-06-30,2026-06-30,2026-06-30T00:12:00,MSC CARINA,MSC CARINA,BERTHS,EQ-2,00:12,253.5,43.0,14.5,TH.COAL,100000.0,,6,"30-06-26 EQ-2MV. MSC CARINA BERTHS 253.50 TH.COAL 00:12 100,000 43.00 14.50"
dtr3006.pdf,2026-06-29,2026-06-30,2026-06-30,2026-06-30T02:42:00,SEA SOAR,SEA SOAR,BERTHS,FB-2,02:42,169.97,24.2,10.1,AMMONIA,14481.0,,6,"30-06-26 FB-2MT. SEA SOAR BERTHS 169.97 AMMONIA 02:42 14,481 24.20 10.10"
dtr2906.pdf,2026-06-28,2026-06-29,2026-06-30,2026-06-30T04:00:00,SPETSES,SPETSES,SAILS,PICT,04:00,199.9,32.26,0.0,STEEL SLAB,49090.0,,6,"30-06-26 PICTMV. SPETSES SAILS 199.90 STEEL SLAB 04:00 49,090 32.26 0.00"
dtr2906.pdf,2026-06-28,2026-06-29,2026-06-30,2026-06-30T04:30:00,NORSE EXPANSION,NORSE EXPANSION,BERTHS,PICT,04:30,199.9,32.24,10.65,PIG IRON,42975.0,,6,"30-06-26 PICTMV. NORSE EXPANSION BERTHS 199.90 PIG IRON 04:30 42,975 32.24 10.65"
dtr2906.pdf,2026-06-28,2026-06-29,2026-06-30,2026-06-30T06:00:00,BASSET,BASSET,SAILS,SOJ,06:00,182.5,32.2,0.0,NAPTHA,34625.0,,6,"30-06-26 SOJMT. BASSET SAILS 182.50 NAPTHA 06:00 34,625 32.20 0.00"
dtr3006.pdf,2026-06-29,2026-06-30,2026-06-30,2026-06-30T06:36:00,BASSET,BASSET,SAILS,SOJ,06:36,182.5,32.2,0.0,NAPTHA,34631.0,,6,"30-06-26 SOJMT. BASSET SAILS 182.50 NAPTHA 06:36 34,631 32.20 0.00"
dtr3006.pdf,2026-06-29,2026-06-30,2026-06-30,2026-06-30T07:24:00,JAL VAIBHAV,JAL VAIBHAV,SAILS,EQ-3,07:24,228.05,36.5,0.0,TH.COAL,84485.0,,6,"30-06-26 EQ-3MV. JAL VAIBHAV SAILS 228.05 TH.COAL 07:24 84,485 36.50 0.00"
dtr3006.pdf,2026-06-29,2026-06-30,2026-06-30,2026-06-30T09:08:00,TRIDENT UNITY,TRIDENT UNITY,BERTHS,EQ-3,09:08,190.0,32.26,13.0,TH.COAL,55000.0,,6,"30-06-26 EQ-3MV. TRIDENT UNITY BERTHS 190.00 TH.COAL 09:08 55,000 32.26 13.00"
dtr2906.pdf,2026-06-28,2026-06-29,2026-06-30,2026-06-30T10:00:00,V OCEAN 801,V OCEAN 801,SAILS,SQ,10:00,228.99,32.26,14.5,C.COAL,45460.0,,6,"30-06-26 SQMV. V OCEAN 801 SAILS 228.99 C.COAL 10:00 45,460 32.26 14.50"
dtr2906.pdf,2026-06-28,2026-06-29,2026-06-30,2026-06-30T10:30:00,AVON TRADER,AVON TRADER,BERTHS,SQ,10:30,229.0,32.26,10.09,C.COAL,44000.0,MGT PRIORITY,6,"30-06-26 SQMV. AVON TRADER BERTHS 229.00 C.COAL 10:30 MGT PRIORITY 44,000 32.26 10.09"
dtr3006.pdf,2026-06-29,2026-06-30,2026-06-30,2026-06-30T10:36:00,V OCEAN 801,V OCEAN 801,SAILS,SQ,10:36,228.99,32.26,14.5,C.COAL,45460.0,,6,"30-06-26 SQMV. V OCEAN 801 SAILS 228.99 C.COAL 10:36 45,460 32.26 14.50"
dtr3006.pdf,2026-06-29,2026-06-30,2026-06-30,2026-06-30T11:00:00,AVON TRADER,AVON TRADER,BERTHS,SQ,11:00,229.0,32.26,10.09,C.COAL,44000.0,MGT PRIORITY,6,"30-06-26 SQMV. AVON TRADER BERTHS 229.00 C.COAL 11:00 MGT PRIORITY 44,000 32.26 10.09"
dtr2906.pdf,2026-06-28,2026-06-29,2026-06-30,2026-06-30T11:00:00,GANESHWAR,GANESHWAR,BERTHS,NQ-3,11:00,72.0,14.0,3.0,GYPSUM,1800.0,,6,"30-06-26 NQ-3MV. GANESHWAR BERTHS 72.00 GYPSUM 11:00 1,800 14.00 3.00"
dtr3006.pdf,2026-06-29,2026-06-30,2026-06-30,2026-06-30T11:30:00,GANESHWAR,GANESHWAR,BERTHS,NQ-3,11:30,72.0,14.0,3.0,GYPSUM,1800.0,,6,"30-06-26 NQ-3MV. GANESHWAR BERTHS 72.00 GYPSUM 11:30 1,800 14.00 3.00"
dtr3006.pdf,2026-06-29,2026-06-30,2026-06-30,2026-06-30T12:00:00,SPETSES,SPETSES,SAILS,PICT,12:00,199.9,32.26,0.0,STEEL SLAB,49090.0,,6,"30-06-26 PICTMV. SPETSES SAILS 199.90 STEEL SLAB 12:00 49,090 32.26 0.00"
dtr3006.pdf,2026-06-29,2026-06-30,2026-06-30,2026-06-30T12:30:00,NORSE EXPANSION,NORSE EXPANSION,BERTHS,PICT,12:30,199.9,32.24,10.65,PIG IRON,42975.0,,6,"30-06-26 PICTMV. NORSE EXPANSION BERTHS 199.90 PIG IRON 12:30 42,975 32.24 10.65"
dtr3006.pdf,2026-06-29,2026-06-30,2026-06-30,2026-06-30T13:00:00,NSG GLORY,NSG GLORY,SAILS,CQ-1,13:00,189.99,32.26,13.1,PYROXENITE,28000.0,,6,"30-06-26 CQ-1MV. NSG GLORY SAILS 189.99 PYROXENITE 13:00 28,000 32.26 13.10"
dtr3006.pdf,2026-06-29,2026-06-30,2026-06-30,2026-06-30T13:30:00,PEDHOULAS CEDRUS,PEDHOULAS CEDRUS,BERTHS,CQ-1,13:30,225.1,32.26,14.5,C.COAL,78928.0,,6,"30-06-26 CQ-1MV. PEDHOULAS CEDRUS BERTHS 225.10 C.COAL 13:30 78,928 32.26 14.50"
dtr3006.pdf,2026-06-29,2026-06-30,2026-06-30,2026-06-30T16:00:00,WALRUS,WALRUS,SAILS,SPM-2,16:00,274.19,49.97,16.0,CRUDE OIL,143146.0,,6,"30-06-26 SPM-2MT. WALRUS SAILS 274.19 CRUDE OIL 16:00 143,146 49.97 16.00"
dtr3006.pdf,2026-06-29,2026-06-30,2026-06-30,2026-06-30T16:30:00,GANESHWAR,GANESHWAR,SAILS,NQ-3,16:30,72.0,14.0,3.0,GYPSUM,3862.0,,6,"30-06-26 NQ-3MV. GANESHWAR SAILS 72.00 GYPSUM 16:30 3,862 14.00 3.00"
dtr3006.pdf,2026-06-29,2026-06-30,2026-06-30,2026-06-30T23:00:00,MASTRO NIKOS,MASTRO NIKOS,SAILS,CB-2,23:00,229.0,32.26,14.5,TH.COAL,79870.0,,6,"30-06-26 CB-2MV. MASTRO NIKOS SAILS 229.00 TH.COAL 23:00 79,870 32.26 14.50"
DTR0107.pdf,2026-06-30,2026-07-01,2026-06-30,2026-06-30T23:48:00,LS NEPTUNE,LS NEPTUNE,BERTHS,SOJ,23:48,183.0,32.2,0.0,NAPTHA,33000.0,,6,"30-06-26 SOJMT. LS NEPTUNE BERTHS 183.00 NAPTHA 23:48 33,000 32.20 0.00"
dtr3006.pdf,2026-06-29,2026-06-30,2026-07-01,2026-07-01T01:00:00,CHOLA DESTINY,CHOLA DESTINY,SAILS,CB-1,01:00,224.94,32.26,14.5,TH.COAL,74530.0,,6,"01-07-26 CB-1MV. CHOLA DESTINY SAILS 224.94 TH.COAL 01:00 74,530 32.26 14.50"
dtr3006.pdf,2026-06-29,2026-06-30,2026-07-01,2026-07-01T01:30:00,APJ ANGAD 2,APJ ANGAD 2,BERTHS,CB-1/CB-2,01:30,224.94,32.26,14.5,TH.COAL,75000.0,WHICHEVER BERTH GETS VACANT FIRST,6,"01-07-26 CB-1/CB-2MV. APJ ANGAD 2 BERTHS 224.94 TH.COAL 01:30 WHICHEVER BERTH GETS VACANT FIRST 75,000 32.26 14.50"
dtr3006.pdf,2026-06-29,2026-06-30,2026-07-01,2026-07-01T02:00:00,SAFESEA VIDYA,SAFESEA VIDYA,BERTHS,CB-1/CB-2,02:00,229.0,32.24,14.5,TH.COAL,79000.0,WHICHEVER BERTH GETS VACANT LATER,6,"01-07-26 CB-1/CB-2MV. SAFESEA VIDYA BERTHS 229.00 TH.COAL 02:00 WHICHEVER BERTH GETS VACANT LATER 79,000 32.24 14.50"
DTR0107.pdf,2026-06-30,2026-07-01,2026-07-01,2026-07-01T03:45:00,SEA SOAR,SEA SOAR,SAILS,FB-2,03:45,169.97,24.2,10.1,AMMONIA,14311.0,,6,"01-07-26 FB-2MT. SEA SOAR SAILS 169.97 AMMONIA 03:45 14,311 24.20 10.10"
dtr3006.pdf,2026-06-29,2026-06-30,2026-07-01,2026-07-01T06:00:00,STAR AMETHYST,STAR AMETHYST,SAILS,KICT,06:00,228.99,32.26,0.0,C.COAL,79686.0,,6,"01-07-26 KICTMV. STAR AMETHYST SAILS 228.99 C.COAL 06:00 79,686 32.26 0.00"
dtr3006.pdf,2026-06-29,2026-06-30,2026-07-01,2026-07-01T06:30:00,MILLICENT,MILLICENT,BERTHS,KICT,06:30,295.0,46.0,16.5,S.COAL,156598.0,,6,"01-07-26 KICTMV. MILLICENT BERTHS 295.00 S.COAL 06:30 156,598 46.00 16.50"
dtr3006.pdf,2026-06-29,2026-06-30,2026-07-01,2026-07-01T08:00:00,SANMAR HERALD,SANMAR HERALD,BERTHS,SPM,08:00,333.0,60.0,21.0,CRUDE OIL,284358.0,,6,"01-07-26 SPMMT. SANMAR HERALD BERTHS 333.00 CRUDE OIL 08:00 284,358 60.00 21.00"
DTR0107.pdf,2026-06-30,2026-07-01,2026-07-01,2026-07-01T08:36:00,MILLICENT,MILLICENT,BERTHS,NIOB,08:36,295.0,46.0,16.5,S.COAL,156598.0,,6,"01-07-26 NIOBMV. MILLICENT BERTHS 295.00 S.COAL 08:36 156,598 46.00 16.50"
DTR0107.pdf,2026-06-30,2026-07-01,2026-07-01,2026-07-01T09:18:00,CHOLA DESTINY,CHOLA DESTINY,SAILS,CB-1,09:18,224.94,32.26,14.5,TH.COAL,74575.0,,6,"01-07-26 CB-1MV. CHOLA DESTINY SAILS 224.94 TH.COAL 09:18 74,575 32.26 14.50"
DTR0107.pdf,2026-06-30,2026-07-01,2026-07-01,2026-07-01T10:00:00,SANMAR HERALD,SANMAR HERALD,BERTHS,SPM,10:00,333.0,32.2,0.0,CRUDE OIL,284358.0,,6,"01-07-26 SPMMT. SANMAR HERALD BERTHS 333.00 CRUDE OIL 10:00 284,358 60.00 21.00 01-07-26 NOJMT. DAWN MADURAI REBERTHS 183.26 M.SPIRIT 10:30 ON A/C IOCL 12,010 32.20 0.00"
DTR0107.pdf,2026-06-30,2026-07-01,2026-07-01,2026-07-01T11:00:00,NOVA BREEZE,NOVA BREEZE,SAILS,FB-1,11:00,180.0,28.8,9.9,AMMONIA,13100.0,,6,"01-07-26 FB-1MT. NOVA BREEZE SAILS 180.00 AMMONIA 11:00 13,100 28.80 9.90"
DTR0107.pdf,2026-06-30,2026-07-01,2026-07-01,2026-07-01T11:12:00,SAFESEA VIDYA,SAFESEA VIDYA,BERTHS,CB-1,11:12,229.0,32.24,14.5,TH.COAL,79000.0,,6,"01-07-26 CB-1MV. SAFESEA VIDYA BERTHS 229.00 TH.COAL 11:12 79,000 32.24 14.50"
DTR0107.pdf,2026-06-30,2026-07-01,2026-07-01,2026-07-01T11:30:00,STAR AMETHYST,STAR AMETHYST,SAILS,KICT,11:30,228.99,46.0,16.5,C.COAL,79686.0,,6,"01-07-26 KICTMV. STAR AMETHYST SAILS 228.99 C.COAL 11:30 79,686 32.26 0.00 01-07-26 ANCHORAGEMV. AVON TRADER SHIFTS 229.00 C.COAL 11:45 ON A/C VESSEL 44,000 32.26 10.07 01-07-26 KICTMV. MILLICENT SHIFTS 295.00 S.COAL 12:00 ON A/C PORT 46.00 16.50"
DTR0107.pdf,2026-06-30,2026-07-01,2026-07-01,2026-07-01T12:30:00,HOANG HUY 79,HOANG HUY 79,BERTHS,SQ,12:30,144.58,21.0,7.9,R.P.COKE,4201.0,,6,"01-07-26 SQMV. HOANG HUY 79 BERTHS 144.58 R.P.COKE 12:30 4,201 21.00 7.90"
DTR0107.pdf,2026-06-30,2026-07-01,2026-07-01,2026-07-01T13:00:00,MARILITA,MARILITA,SAILS,MPB,13:00,228.99,32.26,14.5,C.COAL,46550.0,,6,"01-07-26 MPBMV. MARILITA SAILS 228.99 C.COAL 13:00 46,550 32.26 14.50"
DTR0107.pdf,2026-06-30,2026-07-01,2026-07-01,2026-07-01T13:30:00,GEODREAM,GEODREAM,BERTHS,MPB,13:30,199.98,32.26,12.8,DOLOMITE,59600.0,MGT PRIORITY,6,"01-07-26 MPBMV. GEODREAM BERTHS 199.98 DOLOMITE 13:30 MGT PRIORITY 59,600 32.26 12.80"
dtr3006.pdf,2026-06-29,2026-06-30,2026-07-01,2026-07-01T14:00:00,COSNEW LAKE,COSNEW LAKE,SAILS,SPM-3,14:00,332.68,60.0,19.5,CRUDE OIL,258354.0,,6,"01-07-26 SPM-3MT. COSNEW LAKE SAILS 332.68 CRUDE OIL 14:00 258,354 60.00 19.50"
DTR0107.pdf,2026-06-30,2026-07-01,2026-07-01,2026-07-01T15:00:00,TRIDENT UNITY,TRIDENT UNITY,SAILS,EQ-3,15:00,190.0,32.26,13.0,TH.COAL,56200.0,,6,"01-07-26 EQ-3MV. TRIDENT UNITY SAILS 190.00 TH.COAL 15:00 56,200 32.26 13.00"
DTR0107.pdf,2026-06-30,2026-07-01,2026-07-01,2026-07-01T20:00:00,COSNEW LAKE,COSNEW LAKE,SAILS,SPM-3,20:00,332.68,60.0,19.5,CRUDE OIL,258354.0,,6,"01-07-26 SPM-3MT. COSNEW LAKE SAILS 332.68 CRUDE OIL 20:00 258,354 60.00 19.50"
DTR0107.pdf,2026-06-30,2026-07-01,2026-07-01,2026-07-01T21:30:00,NONDAS,NONDAS,BERTHS,EQ-3,21:30,229.0,32.26,14.5,TH.COAL,75000.0,,6,"01-07-26 EQ-3MV. NONDAS BERTHS 229.00 TH.COAL 21:30 75,000 32.26 14.50"
DTR0107.pdf,2026-06-30,2026-07-01,2026-07-01,2026-07-01T22:00:00,MSC CARINA,MSC CARINA,SAILS,EQ-2,22:00,253.5,43.0,14.5,TH.COAL,102239.0,,6,"01-07-26 EQ-2MV. MSC CARINA SAILS 253.50 TH.COAL 22:00 102,239 43.00 14.50"
DTR0107.pdf,2026-06-30,2026-07-01,2026-07-02,2026-07-02T02:00:00,ANGELINA,ANGELINA,BERTHS,FB-2,02:00,181.0,26.0,10.3,SULPHUR,27772.0,,6,"02-07-26 FB-2MV. ANGELINA BERTHS 181.00 SULPHUR 02:00 27,772 26.00 10.30"
DTR0107.pdf,2026-06-30,2026-07-01,2026-07-02,2026-07-02T06:00:00,LS NEPTUNE,LS NEPTUNE,SAILS,SOJ,06:00,183.0,32.2,0.0,NAPTHA,34650.0,,6,"02-07-26 SOJMT. LS NEPTUNE SAILS 183.00 NAPTHA 06:00 34,650 32.20 0.00"
DTR0107.pdf,2026-06-30,2026-07-01,2026-07-02,2026-07-02T08:00:00,APJ ANGAD 2,APJ ANGAD 2,SAILS,CB-2,08:00,224.94,32.26,14.5,TH.COAL,74950.0,,6,"02-07-26 CB-2MV. APJ ANGAD 2 SAILS 224.94 TH.COAL 08:00 74,950 32.26 14.50"
DTR0107.pdf,2026-06-30,2026-07-01,2026-07-02,2026-07-02T09:00:00,APJ KABIR ANAND,APJ KABIR ANAND,BERTHS,CB-2,09:00,225.0,32.26,14.5,TH.COAL,75000.0,,6,"02-07-26 CB-2MV. APJ KABIR ANAND BERTHS 225.00 TH.COAL 09:00 75,000 32.26 14.50"
dtr0207.pdf,2026-07-01,2026-07-02,2026-07-02,2026-07-02T11:00:00,MSC CARINA,MSC CARINA,SAILS,EQ-2,11:00,253.5,43.0,14.5,TH.COAL,102239.0,,5,"02-07-26 EQ-2MV. MSC CARINA SAILS 253.50 TH.COAL 11:00 102,239 43.00 14.50"
dtr0207.pdf,2026-07-01,2026-07-02,2026-07-02,2026-07-02T11:30:00,FIRST HUNTER,FIRST HUNTER,BERTHS,CQ-3,11:30,228.9,32.26,14.0,I.ORE PELLET,75000.0,,5,"02-07-26 CQ-3MV. FIRST HUNTER BERTHS 228.90 I.ORE PELLET 11:30 75,000 32.26 14.00"
dtr0207.pdf,2026-07-01,2026-07-02,2026-07-02,2026-07-02T12:00:00,APJ ANGAD 2,APJ ANGAD 2,SAILS,CB-2,12:00,224.94,32.26,14.5,TH.COAL,74950.0,,5,"02-07-26 CB-2MV. APJ ANGAD 2 SAILS 224.94 TH.COAL 12:00 74,950 32.26 14.50"
dtr0207.pdf,2026-07-01,2026-07-02,2026-07-02,2026-07-02T12:30:00,APJ KABIR ANAND,APJ KABIR ANAND,BERTHS,CB-2,12:30,225.0,32.26,14.5,TH.COAL,75000.0,,5,"02-07-26 CB-2MV. APJ KABIR ANAND BERTHS 225.00 TH.COAL 12:30 75,000 32.26 14.50"
dtr0207.pdf,2026-07-01,2026-07-02,2026-07-02,2026-07-02T13:00:00,HOANG HUY 79,HOANG HUY 79,SAILS,SQ,13:00,144.58,32.26,14.5,R.P.COKE,4201.0,,5,"02-07-26 SQMV. HOANG HUY 79 SAILS 144.58 R.P.COKE 13:00 4,201 21.00 7.90 02-07-26 SQMV. PEDHOULAS CEDRUS SHIFTS 228.99 C.COAL 13:30 ON A/C PORT 78,928 32.26 14.50"
dtr0207.pdf,2026-07-01,2026-07-02,2026-07-02,2026-07-02T14:00:00,CS XIAZHI,CS XIAZHI,BERTHS,CQ-1,14:00,225.0,32.26,10.07,PCI COAL,40650.0,,5,"02-07-26 CQ-1MV. CS XIAZHI BERTHS 225.00 PCI COAL 14:00 40,650 32.26 14.26 02-07-26 WDMV. AVON TRADER REBERTHS 229.00 C.COAL 15:00 ON A/C VESSEL ( PORTSIDE ALONGSIDE) 44,000 32.26 10.07"
dtr0207.pdf,2026-07-01,2026-07-02,2026-07-02,2026-07-02T16:00:00,MARIANNA C,MARIANNA C,SAILS,IOB,16:00,199.9,32.26,13.3,TH.COAL,59300.0,,5,"02-07-26 IOBMV. MARIANNA C SAILS 199.90 TH.COAL 16:00 59,300 32.26 13.30"
dtr0207.pdf,2026-07-01,2026-07-02,2026-07-02,2026-07-02T16:30:00,LA STELLA,LA STELLA,BERTHS,IOB,16:30,199.98,32.24,14.5,I.ORE PELLET,59750.0,,5,"02-07-26 IOBMV. LA STELLA BERTHS 199.98 I.ORE PELLET 16:30 59,750 32.24 0.00 02-07-26 ANCHORAGEMV. CHOLA UNITY SHIFTS 229.00 LM. ST. 20:00 ON /AC VESSEL 80,280 32.24 14.50"
dtr0207.pdf,2026-07-01,2026-07-02,2026-07-02,2026-07-02T20:30:00,GLORY V,GLORY V,BERTHS,CQ-2,20:30,225.0,32.26,13.9,PCI COAL,26050.0,,5,"02-07-26 CQ-2MV. GLORY V BERTHS 225.00 PCI COAL 20:30 26,050 32.26 13.90"
dtr0207.pdf,2026-07-01,2026-07-02,2026-07-02,2026-07-02T23:00:00,SAFESEA VIDYA,SAFESEA VIDYA,SAILS,CB-1,23:00,229.0,32.24,14.5,TH.COAL,78900.0,,5,"02-07-26 CB-1MV. SAFESEA VIDYA SAILS 229.00 TH.COAL 23:00 78,900 32.24 14.50"
dtr0207.pdf,2026-07-01,2026-07-02,2026-07-02,2026-07-02T23:30:00,OCEANBEAUTY,OCEANBEAUTY,BERTHS,CB-1,23:30,189.9,32.26,13.0,TH.COAL,55000.0,,5,"02-07-26 CB-1MV. OCEANBEAUTY BERTHS 189.90 TH.COAL 23:30 55,000 32.26 13.00"
dtr0307.pdf,2026-07-02,2026-07-03,2026-07-03,2026-07-03T07:30:00,OCEANBEAUTY,OCEANBEAUTY,BERTHS,CB-1,07:30,189.9,28.0,0.0,TH.COAL,55000.0,,5,"03-07-26 CB-1MV. OCEANBEAUTY BERTHS 189.90 TH.COAL 07:30 55,000 32.26 13.00 03-07-26 WDTSHD PEARL RIVER BERTHS 182.22 NO 08:10 0 28.00 0.00"
dtr0207.pdf,2026-07-01,2026-07-02,2026-07-03,2026-07-03T10:00:00,DAWN MADURAI,DAWN MADURAI,SAILS,NOJ,10:00,183.26,32.2,0.0,M.SPIRIT,36410.0,,5,"03-07-26 NOJMT. DAWN MADURAI SAILS 183.26 M.SPIRIT 10:00 36,410 32.20 0.00"
dtr0307.pdf,2026-07-02,2026-07-03,2026-07-03,2026-07-03T11:00:00,DAWN MADURAI,DAWN MADURAI,SAILS,NOJ,11:00,183.26,32.2,0.0,M.SPIRIT,38610.0,,5,"03-07-26 NOJMT. DAWN MADURAI SAILS 183.26 M.SPIRIT 11:00 38,610 32.20 0.00"
dtr0307.pdf,2026-07-02,2026-07-03,2026-07-03,2026-07-03T12:00:00,NORSE EXPANSION,NORSE EXPANSION,SAILS,PICT,12:00,199.9,32.24,10.65,PIG IRON,42763.0,,5,"03-07-26 PICTMV. NORSE EXPANSION SAILS 199.90 PIG IRON 12:00 42,763 32.24 10.65"
dtr0307.pdf,2026-07-02,2026-07-03,2026-07-03,2026-07-03T13:00:00,NONDAS,NONDAS,SAILS,EQ-3,13:00,229.0,32.26,14.5,TH.COAL,78500.0,,5,"03-07-26 EQ-3MV. NONDAS SAILS 229.00 TH.COAL 13:00 78,500 32.26 14.50"
dtr0307.pdf,2026-07-02,2026-07-03,2026-07-03,2026-07-03T13:30:00,DECCAN PRIDE,DECCAN PRIDE,BERTHS,EQ-3,13:30,225.0,32.26,14.5,TH.COAL,73700.0,,5,"03-07-26 EQ-3MV. DECCAN PRIDE BERTHS 225.00 TH.COAL 13:30 73,700 32.26 14.50"
dtr0307.pdf,2026-07-02,2026-07-03,2026-07-03,2026-07-03T16:00:00,ASTRO SIRIUS,ASTRO SIRIUS,BERTHS,FB-1,16:00,199.9,32.26,13.3,ROCK PHOS.,60500.0,,5,"03-07-26 FB-1MV. ASTRO SIRIUS BERTHS 199.90 ROCK PHOS. 16:00 60,500 32.26 13.30"
dtr0307.pdf,2026-07-02,2026-07-03,2026-07-03,2026-07-03T18:00:00,WOOYANG QUEEN,WOOYANG QUEEN,SAILS,PICT-2,18:00,199.98,32.24,0.0,STEEL SLAB,48506.0,,5,"03-07-26 PICT-2MV. WOOYANG QUEEN SAILS 199.98 STEEL SLAB 18:00 48,506 32.24 0.00"
dtr0307.pdf,2026-07-02,2026-07-03,2026-07-03,2026-07-03T18:30:00,ULTRA OCELOT,ULTRA OCELOT,BERTHS,PICT-2,18:30,229.0,32.26,7.5,PIG IRON,66000.0,,5,"03-07-26 PICT-2MV. ULTRA OCELOT BERTHS 229.00 PIG IRON 18:30 66,000 32.26 7.50"
dtr0307.pdf,2026-07-02,2026-07-03,2026-07-03,2026-07-03T19:00:00,APJ KABIR ANAND,APJ KABIR ANAND,SAILS,CB-2,19:00,225.0,32.26,13.0,TH.COAL,73940.0,,5,"03-07-26 CB-2MV. APJ KABIR ANAND SAILS 225.00 TH.COAL 19:00 73,940 32.26 14.50 03-07-26 ANCHORAGEMV. OCEANBEAUTY SHIFTS 189.90 TH.COAL 19:30 ON A/C VESSEL 32.26 13.00"
dtr0307.pdf,2026-07-02,2026-07-03,2026-07-03,2026-07-03T20:00:00,STAR AMETHYST,STAR AMETHYST,BERTHS,CB-1/CB-2,20:00,228.99,32.26,14.5,TH.COAL,77000.0,WHICHEVER BERTH IS VACANT FIRST,5,"03-07-26 CB-1/CB-2MV. STAR AMETHYST BERTHS 228.99 TH.COAL 20:00 WHICHEVER BERTH IS VACANT FIRST 77,000 32.26 14.50"
dtr0307.pdf,2026-07-02,2026-07-03,2026-07-03,2026-07-03T20:05:00,APJ JAOUAD,APJ JAOUAD,BERTHS,CB-1/CB-2,20:05,225.0,32.2,0.0,TH.COAL,75000.0,WHICHEVER BERTH IS VACANT LATER,5,"03-07-26 CB-1/CB-2MV. APJ JAOUAD BERTHS 225.00 TH.COAL 20:05 WHICHEVER BERTH IS VACANT LATER 75,000 32.20 0.00"
dtr0307.pdf,2026-07-02,2026-07-03,2026-07-03,2026-07-03T20:30:00,FIRST HUNTER,FIRST HUNTER,SAILS,CQ-3,20:30,228.9,32.26,14.5,I.ORE PELLET,76000.0,,5,"03-07-26 CQ-3MV. FIRST HUNTER SAILS 228.90 I.ORE PELLET 20:30 76,000 32.26 14.00 03-07-26 CQ-3MV. CHOLA UNITY REBERTHS 229.00 I.ORE PELLET 21:00 ON A/C VESSEL 32.24 14.00 03-07-26 EQ-2MV. AVON TRADER SHIFTS 229.00 TH.COAL 21:30 ON A/C SEATRANS 32.26 14.50"
dtr0307.pdf,2026-07-02,2026-07-03,2026-07-04,2026-07-04T01:00:00,SANMAR HERALD,SANMAR HERALD,SAILS,SPM,01:00,333.0,60.0,21.0,CRUDE OIL,284076.0,,5,"04-07-26 SPMMT. SANMAR HERALD SAILS 333.00 CRUDE OIL 01:00 284,076 60.00 21.00"
dtr0307.pdf,2026-07-02,2026-07-03,2026-07-04,2026-07-04T06:00:00,ANGELINA,ANGELINA,SAILS,FB-2,06:00,181.0,26.0,10.45,SULPHUR,28772.0,,5,"04-07-26 FB-2MV. ANGELINA SAILS 181.00 SULPHUR 06:00 28,772 26.00 10.45"
dtr0407.pdf,2026-07-03,2026-07-04,2026-07-04,2026-07-04T06:00:00,MOUNT FUJI,MOUNT FUJI,BERTHS,SPM-3,06:00,274.2,32.26,14.5,CRUDE OIL,138591.0,,6,"04-07-26 SPM-3MT. MOUNT FUJI BERTHS 274.20 CRUDE OIL 06:00 138,591 50.00 15.80 04-07-26 EQ-2MV. AVON TRADER SHIFTS 229.00 TH.COAL 07:00 ON A/C SEATRANS 32.26 14.50"
dtr0407.pdf,2026-07-03,2026-07-04,2026-07-04,2026-07-04T07:30:00,PHILOSOPHES,PHILOSOPHES,BERTHS,WD,07:30,228.9,32.26,14.5,C.COAL,51081.0,,6,"04-07-26 WDMV. PHILOSOPHES BERTHS 228.90 C.COAL 07:30 51,081 32.26 14.50"
dtr0407.pdf,2026-07-03,2026-07-04,2026-07-04,2026-07-04T08:00:00,SANMAR HERALD,SANMAR HERALD,SAILS,SPM,08:00,333.0,60.0,21.0,CRUDE OIL,284076.0,,6,"04-07-26 SPMMT. SANMAR HERALD SAILS 333.00 CRUDE OIL 08:00 284,076 60.00 21.00"
dtr0407.pdf,2026-07-03,2026-07-04,2026-07-04,2026-07-04T09:00:00,LIMCO HARMONY,LIMCO HARMONY,BERTHS,NQ-2,09:00,108.22,19.6,8.53,GYPSUM,9500.0,,6,"04-07-26 NQ-2MV. LIMCO HARMONY BERTHS 108.22 GYPSUM 09:00 9,500 19.60 8.53"
dtr0307.pdf,2026-07-02,2026-07-03,2026-07-04,2026-07-04T10:00:00,MILLICENT,MILLICENT,SAILS,KICT,10:00,295.0,46.0,16.5,S.COAL,156598.0,,5,"04-07-26 KICTMV. MILLICENT SAILS 295.00 S.COAL 10:00 156,598 46.00 16.50"
dtr0407.pdf,2026-07-03,2026-07-04,2026-07-04,2026-07-04T10:00:00,MILLICENT,MILLICENT,SAILS,KICT,10:00,295.0,46.0,16.5,S.COAL,156598.0,,6,"04-07-26 KICTMV. MILLICENT SAILS 295.00 S.COAL 10:00 156,598 46.00 16.50"
dtr0307.pdf,2026-07-02,2026-07-03,2026-07-04,2026-07-04T10:30:00,ALBATROSS,ALBATROSS,BERTHS,KICT,10:30,228.99,32.26,14.45,C.COAL,38000.0,,5,"04-07-26 KICTMV. ALBATROSS BERTHS 228.99 C.COAL 10:30 38,000 32.26 14.45"
dtr0407.pdf,2026-07-03,2026-07-04,2026-07-04,2026-07-04T11:00:00,ALBATROSS,ALBATROSS,BERTHS,KICT,11:00,228.99,32.26,14.45,C.COAL,38000.0,,6,"04-07-26 KICTMV. ALBATROSS BERTHS 228.99 C.COAL 11:00 38,000 32.26 14.45"
dtr0407.pdf,2026-07-03,2026-07-04,2026-07-04,2026-07-04T11:30:00,HELLAS GLADIATOR,HELLAS GLADIATOR,BERTHS,SOJ,11:30,225.12,10.36,0.0,BUTANE/PROPA NE,6317.0,,6,"04-07-26 SOJMT. HELLAS GLADIATOR BERTHS 225.12 BUTANE/PROPA NE 11:30 6,317 36.60 0.00 04-07-26 NQ-1MT. OSL TANKER II SHIFTS 49.30 NO 12:00 ON A/C VESSEL 10.36 0.00"
dtr0407.pdf,2026-07-03,2026-07-04,2026-07-04,2026-07-04T14:00:00,GLORY V,GLORY V,SAILS,CQ-2,14:00,225.0,32.26,13.9,PCI COAL,26050.0,,6,"04-07-26 CQ-2MV. GLORY V SAILS 225.00 PCI COAL 14:00 26,050 32.26 13.90"
dtr0407.pdf,2026-07-03,2026-07-04,2026-07-04,2026-07-04T15:00:00,BELEZA,BELEZA,BERTHS,CQ-2,15:00,225.0,32.26,12.8,LM. ST.,73416.0,,6,"04-07-26 CQ-2MV. BELEZA BERTHS 225.00 LM. ST. 15:00 73,416 32.26 14.30 04-07-26 NQ-1MT. OSL TANKER II SHIFTS 49.30 NO 17:00 ON A/C VESSEL 10.36 0.00 04-07-26 NQ-1MT. VAMSEE SHIFTS 69.81 NO 17:30 ON A/C VESSEL 11.50 3.40 04-07-26 ANCHORAGEMV. GEODREAM SHIFTS 199.98 DOLOMITE 18:00 ON A/C VESSEL 59,600 32.26 12.80"
dtr0407.pdf,2026-07-03,2026-07-04,2026-07-04,2026-07-04T19:00:00,DIAMOND STAR I,DIAMOND STAR I,BERTHS,MPB,19:00,154.35,26.0,0.0,R.P.COKE,18055.0,,6,"04-07-26 MPBMV. DIAMOND STAR I BERTHS 154.35 R.P.COKE 19:00 18,055 26.00 0.00"
dtr0407.pdf,2026-07-03,2026-07-04,2026-07-05,2026-07-05T04:00:00,DECCAN PRIDE,DECCAN PRIDE,SAILS,EQ-3,04:00,225.0,32.26,14.5,TH.COAL,73700.0,,6,"05-07-26 EQ-3MV. DECCAN PRIDE SAILS 225.00 TH.COAL 04:00 73,700 32.26 14.50"
dtr0407.pdf,2026-07-03,2026-07-04,2026-07-05,2026-07-05T04:30:00,CRIMSON GLORY,CRIMSON GLORY,BERTHS,EQ-3,04:30,189.93,32.26,0.0,TH.COAL,33170.0,,6,"05-07-26 EQ-3MV. CRIMSON GLORY BERTHS 189.93 TH.COAL 04:30 33,170 32.26 0.00"
dtr0407.pdf,2026-07-03,2026-07-04,2026-07-05,2026-07-05T06:00:00,CHOLA UNITY,CHOLA UNITY,SAILS,CQ-3,06:00,229.0,32.24,14.0,I.ORE PELLET,77000.0,,6,"05-07-26 CQ-3MV. CHOLA UNITY SAILS 229.00 I.ORE PELLET 06:00 77,000 32.24 14.00"
dtr0407.pdf,2026-07-03,2026-07-04,2026-07-05,2026-07-05T08:00:00,CS XIAZHI,CS XIAZHI,SAILS,CQ-1,08:00,225.0,32.26,14.3,PCI COAL,40650.0,,6,"05-07-26 CQ-1MV. CS XIAZHI SAILS 225.00 PCI COAL 08:00 40,650 32.26 14.26 05-07-26 CQ-3MV. PEDHOULAS CEDRUS SHIFTS 228.99 I.ORE PELLET 08:15 ON A/C AMNSIL 32.26 14.00 05-07-26 SQMV. BELEZA SHIFTS 225.00 LM. ST. 08:30 ON A/C PORT 32.26 14.30"
dtr0407.pdf,2026-07-03,2026-07-04,2026-07-05,2026-07-05T08:45:00,APJ JAOUAD,APJ JAOUAD,SAILS,CB-1,08:45,225.0,32.2,0.0,TH.COAL,75102.0,,6,"05-07-26 CB-1MV. APJ JAOUAD SAILS 225.00 TH.COAL 08:45 75,102 32.20 0.00"
dtr0507.pdf,2026-07-04,2026-07-05,2026-07-05,2026-07-05T09:00:00,CS XIAZHI,CS XIAZHI,SAILS,CQ-1,09:00,225.0,32.26,14.26,PCI COAL,40650.0,,6,"05-07-26 CQ-1MV. CS XIAZHI SAILS 225.00 PCI COAL 09:00 40,650 32.26 14.26"
dtr0407.pdf,2026-07-03,2026-07-04,2026-07-05,2026-07-05T09:00:00,GCL NARMADA,GCL NARMADA,BERTHS,CQ-1,09:00,253.5,26.0,0.0,LM. ST.,104887.0,PRIORITY BERTHING,6,"05-07-26 CQ-1MV. GCL NARMADA BERTHS 253.50 LM. ST. 09:00 PRIORITY BERTHING 104,887 43.00 13.70 05-07-26 CQ-2MV. DIAMOND STAR I SHIFTS 154.35 R.P.COKE 09:15 ON A/C PORT 26.00 0.00"
dtr0407.pdf,2026-07-03,2026-07-04,2026-07-05,2026-07-05T09:30:00,GOLDEN LILY,GOLDEN LILY,BERTHS,MPB,09:30,225.0,32.26,14.2,C.COAL,70100.0,,6,"05-07-26 MPBMV. GOLDEN LILY BERTHS 225.00 C.COAL 09:30 70,100 32.26 14.20"
dtr0407.pdf,2026-07-03,2026-07-04,2026-07-05,2026-07-05T10:00:00,CHOLA PROSPERITY,CHOLA PROSPERITY,BERTHS,CB-1,10:00,225.0,32.26,14.5,TH.COAL,75000.0,,6,"05-07-26 CB-1MV. CHOLA PROSPERITY BERTHS 225.00 TH.COAL 10:00 75,000 32.26 14.50"
dtr0507.pdf,2026-07-04,2026-07-05,2026-07-05,2026-07-05T10:00:00,GCL NARMADA,GCL NARMADA,BERTHS,CQ-1,10:00,253.5,43.0,13.7,LM. ST.,104887.0,PRIORITY BERTHING,6,"05-07-26 CQ-1MV. GCL NARMADA BERTHS 253.50 LM. ST. 10:00 PRIORITY BERTHING 104,887 43.00 13.70"
dtr0507.pdf,2026-07-04,2026-07-05,2026-07-05,2026-07-05T10:30:00,APJ JAOUAD,APJ JAOUAD,SAILS,CB-1,10:30,225.0,32.2,0.0,TH.COAL,75102.0,,6,"05-07-26 CB-1MV. APJ JAOUAD SAILS 225.00 TH.COAL 10:30 75,102 32.20 0.00"
dtr0407.pdf,2026-07-03,2026-07-04,2026-07-05,2026-07-05T10:30:00,STAR AMETHYST,STAR AMETHYST,SAILS,CB-2,10:30,228.99,32.26,14.5,TH.COAL,79733.0,,6,"05-07-26 CB-2MV. STAR AMETHYST SAILS 228.99 TH.COAL 10:30 79,733 32.26 14.50"
dtr0507.pdf,2026-07-04,2026-07-05,2026-07-05,2026-07-05T11:00:00,CHOLA PROSPERITY,CHOLA PROSPERITY,BERTHS,CB-1,11:00,225.0,32.26,14.5,TH.COAL,75000.0,,6,"05-07-26 CB-1MV. CHOLA PROSPERITY BERTHS 225.00 TH.COAL 11:00 75,000 32.26 14.50"
dtr0507.pdf,2026-07-04,2026-07-05,2026-07-05,2026-07-05T11:30:00,SIKINOS,SIKINOS,BERTHS,NIOB,11:30,199.99,32.26,11.8,I.ORE,51000.0,,6,"05-07-26 NIOBMV. SIKINOS BERTHS 199.99 I.ORE 11:30 51,000 32.26 11.80"
dtr0507.pdf,2026-07-04,2026-07-05,2026-07-05,2026-07-05T12:00:00,CHOLA UNITY,CHOLA UNITY,SAILS,CQ-3,12:00,229.0,32.26,14.0,I.ORE PELLET,77000.0,,6,"05-07-26 CQ-3MV. CHOLA UNITY SAILS 229.00 I.ORE PELLET 12:00 77,000 32.24 14.00 05-07-26 CQ-3MV. PEDHOULAS CEDRUS SHIFTS 228.99 I.ORE PELLET 12:30 ON A/C AMNSIL 32.26 14.00"
dtr0507.pdf,2026-07-04,2026-07-05,2026-07-05,2026-07-05T13:00:00,DECCAN PRIDE,DECCAN PRIDE,SAILS,EQ-3,13:00,225.0,32.26,14.5,TH.COAL,73700.0,,6,"05-07-26 EQ-3MV. DECCAN PRIDE SAILS 225.00 TH.COAL 13:00 73,700 32.26 14.50"
dtr0507.pdf,2026-07-04,2026-07-05,2026-07-05,2026-07-05T13:30:00,CRIMSON GLORY,CRIMSON GLORY,BERTHS,EQ-3,13:30,189.93,26.0,0.0,TH.COAL,33170.0,,6,"05-07-26 EQ-3MV. CRIMSON GLORY BERTHS 189.93 TH.COAL 13:30 33,170 32.26 0.00 05-07-26 SQMV. BELEZA SHIFTS 225.00 LM. ST. 14:00 ON A/C PORT 73,416 32.26 14.30 05-07-26 CQ-2MV. DIAMOND STAR I SHIFTS 154.35 R.P.COKE 14:30 ON A/C PORT 18,055 26.00 0.00"
dtr0507.pdf,2026-07-04,2026-07-05,2026-07-05,2026-07-05T15:30:00,GOLDEN LILY,GOLDEN LILY,BERTHS,MPB,15:30,225.0,32.26,14.2,C.COAL,70100.0,,6,"05-07-26 MPBMV. GOLDEN LILY BERTHS 225.00 C.COAL 15:30 70,100 32.26 14.20"
dtr0507.pdf,2026-07-04,2026-07-05,2026-07-05,2026-07-05T17:00:00,STAR AMETHYST,STAR AMETHYST,SAILS,CB-2,17:00,228.99,32.26,14.5,TH.COAL,79733.0,,6,"05-07-26 CB-2MV. STAR AMETHYST SAILS 228.99 TH.COAL 17:00 79,733 32.26 14.50"
dtr0507.pdf,2026-07-04,2026-07-05,2026-07-05,2026-07-05T17:30:00,RIPLEY PROGRESS,RIPLEY PROGRESS,BERTHS,CB-2,17:30,225.0,32.26,14.5,TH.COAL,74000.0,,6,"05-07-26 CB-2MV. RIPLEY PROGRESS BERTHS 225.00 TH.COAL 17:30 74,000 32.26 14.50"
dtr0507.pdf,2026-07-04,2026-07-05,2026-07-05,2026-07-05T18:00:00,MOUNT FUJI,MOUNT FUJI,SAILS,SPM-3,18:00,274.2,32.26,14.5,CRUDE OIL,138667.0,,6,"05-07-26 SPM-3MT. MOUNT FUJI SAILS 274.20 CRUDE OIL 18:00 138,667 50.00 15.80 05-07-26 ANCHORAGEMV. PHILOSOPHES SHIFTS 228.90 C.COAL 18:30 ON A/C VESSEL 51,947 32.26 14.50"
dtr0507.pdf,2026-07-04,2026-07-05,2026-07-05,2026-07-05T22:00:00,AVON TRADER,AVON TRADER,SAILS,EQ-2,22:00,229.0,32.26,14.5,TH.COAL,75746.0,,6,"05-07-26 EQ-2MV. AVON TRADER SAILS 229.00 TH.COAL 22:00 75,746 32.26 14.50"
dtr0507.pdf,2026-07-04,2026-07-05,2026-07-05,2026-07-05T23:00:00,GEODREAM,GEODREAM,BERTHS,EQ-2,23:00,199.98,32.26,0.0,TH.COAL,59600.0,,6,"05-07-26 EQ-2MV. GEODREAM BERTHS 199.98 TH.COAL 23:00 59,600 32.26 0.00"
dtr0507.pdf,2026-07-04,2026-07-05,2026-07-06,2026-07-06T01:00:00,ALBATROSS,ALBATROSS,SAILS,KICT,01:00,228.99,32.26,14.45,C.COAL,41614.0,,6,"06-07-26 KICTMV. ALBATROSS SAILS 228.99 C.COAL 01:00 41,614 32.26 14.45"
dtr0507.pdf,2026-07-04,2026-07-05,2026-07-06,2026-07-06T02:00:00,HELLAS GLADIATOR,HELLAS GLADIATOR,SAILS,SOJ,02:00,225.12,36.6,0.0,BUTANE/PROPA NE,6318.0,,6,"06-07-26 SOJMT. HELLAS GLADIATOR SAILS 225.12 BUTANE/PROPA NE 02:00 6,318 36.60 0.00"
dtr0507.pdf,2026-07-04,2026-07-05,2026-07-06,2026-07-06T04:00:00,BASIC EXPLORER,BASIC EXPLORER,BERTHS,KICT,04:00,228.99,32.26,14.58,C.COAL,45000.0,,6,"06-07-26 KICTMV. BASIC EXPLORER BERTHS 228.99 C.COAL 04:00 45,000 32.26 14.58"
dtr0507.pdf,2026-07-04,2026-07-05,2026-07-06,2026-07-06T10:00:00,ATLANTIC STAR,ATLANTIC STAR,BERTHS,FB-2,10:00,225.0,32.26,0.0,ROCK PHOS.,73500.0,,6,"06-07-26 FB-2MV. ATLANTIC STAR BERTHS 225.00 ROCK PHOS. 10:00 73,500 32.26 0.00"
dtr0607.pdf,2026-07-05,2026-07-06,2026-07-06,2026-07-06T10:00:00,CS XIAZHI,CS XIAZHI,SAILS,CQ-1,10:00,225.0,32.26,14.26,PCI COAL,40650.0,,5,"06-07-26 CQ-1MV. CS XIAZHI SAILS 225.00 PCI COAL 10:00 40,650 32.26 14.26"
dtr0607.pdf,2026-07-05,2026-07-06,2026-07-06,2026-07-06T10:30:00,GCL NARMADA,GCL NARMADA,BERTHS,CQ-1,10:30,253.5,43.0,13.7,LM. ST.,104887.0,MGT PRIORITY,5,"06-07-26 CQ-1MV. GCL NARMADA BERTHS 253.50 LM. ST. 10:30 MGT PRIORITY 104,887 43.00 13.70"
dtr0607.pdf,2026-07-05,2026-07-06,2026-07-06,2026-07-06T11:45:00,CHOLA UNITY,CHOLA UNITY,SAILS,NIOB,11:45,229.0,32.24,14.0,I.ORE PELLET,77000.0,,5,"06-07-26 NIOBMV. CHOLA UNITY SAILS 229.00 I.ORE PELLET 11:45 77,000 32.24 14.00"
dtr0607.pdf,2026-07-05,2026-07-06,2026-07-06,2026-07-06T12:15:00,SIKINOS,SIKINOS,BERTHS,NIOB,12:15,199.99,32.26,11.8,I.ORE,51000.0,,5,"06-07-26 NIOBMV. SIKINOS BERTHS 199.99 I.ORE 12:15 51,000 32.26 11.80"
dtr0607.pdf,2026-07-05,2026-07-06,2026-07-06,2026-07-06T12:30:00,DECCAN PRIDE,DECCAN PRIDE,SAILS,EQ-3,12:30,225.0,32.26,14.5,TH.COAL,73981.0,,5,"06-07-26 EQ-3MV. DECCAN PRIDE SAILS 225.00 TH.COAL 12:30 73,981 32.26 14.50"
dtr0607.pdf,2026-07-05,2026-07-06,2026-07-06,2026-07-06T13:00:00,CRIMSON GLORY,CRIMSON GLORY,BERTHS,EQ-3,13:00,189.93,32.26,0.0,TH.COAL,33170.0,,5,"06-07-26 EQ-3MV. CRIMSON GLORY BERTHS 189.93 TH.COAL 13:00 33,170 32.26 0.00"
dtr0607.pdf,2026-07-05,2026-07-06,2026-07-06,2026-07-06T13:30:00,STAR AMETHYST,STAR AMETHYST,SAILS,CB-2,13:30,228.99,32.26,14.5,TH.COAL,79740.0,,5,"06-07-26 CB-2MV. STAR AMETHYST SAILS 228.99 TH.COAL 13:30 79,740 32.26 14.50"
dtr0607.pdf,2026-07-05,2026-07-06,2026-07-06,2026-07-06T14:00:00,CHENNAI VALARCHI,CHENNAI VALARCHI,BERTHS,CB-1/CB-2,14:00,225.0,32.26,14.5,TH.COAL,75000.0,WHICHEVER BERTH GETS VACANT FIRST,5,"06-07-26 CB-1/CB-2MV. CHENNAI VALARCHI BERTHS 225.00 TH.COAL 14:00 WHICHEVER BERTH GETS VACANT FIRST 75,000 32.26 14.50"
dtr0607.pdf,2026-07-05,2026-07-06,2026-07-06,2026-07-06T14:30:00,CHOLA PROSPERITY,CHOLA PROSPERITY,BERTHS,CB-1/CB-2,14:30,225.0,32.26,14.5,TH.COAL,75000.0,WHICHEVER BERTH GETS VACANT LATER,5,"06-07-26 CB-1/CB-2MV. CHOLA PROSPERITY BERTHS 225.00 TH.COAL 14:30 WHICHEVER BERTH GETS VACANT LATER 75,000 32.26 14.50"
dtr0607.pdf,2026-07-05,2026-07-06,2026-07-06,2026-07-06T15:00:00,DIAMOND STAR I,DIAMOND STAR I,SAILS,MPB,15:00,154.35,26.0,0.0,R.P.COKE,18055.0,,5,"06-07-26 MPBMV. DIAMOND STAR I SAILS 154.35 R.P.COKE 15:00 18,055 26.00 0.00"
dtr0607.pdf,2026-07-05,2026-07-06,2026-07-06,2026-07-06T15:30:00,VELOCE,VELOCE,BERTHS,MPB,15:30,229.0,32.24,0.0,C.COAL,50740.0,MGT PRIORITY,5,"06-07-26 MPBMV. VELOCE BERTHS 229.00 C.COAL 15:30 MGT PRIORITY 50,740 32.24 0.00"
dtr0607.pdf,2026-07-05,2026-07-06,2026-07-06,2026-07-06T16:00:00,SANMAR SONGBIRD,SANMAR SONGBIRD,BERTHS,NOJ,16:00,182.5,32.0,9.4,HSD/M.SPIRIT,15582.0,,5,"06-07-26 NOJMT. SANMAR SONGBIRD BERTHS 182.50 HSD/M.SPIRIT 16:00 15,582 32.00 9.40"
dtr0607.pdf,2026-07-05,2026-07-06,2026-07-06,2026-07-06T16:30:00,LIMCO HARMONY,LIMCO HARMONY,SAILS,NQ-2,16:30,108.22,32.26,14.5,GYPSUM,9500.0,,5,"06-07-26 NQ-2MV. LIMCO HARMONY SAILS 108.22 GYPSUM 16:30 9,500 19.60 8.53 06-07-26 ANCHORAGEMV. PHILOSOPHES SHIFTS 228.90 C.COAL 18:00 ON A/C VESSEL 51,947 32.26 14.50"
dtr0607.pdf,2026-07-05,2026-07-06,2026-07-06,2026-07-06T18:30:00,AVON TRADER,AVON TRADER,SAILS,EQ-2,18:30,229.0,32.26,14.5,TH.COAL,75758.0,,5,"06-07-26 EQ-2MV. AVON TRADER SAILS 229.00 TH.COAL 18:30 75,758 32.26 14.50"
dtr0607.pdf,2026-07-05,2026-07-06,2026-07-06,2026-07-06T19:00:00,GEODREAM,GEODREAM,BERTHS,EQ-2,19:00,199.98,32.26,0.0,TH.COAL,59600.0,,5,"06-07-26 EQ-2MV. GEODREAM BERTHS 199.98 TH.COAL 19:00 59,600 32.26 0.00"
dtr0607.pdf,2026-07-05,2026-07-06,2026-07-06,2026-07-06T19:30:00,ALBATROSS,ALBATROSS,SAILS,KICT,19:30,228.99,32.26,14.45,C.COAL,43453.0,,5,"06-07-26 KICTMV. ALBATROSS SAILS 228.99 C.COAL 19:30 43,453 32.26 14.45"
dtr0607.pdf,2026-07-05,2026-07-06,2026-07-06,2026-07-06T20:00:00,HELLAS GLADIATOR,HELLAS GLADIATOR,SAILS,SOJ,20:00,225.12,36.6,0.0,BUTANE/PROPA NE,6318.0,,5,"06-07-26 SOJMT. HELLAS GLADIATOR SAILS 225.12 BUTANE/PROPA NE 20:00 6,318 36.60 0.00"
dtr0607.pdf,2026-07-05,2026-07-06,2026-07-06,2026-07-06T20:30:00,BASIC EXPLORER,BASIC EXPLORER,BERTHS,KICT,20:30,228.99,32.26,14.58,C.COAL,45000.0,,5,"06-07-26 KICTMV. BASIC EXPLORER BERTHS 228.99 C.COAL 20:30 45,000 32.26 14.58"
dtr0707.pdf,2026-07-06,2026-07-07,2026-07-07,2026-07-07T07:00:00,DECCAN PRIDE,DECCAN PRIDE,SAILS,EQ-3,07:00,225.0,32.26,14.5,TH.COAL,73981.0,,5,"07-07-26 EQ-3MV. DECCAN PRIDE SAILS 225.00 TH.COAL 07:00 73,981 32.26 14.50"
dtr0707.pdf,2026-07-06,2026-07-07,2026-07-07,2026-07-07T09:42:00,CRIMSON GLORY,CRIMSON GLORY,BERTHS,EQ-3,09:42,189.93,32.26,0.0,TH.COAL,33170.0,,5,"07-07-26 EQ-3MV. CRIMSON GLORY BERTHS 189.93 TH.COAL 09:42 33,170 32.26 0.00"
dtr0707.pdf,2026-07-06,2026-07-07,2026-07-07,2026-07-07T10:06:00,CHENNAI VALARCHI,CHENNAI VALARCHI,BERTHS,CB-2,10:06,225.0,32.26,14.5,TH.COAL,75000.0,,5,"07-07-26 CB-2MV. CHENNAI VALARCHI BERTHS 225.00 TH.COAL 10:06 75,000 32.26 14.50"
dtr0707.pdf,2026-07-06,2026-07-07,2026-07-07,2026-07-07T10:48:00,CHOLA PROSPERITY,CHOLA PROSPERITY,BERTHS,CB-1,10:48,225.0,32.26,14.5,TH.COAL,75000.0,,5,"07-07-26 CB-1MV. CHOLA PROSPERITY BERTHS 225.00 TH.COAL 10:48 75,000 32.26 14.50"
dtr0707.pdf,2026-07-06,2026-07-07,2026-07-07,2026-07-07T11:29:00,CS XIAZHI,CS XIAZHI,SAILS,CQ-1,11:29,225.0,32.26,14.26,PCI COAL,40650.0,,5,"07-07-26 CQ-1MV. CS XIAZHI SAILS 225.00 PCI COAL 11:29 40,650 32.26 14.26"
dtr0707.pdf,2026-07-06,2026-07-07,2026-07-07,2026-07-07T11:45:00,GCL NARMADA,GCL NARMADA,BERTHS,CQ-1,11:45,253.5,43.0,13.7,LM. ST.,104887.0,MGT PRIORITY,5,"07-07-26 CQ-1MV. GCL NARMADA BERTHS 253.50 LM. ST. 11:45 MGT PRIORITY 104,887 43.00 13.70"
dtr0707.pdf,2026-07-06,2026-07-07,2026-07-07,2026-07-07T12:00:00,CHOLA UNITY,CHOLA UNITY,SAILS,NIOB,12:00,229.0,32.24,14.0,I.ORE PELLET,77000.0,,5,"07-07-26 NIOBMV. CHOLA UNITY SAILS 229.00 I.ORE PELLET 12:00 77,000 32.24 14.00"
dtr0707.pdf,2026-07-06,2026-07-07,2026-07-07,2026-07-07T12:15:00,SIKINOS,SIKINOS,BERTHS,NIOB,12:15,199.99,32.26,11.8,I.ORE,51000.0,,5,"07-07-26 NIOBMV. SIKINOS BERTHS 199.99 I.ORE 12:15 51,000 32.26 11.80"
dtr0707.pdf,2026-07-06,2026-07-07,2026-07-07,2026-07-07T12:30:00,DIAMOND STAR I,DIAMOND STAR I,SAILS,MPB,12:30,154.35,26.0,0.0,R.P.COKE,18055.0,,5,"07-07-26 MPBMV. DIAMOND STAR I SAILS 154.35 R.P.COKE 12:30 18,055 26.00 0.00"
dtr0707.pdf,2026-07-06,2026-07-07,2026-07-07,2026-07-07T13:00:00,VELOCE,VELOCE,BERTHS,MPB,13:00,229.0,32.24,0.0,C.COAL,50740.0,MGT PRIORITY,5,"07-07-26 MPBMV. VELOCE BERTHS 229.00 C.COAL 13:00 MGT PRIORITY 50,740 32.24 0.00"
dtr0707.pdf,2026-07-06,2026-07-07,2026-07-07,2026-07-07T13:30:00,SANMAR SONGBIRD,SANMAR SONGBIRD,BERTHS,NOJ,13:30,182.5,32.0,9.4,HSD/M.SPIRIT,15582.0,,5,"07-07-26 NOJMT. SANMAR SONGBIRD BERTHS 182.50 HSD/M.SPIRIT 13:30 15,582 32.00 9.40"
dtr0707.pdf,2026-07-06,2026-07-07,2026-07-07,2026-07-07T14:00:00,LIMCO HARMONY,LIMCO HARMONY,SAILS,NQ-2,14:00,108.22,19.6,8.53,GYPSUM,9500.0,,5,"07-07-26 NQ-2MV. LIMCO HARMONY SAILS 108.22 GYPSUM 14:00 9,500 19.60 8.53"
dtr0707.pdf,2026-07-06,2026-07-07,2026-07-07,2026-07-07T14:30:00,ATLANTIC STAR,ATLANTIC STAR,BERTHS,FB-2,14:30,225.0,32.26,12.02,ROCK PHOS.,73500.0,,5,"07-07-26 FB-2MV. ATLANTIC STAR BERTHS 225.00 ROCK PHOS. 14:30 73,500 32.26 0.00 07-07-26 ANCHORAGEMV. PHILOSOPHES SHIFTS 228.90 C.COAL 15:00 ON A/C VESSEL 51,947 32.26 12.02"
dtr0707.pdf,2026-07-06,2026-07-07,2026-07-07,2026-07-07T16:00:00,PEDHOULAS CEDRUS,PEDHOULAS CEDRUS,SAILS,CQ-3,16:00,228.99,32.26,14.0,I.ORE PELLET,75350.0,,5,"07-07-26 CQ-3MV. PEDHOULAS CEDRUS SAILS 228.99 I.ORE PELLET 16:00 75,350 32.26 14.00"
dtr0707.pdf,2026-07-06,2026-07-07,2026-07-07,2026-07-07T16:30:00,MARILITA,MARILITA,BERTHS,CQ-3,16:30,228.99,32.26,14.0,I.ORE PELLET,75000.0,,5,"07-07-26 CQ-3MV. MARILITA BERTHS 228.99 I.ORE PELLET 16:30 75,000 32.26 14.00"
dtr0707.pdf,2026-07-06,2026-07-07,2026-07-07,2026-07-07T17:00:00,LA STELLA,LA STELLA,SAILS,IOB,17:00,199.98,32.26,13.45,I.ORE PELLET,59750.0,,5,"07-07-26 IOBMV. LA STELLA SAILS 199.98 I.ORE PELLET 17:00 59,750 32.24 0.00 07-07-26 IOBMV. OCEANBEAUTY REBERTHS 189.90 TH.COAL 17:30 ON A/C VESSEL 26,060 32.26 13.00 07-07-26 ANCHORAGEMV. ASTRO SIRIUS SHIFTS 199.90 ROCK PHOS. 18:00 ON A/C VESSEL 60,500 32.26 13.45"
dtr0707.pdf,2026-07-06,2026-07-07,2026-07-07,2026-07-07T18:30:00,AVON TRADER,AVON TRADER,SAILS,EQ-2,18:30,229.0,32.26,14.5,TH.COAL,75758.0,,5,"07-07-26 EQ-2MV. AVON TRADER SAILS 229.00 TH.COAL 18:30 75,758 32.26 14.50"
dtr0707.pdf,2026-07-06,2026-07-07,2026-07-07,2026-07-07T19:00:00,GEODREAM,GEODREAM,BERTHS,EQ-2,19:00,199.98,32.26,0.0,TH.COAL,59600.0,,5,"07-07-26 EQ-2MV. GEODREAM BERTHS 199.98 TH.COAL 19:00 59,600 32.26 0.00"
dtr0707.pdf,2026-07-06,2026-07-07,2026-07-07,2026-07-07T19:30:00,ALBATROSS,ALBATROSS,SAILS,KICT,19:30,228.99,32.26,14.45,C.COAL,43453.0,,5,"07-07-26 KICTMV. ALBATROSS SAILS 228.99 C.COAL 19:30 43,453 32.26 14.45"
dtr0707.pdf,2026-07-06,2026-07-07,2026-07-07,2026-07-07T20:00:00,HELLAS GLADIATOR,HELLAS GLADIATOR,SAILS,SOJ,20:00,225.12,36.6,0.0,BUTANE/PROPA NE,6318.0,,5,"07-07-26 SOJMT. HELLAS GLADIATOR SAILS 225.12 BUTANE/PROPA NE 20:00 6,318 36.60 0.00"
dtr0707.pdf,2026-07-06,2026-07-07,2026-07-07,2026-07-07T20:30:00,BASIC EXPLORER,BASIC EXPLORER,BERTHS,KICT,20:30,228.99,32.26,14.58,C.COAL,45000.0,,5,"07-07-26 KICTMV. BASIC EXPLORER BERTHS 228.99 C.COAL 20:30 45,000 32.26 14.58"
dtr0807.pdf,2026-07-07,2026-07-08,2026-07-08,2026-07-08T06:30:00,CRIMSON GLORY,CRIMSON GLORY,SAILS,EQ-3,06:30,189.93,32.26,13.0,TH.COAL,33170.0,,5,"08-07-26 EQ-3MV. CRIMSON GLORY SAILS 189.93 TH.COAL 06:30 33,170 32.26 0.00 08-07-26 IOBMV. OCEANBEAUTY REBERTHS 189.90 TH.COAL 07:30 ON A/C VESSEL 29,440 32.26 13.00"
dtr0807.pdf,2026-07-07,2026-07-08,2026-07-08,2026-07-08T09:36:00,CHOLA SERENITY,CHOLA SERENITY,BERTHS,EQ-3,09:36,224.94,32.26,14.3,TH.COAL,77200.0,,5,"08-07-26 EQ-3MV. CHOLA SERENITY BERTHS 224.94 TH.COAL 09:36 77,200 32.26 0.00 08-07-26 TCMV. BELEZA SHIFTS 225.00 LM. ST. 11:30 ON A/C PORT 73,416 32.26 14.30"
dtr0807.pdf,2026-07-07,2026-07-08,2026-07-08,2026-07-08T12:00:00,NOBLE,NOBLE,BERTHS,SPM-3,12:00,332.88,32.26,14.3,CRUDE OIL,263770.0,,5,"08-07-26 SPM-3MT. NOBLE BERTHS 332.88 CRUDE OIL 12:00 263,770 60.00 22.50 08-07-26 SQMV. GCL NARMADA SHIFTS 253.50 LM. ST. 12:30 ON A/C PORT 104,887 43.00 13.70 08-07-26 CQ-1MV. BELEZA SHIFTS 225.00 LM. ST. 13:00 ON A/C PORT 73,416 32.26 14.30"
dtr0807.pdf,2026-07-07,2026-07-08,2026-07-08,2026-07-08T13:30:00,GOLDEN LILY,GOLDEN LILY,BERTHS,CQ-2,13:30,225.0,32.26,14.2,C.COAL,70100.0,,5,"08-07-26 CQ-2MV. GOLDEN LILY BERTHS 225.00 C.COAL 13:30 70,100 32.26 14.20"
dtr0807.pdf,2026-07-07,2026-07-08,2026-07-08,2026-07-08T14:00:00,CHENNAI VALARCHI,CHENNAI VALARCHI,SAILS,CB-2,14:00,225.0,32.26,14.5,TH.COAL,74049.0,,5,"08-07-26 CB-2MV. CHENNAI VALARCHI SAILS 225.00 TH.COAL 14:00 74,049 32.26 14.50"
dtr0807.pdf,2026-07-07,2026-07-08,2026-07-08,2026-07-08T14:30:00,RIPLEY PROGRESS,RIPLEY PROGRESS,BERTHS,CB-2,14:30,225.0,32.26,14.5,TH.COAL,74000.0,,5,"08-07-26 CB-2MV. RIPLEY PROGRESS BERTHS 225.00 TH.COAL 14:30 74,000 32.26 14.50"
dtr0807.pdf,2026-07-07,2026-07-08,2026-07-08,2026-07-08T15:00:00,SIKINOS,SIKINOS,SAILS,NIOB,15:00,199.99,32.26,11.8,I.ORE,51042.0,,5,"08-07-26 NIOBMV. SIKINOS SAILS 199.99 I.ORE 15:00 51,042 32.26 11.80"
dtr0807.pdf,2026-07-07,2026-07-08,2026-07-08,2026-07-08T15:30:00,DESERT CHALLENGER,DESERT CHALLENGER,BERTHS,NIOB,15:30,193.11,32.26,13.3,I.ORE,60000.0,,5,"08-07-26 NIOBMV. DESERT CHALLENGER BERTHS 193.11 I.ORE 15:30 60,000 32.26 13.30"
dtr0807.pdf,2026-07-07,2026-07-08,2026-07-08,2026-07-08T16:00:00,CHOLA PROSPERITY,CHOLA PROSPERITY,SAILS,CB-1,16:00,225.0,32.26,14.5,TH.COAL,74960.0,,5,"08-07-26 CB-1MV. CHOLA PROSPERITY SAILS 225.00 TH.COAL 16:00 74,960 32.26 14.50"
dtr0807.pdf,2026-07-07,2026-07-08,2026-07-08,2026-07-08T16:30:00,JAL VAIBHAV,JAL VAIBHAV,BERTHS,CB-1,16:30,228.05,36.5,14.5,TH.COAL,79000.0,,5,"08-07-26 CB-1MV. JAL VAIBHAV BERTHS 228.05 TH.COAL 16:30 79,000 36.50 14.50"
dtr0807.pdf,2026-07-07,2026-07-08,2026-07-08,2026-07-08T22:00:00,GEODREAM,GEODREAM,SAILS,EQ-2,22:00,199.98,32.26,0.0,TH.COAL,59900.0,,5,"08-07-26 EQ-2MV. GEODREAM SAILS 199.98 TH.COAL 22:00 59,900 32.26 0.00"
dtr0807.pdf,2026-07-07,2026-07-08,2026-07-08,2026-07-08T23:00:00,BASIC EXPLORER,BASIC EXPLORER,SAILS,KICT,23:00,228.99,32.26,14.58,C.COAL,44794.0,,5,"08-07-26 KICTMV. BASIC EXPLORER SAILS 228.99 C.COAL 23:00 44,794 32.26 14.58"
dtr0807.pdf,2026-07-07,2026-07-08,2026-07-08,2026-07-08T23:30:00,HORIZON II,HORIZON II,BERTHS,KICT,23:30,255.26,42.99,15.05,H COAL/PCI COAL,110000.0,,5,"08-07-26 KICTMV. HORIZON II BERTHS 255.26 H COAL/PCI COAL 23:30 110,000 42.99 15.05"
dtr0907.pdf,2026-07-08,2026-07-09,2026-07-09,2026-07-09T03:50:00,BALBOA,BALBOA,BERTHS,EQ-2,03:50,229.0,32.26,14.5,TH.COAL,76110.0,,5,"09-07-26 EQ-2MV. BALBOA BERTHS 229.00 TH.COAL 03:50 76,110 32.26 14.50"
dtr0907.pdf,2026-07-08,2026-07-09,2026-07-09,2026-07-09T04:36:00,ECO ORACLE,ECO ORACLE,BERTHS,FB-1,04:36,179.86,28.7,10.75,AMMONIA,12500.0,,5,"09-07-26 FB-1MT. ECO ORACLE BERTHS 179.86 AMMONIA 04:36 12,500 28.70 10.75"
dtr0807.pdf,2026-07-07,2026-07-08,2026-07-09,2026-07-09T06:00:00,BELEZA,BELEZA,SAILS,CQ-1,06:00,225.0,32.26,14.3,LM. ST.,73416.0,,5,"09-07-26 CQ-1MV. BELEZA SAILS 225.00 LM. ST. 06:00 73,416 32.26 14.30"
dtr0807.pdf,2026-07-07,2026-07-08,2026-07-09,2026-07-09T06:30:00,KERKYRA I,KERKYRA I,BERTHS,CQ-1,06:30,229.0,32.26,12.01,C.COAL,50000.0,,5,"09-07-26 CQ-1MV. KERKYRA I BERTHS 229.00 C.COAL 06:30 50,000 32.26 12.01"
dtr0807.pdf,2026-07-07,2026-07-08,2026-07-09,2026-07-09T08:00:00,MSC AKITETA II,MSC AKITETA II,SAILS,PICT,08:00,195.6,30.2,0.0,CONTAINER,1155.0,,5,"09-07-26 PICTMV. MSC AKITETA II SAILS 195.60 CONTAINER 08:00 1,155 30.20 0.00"
dtr0807.pdf,2026-07-07,2026-07-08,2026-07-09,2026-07-09T08:30:00,SSL THAMIRABARANI,SSL THAMIRABARANI,BERTHS,PICT,08:30,142.7,22.6,0.0,CONTAINER,8724.0,,5,"09-07-26 PICTMV. SSL THAMIRABARANI BERTHS 142.70 CONTAINER 08:30 8,724 22.60 0.00"
dtr0807.pdf,2026-07-07,2026-07-08,2026-07-09,2026-07-09T09:00:00,MARILITA,MARILITA,SAILS,CQ-3,09:00,228.99,32.26,14.0,I.ORE PELLET,75800.0,,5,"09-07-26 CQ-3MV. MARILITA SAILS 228.99 I.ORE PELLET 09:00 75,800 32.26 14.00"
dtr0907.pdf,2026-07-08,2026-07-09,2026-07-09,2026-07-09T10:00:00,MARILITA,MARILITA,SAILS,CQ-3,10:00,228.99,32.26,14.0,I.ORE PELLET,75800.0,,5,"09-07-26 CQ-3MV. MARILITA SAILS 228.99 I.ORE PELLET 10:00 75,800 32.26 14.00"
dtr0907.pdf,2026-07-08,2026-07-09,2026-07-09,2026-07-09T11:00:00,PLATA CARRIER,PLATA CARRIER,BERTHS,SPM-3,11:00,332.95,58.07,21.5,CRUDE OIL,273412.0,,5,"09-07-26 SPM-3MT. PLATA CARRIER BERTHS 332.95 CRUDE OIL 11:00 273,412 58.07 21.50"
dtr0907.pdf,2026-07-08,2026-07-09,2026-07-09,2026-07-09T11:30:00,BELEZA,BELEZA,SAILS,CQ-1,11:30,225.0,32.26,14.3,LM. ST.,73416.0,,5,"09-07-26 CQ-1MV. BELEZA SAILS 225.00 LM. ST. 11:30 73,416 32.26 14.30"
dtr0907.pdf,2026-07-08,2026-07-09,2026-07-09,2026-07-09T12:00:00,KERKYRA I,KERKYRA I,BERTHS,CQ-1,12:00,229.0,32.26,12.01,C.COAL,50000.0,,5,"09-07-26 CQ-1MV. KERKYRA I BERTHS 229.00 C.COAL 12:00 50,000 32.26 12.01"
dtr0907.pdf,2026-07-08,2026-07-09,2026-07-09,2026-07-09T14:00:00,MSC AKITETA II,MSC AKITETA II,SAILS,PICT,14:00,195.6,30.2,0.0,CONTAINER,1155.0,,5,"09-07-26 PICTMV. MSC AKITETA II SAILS 195.60 CONTAINER 14:00 1,155 30.20 0.00"
dtr0907.pdf,2026-07-08,2026-07-09,2026-07-09,2026-07-09T14:30:00,SSL THAMIRABARANI,SSL THAMIRABARANI,BERTHS,PICT,14:30,142.7,22.6,0.0,CONTAINER,8724.0,,5,"09-07-26 PICTMV. SSL THAMIRABARANI BERTHS 142.70 CONTAINER 14:30 8,724 22.60 0.00"
dtr0907.pdf,2026-07-08,2026-07-09,2026-07-09,2026-07-09T15:00:00,CHOLA SERENITY,CHOLA SERENITY,SAILS,EQ-3,15:00,224.94,32.26,0.0,TH.COAL,75200.0,,5,"09-07-26 EQ-3MV. CHOLA SERENITY SAILS 224.94 TH.COAL 15:00 75,200 32.26 0.00 09-07-26 ANCHORAGEMV. ATLANTIC STAR SHIFTS 225.00 ROCK PHOS. 16:00 ON A/C IFFCO 73,500 32.26 0.00"
dtr0907.pdf,2026-07-08,2026-07-09,2026-07-09,2026-07-09T16:30:00,ULTRA OCELOT,ULTRA OCELOT,SAILS,PICT-2,16:30,229.0,32.26,7.5,PIG IRON,66000.0,,5,"09-07-26 PICT-2MV. ULTRA OCELOT SAILS 229.00 PIG IRON 16:30 66,000 32.26 7.50"
dtr0907.pdf,2026-07-08,2026-07-09,2026-07-09,2026-07-09T17:00:00,AFRICAN PARROT,AFRICAN PARROT,BERTHS,PICT-2,17:00,199.98,32.26,14.5,PIG IRON,30000.0,,5,"09-07-26 PICT-2MV. AFRICAN PARROT BERTHS 199.98 PIG IRON 17:00 30,000 32.24 6.50 09-07-26 EQ-3MV. RIPLEY PROGRESS SHIFTS 225.00 TH.COAL 17:30 ON A/C PORT 41,800 32.26 14.50"
dtr0907.pdf,2026-07-08,2026-07-09,2026-07-09,2026-07-09T18:00:00,APJ SETHU,APJ SETHU,BERTHS,CB-2,18:00,224.86,32.26,0.0,TH.COAL,75000.0,,5,"09-07-26 CB-2MV. APJ SETHU BERTHS 224.86 TH.COAL 18:00 75,000 32.26 0.00"
dtr0907.pdf,2026-07-08,2026-07-09,2026-07-09,2026-07-09T20:00:00,BERLIAN EKUATOR,BERLIAN EKUATOR,BERTHS,FB-2,20:00,169.9,27.4,10.7,AMMONIA,10495.0,,5,"09-07-26 FB-2MT. BERLIAN EKUATOR BERTHS 169.90 AMMONIA 20:00 10,495 27.40 10.70"
dtr0907.pdf,2026-07-08,2026-07-09,2026-07-09,2026-07-09T22:00:00,OCEANBEAUTY,OCEANBEAUTY,SAILS,IOB,22:00,189.9,32.26,13.0,TH.COAL,29440.0,,5,"09-07-26 IOBMV. OCEANBEAUTY SAILS 189.90 TH.COAL 22:00 29,440 32.26 13.00"
dtr0907.pdf,2026-07-08,2026-07-09,2026-07-09,2026-07-09T22:30:00,VISHVA VIKAS,VISHVA VIKAS,BERTHS,IOB,22:30,190.0,32.26,13.0,TH.COAL,57000.0,,5,"09-07-26 IOBMV. VISHVA VIKAS BERTHS 190.00 TH.COAL 22:30 57,000 32.26 13.00"
dtr0907.pdf,2026-07-08,2026-07-09,2026-07-09,2026-07-09T23:00:00,SANMAR SONGBIRD,SANMAR SONGBIRD,SAILS,NOJ,23:00,182.5,32.0,9.4,HSD/M.SPIRIT,15500.0,,5,"09-07-26 NOJMT. SANMAR SONGBIRD SAILS 182.50 HSD/M.SPIRIT 23:00 15,500 32.00 9.40"
dtr0907.pdf,2026-07-08,2026-07-09,2026-07-09,2026-07-09T23:30:00,SOPRANO SERENE,SOPRANO SERENE,BERTHS,NOJ,23:30,179.88,32.23,11.8,HSD/M.SPIRIT,19500.0,,5,"09-07-26 NOJMT. SOPRANO SERENE BERTHS 179.88 HSD/M.SPIRIT 23:30 19,500 32.23 11.80"
dtr0907.pdf,2026-07-08,2026-07-09,2026-07-10,2026-07-10T01:00:00,DESERT CHALLENGER,DESERT CHALLENGER,SAILS,NIOB,01:00,193.11,32.26,13.3,I.ORE,59320.0,,5,"10-07-26 NIOBMV. DESERT CHALLENGER SAILS 193.11 I.ORE 01:00 59,320 32.26 13.30"
dtr0907.pdf,2026-07-08,2026-07-09,2026-07-10,2026-07-10T01:30:00,ASTRO SIRIUS,ASTRO SIRIUS,BERTHS,NIOB,01:30,199.9,32.26,13.3,I.ORE,60000.0,,5,"10-07-26 NIOBMV. ASTRO SIRIUS BERTHS 199.90 I.ORE 01:30 60,000 32.26 13.30"
dtr0907.pdf,2026-07-08,2026-07-09,2026-07-10,2026-07-10T04:00:00,DESPOTIKO,DESPOTIKO,BERTHS,WD,04:00,292.0,45.0,11.56,C.COAL,72000.0,,5,"10-07-26 WDMV. DESPOTIKO BERTHS 292.00 C.COAL 04:00 72,000 45.00 11.56"
dtr0907.pdf,2026-07-08,2026-07-09,2026-07-10,2026-07-10T07:00:00,JAL VAIBHAV,JAL VAIBHAV,SAILS,CB-1,07:00,228.05,36.5,14.5,TH.COAL,79500.0,,5,"10-07-26 CB-1MV. JAL VAIBHAV SAILS 228.05 TH.COAL 07:00 79,500 36.50 14.50"
dtr0907.pdf,2026-07-08,2026-07-09,2026-07-10,2026-07-10T07:30:00,FLORA,FLORA,BERTHS,CB-1,07:30,229.0,32.26,14.5,TH.COAL,75000.0,,5,"10-07-26 CB-1MV. FLORA BERTHS 229.00 TH.COAL 07:30 75,000 32.26 14.50"
dtr1007.pdf,2026-07-09,2026-07-10,2026-07-10,2026-07-10T07:45:00,DESPOTIKO,DESPOTIKO,BERTHS,WD,07:45,292.0,45.0,11.59,C.COAL,72000.0,,6,"10-07-26 WDMV. DESPOTIKO BERTHS 292.00 C.COAL 07:45 72,000 45.00 11.59"
dtr0907.pdf,2026-07-08,2026-07-09,2026-07-10,2026-07-10T08:00:00,BRAVEHEART I,BRAVEHEART I,BERTHS,CQ-3,08:00,228.99,28.7,10.75,I.ORE PELLET,75000.0,,5,"10-07-26 CQ-3MV. BRAVEHEART I BERTHS 228.99 I.ORE PELLET 08:00 75,000 32.26 14.00 10-07-26 ANCHORAGEMT. ECO ORACLE SHIFTS 179.86 AMMONIA 10:00 ON A/C PPL 12,500 28.70 10.75"
dtr1007.pdf,2026-07-09,2026-07-10,2026-07-10,2026-07-10T08:09:00,ASTRO SIRIUS,ASTRO SIRIUS,BERTHS,NIOB,08:09,199.9,32.26,13.3,I.ORE,60000.0,,6,"10-07-26 NIOBMV. ASTRO SIRIUS BERTHS 199.90 I.ORE 08:09 60,000 32.26 13.30"
dtr1007.pdf,2026-07-09,2026-07-10,2026-07-10,2026-07-10T10:30:00,BRAVEHEART I,BRAVEHEART I,BERTHS,CQ-3,10:30,228.99,32.26,14.0,I.ORE PELLET,75000.0,,6,"10-07-26 CQ-3MV. BRAVEHEART I BERTHS 228.99 I.ORE PELLET 10:30 75,000 32.26 14.00"
dtr0907.pdf,2026-07-08,2026-07-09,2026-07-10,2026-07-10T10:30:00,CENTURION ROMULUS,CENTURION ROMULUS,BERTHS,FB-1,10:30,199.95,32.26,13.32,ROCK PHOS.,60500.0,,5,"10-07-26 FB-1MV. CENTURION ROMULUS BERTHS 199.95 ROCK PHOS. 10:30 60,500 32.26 13.32"
dtr1007.pdf,2026-07-09,2026-07-10,2026-07-10,2026-07-10T11:00:00,JAL VAIBHAV,JAL VAIBHAV,SAILS,CB-1,11:00,228.05,36.5,14.5,TH.COAL,79000.0,,6,"10-07-26 CB-1MV. JAL VAIBHAV SAILS 228.05 TH.COAL 11:00 79,000 36.50 14.50"
dtr1007.pdf,2026-07-09,2026-07-10,2026-07-10,2026-07-10T11:30:00,FLORA,FLORA,BERTHS,CB-1,11:30,229.0,32.26,14.5,TH.COAL,75000.0,,6,"10-07-26 CB-1MV. FLORA BERTHS 229.00 TH.COAL 11:30 75,000 32.26 14.50"
dtr1007.pdf,2026-07-09,2026-07-10,2026-07-10,2026-07-10T13:00:00,VELOCE,VELOCE,SAILS,MPB,13:00,229.0,32.24,0.0,C.COAL,50740.0,,6,"10-07-26 MPBMV. VELOCE SAILS 229.00 C.COAL 13:00 50,740 32.24 0.00"
dtr1007.pdf,2026-07-09,2026-07-10,2026-07-10,2026-07-10T13:30:00,VISHVA VIJAY,VISHVA VIJAY,BERTHS,MPB,13:30,229.0,28.7,10.75,H COAL,45000.0,MGT PRIORITY,6,"10-07-26 MPBMV. VISHVA VIJAY BERTHS 229.00 H COAL 13:30 MGT PRIORITY 45,000 32.24 14.45 10-07-26 ANCHORAGEMT. ECO ORACLE SHIFTS 179.86 AMMONIA 14:00 ON A/C PPL 12,500 28.70 10.75"
dtr1007.pdf,2026-07-09,2026-07-10,2026-07-10,2026-07-10T14:30:00,CENTURION ROMULUS,CENTURION ROMULUS,BERTHS,FB-1,14:30,199.95,32.26,13.32,ROCK PHOS.,60500.0,,6,"10-07-26 FB-1MV. CENTURION ROMULUS BERTHS 199.95 ROCK PHOS. 14:30 60,500 32.26 13.32"
dtr1007.pdf,2026-07-09,2026-07-10,2026-07-10,2026-07-10T15:00:00,BERLIAN EKUATOR,BERLIAN EKUATOR,SAILS,FB-2,15:00,169.9,27.4,10.7,AMMONIA,10496.0,,6,"10-07-26 FB-2MT. BERLIAN EKUATOR SAILS 169.90 AMMONIA 15:00 10,496 27.40 10.70"
dtr1007.pdf,2026-07-09,2026-07-10,2026-07-10,2026-07-10T15:30:00,AE SATURN,AE SATURN,BERTHS,FB-2,15:30,189.99,32.26,12.2,SULPHUR,51380.0,,6,"10-07-26 FB-2MV. AE SATURN BERTHS 189.99 SULPHUR 15:30 51,380 32.26 12.20"
dtr1007.pdf,2026-07-09,2026-07-10,2026-07-10,2026-07-10T16:00:00,RIPLEY PROGRESS,RIPLEY PROGRESS,SAILS,EQ-3,16:00,225.0,32.26,14.5,TH.COAL,74400.0,,6,"10-07-26 EQ-3MV. RIPLEY PROGRESS SAILS 225.00 TH.COAL 16:00 74,400 32.26 14.50"
dtr1007.pdf,2026-07-09,2026-07-10,2026-07-10,2026-07-10T16:30:00,SAROCHA NAREE,SAROCHA NAREE,BERTHS,EQ-3,16:30,194.85,32.26,14.5,TH.COAL,61000.0,,6,"10-07-26 EQ-3MV. SAROCHA NAREE BERTHS 194.85 TH.COAL 16:30 61,000 32.26 14.50"
dtr1007.pdf,2026-07-09,2026-07-10,2026-07-10,2026-07-10T19:30:00,AFRICAN SJB,AFRICAN SJB,BERTHS,PICT,19:30,180.11,42.99,15.05,STEEL SLAB,32000.0,,6,"10-07-26 PICTMV. AFRICAN SJB BERTHS 180.11 STEEL SLAB 19:30 32,000 30.00 10.10 11-07-26 ANCHORAGEMV. HORIZON II SHIFTS 255.26 H COAL/PCI COAL 02:00 ON A/C VESSEL 110,000 42.99 15.05"
dtr1007.pdf,2026-07-09,2026-07-10,2026-07-11,2026-07-11T02:30:00,MARAN VIRTUE,MARAN VIRTUE,BERTHS,KICT,02:30,292.0,32.26,14.5,C.COAL,152750.0,,6,"11-07-26 KICTMV. MARAN VIRTUE BERTHS 292.00 C.COAL 02:30 152,750 45.00 16.50 11-07-26 ANCHORAGEMV. BALBOA SHIFTS 229.00 TH.COAL 03:00 ON A/C SEPC 64,500 32.26 14.50"
dtr1007.pdf,2026-07-09,2026-07-10,2026-07-11,2026-07-11T03:30:00,AESCHYLUS GRAECIA,AESCHYLUS GRAECIA,BERTHS,EQ-2,03:30,229.0,32.26,0.0,TH.COAL,77000.0,,6,"11-07-26 EQ-2MV. AESCHYLUS GRAECIA BERTHS 229.00 TH.COAL 03:30 77,000 32.26 0.00"
dtr1007.pdf,2026-07-09,2026-07-10,2026-07-11,2026-07-11T06:00:00,APJ SETHU,APJ SETHU,SAILS,CB-2,06:00,224.86,32.26,0.0,TH.COAL,80082.0,,6,"11-07-26 CB-2MV. APJ SETHU SAILS 224.86 TH.COAL 06:00 80,082 32.26 0.00"
dtr1007.pdf,2026-07-09,2026-07-10,2026-07-11,2026-07-11T06:30:00,APJ ANGAD 2,APJ ANGAD 2,BERTHS,CB-2,06:30,224.94,32.26,14.5,TH.COAL,75000.0,,6,"11-07-26 CB-2MV. APJ ANGAD 2 BERTHS 224.94 TH.COAL 06:30 75,000 32.26 14.50"
dtr1107.pdf,2026-07-10,2026-07-11,2026-07-11,2026-07-11T08:12:00,APJ SETHU,APJ SETHU,SAILS,CB-2,08:12,224.86,22.46,0.0,TH.COAL,80092.0,,6,"11-07-26 CB-2MV. APJ SETHU SAILS 224.86 TH.COAL 08:12 80,092 32.26 0.00 11-07-26 ANCHORAGEMV. THSD ANTIGOON SHIFTS 115.00 NO 08:20 ON A/C VESSEL 22.46 0.00"
dtr1107.pdf,2026-07-10,2026-07-11,2026-07-11,2026-07-11T10:00:00,APJ ANGAD 2,APJ ANGAD 2,BERTHS,CB-2,10:00,224.94,42.99,15.05,TH.COAL,75000.0,,6,"11-07-26 CB-2MV. APJ ANGAD 2 BERTHS 224.94 TH.COAL 10:00 75,000 32.26 14.50 11-07-26 ANCHORAGEMV. HORIZON II SHIFTS 255.26 H COAL/PCI COAL 10:15 ON A/C VESSEL 110,000 42.99 15.05"
dtr1107.pdf,2026-07-10,2026-07-11,2026-07-11,2026-07-11T11:00:00,MARAN VIRTUE,MARAN VIRTUE,BERTHS,KICT,11:00,292.0,45.0,16.5,C.COAL,152750.0,,6,"11-07-26 KICTMV. MARAN VIRTUE BERTHS 292.00 C.COAL 11:00 152,750 45.00 16.50"
dtr1107.pdf,2026-07-10,2026-07-11,2026-07-11,2026-07-11T11:30:00,GANESHWAR,GANESHWAR,SAILS,NQ-3,11:30,72.0,14.0,3.0,GYPSUM,3820.0,,6,"11-07-26 NQ-3MV. GANESHWAR SAILS 72.00 GYPSUM 11:30 3,820 14.00 3.00"
dtr1107.pdf,2026-07-10,2026-07-11,2026-07-11,2026-07-11T12:00:00,NOBLE,NOBLE,BERTHS,SPM,12:00,332.88,60.0,22.5,CRUDE OIL,263770.0,,6,"11-07-26 SPMMT. NOBLE BERTHS 332.88 CRUDE OIL 12:00 263,770 60.00 22.50"
dtr1107.pdf,2026-07-10,2026-07-11,2026-07-11,2026-07-11T12:30:00,SOPRANO SERENE,SOPRANO SERENE,SAILS,NOJ,12:30,179.88,32.23,11.8,HSD/M.SPIRIT,19500.0,,6,"11-07-26 NOJMT. SOPRANO SERENE SAILS 179.88 HSD/M.SPIRIT 12:30 19,500 32.23 11.80"
dtr1107.pdf,2026-07-10,2026-07-11,2026-07-11,2026-07-11T13:30:00,KESTREL,KESTREL,BERTHS,NOJ,13:30,182.5,32.2,8.7,F.O,21210.0,,6,"11-07-26 NOJMT. KESTREL BERTHS 182.50 F.O 13:30 21,210 32.20 8.70"
dtr1107.pdf,2026-07-10,2026-07-11,2026-07-11,2026-07-11T15:00:00,HARI ANAND,HARI ANAND,BERTHS,SOJ,15:00,180.55,32.23,10.5,HSD/M.SPIRIT,19000.0,,6,"11-07-26 SOJMT. HARI ANAND BERTHS 180.55 HSD/M.SPIRIT 15:00 19,000 32.23 10.50"
dtr1107.pdf,2026-07-10,2026-07-11,2026-07-11,2026-07-11T16:00:00,ASTRO SIRIUS,ASTRO SIRIUS,SAILS,NIOB,16:00,199.9,32.26,13.3,I.ORE,61825.0,,6,"11-07-26 NIOBMV. ASTRO SIRIUS SAILS 199.90 I.ORE 16:00 61,825 32.26 13.30"
dtr1107.pdf,2026-07-10,2026-07-11,2026-07-11,2026-07-11T17:00:00,PLATA CARRIER,PLATA CARRIER,SAILS,SPM-3,17:00,332.95,32.26,12.02,CRUDE OIL,277091.0,,6,"11-07-26 SPM-3MT. PLATA CARRIER SAILS 332.95 CRUDE OIL 17:00 277,091 58.07 21.50 11-07-26 ANCHORAGEMV. KERKYRA I SHIFTS 229.00 C.COAL 17:30 ON A/C VESSEL 50,000 32.26 12.01 11-07-26 CQ-1MV. PHILOSOPHES REBERTHS 228.90 C.COAL 18:00 ON A/C VESSEL 51,947 32.26 12.02"
dtr1107.pdf,2026-07-10,2026-07-11,2026-07-11,2026-07-11T18:30:00,BALBOA,BALBOA,SAILS,EQ-2,18:30,229.0,32.26,14.5,TH.COAL,64500.0,,6,"11-07-26 EQ-2MV. BALBOA SAILS 229.00 TH.COAL 18:30 64,500 32.26 14.50"
dtr1107.pdf,2026-07-10,2026-07-11,2026-07-11,2026-07-11T19:00:00,AESCHYLUS GRAECIA,AESCHYLUS GRAECIA,BERTHS,EQ-2,19:00,229.0,32.26,0.0,TH.COAL,77000.0,,6,"11-07-26 EQ-2MV. AESCHYLUS GRAECIA BERTHS 229.00 TH.COAL 19:00 77,000 32.26 0.00"
dtr1107.pdf,2026-07-10,2026-07-11,2026-07-11,2026-07-11T21:30:00,FLORA,FLORA,SAILS,CB-1,21:30,229.0,32.26,14.5,TH.COAL,79745.0,,6,"11-07-26 CB-1MV. FLORA SAILS 229.00 TH.COAL 21:30 79,745 32.26 14.50"
dtr1107.pdf,2026-07-10,2026-07-11,2026-07-11,2026-07-11T22:00:00,ALBATROSS,ALBATROSS,BERTHS,CB-1,22:00,228.99,32.26,0.0,TH.COAL,79000.0,,6,"11-07-26 CB-1MV. ALBATROSS BERTHS 228.99 TH.COAL 22:00 79,000 32.26 0.00"
dtr1107.pdf,2026-07-10,2026-07-11,2026-07-11,2026-07-11T22:30:00,BRAVEHEART I,BRAVEHEART I,SAILS,CQ-3,22:30,228.99,32.26,14.0,I.ORE PELLET,76500.0,,6,"11-07-26 CQ-3MV. BRAVEHEART I SAILS 228.99 I.ORE PELLET 22:30 76,500 32.26 14.00"
dtr1107.pdf,2026-07-10,2026-07-11,2026-07-11,2026-07-11T23:00:00,LIMNIONAS,LIMNIONAS,BERTHS,CQ-3,23:00,229.0,38.0,14.0,I.ORE PELLET,75000.0,,6,"11-07-26 CQ-3MV. LIMNIONAS BERTHS 229.00 I.ORE PELLET 23:00 75,000 38.00 14.00"
dtr1107.pdf,2026-07-10,2026-07-11,2026-07-12,2026-07-12T02:00:00,GOLDEN LILY,GOLDEN LILY,SAILS,CQ-2,02:00,225.0,32.26,14.2,C.COAL,70100.0,,6,"12-07-26 CQ-2MV. GOLDEN LILY SAILS 225.00 C.COAL 02:00 70,100 32.26 14.20"
dtr1107.pdf,2026-07-10,2026-07-11,2026-07-12,2026-07-12T03:00:00,MARIBLUE,MARIBLUE,BERTHS,CQ-2,03:00,189.99,32.25,13.0,I.ORE,55000.0,,6,"12-07-26 CQ-2MV. MARIBLUE BERTHS 189.99 I.ORE 03:00 55,000 32.25 13.00"
dtr1107.pdf,2026-07-10,2026-07-11,2026-07-12,2026-07-12T04:00:00,SAROCHA NAREE,SAROCHA NAREE,SAILS,EQ-3,04:00,194.85,32.26,14.5,TH.COAL,61400.0,,6,"12-07-26 EQ-3MV. SAROCHA NAREE SAILS 194.85 TH.COAL 04:00 61,400 32.26 14.50"
dtr1207.pdf,2026-07-11,2026-07-12,2026-07-12,2026-07-12T09:00:00,SAROCHA NAREE,SAROCHA NAREE,SAILS,EQ-3,09:00,194.85,32.26,14.5,TH.COAL,61400.0,,6,"12-07-26 EQ-3MV. SAROCHA NAREE SAILS 194.85 TH.COAL 09:00 61,400 32.26 14.50"
dtr1207.pdf,2026-07-11,2026-07-12,2026-07-12,2026-07-12T10:00:00,RIPLEY PINNACLE,RIPLEY PINNACLE,BERTHS,EQ-3,10:00,225.0,32.26,14.5,TH.COAL,75000.0,,6,"12-07-26 EQ-3MV. RIPLEY PINNACLE BERTHS 225.00 TH.COAL 10:00 75,000 32.26 14.50"
dtr1107.pdf,2026-07-10,2026-07-11,2026-07-12,2026-07-12T10:00:00,VISHVA VIKAS,VISHVA VIKAS,SAILS,IOB,10:00,190.0,32.26,13.0,TH.COAL,54900.0,,6,"12-07-26 IOBMV. VISHVA VIKAS SAILS 190.00 TH.COAL 10:00 54,900 32.26 13.00"
dtr1107.pdf,2026-07-10,2026-07-11,2026-07-12,2026-07-12T10:30:00,RUI NING 7,RUI NING 7,BERTHS,IOB,10:30,190.0,32.26,13.0,I.ORE,50000.0,,6,"12-07-26 IOBMV. RUI NING 7 BERTHS 190.00 I.ORE 10:30 50,000 32.26 13.00"
dtr1207.pdf,2026-07-11,2026-07-12,2026-07-12,2026-07-12T11:00:00,VISHVA VIKAS,VISHVA VIKAS,SAILS,IOB,11:00,190.0,32.26,13.0,TH.COAL,54900.0,,6,"12-07-26 IOBMV. VISHVA VIKAS SAILS 190.00 TH.COAL 11:00 54,900 32.26 13.00"
dtr1207.pdf,2026-07-11,2026-07-12,2026-07-12,2026-07-12T11:30:00,RUI NING 7,RUI NING 7,BERTHS,IOB,11:30,190.0,10.36,0.0,I.ORE,50000.0,,6,"12-07-26 IOBMV. RUI NING 7 BERTHS 190.00 I.ORE 11:30 50,000 32.26 13.00 12-07-26 NQ-1MT. VAMSEE SHIFTS 69.81 NO 12:00 ON A/C VESSEL 11.50 3.40 12-07-26 NQ-1MT. OSL TANKER II SHIFTS 49.30 NO 13:00 ON A/C VESSEL 10.36 0.00"
dtr1207.pdf,2026-07-11,2026-07-12,2026-07-12,2026-07-12T14:30:00,APJ ANGAD 2,APJ ANGAD 2,SAILS,CB-2,14:30,224.94,32.26,14.5,TH.COAL,75050.0,,6,"12-07-26 CB-2MV. APJ ANGAD 2 SAILS 224.94 TH.COAL 14:30 75,050 32.26 14.50"
dtr1207.pdf,2026-07-11,2026-07-12,2026-07-12,2026-07-12T15:30:00,CHOLA LEGACY,CHOLA LEGACY,BERTHS,CB-2,15:30,228.99,32.26,0.0,TH.COAL,69000.0,,6,"12-07-26 CB-2MV. CHOLA LEGACY BERTHS 228.99 TH.COAL 15:30 69,000 32.26 0.00"
dtr1207.pdf,2026-07-11,2026-07-12,2026-07-12,2026-07-12T20:00:00,AFRICAN PARROT,AFRICAN PARROT,SAILS,PICT-2,20:00,199.98,32.24,6.64,PIG IRON,32500.0,,6,"12-07-26 PICT-2MV. AFRICAN PARROT SAILS 199.98 PIG IRON 20:00 32,500 32.24 6.64"
dtr1207.pdf,2026-07-11,2026-07-12,2026-07-12,2026-07-12T21:00:00,HE SHENG DONG FANG,HE SHENG DONG FANG,BERTHS,PICT-2,21:00,189.99,28.5,9.6,S.COIL,30115.0,,6,"12-07-26 PICT-2MV. HE SHENG DONG FANG BERTHS 189.99 S.COIL 21:00 30,115 28.50 9.60"
dtr1207.pdf,2026-07-11,2026-07-12,2026-07-13,2026-07-13T01:00:00,AE SATURN,AE SATURN,SAILS,FB-2,01:00,189.99,32.26,0.0,SULPHUR,51381.0,,6,"13-07-26 FB-2MV. AE SATURN SAILS 189.99 SULPHUR 01:00 51,381 32.26 12.20 13-07-26 FB-2MV. ATLANTIC STAR REBERTHS 225.00 ROCK PHOS. 02:00 ON A/C IFFCO 73,500 32.26 0.00"
dtr1207.pdf,2026-07-11,2026-07-12,2026-07-13,2026-07-13T06:00:00,GCL NARMADA,GCL NARMADA,SAILS,SQ,06:00,253.5,43.0,13.7,LM. ST.,104887.0,,6,"13-07-26 SQMV. GCL NARMADA SAILS 253.50 LM. ST. 06:00 104,887 43.00 13.70"
dtr1207.pdf,2026-07-11,2026-07-12,2026-07-13,2026-07-13T06:15:00,MARIEL,MARIEL,BERTHS,SPM-3,06:15,274.0,32.25,13.0,CRUDE OIL,98036.0,,6,"13-07-26 SPM-3MT. MARIEL BERTHS 274.00 CRUDE OIL 06:15 98,036 48.08 0.00 13-07-26 SQMV. MARIBLUE SHIFTS 189.99 I.ORE 06:30 ON A/C PORT 54,200 32.25 13.00"
dtr1207.pdf,2026-07-11,2026-07-12,2026-07-13,2026-07-13T07:00:00,PHILOSOPHES,PHILOSOPHES,SAILS,CQ-1,07:00,228.9,32.26,12.02,C.COAL,24081.0,,6,"13-07-26 CQ-1MV. PHILOSOPHES SAILS 228.90 C.COAL 07:00 24,081 32.26 12.02"
dtr1207.pdf,2026-07-11,2026-07-12,2026-07-13,2026-07-13T07:30:00,ORMOND,ORMOND,BERTHS,CQ-1,07:30,292.0,45.0,11.28,C.COAL,48667.0,PRIORITY BERTHING,6,"13-07-26 CQ-1MV. ORMOND BERTHS 292.00 C.COAL 07:30 PRIORITY BERTHING 48,667 45.00 11.28"
dtr1307.pdf,2026-07-12,2026-07-13,2026-07-13,2026-07-13T07:42:00,HE SHENG DONG FANG,HE SHENG DONG FANG,BERTHS,PICT-2,07:42,189.99,28.5,9.7,S.COIL,30115.0,,5,"13-07-26 PICT-2MV. HE SHENG DONG FANG BERTHS 189.99 S.COIL 07:42 30,115 28.50 9.70"
dtr1207.pdf,2026-07-11,2026-07-12,2026-07-13,2026-07-13T08:00:00,ALBATROSS,ALBATROSS,SAILS,CB-1,08:00,228.99,42.99,14.5,TH.COAL,78800.0,,6,"13-07-26 CB-1MV. ALBATROSS SAILS 228.99 TH.COAL 08:00 78,800 32.26 0.00 13-07-26 CB-1MV. HORIZON II REBERTHS 255.26 TH.COAL 08:30 ON A/C VESSEL 42.99 14.50"
dtr1307.pdf,2026-07-12,2026-07-13,2026-07-13,2026-07-13T08:12:00,GCL NARMADA,GCL NARMADA,SAILS,SQ,08:12,253.5,43.0,13.7,LM. ST.,104887.0,,5,"13-07-26 SQMV. GCL NARMADA SAILS 253.50 LM. ST. 08:12 104,887 43.00 13.70"
dtr1307.pdf,2026-07-12,2026-07-13,2026-07-13,2026-07-13T08:42:00,AE SATURN,AE SATURN,SAILS,FB-2,08:42,189.99,32.26,12.2,SULPHUR,51381.0,,5,"13-07-26 FB-2MV. AE SATURN SAILS 189.99 SULPHUR 08:42 51,381 32.26 12.20"
dtr1207.pdf,2026-07-11,2026-07-12,2026-07-13,2026-07-13T09:00:00,LIMNIONAS,LIMNIONAS,SAILS,CQ-3,09:00,229.0,38.0,14.0,I.ORE PELLET,82450.0,,6,"13-07-26 CQ-3MV. LIMNIONAS SAILS 229.00 I.ORE PELLET 09:00 82,450 38.00 14.00"
dtr1207.pdf,2026-07-11,2026-07-12,2026-07-13,2026-07-13T10:00:00,HARI ANAND,HARI ANAND,SAILS,SOJ,10:00,180.55,32.23,10.5,HSD/M.SPIRIT,30000.0,,6,"13-07-26 SOJMT. HARI ANAND SAILS 180.55 HSD/M.SPIRIT 10:00 30,000 32.23 10.50"
dtr1307.pdf,2026-07-12,2026-07-13,2026-07-13,2026-07-13T10:00:00,MARIEL,MARIEL,BERTHS,SPM-3,10:00,274.0,32.25,13.0,CRUDE OIL,98036.0,,5,"13-07-26 SPM-3MT. MARIEL BERTHS 274.00 CRUDE OIL 10:00 98,036 48.08 0.00 13-07-26 FB-2MV. ATLANTIC STAR REBERTHS 225.00 ROCK PHOS. 10:45 ON A/C IFFCO 73,500 32.26 0.00 13-07-26 NIOBMV. MARIBLUE SHIFTS 189.99 I.ORE 11:12 ON A/C PORT 54,200 32.25 13.00"
dtr1307.pdf,2026-07-12,2026-07-13,2026-07-13,2026-07-13T11:30:00,ORMOND,ORMOND,BERTHS,CQ-1,11:30,292.0,32.25,13.0,C.COAL,48667.0,PRIORITY BERTHING,5,"13-07-26 CQ-1MV. ORMOND BERTHS 292.00 C.COAL 11:30 PRIORITY BERTHING 48,667 45.00 11.28 13-07-26 SQMV. MARIBLUE SHIFTS 189.99 I.ORE 12:00 ON A/C PORT 54,200 32.25 13.00"
dtr1307.pdf,2026-07-12,2026-07-13,2026-07-13,2026-07-13T12:30:00,HARI ANAND,HARI ANAND,SAILS,SOJ,12:30,180.55,32.23,10.5,HSD/M.SPIRIT,30000.0,,5,"13-07-26 SOJMT. HARI ANAND SAILS 180.55 HSD/M.SPIRIT 12:30 30,000 32.23 10.50"
dtr1307.pdf,2026-07-12,2026-07-13,2026-07-13,2026-07-13T13:00:00,LIMNIONAS,LIMNIONAS,SAILS,CQ-3,13:00,229.0,38.0,14.0,I.ORE PELLET,82450.0,,5,"13-07-26 CQ-3MV. LIMNIONAS SAILS 229.00 I.ORE PELLET 13:00 82,450 38.00 14.00"
dtr1307.pdf,2026-07-12,2026-07-13,2026-07-13,2026-07-13T13:30:00,ATLANTIC VISION,ATLANTIC VISION,BERTHS,CQ-2,13:30,189.99,32.26,13.1,I.ORE,55000.0,,5,"13-07-26 CQ-2MV. ATLANTIC VISION BERTHS 189.99 I.ORE 13:30 55,000 32.26 13.10"
dtr1307.pdf,2026-07-12,2026-07-13,2026-07-13,2026-07-13T14:00:00,VISHVA VIJAY,VISHVA VIJAY,SAILS,MPB,14:00,229.0,32.24,14.45,H COAL,45000.0,,5,"13-07-26 MPBMV. VISHVA VIJAY SAILS 229.00 H COAL 14:00 45,000 32.24 14.45"
dtr1307.pdf,2026-07-12,2026-07-13,2026-07-13,2026-07-13T14:30:00,BROAD UNITED,BROAD UNITED,BERTHS,MPB,14:30,229.0,32.26,14.5,LM. ST.,78380.0,PRIORITY BERTHING,5,"13-07-26 MPBMV. BROAD UNITED BERTHS 229.00 LM. ST. 14:30 PRIORITY BERTHING 78,380 32.26 14.50"
dtr1307.pdf,2026-07-12,2026-07-13,2026-07-13,2026-07-13T15:00:00,ALBATROSS,ALBATROSS,SAILS,CB-1,15:00,228.99,42.99,14.5,TH.COAL,78800.0,,5,"13-07-26 CB-1MV. ALBATROSS SAILS 228.99 TH.COAL 15:00 78,800 32.26 0.00 13-07-26 CB-1MV. HORIZON II REBERTHS 255.26 TH.COAL 16:00 ON A/C VESSEL 42.99 14.50"
dtr1307.pdf,2026-07-12,2026-07-13,2026-07-13,2026-07-13T18:00:00,DESPOTIKO,DESPOTIKO,SAILS,WD,18:00,292.0,45.0,11.59,C.COAL,72000.0,,5,"13-07-26 WDMV. DESPOTIKO SAILS 292.00 C.COAL 18:00 72,000 45.00 11.59"
dtr1307.pdf,2026-07-12,2026-07-13,2026-07-13,2026-07-13T20:00:00,NOBLE,NOBLE,SAILS,SPM,20:00,332.88,60.0,19.92,CRUDE OIL,263769.0,,5,"13-07-26 SPMMT. NOBLE SAILS 332.88 CRUDE OIL 20:00 263,769 60.00 19.92"
dtr1307.pdf,2026-07-12,2026-07-13,2026-07-13,2026-07-13T20:30:00,AESCHYLUS GRAECIA,AESCHYLUS GRAECIA,SAILS,EQ-2,20:30,229.0,32.26,0.0,TH.COAL,80060.0,,5,"13-07-26 EQ-2MV. AESCHYLUS GRAECIA SAILS 229.00 TH.COAL 20:30 80,060 32.26 0.00"
dtr1307.pdf,2026-07-12,2026-07-13,2026-07-13,2026-07-13T21:00:00,YASA URANUS,YASA URANUS,BERTHS,EQ-2,21:00,199.9,32.24,0.0,TH.COAL,60000.0,,5,"13-07-26 EQ-2MV. YASA URANUS BERTHS 199.90 TH.COAL 21:00 60,000 32.24 0.00"
dtr1307.pdf,2026-07-12,2026-07-13,2026-07-13,2026-07-13T22:00:00,RIPLEY PINNACLE,RIPLEY PINNACLE,SAILS,EQ-3,22:00,225.0,32.26,14.5,TH.COAL,75145.0,,5,"13-07-26 EQ-3MV. RIPLEY PINNACLE SAILS 225.00 TH.COAL 22:00 75,145 32.26 14.50"
dtr1307.pdf,2026-07-12,2026-07-13,2026-07-13,2026-07-13T22:30:00,KERKYRA I,KERKYRA I,BERTHS,EQ-3,22:30,229.0,32.26,0.0,TH.COAL,79000.0,,5,"13-07-26 EQ-3MV. KERKYRA I BERTHS 229.00 TH.COAL 22:30 79,000 32.26 0.00"
dtr1307.pdf,2026-07-12,2026-07-13,2026-07-13,2026-07-13T23:00:00,KESTREL,KESTREL,SAILS,NOJ,23:00,182.5,32.2,8.7,F.O,13000.0,,5,"13-07-26 NOJMT. KESTREL SAILS 182.50 F.O 23:00 13,000 32.20 8.70"
dtr1307.pdf,2026-07-12,2026-07-13,2026-07-13,2026-07-13T23:30:00,CHOLA LEGACY,CHOLA LEGACY,SAILS,CB-2,23:30,228.99,32.26,0.0,TH.COAL,80500.0,,5,"13-07-26 CB-2MV. CHOLA LEGACY SAILS 228.99 TH.COAL 23:30 80,500 32.26 0.00"
dtr1307.pdf,2026-07-12,2026-07-13,2026-07-14,2026-07-14T00:01:00,PAPPOUS YIOS,PAPPOUS YIOS,BERTHS,CB-2,00:01,189.99,32.26,13.0,TH.COAL,55000.0,,5,"14-07-26 CB-2MV. PAPPOUS YIOS BERTHS 189.99 TH.COAL 00:01 55,000 32.26 13.00"
dtr1407.pdf,2026-07-13,2026-07-14,2026-07-14,2026-07-14T00:12:00,BW AVIOR,BW AVIOR,BERTHS,SOJ,00:12,229.9,36.6,0.0,BUTANE,22000.0,,5,"14-07-26 SOJMT. BW AVIOR BERTHS 229.90 BUTANE 00:12 22,000 36.60 0.00"
dtr1407.pdf,2026-07-13,2026-07-14,2026-07-14,2026-07-14T10:00:00,DESPOTIKO,DESPOTIKO,SAILS,WD,10:00,292.0,45.0,11.59,C.COAL,72000.0,,5,"14-07-26 WDMV. DESPOTIKO SAILS 292.00 C.COAL 10:00 72,000 45.00 11.59"
dtr1407.pdf,2026-07-13,2026-07-14,2026-07-14,2026-07-14T11:00:00,RIPLEY PINNACLE,RIPLEY PINNACLE,SAILS,EQ-3,11:00,225.0,32.26,14.5,TH.COAL,75145.0,,5,"14-07-26 EQ-3MV. RIPLEY PINNACLE SAILS 225.00 TH.COAL 11:00 75,145 32.26 14.50"
dtr1407.pdf,2026-07-13,2026-07-14,2026-07-14,2026-07-14T11:30:00,YASA URANUS,YASA URANUS,BERTHS,EQ-3,11:30,199.9,32.24,0.0,TH.COAL,60000.0,,5,"14-07-26 EQ-3MV. YASA URANUS BERTHS 199.90 TH.COAL 11:30 60,000 32.24 0.00"
dtr1407.pdf,2026-07-13,2026-07-14,2026-07-14,2026-07-14T12:00:00,AESCHYLUS GRAECIA,AESCHYLUS GRAECIA,SAILS,EQ-2,12:00,229.0,32.26,0.0,TH.COAL,80060.0,,5,"14-07-26 EQ-2MV. AESCHYLUS GRAECIA SAILS 229.00 TH.COAL 12:00 80,060 32.26 0.00 14-07-26 EQ-2MV. HORIZON II SHIFTS 255.26 TH.COAL 12:30 ON A/C PORT 57,665 42.99 14.50 14-07-26 CB-1MV. KERKYRA I REBERTHS 229.00 TH.COAL 13:00 ON A/C SARAT CHATTERJEE 32.26 0.00 14-07-26 ANCHORAGEMV. ATLANTIC STAR SHIFTS 225.00 ROCK PHOS. 16:00 ON A/C IFFCO 73,500 32.26 0.00"
dtr1407.pdf,2026-07-13,2026-07-14,2026-07-14,2026-07-14T18:00:00,MARIEL,MARIEL,SAILS,SPM-3,18:00,274.0,48.08,0.0,CRUDE OIL,139795.0,,5,"14-07-26 SPM-3MT. MARIEL SAILS 274.00 CRUDE OIL 18:00 139,795 48.08 0.00"
dtr1407.pdf,2026-07-13,2026-07-14,2026-07-14,2026-07-14T21:30:00,ANTWERPEN,ANTWERPEN,BERTHS,FB-2,21:30,189.96,30.44,7.65,AMMONIA,7350.0,,5,"14-07-26 FB-2MT. ANTWERPEN BERTHS 189.96 AMMONIA 21:30 7,350 30.44 7.65"
dtr1507.pdf,2026-07-14,2026-07-15,2026-07-14,2026-07-14T23:48:00,FAIRWAY,FAIRWAY,BERTHS,NOJ,23:48,171.12,27.4,0.0,HSD/M.SPIRIT,6000.0,,5,"14-07-26 NOJMT. FAIRWAY BERTHS 171.12 HSD/M.SPIRIT 23:48 6,000 27.40 0.00"
dtr1407.pdf,2026-07-13,2026-07-14,2026-07-15,2026-07-15T02:00:00,MARAN VIRTUE,MARAN VIRTUE,SAILS,KICT,02:00,292.0,45.0,16.5,C.COAL,152750.0,,5,"15-07-26 KICTMV. MARAN VIRTUE SAILS 292.00 C.COAL 02:00 152,750 45.00 16.50"
dtr1407.pdf,2026-07-13,2026-07-14,2026-07-15,2026-07-15T03:00:00,CAPTAIN JOHN P,CAPTAIN JOHN P,BERTHS,KICT,03:00,228.9,32.25,14.5,C.COAL,46260.0,,5,"15-07-26 KICTMV. CAPTAIN JOHN P BERTHS 228.90 C.COAL 03:00 46,260 32.25 14.50"
dtr1407.pdf,2026-07-13,2026-07-14,2026-07-15,2026-07-15T04:00:00,PAPPOUS YIOS,PAPPOUS YIOS,SAILS,CB-2,04:00,189.99,32.26,13.0,TH.COAL,55430.0,,5,"15-07-26 CB-2MV. PAPPOUS YIOS SAILS 189.99 TH.COAL 04:00 55,430 32.26 13.00"
dtr1407.pdf,2026-07-13,2026-07-14,2026-07-15,2026-07-15T04:30:00,CHOLA MELODY,CHOLA MELODY,BERTHS,CB-2,04:30,224.99,32.26,14.5,TH.COAL,75000.0,,5,"15-07-26 CB-2MV. CHOLA MELODY BERTHS 224.99 TH.COAL 04:30 75,000 32.26 14.50"
dtr1507.pdf,2026-07-14,2026-07-15,2026-07-15,2026-07-15T07:48:00,JETTA,JETTA,BERTHS,NIOB,07:48,189.99,32.26,12.8,I.ORE,54700.0,,5,"15-07-26 NIOBMV. JETTA BERTHS 189.99 I.ORE 07:48 54,700 32.26 12.80"
dtr1507.pdf,2026-07-14,2026-07-15,2026-07-15,2026-07-15T08:13:00,MARAN VIRTUE,MARAN VIRTUE,SAILS,KICT,08:13,292.0,45.0,16.5,C.COAL,152750.0,,5,"15-07-26 KICTMV. MARAN VIRTUE SAILS 292.00 C.COAL 08:13 152,750 45.00 16.50"
dtr1507.pdf,2026-07-14,2026-07-15,2026-07-15,2026-07-15T10:17:00,CAPTAIN JOHN P,CAPTAIN JOHN P,BERTHS,KICT,10:17,228.9,32.25,14.5,C.COAL,46260.0,,5,"15-07-26 KICTMV. CAPTAIN JOHN P BERTHS 228.90 C.COAL 10:17 46,260 32.25 14.50"
dtr1507.pdf,2026-07-14,2026-07-15,2026-07-15,2026-07-15T11:30:00,LLEVANT,LLEVANT,BERTHS,SPM-3,11:30,274.5,48.0,0.0,CRUDE OIL,140783.0,,5,"15-07-26 SPM-3MT. LLEVANT BERTHS 274.50 CRUDE OIL 11:30 140,783 48.00 0.00"
dtr1507.pdf,2026-07-14,2026-07-15,2026-07-15,2026-07-15T12:00:00,FAIRWAY,FAIRWAY,SAILS,NOJ,12:00,171.12,27.4,0.0,HSD/M.SPIRIT,5000.0,,5,"15-07-26 NOJMT. FAIRWAY SAILS 171.12 HSD/M.SPIRIT 12:00 5,000 27.40 0.00"
dtr1507.pdf,2026-07-14,2026-07-15,2026-07-15,2026-07-15T14:00:00,PAPPOUS YIOS,PAPPOUS YIOS,SAILS,CB-2,14:00,189.99,32.26,13.0,TH.COAL,55430.0,,5,"15-07-26 CB-2MV. PAPPOUS YIOS SAILS 189.99 TH.COAL 14:00 55,430 32.26 13.00"
dtr1507.pdf,2026-07-14,2026-07-15,2026-07-15,2026-07-15T14:30:00,CHOLA MELODY,CHOLA MELODY,BERTHS,CB-2,14:30,224.99,32.26,14.5,TH.COAL,75000.0,,5,"15-07-26 CB-2MV. CHOLA MELODY BERTHS 224.99 TH.COAL 14:30 75,000 32.26 14.50"
dtr1507.pdf,2026-07-14,2026-07-15,2026-07-15,2026-07-15T18:00:00,YASA URANUS,YASA URANUS,SAILS,EQ-3,18:00,199.9,32.24,0.0,TH.COAL,60440.0,,5,"15-07-26 EQ-3MV. YASA URANUS SAILS 199.90 TH.COAL 18:00 60,440 32.24 0.00"
dtr1507.pdf,2026-07-14,2026-07-15,2026-07-15,2026-07-15T18:30:00,BASIC EXPLORER,BASIC EXPLORER,BERTHS,EQ-3,18:30,228.99,32.26,14.5,TH.COAL,77000.0,,5,"15-07-26 EQ-3MV. BASIC EXPLORER BERTHS 228.99 TH.COAL 18:30 77,000 32.26 14.50"
dtr1507.pdf,2026-07-14,2026-07-15,2026-07-15,2026-07-15T20:00:00,BW AVIOR,BW AVIOR,SAILS,SOJ,20:00,229.9,36.6,0.0,BUTANE,24100.0,,5,"15-07-26 SOJMT. BW AVIOR SAILS 229.90 BUTANE 20:00 24,100 36.60 0.00"
dtr1507.pdf,2026-07-14,2026-07-15,2026-07-15,2026-07-15T20:30:00,ANTWERPEN,ANTWERPEN,SAILS,FB-2,20:30,189.96,30.44,10.6,AMMONIA,7350.0,,5,"15-07-26 FB-2MT. ANTWERPEN SAILS 189.96 AMMONIA 20:30 7,350 30.44 10.60"
dtr1607.pdf,2026-07-15,2026-07-16,2026-07-16,2026-07-16T00:12:00,SEA SOAR,SEA SOAR,BERTHS,FB-2,00:12,169.97,24.2,9.8,AMMONIA,7000.0,,5,"16-07-26 FB-2MT. SEA SOAR BERTHS 169.97 AMMONIA 00:12 7,000 24.20 9.80"
dtr1507.pdf,2026-07-14,2026-07-15,2026-07-16,2026-07-16T04:00:00,KERKYRA I,KERKYRA I,SAILS,CB-1,04:00,229.0,32.26,0.0,TH.COAL,78800.0,,5,"16-07-26 CB-1MV. KERKYRA I SAILS 229.00 TH.COAL 04:00 78,800 32.26 0.00"
dtr1507.pdf,2026-07-14,2026-07-15,2026-07-16,2026-07-16T06:00:00,HORIZON II,HORIZON II,SAILS,EQ-2,06:00,255.26,42.99,14.5,TH.COAL,107850.0,,5,"16-07-26 EQ-2MV. HORIZON II SAILS 255.26 TH.COAL 06:00 107,850 42.99 14.50"
dtr1607.pdf,2026-07-15,2026-07-16,2026-07-16,2026-07-16T08:00:00,EASTERN DELIGHT,EASTERN DELIGHT,BERTHS,NQ-2,08:00,119.05,19.4,7.2,FE.CR,7100.0,,5,"16-07-26 NQ-2MV. EASTERN DELIGHT BERTHS 119.05 FE.CR 08:00 7,100 19.40 7.20"
dtr1607.pdf,2026-07-15,2026-07-16,2026-07-16,2026-07-16T09:00:00,BASIC EXPLORER,BASIC EXPLORER,BERTHS,EQ-3,09:00,228.99,32.26,14.5,TH.COAL,77000.0,,5,"16-07-26 EQ-3MV. BASIC EXPLORER BERTHS 228.99 TH.COAL 09:00 77,000 32.26 14.50"
dtr1607.pdf,2026-07-15,2026-07-16,2026-07-16,2026-07-16T10:00:00,ODUNE,ODUNE,BERTHS,SPM,10:00,274.0,50.0,0.0,CRUDE OIL,137760.0,,5,"16-07-26 SPMMT. ODUNE BERTHS 274.00 CRUDE OIL 10:00 137,760 50.00 0.00"
dtr1507.pdf,2026-07-14,2026-07-15,2026-07-16,2026-07-16T10:00:00,ORMOND,ORMOND,SAILS,CQ-1,10:00,292.0,45.0,11.5,C.COAL,48667.0,,5,"16-07-26 CQ-1MV. ORMOND SAILS 292.00 C.COAL 10:00 48,667 45.00 11.50"
dtr1507.pdf,2026-07-14,2026-07-15,2026-07-16,2026-07-16T10:30:00,ATHENA,ATHENA,BERTHS,CQ-1,10:30,189.99,32.26,13.1,DOLOMITE,32000.0,MGT PRIORITY,5,"16-07-26 CQ-1MV. ATHENA BERTHS 189.99 DOLOMITE 10:30 MGT PRIORITY 32,000 32.26 13.10"
dtr1607.pdf,2026-07-15,2026-07-16,2026-07-16,2026-07-16T10:54:00,KERKYRA I,KERKYRA I,SAILS,CB-1,10:54,229.0,32.26,0.0,TH.COAL,78800.0,,5,"16-07-26 CB-1MV. KERKYRA I SAILS 229.00 TH.COAL 10:54 78,800 32.26 0.00"
dtr1607.pdf,2026-07-15,2026-07-16,2026-07-16,2026-07-16T12:00:00,CAPTAIN JOHN P,CAPTAIN JOHN P,SAILS,KICT,12:00,228.9,32.25,14.5,C.COAL,46260.0,,5,"16-07-26 KICTMV. CAPTAIN JOHN P SAILS 228.90 C.COAL 12:00 46,260 32.25 14.50"
dtr1607.pdf,2026-07-15,2026-07-16,2026-07-16,2026-07-16T13:00:00,SAITA I,SAITA I,BERTHS,KICT,13:00,228.99,32.3,0.0,C.COAL,46173.0,,5,"16-07-26 KICTMV. SAITA I BERTHS 228.99 C.COAL 13:00 46,173 32.30 0.00"
dtr1607.pdf,2026-07-15,2026-07-16,2026-07-16,2026-07-16T13:30:00,SEA SOAR,SEA SOAR,SAILS,FB-2,13:30,169.97,32.26,0.0,AMMONIA,7000.0,,5,"16-07-26 FB-2MT. SEA SOAR SAILS 169.97 AMMONIA 13:30 7,000 24.20 9.80 16-07-26 FB-2MV. ATLANTIC STAR REBERTHS 225.00 ROCK PHOS. 14:30 ON A/C IFFCO 73,500 32.26 0.00"
dtr1607.pdf,2026-07-15,2026-07-16,2026-07-16,2026-07-16T15:00:00,ORMOND,ORMOND,SAILS,CQ-1,15:00,292.0,45.0,11.5,C.COAL,48667.0,,5,"16-07-26 CQ-1MV. ORMOND SAILS 292.00 C.COAL 15:00 48,667 45.00 11.50"
dtr1607.pdf,2026-07-15,2026-07-16,2026-07-16,2026-07-16T16:00:00,GLORY V,GLORY V,BERTHS,CQ-1,16:00,225.0,32.26,14.5,I.ORE,75000.0,MGT PRIORITY,5,"16-07-26 CQ-1MV. GLORY V BERTHS 225.00 I.ORE 16:00 MGT PRIORITY 75,000 32.26 14.50"
dtr1607.pdf,2026-07-15,2026-07-16,2026-07-16,2026-07-16T17:00:00,HORIZON II,HORIZON II,SAILS,EQ-2,17:00,255.26,42.99,14.5,TH.COAL,74930.0,,5,"16-07-26 EQ-2MV. HORIZON II SAILS 255.26 TH.COAL 17:00 74,930 42.99 14.50"
dtr1607.pdf,2026-07-15,2026-07-16,2026-07-16,2026-07-16T18:00:00,APJ JAOUAD,APJ JAOUAD,BERTHS,EQ-2,18:00,225.0,32.2,0.0,TH.COAL,75000.0,,5,"16-07-26 EQ-2MV. APJ JAOUAD BERTHS 225.00 TH.COAL 18:00 75,000 32.20 0.00"
dtr1607.pdf,2026-07-15,2026-07-16,2026-07-16,2026-07-16T20:00:00,JETTA,JETTA,SAILS,NIOB,20:00,189.99,32.26,12.8,I.ORE,54870.0,,5,"16-07-26 NIOBMV. JETTA SAILS 189.99 I.ORE 20:00 54,870 32.26 12.80"
dtr1607.pdf,2026-07-15,2026-07-16,2026-07-16,2026-07-16T23:00:00,LLEVANT,LLEVANT,SAILS,SPM-3,23:00,274.5,48.0,0.0,CRUDE OIL,140539.0,,5,"16-07-26 SPM-3MT. LLEVANT SAILS 274.50 CRUDE OIL 23:00 140,539 48.00 0.00"
dtr1607.pdf,2026-07-15,2026-07-16,2026-07-17,2026-07-17T00:30:00,CHOLA MELODY,CHOLA MELODY,SAILS,CB-2,00:30,224.99,32.26,14.5,TH.COAL,74600.0,,5,"17-07-26 CB-2MV. CHOLA MELODY SAILS 224.99 TH.COAL 00:30 74,600 32.26 14.50"
dtr1707.pdf,2026-07-16,2026-07-17,2026-07-17,2026-07-17T04:06:00,ORION,ORION,BERTHS,NIOB,04:06,199.9,32.26,13.0,I.ORE,60000.0,,5,"17-07-26 NIOBMV. ORION BERTHS 199.90 I.ORE 04:06 60,000 32.26 13.00"
dtr1607.pdf,2026-07-15,2026-07-16,2026-07-17,2026-07-17T06:00:00,TIANLONG,TIANLONG,BERTHS,SPM-2,06:00,274.0,47.0,16.4,CRUDE OIL,138155.0,,5,"17-07-26 SPM-2MT. TIANLONG BERTHS 274.00 CRUDE OIL 06:00 138,155 47.00 16.40"
dtr1607.pdf,2026-07-15,2026-07-16,2026-07-17,2026-07-17T07:00:00,BROAD UNITED,BROAD UNITED,SAILS,MPB,07:00,229.0,32.26,14.5,LM. ST.,78380.0,,5,"17-07-26 MPBMV. BROAD UNITED SAILS 229.00 LM. ST. 07:00 78,380 32.26 14.50"
dtr1707.pdf,2026-07-16,2026-07-17,2026-07-17,2026-07-17T08:06:00,SWARNA MALA,SWARNA MALA,BERTHS,SOJ,08:06,183.0,32.2,0.0,NAPTHA,15000.0,,5,"17-07-26 SOJMT. SWARNA MALA BERTHS 183.00 NAPTHA 08:06 15,000 32.20 0.00"
dtr1707.pdf,2026-07-16,2026-07-17,2026-07-17,2026-07-17T09:00:00,TIANLONG,TIANLONG,BERTHS,SPM-2,09:00,274.0,47.0,16.4,CRUDE OIL,138155.0,,5,"17-07-26 SPM-2MT. TIANLONG BERTHS 274.00 CRUDE OIL 09:00 138,155 47.00 16.40"
dtr1707.pdf,2026-07-16,2026-07-17,2026-07-17,2026-07-17T10:36:00,BROAD UNITED,BROAD UNITED,SAILS,MPB,10:36,229.0,32.26,14.5,LM. ST.,78380.0,,5,"17-07-26 MPBMV. BROAD UNITED SAILS 229.00 LM. ST. 10:36 78,380 32.26 14.50"
dtr1707.pdf,2026-07-16,2026-07-17,2026-07-17,2026-07-17T11:30:00,ATHENA,ATHENA,BERTHS,MPB,11:30,189.99,32.26,13.1,DOLOMITE,32000.0,PRIORITY BERTHING,5,"17-07-26 MPBMV. ATHENA BERTHS 189.99 DOLOMITE 11:30 PRIORITY BERTHING 32,000 32.26 13.10"
dtr1707.pdf,2026-07-16,2026-07-17,2026-07-17,2026-07-17T13:30:00,BASIC EXPLORER,BASIC EXPLORER,SAILS,EQ-3,13:30,228.99,32.26,14.5,TH.COAL,76000.0,,5,"17-07-26 EQ-3MV. BASIC EXPLORER SAILS 228.99 TH.COAL 13:30 76,000 32.26 14.50"
dtr1707.pdf,2026-07-16,2026-07-17,2026-07-17,2026-07-17T14:00:00,DECCAN PRIDE,DECCAN PRIDE,BERTHS,EQ-3,14:00,225.0,32.26,13.1,TH.COAL,73700.0,,5,"17-07-26 EQ-3MV. DECCAN PRIDE BERTHS 225.00 TH.COAL 14:00 73,700 32.26 14.50 17-07-26 CQ-1MV. ATLANTIC VISION WARPING 189.99 I.ORE 14:30 ON A/C PORT 53,700 32.26 13.10"
dtr1707.pdf,2026-07-16,2026-07-17,2026-07-17,2026-07-17T15:00:00,RUI NING 7,RUI NING 7,SAILS,IOB,15:00,190.0,32.26,13.0,I.ORE,52000.0,,5,"17-07-26 IOBMV. RUI NING 7 SAILS 190.00 I.ORE 15:00 52,000 32.26 13.00"
dtr1707.pdf,2026-07-16,2026-07-17,2026-07-17,2026-07-17T16:00:00,RIPLEY PROSPERITY,RIPLEY PROSPERITY,BERTHS,IOB,16:00,224.94,32.26,0.0,TH.COAL,74500.0,,5,"17-07-26 IOBMV. RIPLEY PROSPERITY BERTHS 224.94 TH.COAL 16:00 74,500 32.26 0.00"
dtr1707.pdf,2026-07-16,2026-07-17,2026-07-17,2026-07-17T17:00:00,CHOLA SERENITY,CHOLA SERENITY,BERTHS,CB-1,17:00,224.94,32.26,0.0,TH.COAL,77200.0,,5,"17-07-26 CB-1MV. CHOLA SERENITY BERTHS 224.94 TH.COAL 17:00 77,200 32.26 0.00"
dtr1707.pdf,2026-07-16,2026-07-17,2026-07-17,2026-07-17T21:00:00,ODUNE,ODUNE,SAILS,SPM,21:00,274.0,50.0,0.0,CRUDE OIL,137487.0,,5,"17-07-26 SPMMT. ODUNE SAILS 274.00 CRUDE OIL 21:00 137,487 50.00 0.00"
dtr1707.pdf,2026-07-16,2026-07-17,2026-07-18,2026-07-18T00:30:00,WILLOWS,WILLOWS,BERTHS,NOJ,00:30,173.1,32.2,0.0,HSD/M.SPIRIT,19700.0,,5,"18-07-26 NOJMT. WILLOWS BERTHS 173.10 HSD/M.SPIRIT 00:30 19,700 32.20 0.00"
dtr1707.pdf,2026-07-16,2026-07-17,2026-07-18,2026-07-18T02:00:00,SAITA I,SAITA I,SAILS,KICT,02:00,228.99,32.3,0.0,C.COAL,46173.0,,5,"18-07-26 KICTMV. SAITA I SAILS 228.99 C.COAL 02:00 46,173 32.30 0.00"
dtr1707.pdf,2026-07-16,2026-07-17,2026-07-18,2026-07-18T03:00:00,PENELOPE I,PENELOPE I,BERTHS,KICT,03:00,228.99,32.26,0.0,C.COAL,40000.0,,5,"18-07-26 KICTMV. PENELOPE I BERTHS 228.99 C.COAL 03:00 40,000 32.26 0.00"
dtr1707.pdf,2026-07-16,2026-07-17,2026-07-18,2026-07-18T03:30:00,CENTURION ROMULUS,CENTURION ROMULUS,SAILS,FB-1,03:30,199.95,32.26,13.32,ROCK PHOS.,60500.0,,5,"18-07-26 FB-1MV. CENTURION ROMULUS SAILS 199.95 ROCK PHOS. 03:30 60,500 32.26 13.32"
dtr1707.pdf,2026-07-16,2026-07-17,2026-07-18,2026-07-18T06:00:00,ORION,ORION,SAILS,NIOB,06:00,199.9,32.26,13.0,I.ORE,52418.0,,5,"18-07-26 NIOBMV. ORION SAILS 199.90 I.ORE 06:00 52,418 32.26 13.00"
dtr1807.pdf,2026-07-17,2026-07-18,2026-07-18,2026-07-18T09:00:00,CENTURION ROMULUS,CENTURION ROMULUS,SAILS,FB-1,09:00,199.95,32.26,13.32,ROCK PHOS.,60500.0,,5,"18-07-26 FB-1MV. CENTURION ROMULUS SAILS 199.95 ROCK PHOS. 09:00 60,500 32.26 13.32"
dtr1807.pdf,2026-07-17,2026-07-18,2026-07-18,2026-07-18T09:30:00,ORION,ORION,SAILS,NIOB,09:30,199.9,32.26,13.0,I.ORE,52418.0,,5,"18-07-26 NIOBMV. ORION SAILS 199.90 I.ORE 09:30 52,418 32.26 13.00"
dtr1707.pdf,2026-07-16,2026-07-17,2026-07-18,2026-07-18T10:00:00,APJ JAOUAD,APJ JAOUAD,SAILS,EQ-2,10:00,225.0,32.2,0.0,TH.COAL,75234.0,,5,"18-07-26 EQ-2MV. APJ JAOUAD SAILS 225.00 TH.COAL 10:00 75,234 32.20 0.00"
dtr1807.pdf,2026-07-17,2026-07-18,2026-07-18,2026-07-18T10:00:00,SWARNA MALA,SWARNA MALA,SAILS,SOJ,10:00,183.0,32.2,0.0,NAPTHA,14470.0,,5,"18-07-26 SOJMT. SWARNA MALA SAILS 183.00 NAPTHA 10:00 14,470 32.20 0.00"
dtr1707.pdf,2026-07-16,2026-07-17,2026-07-18,2026-07-18T10:30:00,CHOLA PROSPERITY,CHOLA PROSPERITY,BERTHS,EQ-2,10:30,225.0,32.26,14.5,TH.COAL,75000.0,,5,"18-07-26 EQ-2MV. CHOLA PROSPERITY BERTHS 225.00 TH.COAL 10:30 75,000 32.26 14.50"
dtr1807.pdf,2026-07-17,2026-07-18,2026-07-18,2026-07-18T10:30:00,NEPHIRA,NEPHIRA,BERTHS,SPM,10:30,228.0,42.0,0.0,CRUDE OIL,99803.0,,5,"18-07-26 SPMMT. NEPHIRA BERTHS 228.00 CRUDE OIL 10:30 99,803 42.00 0.00"
dtr1807.pdf,2026-07-17,2026-07-18,2026-07-18,2026-07-18T11:00:00,HARI AKASH,HARI AKASH,BERTHS,SOJ,11:00,117.26,20.0,5.2,HSD,5800.0,,5,"18-07-26 SOJMT. HARI AKASH BERTHS 117.26 HSD 11:00 5,800 20.00 5.20"
dtr1807.pdf,2026-07-17,2026-07-18,2026-07-18,2026-07-18T11:30:00,SAITA I,SAITA I,SAILS,KICT,11:30,228.99,32.3,0.0,C.COAL,46173.0,,5,"18-07-26 KICTMV. SAITA I SAILS 228.99 C.COAL 11:30 46,173 32.30 0.00"
dtr1807.pdf,2026-07-17,2026-07-18,2026-07-18,2026-07-18T12:00:00,PENELOPE I,PENELOPE I,BERTHS,KICT,12:00,228.99,32.26,0.0,C.COAL,40000.0,,5,"18-07-26 KICTMV. PENELOPE I BERTHS 228.99 C.COAL 12:00 40,000 32.26 0.00"
dtr1807.pdf,2026-07-17,2026-07-18,2026-07-18,2026-07-18T17:00:00,APJ JAOUAD,APJ JAOUAD,SAILS,EQ-2,17:00,225.0,32.2,0.0,TH.COAL,75234.0,,5,"18-07-26 EQ-2MV. APJ JAOUAD SAILS 225.00 TH.COAL 17:00 75,234 32.20 0.00"
dtr1807.pdf,2026-07-17,2026-07-18,2026-07-18,2026-07-18T17:30:00,CHOLA PROSPERITY,CHOLA PROSPERITY,BERTHS,EQ-2,17:30,225.0,32.26,14.5,TH.COAL,75000.0,,5,"18-07-26 EQ-2MV. CHOLA PROSPERITY BERTHS 225.00 TH.COAL 17:30 75,000 32.26 14.50"
dtr1807.pdf,2026-07-17,2026-07-18,2026-07-18,2026-07-18T18:00:00,TIANLONG,TIANLONG,SAILS,SPM-2,18:00,274.0,47.0,16.4,CRUDE OIL,138447.0,,5,"18-07-26 SPM-2MT. TIANLONG SAILS 274.00 CRUDE OIL 18:00 138,447 47.00 16.40"
dtr1807.pdf,2026-07-17,2026-07-18,2026-07-18,2026-07-18T20:00:00,ATLANTIC STAR,ATLANTIC STAR,SAILS,FB-2,20:00,225.0,32.26,0.0,ROCK PHOS.,73500.0,,5,"18-07-26 FB-2MV. ATLANTIC STAR SAILS 225.00 ROCK PHOS. 20:00 73,500 32.26 0.00"
dtr1807.pdf,2026-07-17,2026-07-18,2026-07-18,2026-07-18T21:00:00,MINOAN SEA,MINOAN SEA,BERTHS,FB-2,21:00,229.0,32.26,14.5,ROCK PHOS.,78215.0,,5,"18-07-26 FB-2MV. MINOAN SEA BERTHS 229.00 ROCK PHOS. 21:00 78,215 32.26 14.50"
dtr1807.pdf,2026-07-17,2026-07-18,2026-07-19,2026-07-19T01:00:00,EASTERN DELIGHT,EASTERN DELIGHT,SAILS,NQ-2,01:00,119.05,19.4,7.2,FE.CR,7100.0,,5,"19-07-26 NQ-2MV. EASTERN DELIGHT SAILS 119.05 FE.CR 01:00 7,100 19.40 7.20"
dtr1807.pdf,2026-07-17,2026-07-18,2026-07-19,2026-07-19T02:00:00,MARIBLUE,MARIBLUE,SAILS,SQ,02:00,189.99,32.25,13.0,I.ORE,54200.0,,5,"19-07-26 SQMV. MARIBLUE SAILS 189.99 I.ORE 02:00 54,200 32.25 13.00"
dtr1807.pdf,2026-07-17,2026-07-18,2026-07-19,2026-07-19T03:00:00,ALAM SAYANG,ALAM SAYANG,BERTHS,SQ,03:00,199.99,32.24,10.4,N C.COAL,50000.0,COASTAL PRIORITY,5,"19-07-26 SQMV. ALAM SAYANG BERTHS 199.99 N C.COAL 03:00 COASTAL PRIORITY 50,000 32.24 10.40"
dtr1807.pdf,2026-07-17,2026-07-18,2026-07-19,2026-07-19T04:00:00,AFRICAN SJB,AFRICAN SJB,SAILS,PICT,04:00,180.11,30.0,10.1,STEEL SLAB,33233.0,,5,"19-07-26 PICTMV. AFRICAN SJB SAILS 180.11 STEEL SLAB 04:00 33,233 30.00 10.10"
dtr1807.pdf,2026-07-17,2026-07-18,2026-07-19,2026-07-19T04:30:00,PVT GLORIA,PVT GLORIA,BERTHS,PICT,04:30,173.0,30.0,10.3,A. SULPHATE,33000.0,,5,"19-07-26 PICTMV. PVT GLORIA BERTHS 173.00 A. SULPHATE 04:30 33,000 30.00 10.30"
dtr1807.pdf,2026-07-17,2026-07-18,2026-07-19,2026-07-19T05:00:00,HE SHENG DONG FANG,HE SHENG DONG FANG,SAILS,PICT-2,05:00,189.99,28.5,9.7,S.COIL,30191.0,,5,"19-07-26 PICT-2MV. HE SHENG DONG FANG SAILS 189.99 S.COIL 05:00 30,191 28.50 9.70"
dtr1807.pdf,2026-07-17,2026-07-18,2026-07-19,2026-07-19T05:30:00,MAMA STRENGTH,MAMA STRENGTH,BERTHS,PICT-2,05:30,225.0,32.26,7.5,PIG IRON,60000.0,,5,"19-07-26 PICT-2MV. MAMA STRENGTH BERTHS 225.00 PIG IRON 05:30 60,000 32.26 7.50"
dtr1807.pdf,2026-07-17,2026-07-18,2026-07-19,2026-07-19T06:00:00,CHOLA SERENITY,CHOLA SERENITY,SAILS,CB-1,06:00,224.94,32.26,0.0,TH.COAL,75200.0,,5,"19-07-26 CB-1MV. CHOLA SERENITY SAILS 224.94 TH.COAL 06:00 75,200 32.26 0.00"
dtr1807.pdf,2026-07-17,2026-07-18,2026-07-19,2026-07-19T06:15:00,KALLISTA,KALLISTA,BERTHS,SPM-3,06:15,333.13,60.05,19.85,CRUDE OIL,263661.0,,5,"19-07-26 SPM-3MT. KALLISTA BERTHS 333.13 CRUDE OIL 06:15 263,661 60.05 19.85"
dtr1807.pdf,2026-07-17,2026-07-18,2026-07-19,2026-07-19T06:30:00,JAL VAIBHAV,JAL VAIBHAV,BERTHS,CB-1,06:30,228.05,36.5,14.5,TH.COAL,79000.0,,5,"19-07-26 CB-1MV. JAL VAIBHAV BERTHS 228.05 TH.COAL 06:30 79,000 36.50 14.50"
dtr1907.pdf,2026-07-18,2026-07-19,2026-07-19,2026-07-19T06:36:00,ATHENA,ATHENA,SAILS,MPB,06:36,189.99,32.26,13.1,DOLOMITE,32000.0,,5,"19-07-26 MPBMV. ATHENA SAILS 189.99 DOLOMITE 06:36 32,000 32.26 13.10"
dtr1807.pdf,2026-07-17,2026-07-18,2026-07-19,2026-07-19T07:00:00,STAR CAPOEIRA,STAR CAPOEIRA,BERTHS,CQ-3,07:00,229.0,32.26,14.0,I.ORE PELLET,75000.0,,5,"19-07-26 CQ-3MV. STAR CAPOEIRA BERTHS 229.00 I.ORE PELLET 07:00 75,000 32.26 14.00"
dtr1907.pdf,2026-07-18,2026-07-19,2026-07-19,2026-07-19T07:00:00,STAR CAPOEIRA,STAR CAPOEIRA,BERTHS,CQ-3,07:00,229.0,32.26,14.0,I.ORE PELLET,75000.0,,5,"19-07-26 CQ-3MV. STAR CAPOEIRA BERTHS 229.00 I.ORE PELLET 07:00 75,000 32.26 14.00"
dtr1907.pdf,2026-07-18,2026-07-19,2026-07-19,2026-07-19T07:30:00,AM UMANG,AM UMANG,BERTHS,MPB,07:30,228.99,32.31,13.56,PYROXENITE,35000.0,PRIORITY BERTHING,5,"19-07-26 MPBMV. AM UMANG BERTHS 228.99 PYROXENITE 07:30 PRIORITY BERTHING 35,000 32.31 13.56"
dtr1807.pdf,2026-07-17,2026-07-18,2026-07-19,2026-07-19T07:30:00,ATHENA,ATHENA,SAILS,MPB,07:30,189.99,32.26,13.1,DOLOMITE,32000.0,,5,"19-07-26 MPBMV. ATHENA SAILS 189.99 DOLOMITE 07:30 32,000 32.26 13.10"
dtr1907.pdf,2026-07-18,2026-07-19,2026-07-19,2026-07-19T07:45:00,KALLISTA,KALLISTA,BERTHS,SPM-3,07:45,333.13,60.05,19.85,CRUDE OIL,263661.0,,5,"19-07-26 SPM-3MT. KALLISTA BERTHS 333.13 CRUDE OIL 07:45 263,661 60.05 19.85"
dtr1807.pdf,2026-07-17,2026-07-18,2026-07-19,2026-07-19T08:00:00,AM UMANG,AM UMANG,BERTHS,MPB,08:00,228.99,32.31,13.56,PYROXENITE,35000.0,PRIORITY BERTHING,5,"19-07-26 MPBMV. AM UMANG BERTHS 228.99 PYROXENITE 08:00 PRIORITY BERTHING 35,000 32.31 13.56"
dtr1907.pdf,2026-07-18,2026-07-19,2026-07-19,2026-07-19T08:00:00,VISHVA VIJAY,VISHVA VIJAY,BERTHS,CB-1,08:00,229.0,32.24,14.5,TH.COAL,80000.0,,5,"19-07-26 CB-1MV. VISHVA VIJAY BERTHS 229.00 TH.COAL 08:00 80,000 32.24 14.50"
dtr1907.pdf,2026-07-18,2026-07-19,2026-07-19,2026-07-19T08:30:00,WILLOWS,WILLOWS,SAILS,NOJ,08:30,173.1,32.2,0.0,HSD/M.SPIRIT,19700.0,,5,"19-07-26 NOJMT. WILLOWS SAILS 173.10 HSD/M.SPIRIT 08:30 19,700 32.20 0.00"
dtr1907.pdf,2026-07-18,2026-07-19,2026-07-19,2026-07-19T09:00:00,CORONET,CORONET,BERTHS,NOJ,09:00,183.22,32.2,0.0,HSD/M.SPIRIT,35300.0,,5,"19-07-26 NOJMT. CORONET BERTHS 183.22 HSD/M.SPIRIT 09:00 35,300 32.20 0.00"
dtr1807.pdf,2026-07-17,2026-07-18,2026-07-19,2026-07-19T09:00:00,DECCAN PRIDE,DECCAN PRIDE,SAILS,EQ-3,09:00,225.0,32.26,14.5,TH.COAL,73300.0,,5,"19-07-26 EQ-3MV. DECCAN PRIDE SAILS 225.00 TH.COAL 09:00 73,300 32.26 14.50"
dtr1907.pdf,2026-07-18,2026-07-19,2026-07-19,2026-07-19T09:30:00,DECCAN PRIDE,DECCAN PRIDE,SAILS,EQ-3,09:30,225.0,32.26,14.5,TH.COAL,73300.0,,5,"19-07-26 EQ-3MV. DECCAN PRIDE SAILS 225.00 TH.COAL 09:30 73,300 32.26 14.50"
dtr1807.pdf,2026-07-17,2026-07-18,2026-07-19,2026-07-19T09:30:00,ELENA VE,ELENA VE,BERTHS,EQ-3,09:30,225.0,32.28,13.3,TH.COAL,70000.0,,5,"19-07-26 EQ-3MV. ELENA VE BERTHS 225.00 TH.COAL 09:30 70,000 32.28 13.30"
dtr1907.pdf,2026-07-18,2026-07-19,2026-07-19,2026-07-19T10:00:00,ELENA VE,ELENA VE,BERTHS,EQ-3,10:00,225.0,32.28,13.3,TH.COAL,70000.0,,5,"19-07-26 EQ-3MV. ELENA VE BERTHS 225.00 TH.COAL 10:00 70,000 32.28 13.30"
dtr1907.pdf,2026-07-18,2026-07-19,2026-07-19,2026-07-19T10:30:00,HARI AKASH,HARI AKASH,SAILS,SOJ,10:30,117.26,20.0,5.6,HSD,5900.0,,5,"19-07-26 SOJMT. HARI AKASH SAILS 117.26 HSD 10:30 5,900 20.00 5.60"
dtr1907.pdf,2026-07-18,2026-07-19,2026-07-19,2026-07-19T11:00:00,BOURBON,BOURBON,BERTHS,SOJ,11:00,183.2,32.2,0.0,ATF,12000.0,,5,"19-07-26 SOJMT. BOURBON BERTHS 183.20 ATF 11:00 12,000 32.20 0.00"
dtr1907.pdf,2026-07-18,2026-07-19,2026-07-19,2026-07-19T11:30:00,AFRICAN SJB,AFRICAN SJB,SAILS,PICT,11:30,180.11,30.0,10.1,STEEL SLAB,33233.0,,5,"19-07-26 PICTMV. AFRICAN SJB SAILS 180.11 STEEL SLAB 11:30 33,233 30.00 10.10"
dtr1907.pdf,2026-07-18,2026-07-19,2026-07-19,2026-07-19T12:00:00,PVT GLORIA,PVT GLORIA,BERTHS,PICT,12:00,173.0,30.0,10.3,A. SULPHATE,33000.0,,5,"19-07-26 PICTMV. PVT GLORIA BERTHS 173.00 A. SULPHATE 12:00 33,000 30.00 10.30"
dtr1907.pdf,2026-07-18,2026-07-19,2026-07-19,2026-07-19T13:30:00,GANESHWAR,GANESHWAR,BERTHS,NQ-3,13:30,72.0,14.0,0.0,GYPSUM,1800.0,,5,"19-07-26 NQ-3MV. GANESHWAR BERTHS 72.00 GYPSUM 13:30 1,800 14.00 0.00"
dtr1907.pdf,2026-07-18,2026-07-19,2026-07-19,2026-07-19T14:00:00,NEPHIRA,NEPHIRA,SAILS,SPM,14:00,228.0,42.0,14.0,CRUDE OIL,93557.0,,5,"19-07-26 SPMMT. NEPHIRA SAILS 228.00 CRUDE OIL 14:00 93,557 42.00 14.00"
dtr1907.pdf,2026-07-18,2026-07-19,2026-07-20,2026-07-20T03:30:00,JAL VAIBHAV,JAL VAIBHAV,SAILS,CB-2,03:30,228.05,32.26,0.0,TH.COAL,78800.0,,5,"20-07-26 CB-2MV. JAL VAIBHAV SAILS 228.05 TH.COAL 03:30 78,800 36.50 14.50 20-07-26 CB-2MV. RIPLEY PROSPERITY SHIFTS 224.94 TH.COAL 04:00 48,000 32.26 0.00"
dtr1907.pdf,2026-07-18,2026-07-19,2026-07-20,2026-07-20T05:00:00,ZHONG CHANG 528,ZHONG CHANG 528,BERTHS,IOB,05:00,189.99,32.26,13.0,I.ORE,55000.0,,5,"20-07-26 IOBMV. ZHONG CHANG 528 BERTHS 189.99 I.ORE 05:00 55,000 32.26 13.00"
dtr1907.pdf,2026-07-18,2026-07-19,2026-07-20,2026-07-20T07:00:00,KSL RUIYANG,KSL RUIYANG,BERTHS,CQ-2,07:00,189.99,32.26,0.0,PYROXENITE,33200.0,,5,"20-07-26 CQ-2MV. KSL RUIYANG BERTHS 189.99 PYROXENITE 07:00 33,200 32.26 0.00"
dtr1907.pdf,2026-07-18,2026-07-19,2026-07-20,2026-07-20T08:00:00,CHOLA PROSPERITY,CHOLA PROSPERITY,SAILS,EQ-2,08:00,225.0,32.26,14.5,TH.COAL,75080.0,,5,"20-07-26 EQ-2MV. CHOLA PROSPERITY SAILS 225.00 TH.COAL 08:00 75,080 32.26 14.50"
dtr2007.pdf,2026-07-19,2026-07-20,2026-07-20,2026-07-20T11:30:00,PENELOPE I,PENELOPE I,SAILS,KICT,11:30,228.99,32.26,0.0,C.COAL,43990.0,,5,"20-07-26 KICTMV. PENELOPE I SAILS 228.99 C.COAL 11:30 43,990 32.26 0.00"
dtr2007.pdf,2026-07-19,2026-07-20,2026-07-20,2026-07-20T12:00:00,LEONIDAS PC,LEONIDAS PC,BERTHS,KICT,12:00,228.99,32.26,14.43,C.COAL,79250.0,,5,"20-07-26 KICTMV. LEONIDAS PC BERTHS 228.99 C.COAL 12:00 79,250 32.26 14.43"
dtr2007.pdf,2026-07-19,2026-07-20,2026-07-20,2026-07-20T13:00:00,KSL RUIYANG,KSL RUIYANG,BERTHS,CQ-2,13:00,189.99,32.26,0.0,PYROXENITE,33200.0,,5,"20-07-26 CQ-2MV. KSL RUIYANG BERTHS 189.99 PYROXENITE 13:00 33,200 32.26 0.00 20-07-26 CB-2MV. RIPLEY PROSPERITY SHIFTS 224.94 TH.COAL 13:30 48,000 32.26 0.00"
dtr2007.pdf,2026-07-19,2026-07-20,2026-07-20,2026-07-20T14:00:00,ZHONG CHANG 528,ZHONG CHANG 528,BERTHS,IOB,14:00,189.99,32.26,13.0,I.ORE,55000.0,,5,"20-07-26 IOBMV. ZHONG CHANG 528 BERTHS 189.99 I.ORE 14:00 55,000 32.26 13.00"
dtr2007.pdf,2026-07-19,2026-07-20,2026-07-20,2026-07-20T14:30:00,CHOLA PROSPERITY,CHOLA PROSPERITY,SAILS,EQ-2,14:30,225.0,32.26,14.5,TH.COAL,75080.0,,5,"20-07-26 EQ-2MV. CHOLA PROSPERITY SAILS 225.00 TH.COAL 14:30 75,080 32.26 14.50"
dtr2007.pdf,2026-07-19,2026-07-20,2026-07-20,2026-07-20T15:00:00,RIPLEY PROGRESS,RIPLEY PROGRESS,BERTHS,EQ-2,15:00,225.0,32.26,14.5,TH.COAL,74500.0,,5,"20-07-26 EQ-2MV. RIPLEY PROGRESS BERTHS 225.00 TH.COAL 15:00 74,500 32.26 14.50"
dtr2007.pdf,2026-07-19,2026-07-20,2026-07-20,2026-07-20T15:30:00,STAR CAPOEIRA,STAR CAPOEIRA,SAILS,CQ-3,15:30,229.0,32.26,14.0,I.ORE PELLET,74900.0,,5,"20-07-26 CQ-3MV. STAR CAPOEIRA SAILS 229.00 I.ORE PELLET 15:30 74,900 32.26 14.00"
dtr2007.pdf,2026-07-19,2026-07-20,2026-07-20,2026-07-20T16:00:00,STAR MONA,STAR MONA,BERTHS,CQ-3,16:00,228.99,32.29,14.0,I.ORE PELLET,75000.0,,5,"20-07-26 CQ-3MV. STAR MONA BERTHS 228.99 I.ORE PELLET 16:00 75,000 32.29 14.00"
dtr2007.pdf,2026-07-19,2026-07-20,2026-07-20,2026-07-20T17:00:00,VISHVA VIJAY,VISHVA VIJAY,SAILS,CB-1,17:00,229.0,32.24,14.5,TH.COAL,77500.0,,5,"20-07-26 CB-1MV. VISHVA VIJAY SAILS 229.00 TH.COAL 17:00 77,500 32.24 14.50"
dtr2007.pdf,2026-07-19,2026-07-20,2026-07-20,2026-07-20T17:30:00,APJ SETHU,APJ SETHU,BERTHS,CB-1,17:30,224.86,32.26,0.0,TH.COAL,75000.0,,5,"20-07-26 CB-1MV. APJ SETHU BERTHS 224.86 TH.COAL 17:30 75,000 32.26 0.00"
dtr2007.pdf,2026-07-19,2026-07-20,2026-07-20,2026-07-20T18:00:00,ELENA VE,ELENA VE,SAILS,EQ-3,18:00,225.0,32.28,13.3,TH.COAL,71770.0,,5,"20-07-26 EQ-3MV. ELENA VE SAILS 225.00 TH.COAL 18:00 71,770 32.28 13.30"
dtr2107.pdf,2026-07-20,2026-07-21,2026-07-20,2026-07-20T18:06:00,APJ SETHU,APJ SETHU,BERTHS,CB-2,18:06,224.86,32.26,0.0,TH.COAL,75000.0,,5,"20-07-26 CB-2MV. APJ SETHU BERTHS 224.86 TH.COAL 18:06 75,000 32.26 0.00 20-07-26 CB-1MV. RIPLEY PROSPERITY SHIFTS 224.94 TH.COAL 23:23 ON A/C PORT 74,250 32.26 0.00"
dtr2007.pdf,2026-07-19,2026-07-20,2026-07-20,2026-07-20T18:30:00,SEA SPIRIT,SEA SPIRIT,BERTHS,EQ-3,18:30,199.9,32.26,0.0,TH.COAL,60000.0,,5,"20-07-26 EQ-3MV. SEA SPIRIT BERTHS 199.90 TH.COAL 18:30 60,000 32.26 0.00"
dtr2007.pdf,2026-07-19,2026-07-20,2026-07-20,2026-07-20T22:00:00,AM UMANG,AM UMANG,SAILS,MPB,22:00,228.99,32.31,13.56,PYROXENITE,35317.0,,5,"20-07-26 MPBMV. AM UMANG SAILS 228.99 PYROXENITE 22:00 35,317 32.31 13.56"
dtr2007.pdf,2026-07-19,2026-07-20,2026-07-20,2026-07-20T22:30:00,OBS SATURN,OBS SATURN,BERTHS,MPB,22:30,190.0,32.26,9.7,H COAL,34329.0,PRIORITY BERTHING,5,"20-07-26 MPBMV. OBS SATURN BERTHS 190.00 H COAL 22:30 PRIORITY BERTHING 34,329 32.26 9.70"
dtr2107.pdf,2026-07-20,2026-07-21,2026-07-21,2026-07-21T12:00:00,KALLISTA,KALLISTA,SAILS,SPM-3,12:00,333.13,60.05,19.85,CRUDE OIL,261715.0,,5,"21-07-26 SPM-3MT. KALLISTA SAILS 333.13 CRUDE OIL 12:00 261,715 60.05 19.85"
dtr2107.pdf,2026-07-20,2026-07-21,2026-07-21,2026-07-21T14:00:00,RIPLEY PROSPERITY,RIPLEY PROSPERITY,SAILS,CB-1,14:00,224.94,32.26,14.5,TH.COAL,74250.0,,5,"21-07-26 CB-1MV. RIPLEY PROSPERITY SAILS 224.94 TH.COAL 14:00 74,250 32.26 0.00 21-07-26 CB-1MV. RIPLEY PROGRESS SHIFTS 225.00 TH.COAL 14:30 ON A/C PORT 31,900 32.26 14.50"
dtr2107.pdf,2026-07-20,2026-07-21,2026-07-21,2026-07-21T15:00:00,CENTURION ROMULUS,CENTURION ROMULUS,BERTHS,EQ-2,15:00,199.95,32.26,14.0,TH.COAL,60000.0,,5,"21-07-26 EQ-2MV. CENTURION ROMULUS BERTHS 199.95 TH.COAL 15:00 60,000 32.26 14.00"
dtr2107.pdf,2026-07-20,2026-07-21,2026-07-21,2026-07-21T16:00:00,ALAM SAYANG,ALAM SAYANG,SAILS,SQ,16:00,199.99,32.26,0.0,N C.COAL,50000.0,,5,"21-07-26 SQMV. ALAM SAYANG SAILS 199.99 N C.COAL 16:00 50,000 32.24 10.40 21-07-26 SQMV. KSL RUIYANG SHIFTS 189.99 PYROXENITE 16:30 ON A/C PORT 55,200 32.26 0.00"
dtr2107.pdf,2026-07-20,2026-07-21,2026-07-21,2026-07-21T17:00:00,AOM FEDERICA,AOM FEDERICA,BERTHS,CQ-2,17:00,229.0,32.26,14.47,S.COAL,79797.0,,5,"21-07-26 CQ-2MV. AOM FEDERICA BERTHS 229.00 S.COAL 17:00 79,797 32.26 14.47"
dtr2107.pdf,2026-07-20,2026-07-21,2026-07-21,2026-07-21T22:00:00,GLORY V,GLORY V,SAILS,CQ-1,22:00,225.0,32.26,13.1,I.ORE,74680.0,,5,"21-07-26 CQ-1MV. GLORY V SAILS 225.00 I.ORE 22:00 74,680 32.26 14.50 21-07-26 CQ-1MV. ATLANTIC VISION SHIFTS 189.99 I.ORE 22:30 ON A/C BUNTY 53,700 32.26 13.10"
dtr2207.pdf,2026-07-21,2026-07-22,2026-07-21,2026-07-21T23:54:00,HELLAS SPARTA,HELLAS SPARTA,BERTHS,SOJ,23:54,225.12,9.6,0.0,BUTANE/PROPA,26390.0,,5,"21-07-26 SOJMT. HELLAS SPARTA BERTHS 225.12 BUTANE/PROPA 23:54 26,390 36.60 0.00 22-07-26 FB-1TUG PARVATI SHIFTS 30.11 NO 06:35 9.60 0.00"
dtr2107.pdf,2026-07-20,2026-07-21,2026-07-22,2026-07-22T01:00:00,APJ SETHU,APJ SETHU,SAILS,CB-2,01:00,224.86,32.26,0.0,TH.COAL,80070.0,,5,"22-07-26 CB-2MV. APJ SETHU SAILS 224.86 TH.COAL 01:00 80,070 32.26 0.00"
dtr2107.pdf,2026-07-20,2026-07-21,2026-07-22,2026-07-22T01:30:00,CHOLA TREASURE,CHOLA TREASURE,BERTHS,CB-2,01:30,225.0,32.26,14.5,TH.COAL,69000.0,,5,"22-07-26 CB-2MV. CHOLA TREASURE BERTHS 225.00 TH.COAL 01:30 69,000 32.26 14.50"
dtr2107.pdf,2026-07-20,2026-07-21,2026-07-22,2026-07-22T02:00:00,CORONET,CORONET,SAILS,NOJ,02:00,183.22,32.2,0.0,HSD/M.SPIRIT,29900.0,,5,"22-07-26 NOJMT. CORONET SAILS 183.22 HSD/M.SPIRIT 02:00 29,900 32.20 0.00"
dtr2107.pdf,2026-07-20,2026-07-21,2026-07-22,2026-07-22T02:30:00,PATRIOT,PATRIOT,BERTHS,NOJ,02:30,179.88,32.0,11.0,HSD/M.SPIRIT,29037.0,,5,"22-07-26 NOJMT. PATRIOT BERTHS 179.88 HSD/M.SPIRIT 02:30 29,037 32.00 11.00"
dtr2107.pdf,2026-07-20,2026-07-21,2026-07-22,2026-07-22T06:00:00,STAR MONA,STAR MONA,SAILS,CQ-3,06:00,228.99,32.29,14.0,I.ORE PELLET,75700.0,,5,"22-07-26 CQ-3MV. STAR MONA SAILS 228.99 I.ORE PELLET 06:00 75,700 32.29 14.00"
dtr2207.pdf,2026-07-21,2026-07-22,2026-07-22,2026-07-22T06:42:00,CORONET,CORONET,SAILS,NOJ,06:42,183.22,32.2,0.0,HSD/M.SPIRIT,31951.0,,5,"22-07-26 NOJMT. CORONET SAILS 183.22 HSD/M.SPIRIT 06:42 31,951 32.20 0.00"
dtr2107.pdf,2026-07-20,2026-07-21,2026-07-22,2026-07-22T07:00:00,KOUROS DIAMOND,KOUROS DIAMOND,BERTHS,CQ-3,07:00,189.99,32.25,10.5,LM. ST.,31685.0,,5,"22-07-26 CQ-3MV. KOUROS DIAMOND BERTHS 189.99 LM. ST. 07:00 31,685 32.25 10.50"
dtr2107.pdf,2026-07-20,2026-07-21,2026-07-22,2026-07-22T07:30:00,ATLANTIC VISION,ATLANTIC VISION,SAILS,CQ-1,07:30,189.99,32.26,13.1,I.ORE,53700.0,,5,"22-07-26 CQ-1MV. ATLANTIC VISION SAILS 189.99 I.ORE 07:30 53,700 32.26 13.10"
dtr2107.pdf,2026-07-20,2026-07-21,2026-07-22,2026-07-22T08:00:00,PROS ECHO,PROS ECHO,BERTHS,CQ-1,08:00,190.0,32.26,13.1,LM. ST.,55440.0,MGT PRIORITY,5,"22-07-26 CQ-1MV. PROS ECHO BERTHS 190.00 LM. ST. 08:00 MGT PRIORITY 55,440 32.26 13.10"
dtr2207.pdf,2026-07-21,2026-07-22,2026-07-22,2026-07-22T08:24:00,WAN TONG 18,WAN TONG 18,BERTHS,NQ-3,08:24,134.2,18.6,7.8,R.P.COKE,9704.0,,5,"22-07-26 NQ-3MV. WAN TONG 18 BERTHS 134.20 R.P.COKE 08:24 9,704 18.60 7.80"
dtr2207.pdf,2026-07-21,2026-07-22,2026-07-22,2026-07-22T09:12:00,CHOLA TREASURE,CHOLA TREASURE,BERTHS,CB-2,09:12,225.0,32.26,14.5,TH.COAL,69000.0,,5,"22-07-26 CB-2MV. CHOLA TREASURE BERTHS 225.00 TH.COAL 09:12 69,000 32.26 14.50"
dtr2207.pdf,2026-07-21,2026-07-22,2026-07-22,2026-07-22T09:30:00,SEA SPIRIT,SEA SPIRIT,SAILS,EQ-3,09:30,199.9,32.26,0.0,TH.COAL,60100.0,,5,"22-07-26 EQ-3MV. SEA SPIRIT SAILS 199.90 TH.COAL 09:30 60,100 32.26 0.00"
dtr2207.pdf,2026-07-21,2026-07-22,2026-07-22,2026-07-22T09:48:00,GLORY V,GLORY V,SAILS,CQ-1,09:48,225.0,32.26,14.5,I.ORE,74680.0,,5,"22-07-26 CQ-1MV. GLORY V SAILS 225.00 I.ORE 09:48 74,680 32.26 14.50"
dtr2207.pdf,2026-07-21,2026-07-22,2026-07-22,2026-07-22T10:00:00,NOVO,NOVO,BERTHS,SPM,10:00,274.2,32.26,13.1,CRUDE OIL,139551.0,,5,"22-07-26 SPMMT. NOVO BERTHS 274.20 CRUDE OIL 10:00 139,551 50.00 15.70 22-07-26 CQ-1MV. ATLANTIC VISION SHIFTS 189.99 I.ORE 10:30 ON A/C BUNTY 53,700 32.26 13.10"
dtr2207.pdf,2026-07-21,2026-07-22,2026-07-22,2026-07-22T11:00:00,PATRIOT,PATRIOT,BERTHS,NOJ,11:00,179.88,32.29,14.0,HSD/M.SPIRIT,29037.0,,5,"22-07-26 NOJMT. PATRIOT BERTHS 179.88 HSD/M.SPIRIT 11:00 29,037 32.00 11.00 22-07-26 ANCHORAGEMV. STAR MONA SHIFTS 228.99 I.ORE PELLET 11:30 ON A/C AMNSIPL 75,700 32.29 14.00"
dtr2207.pdf,2026-07-21,2026-07-22,2026-07-22,2026-07-22T12:00:00,KOUROS DIAMOND,KOUROS DIAMOND,BERTHS,CQ-3,12:00,189.99,32.25,10.5,LM. ST.,31685.0,,5,"22-07-26 CQ-3MV. KOUROS DIAMOND BERTHS 189.99 LM. ST. 12:00 31,685 32.25 10.50"
dtr2207.pdf,2026-07-21,2026-07-22,2026-07-22,2026-07-22T16:00:00,RIPLEY PROGRESS,RIPLEY PROGRESS,SAILS,CB-1,16:00,225.0,32.26,14.5,TH.COAL,74400.0,,5,"22-07-26 CB-1MV. RIPLEY PROGRESS SAILS 225.00 TH.COAL 16:00 74,400 32.26 14.50"
dtr2207.pdf,2026-07-21,2026-07-22,2026-07-22,2026-07-22T16:30:00,VISHVA PRERNA,VISHVA PRERNA,BERTHS,CB-1,16:30,190.0,32.26,13.5,TH.COAL,55000.0,,5,"22-07-26 CB-1MV. VISHVA PRERNA BERTHS 190.00 TH.COAL 16:30 55,000 32.26 13.50"
dtr2207.pdf,2026-07-21,2026-07-22,2026-07-22,2026-07-22T17:00:00,MINOAN SEA,MINOAN SEA,SAILS,FB-2,17:00,229.0,32.26,14.5,ROCK PHOS.,78215.0,,5,"22-07-26 FB-2MV. MINOAN SEA SAILS 229.00 ROCK PHOS. 17:00 78,215 32.26 14.50"
dtr2207.pdf,2026-07-21,2026-07-22,2026-07-22,2026-07-22T17:30:00,ANNA ELISABETH,ANNA ELISABETH,BERTHS,FB-2,17:30,189.9,32.26,0.0,SULPHUR,38500.0,,5,"22-07-26 FB-2MV. ANNA ELISABETH BERTHS 189.90 SULPHUR 17:30 38,500 32.26 0.00"
dtr2207.pdf,2026-07-21,2026-07-22,2026-07-22,2026-07-22T19:00:00,OBS SATURN,OBS SATURN,SAILS,MPB,19:00,190.0,32.26,9.7,H COAL,34329.0,,5,"22-07-26 MPBMV. OBS SATURN SAILS 190.00 H COAL 19:00 34,329 32.26 9.70"
dtr2207.pdf,2026-07-21,2026-07-22,2026-07-22,2026-07-22T19:30:00,AFRICAN KITE,AFRICAN KITE,BERTHS,MPB,19:30,199.98,32.24,13.09,I.ORE,50000.0,COASTAL PRIORITY,5,"22-07-26 MPBMV. AFRICAN KITE BERTHS 199.98 I.ORE 19:30 COASTAL PRIORITY 50,000 32.24 13.09"
dtr2207.pdf,2026-07-21,2026-07-22,2026-07-22,2026-07-22T20:00:00,ATLANTIC VISION,ATLANTIC VISION,SAILS,CQ-1,20:00,189.99,32.26,13.1,I.ORE,53700.0,,5,"22-07-26 CQ-1MV. ATLANTIC VISION SAILS 189.99 I.ORE 20:00 53,700 32.26 13.10"
dtr2207.pdf,2026-07-21,2026-07-22,2026-07-22,2026-07-22T20:30:00,CS XIAZHI,CS XIAZHI,BERTHS,CQ-1,20:30,225.0,32.26,14.35,I.ORE,73000.0,MGT PRIORITY,5,"22-07-26 CQ-1MV. CS XIAZHI BERTHS 225.00 I.ORE 20:30 MGT PRIORITY 73,000 32.26 14.35"
dtr2307.pdf,2026-07-22,2026-07-23,2026-07-23,2026-07-23T04:18:00,VIOLETTA K,VIOLETTA K,BERTHS,EQ-3,04:18,228.99,32.26,14.5,TH.COAL,75000.0,,5,"23-07-26 EQ-3MV. VIOLETTA K BERTHS 228.99 TH.COAL 04:18 75,000 32.26 14.50"
dtr2207.pdf,2026-07-21,2026-07-22,2026-07-23,2026-07-23T06:00:00,CENTURION ROMULUS,CENTURION ROMULUS,SAILS,EQ-2,06:00,199.95,32.26,14.0,TH.COAL,60000.0,,5,"23-07-26 EQ-2MV. CENTURION ROMULUS SAILS 199.95 TH.COAL 06:00 60,000 32.26 14.00"
dtr2307.pdf,2026-07-22,2026-07-23,2026-07-23,2026-07-23T07:47:00,CS XIAZHI,CS XIAZHI,BERTHS,CQ-1,07:47,225.0,32.26,14.35,I.ORE,73000.0,MGT PRIORITY,5,"23-07-26 CQ-1MV. CS XIAZHI BERTHS 225.00 I.ORE 07:47 MGT PRIORITY 73,000 32.26 14.35"
dtr2307.pdf,2026-07-22,2026-07-23,2026-07-23,2026-07-23T10:00:00,CENTURION ROMULUS,CENTURION ROMULUS,SAILS,EQ-2,10:00,199.95,32.26,13.5,TH.COAL,60000.0,,5,"23-07-26 EQ-2MV. CENTURION ROMULUS SAILS 199.95 TH.COAL 10:00 60,000 32.26 14.00 23-07-26 ANCHORAGEMV. KOUROS DIAMOND SHIFTS 189.99 LM. ST. 11:00 ON A/C AMNSIPL 31,685 32.25 10.50 23-07-26 CQ-3MV. STAR MONA REBERTHS 228.99 I.ORE PELLET 11:30 ON A/C AMNSIPL 75,700 32.29 14.00 23-07-26 ANCHORAGEMV. VISHVA PRERNA SHIFTS 190.00 TH.COAL 13:00 ON A/C VESSEL 27,000 32.26 13.50"
dtr2307.pdf,2026-07-22,2026-07-23,2026-07-23,2026-07-23T14:00:00,CHOLA TREASURE,CHOLA TREASURE,SAILS,CB-2,14:00,225.0,32.26,14.5,TH.COAL,73800.0,,5,"23-07-26 CB-2MV. CHOLA TREASURE SAILS 225.00 TH.COAL 14:00 73,800 32.26 14.50"
dtr2307.pdf,2026-07-22,2026-07-23,2026-07-23,2026-07-23T14:30:00,RIPLEY PINNACLE,RIPLEY PINNACLE,BERTHS,CB-1/CB-2,14:30,225.0,32.26,14.5,TH.COAL,75000.0,WHICHEVER BERTH IS VACANT FIRST,5,"23-07-26 CB-1/CB-2MV. RIPLEY PINNACLE BERTHS 225.00 TH.COAL 14:30 WHICHEVER BERTH IS VACANT FIRST 75,000 32.26 14.50"
dtr2307.pdf,2026-07-22,2026-07-23,2026-07-23,2026-07-23T15:00:00,PAXOS,PAXOS,BERTHS,EQ-2,15:00,229.0,32.26,14.5,TH.COAL,77000.0,,5,"23-07-26 EQ-2MV. PAXOS BERTHS 229.00 TH.COAL 15:00 77,000 32.26 14.50 23-07-26 CB-1/CB-2MV. VIOLETTA K SHIFTS 228.99 TH.COAL 17:00 ON A/C PORT(WHICHEVER BERTH IS VACANT LATER) 26,048 32.26 14.50"
dtr2307.pdf,2026-07-22,2026-07-23,2026-07-23,2026-07-23T19:00:00,NOVO,NOVO,SAILS,SPM,19:00,274.2,50.0,15.7,CRUDE OIL,139299.0,,5,"23-07-26 SPMMT. NOVO SAILS 274.20 CRUDE OIL 19:00 139,299 50.00 15.70"
dtr2307.pdf,2026-07-22,2026-07-23,2026-07-23,2026-07-23T20:00:00,HELLAS SPARTA,HELLAS SPARTA,SAILS,SOJ,20:00,225.12,36.6,0.0,BUTANE/PROPA,26391.0,,5,"23-07-26 SOJMT. HELLAS SPARTA SAILS 225.12 BUTANE/PROPA 20:00 26,391 36.60 0.00"
dtr2307.pdf,2026-07-22,2026-07-23,2026-07-23,2026-07-23T22:00:00,STAR MONA,STAR MONA,SAILS,CQ-3,22:00,228.99,32.29,14.0,I.ORE PELLET,75700.0,,5,"23-07-26 CQ-3MV. STAR MONA SAILS 228.99 I.ORE PELLET 22:00 75,700 32.29 14.00"
dtr2307.pdf,2026-07-22,2026-07-23,2026-07-23,2026-07-23T22:30:00,WESTERN EGDA,WESTERN EGDA,BERTHS,CQ-3,22:30,229.0,32.26,14.0,I.ORE PELLET,75000.0,,5,"23-07-26 CQ-3MV. WESTERN EGDA BERTHS 229.00 I.ORE PELLET 22:30 75,000 32.26 14.00"
dtr2407.pdf,2026-07-23,2026-07-24,2026-07-24,2026-07-24T00:18:00,EVER GRAND,EVER GRAND,BERTHS,EQ-3,00:18,229.0,32.26,14.5,TH.COAL,79000.0,,6,"24-07-26 EQ-3MV. EVER GRAND BERTHS 229.00 TH.COAL 00:18 79,000 32.26 14.50"
dtr2407.pdf,2026-07-23,2026-07-24,2026-07-24,2026-07-24T00:30:00,ASTRO REGULUS,ASTRO REGULUS,BERTHS,CB-2,00:30,199.99,32.25,14.5,TH.COAL,30000.0,WHICHEVER VESSEL IS ARRIVE LATER,6,"24-07-26 CB-2MV. ASTRO REGULUS BERTHS 199.99 TH.COAL 00:30 WHICHEVER VESSEL IS ARRIVE LATER 30,000 32.25 14.50"
dtr2307.pdf,2026-07-22,2026-07-23,2026-07-24,2026-07-24T03:00:00,WAN TONG 18,WAN TONG 18,SAILS,NQ-3,03:00,134.2,18.6,7.8,R.P.COKE,9704.0,,5,"24-07-26 NQ-3MV. WAN TONG 18 SAILS 134.20 R.P.COKE 03:00 9,704 18.60 7.80"
dtr2307.pdf,2026-07-22,2026-07-23,2026-07-24,2026-07-24T06:00:00,LEONIDAS PC,LEONIDAS PC,SAILS,KICT,06:00,228.99,32.26,14.43,C.COAL,79250.0,,5,"24-07-26 KICTMV. LEONIDAS PC SAILS 228.99 C.COAL 06:00 79,250 32.26 14.43"
dtr2407.pdf,2026-07-23,2026-07-24,2026-07-24,2026-07-24T06:42:00,LEONIDAS PC,LEONIDAS PC,SAILS,KICT,06:42,228.99,32.26,14.43,C.COAL,79250.0,,6,"24-07-26 KICTMV. LEONIDAS PC SAILS 228.99 C.COAL 06:42 79,250 32.26 14.43"
dtr2407.pdf,2026-07-23,2026-07-24,2026-07-24,2026-07-24T08:55:00,ALPHA WISDOM,ALPHA WISDOM,BERTHS,KICT,08:55,229.0,32.25,14.6,PCI COAL,42000.0,,6,"24-07-26 KICTMV. ALPHA WISDOM BERTHS 229.00 PCI COAL 08:55 42,000 32.25 14.60"
dtr2407.pdf,2026-07-23,2026-07-24,2026-07-24,2026-07-24T10:06:00,SANMAR SITAR,SANMAR SITAR,BERTHS,SOJ,10:06,183.0,32.2,7.5,M.SPIRIT/NAPTH,17000.0,,6,"24-07-26 SOJMT. SANMAR SITAR BERTHS 183.00 M.SPIRIT/NAPTH 10:06 17,000 32.20 7.50"
dtr2407.pdf,2026-07-23,2026-07-24,2026-07-24,2026-07-24T10:30:00,NEW PRIDE,NEW PRIDE,BERTHS,SPM-3,10:30,274.2,48.0,15.9,CRUDE OIL,138910.0,,6,"24-07-26 SPM-3MT. NEW PRIDE BERTHS 274.20 CRUDE OIL 10:30 138,910 48.00 15.90"
dtr2307.pdf,2026-07-22,2026-07-23,2026-07-24,2026-07-24T11:00:00,OCEANIA,OCEANIA,BERTHS,SPM,11:00,274.0,50.0,15.7,CRUDE OIL,138320.0,,5,"24-07-26 SPMMT. OCEANIA BERTHS 274.00 CRUDE OIL 11:00 138,320 50.00 15.70"
dtr2407.pdf,2026-07-23,2026-07-24,2026-07-24,2026-07-24T11:30:00,KSL RUIYANG,KSL RUIYANG,SAILS,SQ,11:30,189.99,32.24,13.09,PYROXENITE,55200.0,,6,"24-07-26 SQMV. KSL RUIYANG SAILS 189.99 PYROXENITE 11:30 55,200 32.26 0.00 24-07-26 SQMV. AFRICAN KITE SHIFTS 199.98 I.ORE 12:00 ON A/C PORT 58,500 32.24 13.09"
dtr2407.pdf,2026-07-23,2026-07-24,2026-07-24,2026-07-24T12:30:00,PROS ECHO,PROS ECHO,BERTHS,MPB,12:30,190.0,32.26,13.1,LM. ST.,55440.0,MGT PRIORITY,6,"24-07-26 MPBMV. PROS ECHO BERTHS 190.00 LM. ST. 12:30 MGT PRIORITY 55,440 32.26 13.10"
dtr2407.pdf,2026-07-23,2026-07-24,2026-07-24,2026-07-24T13:00:00,OCEANIA,OCEANIA,BERTHS,SPM,13:00,274.0,10.36,0.0,CRUDE OIL,138320.0,,6,"24-07-26 SPMMT. OCEANIA BERTHS 274.00 CRUDE OIL 13:00 138,320 50.00 15.70 24-07-26 NQ-1MT. OSL TANKER II SHIFTS 49.30 NO 14:00 ON A/C VESSEL 10.36 0.00"
dtr2407.pdf,2026-07-23,2026-07-24,2026-07-24,2026-07-24T18:00:00,VIOLETTA K,VIOLETTA K,SAILS,CB-1,18:00,228.99,32.26,14.5,TH.COAL,51278.0,,6,"24-07-26 CB-1MV. VIOLETTA K SAILS 228.99 TH.COAL 18:00 51,278 32.26 14.50"
dtr2407.pdf,2026-07-23,2026-07-24,2026-07-24,2026-07-24T18:30:00,CHOLA MELODY,CHOLA MELODY,BERTHS,CB-1,18:30,224.99,32.26,14.5,TH.COAL,75000.0,WHICHEVER VESSEL IS ARRIVE FIRST,6,"24-07-26 CB-1MV. CHOLA MELODY BERTHS 224.99 TH.COAL 18:30 WHICHEVER VESSEL IS ARRIVE FIRST 75,000 32.26 14.50"
dtr2407.pdf,2026-07-23,2026-07-24,2026-07-24,2026-07-24T18:35:00,ASTRO REGULUS,ASTRO REGULUS,BERTHS,CB-1,18:35,199.99,32.25,14.5,TH.COAL,30000.0,WHICHEVER VESSEL IS ARRIVE FIRST,6,"24-07-26 CB-1MV. ASTRO REGULUS BERTHS 199.99 TH.COAL 18:35 WHICHEVER VESSEL IS ARRIVE FIRST 30,000 32.25 14.50"
dtr2407.pdf,2026-07-23,2026-07-24,2026-07-24,2026-07-24T19:00:00,PATRIOT,PATRIOT,SAILS,NOJ,19:00,179.88,32.0,11.0,HSD/M.SPIRIT,29020.0,,6,"24-07-26 NOJMT. PATRIOT SAILS 179.88 HSD/M.SPIRIT 19:00 29,020 32.00 11.00"
dtr2407.pdf,2026-07-23,2026-07-24,2026-07-24,2026-07-24T19:30:00,SANMAR SANTOOR,SANMAR SANTOOR,BERTHS,NOJ,19:30,182.5,32.2,12.0,HSD/M.SPIRIT,14300.0,,6,"24-07-26 NOJMT. SANMAR SANTOOR BERTHS 182.50 HSD/M.SPIRIT 19:30 14,300 32.20 12.00"
dtr2407.pdf,2026-07-23,2026-07-24,2026-07-24,2026-07-24T23:00:00,ANNA ELISABETH,ANNA ELISABETH,SAILS,FB-2,23:00,189.9,32.26,0.0,SULPHUR,38500.0,,6,"24-07-26 FB-2MV. ANNA ELISABETH SAILS 189.90 SULPHUR 23:00 38,500 32.26 0.00"
dtr2407.pdf,2026-07-23,2026-07-24,2026-07-24,2026-07-24T23:30:00,RIPLEY PINNACLE,RIPLEY PINNACLE,SAILS,CB-2,23:30,225.0,32.26,14.5,TH.COAL,75280.0,,6,"24-07-26 CB-2MV. RIPLEY PINNACLE SAILS 225.00 TH.COAL 23:30 75,280 32.26 14.50 25-07-26 CB-2MV. PAXOS SHIFTS 229.00 TH.COAL 00:01 ON A/C PORT 54,130 32.26 14.50"
dtr2407.pdf,2026-07-23,2026-07-24,2026-07-25,2026-07-25T00:30:00,BASIC SUN,BASIC SUN,BERTHS,EQ-2,00:30,229.0,32.24,14.5,TH.COAL,77000.0,,6,"25-07-26 EQ-2MV. BASIC SUN BERTHS 229.00 TH.COAL 00:30 77,000 32.24 14.50"
dtr2507.pdf,2026-07-24,2026-07-25,2026-07-25,2026-07-25T06:00:00,ZE HUI,ZE HUI,BERTHS,FB-2,06:00,179.9,28.4,10.99,SULPHUR,33251.0,,5,"25-07-26 FB-2MV. ZE HUI BERTHS 179.90 SULPHUR 06:00 33,251 28.40 10.99"
dtr2507.pdf,2026-07-24,2026-07-25,2026-07-25,2026-07-25T07:00:00,HELEN BULKER,HELEN BULKER,BERTHS,WD,07:00,154.38,26.0,10.0,HR. COIL/STEEL PLATE,15165.0,,5,"25-07-26 WDMV. HELEN BULKER BERTHS 154.38 HR. COIL/STEEL PLATE 07:00 15,165 26.00 10.00"
dtr2507.pdf,2026-07-24,2026-07-25,2026-07-25,2026-07-25T08:00:00,EVER GRAND,EVER GRAND,SAILS,EQ-3,08:00,229.0,32.26,14.5,TH.COAL,78900.0,,5,"25-07-26 EQ-3MV. EVER GRAND SAILS 229.00 TH.COAL 08:00 78,900 32.26 14.50"
dtr2507.pdf,2026-07-24,2026-07-25,2026-07-25,2026-07-25T09:00:00,BASIC SUN,BASIC SUN,BERTHS,EQ-3,09:00,229.0,32.26,14.5,TH.COAL,77000.0,,5,"25-07-26 EQ-3MV. BASIC SUN BERTHS 229.00 TH.COAL 09:00 77,000 32.24 14.50 25-07-26 CB-2MV. PAXOS SHIFTS 229.00 TH.COAL 09:30 ON A/C PORT 54,630 32.26 14.50"
dtr2407.pdf,2026-07-23,2026-07-24,2026-07-25,2026-07-25T09:00:00,WESTERN EGDA,WESTERN EGDA,SAILS,CQ-3,09:00,229.0,32.26,14.0,I.ORE PELLET,75350.0,,6,"25-07-26 CQ-3MV. WESTERN EGDA SAILS 229.00 I.ORE PELLET 09:00 75,350 32.26 14.00"
dtr2407.pdf,2026-07-23,2026-07-24,2026-07-25,2026-07-25T09:30:00,AM UMANG,AM UMANG,BERTHS,CQ-3,09:30,228.99,32.31,14.0,I.ORE PELLET,75000.0,,6,"25-07-26 CQ-3MV. AM UMANG BERTHS 228.99 I.ORE PELLET 09:30 75,000 32.31 14.00"
dtr2407.pdf,2026-07-23,2026-07-24,2026-07-25,2026-07-25T10:00:00,ZHONG CHANG 528,ZHONG CHANG 528,SAILS,IOB,10:00,189.99,32.26,13.0,I.ORE,54455.0,,6,"25-07-26 IOBMV. ZHONG CHANG 528 SAILS 189.99 I.ORE 10:00 54,455 32.26 13.00"
dtr2507.pdf,2026-07-24,2026-07-25,2026-07-25,2026-07-25T10:30:00,STAR CRIMSON,STAR CRIMSON,BERTHS,EQ-2,10:30,199.98,11.5,3.4,TH.COAL,60000.0,,5,"25-07-26 EQ-2MV. STAR CRIMSON BERTHS 199.98 TH.COAL 10:30 60,000 32.24 13.10 25-07-26 NQ-1MT. OSL TANKER II SHIFTS 49.30 NO 10:45 ON A/C VESSEL 10.36 0.00 25-07-26 NQ-1MT. VAMSEE SHIFTS 69.81 NO 11:00 ON A/C VESSEL 11.50 3.40"
dtr2407.pdf,2026-07-23,2026-07-24,2026-07-25,2026-07-25T10:30:00,THASSOS,THASSOS,BERTHS,IOB,10:30,189.9,32.26,0.0,I.ORE,56000.0,,6,"25-07-26 IOBMV. THASSOS BERTHS 189.90 I.ORE 10:30 56,000 32.26 0.00"
dtr2507.pdf,2026-07-24,2026-07-25,2026-07-25,2026-07-25T11:30:00,SANMAR SITAR,SANMAR SITAR,SAILS,SOJ,11:30,183.0,32.2,7.5,M.SPIRIT/NAPTH A,16500.0,,5,"25-07-26 SOJMT. SANMAR SITAR SAILS 183.00 M.SPIRIT/NAPTH A 11:30 16,500 32.20 7.50"
dtr2507.pdf,2026-07-24,2026-07-25,2026-07-25,2026-07-25T12:00:00,MEGREZ,MEGREZ,BERTHS,SOJ,12:00,229.9,37.24,0.0,BUTANE/PROPA NE,8209.0,,5,"25-07-26 SOJMT. MEGREZ BERTHS 229.90 BUTANE/PROPA NE 12:00 8,209 37.24 0.00"
dtr2507.pdf,2026-07-24,2026-07-25,2026-07-25,2026-07-25T12:30:00,WESTERN EGDA,WESTERN EGDA,SAILS,CQ-3,12:30,229.0,32.26,14.0,I.ORE PELLET,75350.0,,5,"25-07-26 CQ-3MV. WESTERN EGDA SAILS 229.00 I.ORE PELLET 12:30 75,350 32.26 14.00"
dtr2507.pdf,2026-07-24,2026-07-25,2026-07-25,2026-07-25T13:00:00,AM UMANG,AM UMANG,BERTHS,CQ-3,13:00,228.99,32.31,14.0,I.ORE PELLET,75000.0,,5,"25-07-26 CQ-3MV. AM UMANG BERTHS 228.99 I.ORE PELLET 13:00 75,000 32.31 14.00"
dtr2507.pdf,2026-07-24,2026-07-25,2026-07-25,2026-07-25T17:00:00,ASTRO REGULUS,ASTRO REGULUS,SAILS,CB-1,17:00,199.99,32.25,14.5,TH.COAL,33711.0,,5,"25-07-26 CB-1MV. ASTRO REGULUS SAILS 199.99 TH.COAL 17:00 33,711 32.25 14.50"
dtr2507.pdf,2026-07-24,2026-07-25,2026-07-25,2026-07-25T17:30:00,FYLA,FYLA,BERTHS,CB-1,17:30,235.0,32.25,14.5,TH.COAL,75000.0,,5,"25-07-26 CB-1MV. FYLA BERTHS 235.00 TH.COAL 17:30 75,000 32.25 14.50"
dtr2507.pdf,2026-07-24,2026-07-25,2026-07-25,2026-07-25T18:00:00,ZHONG CHANG 528,ZHONG CHANG 528,SAILS,IOB,18:00,189.99,32.26,13.0,I.ORE,54455.0,,5,"25-07-26 IOBMV. ZHONG CHANG 528 SAILS 189.99 I.ORE 18:00 54,455 32.26 13.00"
dtr2507.pdf,2026-07-24,2026-07-25,2026-07-25,2026-07-25T19:00:00,THASSOS,THASSOS,BERTHS,IOB,19:00,189.9,32.26,0.0,I.ORE,56000.0,,5,"25-07-26 IOBMV. THASSOS BERTHS 189.90 I.ORE 19:00 56,000 32.26 0.00"
dtr2507.pdf,2026-07-24,2026-07-25,2026-07-25,2026-07-25T20:00:00,ALPHA WISDOM,ALPHA WISDOM,SAILS,KICT,20:00,229.0,32.25,14.6,PCI COAL,43451.0,,5,"25-07-26 KICTMV. ALPHA WISDOM SAILS 229.00 PCI COAL 20:00 43,451 32.25 14.60"
dtr2507.pdf,2026-07-24,2026-07-25,2026-07-25,2026-07-25T20:15:00,MAMA STRENGTH,MAMA STRENGTH,SAILS,PICT-2,20:15,225.0,32.26,7.5,PIG IRON,66000.0,,5,"25-07-26 PICT-2MV. MAMA STRENGTH SAILS 225.00 PIG IRON 20:15 66,000 32.26 7.50"
dtr2507.pdf,2026-07-24,2026-07-25,2026-07-25,2026-07-25T21:00:00,OCEANIA,OCEANIA,SAILS,SPM,21:00,274.0,50.0,15.7,CRUDE OIL,138064.0,,5,"25-07-26 SPMMT. OCEANIA SAILS 274.00 CRUDE OIL 21:00 138,064 50.00 15.70"
dtr2507.pdf,2026-07-24,2026-07-25,2026-07-25,2026-07-25T21:30:00,NEW PRIDE,NEW PRIDE,SAILS,SPM-2,21:30,274.2,48.0,15.9,CRUDE OIL,138685.0,,5,"25-07-26 SPM-2MT. NEW PRIDE SAILS 274.20 CRUDE OIL 21:30 138,685 48.00 15.90"
dtr2507.pdf,2026-07-24,2026-07-25,2026-07-25,2026-07-25T22:00:00,AOM FEDERICA,AOM FEDERICA,SAILS,CQ-2,22:00,229.0,32.26,14.47,S.COAL,79797.0,,5,"25-07-26 CQ-2MV. AOM FEDERICA SAILS 229.00 S.COAL 22:00 79,797 32.26 14.47"
dtr2507.pdf,2026-07-24,2026-07-25,2026-07-25,2026-07-25T23:00:00,GLYFADA I,GLYFADA I,BERTHS,CQ-2,23:00,225.0,32.26,14.3,C.COAL,73000.0,,5,"25-07-26 CQ-2MV. GLYFADA I BERTHS 225.00 C.COAL 23:00 73,000 32.26 14.30"
dtr2507.pdf,2026-07-24,2026-07-25,2026-07-26,2026-07-26T00:30:00,AFRICAN KITE,AFRICAN KITE,SAILS,SQ,00:30,199.98,32.24,13.09,I.ORE,58500.0,,5,"26-07-26 SQMV. AFRICAN KITE SAILS 199.98 I.ORE 00:30 58,500 32.24 13.09"
dtr2507.pdf,2026-07-24,2026-07-25,2026-07-26,2026-07-26T01:00:00,LEGEND I,LEGEND I,BERTHS,SQ,01:00,229.0,32.26,8.0,LAM COKE,11000.0,,5,"26-07-26 SQMV. LEGEND I BERTHS 229.00 LAM COKE 01:00 11,000 32.26 8.00"
dtr2607-2.pdf,2026-07-25,2026-07-26,2026-07-26,2026-07-26T04:06:00,NEFELI GR,NEFELI GR,BERTHS,KICT,04:06,229.0,32.26,14.56,C.COAL,78805.0,,6,"26-07-26 KICTMV. NEFELI GR BERTHS 229.00 C.COAL 04:06 78,805 32.26 14.56"
dtr2607-2.pdf,2026-07-25,2026-07-26,2026-07-26,2026-07-26T06:30:00,MAMA STRENGTH,MAMA STRENGTH,SAILS,PICT-2,06:30,225.0,32.26,7.5,PIG IRON,66000.0,,6,"26-07-26 PICT-2MV. MAMA STRENGTH SAILS 225.00 PIG IRON 06:30 66,000 32.26 7.50"
dtr2607-2.pdf,2026-07-25,2026-07-26,2026-07-26,2026-07-26T07:42:00,PAXOS,PAXOS,SAILS,CB-2,07:42,229.0,32.26,14.5,TH.COAL,80051.0,,6,"26-07-26 CB-2MV. PAXOS SAILS 229.00 TH.COAL 07:42 80,051 32.26 14.50"
dtr2607-2.pdf,2026-07-25,2026-07-26,2026-07-26,2026-07-26T09:00:00,DISCOVERY,DISCOVERY,BERTHS,SPM-3,09:00,280.5,50.0,14.3,CRUDE OIL,124969.0,,6,"26-07-26 SPM-3MT. DISCOVERY BERTHS 280.50 CRUDE OIL 09:00 124,969 50.00 14.30"
dtr2607-2.pdf,2026-07-25,2026-07-26,2026-07-26,2026-07-26T09:12:00,LEGEND I,LEGEND I,BERTHS,SQ,09:12,229.0,32.26,8.0,LAM COKE,11000.0,,6,"26-07-26 SQMV. LEGEND I BERTHS 229.00 LAM COKE 09:12 11,000 32.26 8.00"
dtr2607-2.pdf,2026-07-25,2026-07-26,2026-07-26,2026-07-26T09:54:00,CHOLA MELODY,CHOLA MELODY,BERTHS,CB-2,09:54,224.99,32.25,10.5,TH.COAL,75000.0,,6,"26-07-26 CB-2MV. CHOLA MELODY BERTHS 224.99 TH.COAL 09:54 75,000 32.26 14.50 26-07-26 NIOBMV. CS XIAZHI SHIFTS 225.00 I.ORE 12:00 ON A/C VESSEL 72,600 32.26 14.35 26-07-26 CQ-1MV. KOUROS DIAMOND REBERTHS 189.99 LM. ST. 12:30 ON A/C AMNSIL 31,685 32.25 10.50"
dtr2607-2.pdf,2026-07-25,2026-07-26,2026-07-26,2026-07-26T13:00:00,ARROW,ARROW,BERTHS,SPM-2,13:00,249.0,44.0,0.0,CRUDE OIL,99916.0,,6,"26-07-26 SPM-2MT. ARROW BERTHS 249.00 CRUDE OIL 13:00 99,916 44.00 0.00"
dtr2607-2.pdf,2026-07-25,2026-07-26,2026-07-26,2026-07-26T18:00:00,ZHONG CHANG 528,ZHONG CHANG 528,SAILS,IOB,18:00,189.99,32.26,13.0,I.ORE,54455.0,,6,"26-07-26 IOBMV. ZHONG CHANG 528 SAILS 189.99 I.ORE 18:00 54,455 32.26 13.00"
dtr2607-2.pdf,2026-07-25,2026-07-26,2026-07-26,2026-07-26T19:00:00,THASSOS,THASSOS,BERTHS,IOB,19:00,189.9,32.26,0.0,I.ORE,56000.0,,6,"26-07-26 IOBMV. THASSOS BERTHS 189.90 I.ORE 19:00 56,000 32.26 0.00"
dtr2607-2.pdf,2026-07-25,2026-07-26,2026-07-26,2026-07-26T21:00:00,MEGREZ,MEGREZ,SAILS,SOJ,21:00,229.9,32.2,0.0,BUTANE/PROPA NE,8209.0,,6,"26-07-26 SOJMT. MEGREZ SAILS 229.90 BUTANE/PROPA NE 21:00 8,209 37.24 0.00 26-07-26 SOJMT. BOURBON REBERTHS 183.20 ATF 21:30 ON A/C IOCL 9,086 32.20 0.00"
dtr2607-2.pdf,2026-07-25,2026-07-26,2026-07-26,2026-07-26T22:00:00,BASIC SUN,BASIC SUN,SAILS,EQ-3,22:00,229.0,32.24,14.5,TH.COAL,75456.0,,6,"26-07-26 EQ-3MV. BASIC SUN SAILS 229.00 TH.COAL 22:00 75,456 32.24 14.50"
dtr2607-2.pdf,2026-07-25,2026-07-26,2026-07-26,2026-07-26T23:00:00,SANMAR SANTOOR,SANMAR SANTOOR,SAILS,NOJ,23:00,182.5,32.2,12.0,HSD/M.SPIRIT,18751.0,,6,"26-07-26 NOJMT. SANMAR SANTOOR SAILS 182.50 HSD/M.SPIRIT 23:00 18,751 32.20 12.00"
dtr2607-2.pdf,2026-07-25,2026-07-26,2026-07-26,2026-07-26T23:30:00,KESTREL,KESTREL,BERTHS,NOJ,23:30,182.5,32.2,7.5,F.O,6000.0,,6,"26-07-26 NOJMT. KESTREL BERTHS 182.50 F.O 23:30 6,000 32.20 7.50"
dtr2607-2.pdf,2026-07-25,2026-07-26,2026-07-27,2026-07-27T00:01:00,ZE HUI,ZE HUI,SAILS,FB-2,00:01,179.9,28.4,10.95,SULPHUR,33251.0,,6,"27-07-26 FB-2MV. ZE HUI SAILS 179.90 SULPHUR 00:01 33,251 28.40 10.95"
dtr2707.pdf,2026-07-26,2026-07-27,2026-07-27,2026-07-27T00:18:00,ROYAL,ROYAL,BERTHS,PICT,00:18,199.9,32.26,11.65,STEEL SLAB,48000.0,,6,"27-07-26 PICTMV. ROYAL BERTHS 199.90 STEEL SLAB 00:18 48,000 32.26 11.65"
dtr2607-2.pdf,2026-07-25,2026-07-26,2026-07-27,2026-07-27T02:00:00,STAR CRIMSON,STAR CRIMSON,SAILS,EQ-2,02:00,199.98,32.24,13.1,TH.COAL,59548.0,,6,"27-07-26 EQ-2MV. STAR CRIMSON SAILS 199.98 TH.COAL 02:00 59,548 32.24 13.10"
dtr2607-2.pdf,2026-07-25,2026-07-26,2026-07-27,2026-07-27T03:00:00,ORDU,ORDU,BERTHS,EQ-2,03:00,229.07,32.26,14.5,TH.COAL,77000.0,,6,"27-07-26 EQ-2MV. ORDU BERTHS 229.07 TH.COAL 03:00 77,000 32.26 14.50"
dtr2607-2.pdf,2026-07-25,2026-07-26,2026-07-27,2026-07-27T06:00:00,FYLA,FYLA,SAILS,CB-1,06:00,235.0,32.25,14.5,TH.COAL,80100.0,,6,"27-07-26 CB-1MV. FYLA SAILS 235.00 TH.COAL 06:00 80,100 32.25 14.50"
dtr2707.pdf,2026-07-26,2026-07-27,2026-07-27,2026-07-27T06:30:00,ZE HUI,ZE HUI,SAILS,FB-2,06:30,179.9,28.4,10.95,SULPHUR,33251.0,,6,"27-07-26 FB-2MV. ZE HUI SAILS 179.90 SULPHUR 06:30 33,251 28.40 10.95"
dtr2607-2.pdf,2026-07-25,2026-07-26,2026-07-27,2026-07-27T07:00:00,DECCAN PRIDE,DECCAN PRIDE,BERTHS,CB-1,07:00,225.0,32.26,14.5,TH.COAL,73500.0,,6,"27-07-26 CB-1MV. DECCAN PRIDE BERTHS 225.00 TH.COAL 07:00 73,500 32.26 14.50"
dtr2707.pdf,2026-07-26,2026-07-27,2026-07-27,2026-07-27T07:12:00,BASIC SUN,BASIC SUN,SAILS,EQ-3,07:12,229.0,32.24,14.5,TH.COAL,75456.0,,6,"27-07-26 EQ-3MV. BASIC SUN SAILS 229.00 TH.COAL 07:12 75,456 32.24 14.50"
dtr2707.pdf,2026-07-26,2026-07-27,2026-07-27,2026-07-27T09:00:00,MARINE FORTUNE I,MARINE FORTUNE I,BERTHS,EQ-3,09:00,225.0,32.2,0.0,TH.COAL,72000.0,,6,"27-07-26 EQ-3MV. MARINE FORTUNE I BERTHS 225.00 TH.COAL 09:00 72,000 32.20 0.00"
dtr2607-2.pdf,2026-07-25,2026-07-26,2026-07-27,2026-07-27T10:00:00,AM UMANG,AM UMANG,SAILS,CQ-3,10:00,228.99,32.31,14.0,I.ORE PELLET,76733.0,,6,"27-07-26 CQ-3MV. AM UMANG SAILS 228.99 I.ORE PELLET 10:00 76,733 32.31 14.00"
dtr2707.pdf,2026-07-26,2026-07-27,2026-07-27,2026-07-27T11:00:00,STAR CRIMSON,STAR CRIMSON,SAILS,EQ-2,11:00,199.98,32.24,13.1,TH.COAL,59548.0,,6,"27-07-26 EQ-2MV. STAR CRIMSON SAILS 199.98 TH.COAL 11:00 59,548 32.24 13.10"
dtr2707.pdf,2026-07-26,2026-07-27,2026-07-27,2026-07-27T11:30:00,ORDU,ORDU,BERTHS,EQ-2,11:30,229.07,32.26,14.5,TH.COAL,77000.0,,6,"27-07-26 EQ-2MV. ORDU BERTHS 229.07 TH.COAL 11:30 77,000 32.26 14.50"
dtr2707.pdf,2026-07-26,2026-07-27,2026-07-27,2026-07-27T12:00:00,SAMOS,SAMOS,BERTHS,SPM,12:00,274.5,48.0,14.8,CRUDE OIL,109688.0,,6,"27-07-26 SPMMT. SAMOS BERTHS 274.50 CRUDE OIL 12:00 109,688 48.00 14.80"
dtr2707.pdf,2026-07-26,2026-07-27,2026-07-27,2026-07-27T12:30:00,ZHONG CHANG 528,ZHONG CHANG 528,SAILS,IOB,12:30,189.99,32.26,13.0,I.ORE,54455.0,,6,"27-07-26 IOBMV. ZHONG CHANG 528 SAILS 189.99 I.ORE 12:30 54,455 32.26 13.00"
dtr2707.pdf,2026-07-26,2026-07-27,2026-07-27,2026-07-27T13:00:00,THASSOS,THASSOS,BERTHS,IOB,13:00,189.9,32.26,0.0,I.ORE,56000.0,,6,"27-07-26 IOBMV. THASSOS BERTHS 189.90 I.ORE 13:00 56,000 32.26 0.00"
dtr2707.pdf,2026-07-26,2026-07-27,2026-07-27,2026-07-27T13:30:00,FYLA,FYLA,SAILS,CB-1,13:30,235.0,32.25,14.5,TH.COAL,80100.0,,6,"27-07-26 CB-1MV. FYLA SAILS 235.00 TH.COAL 13:30 80,100 32.25 14.50"
dtr2707.pdf,2026-07-26,2026-07-27,2026-07-27,2026-07-27T14:00:00,DECCAN PRIDE,DECCAN PRIDE,BERTHS,CB-1,14:00,225.0,32.26,14.5,TH.COAL,73500.0,,6,"27-07-26 CB-1MV. DECCAN PRIDE BERTHS 225.00 TH.COAL 14:00 73,500 32.26 14.50"
dtr2707.pdf,2026-07-26,2026-07-27,2026-07-27,2026-07-27T14:30:00,LEGEND I,LEGEND I,SAILS,SQ,14:30,229.0,32.26,14.35,LAM COKE,11000.0,,6,"27-07-26 SQMV. LEGEND I SAILS 229.00 LAM COKE 14:30 11,000 32.26 8.00 27-07-26 SQMV. KOUROS DIAMOND SHIFTS 189.99 LM. ST. 15:00 ON A/C PORT 31,685 32.25 10.50 27-07-26 CQ-1MV. CS XIAZHI SHIFTS 225.00 I.ORE 15:30 ON A/C VESSEL 72,600 32.26 14.35"
dtr2707.pdf,2026-07-26,2026-07-27,2026-07-27,2026-07-27T16:00:00,DISCOVERY,DISCOVERY,SAILS,SPM-3,16:00,280.5,50.0,14.3,CRUDE OIL,120531.0,,6,"27-07-26 SPM-3MT. DISCOVERY SAILS 280.50 CRUDE OIL 16:00 120,531 50.00 14.30"
dtr2707.pdf,2026-07-26,2026-07-27,2026-07-27,2026-07-27T17:00:00,CHOLA MELODY,CHOLA MELODY,SAILS,CB-2,17:00,224.99,32.26,14.5,TH.COAL,74600.0,,6,"27-07-26 CB-2MV. CHOLA MELODY SAILS 224.99 TH.COAL 17:00 74,600 32.26 14.50"
dtr2707.pdf,2026-07-26,2026-07-27,2026-07-27,2026-07-27T17:30:00,CHOLA LEGACY,CHOLA LEGACY,BERTHS,CB-2,17:30,228.99,32.26,0.0,TH.COAL,69000.0,,6,"27-07-26 CB-2MV. CHOLA LEGACY BERTHS 228.99 TH.COAL 17:30 69,000 32.26 0.00"
dtr2707.pdf,2026-07-26,2026-07-27,2026-07-27,2026-07-27T18:00:00,AM UMANG,AM UMANG,SAILS,CQ-3,18:00,228.99,32.31,14.0,I.ORE PELLET,76733.0,,6,"27-07-26 CQ-3MV. AM UMANG SAILS 228.99 I.ORE PELLET 18:00 76,733 32.31 14.00"
dtr2707.pdf,2026-07-26,2026-07-27,2026-07-27,2026-07-27T23:00:00,PROS ECHO,PROS ECHO,SAILS,MPB,23:00,190.0,32.26,13.1,LM. ST.,55440.0,,6,"27-07-26 MPBMV. PROS ECHO SAILS 190.00 LM. ST. 23:00 55,440 32.26 13.10"
dtr2707.pdf,2026-07-26,2026-07-27,2026-07-27,2026-07-27T23:30:00,ALTZEK,ALTZEK,BERTHS,MPB,23:30,229.0,32.26,14.38,C.COAL,79650.0,,6,"27-07-26 MPBMV. ALTZEK BERTHS 229.00 C.COAL 23:30 79,650 32.26 14.38"
dtr2807.pdf,2026-07-27,2026-07-28,2026-07-28,2026-07-28T08:30:00,ALTZEK,ALTZEK,BERTHS,MPB,08:30,229.0,32.26,14.38,C.COAL,79650.0,,6,"28-07-26 MPBMV. ALTZEK BERTHS 229.00 C.COAL 08:30 79,650 32.26 14.38"
dtr2807.pdf,2026-07-27,2026-07-28,2026-07-28,2026-07-28T09:00:00,DENEB,DENEB,BERTHS,SPM-3,09:00,274.3,48.0,0.0,CRUDE OIL,145012.0,,6,"28-07-26 SPM-3MT. DENEB BERTHS 274.30 CRUDE OIL 09:00 145,012 48.00 0.00"
dtr2707.pdf,2026-07-26,2026-07-27,2026-07-28,2026-07-28T10:00:00,NBA HARMONIA,NBA HARMONIA,BERTHS,WD,10:00,199.9,23.7,10.06,C.COAL,29576.0,,6,"28-07-26 WDMV. NBA HARMONIA BERTHS 199.90 C.COAL 10:00 29,576 23.70 10.06"
dtr2807.pdf,2026-07-27,2026-07-28,2026-07-28,2026-07-28T10:00:00,NBA HARMONIA,NBA HARMONIA,BERTHS,WD,10:00,199.9,23.7,10.06,C.COAL,29576.0,,6,"28-07-26 WDMV. NBA HARMONIA BERTHS 199.90 C.COAL 10:00 29,576 23.70 10.06"
dtr2807.pdf,2026-07-27,2026-07-28,2026-07-28,2026-07-28T10:30:00,CX GEMMA,CX GEMMA,BERTHS,NIOB,10:30,199.9,25.21,5.5,I.ORE PELLET,60000.0,,6,"28-07-26 NIOBMV. CX GEMMA BERTHS 199.90 I.ORE PELLET 10:30 60,000 32.26 13.30 28-07-26 ANCHORAGEMV. MSC TIGER F SHIFTS 154.51 CONTAINER 12:00 ON A/C VESSEL 925 25.21 5.50"
dtr2807.pdf,2026-07-27,2026-07-28,2026-07-28,2026-07-28T15:30:00,OCEAN WINNER,OCEAN WINNER,BERTHS,FB-1,15:30,225.0,32.26,13.92,SULPHUR,69300.0,,6,"28-07-26 FB-1MV. OCEAN WINNER BERTHS 225.00 SULPHUR 15:30 69,300 32.26 13.92"
dtr2807.pdf,2026-07-27,2026-07-28,2026-07-28,2026-07-28T18:00:00,SAMOS,SAMOS,SAILS,SPM,18:00,274.5,48.0,14.8,CRUDE OIL,109740.0,,6,"28-07-26 SPMMT. SAMOS SAILS 274.50 CRUDE OIL 18:00 109,740 48.00 14.80"
dtr2807.pdf,2026-07-27,2026-07-28,2026-07-29,2026-07-29T00:30:00,KOUROS DIAMOND,KOUROS DIAMOND,SAILS,SQ,00:30,189.99,32.26,14.3,LM. ST.,31685.0,,6,"29-07-26 SQMV. KOUROS DIAMOND SAILS 189.99 LM. ST. 00:30 31,685 32.25 10.50 29-07-26 SQMV. GLYFADA I SHIFTS 225.00 C.COAL 01:00 ON A/C PORT 73,000 32.26 14.30"
dtr2807.pdf,2026-07-27,2026-07-28,2026-07-29,2026-07-29T01:30:00,GUO YUAN 86,GUO YUAN 86,BERTHS,CQ-2,01:30,229.0,34.5,14.43,C.COAL,82500.0,,6,"29-07-26 CQ-2MV. GUO YUAN 86 BERTHS 229.00 C.COAL 01:30 82,500 34.50 14.43"
dtr2807.pdf,2026-07-27,2026-07-28,2026-07-29,2026-07-29T02:00:00,KESTREL,KESTREL,SAILS,NOJ,02:00,182.5,32.2,7.5,F.O,8500.0,,6,"29-07-26 NOJMT. KESTREL SAILS 182.50 F.O 02:00 8,500 32.20 7.50"
dtr2807.pdf,2026-07-27,2026-07-28,2026-07-29,2026-07-29T03:00:00,MARINE FORTUNE I,MARINE FORTUNE I,SAILS,EQ-3,03:00,225.0,32.2,0.0,TH.COAL,71122.0,,6,"29-07-26 EQ-3MV. MARINE FORTUNE I SAILS 225.00 TH.COAL 03:00 71,122 32.20 0.00"
dtr2807.pdf,2026-07-27,2026-07-28,2026-07-29,2026-07-29T03:30:00,AFRICAN KITE,AFRICAN KITE,BERTHS,EQ-3,03:30,199.98,32.24,7.0,TH.COAL,26000.0,,6,"29-07-26 EQ-3MV. AFRICAN KITE BERTHS 199.98 TH.COAL 03:30 26,000 32.24 7.00"
dtr2807.pdf,2026-07-27,2026-07-28,2026-07-29,2026-07-29T04:00:00,DECCAN PRIDE,DECCAN PRIDE,SAILS,CB-1,04:00,225.0,32.26,14.5,TH.COAL,73500.0,,6,"29-07-26 CB-1MV. DECCAN PRIDE SAILS 225.00 TH.COAL 04:00 73,500 32.26 14.50"
dtr2807.pdf,2026-07-27,2026-07-28,2026-07-29,2026-07-29T06:00:00,ORDU,ORDU,SAILS,EQ-2,06:00,229.07,32.26,14.5,TH.COAL,74700.0,,6,"29-07-26 EQ-2MV. ORDU SAILS 229.07 TH.COAL 06:00 74,700 32.26 14.50"
dtr2807.pdf,2026-07-27,2026-07-28,2026-07-29,2026-07-29T06:30:00,CHOLA PROSPERITY,CHOLA PROSPERITY,BERTHS,EQ-2,06:30,225.0,32.26,14.5,TH.COAL,75000.0,,6,"29-07-26 EQ-2MV. CHOLA PROSPERITY BERTHS 225.00 TH.COAL 06:30 75,000 32.26 14.50"
dtr2907.pdf,2026-07-28,2026-07-29,2026-07-29,2026-07-29T06:54:00,KOUROS DIAMOND,KOUROS DIAMOND,SAILS,SQ,06:54,189.99,32.26,14.3,LM. ST.,31685.0,,5,"29-07-26 SQMV. KOUROS DIAMOND SAILS 189.99 LM. ST. 06:54 31,685 32.25 10.50 29-07-26 ANCHORAGEMV. MSC TIGER F SHIFTS 154.51 CONTAINER 07:12 ON A/C VESSEL 926 25.21 5.50 29-07-26 SQMV. GLYFADA I SHIFTS 225.00 C.COAL 07:42 ON A/C PORT 73,000 32.26 14.30"
dtr2807.pdf,2026-07-27,2026-07-28,2026-07-29,2026-07-29T07:00:00,CHOLA LEGACY,CHOLA LEGACY,SAILS,CB-2,07:00,228.99,32.26,0.0,TH.COAL,80500.0,,6,"29-07-26 CB-2MV. CHOLA LEGACY SAILS 228.99 TH.COAL 07:00 80,500 32.26 0.00"
dtr2807.pdf,2026-07-27,2026-07-28,2026-07-29,2026-07-29T08:00:00,MYKONOS,MYKONOS,BERTHS,CQ-3,08:00,229.0,32.26,14.0,I.ORE PELLET,75000.0,,6,"29-07-26 CQ-3MV. MYKONOS BERTHS 229.00 I.ORE PELLET 08:00 75,000 32.26 14.00"
dtr2907.pdf,2026-07-28,2026-07-29,2026-07-29,2026-07-29T08:30:00,CHOLA LEGACY,CHOLA LEGACY,SAILS,CB-2,08:30,228.99,32.26,0.0,TH.COAL,80510.0,,5,"29-07-26 CB-2MV. CHOLA LEGACY SAILS 228.99 TH.COAL 08:30 80,510 32.26 0.00"
dtr2907.pdf,2026-07-28,2026-07-29,2026-07-29,2026-07-29T08:45:00,GUO YUAN 86,GUO YUAN 86,BERTHS,CQ-2,08:45,229.0,30.0,10.3,C.COAL,82500.0,,5,"29-07-26 CQ-2MV. GUO YUAN 86 BERTHS 229.00 C.COAL 08:45 82,500 34.50 14.43 29-07-26 PICT-2MV. PVT GLORIA REBERTHS 173.00 A. SULPHATE 09:00 ON A/C PICTPL 33,000 30.00 10.30"
dtr2907.pdf,2026-07-28,2026-07-29,2026-07-29,2026-07-29T10:00:00,DECCAN PRIDE,DECCAN PRIDE,SAILS,CB-1,10:00,225.0,32.26,14.5,TH.COAL,73500.0,,5,"29-07-26 CB-1MV. DECCAN PRIDE SAILS 225.00 TH.COAL 10:00 73,500 32.26 14.50"
dtr2907.pdf,2026-07-28,2026-07-29,2026-07-29,2026-07-29T11:00:00,ORDU,ORDU,SAILS,EQ-2,11:00,229.07,32.26,14.5,TH.COAL,75700.0,,5,"29-07-26 EQ-2MV. ORDU SAILS 229.07 TH.COAL 11:00 75,700 32.26 14.50"
dtr2907.pdf,2026-07-28,2026-07-29,2026-07-29,2026-07-29T11:30:00,CHOLA PROSPERITY,CHOLA PROSPERITY,BERTHS,EQ-2,11:30,225.0,32.26,14.5,TH.COAL,75000.0,,5,"29-07-26 EQ-2MV. CHOLA PROSPERITY BERTHS 225.00 TH.COAL 11:30 75,000 32.26 14.50"
dtr2907.pdf,2026-07-28,2026-07-29,2026-07-29,2026-07-29T12:00:00,MARINE FORTUNE I,MARINE FORTUNE I,SAILS,EQ-3,12:00,225.0,32.2,0.0,TH.COAL,71122.0,,5,"29-07-26 EQ-3MV. MARINE FORTUNE I SAILS 225.00 TH.COAL 12:00 71,122 32.20 0.00"
dtr2907.pdf,2026-07-28,2026-07-29,2026-07-29,2026-07-29T12:30:00,AFRICAN KITE,AFRICAN KITE,BERTHS,EQ-3,12:30,199.98,32.26,13.5,TH.COAL,26000.0,,5,"29-07-26 EQ-3MV. AFRICAN KITE BERTHS 199.98 TH.COAL 12:30 26,000 32.24 7.00 29-07-26 CB-2MV. VISHVA PRERNA REBERTHS 190.00 TH.COAL 13:00 ON A/C VESSEL 27,110 32.26 13.50"
dtr2907.pdf,2026-07-28,2026-07-29,2026-07-29,2026-07-29T13:30:00,MYKONOS,MYKONOS,BERTHS,CQ-3,13:30,229.0,32.26,14.0,I.ORE PELLET,75000.0,,5,"29-07-26 CQ-3MV. MYKONOS BERTHS 229.00 I.ORE PELLET 13:30 75,000 32.26 14.00"
dtr2907.pdf,2026-07-28,2026-07-29,2026-07-29,2026-07-29T14:00:00,JAL VAIBHAV,JAL VAIBHAV,BERTHS,CB-1,14:00,228.05,36.5,14.5,TH.COAL,85000.0,,5,"29-07-26 CB-1MV. JAL VAIBHAV BERTHS 228.05 TH.COAL 14:00 85,000 36.50 14.50"
dtr2907.pdf,2026-07-28,2026-07-29,2026-07-29,2026-07-29T16:00:00,HELEN BULKER,HELEN BULKER,SAILS,WD,16:00,154.38,26.0,10.0,HR. COIL/STEEL PLATE,15162.0,,5,"29-07-26 WDMV. HELEN BULKER SAILS 154.38 HR. COIL/STEEL PLATE 16:00 15,162 26.00 10.00"
dtr2907.pdf,2026-07-28,2026-07-29,2026-07-29,2026-07-29T16:30:00,POSEIDON TRADER,POSEIDON TRADER,BERTHS,WD,16:30,179.9,30.0,0.0,HR. COIL/STEEL PLATE,35383.0,,5,"29-07-26 WDMV. POSEIDON TRADER BERTHS 179.90 HR. COIL/STEEL PLATE 16:30 35,383 30.00 0.00"
dtr2907.pdf,2026-07-28,2026-07-29,2026-07-29,2026-07-29T17:00:00,CX GEMMA,CX GEMMA,SAILS,NIOB,17:00,199.9,32.26,13.3,I.ORE PELLET,61200.0,,5,"29-07-26 NIOBMV. CX GEMMA SAILS 199.90 I.ORE PELLET 17:00 61,200 32.26 13.30"
dtr2907.pdf,2026-07-28,2026-07-29,2026-07-29,2026-07-29T20:00:00,DENEB,DENEB,SAILS,SPM-3,20:00,274.3,48.0,0.0,CRUDE OIL,144421.0,,5,"29-07-26 SPM-3MT. DENEB SAILS 274.30 CRUDE OIL 20:00 144,421 48.00 0.00"
dtr2907.pdf,2026-07-28,2026-07-29,2026-07-29,2026-07-29T21:00:00,NBA HARMONIA,NBA HARMONIA,SAILS,WD,21:00,199.9,23.7,10.06,C.COAL,29576.0,,5,"29-07-26 WDMV. NBA HARMONIA SAILS 199.90 C.COAL 21:00 29,576 23.70 10.06"
dtr3007-2.pdf,2026-07-29,2026-07-30,2026-07-30,2026-07-30T10:00:00,NBA HARMONIA,NBA HARMONIA,SAILS,WD,10:00,199.9,23.7,10.06,C.COAL,29576.0,,5,"30-07-26 WDMV. NBA HARMONIA SAILS 199.90 C.COAL 10:00 29,576 23.70 10.06"
dtr3007-2.pdf,2026-07-29,2026-07-30,2026-07-30,2026-07-30T10:30:00,AFRICAN KITE,AFRICAN KITE,BERTHS,EQ-3,10:30,199.98,32.24,7.0,TH.COAL,26000.0,,5,"30-07-26 EQ-3MV. AFRICAN KITE BERTHS 199.98 TH.COAL 10:30 26,000 32.24 7.00"
dtr3007-2.pdf,2026-07-29,2026-07-30,2026-07-30,2026-07-30T11:00:00,MYKONOS,MYKONOS,BERTHS,CQ-3,11:00,229.0,32.26,14.0,I.ORE PELLET,75000.0,,5,"30-07-26 CQ-3MV. MYKONOS BERTHS 229.00 I.ORE PELLET 11:00 75,000 32.26 14.00"
dtr3007-2.pdf,2026-07-29,2026-07-30,2026-07-30,2026-07-30T11:30:00,POSEIDON TRADER,POSEIDON TRADER,BERTHS,WD,11:30,179.9,30.0,0.0,HR. COIL/STEEL P,35383.0,,5,"30-07-26 WDMV. POSEIDON TRADER BERTHS 179.90 HR. COIL/STEEL P 11:30 35,383 30.00 0.00"
dtr3007-2.pdf,2026-07-29,2026-07-30,2026-07-30,2026-07-30T14:00:00,GLYFADA I,GLYFADA I,SAILS,SQ,14:00,225.0,32.26,14.38,C.COAL,73000.0,,5,"30-07-26 SQMV. GLYFADA I SAILS 225.00 C.COAL 14:00 73,000 32.26 14.30 30-07-26 SQMV. ALTZEK SHIFTS 229.00 C.COAL 14:30 ON A/C PORT 79,650 32.26 14.38"
dtr3007-2.pdf,2026-07-29,2026-07-30,2026-07-30,2026-07-30T15:00:00,MAGIC ARIEL,MAGIC ARIEL,BERTHS,MPB,15:00,229.0,32.26,14.32,LM. ST.,40000.0,,5,"30-07-26 MPBMV. MAGIC ARIEL BERTHS 229.00 LM. ST. 15:00 40,000 32.26 14.32"
dtr3007-2.pdf,2026-07-29,2026-07-30,2026-07-30,2026-07-30T15:30:00,VISHVA PRERNA,VISHVA PRERNA,SAILS,CB-2,15:30,190.0,32.26,13.5,TH.COAL,28390.0,,5,"30-07-26 CB-2MV. VISHVA PRERNA SAILS 190.00 TH.COAL 15:30 28,390 32.26 13.50"
dtr3007-2.pdf,2026-07-29,2026-07-30,2026-07-30,2026-07-30T16:00:00,APJ KABIR ANAND,APJ KABIR ANAND,BERTHS,CB-2,16:00,225.0,32.26,0.0,TH.COAL,75000.0,PRIORITY BERTHING,5,"30-07-26 CB-2MV. APJ KABIR ANAND BERTHS 225.00 TH.COAL 16:00 PRIORITY BERTHING 75,000 32.26 0.00"
dtr3007-2.pdf,2026-07-29,2026-07-30,2026-07-30,2026-07-30T16:30:00,AGIA FOTINI,AGIA FOTINI,BERTHS,WD,16:30,184.75,36.5,14.5,C.COAL,36324.0,,5,"30-07-26 WDMV. AGIA FOTINI BERTHS 184.75 C.COAL 16:30 36,324 30.60 11.00 30-07-26 ANCHORAGEMV. JAL VAIBHAV SHIFTS 228.05 TH.COAL 22:00 ON A/C VESSEL 59,836 36.50 14.50"
dtr3007-2.pdf,2026-07-29,2026-07-30,2026-07-30,2026-07-30T22:30:00,RIPLEY PROSPERITY,RIPLEY PROSPERITY,BERTHS,CB-1,22:30,224.94,32.26,0.0,TH.COAL,74500.0,,5,"30-07-26 CB-1MV. RIPLEY PROSPERITY BERTHS 224.94 TH.COAL 22:30 74,500 32.26 0.00"
dtr3007-2.pdf,2026-07-29,2026-07-30,2026-07-31,2026-07-31T02:00:00,CS XIAZHI,CS XIAZHI,SAILS,CQ-1,02:00,225.0,32.26,14.35,I.ORE,72600.0,,5,"31-07-26 CQ-1MV. CS XIAZHI SAILS 225.00 I.ORE 02:00 72,600 32.26 14.35"
dtr3007-2.pdf,2026-07-29,2026-07-30,2026-07-31,2026-07-31T02:30:00,WESTERN VENTURE,WESTERN VENTURE,BERTHS,CQ-1,02:30,199.9,32.26,13.71,S.COAL,62785.0,,5,"31-07-26 CQ-1MV. WESTERN VENTURE BERTHS 199.90 S.COAL 02:30 62,785 32.26 13.71"
dtr3007-2.pdf,2026-07-29,2026-07-30,2026-07-31,2026-07-31T06:00:00,ARLAN,ARLAN,BERTHS,SPM,06:00,274.0,50.0,0.0,CRUDE OIL,140199.0,,5,"31-07-26 SPMMT. ARLAN BERTHS 274.00 CRUDE OIL 06:00 140,199 50.00 0.00"
dtr3107.pdf,2026-07-30,2026-07-31,2026-07-31,2026-07-31T08:42:00,MAGIC ARIEL,MAGIC ARIEL,BERTHS,MPB,08:42,229.0,32.26,14.34,LM. ST.,40000.0,,5,"31-07-26 MPBMV. MAGIC ARIEL BERTHS 229.00 LM. ST. 08:42 40,000 32.26 14.34"
dtr3107.pdf,2026-07-30,2026-07-31,2026-07-31,2026-07-31T09:24:00,WESTERN VENTURE,WESTERN VENTURE,BERTHS,CQ-1,09:24,199.9,32.26,13.71,S.COAL,62785.0,,5,"31-07-26 CQ-1MV. WESTERN VENTURE BERTHS 199.90 S.COAL 09:24 62,785 32.26 13.71"
dtr3107.pdf,2026-07-30,2026-07-31,2026-07-31,2026-07-31T09:30:00,ARLAN,ARLAN,BERTHS,SPM,09:30,274.0,50.0,0.0,CRUDE OIL,140199.0,,5,"31-07-26 SPMMT. ARLAN BERTHS 274.00 CRUDE OIL 09:30 140,199 50.00 0.00"
dtr3107.pdf,2026-07-30,2026-07-31,2026-07-31,2026-07-31T10:00:00,RIPLEY PROSPERITY,RIPLEY PROSPERITY,BERTHS,CB-1,10:00,224.94,32.26,0.0,TH.COAL,74500.0,,5,"31-07-26 CB-1MV. RIPLEY PROSPERITY BERTHS 224.94 TH.COAL 10:00 74,500 32.26 0.00"
dtr3107.pdf,2026-07-30,2026-07-31,2026-07-31,2026-07-31T11:00:00,BOURBON,BOURBON,SAILS,SOJ,11:00,183.2,32.2,0.0,ATF,9086.0,,5,"31-07-26 SOJMT. BOURBON SAILS 183.20 ATF 11:00 9,086 32.20 0.00"
dtr3107.pdf,2026-07-30,2026-07-31,2026-07-31,2026-07-31T11:30:00,NV AQUAMARINE,NV AQUAMARINE,BERTHS,SOJ,11:30,230.0,36.6,11.8,BUTANE/PROPA NE,24000.0,,5,"31-07-26 SOJMT. NV AQUAMARINE BERTHS 230.00 BUTANE/PROPA NE 11:30 24,000 36.60 11.80"
dtr3107.pdf,2026-07-30,2026-07-31,2026-07-31,2026-07-31T13:00:00,ARROW,ARROW,BERTHS,SPM-3,13:00,249.0,44.0,0.0,CRUDE OIL,99916.0,,5,"31-07-26 SPM-3MT. ARROW BERTHS 249.00 CRUDE OIL 13:00 99,916 44.00 0.00"
dtr3107.pdf,2026-07-30,2026-07-31,2026-07-31,2026-07-31T13:30:00,CHOLA PROSPERITY,CHOLA PROSPERITY,SAILS,EQ-2,13:30,225.0,36.5,14.5,TH.COAL,75210.0,,5,"31-07-26 EQ-2MV. CHOLA PROSPERITY SAILS 225.00 TH.COAL 13:30 75,210 32.26 14.50 31-07-26 EQ-2MV. JAL VAIBHAV REBERTHS 228.05 TH.COAL 14:00 ON A/C VESSEL 59,708 36.50 14.50"
dtr3107.pdf,2026-07-30,2026-07-31,2026-07-31,2026-07-31T14:30:00,AFRICAN KITE,AFRICAN KITE,SAILS,EQ-3,14:30,199.98,32.24,7.0,TH.COAL,35900.0,,5,"31-07-26 EQ-3MV. AFRICAN KITE SAILS 199.98 TH.COAL 14:30 35,900 32.24 7.00"
dtr3107.pdf,2026-07-30,2026-07-31,2026-07-31,2026-07-31T15:00:00,LILA FUJI,LILA FUJI,BERTHS,EQ-3,15:00,229.0,32.24,14.5,TH.COAL,45000.0,,5,"31-07-26 EQ-3MV. LILA FUJI BERTHS 229.00 TH.COAL 15:00 45,000 32.24 14.50"
dtr3107.pdf,2026-07-30,2026-07-31,2026-07-31,2026-07-31T18:00:00,NEFELI GR,NEFELI GR,SAILS,KICT,18:00,229.0,32.26,14.56,C.COAL,78805.0,,5,"31-07-26 KICTMV. NEFELI GR SAILS 229.00 C.COAL 18:00 78,805 32.26 14.56"
dtr3107.pdf,2026-07-30,2026-07-31,2026-07-31,2026-07-31T18:30:00,ALLIANCE,ALLIANCE,BERTHS,KICT,18:30,229.0,32.24,14.39,C.COAL,40000.0,,5,"31-07-26 KICTMV. ALLIANCE BERTHS 229.00 C.COAL 18:30 40,000 32.24 14.39"
dtr3107.pdf,2026-07-30,2026-07-31,2026-07-31,2026-07-31T22:00:00,MYKONOS,MYKONOS,SAILS,CQ-3,22:00,229.0,32.26,14.0,I.ORE PELLET,74740.0,,5,"31-07-26 CQ-3MV. MYKONOS SAILS 229.00 I.ORE PELLET 22:00 74,740 32.26 14.00"
dtr3107.pdf,2026-07-30,2026-07-31,2026-07-31,2026-07-31T22:30:00,SEA GULL 9,SEA GULL 9,BERTHS,NQ-2,22:30,127.52,18.2,7.8,CRD PALMOIL,9000.0,,5,"31-07-26 NQ-2MT. SEA GULL 9 BERTHS 127.52 CRD PALMOIL 22:30 9,000 18.20 7.80"
dtr3107.pdf,2026-07-30,2026-07-31,2026-07-31,2026-07-31T23:00:00,PVT GLORIA,PVT GLORIA,SAILS,PICT-2,23:00,173.0,30.0,10.3,A. SULPHATE,33000.0,,5,"31-07-26 PICT-2MV. PVT GLORIA SAILS 173.00 A. SULPHATE 23:00 33,000 30.00 10.30"
dtr3107.pdf,2026-07-30,2026-07-31,2026-07-31,2026-07-31T23:30:00,TAN BINH 259,TAN BINH 259,BERTHS,PICT-2,23:30,175.53,29.4,9.5,S.COIL,25391.0,,5,"31-07-26 PICT-2MV. TAN BINH 259 BERTHS 175.53 S.COIL 23:30 25,391 29.40 9.50"
dtr3107.pdf,2026-07-30,2026-07-31,2026-08-01,2026-08-01T06:00:00,APJ KABIR ANAND,APJ KABIR ANAND,SAILS,CB-2,06:00,225.0,32.26,0.0,TH.COAL,73860.0,,5,"01-08-26 CB-2MV. APJ KABIR ANAND SAILS 225.00 TH.COAL 06:00 73,860 32.26 0.00"
dtr0108.pdf,2026-07-31,2026-08-01,2026-08-01,2026-08-01T06:31:00,NEFELI GR,NEFELI GR,SAILS,KICT,06:31,229.0,32.26,14.56,C.COAL,78805.0,,5,"01-08-26 KICTMV. NEFELI GR SAILS 229.00 C.COAL 06:31 78,805 32.26 14.56"
dtr0108.pdf,2026-07-31,2026-08-01,2026-08-01,2026-08-01T06:36:00,PVT GLORIA,PVT GLORIA,SAILS,PICT-2,06:36,173.0,30.0,10.3,A. SULPHATE,33000.0,,5,"01-08-26 PICT-2MV. PVT GLORIA SAILS 173.00 A. SULPHATE 06:36 33,000 30.00 10.30"
dtr3107.pdf,2026-07-30,2026-07-31,2026-08-01,2026-08-01T07:00:00,ND THELXIS,ND THELXIS,BERTHS,CB-2,07:00,189.93,32.26,13.0,TH.COAL,35000.0,,5,"01-08-26 CB-2MV. ND THELXIS BERTHS 189.93 TH.COAL 07:00 35,000 32.26 13.00"
dtr0108.pdf,2026-07-31,2026-08-01,2026-08-01,2026-08-01T08:00:00,ALLIANCE,ALLIANCE,BERTHS,KICT,08:00,229.0,32.24,14.39,C.COAL,40000.0,,5,"01-08-26 KICTMV. ALLIANCE BERTHS 229.00 C.COAL 08:00 40,000 32.24 14.39"
dtr0108.pdf,2026-07-31,2026-08-01,2026-08-01,2026-08-01T08:30:00,APJ KABIR ANAND,APJ KABIR ANAND,SAILS,CB-2,08:30,225.0,32.26,0.0,TH.COAL,73862.0,,5,"01-08-26 CB-2MV. APJ KABIR ANAND SAILS 225.00 TH.COAL 08:30 73,862 32.26 0.00 01-08-26 ANCHORAGEMV. RIPLEY PROSPERITY SHIFTS 224.94 TH.COAL 09:00 ON A/C VESSEL 41,610 32.26 0.00"
dtr3107.pdf,2026-07-30,2026-07-31,2026-08-01,2026-08-01T09:00:00,SOPRANO SERENE,SOPRANO SERENE,BERTHS,NOJ,09:00,179.88,32.23,11.8,HSD/M.SPIRIT,19500.0,,5,"01-08-26 NOJMT. SOPRANO SERENE BERTHS 179.88 HSD/M.SPIRIT 09:00 19,500 32.23 11.80"
dtr0108.pdf,2026-07-31,2026-08-01,2026-08-01,2026-08-01T09:15:00,ND THELXIS,ND THELXIS,BERTHS,CB-1/CB-2,09:15,189.93,32.26,13.0,TH.COAL,35000.0,WHICHEVER BERTH GETS VACANT FIRST,5,"01-08-26 CB-1/CB-2MV. ND THELXIS BERTHS 189.93 TH.COAL 09:15 WHICHEVER BERTH GETS VACANT FIRST 35,000 32.26 13.00"
dtr3107.pdf,2026-07-30,2026-07-31,2026-08-01,2026-08-01T09:30:00,ROYAL,ROYAL,SAILS,PICT,09:30,199.9,32.26,11.65,STEEL SLAB,48848.0,,5,"01-08-26 PICTMV. ROYAL SAILS 199.90 STEEL SLAB 09:30 48,848 32.26 11.65"
dtr0108.pdf,2026-07-31,2026-08-01,2026-08-01,2026-08-01T09:30:00,SEA GULL 9,SEA GULL 9,BERTHS,NQ-2,09:30,127.52,18.2,7.8,CRD PALMOIL,9000.0,,5,"01-08-26 NQ-2MT. SEA GULL 9 BERTHS 127.52 CRD PALMOIL 09:30 9,000 18.20 7.80"
dtr0108.pdf,2026-07-31,2026-08-01,2026-08-01,2026-08-01T10:00:00,RIPLEY PROGRESS,RIPLEY PROGRESS,BERTHS,CB-1/CB-2,10:00,225.0,32.26,14.5,TH.COAL,74500.0,WHICHEVER BERTH GETS VACANT LATER,5,"01-08-26 CB-1/CB-2MV. RIPLEY PROGRESS BERTHS 225.00 TH.COAL 10:00 WHICHEVER BERTH GETS VACANT LATER 74,500 32.26 14.50"
dtr0108.pdf,2026-07-31,2026-08-01,2026-08-01,2026-08-01T11:00:00,SOPRANO SERENE,SOPRANO SERENE,BERTHS,NOJ,11:00,179.88,32.23,11.8,HSD/M.SPIRIT,19500.0,,5,"01-08-26 NOJMT. SOPRANO SERENE BERTHS 179.88 HSD/M.SPIRIT 11:00 19,500 32.23 11.80"
dtr0108.pdf,2026-07-31,2026-08-01,2026-08-01,2026-08-01T12:00:00,AGIA FOTINI,AGIA FOTINI,SAILS,WD,12:00,184.75,32.26,0.0,C.COAL,36324.0,,5,"01-08-26 WDMV. AGIA FOTINI SAILS 184.75 C.COAL 12:00 36,324 30.60 11.00 01-08-26 CQ-3MV. THASSOS SHIFTS 189.90 I.ORE 13:00 ON A/C VESSEL 55,008 32.26 0.00"
dtr0108.pdf,2026-07-31,2026-08-01,2026-08-01,2026-08-01T13:30:00,RIPLEY PIONEER,RIPLEY PIONEER,BERTHS,IOB,13:30,225.0,32.26,14.5,TH.COAL,74625.0,,5,"01-08-26 IOBMV. RIPLEY PIONEER BERTHS 225.00 TH.COAL 13:30 74,625 32.26 14.50"
dtr0108.pdf,2026-07-31,2026-08-01,2026-08-01,2026-08-01T14:00:00,JAL VAIBHAV,JAL VAIBHAV,SAILS,EQ-2,14:00,228.05,32.26,0.0,TH.COAL,25128.0,,5,"01-08-26 EQ-2MV. JAL VAIBHAV SAILS 228.05 TH.COAL 14:00 25,128 36.50 14.50 01-08-26 EQ-2MV. RIPLEY PROSPERITY REBERTHS 224.94 TH.COAL 15:00 ON A/C VESSEL 41,610 32.26 0.00"
dtr0108.pdf,2026-07-31,2026-08-01,2026-08-01,2026-08-01T16:00:00,ARROW,ARROW,SAILS,SPM-3,16:00,249.0,44.0,0.0,CRUDE OIL,99916.0,,5,"01-08-26 SPM-3MT. ARROW SAILS 249.00 CRUDE OIL 16:00 99,916 44.00 0.00"
dtr0108.pdf,2026-07-31,2026-08-01,2026-08-01,2026-08-01T20:00:00,ARLAN,ARLAN,SAILS,SPM,20:00,274.0,50.0,15.6,CRUDE OIL,140199.0,,5,"01-08-26 SPMMT. ARLAN SAILS 274.00 CRUDE OIL 20:00 140,199 50.00 15.60"
dtr0108.pdf,2026-07-31,2026-08-01,2026-08-01,2026-08-01T22:00:00,ROYAL,ROYAL,SAILS,PICT,22:00,199.9,30.0,0.0,STEEL SLAB,48848.0,,5,"01-08-26 PICTMV. ROYAL SAILS 199.90 STEEL SLAB 22:00 48,848 32.26 11.65 01-08-26 PICTMV. POSEIDON TRADER SHIFTS 179.90 HR. COIL/STEEL PLATE 22:30 ON A/C JSPL 34,970 30.00 0.00"
dtr0108.pdf,2026-07-31,2026-08-01,2026-08-01,2026-08-01T23:00:00,LILA FUJI,LILA FUJI,SAILS,EQ-3,23:00,229.0,32.24,14.5,TH.COAL,43900.0,,5,"01-08-26 EQ-3MV. LILA FUJI SAILS 229.00 TH.COAL 23:00 43,900 32.24 14.50"
dtr0108.pdf,2026-07-31,2026-08-01,2026-08-01,2026-08-01T23:30:00,OCEAN WINNER,OCEAN WINNER,SAILS,FB-1,23:30,225.0,32.26,13.94,SULPHUR,69300.0,,5,"01-08-26 FB-1MV. OCEAN WINNER SAILS 225.00 SULPHUR 23:30 69,300 32.26 13.94"
dtr0108.pdf,2026-07-31,2026-08-01,2026-08-02,2026-08-02T07:00:00,DESERT HONOUR,DESERT HONOUR,BERTHS,PICT-2,07:00,199.98,32.24,11.77,STEEL SLAB,50000.0,,5,"02-08-26 PICT-2MV. DESERT HONOUR BERTHS 199.98 STEEL SLAB 07:00 50,000 32.24 11.77"
dtr0208.pdf,2026-08-01,2026-08-02,2026-08-02,2026-08-02T07:30:00,VIOLETTA K,VIOLETTA K,BERTHS,EQ-3,07:30,228.99,32.26,14.5,TH.COAL,75000.0,,6,"02-08-26 EQ-3MV. VIOLETTA K BERTHS 228.99 TH.COAL 07:30 75,000 32.26 14.50"
dtr0208.pdf,2026-08-01,2026-08-02,2026-08-02,2026-08-02T07:54:00,ND THELXIS,ND THELXIS,SAILS,CB-2,07:54,189.93,32.26,13.0,TH.COAL,30990.0,,6,"02-08-26 CB-2MV. ND THELXIS SAILS 189.93 TH.COAL 07:54 30,990 32.26 13.00"
dtr0208.pdf,2026-08-01,2026-08-02,2026-08-02,2026-08-02T09:00:00,FLORA,FLORA,BERTHS,SPM,09:00,333.0,60.0,0.0,CRUDE OIL,76222.0,,6,"02-08-26 SPMMT. FLORA BERTHS 333.00 CRUDE OIL 09:00 76,222 60.00 0.00"
dtr0208.pdf,2026-08-01,2026-08-02,2026-08-02,2026-08-02T10:00:00,ALLIANCE,ALLIANCE,SAILS,KICT,10:00,229.0,32.24,14.46,C.COAL,40919.0,,6,"02-08-26 KICTMV. ALLIANCE SAILS 229.00 C.COAL 10:00 40,919 32.24 14.46"
dtr0208.pdf,2026-08-01,2026-08-02,2026-08-02,2026-08-02T11:00:00,INCE ISTANBUL,INCE ISTANBUL,BERTHS,KICT,11:00,225.0,10.36,0.0,PCI COAL,77400.0,,6,"02-08-26 KICTMV. INCE ISTANBUL BERTHS 225.00 PCI COAL 11:00 77,400 32.26 14.20 02-08-26 NQ-1MT. VAMSEE SHIFTS 69.81 NO 13:00 ON A/C VESSEL 11.50 3.40 02-08-26 NQ-1MT. OSL TANKER II SHIFTS 49.30 NO 13:30 ON A/C VESSEL 10.36 0.00"
dtr0208.pdf,2026-08-01,2026-08-02,2026-08-02,2026-08-02T14:00:00,RIPLEY PROSPERITY,RIPLEY PROSPERITY,SAILS,EQ-2,14:00,224.94,32.26,0.0,TH.COAL,74500.0,,6,"02-08-26 EQ-2MV. RIPLEY PROSPERITY SAILS 224.94 TH.COAL 14:00 74,500 32.26 0.00"
dtr0208.pdf,2026-08-01,2026-08-02,2026-08-02,2026-08-02T14:30:00,RIPLEY PINNACLE,RIPLEY PINNACLE,BERTHS,EQ-2,14:30,225.0,32.26,14.5,TH.COAL,75000.0,,6,"02-08-26 EQ-2MV. RIPLEY PINNACLE BERTHS 225.00 TH.COAL 14:30 75,000 32.26 14.50"
dtr0208.pdf,2026-08-01,2026-08-02,2026-08-02,2026-08-02T15:00:00,NV AQUAMARINE,NV AQUAMARINE,SAILS,SOJ,15:00,230.0,36.6,11.8,BUTANE/PROPA NE,26253.0,,6,"02-08-26 SOJMT. NV AQUAMARINE SAILS 230.00 BUTANE/PROPA NE 15:00 26,253 36.60 11.80"
dtr0208.pdf,2026-08-01,2026-08-02,2026-08-02,2026-08-02T15:30:00,TORM DEBORAH,TORM DEBORAH,BERTHS,SOJ,15:30,183.06,32.2,8.5,NAPTHA,15000.0,,6,"02-08-26 SOJMT. TORM DEBORAH BERTHS 183.06 NAPTHA 15:30 15,000 32.20 8.50"
dtr0208.pdf,2026-08-01,2026-08-02,2026-08-02,2026-08-02T17:00:00,DESERT HONOUR,DESERT HONOUR,BERTHS,PICT-2,17:00,199.98,32.24,11.77,STEEL SLAB,50000.0,,6,"02-08-26 PICT-2MV. DESERT HONOUR BERTHS 199.98 STEEL SLAB 17:00 50,000 32.24 11.77"
dtr0208.pdf,2026-08-01,2026-08-02,2026-08-02,2026-08-02T17:30:00,ECO ORACLE,ECO ORACLE,BERTHS,FB-1,17:30,179.86,28.7,10.75,AMMONIA,14118.0,,6,"02-08-26 FB-1MT. ECO ORACLE BERTHS 179.86 AMMONIA 17:30 14,118 28.70 10.75"
dtr0208.pdf,2026-08-01,2026-08-02,2026-08-02,2026-08-02T18:00:00,MAGIC ARIEL,MAGIC ARIEL,SAILS,MPB,18:00,229.0,32.26,14.34,LM. ST.,41007.0,,6,"02-08-26 MPBMV. MAGIC ARIEL SAILS 229.00 LM. ST. 18:00 41,007 32.26 14.34"
dtr0208.pdf,2026-08-01,2026-08-02,2026-08-02,2026-08-02T19:00:00,LUCKY EFFIE,LUCKY EFFIE,BERTHS,MPB,19:00,225.0,32.26,10.5,C.COAL,27251.0,,6,"02-08-26 MPBMV. LUCKY EFFIE BERTHS 225.00 C.COAL 19:00 27,251 32.26 10.50"
dtr0208.pdf,2026-08-01,2026-08-02,2026-08-02,2026-08-02T20:00:00,RIPLEY PROGRESS,RIPLEY PROGRESS,SAILS,CB-2,20:00,225.0,32.26,14.5,TH.COAL,74450.0,,6,"02-08-26 CB-2MV. RIPLEY PROGRESS SAILS 225.00 TH.COAL 20:00 74,450 32.26 14.50"
dtr0208.pdf,2026-08-01,2026-08-02,2026-08-02,2026-08-02T21:00:00,WESTERN VENTURE,WESTERN VENTURE,SAILS,CQ-1,21:00,199.9,32.26,13.71,S.COAL,62785.0,,6,"02-08-26 CQ-1MV. WESTERN VENTURE SAILS 199.90 S.COAL 21:00 62,785 32.26 13.71"
dtr0208.pdf,2026-08-01,2026-08-02,2026-08-02,2026-08-02T21:30:00,CHOLA INTEGRITY,CHOLA INTEGRITY,BERTHS,CQ-1,21:30,228.99,32.26,14.49,LM. ST.,40000.0,,6,"02-08-26 CQ-1MV. CHOLA INTEGRITY BERTHS 228.99 LM. ST. 21:30 40,000 32.26 14.49"
dtr0208.pdf,2026-08-01,2026-08-02,2026-08-02,2026-08-02T22:00:00,ALTZEK,ALTZEK,SAILS,SQ,22:00,229.0,32.26,14.38,C.COAL,79650.0,,6,"02-08-26 SQMV. ALTZEK SAILS 229.00 C.COAL 22:00 79,650 32.26 14.38"
dtr0208.pdf,2026-08-01,2026-08-02,2026-08-02,2026-08-02T22:30:00,MAGIC PERSEUS,MAGIC PERSEUS,BERTHS,SQ,22:30,228.99,32.26,11.56,M. COKE,25122.0,,6,"02-08-26 SQMV. MAGIC PERSEUS BERTHS 228.99 M. COKE 22:30 25,122 32.26 11.56"
dtr0208.pdf,2026-08-01,2026-08-02,2026-08-02,2026-08-02T23:00:00,SOPRANO SERENE,SOPRANO SERENE,SAILS,NOJ,23:00,179.88,32.23,11.8,HSD/M.SPIRIT,19500.0,,6,"02-08-26 NOJMT. SOPRANO SERENE SAILS 179.88 HSD/M.SPIRIT 23:00 19,500 32.23 11.80"
dtr0208.pdf,2026-08-01,2026-08-02,2026-08-02,2026-08-02T23:30:00,BABYLON,BABYLON,BERTHS,NOJ,23:30,179.8,32.2,10.3,M.SPIRIT,35000.0,,6,"02-08-26 NOJMT. BABYLON BERTHS 179.80 M.SPIRIT 23:30 35,000 32.20 10.30"
dtr0208.pdf,2026-08-01,2026-08-02,2026-08-03,2026-08-03T03:00:00,GUO YUAN 86,GUO YUAN 86,SAILS,CQ-2,03:00,229.0,34.5,14.43,C.COAL,82500.0,,6,"03-08-26 CQ-2MV. GUO YUAN 86 SAILS 229.00 C.COAL 03:00 82,500 34.50 14.43"
dtr0208.pdf,2026-08-01,2026-08-02,2026-08-03,2026-08-03T03:30:00,AC OREN,AC OREN,BERTHS,CQ-2,03:30,189.99,32.26,13.2,I.ORE,54800.0,,6,"03-08-26 CQ-2MV. AC OREN BERTHS 189.99 I.ORE 03:30 54,800 32.26 13.20"
dtr0308.pdf,2026-08-02,2026-08-03,2026-08-03,2026-08-03T08:00:00,APJ INDRANI,APJ INDRANI,BERTHS,CB-2,08:00,225.0,32.2,0.0,TH.COAL,75000.0,,6,"03-08-26 CB-2MV. APJ INDRANI BERTHS 225.00 TH.COAL 08:00 75,000 32.20 0.00"
dtr0208.pdf,2026-08-01,2026-08-02,2026-08-03,2026-08-03T09:00:00,NOVA BREEZE,NOVA BREEZE,BERTHS,FB-2,09:00,180.0,28.8,10.4,AMMONIA,25000.0,,6,"03-08-26 FB-2MT. NOVA BREEZE BERTHS 180.00 AMMONIA 09:00 25,000 28.80 10.40"
dtr0308.pdf,2026-08-02,2026-08-03,2026-08-03,2026-08-03T09:10:00,ALTZEK,ALTZEK,SAILS,SQ,09:10,229.0,32.26,14.38,C.COAL,79650.0,,6,"03-08-26 SQMV. ALTZEK SAILS 229.00 C.COAL 09:10 79,650 32.26 14.38"
dtr0308.pdf,2026-08-02,2026-08-03,2026-08-03,2026-08-03T09:30:00,TORERO M,TORERO M,BERTHS,SPM-3,09:30,249.0,43.8,0.0,CRUDE OIL,94879.0,,6,"03-08-26 SPM-3MT. TORERO M BERTHS 249.00 CRUDE OIL 09:30 94,879 43.80 0.00"
dtr0308.pdf,2026-08-02,2026-08-03,2026-08-03,2026-08-03T10:00:00,MAGIC PERSEUS,MAGIC PERSEUS,BERTHS,SQ,10:00,228.99,32.26,11.56,M. COKE,25122.0,,6,"03-08-26 SQMV. MAGIC PERSEUS BERTHS 228.99 M. COKE 10:00 25,122 32.26 11.56"
dtr0208.pdf,2026-08-01,2026-08-02,2026-08-03,2026-08-03T10:00:00,SEA GULL 9,SEA GULL 9,SAILS,NQ-2,10:00,127.52,18.2,7.8,CRD PALMOIL,9000.0,,6,"03-08-26 NQ-2MT. SEA GULL 9 SAILS 127.52 CRD PALMOIL 10:00 9,000 18.20 7.80"
dtr0308.pdf,2026-08-02,2026-08-03,2026-08-03,2026-08-03T10:30:00,NOVA BREEZE,NOVA BREEZE,BERTHS,FB-2,10:30,180.0,28.8,10.4,AMMONIA,25000.0,,6,"03-08-26 FB-2MT. NOVA BREEZE BERTHS 180.00 AMMONIA 10:30 25,000 28.80 10.40"
dtr0308.pdf,2026-08-02,2026-08-03,2026-08-03,2026-08-03T11:00:00,GUO YUAN 86,GUO YUAN 86,SAILS,CQ-2,11:00,229.0,34.5,14.43,C.COAL,82500.0,,6,"03-08-26 CQ-2MV. GUO YUAN 86 SAILS 229.00 C.COAL 11:00 82,500 34.50 14.43"
dtr0308.pdf,2026-08-02,2026-08-03,2026-08-03,2026-08-03T11:30:00,AC OREN,AC OREN,BERTHS,CQ-2,11:30,189.99,32.26,13.2,I.ORE,54800.0,,6,"03-08-26 CQ-2MV. AC OREN BERTHS 189.99 I.ORE 11:30 54,800 32.26 13.20"
dtr0308.pdf,2026-08-02,2026-08-03,2026-08-03,2026-08-03T11:45:00,SEA GULL 9,SEA GULL 9,SAILS,NQ-2,11:45,127.52,18.2,7.8,CRD PALMOIL,9000.0,,6,"03-08-26 NQ-2MT. SEA GULL 9 SAILS 127.52 CRD PALMOIL 11:45 9,000 18.20 7.80"
dtr0308.pdf,2026-08-02,2026-08-03,2026-08-03,2026-08-03T12:00:00,FLORA,FLORA,SAILS,SPM,12:00,333.0,60.0,12.4,CRUDE OIL,76222.0,,6,"03-08-26 SPMMT. FLORA SAILS 333.00 CRUDE OIL 12:00 76,222 60.00 12.40"
dtr0308.pdf,2026-08-02,2026-08-03,2026-08-03,2026-08-03T15:00:00,VIOLETTA K,VIOLETTA K,SAILS,EQ-3,15:00,228.99,32.26,14.5,TH.COAL,78890.0,,6,"03-08-26 EQ-3MV. VIOLETTA K SAILS 228.99 TH.COAL 15:00 78,890 32.26 14.50"
dtr0308.pdf,2026-08-02,2026-08-03,2026-08-03,2026-08-03T16:00:00,DORIC KATANA,DORIC KATANA,BERTHS,CB-1,16:00,225.69,32.26,14.5,TH.COAL,79000.0,,6,"03-08-26 CB-1MV. DORIC KATANA BERTHS 225.69 TH.COAL 16:00 79,000 32.26 14.50"
dtr0308.pdf,2026-08-02,2026-08-03,2026-08-03,2026-08-03T19:00:00,TORM DEBORAH,TORM DEBORAH,SAILS,SOJ,19:00,183.06,32.2,8.0,NAPTHA,15000.0,,6,"03-08-26 SOJMT. TORM DEBORAH SAILS 183.06 NAPTHA 19:00 15,000 32.20 8.00"
dtr0408.pdf,2026-08-03,2026-08-04,2026-08-04,2026-08-04T02:15:00,JABAL AR RAWDAH,JABAL AR RAWDAH,BERTHS,NIOB,02:15,199.9,28.8,10.4,I.ORE,60000.0,,5,"04-08-26 NIOBMV. JABAL AR RAWDAH BERTHS 199.90 I.ORE 02:15 60,000 32.26 13.30 04-08-26 ANCHORAGEMT. NOVA BREEZE SHIFTS 180.00 AMMONIA 07:18 10,501 28.80 10.40"
dtr0308.pdf,2026-08-02,2026-08-03,2026-08-04,2026-08-04T06:00:00,RIPLEY PINNACLE,RIPLEY PINNACLE,SAILS,EQ-2,06:00,225.0,32.26,14.5,TH.COAL,75200.0,,6,"04-08-26 EQ-2MV. RIPLEY PINNACLE SAILS 225.00 TH.COAL 06:00 75,200 32.26 14.50"
dtr0308.pdf,2026-08-02,2026-08-03,2026-08-04,2026-08-04T06:30:00,NEFELI GR,NEFELI GR,BERTHS,EQ-2,06:30,229.0,32.26,14.5,TH.COAL,77000.0,,6,"04-08-26 EQ-2MV. NEFELI GR BERTHS 229.00 TH.COAL 06:30 77,000 32.26 14.50"
dtr0308.pdf,2026-08-02,2026-08-03,2026-08-04,2026-08-04T07:00:00,SAMADHA,SAMADHA,BERTHS,SPM,07:00,274.48,48.0,0.0,CRUDE OIL,143735.0,,6,"04-08-26 SPMMT. SAMADHA BERTHS 274.48 CRUDE OIL 07:00 143,735 48.00 0.00"
dtr0308.pdf,2026-08-02,2026-08-03,2026-08-04,2026-08-04T07:30:00,ECO ORACLE,ECO ORACLE,SAILS,FB-1,07:30,179.86,28.7,10.75,AMMONIA,26498.0,,6,"04-08-26 FB-1MT. ECO ORACLE SAILS 179.86 AMMONIA 07:30 26,498 28.70 10.75"
dtr0308.pdf,2026-08-02,2026-08-03,2026-08-04,2026-08-04T08:00:00,PORTO DOLICHA,PORTO DOLICHA,BERTHS,FB-1,08:00,189.99,32.26,12.33,ROCK PHOS.,51800.0,,6,"04-08-26 FB-1MV. PORTO DOLICHA BERTHS 189.99 ROCK PHOS. 08:00 51,800 32.26 12.33"
dtr0308.pdf,2026-08-02,2026-08-03,2026-08-04,2026-08-04T08:30:00,INCE ISTANBUL,INCE ISTANBUL,SAILS,KICT,08:30,225.0,32.26,14.2,PCI COAL,77400.0,,6,"04-08-26 KICTMV. INCE ISTANBUL SAILS 225.00 PCI COAL 08:30 77,400 32.26 14.20"
dtr0308.pdf,2026-08-02,2026-08-03,2026-08-04,2026-08-04T09:00:00,FJ IRIS,FJ IRIS,BERTHS,KICT,09:00,228.99,32.26,0.0,C.COAL,42000.0,,6,"04-08-26 KICTMV. FJ IRIS BERTHS 228.99 C.COAL 09:00 42,000 32.26 0.00"
dtr0408.pdf,2026-08-03,2026-08-04,2026-08-04,2026-08-04T09:54:00,INCE ISTANBUL,INCE ISTANBUL,SAILS,KICT,09:54,225.0,32.26,14.2,PCI COAL,77400.0,,5,"04-08-26 KICTMV. INCE ISTANBUL SAILS 225.00 PCI COAL 09:54 77,400 32.26 14.20"
dtr0408.pdf,2026-08-03,2026-08-04,2026-08-04,2026-08-04T10:30:00,FJ IRIS,FJ IRIS,BERTHS,KICT,10:30,228.99,32.26,0.0,C.COAL,42000.0,,5,"04-08-26 KICTMV. FJ IRIS BERTHS 228.99 C.COAL 10:30 42,000 32.26 0.00"
dtr0408.pdf,2026-08-03,2026-08-04,2026-08-04,2026-08-04T11:00:00,ECO ORACLE,ECO ORACLE,SAILS,FB-1,11:00,179.86,28.7,10.75,AMMONIA,26498.0,,5,"04-08-26 FB-1MT. ECO ORACLE SAILS 179.86 AMMONIA 11:00 26,498 28.70 10.75"
dtr0408.pdf,2026-08-03,2026-08-04,2026-08-04,2026-08-04T11:30:00,PORTO DOLICHA,PORTO DOLICHA,BERTHS,FB-1,11:30,189.99,32.26,12.33,ROCK PHOS.,51800.0,,5,"04-08-26 FB-1MV. PORTO DOLICHA BERTHS 189.99 ROCK PHOS. 11:30 51,800 32.26 12.33"
dtr0408.pdf,2026-08-03,2026-08-04,2026-08-04,2026-08-04T12:00:00,SAMADHA,SAMADHA,BERTHS,SPM,12:00,274.48,48.0,0.0,CRUDE OIL,143735.0,,5,"04-08-26 SPMMT. SAMADHA BERTHS 274.48 CRUDE OIL 12:00 143,735 48.00 0.00"
dtr0408.pdf,2026-08-03,2026-08-04,2026-08-04,2026-08-04T13:30:00,APJ INDRANI,APJ INDRANI,SAILS,CB-2,13:30,225.0,32.26,0.0,TH.COAL,75390.0,,5,"04-08-26 CB-2MV. APJ INDRANI SAILS 225.00 TH.COAL 13:30 75,390 32.20 0.00 04-08-26 EQ-2MV. RIPLEY PIONEER SHIFTS 225.00 TH.COAL 14:00 ON A/C PORT 32,000 32.26 14.50 04-08-26 IOBMV. THASSOS SHIFTS 189.90 I.ORE 14:30 ON A/C VESSEL 55,008 32.26 0.00"
dtr0408.pdf,2026-08-03,2026-08-04,2026-08-04,2026-08-04T15:00:00,BOURBON,BOURBON,BERTHS,SOJ,15:00,183.2,32.2,8.2,M.SPIRIT,37500.0,,5,"04-08-26 SOJMT. BOURBON BERTHS 183.20 M.SPIRIT 15:00 37,500 32.20 8.20"
dtr0408.pdf,2026-08-03,2026-08-04,2026-08-04,2026-08-04T20:00:00,ECO CZAR,ECO CZAR,BERTHS,FB-2,20:00,224.86,32.26,14.5,ROCK PHOS.,79972.0,,5,"04-08-26 FB-2MV. ECO CZAR BERTHS 224.86 ROCK PHOS. 20:00 79,972 32.26 14.50"
dtr0408.pdf,2026-08-03,2026-08-04,2026-08-04,2026-08-04T20:30:00,LUCKY EFFIE,LUCKY EFFIE,SAILS,MPB,20:30,225.0,32.26,10.5,C.COAL,27251.0,,5,"04-08-26 MPBMV. LUCKY EFFIE SAILS 225.00 C.COAL 20:30 27,251 32.26 10.50"
dtr0408.pdf,2026-08-03,2026-08-04,2026-08-04,2026-08-04T21:00:00,NING MAY,NING MAY,BERTHS,MPB,21:00,229.9,36.0,9.92,C.COAL,25000.0,,5,"04-08-26 MPBMV. NING MAY BERTHS 229.90 C.COAL 21:00 25,000 36.00 9.92"
dtr0408.pdf,2026-08-03,2026-08-04,2026-08-04,2026-08-04T22:00:00,TORERO M,TORERO M,SAILS,SPM-3,22:00,249.0,43.8,0.0,CRUDE OIL,94601.0,,5,"04-08-26 SPM-3MT. TORERO M SAILS 249.00 CRUDE OIL 22:00 94,601 43.80 0.00"
dtr0508.pdf,2026-08-04,2026-08-05,2026-08-05,2026-08-05T00:06:00,CHENNAI VALARCHI,CHENNAI VALARCHI,BERTHS,CB-2,00:06,225.0,32.26,0.0,TH.COAL,75000.0,,6,"05-08-26 CB-2MV. CHENNAI VALARCHI BERTHS 225.00 TH.COAL 00:06 75,000 32.26 0.00"
dtr0408.pdf,2026-08-03,2026-08-04,2026-08-05,2026-08-05T01:00:00,DORIC KATANA,DORIC KATANA,SAILS,CB-1,01:00,225.69,32.26,14.5,TH.COAL,78800.0,,5,"05-08-26 CB-1MV. DORIC KATANA SAILS 225.69 TH.COAL 01:00 78,800 32.26 14.50"
dtr0408.pdf,2026-08-03,2026-08-04,2026-08-05,2026-08-05T02:00:00,BABYLON,BABYLON,SAILS,NOJ,02:00,179.8,32.2,10.3,M.SPIRIT,28000.0,,5,"05-08-26 NOJMT. BABYLON SAILS 179.80 M.SPIRIT 02:00 28,000 32.20 10.30"
dtr0408.pdf,2026-08-03,2026-08-04,2026-08-05,2026-08-05T06:00:00,BRIGHT PIONEER,BRIGHT PIONEER,BERTHS,SPM-3,06:00,333.0,60.0,19.3,CRUDE OIL,262276.0,,5,"05-08-26 SPM-3MT. BRIGHT PIONEER BERTHS 333.00 CRUDE OIL 06:00 262,276 60.00 19.30"
dtr0508.pdf,2026-08-04,2026-08-05,2026-08-05,2026-08-05T06:00:00,BRIGHT PIONEER,BRIGHT PIONEER,BERTHS,SPM-3,06:00,333.0,60.0,19.3,CRUDE OIL,262276.0,,6,"05-08-26 SPM-3MT. BRIGHT PIONEER BERTHS 333.00 CRUDE OIL 06:00 262,276 60.00 19.30"
dtr0408.pdf,2026-08-03,2026-08-04,2026-08-05,2026-08-05T06:30:00,JABAL AR RAWDAH,JABAL AR RAWDAH,SAILS,NIOB,06:30,199.9,32.26,13.3,I.ORE,61580.0,,5,"05-08-26 NIOBMV. JABAL AR RAWDAH SAILS 199.90 I.ORE 06:30 61,580 32.26 13.30"
dtr0508.pdf,2026-08-04,2026-08-05,2026-08-05,2026-08-05T07:18:00,SANMAR SITAR,SANMAR SITAR,BERTHS,NOJ,07:18,183.0,32.2,7.3,HSD,12000.0,,6,"05-08-26 NOJMT. SANMAR SITAR BERTHS 183.00 HSD 07:18 12,000 32.20 7.30"
dtr0508.pdf,2026-08-04,2026-08-05,2026-08-05,2026-08-05T07:30:00,DORIC KATANA,DORIC KATANA,SAILS,CB-1,07:30,225.69,22.46,0.0,TH.COAL,78800.0,,6,"05-08-26 CB-1MV. DORIC KATANA SAILS 225.69 TH.COAL 07:30 78,800 32.26 14.50 05-08-26 NQ-2MV. THSD ANTIGOON REBERTHS 115.00 NO 08:00 ON A/C VESSEL 22.46 0.00"
dtr0408.pdf,2026-08-03,2026-08-04,2026-08-05,2026-08-05T08:30:00,TAURUS,TAURUS,BERTHS,KICT,08:30,292.0,45.0,16.5,S.COAL,153570.0,,5,"05-08-26 KICTMV. TAURUS BERTHS 292.00 S.COAL 08:30 153,570 45.00 16.50"
dtr0508.pdf,2026-08-04,2026-08-05,2026-08-05,2026-08-05T09:45:00,APJ ANGAD 2,APJ ANGAD 2,BERTHS,CB-1,09:45,224.94,32.26,14.5,TH.COAL,75000.0,,6,"05-08-26 CB-1MV. APJ ANGAD 2 BERTHS 224.94 TH.COAL 09:45 75,000 32.26 14.50"
dtr0408.pdf,2026-08-03,2026-08-04,2026-08-05,2026-08-05T10:00:00,CHOLA INTEGRITY,CHOLA INTEGRITY,SAILS,CQ-1,10:00,228.99,32.26,14.42,LM. ST.,41870.0,,5,"05-08-26 CQ-1MV. CHOLA INTEGRITY SAILS 228.99 LM. ST. 10:00 41,870 32.26 14.42"
dtr0508.pdf,2026-08-04,2026-08-05,2026-08-05,2026-08-05T10:00:00,FJ IRIS,FJ IRIS,SAILS,KICT,10:00,228.99,32.26,0.0,C.COAL,43953.0,,6,"05-08-26 KICTMV. FJ IRIS SAILS 228.99 C.COAL 10:00 43,953 32.26 0.00"
dtr0508.pdf,2026-08-04,2026-08-05,2026-08-05,2026-08-05T10:30:00,TAURUS,TAURUS,BERTHS,KICT,10:30,292.0,45.0,16.5,S.COAL,153570.0,,6,"05-08-26 KICTMV. TAURUS BERTHS 292.00 S.COAL 10:30 153,570 45.00 16.50"
dtr0408.pdf,2026-08-03,2026-08-04,2026-08-05,2026-08-05T10:30:00,XIN HAI TONG 32,XIN HAI TONG 32,BERTHS,CQ-1,10:30,189.99,32.26,12.8,LM. ST.,54150.0,,5,"05-08-26 CQ-1MV. XIN HAI TONG 32 BERTHS 189.99 LM. ST. 10:30 54,150 32.26 12.80"
dtr0508.pdf,2026-08-04,2026-08-05,2026-08-05,2026-08-05T11:00:00,JABAL AR RAWDAH,JABAL AR RAWDAH,SAILS,NIOB,11:00,199.9,32.26,13.3,I.ORE,61580.0,,6,"05-08-26 NIOBMV. JABAL AR RAWDAH SAILS 199.90 I.ORE 11:00 61,580 32.26 13.30"
dtr0508.pdf,2026-08-04,2026-08-05,2026-08-05,2026-08-05T11:30:00,GENCO MAYFLOWER,GENCO MAYFLOWER,BERTHS,NIOB,11:30,199.9,11.5,3.4,I.ORE,50000.0,,6,"05-08-26 NIOBMV. GENCO MAYFLOWER BERTHS 199.90 I.ORE 11:30 50,000 32.26 11.80 05-08-26 NQ-1MT. OSL TANKER II SHIFTS 49.30 NO 12:00 ON A/C VESSEL 10.36 0.00 05-08-26 NQ-1MT. VAMSEE SHIFTS 69.81 NO 12:30 ON A/C VESSEL 11.50 3.40"
dtr0508.pdf,2026-08-04,2026-08-05,2026-08-05,2026-08-05T13:00:00,CHOLA INTEGRITY,CHOLA INTEGRITY,SAILS,CQ-1,13:00,228.99,32.26,12.87,LM. ST.,43300.0,,6,"05-08-26 CQ-1MV. CHOLA INTEGRITY SAILS 228.99 LM. ST. 13:00 43,300 32.26 14.42 05-08-26 CQ-1MV. XIN HAI TONG 32 SHIFTS 189.99 LM. ST. 13:30 ON A/C VESSEL 54,150 32.26 12.87"
dtr0508.pdf,2026-08-04,2026-08-05,2026-08-05,2026-08-05T22:00:00,NEFELI GR,NEFELI GR,BERTHS,EQ-3,22:00,229.0,32.26,14.5,TH.COAL,77000.0,,6,"05-08-26 EQ-3MV. NEFELI GR BERTHS 229.00 TH.COAL 22:00 77,000 32.26 14.50"
dtr0508.pdf,2026-08-04,2026-08-05,2026-08-05,2026-08-05T22:30:00,MAGIC PERSEUS,MAGIC PERSEUS,SAILS,SQ,22:30,228.99,36.0,9.92,M. COKE,25122.0,,6,"05-08-26 SQMV. MAGIC PERSEUS SAILS 228.99 M. COKE 22:30 25,122 32.26 11.56 05-08-26 SQMV. NING MAY SHIFTS 229.90 C.COAL 23:00 ON A/C PORT 25,000 36.00 9.92"
dtr0508.pdf,2026-08-04,2026-08-05,2026-08-05,2026-08-05T23:30:00,ULTRA LYNX,ULTRA LYNX,BERTHS,MPB,23:30,228.94,32.24,14.47,LM. ST.,40000.0,,6,"05-08-26 MPBMV. ULTRA LYNX BERTHS 228.94 LM. ST. 23:30 40,000 32.24 14.47"
dtr0508.pdf,2026-08-04,2026-08-05,2026-08-06,2026-08-06T00:01:00,RIPLEY PIONEER,RIPLEY PIONEER,SAILS,EQ-2,00:01,225.0,32.26,14.5,TH.COAL,74625.0,,6,"06-08-26 EQ-2MV. RIPLEY PIONEER SAILS 225.00 TH.COAL 00:01 74,625 32.26 14.50"
dtr0508.pdf,2026-08-04,2026-08-05,2026-08-06,2026-08-06T00:30:00,ALASIA,ALASIA,BERTHS,EQ-2,00:30,199.98,32.24,0.0,TH.COAL,59100.0,,6,"06-08-26 EQ-2MV. ALASIA BERTHS 199.98 TH.COAL 00:30 59,100 32.24 0.00"
dtr0508.pdf,2026-08-04,2026-08-05,2026-08-06,2026-08-06T04:00:00,CHENNAI VALARCHI,CHENNAI VALARCHI,SAILS,CB-2,04:00,225.0,32.26,0.0,TH.COAL,74163.0,,6,"06-08-26 CB-2MV. CHENNAI VALARCHI SAILS 225.00 TH.COAL 04:00 74,163 32.26 0.00"
dtr0508.pdf,2026-08-04,2026-08-05,2026-08-06,2026-08-06T05:00:00,VISHVA JYOTI,VISHVA JYOTI,BERTHS,CB-2,05:00,229.0,32.26,14.45,TH.COAL,65000.0,,6,"06-08-26 CB-2MV. VISHVA JYOTI BERTHS 229.00 TH.COAL 05:00 65,000 32.26 14.45"
dtr0608.pdf,2026-08-05,2026-08-06,2026-08-06,2026-08-06T07:00:00,CHENNAI VALARCHI,CHENNAI VALARCHI,SAILS,CB-2,07:00,225.0,32.26,0.0,TH.COAL,74265.0,,5,"06-08-26 CB-2MV. CHENNAI VALARCHI SAILS 225.00 TH.COAL 07:00 74,265 32.26 0.00"
dtr0508.pdf,2026-08-04,2026-08-05,2026-08-06,2026-08-06T08:00:00,SAMADHA,SAMADHA,SAILS,SPM,08:00,274.48,48.0,0.0,CRUDE OIL,143735.0,,6,"06-08-26 SPMMT. SAMADHA SAILS 274.48 CRUDE OIL 08:00 143,735 48.00 0.00"
dtr0608.pdf,2026-08-05,2026-08-06,2026-08-06,2026-08-06T08:30:00,SAMADHA,SAMADHA,SAILS,SPM,08:30,274.48,48.0,0.0,CRUDE OIL,143735.0,,5,"06-08-26 SPMMT. SAMADHA SAILS 274.48 CRUDE OIL 08:30 143,735 48.00 0.00"
dtr0608.pdf,2026-08-05,2026-08-06,2026-08-06,2026-08-06T08:42:00,RIPLEY PIONEER,RIPLEY PIONEER,SAILS,EQ-2,08:42,225.0,32.26,14.5,TH.COAL,48177.0,,5,"06-08-26 EQ-2MV. RIPLEY PIONEER SAILS 225.00 TH.COAL 08:42 48,177 32.26 14.50"
dtr0608.pdf,2026-08-05,2026-08-06,2026-08-06,2026-08-06T08:42:00,VISHVA JYOTI,VISHVA JYOTI,BERTHS,CB-2,08:42,229.0,11.5,3.4,TH.COAL,65000.0,,5,"06-08-26 CB-2MV. VISHVA JYOTI BERTHS 229.00 TH.COAL 08:42 65,000 32.26 14.45 06-08-26 ANCHORAGEMT. SANMAR SITAR SHIFTS 183.00 HSD 09:36 ON A/C IOCL 11,907 32.20 7.30 06-08-26 NQ-1MT. VAMSEE SHIFTS 69.81 NO 09:45 ON A/C VESSEL 11.50 3.40"
dtr0608.pdf,2026-08-05,2026-08-06,2026-08-06,2026-08-06T10:40:00,ALASIA,ALASIA,BERTHS,EQ-2,10:40,199.98,10.36,0.0,TH.COAL,59100.0,,5,"06-08-26 EQ-2MV. ALASIA BERTHS 199.98 TH.COAL 10:40 59,100 32.24 0.00 06-08-26 NQ-1MT. OSL TANKER II SHIFTS 49.30 NO 10:42 ON A/C VESSEL 10.36 0.00"
dtr0608.pdf,2026-08-05,2026-08-06,2026-08-06,2026-08-06T11:00:00,WILLOWS,WILLOWS,BERTHS,NOJ,11:00,173.1,32.2,11.75,HSD/M.SPIRIT,19800.0,,5,"06-08-26 NOJMT. WILLOWS BERTHS 173.10 HSD/M.SPIRIT 11:00 19,800 32.20 11.75"
dtr0608.pdf,2026-08-05,2026-08-06,2026-08-06,2026-08-06T14:00:00,JABAL AR RAWDAH,JABAL AR RAWDAH,SAILS,NIOB,14:00,199.9,32.26,13.3,I.ORE,61580.0,,5,"06-08-26 NIOBMV. JABAL AR RAWDAH SAILS 199.90 I.ORE 14:00 61,580 32.26 13.30"
dtr0608.pdf,2026-08-05,2026-08-06,2026-08-06,2026-08-06T14:30:00,GENCO MAYFLOWER,GENCO MAYFLOWER,BERTHS,NIOB,14:30,199.9,32.26,11.8,I.ORE,50000.0,,5,"06-08-26 NIOBMV. GENCO MAYFLOWER BERTHS 199.90 I.ORE 14:30 50,000 32.26 11.80"
dtr0708.pdf,2026-08-06,2026-08-07,2026-08-06,2026-08-06T19:20:00,LEOPARD II,LEOPARD II,BERTHS,CQ-3,19:20,189.99,32.26,12.65,PYROXENITE,52000.0,,5,"06-08-26 CQ-3MV. LEOPARD II BERTHS 189.99 PYROXENITE 19:20 52,000 32.26 12.65"
dtr0708.pdf,2026-08-06,2026-08-07,2026-08-06,2026-08-06T19:48:00,DJANET,DJANET,BERTHS,SOJ,19:48,230.0,36.0,11.5,BUTANE/PROPA NE,35980.0,,5,"06-08-26 SOJMT. DJANET BERTHS 230.00 BUTANE/PROPA NE 19:48 35,980 36.00 11.50"
dtr0608.pdf,2026-08-05,2026-08-06,2026-08-06,2026-08-06T22:00:00,APJ ANGAD 2,APJ ANGAD 2,SAILS,CB-1,22:00,224.94,32.26,14.5,TH.COAL,75250.0,,5,"06-08-26 CB-1MV. APJ ANGAD 2 SAILS 224.94 TH.COAL 22:00 75,250 32.26 14.50"
dtr0608.pdf,2026-08-05,2026-08-06,2026-08-06,2026-08-06T22:30:00,LADY,LADY,BERTHS,CB-1,22:30,199.9,32.25,13.0,TH.COAL,35000.0,,5,"06-08-26 CB-1MV. LADY BERTHS 199.90 TH.COAL 22:30 35,000 32.25 13.00"
dtr0608.pdf,2026-08-05,2026-08-06,2026-08-06,2026-08-06T23:00:00,AC OREN,AC OREN,SAILS,CQ-2,23:00,189.99,32.26,13.2,I.ORE,54800.0,,5,"06-08-26 CQ-2MV. AC OREN SAILS 189.99 I.ORE 23:00 54,800 32.26 13.20"
dtr0608.pdf,2026-08-05,2026-08-06,2026-08-06,2026-08-06T23:30:00,PRINCESS JOANNA,PRINCESS JOANNA,BERTHS,CQ-2,23:30,189.99,32.26,12.94,DOLOMITE,55150.0,,5,"06-08-26 CQ-2MV. PRINCESS JOANNA BERTHS 189.99 DOLOMITE 23:30 55,150 32.26 12.94"
dtr0608.pdf,2026-08-05,2026-08-06,2026-08-07,2026-08-07T00:01:00,NING MAY,NING MAY,SAILS,SQ,00:01,229.9,36.0,9.92,C.COAL,25000.0,,5,"07-08-26 SQMV. NING MAY SAILS 229.90 C.COAL 00:01 25,000 36.00 9.92"
dtr0608.pdf,2026-08-05,2026-08-06,2026-08-07,2026-08-07T00:30:00,ANNA ELISABETH,ANNA ELISABETH,BERTHS,SQ,00:30,189.9,32.26,13.2,I.ORE,55000.0,,5,"07-08-26 SQMV. ANNA ELISABETH BERTHS 189.90 I.ORE 00:30 55,000 32.26 13.20"
dtr0608.pdf,2026-08-05,2026-08-06,2026-08-07,2026-08-07T03:00:00,PORTO DOLICHA,PORTO DOLICHA,SAILS,FB-1,03:00,189.99,32.26,12.36,ROCK PHOS.,51800.0,,5,"07-08-26 FB-1MV. PORTO DOLICHA SAILS 189.99 ROCK PHOS. 03:00 51,800 32.26 12.36"
dtr0608.pdf,2026-08-05,2026-08-06,2026-08-07,2026-08-07T03:30:00,SANTA ANGELINA,SANTA ANGELINA,BERTHS,FB-1,03:30,189.93,32.26,12.37,ROCK PHOS.,53400.0,,5,"07-08-26 FB-1MV. SANTA ANGELINA BERTHS 189.93 ROCK PHOS. 03:30 53,400 32.26 12.37"
dtr0608.pdf,2026-08-05,2026-08-06,2026-08-07,2026-08-07T06:00:00,ALDEBARAN,ALDEBARAN,BERTHS,SPM,06:00,244.0,43.0,13.75,CRUDE OIL,93526.0,,5,"07-08-26 SPMMT. ALDEBARAN BERTHS 244.00 CRUDE OIL 06:00 93,526 43.00 13.75"
dtr0708.pdf,2026-08-06,2026-08-07,2026-08-07,2026-08-07T06:48:00,PORTO DOLICHA,PORTO DOLICHA,SAILS,FB-1,06:48,189.99,32.26,12.36,ROCK PHOS.,51800.0,,5,"07-08-26 FB-1MV. PORTO DOLICHA SAILS 189.99 ROCK PHOS. 06:48 51,800 32.26 12.36"
dtr0708.pdf,2026-08-06,2026-08-07,2026-08-07,2026-08-07T08:06:00,ANNA ELISABETH,ANNA ELISABETH,BERTHS,SQ,08:06,189.9,32.26,13.2,I.ORE,55000.0,,5,"07-08-26 SQMV. ANNA ELISABETH BERTHS 189.90 I.ORE 08:06 55,000 32.26 13.20"
dtr0708.pdf,2026-08-06,2026-08-07,2026-08-07,2026-08-07T09:00:00,SANTA ANGELINA,SANTA ANGELINA,BERTHS,FB-1,09:00,189.93,32.26,12.37,ROCK PHOS.,53400.0,,5,"07-08-26 FB-1MV. SANTA ANGELINA BERTHS 189.93 ROCK PHOS. 09:00 53,400 32.26 12.37"
dtr0708.pdf,2026-08-06,2026-08-07,2026-08-07,2026-08-07T09:24:00,JABAL AR RAWDAH,JABAL AR RAWDAH,SAILS,NIOB,09:24,199.9,32.26,13.3,I.ORE,61580.0,,5,"07-08-26 NIOBMV. JABAL AR RAWDAH SAILS 199.90 I.ORE 09:24 61,580 32.26 13.30"
dtr0708.pdf,2026-08-06,2026-08-07,2026-08-07,2026-08-07T09:30:00,ALDEBARAN,ALDEBARAN,BERTHS,SPM,09:30,244.0,43.0,13.75,CRUDE OIL,93526.0,,5,"07-08-26 SPMMT. ALDEBARAN BERTHS 244.00 CRUDE OIL 09:30 93,526 43.00 13.75"
dtr0708.pdf,2026-08-06,2026-08-07,2026-08-07,2026-08-07T10:00:00,BRIGHT PIONEER,BRIGHT PIONEER,SAILS,SPM-3,10:00,333.0,60.0,19.3,CRUDE OIL,261235.0,,5,"07-08-26 SPM-3MT. BRIGHT PIONEER SAILS 333.00 CRUDE OIL 10:00 261,235 60.00 19.30"
dtr0708.pdf,2026-08-06,2026-08-07,2026-08-07,2026-08-07T10:15:00,GENCO MAYFLOWER,GENCO MAYFLOWER,BERTHS,NIOB,10:15,199.9,32.26,11.8,I.ORE,50000.0,,5,"07-08-26 NIOBMV. GENCO MAYFLOWER BERTHS 199.90 I.ORE 10:15 50,000 32.26 11.80"
dtr0708.pdf,2026-08-06,2026-08-07,2026-08-07,2026-08-07T10:30:00,THASSOS,THASSOS,SAILS,IOB,10:30,189.9,32.26,0.0,I.ORE,55008.0,,5,"07-08-26 IOBMV. THASSOS SAILS 189.90 I.ORE 10:30 55,008 32.26 0.00"
dtr0708.pdf,2026-08-06,2026-08-07,2026-08-07,2026-08-07T10:45:00,AGIA EIRINI FORCE,AGIA EIRINI FORCE,BERTHS,IOB,10:45,189.99,32.26,12.6,I.ORE,51000.0,,5,"07-08-26 IOBMV. AGIA EIRINI FORCE BERTHS 189.99 I.ORE 10:45 51,000 32.26 12.60"
dtr0608.pdf,2026-08-05,2026-08-06,2026-08-07,2026-08-07T11:00:00,BOURBON,BOURBON,SAILS,SOJ,11:00,183.2,32.2,8.2,M.SPIRIT,34500.0,,5,"07-08-26 SOJMT. BOURBON SAILS 183.20 M.SPIRIT 11:00 34,500 32.20 8.20"
dtr0708.pdf,2026-08-06,2026-08-07,2026-08-07,2026-08-07T11:00:00,NEFELI GR,NEFELI GR,SAILS,EQ-3,11:00,229.0,32.26,14.5,TH.COAL,75450.0,,5,"07-08-26 EQ-3MV. NEFELI GR SAILS 229.00 TH.COAL 11:00 75,450 32.26 14.50"
dtr0708.pdf,2026-08-06,2026-08-07,2026-08-07,2026-08-07T11:12:00,WILLOWS,WILLOWS,SAILS,NOJ,11:12,173.1,32.2,12.0,HSD/M.SPIRIT,11500.0,,5,"07-08-26 NOJMT. WILLOWS SAILS 173.10 HSD/M.SPIRIT 11:12 11,500 32.20 12.00"
dtr0708.pdf,2026-08-06,2026-08-07,2026-08-07,2026-08-07T11:30:00,AMIS GLORY,AMIS GLORY,BERTHS,EQ-3,11:30,189.9,32.26,14.45,TH.COAL,54000.0,,5,"07-08-26 EQ-3MV. AMIS GLORY BERTHS 189.90 TH.COAL 11:30 54,000 32.26 0.00 07-08-26 ANCHORAGEMV. VISHVA JYOTI SHIFTS 229.00 TH.COAL 12:00 ON A/C VESSEL 45,000 32.26 14.45"
dtr0608.pdf,2026-08-05,2026-08-06,2026-08-07,2026-08-07T11:30:00,DJANET,DJANET,BERTHS,SOJ,11:30,230.0,36.0,11.5,BUTANE/PROPA NE,35980.0,,5,"07-08-26 SOJMT. DJANET BERTHS 230.00 BUTANE/PROPA NE 11:30 35,980 36.00 11.50"
dtr0708.pdf,2026-08-06,2026-08-07,2026-08-07,2026-08-07T12:30:00,DECCAN PRIDE,DECCAN PRIDE,BERTHS,CB-2,12:30,225.0,32.26,14.5,TH.COAL,73500.0,,5,"07-08-26 CB-2MV. DECCAN PRIDE BERTHS 225.00 TH.COAL 12:30 73,500 32.26 14.50"
dtr0708.pdf,2026-08-06,2026-08-07,2026-08-07,2026-08-07T13:30:00,DESERT HONOUR,DESERT HONOUR,SAILS,PICT-2,13:30,199.98,32.24,11.77,STEEL SLAB,49289.0,,5,"07-08-26 PICT-2MV. DESERT HONOUR SAILS 199.98 STEEL SLAB 13:30 49,289 32.24 11.77"
dtr0708.pdf,2026-08-06,2026-08-07,2026-08-07,2026-08-07T14:00:00,ELIM COURAGE,ELIM COURAGE,BERTHS,PICT-2,14:00,189.99,22.46,0.0,S.COIL/STEEL PLATE,13100.0,,5,"07-08-26 PICT-2MV. ELIM COURAGE BERTHS 189.99 S.COIL/STEEL PLATE 14:00 13,100 32.26 0.00 07-08-26 ANCHORAGEMV. THSD ANTIGOON SHIFTS 115.00 NO 16:00 ON A/C VESSEL 22.46 0.00"
dtr0708.pdf,2026-08-06,2026-08-07,2026-08-07,2026-08-07T19:00:00,LADY,LADY,SAILS,CB-1,19:00,199.9,32.25,13.0,TH.COAL,33470.0,,5,"07-08-26 CB-1MV. LADY SAILS 199.90 TH.COAL 19:00 33,470 32.25 13.00"
dtr0708.pdf,2026-08-06,2026-08-07,2026-08-07,2026-08-07T20:00:00,POSEIDON TRADER,POSEIDON TRADER,SAILS,PICT,20:00,179.9,30.0,0.0,HR. COIL/STEEL PLATE,29471.0,,5,"07-08-26 PICTMV. POSEIDON TRADER SAILS 179.90 HR. COIL/STEEL PLATE 20:00 29,471 30.00 0.00"
dtr0708.pdf,2026-08-06,2026-08-07,2026-08-07,2026-08-07T20:30:00,SSI IRRESISTIBLE,SSI IRRESISTIBLE,BERTHS,PICT,20:30,229.0,32.26,0.0,A. SULPHATE,33000.0,,5,"07-08-26 PICTMV. SSI IRRESISTIBLE BERTHS 229.00 A. SULPHATE 20:30 33,000 32.26 0.00"
dtr0708.pdf,2026-08-06,2026-08-07,2026-08-08,2026-08-08T04:00:00,ULTRA LYNX,ULTRA LYNX,SAILS,MPB,04:00,228.94,32.24,14.41,LM. ST.,41552.0,,5,"08-08-26 MPBMV. ULTRA LYNX SAILS 228.94 LM. ST. 04:00 41,552 32.24 14.41"
dtr0708.pdf,2026-08-06,2026-08-07,2026-08-08,2026-08-08T04:30:00,ZOITSA SIGALA,ZOITSA SIGALA,BERTHS,MPB,04:30,199.99,32.26,13.42,LM. ST.,61644.0,,5,"08-08-26 MPBMV. ZOITSA SIGALA BERTHS 199.99 LM. ST. 04:30 61,644 32.26 13.42"
dtr0708.pdf,2026-08-06,2026-08-07,2026-08-08,2026-08-08T06:00:00,ALASIA,ALASIA,SAILS,EQ-2,06:00,199.98,32.24,0.0,TH.COAL,59400.0,,5,"08-08-26 EQ-2MV. ALASIA SAILS 199.98 TH.COAL 06:00 59,400 32.24 0.00"
dtr0808.pdf,2026-08-07,2026-08-08,2026-08-08,2026-08-08T08:48:00,POSEIDON TRADER,POSEIDON TRADER,SAILS,PICT,08:48,179.9,30.0,0.0,HR. COIL/STEEL PLATE,29471.0,,5,"08-08-26 PICTMV. POSEIDON TRADER SAILS 179.90 HR. COIL/STEEL PLATE 08:48 29,471 30.00 0.00"
dtr0808.pdf,2026-08-07,2026-08-08,2026-08-08,2026-08-08T09:30:00,SSI IRRESISTIBLE,SSI IRRESISTIBLE,BERTHS,PICT,09:30,229.0,32.26,0.0,A. SULPHATE,33000.0,,5,"08-08-26 PICTMV. SSI IRRESISTIBLE BERTHS 229.00 A. SULPHATE 09:30 33,000 32.26 0.00"
dtr0808.pdf,2026-08-07,2026-08-08,2026-08-08,2026-08-08T10:00:00,ALDEBARAN,ALDEBARAN,SAILS,SPM,10:00,244.0,43.0,13.75,CRUDE OIL,91703.0,,5,"08-08-26 SPMMT. ALDEBARAN SAILS 244.00 CRUDE OIL 10:00 91,703 43.00 13.75"
dtr0708.pdf,2026-08-06,2026-08-07,2026-08-08,2026-08-08T10:00:00,XIN HAI TONG 32,XIN HAI TONG 32,SAILS,CQ-1,10:00,189.99,32.26,14.5,LM. ST.,54150.0,,5,"08-08-26 CQ-1MV. XIN HAI TONG 32 SAILS 189.99 LM. ST. 10:00 54,150 32.26 12.87 08-08-26 CQ-1MV. LEOPARD II SHIFTS 189.99 PYROXENITE 10:30 ON A/C AMNSIL 52,000 32.26 12.65 08-08-26 ANCHORAGEMV. ECO CZAR SHIFTS 224.86 ROCK PHOS. 11:00 ON A/C VESSEL 79,972 32.26 14.50"
dtr0808.pdf,2026-08-07,2026-08-08,2026-08-08,2026-08-08T11:00:00,ULTRA LYNX,ULTRA LYNX,SAILS,MPB,11:00,228.94,32.24,14.41,LM. ST.,43519.0,,5,"08-08-26 MPBMV. ULTRA LYNX SAILS 228.94 LM. ST. 11:00 43,519 32.24 14.41"
dtr0708.pdf,2026-08-06,2026-08-07,2026-08-08,2026-08-08T11:30:00,GAS AMMON,GAS AMMON,BERTHS,FB-2,11:30,179.86,28.74,0.0,AMMONIA,26249.0,,5,"08-08-26 FB-2MT. GAS AMMON BERTHS 179.86 AMMONIA 11:30 26,249 28.74 0.00"
dtr0808.pdf,2026-08-07,2026-08-08,2026-08-08,2026-08-08T11:30:00,ZOITSA SIGALA,ZOITSA SIGALA,BERTHS,MPB,11:30,199.99,32.26,13.42,LM. ST.,61644.0,,5,"08-08-26 MPBMV. ZOITSA SIGALA BERTHS 199.99 LM. ST. 11:30 61,644 32.26 13.42"
dtr0708.pdf,2026-08-06,2026-08-07,2026-08-08,2026-08-08T12:00:00,TAURUS,TAURUS,SAILS,KICT,12:00,292.0,45.0,16.5,S.COAL,153570.0,,5,"08-08-26 KICTMV. TAURUS SAILS 292.00 S.COAL 12:00 153,570 45.00 16.50"
dtr0808.pdf,2026-08-07,2026-08-08,2026-08-08,2026-08-08T12:00:00,XIN HAI TONG 32,XIN HAI TONG 32,SAILS,CQ-1,12:00,189.99,32.26,14.5,LM. ST.,54150.0,,5,"08-08-26 CQ-1MV. XIN HAI TONG 32 SAILS 189.99 LM. ST. 12:00 54,150 32.26 12.87 08-08-26 CQ-1MV. LEOPARD II SHIFTS 189.99 PYROXENITE 13:00 ON A/C AMNSIL 52,000 32.26 12.65 08-08-26 CB-1MV. ECO CZAR SHIFTS 224.86 TH.COAL 13:30 ON A/C SARAT 32.26 14.50"
dtr0708.pdf,2026-08-06,2026-08-07,2026-08-08,2026-08-08T12:30:00,CHAMPIONSHIP,CHAMPIONSHIP,BERTHS,KICT,12:30,292.0,45.0,16.5,PCI COAL,151394.0,,5,"08-08-26 KICTMV. CHAMPIONSHIP BERTHS 292.00 PCI COAL 12:30 151,394 45.00 16.50"
dtr0808.pdf,2026-08-07,2026-08-08,2026-08-08,2026-08-08T14:00:00,GAS AMMON,GAS AMMON,BERTHS,FB-2,14:00,179.86,28.74,0.0,AMMONIA,26249.0,,5,"08-08-26 FB-2MT. GAS AMMON BERTHS 179.86 AMMONIA 14:00 26,249 28.74 0.00"
dtr0808.pdf,2026-08-07,2026-08-08,2026-08-08,2026-08-08T15:00:00,ALASIA,ALASIA,SAILS,EQ-2,15:00,199.98,32.26,14.5,TH.COAL,59400.0,,5,"08-08-26 EQ-2MV. ALASIA SAILS 199.98 TH.COAL 15:00 59,400 32.24 0.00 08-08-26 EQ-2MV. DECCAN PRIDE SHIFTS 225.00 TH.COAL 16:00 ON A/C PORT 35,000 32.26 14.50"
dtr0808.pdf,2026-08-07,2026-08-08,2026-08-08,2026-08-08T17:00:00,GANESHWAR,GANESHWAR,BERTHS,NQ-3,17:00,72.0,14.0,3.0,GYPSUM,1800.0,,5,"08-08-26 NQ-3MV. GANESHWAR BERTHS 72.00 GYPSUM 17:00 1,800 14.00 3.00"
dtr0808.pdf,2026-08-07,2026-08-08,2026-08-08,2026-08-08T20:00:00,TAURUS,TAURUS,SAILS,KICT,20:00,292.0,45.0,16.5,S.COAL,153570.0,,5,"08-08-26 KICTMV. TAURUS SAILS 292.00 S.COAL 20:00 153,570 45.00 16.50"
dtr0808.pdf,2026-08-07,2026-08-08,2026-08-08,2026-08-08T21:00:00,CHAMPIONSHIP,CHAMPIONSHIP,BERTHS,KICT,21:00,292.0,45.0,16.5,PCI COAL,151394.0,,5,"08-08-26 KICTMV. CHAMPIONSHIP BERTHS 292.00 PCI COAL 21:00 151,394 45.00 16.50"
dtr0808.pdf,2026-08-07,2026-08-08,2026-08-09,2026-08-09T01:00:00,AMIS GLORY,AMIS GLORY,SAILS,EQ-3,01:00,189.9,32.26,0.0,TH.COAL,53739.0,,5,"09-08-26 EQ-3MV. AMIS GLORY SAILS 189.90 TH.COAL 01:00 53,739 32.26 0.00"
dtr0808.pdf,2026-08-07,2026-08-08,2026-08-09,2026-08-09T02:00:00,GENCO MAYFLOWER,GENCO MAYFLOWER,SAILS,NIOB,02:00,199.9,32.26,11.8,I.ORE,52315.0,,5,"09-08-26 NIOBMV. GENCO MAYFLOWER SAILS 199.90 I.ORE 02:00 52,315 32.26 11.80"
dtr0808.pdf,2026-08-07,2026-08-08,2026-08-09,2026-08-09T06:00:00,CHOLA INTEGRITY,CHOLA INTEGRITY,BERTHS,CQ-3,06:00,228.99,32.26,14.0,I.ORE PELLET,75000.0,,5,"09-08-26 CQ-3MV. CHOLA INTEGRITY BERTHS 228.99 I.ORE PELLET 06:00 75,000 32.26 14.00"
dtr0908.pdf,2026-08-08,2026-08-09,2026-08-09,2026-08-09T06:30:00,GENCO MAYFLOWER,GENCO MAYFLOWER,SAILS,NIOB,06:30,199.9,32.26,11.8,I.ORE,52315.0,,5,"09-08-26 NIOBMV. GENCO MAYFLOWER SAILS 199.90 I.ORE 06:30 52,315 32.26 11.80"
dtr0808.pdf,2026-08-07,2026-08-08,2026-08-09,2026-08-09T07:00:00,HOANG ANH 03,HOANG ANH 03,BERTHS,NQ-3,07:00,140.19,20.0,6.85,R.P.COKE,10000.0,,5,"09-08-26 NQ-3MV. HOANG ANH 03 BERTHS 140.19 R.P.COKE 07:00 10,000 20.00 6.85"
dtr0908.pdf,2026-08-08,2026-08-09,2026-08-09,2026-08-09T08:00:00,VIXENA,VIXENA,BERTHS,SPM,08:00,274.2,48.04,15.75,CRUDE OIL,141173.0,,5,"09-08-26 SPMMT. VIXENA BERTHS 274.20 CRUDE OIL 08:00 141,173 48.04 15.75"
dtr0908.pdf,2026-08-08,2026-08-09,2026-08-09,2026-08-09T08:24:00,CHAMPIONSHIP,CHAMPIONSHIP,BERTHS,KICT,08:24,292.0,45.0,16.5,PCI COAL,151394.0,,5,"09-08-26 KICTMV. CHAMPIONSHIP BERTHS 292.00 PCI COAL 08:24 151,394 45.00 16.50"
dtr0908.pdf,2026-08-08,2026-08-09,2026-08-09,2026-08-09T09:00:00,BBG KINDNESS,BBG KINDNESS,BERTHS,NIOB,09:00,199.9,32.26,13.3,I.ORE,60000.0,,5,"09-08-26 NIOBMV. BBG KINDNESS BERTHS 199.90 I.ORE 09:00 60,000 32.26 13.30"
dtr0908.pdf,2026-08-08,2026-08-09,2026-08-09,2026-08-09T10:00:00,CHOLA INTEGRITY,CHOLA INTEGRITY,BERTHS,CQ-3,10:00,228.99,32.26,14.0,I.ORE PELLET,75000.0,,5,"09-08-26 CQ-3MV. CHOLA INTEGRITY BERTHS 228.99 I.ORE PELLET 10:00 75,000 32.26 14.00"
dtr0808.pdf,2026-08-07,2026-08-08,2026-08-09,2026-08-09T10:00:00,DJANET,DJANET,SAILS,SOJ,10:00,230.0,36.0,11.5,BUTANE/PROPA NE,24120.0,,5,"09-08-26 SOJMT. DJANET SAILS 230.00 BUTANE/PROPA NE 10:00 24,120 36.00 11.50"
dtr0908.pdf,2026-08-08,2026-08-09,2026-08-09,2026-08-09T10:30:00,CHOLA LEGACY,CHOLA LEGACY,BERTHS,CB-2,10:30,228.99,32.26,0.0,TH.COAL,69000.0,,5,"09-08-26 CB-2MV. CHOLA LEGACY BERTHS 228.99 TH.COAL 10:30 69,000 32.26 0.00"
dtr0908.pdf,2026-08-08,2026-08-09,2026-08-09,2026-08-09T11:00:00,HOANG ANH 03,HOANG ANH 03,BERTHS,NQ-3,11:00,140.19,20.0,6.85,R.P.COKE,10000.0,,5,"09-08-26 NQ-3MV. HOANG ANH 03 BERTHS 140.19 R.P.COKE 11:00 10,000 20.00 6.85"
dtr0908.pdf,2026-08-08,2026-08-09,2026-08-09,2026-08-09T12:00:00,DJANET,DJANET,SAILS,SOJ,12:00,230.0,36.0,11.5,BUTANE/PROPA NE,24120.0,,5,"09-08-26 SOJMT. DJANET SAILS 230.00 BUTANE/PROPA NE 12:00 24,120 36.00 11.50"
dtr0908.pdf,2026-08-08,2026-08-09,2026-08-09,2026-08-09T13:00:00,DECCAN PRIDE,DECCAN PRIDE,SAILS,EQ-2,13:00,225.0,32.26,14.5,TH.COAL,73600.0,,5,"09-08-26 EQ-2MV. DECCAN PRIDE SAILS 225.00 TH.COAL 13:00 73,600 32.26 14.50"
dtr0908.pdf,2026-08-08,2026-08-09,2026-08-09,2026-08-09T14:00:00,STAR NICOLE,STAR NICOLE,BERTHS,EQ-2,14:00,229.0,32.2,8.2,TH.COAL,77000.0,,5,"09-08-26 EQ-2MV. STAR NICOLE BERTHS 229.00 TH.COAL 14:00 77,000 32.26 14.50 09-08-26 SOJMT. BOURBON REBERTHS 183.20 HSD 16:00 ON A/C IOCL 34,500 32.20 8.20"
dtr0908.pdf,2026-08-08,2026-08-09,2026-08-09,2026-08-09T18:00:00,PRINCESS JOANNA,PRINCESS JOANNA,SAILS,CQ-2,18:00,189.99,32.26,12.94,DOLOMITE,55150.0,,5,"09-08-26 CQ-2MV. PRINCESS JOANNA SAILS 189.99 DOLOMITE 18:00 55,150 32.26 12.94"
dtr0908.pdf,2026-08-08,2026-08-09,2026-08-09,2026-08-09T19:00:00,PARAGON,PARAGON,BERTHS,CQ-2,19:00,224.98,32.24,14.0,TH.COAL,70000.0,COASTAL PRIORITY,5,"09-08-26 CQ-2MV. PARAGON BERTHS 224.98 TH.COAL 19:00 COASTAL PRIORITY 70,000 32.24 14.00"
dtr0908.pdf,2026-08-08,2026-08-09,2026-08-10,2026-08-10T00:05:00,ECO CZAR,ECO CZAR,SAILS,CB-1,00:05,224.86,32.26,14.5,TH.COAL,45276.0,,5,"10-08-26 CB-1MV. ECO CZAR SAILS 224.86 TH.COAL 00:05 45,276 32.26 14.50"
dtr0908.pdf,2026-08-08,2026-08-09,2026-08-10,2026-08-10T05:00:00,SANTA ANGELINA,SANTA ANGELINA,SAILS,FB-1,05:00,189.93,32.26,12.37,ROCK PHOS.,53400.0,,5,"10-08-26 FB-1MV. SANTA ANGELINA SAILS 189.93 ROCK PHOS. 05:00 53,400 32.26 12.37"
dtr0908.pdf,2026-08-08,2026-08-09,2026-08-10,2026-08-10T06:00:00,OTHRYS,OTHRYS,BERTHS,FB-1,06:00,199.99,32.26,12.5,ROCK PHOS.,54705.0,,5,"10-08-26 FB-1MV. OTHRYS BERTHS 199.99 ROCK PHOS. 06:00 54,705 32.26 12.50"
dtr0908.pdf,2026-08-08,2026-08-09,2026-08-10,2026-08-10T07:00:00,GAS AMMON,GAS AMMON,SAILS,FB-2,07:00,179.86,28.74,10.3,AMMONIA,26250.0,,5,"10-08-26 FB-2MT. GAS AMMON SAILS 179.86 AMMONIA 07:00 26,250 28.74 10.30"
dtr1008.pdf,2026-08-09,2026-08-10,2026-08-10,2026-08-10T08:00:00,BABYLON,BABYLON,BERTHS,NOJ,08:00,179.8,32.2,10.2,HSD/M.SPIRIT,15500.0,,5,"10-08-26 NOJMT. BABYLON BERTHS 179.80 HSD/M.SPIRIT 08:00 15,500 32.20 10.20"
dtr1008.pdf,2026-08-09,2026-08-10,2026-08-10,2026-08-10T09:04:00,OTHRYS,OTHRYS,BERTHS,FB-1,09:04,199.99,32.26,12.5,ROCK PHOS.,54705.0,,5,"10-08-26 FB-1MV. OTHRYS BERTHS 199.99 ROCK PHOS. 09:04 54,705 32.26 12.50"
dtr1008.pdf,2026-08-09,2026-08-10,2026-08-10,2026-08-10T09:30:00,NORELIA,NORELIA,BERTHS,SPM-3,09:30,274.0,48.0,0.0,CRUDE OIL,137216.0,,5,"10-08-26 SPM-3MT. NORELIA BERTHS 274.00 CRUDE OIL 09:30 137,216 48.00 0.00"
dtr1008.pdf,2026-08-09,2026-08-10,2026-08-10,2026-08-10T09:45:00,GAS AMMON,GAS AMMON,SAILS,FB-2,09:45,179.86,28.74,10.3,AMMONIA,26250.0,,5,"10-08-26 FB-2MT. GAS AMMON SAILS 179.86 AMMONIA 09:45 26,250 28.74 10.30"
dtr1008.pdf,2026-08-09,2026-08-10,2026-08-10,2026-08-10T10:00:00,ECO CZAR,ECO CZAR,SAILS,CB-1,10:00,224.86,32.26,14.5,TH.COAL,79776.0,,5,"10-08-26 CB-1MV. ECO CZAR SAILS 224.86 TH.COAL 10:00 79,776 32.26 14.50"
dtr1008.pdf,2026-08-09,2026-08-10,2026-08-10,2026-08-10T10:30:00,GIORGAKIS,GIORGAKIS,BERTHS,CB-1,10:30,229.0,32.26,14.5,TH.COAL,79000.0,,5,"10-08-26 CB-1MV. GIORGAKIS BERTHS 229.00 TH.COAL 10:30 79,000 32.26 14.50"
dtr1008.pdf,2026-08-09,2026-08-10,2026-08-10,2026-08-10T11:00:00,CHOLA INTEGRITY,CHOLA INTEGRITY,BERTHS,CQ-3,11:00,228.99,32.26,14.0,I.ORE PELLET,75000.0,,5,"10-08-26 CQ-3MV. CHOLA INTEGRITY BERTHS 228.99 I.ORE PELLET 11:00 75,000 32.26 14.00"
dtr1008.pdf,2026-08-09,2026-08-10,2026-08-10,2026-08-10T14:00:00,CHOLA TREASURE,CHOLA TREASURE,SAILS,EQ-3,14:00,225.0,32.26,0.0,TH.COAL,73800.0,,5,"10-08-26 EQ-3MV. CHOLA TREASURE SAILS 225.00 TH.COAL 14:00 73,800 32.26 0.00"
dtr1008.pdf,2026-08-09,2026-08-10,2026-08-10,2026-08-10T15:00:00,STAR ISLAND,STAR ISLAND,BERTHS,EQ-3,15:00,199.99,32.26,13.3,TH.COAL,60000.0,,5,"10-08-26 EQ-3MV. STAR ISLAND BERTHS 199.99 TH.COAL 15:00 60,000 32.26 13.30"
dtr1008.pdf,2026-08-09,2026-08-10,2026-08-10,2026-08-10T17:00:00,VIXENA,VIXENA,SAILS,SPM,17:00,274.2,48.04,15.75,CRUDE OIL,140922.0,,5,"10-08-26 SPMMT. VIXENA SAILS 274.20 CRUDE OIL 17:00 140,922 48.04 15.75"
dtr1008.pdf,2026-08-09,2026-08-10,2026-08-10,2026-08-10T18:00:00,CHOLA LEGACY,CHOLA LEGACY,SAILS,CB-2,18:00,228.99,32.26,14.45,TH.COAL,80500.0,,5,"10-08-26 CB-2MV. CHOLA LEGACY SAILS 228.99 TH.COAL 18:00 80,500 32.26 0.00 10-08-26 CB-2MV. VISHVA JYOTI REBERTHS 229.00 TH.COAL 18:30 ON A/C VESSEL 44,077 32.26 14.45"
dtr1008.pdf,2026-08-09,2026-08-10,2026-08-10,2026-08-10T19:00:00,ANNA ELISABETH,ANNA ELISABETH,SAILS,SQ,19:00,189.9,32.26,12.65,I.ORE,54450.0,,5,"10-08-26 SQMV. ANNA ELISABETH SAILS 189.90 I.ORE 19:00 54,450 32.26 13.20 10-08-26 SQMV. PARAGON SHIFTS 224.98 TH.COAL 19:30 ON A/C PORT 71,995 32.24 14.00 10-08-26 CQ-2MV. LEOPARD II SHIFTS 189.99 PYROXENITE 20:00 ON A/C PORT 52,000 32.26 12.65"
dtr1008.pdf,2026-08-09,2026-08-10,2026-08-10,2026-08-10T20:30:00,GCL YAMUNA,GCL YAMUNA,BERTHS,CQ-1,20:30,253.5,43.0,13.9,LM. ST.,105000.0,,5,"10-08-26 CQ-1MV. GCL YAMUNA BERTHS 253.50 LM. ST. 20:30 105,000 43.00 13.90"
dtr1008.pdf,2026-08-09,2026-08-10,2026-08-10,2026-08-10T21:30:00,AGIA EIRINI FORCE,AGIA EIRINI FORCE,SAILS,IOB,21:30,189.99,32.26,12.6,I.ORE,54150.0,,5,"10-08-26 IOBMV. AGIA EIRINI FORCE SAILS 189.99 I.ORE 21:30 54,150 32.26 12.60"
dtr1008.pdf,2026-08-09,2026-08-10,2026-08-10,2026-08-10T22:00:00,VOSCO OCEAN,VOSCO OCEAN,BERTHS,IOB,22:00,189.99,32.26,13.0,TH.COAL,55000.0,,5,"10-08-26 IOBMV. VOSCO OCEAN BERTHS 189.99 TH.COAL 22:00 55,000 32.26 13.00"
dtr1008.pdf,2026-08-09,2026-08-10,2026-08-10,2026-08-10T22:30:00,BBG KINDNESS,BBG KINDNESS,SAILS,NIOB,22:30,199.9,32.26,13.3,I.ORE,61140.0,,5,"10-08-26 NIOBMV. BBG KINDNESS SAILS 199.90 I.ORE 22:30 61,140 32.26 13.30"
dtr1008.pdf,2026-08-09,2026-08-10,2026-08-10,2026-08-10T23:00:00,QING QUAN SHAN,QING QUAN SHAN,BERTHS,NIOB,23:00,199.9,32.26,0.0,I.ORE PELLET,35000.0,,5,"10-08-26 NIOBMV. QING QUAN SHAN BERTHS 199.90 I.ORE PELLET 23:00 35,000 32.26 0.00"
dtr1008.pdf,2026-08-09,2026-08-10,2026-08-11,2026-08-11T01:00:00,ELIM COURAGE,ELIM COURAGE,SAILS,PICT,01:00,189.99,32.26,0.0,S.COIL/STEEL PLATE,13143.0,,5,"11-08-26 PICTMV. ELIM COURAGE SAILS 189.99 S.COIL/STEEL PLATE 01:00 13,143 32.26 0.00"
dtr1008.pdf,2026-08-09,2026-08-10,2026-08-11,2026-08-11T03:00:00,HOANG ANH 03,HOANG ANH 03,SAILS,NQ-3,03:00,140.19,20.0,6.9,R.P.COKE,9961.0,,5,"11-08-26 NQ-3MV. HOANG ANH 03 SAILS 140.19 R.P.COKE 03:00 9,961 20.00 6.90"
dtr1008.pdf,2026-08-09,2026-08-10,2026-08-11,2026-08-11T06:00:00,STAR NICOLE,STAR NICOLE,SAILS,EQ-2,06:00,229.0,32.26,14.5,TH.COAL,75945.0,,5,"11-08-26 EQ-2MV. STAR NICOLE SAILS 229.00 TH.COAL 06:00 75,945 32.26 14.50"
dtr1108.pdf,2026-08-10,2026-08-11,2026-08-11,2026-08-11T09:00:00,BOURBON,BOURBON,SAILS,SOJ,09:00,183.2,32.2,7.3,HSD,36440.0,,6,"11-08-26 SOJMT. BOURBON SAILS 183.20 HSD 09:00 36,440 32.20 8.20 11-08-26 SOJMT. SANMAR SITAR REBERTHS 183.00 M.SPIRIT/NAPTH A 09:30 ON A/C IOCL 11,907 32.20 7.30"
dtr1008.pdf,2026-08-09,2026-08-10,2026-08-11,2026-08-11T09:00:00,ZOITSA SIGALA,ZOITSA SIGALA,SAILS,MPB,09:00,199.99,32.26,13.42,LM. ST.,61644.0,,5,"11-08-26 MPBMV. ZOITSA SIGALA SAILS 199.99 LM. ST. 09:00 61,644 32.26 13.42"
dtr1008.pdf,2026-08-09,2026-08-10,2026-08-11,2026-08-11T09:30:00,BLUE SPIRIT,BLUE SPIRIT,BERTHS,MPB,09:30,228.96,32.24,14.45,C.COAL,78001.0,,5,"11-08-26 MPBMV. BLUE SPIRIT BERTHS 228.96 C.COAL 09:30 78,001 32.24 14.45"
dtr1108.pdf,2026-08-10,2026-08-11,2026-08-11,2026-08-11T09:45:00,VIOLETTA K,VIOLETTA K,BERTHS,CB-1,09:45,228.99,32.26,14.5,TH.COAL,75000.0,,6,"11-08-26 CB-1MV. VIOLETTA K BERTHS 228.99 TH.COAL 09:45 75,000 32.26 14.50"
dtr1108.pdf,2026-08-10,2026-08-11,2026-08-11,2026-08-11T10:00:00,HOANG ANH 03,HOANG ANH 03,SAILS,NQ-3,10:00,140.19,20.0,6.9,R.P.COKE,9961.0,,6,"11-08-26 NQ-3MV. HOANG ANH 03 SAILS 140.19 R.P.COKE 10:00 9,961 20.00 6.90"
dtr1008.pdf,2026-08-09,2026-08-10,2026-08-11,2026-08-11T10:00:00,LEOPARD II,LEOPARD II,SAILS,CQ-2,10:00,189.99,43.0,13.9,PYROXENITE,52000.0,,5,"11-08-26 CQ-2MV. LEOPARD II SAILS 189.99 PYROXENITE 10:00 52,000 32.26 12.65 11-08-26 TCMV. GCL YAMUNA SHIFTS 253.50 LM. ST. 10:30 ON A/C PORT 43.00 13.90 11-08-26 CQ-1MV. PARAGON SHIFTS 224.98 TH.COAL 11:00 ON A/C PORT 71,995 32.24 14.00 11-08-26 SQMV. GCL YAMUNA SHIFTS 253.50 LM. ST. 11:30 ON A/C PORT 43.00 13.90"
dtr1108.pdf,2026-08-10,2026-08-11,2026-08-11,2026-08-11T10:15:00,LEOPARD II,LEOPARD II,SAILS,CQ-2,10:15,189.99,43.0,13.9,PYROXENITE,52000.0,,6,"11-08-26 CQ-2MV. LEOPARD II SAILS 189.99 PYROXENITE 10:15 52,000 32.26 12.65 11-08-26 TCMV. GCL YAMUNA SHIFTS 253.50 LM. ST. 10:30 ON A/C PORT 105,000 43.00 13.90"
dtr1108.pdf,2026-08-10,2026-08-11,2026-08-11,2026-08-11T11:00:00,AGIA EIRINI FORCE,AGIA EIRINI FORCE,SAILS,IOB,11:00,189.99,43.0,13.9,I.ORE,54150.0,,6,"11-08-26 IOBMV. AGIA EIRINI FORCE SAILS 189.99 I.ORE 11:00 54,150 32.26 12.60 11-08-26 CQ-1MV. PARAGON SHIFTS 224.98 TH.COAL 11:15 ON A/C PORT 71,995 32.24 14.00 11-08-26 SQMV. GCL YAMUNA SHIFTS 253.50 LM. ST. 11:30 ON A/C PORT 105,000 43.00 13.90"
dtr1108.pdf,2026-08-10,2026-08-11,2026-08-11,2026-08-11T11:45:00,VOSCO OCEAN,VOSCO OCEAN,BERTHS,IOB,11:45,189.99,32.26,13.0,TH.COAL,55000.0,,6,"11-08-26 IOBMV. VOSCO OCEAN BERTHS 189.99 TH.COAL 11:45 55,000 32.26 13.00"
dtr1008.pdf,2026-08-09,2026-08-10,2026-08-11,2026-08-11T12:00:00,AMNSI MAXIMUS,AMNSI MAXIMUS,BERTHS,CQ-2,12:00,229.0,32.26,13.5,PYROXENITE,40000.0,,5,"11-08-26 CQ-2MV. AMNSI MAXIMUS BERTHS 229.00 PYROXENITE 12:00 40,000 32.26 13.50"
dtr1108.pdf,2026-08-10,2026-08-11,2026-08-11,2026-08-11T12:00:00,AMNSI MAXIMUS,AMNSI MAXIMUS,BERTHS,CQ-2,12:00,229.0,32.26,13.5,PYROXENITE,40000.0,,6,"11-08-26 CQ-2MV. AMNSI MAXIMUS BERTHS 229.00 PYROXENITE 12:00 40,000 32.26 13.50"
dtr1108.pdf,2026-08-10,2026-08-11,2026-08-11,2026-08-11T14:00:00,ELIM COURAGE,ELIM COURAGE,SAILS,PICT-2,14:00,189.99,32.26,0.0,S.COIL/STEEL PLATE,13066.0,,6,"11-08-26 PICT-2MV. ELIM COURAGE SAILS 189.99 S.COIL/STEEL PLATE 14:00 13,066 32.26 0.00"
dtr1108.pdf,2026-08-10,2026-08-11,2026-08-11,2026-08-11T14:30:00,CONCARAN,CONCARAN,BERTHS,PICT-2,14:30,199.98,32.24,13.42,PIG IRON,51500.0,,6,"11-08-26 PICT-2MV. CONCARAN BERTHS 199.98 PIG IRON 14:30 51,500 32.24 13.42"
dtr1108.pdf,2026-08-10,2026-08-11,2026-08-11,2026-08-11T15:00:00,BBG KINDNESS,BBG KINDNESS,SAILS,NIOB,15:00,199.9,32.26,13.3,I.ORE,61140.0,,6,"11-08-26 NIOBMV. BBG KINDNESS SAILS 199.90 I.ORE 15:00 61,140 32.26 13.30"
dtr1108.pdf,2026-08-10,2026-08-11,2026-08-11,2026-08-11T15:30:00,QING QUAN SHAN,QING QUAN SHAN,BERTHS,NIOB,15:30,199.9,32.26,0.0,I.ORE PELLET,35000.0,,6,"11-08-26 NIOBMV. QING QUAN SHAN BERTHS 199.90 I.ORE PELLET 15:30 35,000 32.26 0.00"
dtr1108.pdf,2026-08-10,2026-08-11,2026-08-11,2026-08-11T16:00:00,VISHVA JYOTI,VISHVA JYOTI,SAILS,CB-2,16:00,229.0,32.26,14.45,TH.COAL,68500.0,,6,"11-08-26 CB-2MV. VISHVA JYOTI SAILS 229.00 TH.COAL 16:00 68,500 32.26 14.45"
dtr1108.pdf,2026-08-10,2026-08-11,2026-08-11,2026-08-11T18:00:00,STAR NICOLE,STAR NICOLE,SAILS,EQ-2,18:00,229.0,32.26,14.5,TH.COAL,75945.0,,6,"11-08-26 EQ-2MV. STAR NICOLE SAILS 229.00 TH.COAL 18:00 75,945 32.26 14.50 11-08-26 EQ-2MV. GIORGAKIS SHIFTS 229.00 TH.COAL 18:30 ON A/C PORT 38,000 32.26 14.50"
dtr1108.pdf,2026-08-10,2026-08-11,2026-08-11,2026-08-11T19:00:00,NORELIA,NORELIA,SAILS,SPM-3,19:00,274.0,48.0,16.0,CRUDE OIL,137216.0,,6,"11-08-26 SPM-3MT. NORELIA SAILS 274.00 CRUDE OIL 19:00 137,216 48.00 16.00"
dtr1108.pdf,2026-08-10,2026-08-11,2026-08-11,2026-08-11T22:00:00,ZOITSA SIGALA,ZOITSA SIGALA,SAILS,MPB,22:00,199.99,32.26,13.42,LM. ST.,61645.0,,6,"11-08-26 MPBMV. ZOITSA SIGALA SAILS 199.99 LM. ST. 22:00 61,645 32.26 13.42"
dtr1108.pdf,2026-08-10,2026-08-11,2026-08-11,2026-08-11T22:30:00,BLUE SPIRIT,BLUE SPIRIT,BERTHS,MPB,22:30,228.96,32.24,14.45,C.COAL,78001.0,,6,"11-08-26 MPBMV. BLUE SPIRIT BERTHS 228.96 C.COAL 22:30 78,001 32.24 14.45"
dtr1108.pdf,2026-08-10,2026-08-11,2026-08-12,2026-08-12T02:00:00,BABYLON,BABYLON,SAILS,NOJ,02:00,179.8,32.2,10.2,HSD/M.SPIRIT,19800.0,,6,"12-08-26 NOJMT. BABYLON SAILS 179.80 HSD/M.SPIRIT 02:00 19,800 32.20 10.20"
dtr1208.pdf,2026-08-11,2026-08-12,2026-08-12,2026-08-12T02:20:00,AQUASTAR,AQUASTAR,BERTHS,CB-2,02:20,199.92,32.26,13.0,TH.COAL,56000.0,,6,"12-08-26 CB-2MV. AQUASTAR BERTHS 199.92 TH.COAL 02:20 56,000 32.26 13.00"
dtr1108.pdf,2026-08-10,2026-08-11,2026-08-12,2026-08-12T06:00:00,ATHERINA,ATHERINA,BERTHS,SPM-3,06:00,339.76,60.0,21.5,CRUDE OIL,149841.0,,6,"12-08-26 SPM-3MT. ATHERINA BERTHS 339.76 CRUDE OIL 06:00 149,841 60.00 21.50"
dtr1108.pdf,2026-08-10,2026-08-11,2026-08-12,2026-08-12T06:30:00,CHOLA INTEGRITY,CHOLA INTEGRITY,SAILS,CQ-3,06:30,228.99,32.26,14.0,I.ORE PELLET,77000.0,,6,"12-08-26 CQ-3MV. CHOLA INTEGRITY SAILS 228.99 I.ORE PELLET 06:30 77,000 32.26 14.00"
dtr1208.pdf,2026-08-11,2026-08-12,2026-08-12,2026-08-12T06:33:00,CHOLA INTEGRITY,CHOLA INTEGRITY,SAILS,CQ-3,06:33,228.99,32.26,14.0,I.ORE PELLET,77057.0,,6,"12-08-26 CQ-3MV. CHOLA INTEGRITY SAILS 228.99 I.ORE PELLET 06:33 77,057 32.26 14.00"
dtr1208.pdf,2026-08-11,2026-08-12,2026-08-12,2026-08-12T07:36:00,SANMAR SITAR,SANMAR SITAR,SAILS,SOJ,07:36,183.0,32.2,7.3,M.SPIRIT/NAPTH A,25892.0,,6,"12-08-26 SOJMT. SANMAR SITAR SAILS 183.00 M.SPIRIT/NAPTH A 07:36 25,892 32.20 7.30"
dtr1208.pdf,2026-08-11,2026-08-12,2026-08-12,2026-08-12T10:00:00,ATHERINA,ATHERINA,BERTHS,SPM-3,10:00,339.76,60.0,21.5,CRUDE OIL,149841.0,,6,"12-08-26 SPM-3MT. ATHERINA BERTHS 339.76 CRUDE OIL 10:00 149,841 60.00 21.50"
dtr1208.pdf,2026-08-11,2026-08-12,2026-08-12,2026-08-12T10:10:00,GANESHWAR,GANESHWAR,BERTHS,NQ-3,10:10,72.0,14.0,2.8,GYPSUM,1800.0,,6,"12-08-26 NQ-3MV. GANESHWAR BERTHS 72.00 GYPSUM 10:10 1,800 14.00 2.80"
dtr1208.pdf,2026-08-11,2026-08-12,2026-08-12,2026-08-12T12:00:00,BABYLON,BABYLON,SAILS,NOJ,12:00,179.8,32.2,0.0,HSD/M.SPIRIT,17777.0,,6,"12-08-26 NOJMT. BABYLON SAILS 179.80 HSD/M.SPIRIT 12:00 17,777 32.20 0.00"
dtr1208.pdf,2026-08-11,2026-08-12,2026-08-12,2026-08-12T12:30:00,STAR ISLAND,STAR ISLAND,SAILS,EQ-3,12:30,199.99,32.26,13.3,TH.COAL,62004.0,,6,"12-08-26 EQ-3MV. STAR ISLAND SAILS 199.99 TH.COAL 12:30 62,004 32.26 13.30"
dtr1208.pdf,2026-08-11,2026-08-12,2026-08-12,2026-08-12T13:00:00,GIORGAKIS,GIORGAKIS,SAILS,EQ-2,13:00,229.0,32.26,13.3,TH.COAL,77632.0,,6,"12-08-26 EQ-2MV. GIORGAKIS SAILS 229.00 TH.COAL 13:00 77,632 32.26 14.50 12-08-26 EQ-2MV. BBG KINDNESS SHIFTS 199.90 I.ORE 13:30 ON A/C VESSEL 61,140 32.26 13.30"
dtr1208.pdf,2026-08-11,2026-08-12,2026-08-12,2026-08-12T14:00:00,QING QUAN SHAN,QING QUAN SHAN,BERTHS,NIOB,14:00,199.9,32.26,0.0,I.ORE PELLET,35000.0,,6,"12-08-26 NIOBMV. QING QUAN SHAN BERTHS 199.90 I.ORE PELLET 14:00 35,000 32.26 0.00"
dtr1208.pdf,2026-08-11,2026-08-12,2026-08-12,2026-08-12T14:30:00,GANESHWAR,GANESHWAR,SAILS,NQ-3,14:30,72.0,32.26,13.0,GYPSUM,3268.0,,6,"12-08-26 NQ-3MV. GANESHWAR SAILS 72.00 GYPSUM 14:30 3,268 14.00 2.80 12-08-26 EQ-3MV. AQUASTAR SHIFTS 199.92 TH.COAL 15:00 ON A/C PORT 25,100 32.26 13.00"
dtr1208.pdf,2026-08-11,2026-08-12,2026-08-12,2026-08-12T15:30:00,CHOLA PROSPERITY,CHOLA PROSPERITY,BERTHS,CB-2,15:30,225.0,32.26,14.5,TH.COAL,44000.0,,6,"12-08-26 CB-2MV. CHOLA PROSPERITY BERTHS 225.00 TH.COAL 15:30 44,000 32.26 14.50"
dtr1208.pdf,2026-08-11,2026-08-12,2026-08-12,2026-08-12T22:00:00,SSI IRRESISTIBLE,SSI IRRESISTIBLE,SAILS,PICT,22:00,229.0,32.26,0.0,A. SULPHATE,33000.0,,6,"12-08-26 PICTMV. SSI IRRESISTIBLE SAILS 229.00 A. SULPHATE 22:00 33,000 32.26 0.00"
dtr1208.pdf,2026-08-11,2026-08-12,2026-08-12,2026-08-12T22:30:00,STAR HELSINKI,STAR HELSINKI,BERTHS,PICT,22:30,199.9,32.26,12.23,UREA,49350.0,,6,"12-08-26 PICTMV. STAR HELSINKI BERTHS 199.90 UREA 22:30 49,350 32.26 12.23"
dtr1208.pdf,2026-08-11,2026-08-12,2026-08-12,2026-08-12T23:00:00,VIOLETTA K,VIOLETTA K,SAILS,CB-1,23:00,228.99,32.26,14.5,TH.COAL,78890.0,,6,"12-08-26 CB-1MV. VIOLETTA K SAILS 228.99 TH.COAL 23:00 78,890 32.26 14.50"
dtr1208.pdf,2026-08-11,2026-08-12,2026-08-12,2026-08-12T23:30:00,PACIFIC STAR,PACIFIC STAR,BERTHS,CB-1,23:30,224.9,32.25,14.5,TH.COAL,74000.0,,6,"12-08-26 CB-1MV. PACIFIC STAR BERTHS 224.90 TH.COAL 23:30 74,000 32.25 14.50"
dtr1308.pdf,2026-08-12,2026-08-13,2026-08-13,2026-08-13T02:24:00,JAG PARTH,JAG PARTH,BERTHS,SOJ,02:24,183.0,32.2,8.2,GASOIL,40000.0,,5,"13-08-26 SOJMT. JAG PARTH BERTHS 183.00 GASOIL 02:24 40,000 32.20 8.20"
dtr1308.pdf,2026-08-12,2026-08-13,2026-08-13,2026-08-13T09:30:00,QING QUAN SHAN,QING QUAN SHAN,SAILS,NIOB,09:30,199.9,32.26,0.0,I.ORE PELLET,33000.0,,5,"13-08-26 NIOBMV. QING QUAN SHAN SAILS 199.90 I.ORE PELLET 09:30 33,000 32.26 0.00"
dtr1208.pdf,2026-08-11,2026-08-12,2026-08-13,2026-08-13T10:00:00,GANESHWAR,GANESHWAR,BERTHS,NQ-3,10:00,72.0,14.0,2.8,GYPSUM,1800.0,,6,"13-08-26 NQ-3MV. GANESHWAR BERTHS 72.00 GYPSUM 10:00 1,800 14.00 2.80"
dtr1308.pdf,2026-08-12,2026-08-13,2026-08-13,2026-08-13T10:48:00,JIN HAI RUN,JIN HAI RUN,BERTHS,NIOB,10:48,199.85,32.26,13.66,I.ORE PELLET,61920.0,,5,"13-08-26 NIOBMV. JIN HAI RUN BERTHS 199.85 I.ORE PELLET 10:48 61,920 32.26 13.66"
dtr1308.pdf,2026-08-12,2026-08-13,2026-08-13,2026-08-13T11:30:00,AQUASTAR,AQUASTAR,SAILS,EQ-3,11:30,199.92,32.26,13.0,TH.COAL,33864.0,,5,"13-08-26 EQ-3MV. AQUASTAR SAILS 199.92 TH.COAL 11:30 33,864 32.26 13.00"
dtr1308.pdf,2026-08-12,2026-08-13,2026-08-13,2026-08-13T12:00:00,LILA FUJI,LILA FUJI,BERTHS,EQ-3,12:00,229.0,32.24,14.5,TH.COAL,77000.0,,5,"13-08-26 EQ-3MV. LILA FUJI BERTHS 229.00 TH.COAL 12:00 77,000 32.24 14.50"
dtr1308.pdf,2026-08-12,2026-08-13,2026-08-13,2026-08-13T13:00:00,MAINI,MAINI,BERTHS,SPM,13:00,249.0,44.0,0.0,CRUDE OIL,94486.0,,5,"13-08-26 SPMMT. MAINI BERTHS 249.00 CRUDE OIL 13:00 94,486 44.00 0.00"
dtr1308.pdf,2026-08-12,2026-08-13,2026-08-13,2026-08-13T14:00:00,SSI IRRESISTIBLE,SSI IRRESISTIBLE,SAILS,PICT,14:00,229.0,32.26,0.0,A. SULPHATE,33000.0,,5,"13-08-26 PICTMV. SSI IRRESISTIBLE SAILS 229.00 A. SULPHATE 14:00 33,000 32.26 0.00"
dtr1308.pdf,2026-08-12,2026-08-13,2026-08-13,2026-08-13T14:30:00,STAR HELSINKI,STAR HELSINKI,BERTHS,PICT,14:30,199.9,32.26,12.23,UREA,49350.0,,5,"13-08-26 PICTMV. STAR HELSINKI BERTHS 199.90 UREA 14:30 49,350 32.26 12.23"
dtr1308.pdf,2026-08-12,2026-08-13,2026-08-13,2026-08-13T16:00:00,PARAGON,PARAGON,SAILS,CQ-1,16:00,224.98,32.24,14.0,TH.COAL,71995.0,,5,"13-08-26 CQ-1MV. PARAGON SAILS 224.98 TH.COAL 16:00 71,995 32.24 14.00"
dtr1308.pdf,2026-08-12,2026-08-13,2026-08-13,2026-08-13T16:30:00,OCEAN WINNER,OCEAN WINNER,BERTHS,CQ-1,16:30,225.0,10.36,0.0,I.ORE,73000.0,,5,"13-08-26 CQ-1MV. OCEAN WINNER BERTHS 225.00 I.ORE 16:30 73,000 32.26 14.35 13-08-26 NQ-1MT. VAMSEE SHIFTS 69.81 NO 17:00 ON A/C VESSEL 11.50 3.40 13-08-26 NQ-1MT. OSL TANKER II SHIFTS 49.30 NO 17:30 ON A/C VESSEL 10.36 0.00"
dtr1308.pdf,2026-08-12,2026-08-13,2026-08-13,2026-08-13T18:00:00,CHAMPIONSHIP,CHAMPIONSHIP,SAILS,KICT,18:00,292.0,45.0,16.5,PCI COAL,151394.0,,5,"13-08-26 KICTMV. CHAMPIONSHIP SAILS 292.00 PCI COAL 18:00 151,394 45.00 16.50"
dtr1308.pdf,2026-08-12,2026-08-13,2026-08-13,2026-08-13T18:30:00,MARINE CRYSTAL,MARINE CRYSTAL,BERTHS,KICT,18:30,249.88,43.0,15.15,H COAL/PCI COAL,111185.0,,5,"13-08-26 KICTMV. MARINE CRYSTAL BERTHS 249.88 H COAL/PCI COAL 18:30 111,185 43.00 15.15"
dtr1308.pdf,2026-08-12,2026-08-13,2026-08-13,2026-08-13T20:00:00,ANASTASIA K,ANASTASIA K,BERTHS,FB-2,20:00,229.0,32.26,0.0,ROCK PHOS.,76015.0,,5,"13-08-26 FB-2MV. ANASTASIA K BERTHS 229.00 ROCK PHOS. 20:00 76,015 32.26 0.00"
dtr1308.pdf,2026-08-12,2026-08-13,2026-08-13,2026-08-13T23:00:00,CHOLA PROSPERITY,CHOLA PROSPERITY,SAILS,CB-2,23:00,225.0,32.26,14.5,TH.COAL,52158.0,,5,"13-08-26 CB-2MV. CHOLA PROSPERITY SAILS 225.00 TH.COAL 23:00 52,158 32.26 14.50"
dtr1308.pdf,2026-08-12,2026-08-13,2026-08-13,2026-08-13T23:30:00,JAL VAIBHAV,JAL VAIBHAV,BERTHS,CB-2,23:30,228.05,36.5,14.5,TH.COAL,85000.0,,5,"13-08-26 CB-2MV. JAL VAIBHAV BERTHS 228.05 TH.COAL 23:30 85,000 36.50 14.50"
dtr1408-2.pdf,2026-08-13,2026-08-14,2026-08-13,2026-08-13T23:42:00,YM DELIGHT,YM DELIGHT,BERTHS,CQ-1,23:42,228.99,32.26,9.88,C.COAL,32000.0,,5,"13-08-26 CQ-1MV. YM DELIGHT BERTHS 228.99 C.COAL 23:42 32,000 32.26 9.88"
dtr1408-2.pdf,2026-08-13,2026-08-14,2026-08-14,2026-08-14T01:45:00,EVER SUPERIOR,EVER SUPERIOR,BERTHS,NQ-2,01:45,116.9,19.6,7.9,FE.CR,8900.0,,5,"14-08-26 NQ-2MV. EVER SUPERIOR BERTHS 116.90 FE.CR 01:45 8,900 19.60 7.90"
dtr1408-2.pdf,2026-08-13,2026-08-14,2026-08-14,2026-08-14T07:54:00,DAWN HARIDWAR,DAWN HARIDWAR,BERTHS,NOJ,07:54,171.2,27.4,8.9,F.O,9500.0,,5,"14-08-26 NOJMT. DAWN HARIDWAR BERTHS 171.20 F.O 07:54 9,500 27.40 8.90"
dtr1408-2.pdf,2026-08-13,2026-08-14,2026-08-14,2026-08-14T08:30:00,SSI IRRESISTIBLE,SSI IRRESISTIBLE,SAILS,PICT,08:30,229.0,32.26,0.0,A. SULPHATE,33000.0,,5,"14-08-26 PICTMV. SSI IRRESISTIBLE SAILS 229.00 A. SULPHATE 08:30 33,000 32.26 0.00"
dtr1308.pdf,2026-08-12,2026-08-13,2026-08-14,2026-08-14T10:00:00,GANESHWAR,GANESHWAR,BERTHS,NQ-3,10:00,72.0,14.0,2.8,GYPSUM,1800.0,,5,"14-08-26 NQ-3MV. GANESHWAR BERTHS 72.00 GYPSUM 10:00 1,800 14.00 2.80"
dtr1408-2.pdf,2026-08-13,2026-08-14,2026-08-14,2026-08-14T10:00:00,STAR HELSINKI,STAR HELSINKI,BERTHS,PICT,10:00,199.9,32.26,12.23,UREA,49350.0,,5,"14-08-26 PICTMV. STAR HELSINKI BERTHS 199.90 UREA 10:00 49,350 32.26 12.23"
dtr1408-2.pdf,2026-08-13,2026-08-14,2026-08-14,2026-08-14T11:15:00,GANESHWAR,GANESHWAR,BERTHS,NQ-3,11:15,72.0,14.0,2.8,GYPSUM,1800.0,,5,"14-08-26 NQ-3MV. GANESHWAR BERTHS 72.00 GYPSUM 11:15 1,800 14.00 2.80"
dtr1408-2.pdf,2026-08-13,2026-08-14,2026-08-14,2026-08-14T11:30:00,PACIFIC STAR,PACIFIC STAR,SAILS,CB-1,11:30,224.9,32.25,14.5,TH.COAL,72460.0,,5,"14-08-26 CB-1MV. PACIFIC STAR SAILS 224.90 TH.COAL 11:30 72,460 32.25 14.50"
dtr1408-2.pdf,2026-08-13,2026-08-14,2026-08-14,2026-08-14T12:00:00,APJ SETHU,APJ SETHU,BERTHS,CB-1,12:00,224.86,32.26,0.0,TH.COAL,75000.0,,5,"14-08-26 CB-1MV. APJ SETHU BERTHS 224.86 TH.COAL 12:00 75,000 32.26 0.00"
dtr1408-2.pdf,2026-08-13,2026-08-14,2026-08-14,2026-08-14T12:30:00,JIN HAI RUN,JIN HAI RUN,SAILS,NIOB,12:30,199.85,32.26,13.3,I.ORE PELLET,61920.0,,5,"14-08-26 NIOBMV. JIN HAI RUN SAILS 199.85 I.ORE PELLET 12:30 61,920 32.26 13.66 14-08-26 NIOBMV. BBG KINDNESS SHIFTS 199.90 I.ORE 13:00 ON A/C VESSEL 61,140 32.26 13.30"
dtr1408-2.pdf,2026-08-13,2026-08-14,2026-08-14,2026-08-14T18:00:00,LILA FUJI,LILA FUJI,SAILS,EQ-3,18:00,229.0,32.24,14.5,TH.COAL,75600.0,,5,"14-08-26 EQ-3MV. LILA FUJI SAILS 229.00 TH.COAL 18:00 75,600 32.24 14.50"
dtr1408-2.pdf,2026-08-13,2026-08-14,2026-08-14,2026-08-14T18:30:00,JAG PARTH,JAG PARTH,SAILS,SOJ,18:30,183.0,32.2,8.2,GASOIL,40400.0,,5,"14-08-26 SOJMT. JAG PARTH SAILS 183.00 GASOIL 18:30 40,400 32.20 8.20"
dtr1408-2.pdf,2026-08-13,2026-08-14,2026-08-14,2026-08-14T19:00:00,NV SUNSHINE,NV SUNSHINE,BERTHS,SOJ,19:00,226.0,36.61,7.9,BUTANE/PROPA NE,22357.0,,5,"14-08-26 SOJMT. NV SUNSHINE BERTHS 226.00 BUTANE/PROPA NE 19:00 22,357 36.61 7.90"
dtr1408-2.pdf,2026-08-13,2026-08-14,2026-08-14,2026-08-14T19:30:00,ATHERINA,ATHERINA,SAILS,SPM-3,19:30,339.76,60.0,21.5,CRUDE OIL,149842.0,,5,"14-08-26 SPM-3MT. ATHERINA SAILS 339.76 CRUDE OIL 19:30 149,842 60.00 21.50"
dtr1408-2.pdf,2026-08-13,2026-08-14,2026-08-14,2026-08-14T20:00:00,MAINI,MAINI,SAILS,SPM,20:00,249.0,44.0,0.0,CRUDE OIL,94380.0,,5,"14-08-26 SPMMT. MAINI SAILS 249.00 CRUDE OIL 20:00 94,380 44.00 0.00"
dtr1408-2.pdf,2026-08-13,2026-08-14,2026-08-14,2026-08-14T23:00:00,AMNSI MAXIMUS,AMNSI MAXIMUS,SAILS,CQ-2,23:00,229.0,32.26,13.6,PYROXENITE,36600.0,,5,"14-08-26 CQ-2MV. AMNSI MAXIMUS SAILS 229.00 PYROXENITE 23:00 36,600 32.26 13.60"
dtr1408-2.pdf,2026-08-13,2026-08-14,2026-08-14,2026-08-14T23:30:00,OCEAN WINNER,OCEAN WINNER,BERTHS,CQ-2,23:30,225.0,36.5,14.5,I.ORE,73000.0,,5,"14-08-26 CQ-2MV. OCEAN WINNER BERTHS 225.00 I.ORE 23:30 73,000 32.26 14.35 15-08-26 EQ-2MV. JAL VAIBHAV SHIFTS 228.05 TH.COAL 02:00 ON A/C PORT 59,886 36.50 14.50"
dtr1408-2.pdf,2026-08-13,2026-08-14,2026-08-15,2026-08-15T02:30:00,W SAPPHIRE,W SAPPHIRE,BERTHS,CB-2,02:30,229.0,32.26,14.5,TH.COAL,75000.0,,5,"15-08-26 CB-2MV. W SAPPHIRE BERTHS 229.00 TH.COAL 02:30 75,000 32.26 14.50"
dtr1508-2.pdf,2026-08-14,2026-08-15,2026-08-15,2026-08-15T04:12:00,RIPLEY PINNACLE,RIPLEY PINNACLE,BERTHS,EQ-3,04:12,225.0,32.26,14.5,TH.COAL,75000.0,,5,"15-08-26 EQ-3MV. RIPLEY PINNACLE BERTHS 225.00 TH.COAL 04:12 75,000 32.26 14.50"
dtr1508-2.pdf,2026-08-14,2026-08-15,2026-08-15,2026-08-15T05:48:00,ATHERINA,ATHERINA,SAILS,SPM-3,05:48,339.76,36.5,14.5,CRUDE OIL,150954.0,,5,"15-08-26 SPM-3MT. ATHERINA SAILS 339.76 CRUDE OIL 05:48 150,954 60.00 21.50 15-08-26 EQ-2MV. JAL VAIBHAV SHIFTS 228.05 TH.COAL 06:00 ON A/C PORT 25,130 36.50 14.50"
dtr1508-2.pdf,2026-08-14,2026-08-15,2026-08-15,2026-08-15T07:00:00,W SAPPHIRE,W SAPPHIRE,BERTHS,CB-2,07:00,229.0,32.26,14.5,TH.COAL,75000.0,,5,"15-08-26 CB-2MV. W SAPPHIRE BERTHS 229.00 TH.COAL 07:00 75,000 32.26 14.50"
dtr1508-2.pdf,2026-08-14,2026-08-15,2026-08-15,2026-08-15T09:00:00,PLATA SOUTH,PLATA SOUTH,BERTHS,SPM,09:00,333.0,60.0,20.1,CRUDE OIL,269855.0,,5,"15-08-26 SPMMT. PLATA SOUTH BERTHS 333.00 CRUDE OIL 09:00 269,855 60.00 20.10"
dtr1408-2.pdf,2026-08-13,2026-08-14,2026-08-15,2026-08-15T10:00:00,GANESHWAR,GANESHWAR,BERTHS,NQ-3,10:00,72.0,14.0,2.8,GYPSUM,1800.0,,5,"15-08-26 NQ-3MV. GANESHWAR BERTHS 72.00 GYPSUM 10:00 1,800 14.00 2.80"
dtr1508-2.pdf,2026-08-14,2026-08-15,2026-08-15,2026-08-15T11:00:00,GANESHWAR,GANESHWAR,BERTHS,NQ-3,11:00,72.0,14.0,2.8,GYPSUM,1800.0,,5,"15-08-26 NQ-3MV. GANESHWAR BERTHS 72.00 GYPSUM 11:00 1,800 14.00 2.80"
dtr1408-2.pdf,2026-08-13,2026-08-14,2026-08-15,2026-08-15T12:00:00,PLATA SOUTH,PLATA SOUTH,BERTHS,SPM,12:00,333.0,60.0,0.0,CRUDE OIL,269855.0,,5,"15-08-26 SPMMT. PLATA SOUTH BERTHS 333.00 CRUDE OIL 12:00 269,855 60.00 0.00"
dtr1508-2.pdf,2026-08-14,2026-08-15,2026-08-15,2026-08-15T13:30:00,OLYMPIC FIGHTER,OLYMPIC FIGHTER,BERTHS,SPM-3,13:30,274.22,48.0,15.0,CRUDE OIL,124884.0,,5,"15-08-26 SPM-3MT. OLYMPIC FIGHTER BERTHS 274.22 CRUDE OIL 13:30 124,884 48.00 15.00"
dtr1508-2.pdf,2026-08-14,2026-08-15,2026-08-15,2026-08-15T15:30:00,GANESHWAR,GANESHWAR,SAILS,NQ-3,15:30,72.0,14.0,2.8,GYPSUM,3444.0,,5,"15-08-26 NQ-3MV. GANESHWAR SAILS 72.00 GYPSUM 15:30 3,444 14.00 2.80"
dtr1508-2.pdf,2026-08-14,2026-08-15,2026-08-15,2026-08-15T20:00:00,DAWN HARIDWAR,DAWN HARIDWAR,SAILS,NOJ,20:00,171.2,27.4,8.9,F.O,8963.0,,5,"15-08-26 NOJMT. DAWN HARIDWAR SAILS 171.20 F.O 20:00 8,963 27.40 8.90"
dtr1508-2.pdf,2026-08-14,2026-08-15,2026-08-15,2026-08-15T22:00:00,YM DELIGHT,YM DELIGHT,SAILS,CQ-1,22:00,228.99,32.24,14.0,C.COAL,32000.0,,5,"15-08-26 CQ-1MV. YM DELIGHT SAILS 228.99 C.COAL 22:00 32,000 32.26 9.88 15-08-26 CQ-3MV. BLUE SPIRIT SHIFTS 228.96 I.ORE PELLET 22:30 ON A/C AMNSIL 73,880 32.24 14.00"
dtr1508-2.pdf,2026-08-14,2026-08-15,2026-08-15,2026-08-15T23:00:00,ERACLEA,ERACLEA,BERTHS,CQ-1/MPB,23:00,189.98,32.26,10.2,H COAL,37155.0,WHICHEVER BERTH IS VACANT FIRST,5,"15-08-26 CQ-1/MPBMV. ERACLEA BERTHS 189.98 H COAL 23:00 WHICHEVER BERTH IS VACANT FIRST 37,155 32.26 10.20"
dtr1508-2.pdf,2026-08-14,2026-08-15,2026-08-15,2026-08-15T23:30:00,SERENITY,SERENITY,BERTHS,CQ-1/MPB,23:30,186.4,27.8,8.15,M. COKE,17720.0,WHICHEVER BERTH IS VACANT LATER,5,"15-08-26 CQ-1/MPBMV. SERENITY BERTHS 186.40 M. COKE 23:30 WHICHEVER BERTH IS VACANT LATER 17,720 27.80 8.15"
dtr1508-2.pdf,2026-08-14,2026-08-15,2026-08-16,2026-08-16T00:01:00,APJ SETHU,APJ SETHU,SAILS,CB-1,00:01,224.86,32.26,0.0,TH.COAL,80147.0,,5,"16-08-26 CB-1MV. APJ SETHU SAILS 224.86 TH.COAL 00:01 80,147 32.26 0.00"
dtr1508-2.pdf,2026-08-14,2026-08-15,2026-08-16,2026-08-16T01:00:00,EVER SUPERIOR,EVER SUPERIOR,SAILS,NQ-2,01:00,116.9,19.6,7.9,FE.CR,8900.0,,5,"16-08-26 NQ-2MV. EVER SUPERIOR SAILS 116.90 FE.CR 01:00 8,900 19.60 7.90"
dtr1608-4.pdf,2026-08-15,2026-08-16,2026-08-16,2026-08-16T04:24:00,SWARNA PUSHP,SWARNA PUSHP,BERTHS,NOJ,04:24,184.95,32.24,14.0,ATF,8972.0,,5,"16-08-26 NOJMT. SWARNA PUSHP BERTHS 184.95 ATF 04:24 8,972 32.23 8.10 16-08-26 CQ-3MV. BLUE SPIRIT SHIFTS 228.96 I.ORE PELLET 07:00 ON A/C AMNSIL 73,880 32.24 14.00"
dtr1608-4.pdf,2026-08-15,2026-08-16,2026-08-16,2026-08-16T07:42:00,YANGTZE DAWN,YANGTZE DAWN,BERTHS,IOB,07:42,189.99,11.5,3.4,I.ORE PELLET,54950.0,,5,"16-08-26 IOBMV. YANGTZE DAWN BERTHS 189.99 I.ORE PELLET 07:42 54,950 32.25 0.00 16-08-26 NQ-1MT. OSL TANKER II SHIFTS 49.30 NO 08:35 ON A/C VESSEL 10.36 0.00 16-08-26 NQ-1MT. VAMSEE SHIFTS 69.81 NO 08:45 ON A/C VESSEL 11.50 3.40"
dtr1608-4.pdf,2026-08-15,2026-08-16,2026-08-16,2026-08-16T09:00:00,SERENITY,SERENITY,BERTHS,MPB,09:00,186.4,27.8,8.15,M. COKE,17720.0,,5,"16-08-26 MPBMV. SERENITY BERTHS 186.40 M. COKE 09:00 17,720 27.80 8.15"
dtr1608-4.pdf,2026-08-15,2026-08-16,2026-08-16,2026-08-16T10:00:00,EVER SUPERIOR,EVER SUPERIOR,SAILS,NQ-2,10:00,116.9,19.6,7.9,FE.CR,8900.0,,5,"16-08-26 NQ-2MV. EVER SUPERIOR SAILS 116.90 FE.CR 10:00 8,900 19.60 7.90"
dtr1608-4.pdf,2026-08-15,2026-08-16,2026-08-16,2026-08-16T11:00:00,JAL VAIBHAV,JAL VAIBHAV,SAILS,EQ-2,11:00,228.05,36.5,14.5,TH.COAL,25130.0,,5,"16-08-26 EQ-2MV. JAL VAIBHAV SAILS 228.05 TH.COAL 11:00 25,130 36.50 14.50"
dtr1608-4.pdf,2026-08-15,2026-08-16,2026-08-16,2026-08-16T12:00:00,LILA SEOUL,LILA SEOUL,BERTHS,EQ-2,12:00,229.0,32.26,14.5,TH.COAL,79000.0,,5,"16-08-26 EQ-2MV. LILA SEOUL BERTHS 229.00 TH.COAL 12:00 79,000 32.26 14.50"
dtr1608-4.pdf,2026-08-15,2026-08-16,2026-08-16,2026-08-16T16:00:00,VOSCO OCEAN,VOSCO OCEAN,SAILS,CB-1,16:00,189.99,32.26,13.0,TH.COAL,18186.0,,5,"16-08-26 CB-1MV. VOSCO OCEAN SAILS 189.99 TH.COAL 16:00 18,186 32.26 13.00"
dtr1608-4.pdf,2026-08-15,2026-08-16,2026-08-16,2026-08-16T17:00:00,GCL YAMUNA,GCL YAMUNA,SAILS,SQ,17:00,253.5,43.0,13.9,LM. ST.,105000.0,,5,"16-08-26 SQMV. GCL YAMUNA SAILS 253.50 LM. ST. 17:00 105,000 43.00 13.90"
dtr1608-4.pdf,2026-08-15,2026-08-16,2026-08-16,2026-08-16T18:00:00,BELLA OLYMPIA,BELLA OLYMPIA,BERTHS,SQ,18:00,228.99,32.26,11.71,C.COAL,49570.0,,5,"16-08-26 SQMV. BELLA OLYMPIA BERTHS 228.99 C.COAL 18:00 49,570 32.26 11.71"
dtr1608-4.pdf,2026-08-15,2026-08-16,2026-08-16,2026-08-16T19:00:00,W SAPPHIRE,W SAPPHIRE,SAILS,CB-2,19:00,229.0,32.26,14.5,TH.COAL,79053.0,,5,"16-08-26 CB-2MV. W SAPPHIRE SAILS 229.00 TH.COAL 19:00 79,053 32.26 14.50"
dtr1608-4.pdf,2026-08-15,2026-08-16,2026-08-16,2026-08-16T19:30:00,DECCAN PRIDE,DECCAN PRIDE,BERTHS,CB-1/CB-2,19:30,225.0,32.26,14.5,TH.COAL,73600.0,WHICHEVER BERTH GETS VACANT FIRST,5,"16-08-26 CB-1/CB-2MV. DECCAN PRIDE BERTHS 225.00 TH.COAL 19:30 WHICHEVER BERTH GETS VACANT FIRST 73,600 32.26 14.50"
dtr1608-4.pdf,2026-08-15,2026-08-16,2026-08-16,2026-08-16T20:00:00,MARINE FORTUNE I,MARINE FORTUNE I,BERTHS,CB-1/CB-2,20:00,225.0,32.2,0.0,TH.COAL,72000.0,WHICHEVER BERTH GETS VACANT LATER,5,"16-08-26 CB-1/CB-2MV. MARINE FORTUNE I BERTHS 225.00 TH.COAL 20:00 WHICHEVER BERTH GETS VACANT LATER 72,000 32.20 0.00"
dtr1608-4.pdf,2026-08-15,2026-08-16,2026-08-16,2026-08-16T22:00:00,RIPLEY PINNACLE,RIPLEY PINNACLE,SAILS,EQ-3,22:00,225.0,32.26,14.5,TH.COAL,75260.0,,5,"16-08-26 EQ-3MV. RIPLEY PINNACLE SAILS 225.00 TH.COAL 22:00 75,260 32.26 14.50"
dtr1608-4.pdf,2026-08-15,2026-08-16,2026-08-16,2026-08-16T22:30:00,SKIATHOS,SKIATHOS,BERTHS,EQ-3,22:30,229.0,32.26,14.5,TH.COAL,75000.0,,5,"16-08-26 EQ-3MV. SKIATHOS BERTHS 229.00 TH.COAL 22:30 75,000 32.26 14.50"
dtr1608-4.pdf,2026-08-15,2026-08-16,2026-08-16,2026-08-16T23:00:00,OLYMPIC FIGHTER,OLYMPIC FIGHTER,SAILS,SPM-3,23:00,274.22,32.26,0.0,CRUDE OIL,124976.0,,5,"16-08-26 SPM-3MT. OLYMPIC FIGHTER SAILS 274.22 CRUDE OIL 23:00 124,976 48.00 15.00 17-08-26 ANCHORAGEMV. ANASTASIA K SHIFTS 229.00 ROCK PHOS. 02:00 ON A/C VESSEL 76,015 32.26 0.00"
dtr1708.pdf,2026-08-16,2026-08-17,2026-08-17,2026-08-17T09:00:00,SPARTAN,SPARTAN,BERTHS,SPM-3,09:00,274.0,48.0,0.0,CRUDE OIL,125039.0,,5,"17-08-26 SPM-3MT. SPARTAN BERTHS 274.00 CRUDE OIL 09:00 125,039 48.00 0.00"
dtr1608-4.pdf,2026-08-15,2026-08-16,2026-08-17,2026-08-17T10:00:00,OTHRYS,OTHRYS,SAILS,FB-1,10:00,199.99,32.26,12.5,ROCK PHOS.,54705.0,,5,"17-08-26 FB-1MV. OTHRYS SAILS 199.99 ROCK PHOS. 10:00 54,705 32.26 12.50"
dtr1708.pdf,2026-08-16,2026-08-17,2026-08-17,2026-08-17T11:00:00,MARINE CRYSTAL,MARINE CRYSTAL,SAILS,KICT,11:00,249.88,43.0,15.15,H COAL/PCI COAL,111185.0,,5,"17-08-26 KICTMV. MARINE CRYSTAL SAILS 249.88 H COAL/PCI COAL 11:00 111,185 43.00 15.15"
dtr1708.pdf,2026-08-16,2026-08-17,2026-08-17,2026-08-17T12:00:00,BASIC STAR,BASIC STAR,BERTHS,KICT,12:00,229.0,32.26,0.0,C.COAL/PCI COAL,44000.0,,5,"17-08-26 KICTMV. BASIC STAR BERTHS 229.00 C.COAL/PCI COAL 12:00 44,000 32.24 14.73 17-08-26 NQ-1MT. VAMSEE SHIFTS 69.81 NO 13:30 ON A/C VESSEL 11.50 3.40 17-08-26 ANCHORAGEMV. ANASTASIA K SHIFTS 229.00 ROCK PHOS. 14:00 ON A/C VESSEL 76,015 32.26 0.00"
dtr1708.pdf,2026-08-16,2026-08-17,2026-08-17,2026-08-17T16:00:00,BLUE SPIRIT,BLUE SPIRIT,SAILS,CQ-3,16:00,228.96,32.24,14.0,I.ORE PELLET,73880.0,,5,"17-08-26 CQ-3MV. BLUE SPIRIT SAILS 228.96 I.ORE PELLET 16:00 73,880 32.24 14.00"
dtr1708.pdf,2026-08-16,2026-08-17,2026-08-17,2026-08-17T18:00:00,NV SUNSHINE,NV SUNSHINE,SAILS,SOJ,18:00,226.0,36.61,7.9,BUTANE/PROPA NE,22358.0,,5,"17-08-26 SOJMT. NV SUNSHINE SAILS 226.00 BUTANE/PROPA NE 18:00 22,358 36.61 7.90"
dtr1708.pdf,2026-08-16,2026-08-17,2026-08-17,2026-08-17T19:00:00,SANMAR SHEHNAI,SANMAR SHEHNAI,BERTHS,SOJ,19:00,182.5,32.2,7.7,NAPTHA,14000.0,,5,"17-08-26 SOJMT. SANMAR SHEHNAI BERTHS 182.50 NAPTHA 19:00 14,000 32.20 7.70"
dtr1708.pdf,2026-08-16,2026-08-17,2026-08-17,2026-08-17T20:00:00,OTHRYS,OTHRYS,SAILS,FB-1,20:00,199.99,28.8,10.4,ROCK PHOS.,54705.0,,5,"17-08-26 FB-1MV. OTHRYS SAILS 199.99 ROCK PHOS. 20:00 54,705 32.26 12.50 17-08-26 FB-1MT. NOVA BREEZE REBERTHS 180.00 AMMONIA 21:00 ON A/C VESSEL 10,501 28.80 10.40"
dtr1708.pdf,2026-08-16,2026-08-17,2026-08-17,2026-08-17T22:00:00,CONCARAN,CONCARAN,SAILS,PICT-2,22:00,199.98,32.24,13.42,PIG IRON,52059.0,,5,"17-08-26 PICT-2MV. CONCARAN SAILS 199.98 PIG IRON 22:00 52,059 32.24 13.42"
dtr1708.pdf,2026-08-16,2026-08-17,2026-08-17,2026-08-17T23:00:00,DP WORLD THAMIRABARANI,DP WORLD THAMIRABARANI,BERTHS,PICT-2,23:00,142.7,22.6,6.9,CONTAINER,11224.0,,5,"17-08-26 PICT-2MV. DP WORLD THAMIRABARANI BERTHS 142.70 CONTAINER 23:00 11,224 22.60 6.90"
dtr1708.pdf,2026-08-16,2026-08-17,2026-08-18,2026-08-18T01:00:00,PLATA SOUTH,PLATA SOUTH,SAILS,SPM,01:00,333.0,60.0,20.1,CRUDE OIL,268552.0,,5,"18-08-26 SPMMT. PLATA SOUTH SAILS 333.00 CRUDE OIL 01:00 268,552 60.00 20.10"
dtr1708.pdf,2026-08-16,2026-08-17,2026-08-18,2026-08-18T03:00:00,LILA SEOUL,LILA SEOUL,SAILS,EQ-2,03:00,229.0,32.26,14.5,TH.COAL,76123.0,,5,"18-08-26 EQ-2MV. LILA SEOUL SAILS 229.00 TH.COAL 03:00 76,123 32.26 14.50 18-08-26 EQ-2MV. ANASTASIA K REBERTHS 229.00 TH.COAL 04:00 ON A/C VESSEL 32.26 14.50"
dtr1708.pdf,2026-08-16,2026-08-17,2026-08-18,2026-08-18T06:00:00,SERENITY,SERENITY,SAILS,MPB,06:00,186.4,27.8,8.15,M. COKE,17720.0,,5,"18-08-26 MPBMV. SERENITY SAILS 186.40 M. COKE 06:00 17,720 27.80 8.15"
dtr1708.pdf,2026-08-16,2026-08-17,2026-08-18,2026-08-18T07:00:00,YM MASCOT,YM MASCOT,BERTHS,MPB,07:00,228.95,32.26,0.0,H COAL,43945.0,,5,"18-08-26 MPBMV. YM MASCOT BERTHS 228.95 H COAL 07:00 43,945 32.26 0.00"
dtr1808_compressed.pdf,2026-08-17,2026-08-18,2026-08-18,2026-08-18T07:12:00,PLATA SOUTH,PLATA SOUTH,SAILS,SPM,07:12,333.0,32.26,14.5,CRUDE OIL,268552.0,,6,"18-08-26 SPMMT. PLATA SOUTH SAILS 333.00 CRUDE OIL 07:12 268,552 60.00 20.10 18-08-26 EQ-2MV. ANASTASIA K REBERTHS 229.00 TH.COAL 07:18 ON A/C VESSEL 75,000 32.26 14.50"
dtr1808_compressed.pdf,2026-08-17,2026-08-18,2026-08-18,2026-08-18T07:36:00,OTHRYS,OTHRYS,SAILS,FB-1,07:36,199.99,28.8,10.4,ROCK PHOS.,54705.0,,6,"18-08-26 FB-1MV. OTHRYS SAILS 199.99 ROCK PHOS. 07:36 54,705 32.26 12.50 18-08-26 FB-1MT. NOVA BREEZE REBERTHS 180.00 AMMONIA 09:24 ON A/C VESSEL 14,499 28.80 10.40"
dtr1708.pdf,2026-08-16,2026-08-17,2026-08-18,2026-08-18T08:00:00,DECCAN PRIDE,DECCAN PRIDE,SAILS,CB-1,08:00,225.0,32.26,14.5,TH.COAL,73700.0,,5,"18-08-26 CB-1MV. DECCAN PRIDE SAILS 225.00 TH.COAL 08:00 73,700 32.26 14.50"
dtr1808_compressed.pdf,2026-08-17,2026-08-18,2026-08-18,2026-08-18T09:30:00,DECCAN PRIDE,DECCAN PRIDE,SAILS,CB-1,09:30,225.0,32.26,14.5,TH.COAL,73700.0,,6,"18-08-26 CB-1MV. DECCAN PRIDE SAILS 225.00 TH.COAL 09:30 73,700 32.26 14.50"
dtr1808_compressed.pdf,2026-08-17,2026-08-18,2026-08-18,2026-08-18T10:00:00,AFRICAN ISABELLE,AFRICAN ISABELLE,BERTHS,CB-1,10:00,199.98,32.24,13.5,TH.COAL,60000.0,,6,"18-08-26 CB-1MV. AFRICAN ISABELLE BERTHS 199.98 TH.COAL 10:00 60,000 32.24 13.50"
dtr1708.pdf,2026-08-16,2026-08-17,2026-08-18,2026-08-18T10:00:00,MARINE FORTUNE I,MARINE FORTUNE I,SAILS,CB-2,10:00,225.0,32.2,0.0,TH.COAL,71314.0,,5,"18-08-26 CB-2MV. MARINE FORTUNE I SAILS 225.00 TH.COAL 10:00 71,314 32.20 0.00"
dtr1708.pdf,2026-08-16,2026-08-17,2026-08-18,2026-08-18T10:30:00,AFRICAN ISABELLE,AFRICAN ISABELLE,BERTHS,CB-1/CB-2,10:30,199.98,32.24,13.5,TH.COAL,60000.0,WHICHEVER BERTH GETS VACANT FIRST,5,"18-08-26 CB-1/CB-2MV. AFRICAN ISABELLE BERTHS 199.98 TH.COAL 10:30 WHICHEVER BERTH GETS VACANT FIRST 60,000 32.24 13.50"
dtr1808_compressed.pdf,2026-08-17,2026-08-18,2026-08-18,2026-08-18T10:30:00,MARINE FORTUNE I,MARINE FORTUNE I,SAILS,CB-2,10:30,225.0,32.2,0.0,TH.COAL,71314.0,,6,"18-08-26 CB-2MV. MARINE FORTUNE I SAILS 225.00 TH.COAL 10:30 71,314 32.20 0.00"
dtr1808_compressed.pdf,2026-08-17,2026-08-18,2026-08-18,2026-08-18T11:00:00,SERENITY,SERENITY,SAILS,MPB,11:00,186.4,27.8,8.15,M. COKE,17720.0,,6,"18-08-26 MPBMV. SERENITY SAILS 186.40 M. COKE 11:00 17,720 27.80 8.15"
dtr1808_compressed.pdf,2026-08-17,2026-08-18,2026-08-18,2026-08-18T11:30:00,YM MASCOT,YM MASCOT,BERTHS,MPB,11:30,228.95,32.26,0.0,H COAL,43945.0,,6,"18-08-26 MPBMV. YM MASCOT BERTHS 228.95 H COAL 11:30 43,945 32.26 0.00"
dtr1808_compressed.pdf,2026-08-17,2026-08-18,2026-08-18,2026-08-18T12:00:00,DDS MARINA,DDS MARINA,BERTHS,CQ-3,12:00,126.8,21.5,9.1,A. NITRATE,11327.0,,6,"18-08-26 CQ-3MV. DDS MARINA BERTHS 126.80 A. NITRATE 12:00 11,327 21.50 9.10"
dtr1808_compressed.pdf,2026-08-17,2026-08-18,2026-08-18,2026-08-18T12:30:00,SKIATHOS,SKIATHOS,SAILS,EQ-3,12:30,229.0,32.26,14.5,TH.COAL,77070.0,,6,"18-08-26 EQ-3MV. SKIATHOS SAILS 229.00 TH.COAL 12:30 77,070 32.26 14.50"
dtr1808_compressed.pdf,2026-08-17,2026-08-18,2026-08-18,2026-08-18T13:30:00,GANESHWAR,GANESHWAR,BERTHS,NQ-3,13:30,72.0,32.2,8.0,GYPSUM,1800.0,,6,"18-08-26 NQ-3MV. GANESHWAR BERTHS 72.00 GYPSUM 13:30 1,800 14.00 2.80 18-08-26 SOJMT. SANMAR SHEHNAI WARPING 182.50 NAPTHA 16:00 ON A/C IOCL (08 MTRS AFT) 14,000 32.20 8.00"
dtr1808_compressed.pdf,2026-08-17,2026-08-18,2026-08-18,2026-08-18T18:00:00,GANESHWAR,GANESHWAR,SAILS,NQ-3,18:00,72.0,14.0,2.8,GYPSUM,3444.0,,6,"18-08-26 NQ-3MV. GANESHWAR SAILS 72.00 GYPSUM 18:00 3,444 14.00 2.80"
dtr1808_compressed.pdf,2026-08-17,2026-08-18,2026-08-18,2026-08-18T19:00:00,BASIC STAR,BASIC STAR,SAILS,KICT,19:00,229.0,32.24,14.73,C.COAL/PCI COAL,44155.0,,6,"18-08-26 KICTMV. BASIC STAR SAILS 229.00 C.COAL/PCI COAL 19:00 44,155 32.24 14.73"
dtr1808_compressed.pdf,2026-08-17,2026-08-18,2026-08-18,2026-08-18T19:30:00,OTHONOI,OTHONOI,BERTHS,KICT,19:30,229.0,32.26,14.5,C.COAL,79100.0,,6,"18-08-26 KICTMV. OTHONOI BERTHS 229.00 C.COAL 19:30 79,100 32.26 14.50"
dtr1808_compressed.pdf,2026-08-17,2026-08-18,2026-08-18,2026-08-18T20:00:00,SPARTAN,SPARTAN,SAILS,SPM-3,20:00,274.0,48.0,0.0,CRUDE OIL,124528.0,,6,"18-08-26 SPM-3MT. SPARTAN SAILS 274.00 CRUDE OIL 20:00 124,528 48.00 0.00"
dtr1808_compressed.pdf,2026-08-17,2026-08-18,2026-08-19,2026-08-19T03:00:00,YANGTZE DAWN,YANGTZE DAWN,SAILS,IOB,03:00,189.99,32.25,0.0,I.ORE PELLET,54950.0,,6,"19-08-26 IOBMV. YANGTZE DAWN SAILS 189.99 I.ORE PELLET 03:00 54,950 32.25 0.00"
dtr1808_compressed.pdf,2026-08-17,2026-08-18,2026-08-19,2026-08-19T03:30:00,APJ SHIRIN,APJ SHIRIN,BERTHS,IOB,03:30,189.99,32.26,0.0,TH.COAL,57000.0,,6,"19-08-26 IOBMV. APJ SHIRIN BERTHS 189.99 TH.COAL 03:30 57,000 32.26 0.00"
dtr1908.pdf,2026-08-18,2026-08-19,2026-08-19,2026-08-19T09:30:00,SANMAR SHEHNAI,SANMAR SHEHNAI,SAILS,SOJ,09:30,182.5,32.2,8.0,NAPTHA,15333.0,,6,"19-08-26 SOJMT. SANMAR SHEHNAI SAILS 182.50 NAPTHA 09:30 15,333 32.20 8.00"
dtr1908.pdf,2026-08-18,2026-08-19,2026-08-19,2026-08-19T10:42:00,FAIRWAY,FAIRWAY,BERTHS,SOJ,10:42,274.0,48.0,7.4,NAPTHA,14000.0,,6,"19-08-26 SOJMT. FAIRWAY BERTHS 274.00 NAPTHA 10:42 14,000 48.00 7.40"
dtr1908.pdf,2026-08-18,2026-08-19,2026-08-19,2026-08-19T11:00:00,YANGTZE DAWN,YANGTZE DAWN,SAILS,IOB,11:00,189.99,32.25,0.0,I.ORE PELLET,54950.0,,6,"19-08-26 IOBMV. YANGTZE DAWN SAILS 189.99 I.ORE PELLET 11:00 54,950 32.25 0.00"
dtr1908.pdf,2026-08-18,2026-08-19,2026-08-19,2026-08-19T11:30:00,APJ SHIRIN,APJ SHIRIN,BERTHS,IOB,11:30,189.99,32.26,0.0,TH.COAL,57000.0,,6,"19-08-26 IOBMV. APJ SHIRIN BERTHS 189.99 TH.COAL 11:30 57,000 32.26 0.00"
dtr1908.pdf,2026-08-18,2026-08-19,2026-08-19,2026-08-19T12:00:00,APJ ANGAD 2,APJ ANGAD 2,BERTHS,CB-1,12:00,224.94,32.26,14.5,TH.COAL,75000.0,,6,"19-08-26 CB-1MV. APJ ANGAD 2 BERTHS 224.94 TH.COAL 12:00 75,000 32.26 14.50"
dtr1908.pdf,2026-08-18,2026-08-19,2026-08-19,2026-08-19T14:30:00,MAGIC ARIEL,MAGIC ARIEL,BERTHS,PICT-2,14:30,229.0,32.26,7.5,PIG IRON,66000.0,,6,"19-08-26 PICT-2MV. MAGIC ARIEL BERTHS 229.00 PIG IRON 14:30 66,000 32.26 7.50"
dtr1908.pdf,2026-08-18,2026-08-19,2026-08-19,2026-08-19T15:00:00,ANASTASIA K,ANASTASIA K,SAILS,EQ-2,15:00,229.0,32.26,14.5,TH.COAL,72000.0,,6,"19-08-26 EQ-2MV. ANASTASIA K SAILS 229.00 TH.COAL 15:00 72,000 32.26 14.50"
dtr1908.pdf,2026-08-18,2026-08-19,2026-08-19,2026-08-19T15:30:00,GIORGAKIS,GIORGAKIS,BERTHS,EQ-2,15:30,229.0,32.26,0.0,TH.COAL,79000.0,,6,"19-08-26 EQ-2MV. GIORGAKIS BERTHS 229.00 TH.COAL 15:30 79,000 32.26 0.00"
dtr1908.pdf,2026-08-18,2026-08-19,2026-08-19,2026-08-19T16:00:00,GANESHWAR,GANESHWAR,BERTHS,NQ-3,16:00,72.0,14.0,2.8,GYPSUM,1800.0,,6,"19-08-26 NQ-3MV. GANESHWAR BERTHS 72.00 GYPSUM 16:00 1,800 14.00 2.80"
dtr1908.pdf,2026-08-18,2026-08-19,2026-08-19,2026-08-19T18:30:00,GANESHWAR,GANESHWAR,SAILS,NQ-3,18:30,72.0,14.0,2.8,GYPSUM,3536.0,,6,"19-08-26 NQ-3MV. GANESHWAR SAILS 72.00 GYPSUM 18:30 3,536 14.00 2.80"
dtr1908.pdf,2026-08-18,2026-08-19,2026-08-19,2026-08-19T20:00:00,ERACLEA,ERACLEA,SAILS,CQ-1,20:00,189.98,32.26,10.2,H COAL,37155.0,,6,"19-08-26 CQ-1MV. ERACLEA SAILS 189.98 H COAL 20:00 37,155 32.26 10.20"
dtr1908.pdf,2026-08-18,2026-08-19,2026-08-19,2026-08-19T20:30:00,GREEK SEAS,GREEK SEAS,BERTHS,CQ-1,20:30,229.0,32.26,14.5,LM. ST.,40000.0,,6,"19-08-26 CQ-1MV. GREEK SEAS BERTHS 229.00 LM. ST. 20:30 40,000 32.26 14.50"
dtr1908.pdf,2026-08-18,2026-08-19,2026-08-19,2026-08-19T22:00:00,NOVA BREEZE,NOVA BREEZE,SAILS,FB-1,22:00,180.0,28.8,10.4,AMMONIA,14501.0,,6,"19-08-26 FB-1MT. NOVA BREEZE SAILS 180.00 AMMONIA 22:00 14,501 28.80 10.40"
dtr1908.pdf,2026-08-18,2026-08-19,2026-08-19,2026-08-19T22:30:00,ENDLESS HORIZON,ENDLESS HORIZON,BERTHS,FB-1,22:30,189.99,32.26,12.92,ROCK PHOS.,56038.0,,6,"19-08-26 FB-1MV. ENDLESS HORIZON BERTHS 189.99 ROCK PHOS. 22:30 56,038 32.26 12.92"
dtr1908.pdf,2026-08-18,2026-08-19,2026-08-19,2026-08-19T23:00:00,AFRICAN ISABELLE,AFRICAN ISABELLE,SAILS,EQ-3,23:00,199.98,32.24,13.5,TH.COAL,62250.0,,6,"19-08-26 EQ-3MV. AFRICAN ISABELLE SAILS 199.98 TH.COAL 23:00 62,250 32.24 13.50"
dtr2008-3.pdf,2026-08-19,2026-08-20,2026-08-20,2026-08-20T06:30:00,ERACLEA,ERACLEA,SAILS,CQ-1,06:30,189.98,32.26,10.2,H COAL,37155.0,,6,"20-08-26 CQ-1MV. ERACLEA SAILS 189.98 H COAL 06:30 37,155 32.26 10.20"
dtr2008-3.pdf,2026-08-19,2026-08-20,2026-08-20,2026-08-20T09:18:00,GREEK SEAS,GREEK SEAS,BERTHS,CQ-1,09:18,229.0,32.26,14.5,LM. ST.,40000.0,,6,"20-08-26 CQ-1MV. GREEK SEAS BERTHS 229.00 LM. ST. 09:18 40,000 32.26 14.50"
dtr2008-3.pdf,2026-08-19,2026-08-20,2026-08-20,2026-08-20T09:18:00,HARI PRIYA,HARI PRIYA,BERTHS,NOJ,09:18,183.0,32.23,0.0,HSD,35000.0,,6,"20-08-26 NOJMT. HARI PRIYA BERTHS 183.00 HSD 09:18 35,000 32.23 0.00"
dtr2008-3.pdf,2026-08-19,2026-08-20,2026-08-20,2026-08-20T13:00:00,APJ INDRANI,APJ INDRANI,BERTHS,CB-2,13:00,225.0,21.5,9.1,TH.COAL,75000.0,,6,"20-08-26 CB-2MV. APJ INDRANI BERTHS 225.00 TH.COAL 13:00 75,000 32.20 0.00 20-08-26 NQ-2MV. DDS MARINA SHIFTS 126.80 A. NITRATE 14:00 ON A/C PORT 11,330 21.50 9.10"
dtr2008-3.pdf,2026-08-19,2026-08-20,2026-08-20,2026-08-20T14:30:00,GANESHWAR,GANESHWAR,BERTHS,NQ-3,14:30,72.0,14.0,2.8,GYPSUM,1800.0,,6,"20-08-26 NQ-3MV. GANESHWAR BERTHS 72.00 GYPSUM 14:30 1,800 14.00 2.80"
dtr2008-3.pdf,2026-08-19,2026-08-20,2026-08-20,2026-08-20T15:00:00,YM MASCOT,YM MASCOT,SAILS,MPB,15:00,228.95,32.26,14.37,H COAL,43945.0,,6,"20-08-26 MPBMV. YM MASCOT SAILS 228.95 H COAL 15:00 43,945 32.26 14.37"
dtr2008-3.pdf,2026-08-19,2026-08-20,2026-08-20,2026-08-20T15:30:00,GLORY LOONG,GLORY LOONG,BERTHS,MPB,15:30,224.95,32.2,13.86,C.COAL,72667.0,,6,"20-08-26 MPBMV. GLORY LOONG BERTHS 224.95 C.COAL 15:30 72,667 32.20 13.86"
dtr2008-3.pdf,2026-08-19,2026-08-20,2026-08-20,2026-08-20T16:00:00,OCEAN WINNER,OCEAN WINNER,SAILS,CQ-2,16:00,225.0,32.26,14.35,I.ORE,71200.0,,6,"20-08-26 CQ-2MV. OCEAN WINNER SAILS 225.00 I.ORE 16:00 71,200 32.26 14.35"
dtr2008-3.pdf,2026-08-19,2026-08-20,2026-08-20,2026-08-20T16:30:00,RISOLUTO,RISOLUTO,BERTHS,CQ-2,16:30,228.9,32.24,14.5,LM. ST.,40000.0,,6,"20-08-26 CQ-2MV. RISOLUTO BERTHS 228.90 LM. ST. 16:30 40,000 32.24 14.50"
dtr2008-3.pdf,2026-08-19,2026-08-20,2026-08-20,2026-08-20T17:00:00,BELLA OLYMPIA,BELLA OLYMPIA,SAILS,SQ,17:00,228.99,32.26,11.71,C.COAL,49570.0,,6,"20-08-26 SQMV. BELLA OLYMPIA SAILS 228.99 C.COAL 17:00 49,570 32.26 11.71"
dtr2008-3.pdf,2026-08-19,2026-08-20,2026-08-20,2026-08-20T17:30:00,OTHRYS,OTHRYS,BERTHS,SQ,17:30,199.99,32.26,13.32,I.ORE,62000.0,,6,"20-08-26 SQMV. OTHRYS BERTHS 199.99 I.ORE 17:30 62,000 32.26 13.32"
dtr2008-3.pdf,2026-08-19,2026-08-20,2026-08-20,2026-08-20T18:00:00,FAIRWAY,FAIRWAY,SAILS,SOJ,18:00,171.26,27.42,7.4,NAPTHA,4971.0,,6,"20-08-26 SOJMT. FAIRWAY SAILS 171.26 NAPTHA 18:00 4,971 27.42 7.40"
dtr2008-3.pdf,2026-08-19,2026-08-20,2026-08-20,2026-08-20T18:30:00,MANASAROVAR,MANASAROVAR,BERTHS,SOJ,18:30,226.0,36.6,11.6,BUTANE/PROPA NE,22700.0,,6,"20-08-26 SOJMT. MANASAROVAR BERTHS 226.00 BUTANE/PROPA NE 18:30 22,700 36.60 11.60"
dtr2008-3.pdf,2026-08-19,2026-08-20,2026-08-20,2026-08-20T19:00:00,GANESHWAR,GANESHWAR,SAILS,NQ-3,19:00,72.0,14.0,2.8,GYPSUM,3440.0,,6,"20-08-26 NQ-3MV. GANESHWAR SAILS 72.00 GYPSUM 19:00 3,440 14.00 2.80"
dtr2008-3.pdf,2026-08-19,2026-08-20,2026-08-20,2026-08-20T21:00:00,APJ ANGAD 2,APJ ANGAD 2,SAILS,CB-1,21:00,224.94,32.26,14.5,TH.COAL,75300.0,,6,"20-08-26 CB-1MV. APJ ANGAD 2 SAILS 224.94 TH.COAL 21:00 75,300 32.26 14.50"
dtr2008-3.pdf,2026-08-19,2026-08-20,2026-08-20,2026-08-20T23:00:00,GIORGAKIS,GIORGAKIS,SAILS,EQ-2,23:00,229.0,32.26,0.0,TH.COAL,77700.0,,6,"20-08-26 EQ-2MV. GIORGAKIS SAILS 229.00 TH.COAL 23:00 77,700 32.26 0.00"
dtr2108.pdf,2026-08-20,2026-08-21,2026-08-21,2026-08-21T00:30:00,LILA MUNDRA,LILA MUNDRA,BERTHS,WD-5,00:30,190.0,32.26,14.5,S.COIL,30500.0,,5,"21-08-26 WD-5MV. LILA MUNDRA BERTHS 190.00 S.COIL 00:30 30,500 32.26 0.00 21-08-26 ANCHORAGEMV. OTHONOI SHIFTS 229.00 C.COAL 06:38 ON A/C VESSEL 79,103 32.26 14.50"
dtr2008-3.pdf,2026-08-19,2026-08-20,2026-08-21,2026-08-21T06:00:00,AMNSI MAXIMUS,AMNSI MAXIMUS,BERTHS,CQ-3,06:00,229.0,32.26,14.0,I.ORE PELLET,75000.0,,6,"21-08-26 CQ-3MV. AMNSI MAXIMUS BERTHS 229.00 I.ORE PELLET 06:00 75,000 32.26 14.00"
dtr2008-3.pdf,2026-08-19,2026-08-20,2026-08-21,2026-08-21T06:30:00,OTHONOI,OTHONOI,SAILS,KICT,06:30,229.0,32.26,14.5,C.COAL,79103.0,,6,"21-08-26 KICTMV. OTHONOI SAILS 229.00 C.COAL 06:30 79,103 32.26 14.50"
dtr2008-3.pdf,2026-08-19,2026-08-20,2026-08-21,2026-08-21T07:00:00,GRACE LOUISE,GRACE LOUISE,BERTHS,KICT,07:00,228.99,32.26,14.38,C.COAL,42000.0,,6,"21-08-26 KICTMV. GRACE LOUISE BERTHS 228.99 C.COAL 07:00 42,000 32.26 14.38"
dtr2108.pdf,2026-08-20,2026-08-21,2026-08-21,2026-08-21T08:18:00,GRACE LOUISE,GRACE LOUISE,BERTHS,KICT,08:18,228.99,32.26,14.36,C.COAL,42000.0,,5,"21-08-26 KICTMV. GRACE LOUISE BERTHS 228.99 C.COAL 08:18 42,000 32.26 14.36"
dtr2108.pdf,2026-08-20,2026-08-21,2026-08-21,2026-08-21T09:00:00,ALDAN,ALDAN,BERTHS,SPM-3,09:00,243.79,27.42,7.4,CRUDE OIL,93429.0,,5,"21-08-26 SPM-3MT. ALDAN BERTHS 243.79 CRUDE OIL 09:00 93,429 42.00 13.90 21-08-26 SOJMT. FAIRWAY WARPING 171.26 NAPTHA 11:00 ON A/C IOCL (25 MTRS FWD) 12,971 27.42 7.40"
dtr2108.pdf,2026-08-20,2026-08-21,2026-08-21,2026-08-21T18:00:00,FAIRWAY,FAIRWAY,SAILS,SOJ,18:00,171.26,27.42,7.4,NAPTHA,12971.0,,5,"21-08-26 SOJMT. FAIRWAY SAILS 171.26 NAPTHA 18:00 12,971 27.42 7.40"
dtr2108.pdf,2026-08-20,2026-08-21,2026-08-21,2026-08-21T18:30:00,MANASAROVAR,MANASAROVAR,BERTHS,SOJ,18:30,226.0,36.6,11.6,BUTANE/PROPA NE,22700.0,,5,"21-08-26 SOJMT. MANASAROVAR BERTHS 226.00 BUTANE/PROPA NE 18:30 22,700 36.60 11.60"
dtr2108.pdf,2026-08-20,2026-08-21,2026-08-21,2026-08-21T20:00:00,APJ INDRANI,APJ INDRANI,SAILS,CB-2,20:00,225.0,32.2,0.0,TH.COAL,75540.0,,5,"21-08-26 CB-2MV. APJ INDRANI SAILS 225.00 TH.COAL 20:00 75,540 32.20 0.00"
dtr2108.pdf,2026-08-20,2026-08-21,2026-08-22,2026-08-22T01:30:00,BASIC STAR,BASIC STAR,BERTHS,CB-1,01:30,229.0,32.24,14.5,TH.COAL,79000.0,,5,"22-08-26 CB-1MV. BASIC STAR BERTHS 229.00 TH.COAL 01:30 79,000 32.24 14.50"
dtr2108.pdf,2026-08-20,2026-08-21,2026-08-22,2026-08-22T03:00:00,HARI PRIYA,HARI PRIYA,SAILS,NOJ,03:00,183.0,32.23,0.0,HSD,30500.0,,5,"22-08-26 NOJMT. HARI PRIYA SAILS 183.00 HSD 03:00 30,500 32.23 0.00"
dtr2108.pdf,2026-08-20,2026-08-21,2026-08-22,2026-08-22T03:30:00,KESTREL,KESTREL,BERTHS,NOJ,03:30,182.5,32.2,7.5,F.O,5300.0,,5,"22-08-26 NOJMT. KESTREL BERTHS 182.50 F.O 03:30 5,300 32.20 7.50"
dtr2108.pdf,2026-08-20,2026-08-21,2026-08-22,2026-08-22T05:00:00,JABAL SAMHAN,JABAL SAMHAN,BERTHS,CB-2,05:00,199.9,32.26,13.5,TH.COAL,63000.0,,5,"22-08-26 CB-2MV. JABAL SAMHAN BERTHS 199.90 TH.COAL 05:00 63,000 32.26 13.50"
DTR2208-3.pdf,2026-08-21,2026-08-22,2026-08-22,2026-08-22T07:30:00,JABAL SAMHAN,JABAL SAMHAN,BERTHS,CB-2,07:30,199.9,32.26,13.5,TH.COAL,63000.0,,5,"22-08-26 CB-2MV. JABAL SAMHAN BERTHS 199.90 TH.COAL 07:30 63,000 32.26 13.50"
DTR2208-3.pdf,2026-08-21,2026-08-22,2026-08-22,2026-08-22T07:48:00,KESTREL,KESTREL,BERTHS,NOJ,07:48,182.5,32.2,8.0,F.O,5300.0,,5,"22-08-26 NOJMT. KESTREL BERTHS 182.50 F.O 07:48 5,300 32.20 8.00"
DTR2208-3.pdf,2026-08-21,2026-08-22,2026-08-22,2026-08-22T08:30:00,THALEIA,THALEIA,BERTHS,EQ-3,08:30,225.0,32.26,14.5,TH.COAL,72000.0,,5,"22-08-26 EQ-3MV. THALEIA BERTHS 225.00 TH.COAL 08:30 72,000 32.26 14.50"
DTR2208-3.pdf,2026-08-21,2026-08-22,2026-08-22,2026-08-22T10:00:00,GRACE LOUISE,GRACE LOUISE,SAILS,KICT,10:00,228.99,32.26,14.36,C.COAL,43974.0,,5,"22-08-26 KICTMV. GRACE LOUISE SAILS 228.99 C.COAL 10:00 43,974 32.26 14.36"
DTR2208-3.pdf,2026-08-21,2026-08-22,2026-08-22,2026-08-22T10:30:00,BRILLIANT ADVANCE,BRILLIANT ADVANCE,BERTHS,KICT,10:30,228.99,32.26,14.51,C.COAL,79300.0,,5,"22-08-26 KICTMV. BRILLIANT ADVANCE BERTHS 228.99 C.COAL 10:30 79,300 32.26 14.51"
dtr2108.pdf,2026-08-20,2026-08-21,2026-08-22,2026-08-22T10:30:00,BRILLIANT ADVANCE,BRILLIANT ADVANCE,BERTHS,KICT,10:30,228.99,32.26,14.53,C.COAL,79300.0,,5,"22-08-26 KICTMV. BRILLIANT ADVANCE BERTHS 228.99 C.COAL 10:30 79,300 32.26 14.53"
DTR2208-3.pdf,2026-08-21,2026-08-22,2026-08-22,2026-08-22T13:00:00,GREEK SEAS,GREEK SEAS,SAILS,CQ-1,13:00,229.0,32.26,14.5,LM. ST.,42964.0,,5,"22-08-26 CQ-1MV. GREEK SEAS SAILS 229.00 LM. ST. 13:00 42,964 32.26 14.50"
DTR2208-3.pdf,2026-08-21,2026-08-22,2026-08-22,2026-08-22T13:30:00,THERESA PRIDE,THERESA PRIDE,BERTHS,CQ-1,13:30,199.99,32.26,13.37,DOLOMITE,60500.0,,5,"22-08-26 CQ-1MV. THERESA PRIDE BERTHS 199.99 DOLOMITE 13:30 60,500 32.26 13.37"
DTR2208-3.pdf,2026-08-21,2026-08-22,2026-08-22,2026-08-22T17:00:00,ALDAN,ALDAN,SAILS,SPM-3,17:00,243.79,42.0,13.9,CRUDE OIL,93131.0,,5,"22-08-26 SPM-3MT. ALDAN SAILS 243.79 CRUDE OIL 17:00 93,131 42.00 13.90"
DTR2208-3.pdf,2026-08-21,2026-08-22,2026-08-22,2026-08-22T19:00:00,PHC SURYA,PHC SURYA,BERTHS,NQ-3,19:00,118.0,19.6,7.76,GYPSUM,10000.0,,5,"22-08-26 NQ-3MV. PHC SURYA BERTHS 118.00 GYPSUM 19:00 10,000 19.60 7.76"
DTR2208-3.pdf,2026-08-21,2026-08-22,2026-08-23,2026-08-23T00:30:00,RISOLUTO,RISOLUTO,SAILS,CQ-2,00:30,228.9,32.26,14.0,LM. ST.,42938.0,,5,"23-08-26 CQ-2MV. RISOLUTO SAILS 228.90 LM. ST. 00:30 42,938 32.24 14.50 23-08-26 CQ-2MV. OTHONOI REBERTHS 229.00 TH.COAL 01:00 ON A/C VESSEL 75,800 32.26 14.00"
dtr2308.pdf,2026-08-22,2026-08-23,2026-08-23,2026-08-23T12:00:00,JABAL SAMHAN,JABAL SAMHAN,SAILS,EQ-2,12:00,199.9,32.26,13.5,TH.COAL,35600.0,,6,"23-08-26 EQ-2MV. JABAL SAMHAN SAILS 199.90 TH.COAL 12:00 35,600 32.26 13.50"
dtr2308.pdf,2026-08-22,2026-08-23,2026-08-23,2026-08-23T13:00:00,CHOLA PROSPERITY,CHOLA PROSPERITY,BERTHS,EQ-2,13:00,225.0,32.26,14.5,TH.COAL,75000.0,,6,"23-08-26 EQ-2MV. CHOLA PROSPERITY BERTHS 225.00 TH.COAL 13:00 75,000 32.26 14.50"
dtr2308.pdf,2026-08-22,2026-08-23,2026-08-23,2026-08-23T13:30:00,BASIC STAR,BASIC STAR,SAILS,CB-1,13:30,229.0,32.24,14.5,TH.COAL,79000.0,,6,"23-08-26 CB-1MV. BASIC STAR SAILS 229.00 TH.COAL 13:30 79,000 32.24 14.50"
dtr2308.pdf,2026-08-22,2026-08-23,2026-08-23,2026-08-23T14:30:00,CRIMSON GRACE,CRIMSON GRACE,BERTHS,CB-1,14:30,199.98,32.24,0.0,TH.COAL,60000.0,,6,"23-08-26 CB-1MV. CRIMSON GRACE BERTHS 199.98 TH.COAL 14:30 60,000 32.24 0.00"
dtr2308.pdf,2026-08-22,2026-08-23,2026-08-23,2026-08-23T15:00:00,MANASAROVAR,MANASAROVAR,SAILS,SOJ,15:00,226.0,36.6,11.6,BUTANE/PROPA NE,22701.0,,6,"23-08-26 SOJMT. MANASAROVAR SAILS 226.00 BUTANE/PROPA NE 15:00 22,701 36.60 11.60"
dtr2308.pdf,2026-08-22,2026-08-23,2026-08-23,2026-08-23T16:00:00,THALEIA,THALEIA,SAILS,EQ-3,16:00,225.0,32.26,14.5,TH.COAL,71750.0,,6,"23-08-26 EQ-3MV. THALEIA SAILS 225.00 TH.COAL 16:00 71,750 32.26 14.50"
dtr2308.pdf,2026-08-22,2026-08-23,2026-08-24,2026-08-24T02:00:00,KESTREL,KESTREL,SAILS,NOJ,02:00,182.5,32.2,8.0,F.O,5278.0,,6,"24-08-26 NOJMT. KESTREL SAILS 182.50 F.O 02:00 5,278 32.20 8.00"
dtr2308.pdf,2026-08-22,2026-08-23,2026-08-24,2026-08-24T03:00:00,SANMAR SITAR,SANMAR SITAR,BERTHS,NOJ,03:00,183.0,32.2,7.3,HSD,22000.0,,6,"24-08-26 NOJMT. SANMAR SITAR BERTHS 183.00 HSD 03:00 22,000 32.20 7.30"
dtr2408.pdf,2026-08-23,2026-08-24,2026-08-24,2026-08-24T04:00:00,TG LIBRA,TG LIBRA,BERTHS,SOJ,04:00,145.53,23.7,0.0,LCO,16500.0,,6,"24-08-26 SOJMT. TG LIBRA BERTHS 145.53 LCO 04:00 16,500 23.70 0.00"
dtr2308.pdf,2026-08-22,2026-08-23,2026-08-24,2026-08-24T06:00:00,VISHVA CHETNA,VISHVA CHETNA,SAILS,CB-2,06:00,229.0,32.26,14.5,TH.COAL,79475.0,,6,"24-08-26 CB-2MV. VISHVA CHETNA SAILS 229.00 TH.COAL 06:00 79,475 32.26 14.50"
dtr2408.pdf,2026-08-23,2026-08-24,2026-08-24,2026-08-24T07:24:00,SANMAR SITAR,SANMAR SITAR,BERTHS,NOJ,07:24,183.0,32.2,7.3,HSD,22000.0,,6,"24-08-26 NOJMT. SANMAR SITAR BERTHS 183.00 HSD 07:24 22,000 32.20 7.30"
dtr2408.pdf,2026-08-23,2026-08-24,2026-08-24,2026-08-24T09:42:00,AMNSI MAXIMUS,AMNSI MAXIMUS,BERTHS,CQ-3,09:42,229.0,32.24,0.0,I.ORE PELLET,75000.0,,6,"24-08-26 CQ-3MV. AMNSI MAXIMUS BERTHS 229.00 I.ORE PELLET 09:42 75,000 32.26 14.00 24-08-26 ANCHORAGEMV. CRIMSON GRACE SHIFTS 199.98 TH.COAL 15:00 ON A/C VESSEL 38,000 32.24 0.00"
dtr2408.pdf,2026-08-23,2026-08-24,2026-08-24,2026-08-24T15:30:00,RIPLEY PIONEER,RIPLEY PIONEER,BERTHS,CB-1,15:30,225.0,32.26,14.5,TH.COAL,75000.0,,6,"24-08-26 CB-1MV. RIPLEY PIONEER BERTHS 225.00 TH.COAL 15:30 75,000 32.26 14.50"
dtr2408.pdf,2026-08-23,2026-08-24,2026-08-24,2026-08-24T16:00:00,ENDLESS HORIZON,ENDLESS HORIZON,SAILS,FB-1,16:00,189.99,32.26,12.95,ROCK PHOS.,56038.0,,6,"24-08-26 FB-1MV. ENDLESS HORIZON SAILS 189.99 ROCK PHOS. 16:00 56,038 32.26 12.95"
dtr2408.pdf,2026-08-23,2026-08-24,2026-08-24,2026-08-24T20:00:00,BRILLIANT ADVANCE,BRILLIANT ADVANCE,SAILS,KICT,20:00,228.99,32.26,14.51,C.COAL,79300.0,,6,"24-08-26 KICTMV. BRILLIANT ADVANCE SAILS 228.99 C.COAL 20:00 79,300 32.26 14.51"
dtr2408.pdf,2026-08-23,2026-08-24,2026-08-24,2026-08-24T20:30:00,YPERION,YPERION,BERTHS,KICT,20:30,229.0,32.26,14.59,PCI COAL,47541.0,,6,"24-08-26 KICTMV. YPERION BERTHS 229.00 PCI COAL 20:30 47,541 32.26 14.59"
dtr2408.pdf,2026-08-23,2026-08-24,2026-08-24,2026-08-24T23:00:00,VISHVA CHETNA,VISHVA CHETNA,SAILS,CB-2,23:00,229.0,32.26,14.5,TH.COAL,79475.0,,6,"24-08-26 CB-2MV. VISHVA CHETNA SAILS 229.00 TH.COAL 23:00 79,475 32.26 14.50"
dtr2408.pdf,2026-08-23,2026-08-24,2026-08-24,2026-08-24T23:30:00,JEWEL GOLD,JEWEL GOLD,BERTHS,CB-1,23:30,190.0,32.26,13.0,TH.COAL,35000.0,,6,"24-08-26 CB-1MV. JEWEL GOLD BERTHS 190.00 TH.COAL 23:30 35,000 32.26 13.00"
dtr2508.pdf,2026-08-24,2026-08-25,2026-08-25,2026-08-25T06:54:00,ENDLESS HORIZON,ENDLESS HORIZON,SAILS,FB-1,06:54,189.99,32.26,12.95,ROCK PHOS.,56038.0,,6,"25-08-26 FB-1MV. ENDLESS HORIZON SAILS 189.99 ROCK PHOS. 06:54 56,038 32.26 12.95"
dtr2408.pdf,2026-08-23,2026-08-24,2026-08-25,2026-08-25T09:00:00,THERESA PRIDE,THERESA PRIDE,SAILS,CQ-1,09:00,199.99,32.26,13.37,DOLOMITE,60500.0,,6,"25-08-26 CQ-1MV. THERESA PRIDE SAILS 199.99 DOLOMITE 09:00 60,500 32.26 13.37"
dtr2508.pdf,2026-08-24,2026-08-25,2026-08-25,2026-08-25T09:12:00,VISHVA CHETNA,VISHVA CHETNA,SAILS,CB-2,09:12,229.0,32.26,14.5,TH.COAL,79300.0,,6,"25-08-26 CB-2MV. VISHVA CHETNA SAILS 229.00 TH.COAL 09:12 79,300 32.26 14.50"
dtr2408.pdf,2026-08-23,2026-08-24,2026-08-25,2026-08-25T09:30:00,CORNELIA M,CORNELIA M,BERTHS,CQ-1,09:30,225.0,32.24,10.3,M. COKE,44000.0,,6,"25-08-26 CQ-1MV. CORNELIA M BERTHS 225.00 M. COKE 09:30 44,000 32.24 10.30"
dtr2508.pdf,2026-08-24,2026-08-25,2026-08-25,2026-08-25T09:30:00,KANG SHUN,KANG SHUN,BERTHS,FB-1,09:30,189.9,32.26,12.42,ROCK PHOS.,52500.0,,6,"25-08-26 FB-1MV. KANG SHUN BERTHS 189.90 ROCK PHOS. 09:30 52,500 32.26 12.42"
dtr2508.pdf,2026-08-24,2026-08-25,2026-08-25,2026-08-25T10:00:00,JEWEL GOLD,JEWEL GOLD,BERTHS,CB-2,10:00,190.0,32.26,13.0,TH.COAL,35000.0,,6,"25-08-26 CB-2MV. JEWEL GOLD BERTHS 190.00 TH.COAL 10:00 35,000 32.26 13.00"
dtr2508.pdf,2026-08-24,2026-08-25,2026-08-25,2026-08-25T10:30:00,THERESA PRIDE,THERESA PRIDE,SAILS,CQ-1,10:30,199.99,32.26,13.37,DOLOMITE,60500.0,,6,"25-08-26 CQ-1MV. THERESA PRIDE SAILS 199.99 DOLOMITE 10:30 60,500 32.26 13.37"
dtr2508.pdf,2026-08-24,2026-08-25,2026-08-25,2026-08-25T11:00:00,CORNELIA M,CORNELIA M,BERTHS,CQ-1,11:00,225.0,11.5,3.4,M. COKE,44000.0,,6,"25-08-26 CQ-1MV. CORNELIA M BERTHS 225.00 M. COKE 11:00 44,000 32.24 10.30 25-08-26 NQ-1MT. VAMSEE SHIFTS 69.81 NO 11:30 ON A/C VESSEL 11.50 3.40"
dtr2508.pdf,2026-08-24,2026-08-25,2026-08-25,2026-08-25T13:00:00,CHOLA PROSPERITY,CHOLA PROSPERITY,SAILS,EQ-2,13:00,225.0,32.26,14.5,TH.COAL,75215.0,,6,"25-08-26 EQ-2MV. CHOLA PROSPERITY SAILS 225.00 TH.COAL 13:00 75,215 32.26 14.50"
dtr2508.pdf,2026-08-24,2026-08-25,2026-08-25,2026-08-25T18:00:00,GLORY LOONG,GLORY LOONG,SAILS,MPB,18:00,224.95,21.5,9.1,C.COAL,72667.0,,6,"25-08-26 MPBMV. GLORY LOONG SAILS 224.95 C.COAL 18:00 72,667 32.20 13.86 25-08-26 MPBMV. DDS MARINA SHIFTS 126.80 A. NITRATE 18:30 ON A/C PORT 11,331 21.50 9.10"
dtr2508.pdf,2026-08-24,2026-08-25,2026-08-25,2026-08-25T18:00:00,PHC SURYA,PHC SURYA,SAILS,NQ-3,18:00,118.0,19.6,7.76,GYPSUM,10000.0,,6,"25-08-26 NQ-3MV. PHC SURYA SAILS 118.00 GYPSUM 18:00 10,000 19.60 7.76"
dtr2508.pdf,2026-08-24,2026-08-25,2026-08-25,2026-08-25T19:00:00,SEA GULL 9,SEA GULL 9,BERTHS,NQ-2,19:00,127.52,18.2,8.0,CRD PALMOIL,10000.0,,6,"25-08-26 NQ-2MT. SEA GULL 9 BERTHS 127.52 CRD PALMOIL 19:00 10,000 18.20 8.00"
dtr2508.pdf,2026-08-24,2026-08-25,2026-08-25,2026-08-25T22:15:00,ARLON,ARLON,BERTHS,FB-2,22:15,189.96,30.44,10.6,AMMONIA,15000.0,,6,"25-08-26 FB-2MT. ARLON BERTHS 189.96 AMMONIA 22:15 15,000 30.44 10.60"
dtr2508.pdf,2026-08-24,2026-08-25,2026-08-26,2026-08-26T02:00:00,SANMAR SITAR,SANMAR SITAR,SAILS,NOJ,02:00,183.0,32.2,7.3,HSD,28300.0,,6,"26-08-26 NOJMT. SANMAR SITAR SAILS 183.00 HSD 02:00 28,300 32.20 7.30"
dtr2508.pdf,2026-08-24,2026-08-25,2026-08-26,2026-08-26T04:00:00,RIPLEY PIONEER,RIPLEY PIONEER,SAILS,CB-1,04:00,225.0,32.26,14.5,TH.COAL,75346.0,,6,"26-08-26 CB-1MV. RIPLEY PIONEER SAILS 225.00 TH.COAL 04:00 75,346 32.26 14.50"
dtr2508.pdf,2026-08-24,2026-08-25,2026-08-26,2026-08-26T06:00:00,AMNSI MAXIMUS,AMNSI MAXIMUS,SAILS,CQ-3,06:00,229.0,32.26,14.0,I.ORE PELLET,76000.0,,6,"26-08-26 CQ-3MV. AMNSI MAXIMUS SAILS 229.00 I.ORE PELLET 06:00 76,000 32.26 14.00"
dtr2508.pdf,2026-08-24,2026-08-25,2026-08-26,2026-08-26T06:30:00,CHOLA DESTINY,CHOLA DESTINY,BERTHS,CQ-3,06:30,224.94,32.26,14.0,I.ORE PELLET,75000.0,,6,"26-08-26 CQ-3MV. CHOLA DESTINY BERTHS 224.94 I.ORE PELLET 06:30 75,000 32.26 14.00"
dtr2508.pdf,2026-08-24,2026-08-25,2026-08-26,2026-08-26T08:00:00,GANESHWAR,GANESHWAR,BERTHS,NQ-3,08:00,72.0,14.0,2.8,GYPSUM,1800.0,,6,"26-08-26 NQ-3MV. GANESHWAR BERTHS 72.00 GYPSUM 08:00 1,800 14.00 2.80"
dtr2608.pdf,2026-08-25,2026-08-26,2026-08-26,2026-08-26T09:06:00,JEWEL GOLD,JEWEL GOLD,SAILS,CB-2,09:06,190.0,32.26,13.0,TH.COAL,27856.0,,6,"26-08-26 CB-2MV. JEWEL GOLD SAILS 190.00 TH.COAL 09:06 27,856 32.26 13.00"
dtr2508.pdf,2026-08-24,2026-08-25,2026-08-26,2026-08-26T10:00:00,DDS MARINA,DDS MARINA,SAILS,MPB,10:00,126.8,21.5,9.1,A. NITRATE,11331.0,,6,"26-08-26 MPBMV. DDS MARINA SAILS 126.80 A. NITRATE 10:00 11,331 21.50 9.10"
dtr2608.pdf,2026-08-25,2026-08-26,2026-08-26,2026-08-26T10:12:00,AMNSI MAXIMUS,AMNSI MAXIMUS,SAILS,CQ-3,10:12,229.0,32.26,14.0,I.ORE PELLET,72022.0,,6,"26-08-26 CQ-3MV. AMNSI MAXIMUS SAILS 229.00 I.ORE PELLET 10:12 72,022 32.26 14.00"
dtr2608.pdf,2026-08-25,2026-08-26,2026-08-26,2026-08-26T10:36:00,CHOLA TREASURE,CHOLA TREASURE,BERTHS,CB-2,10:36,225.0,32.26,0.0,TH.COAL,69000.0,,6,"26-08-26 CB-2MV. CHOLA TREASURE BERTHS 225.00 TH.COAL 10:36 69,000 32.26 0.00"
dtr2608.pdf,2026-08-25,2026-08-26,2026-08-26,2026-08-26T10:45:00,OTHONOI,OTHONOI,SAILS,CQ-2,10:45,229.0,32.24,0.0,TH.COAL,75800.0,,6,"26-08-26 CQ-2MV. OTHONOI SAILS 229.00 TH.COAL 10:45 75,800 32.26 14.00 26-08-26 CQ-2MV. CRIMSON GRACE REBERTHS 199.98 TH.COAL 11:15 ON A/C VESSEL 40,938 32.24 0.00"
dtr2608.pdf,2026-08-25,2026-08-26,2026-08-26,2026-08-26T11:30:00,CHOLA DESTINY,CHOLA DESTINY,BERTHS,CQ-3,11:30,224.94,32.26,14.0,I.ORE PELLET,75000.0,,6,"26-08-26 CQ-3MV. CHOLA DESTINY BERTHS 224.94 I.ORE PELLET 11:30 75,000 32.26 14.00"
dtr2608.pdf,2026-08-25,2026-08-26,2026-08-26,2026-08-26T12:00:00,RIPLEY PIONEER,RIPLEY PIONEER,SAILS,CB-1,12:00,225.0,32.26,14.5,TH.COAL,75346.0,,6,"26-08-26 CB-1MV. RIPLEY PIONEER SAILS 225.00 TH.COAL 12:00 75,346 32.26 14.50"
dtr2608.pdf,2026-08-25,2026-08-26,2026-08-26,2026-08-26T12:30:00,DECCAN PRIDE,DECCAN PRIDE,BERTHS,CB-1,12:30,225.0,32.26,0.0,TH.COAL,73700.0,,6,"26-08-26 CB-1MV. DECCAN PRIDE BERTHS 225.00 TH.COAL 12:30 73,700 32.26 0.00"
dtr2608.pdf,2026-08-25,2026-08-26,2026-08-26,2026-08-26T14:00:00,APJ SETHU,APJ SETHU,BERTHS,EQ-3,14:00,224.86,32.26,0.0,TH.COAL,75000.0,,6,"26-08-26 EQ-3MV. APJ SETHU BERTHS 224.86 TH.COAL 14:00 75,000 32.26 0.00"
dtr2608.pdf,2026-08-25,2026-08-26,2026-08-26,2026-08-26T14:30:00,TG LIBRA,TG LIBRA,SAILS,SOJ,14:30,145.53,23.7,0.0,LCO,17000.0,,6,"26-08-26 SOJMT. TG LIBRA SAILS 145.53 LCO 14:30 17,000 23.70 0.00"
dtr2608.pdf,2026-08-25,2026-08-26,2026-08-26,2026-08-26T15:00:00,NILE RIVER,NILE RIVER,BERTHS,SOJ,15:00,229.0,36.6,11.9,BUTANE/PROPA,28000.0,,6,"26-08-26 SOJMT. NILE RIVER BERTHS 229.00 BUTANE/PROPA 15:00 28,000 36.60 11.90"
dtr2608.pdf,2026-08-25,2026-08-26,2026-08-26,2026-08-26T16:00:00,RICHLAND SINGAPORE,RICHLAND SINGAPORE,BERTHS,MPB,16:00,228.9,32.24,14.5,C.COAL,79200.0,,6,"26-08-26 MPBMV. RICHLAND SINGAPORE BERTHS 228.90 C.COAL 16:00 79,200 32.24 14.50"
dtr2608.pdf,2026-08-25,2026-08-26,2026-08-26,2026-08-26T20:00:00,YPERION,YPERION,SAILS,KICT,20:00,229.0,32.26,14.59,PCI COAL,50141.0,,6,"26-08-26 KICTMV. YPERION SAILS 229.00 PCI COAL 20:00 50,141 32.26 14.59"
dtr2608.pdf,2026-08-25,2026-08-26,2026-08-26,2026-08-26T21:00:00,KIRRIBILLI,KIRRIBILLI,BERTHS,KICT,21:00,228.9,32.26,14.49,C.COAL,79611.0,,6,"26-08-26 KICTMV. KIRRIBILLI BERTHS 228.90 C.COAL 21:00 79,611 32.26 14.49"
dtr2608.pdf,2026-08-25,2026-08-26,2026-08-26,2026-08-26T22:00:00,MAGIC ARIEL,MAGIC ARIEL,SAILS,PICT-2,22:00,229.0,32.26,7.5,PIG IRON,66000.0,,6,"26-08-26 PICT-2MV. MAGIC ARIEL SAILS 229.00 PIG IRON 22:00 66,000 32.26 7.50"
dtr2608.pdf,2026-08-25,2026-08-26,2026-08-27,2026-08-27T01:00:00,ARLON,ARLON,SAILS,FB-2,01:00,189.96,30.44,10.6,AMMONIA,15000.0,,6,"27-08-26 FB-2MT. ARLON SAILS 189.96 AMMONIA 01:00 15,000 30.44 10.60"
dtr2608.pdf,2026-08-25,2026-08-26,2026-08-27,2026-08-27T01:30:00,PICTOR,PICTOR,BERTHS,FB-2,01:30,224.94,32.26,14.2,ROCK PHOS.,74203.0,PORTSIDE ALONGSIDE,6,"27-08-26 FB-2MV. PICTOR BERTHS 224.94 ROCK PHOS. 01:30 PORTSIDE ALONGSIDE 74,203 32.26 14.20"
dtr2608.pdf,2026-08-25,2026-08-26,2026-08-27,2026-08-27T06:00:00,MARJORIE,MARJORIE,BERTHS,SPM-2,06:00,274.0,48.0,15.7,CRUDE OIL,140894.0,,6,"27-08-26 SPM-2MT. MARJORIE BERTHS 274.00 CRUDE OIL 06:00 140,894 48.00 15.70"
dtr2608.pdf,2026-08-25,2026-08-26,2026-08-27,2026-08-27T06:30:00,SANMAR SITAR,SANMAR SITAR,SAILS,NOJ,06:30,183.0,32.2,7.3,HSD,28300.0,,6,"27-08-26 NOJMT. SANMAR SITAR SAILS 183.00 HSD 06:30 28,300 32.20 7.30"
dtr2608.pdf,2026-08-25,2026-08-26,2026-08-27,2026-08-27T07:00:00,ANANTHA,ANANTHA,BERTHS,NOJ,07:00,160.5,23.0,0.0,F.O,2201.0,,6,"27-08-26 NOJMT. ANANTHA BERTHS 160.50 F.O 07:00 2,201 23.00 0.00"
dtr2708.pdf,2026-08-26,2026-08-27,2026-08-27,2026-08-27T07:00:00,DDS MARINA,DDS MARINA,SAILS,MPB,07:00,126.8,32.26,0.0,A. NITRATE,11331.0,,6,"27-08-26 MPBMV. DDS MARINA SAILS 126.80 A. NITRATE 07:00 11,331 21.50 9.10 27-08-26 CB-1MV. APJ SHIRIN SHIFTS 189.99 TH.COAL 07:12 ON A/C VESSEL 38,754 32.26 0.00"
dtr2708.pdf,2026-08-26,2026-08-27,2026-08-27,2026-08-27T09:00:00,RICHLAND SINGAPORE,RICHLAND SINGAPORE,BERTHS,MPB,09:00,228.9,32.24,14.5,C.COAL,79200.0,,6,"27-08-26 MPBMV. RICHLAND SINGAPORE BERTHS 228.90 C.COAL 09:00 79,200 32.24 14.50"
dtr2608.pdf,2026-08-25,2026-08-26,2026-08-27,2026-08-27T09:00:00,STAR HELSINKI,STAR HELSINKI,SAILS,PICT,09:00,199.9,32.26,12.23,UREA,49350.0,,6,"27-08-26 PICTMV. STAR HELSINKI SAILS 199.90 UREA 09:00 49,350 32.26 12.23"
dtr2708.pdf,2026-08-26,2026-08-27,2026-08-27,2026-08-27T09:12:00,GREEN K MAX 2,GREEN K MAX 2,BERTHS,IOB,09:12,229.0,32.26,14.45,TH.COAL,65000.0,,6,"27-08-26 IOBMV. GREEN K MAX 2 BERTHS 229.00 TH.COAL 09:12 65,000 32.26 14.45"
dtr2708.pdf,2026-08-26,2026-08-27,2026-08-27,2026-08-27T09:30:00,MARJORIE,MARJORIE,BERTHS,SPM-2,09:30,274.0,48.0,15.7,CRUDE OIL,140894.0,,6,"27-08-26 SPM-2MT. MARJORIE BERTHS 274.00 CRUDE OIL 09:30 140,894 48.00 15.70"
dtr2708.pdf,2026-08-26,2026-08-27,2026-08-27,2026-08-27T10:00:00,SANMAR SITAR,SANMAR SITAR,SAILS,NOJ,10:00,183.0,32.2,7.3,HSD,28300.0,,6,"27-08-26 NOJMT. SANMAR SITAR SAILS 183.00 HSD 10:00 28,300 32.20 7.30"
dtr2708.pdf,2026-08-26,2026-08-27,2026-08-27,2026-08-27T10:30:00,ANANTHA,ANANTHA,BERTHS,NOJ,10:30,160.5,23.0,0.0,F.O,2201.0,,6,"27-08-26 NOJMT. ANANTHA BERTHS 160.50 F.O 10:30 2,201 23.00 0.00"
dtr2708.pdf,2026-08-26,2026-08-27,2026-08-27,2026-08-27T11:00:00,CRIMSON GRACE,CRIMSON GRACE,SAILS,CQ-2,11:00,199.98,32.24,0.0,TH.COAL,18020.0,,6,"27-08-26 CQ-2MV. CRIMSON GRACE SAILS 199.98 TH.COAL 11:00 18,020 32.24 0.00"
dtr2708.pdf,2026-08-26,2026-08-27,2026-08-27,2026-08-27T14:00:00,CHOLA TREASURE,CHOLA TREASURE,SAILS,CB-2,14:00,225.0,32.26,0.0,TH.COAL,74600.0,,6,"27-08-26 CB-2MV. CHOLA TREASURE SAILS 225.00 TH.COAL 14:00 74,600 32.26 0.00 27-08-26 CB-2MV. APJ SETHU SHIFTS 224.86 TH.COAL 14:30 ON A/C PORT 55,000 32.26 0.00"
dtr2708.pdf,2026-08-26,2026-08-27,2026-08-27,2026-08-27T15:00:00,CHOLA DESTINY,CHOLA DESTINY,SAILS,CQ-3,15:00,224.94,32.26,14.0,I.ORE PELLET,73650.0,,6,"27-08-26 CQ-3MV. CHOLA DESTINY SAILS 224.94 I.ORE PELLET 15:00 73,650 32.26 14.00"
dtr2708.pdf,2026-08-26,2026-08-27,2026-08-27,2026-08-27T17:00:00,APJ SHIRIN,APJ SHIRIN,SAILS,CB-1,17:00,189.99,32.26,0.0,TH.COAL,38754.0,,6,"27-08-26 CB-1MV. APJ SHIRIN SAILS 189.99 TH.COAL 17:00 38,754 32.26 0.00"
dtr2708.pdf,2026-08-26,2026-08-27,2026-08-27,2026-08-27T17:30:00,RIPLEY PROGRESS,RIPLEY PROGRESS,BERTHS,CB-1,17:30,225.0,32.26,14.5,TH.COAL,75000.0,,6,"27-08-26 CB-1MV. RIPLEY PROGRESS BERTHS 225.00 TH.COAL 17:30 75,000 32.26 14.50"
dtr2708.pdf,2026-08-26,2026-08-27,2026-08-27,2026-08-27T18:00:00,STAR HELSINKI,STAR HELSINKI,SAILS,PICT,18:00,199.9,32.26,12.23,UREA,49350.0,,6,"27-08-26 PICTMV. STAR HELSINKI SAILS 199.90 UREA 18:00 49,350 32.26 12.23"
dtr2708.pdf,2026-08-26,2026-08-27,2026-08-27,2026-08-27T18:30:00,GREEK SEAS,GREEK SEAS,BERTHS,CQ-3,18:30,229.0,32.26,14.0,I.ORE PELLET,75000.0,,6,"27-08-26 CQ-3MV. GREEK SEAS BERTHS 229.00 I.ORE PELLET 18:30 75,000 32.26 14.00"
dtr2808.pdf,2026-08-27,2026-08-28,2026-08-28,2026-08-28T01:10:00,AM PROGRESS,AM PROGRESS,BERTHS,PICT,01:10,176.54,26.97,0.0,STEEL SLAB,30000.0,,6,"28-08-26 PICTMV. AM PROGRESS BERTHS 176.54 STEEL SLAB 01:10 30,000 26.97 0.00"
dtr2708.pdf,2026-08-26,2026-08-27,2026-08-28,2026-08-28T04:00:00,DECCAN PRIDE,DECCAN PRIDE,SAILS,EQ-2,04:00,225.0,32.26,0.0,TH.COAL,26247.0,,6,"28-08-26 EQ-2MV. DECCAN PRIDE SAILS 225.00 TH.COAL 04:00 26,247 32.26 0.00"
dtr2708.pdf,2026-08-26,2026-08-27,2026-08-28,2026-08-28T06:00:00,CORNELIA M,CORNELIA M,SAILS,CQ-1,06:00,225.0,32.24,10.4,M. COKE,44000.0,,6,"28-08-26 CQ-1MV. CORNELIA M SAILS 225.00 M. COKE 06:00 44,000 32.24 10.40"
dtr2808.pdf,2026-08-27,2026-08-28,2026-08-28,2026-08-28T06:36:00,APJ SETHU,APJ SETHU,SAILS,CB-2,06:36,224.86,32.26,0.0,TH.COAL,80085.0,,6,"28-08-26 CB-2MV. APJ SETHU SAILS 224.86 TH.COAL 06:36 80,085 32.26 0.00"
dtr2808.pdf,2026-08-27,2026-08-28,2026-08-28,2026-08-28T07:00:00,CAPT EUGENE,CAPT EUGENE,BERTHS,CQ-2,07:00,189.99,32.26,6.25,I.ORE PELLET,54400.0,,6,"28-08-26 CQ-2MV. CAPT EUGENE BERTHS 189.99 I.ORE PELLET 07:00 54,400 32.26 6.25"
dtr2708.pdf,2026-08-26,2026-08-27,2026-08-28,2026-08-28T07:30:00,ATOKOS,ATOKOS,BERTHS,SPM-3,07:30,332.95,22.46,0.0,CRUDE OIL,258557.0,,6,"28-08-26 SPM-3MT. ATOKOS BERTHS 332.95 CRUDE OIL 07:30 258,557 60.00 19.65 28-08-26 ANCHORAGEMV. THSD ANTIGOON SHIFTS 115.00 NO 08:00 ON A/C VESSEL 22.46 0.00"
dtr2808.pdf,2026-08-27,2026-08-28,2026-08-28,2026-08-28T08:00:00,ATOKOS,ATOKOS,BERTHS,SPM-3,08:00,332.95,22.46,0.0,CRUDE OIL,258557.0,,6,"28-08-26 SPM-3MT. ATOKOS BERTHS 332.95 CRUDE OIL 08:00 258,557 60.00 19.65 28-08-26 ANCHORAGEMV. THSD ANTIGOON SHIFTS 115.00 NO 08:30 ON A/C VESSEL 22.46 0.00"
dtr2808.pdf,2026-08-27,2026-08-28,2026-08-28,2026-08-28T09:00:00,DECCAN PRIDE,DECCAN PRIDE,SAILS,EQ-2,09:00,225.0,32.26,0.0,TH.COAL,47234.0,,6,"28-08-26 EQ-2MV. DECCAN PRIDE SAILS 225.00 TH.COAL 09:00 47,234 32.26 0.00"
dtr2808.pdf,2026-08-27,2026-08-28,2026-08-28,2026-08-28T10:00:00,CORNELIA M,CORNELIA M,SAILS,CQ-1,10:00,225.0,32.24,10.4,M. COKE,44000.0,,6,"28-08-26 CQ-1MV. CORNELIA M SAILS 225.00 M. COKE 10:00 44,000 32.24 10.40"
dtr2708.pdf,2026-08-26,2026-08-27,2026-08-28,2026-08-28T10:00:00,GANESHWAR,GANESHWAR,BERTHS,NQ-3,10:00,72.0,14.0,2.8,GYPSUM,1800.0,,6,"28-08-26 NQ-3MV. GANESHWAR BERTHS 72.00 GYPSUM 10:00 1,800 14.00 2.80"
dtr2708.pdf,2026-08-26,2026-08-27,2026-08-28,2026-08-28T10:30:00,NILE RIVER,NILE RIVER,SAILS,SOJ,10:30,229.0,36.6,11.7,BUTANE/PROPA NE,25576.0,,6,"28-08-26 SOJMT. NILE RIVER SAILS 229.00 BUTANE/PROPA NE 10:30 25,576 36.60 11.70"
dtr2808.pdf,2026-08-27,2026-08-28,2026-08-28,2026-08-28T11:00:00,GANESHWAR,GANESHWAR,BERTHS,NQ-3,11:00,72.0,14.0,2.8,GYPSUM,1800.0,,6,"28-08-26 NQ-3MV. GANESHWAR BERTHS 72.00 GYPSUM 11:00 1,800 14.00 2.80"
dtr2808.pdf,2026-08-27,2026-08-28,2026-08-28,2026-08-28T13:00:00,NILE RIVER,NILE RIVER,SAILS,SOJ,13:00,229.0,32.23,8.1,BUTANE/PROPA NE,25585.0,,6,"28-08-26 SOJMT. NILE RIVER SAILS 229.00 BUTANE/PROPA NE 13:00 25,585 36.60 11.70 28-08-26 SOJMT. SWARNA PUSHP REBERTHS 184.95 ATF 13:30 9,000 32.23 8.10"
dtr2808.pdf,2026-08-27,2026-08-28,2026-08-28,2026-08-28T14:30:00,GANESHWAR,GANESHWAR,SAILS,NQ-3,14:30,72.0,14.0,2.8,GYPSUM,3310.0,,6,"28-08-26 NQ-3MV. GANESHWAR SAILS 72.00 GYPSUM 14:30 3,310 14.00 2.80"
dtr2808.pdf,2026-08-27,2026-08-28,2026-08-28,2026-08-28T16:00:00,GREEK SEAS,GREEK SEAS,SAILS,CQ-3,16:00,229.0,32.26,14.0,I.ORE PELLET,75100.0,,6,"28-08-26 CQ-3MV. GREEK SEAS SAILS 229.00 I.ORE PELLET 16:00 75,100 32.26 14.00"
dtr2808.pdf,2026-08-27,2026-08-28,2026-08-28,2026-08-28T17:00:00,APJ ANGAD 2,APJ ANGAD 2,BERTHS,CB-2,17:00,224.94,32.26,14.5,TH.COAL,75000.0,,6,"28-08-26 CB-2MV. APJ ANGAD 2 BERTHS 224.94 TH.COAL 17:00 75,000 32.26 14.50"
dtr2808.pdf,2026-08-27,2026-08-28,2026-08-28,2026-08-28T19:00:00,DELAVITA,DELAVITA,BERTHS,PICT-2,19:00,199.99,32.25,13.13,PIG IRON,60500.0,,6,"28-08-26 PICT-2MV. DELAVITA BERTHS 199.99 PIG IRON 19:00 60,500 32.25 13.13"
dtr2808.pdf,2026-08-27,2026-08-28,2026-08-28,2026-08-28T20:00:00,MARJORIE,MARJORIE,SAILS,SPM-2,20:00,274.0,48.0,15.7,CRUDE OIL,140710.0,,6,"28-08-26 SPM-2MT. MARJORIE SAILS 274.00 CRUDE OIL 20:00 140,710 48.00 15.70"
dtr2908.pdf,2026-08-28,2026-08-29,2026-08-28,2026-08-28T21:24:00,PROPEL PEACE,PROPEL PEACE,BERTHS,CQ-1,21:24,179.99,28.2,0.0,STEEL SLAB,31000.0,,6,"28-08-26 CQ-1MV. PROPEL PEACE BERTHS 179.99 STEEL SLAB 21:24 31,000 28.20 0.00"
dtr2908.pdf,2026-08-28,2026-08-29,2026-08-28,2026-08-28T23:30:00,SANMAR SWARA,SANMAR SWARA,BERTHS,NOJ,23:30,228.49,32.24,14.5,HSD/M.SPIRIT,21568.0,,6,"28-08-26 NOJMT. SANMAR SWARA BERTHS 228.49 HSD/M.SPIRIT 23:30 21,568 32.20 8.80 29-08-26 SOJMT. SWARNA PUSHP REBERTHS 184.95 ATF 07:30 9,000 32.23 8.10 29-08-26 EQ-3MV. KIRRIBILLI SHIFTS 228.90 TH.COAL 08:18 ON A/C GAC 32.26 14.00 29-08-26 KICTMV. RICHLAND SINGAPORE SHIFTS 228.90 C.COAL 08:48 ON A/C PORT 46,200 32.24 14.50"
dtr2808.pdf,2026-08-27,2026-08-28,2026-08-29,2026-08-29T03:00:00,RIPLEY PROGRESS,RIPLEY PROGRESS,SAILS,CB-1,03:00,225.0,32.26,14.5,TH.COAL,74450.0,,6,"29-08-26 CB-1MV. RIPLEY PROGRESS SAILS 225.00 TH.COAL 03:00 74,450 32.26 14.50"
dtr2808.pdf,2026-08-27,2026-08-28,2026-08-29,2026-08-29T05:00:00,GIORGAKIS,GIORGAKIS,BERTHS,CB-1,05:00,229.0,32.24,14.5,TH.COAL,78000.0,,6,"29-08-26 CB-1MV. GIORGAKIS BERTHS 229.00 TH.COAL 05:00 78,000 32.26 14.50 29-08-26 EQ-3MV. KIRRIBILLI SHIFTS 228.90 TH.COAL 09:00 ON A/C GAC 32.26 14.00 29-08-26 KICT/ANCHMV. RICHLAND SINGAPORE SHIFTS 228.90 C.COAL 09:30 ON A/C PORT OR VESSEL(WHICHEVER VSL IS READY FIRST) 46,200 32.24 14.50"
dtr2808.pdf,2026-08-27,2026-08-28,2026-08-29,2026-08-29T09:30:00,STAR GALAXY,STAR GALAXY,BERTHS,KICT,09:30,229.0,32.26,14.45,C.COAL,45733.0,(WHICHEVER VSL IS READY FIRST),6,"29-08-26 KICTMV. STAR GALAXY BERTHS 229.00 C.COAL 09:30 (WHICHEVER VSL IS READY FIRST) 45,733 32.26 14.45"
dtr2808.pdf,2026-08-27,2026-08-28,2026-08-29,2026-08-29T10:00:00,GANESHWAR,GANESHWAR,BERTHS,NQ-3,10:00,72.0,14.0,2.8,GYPSUM,1800.0,,6,"29-08-26 NQ-3MV. GANESHWAR BERTHS 72.00 GYPSUM 10:00 1,800 14.00 2.80"
dtr2908.pdf,2026-08-28,2026-08-29,2026-08-29,2026-08-29T10:30:00,DELAVITA,DELAVITA,BERTHS,PICT-2,10:30,199.99,32.25,13.13,PIG IRON,60500.0,,6,"29-08-26 PICT-2MV. DELAVITA BERTHS 199.99 PIG IRON 10:30 60,500 32.25 13.13"
dtr2908.pdf,2026-08-28,2026-08-29,2026-08-29,2026-08-29T10:48:00,RIPLEY PROGRESS,RIPLEY PROGRESS,SAILS,CB-1,10:48,225.0,32.26,14.5,TH.COAL,74450.0,,6,"29-08-26 CB-1MV. RIPLEY PROGRESS SAILS 225.00 TH.COAL 10:48 74,450 32.26 14.50"
dtr2908.pdf,2026-08-28,2026-08-29,2026-08-29,2026-08-29T11:30:00,GIORGAKIS,GIORGAKIS,BERTHS,CB-1,11:30,229.0,10.36,0.0,TH.COAL,78000.0,,6,"29-08-26 CB-1MV. GIORGAKIS BERTHS 229.00 TH.COAL 11:30 78,000 32.26 14.50 29-08-26 NQ-1MT. VAMSEE SHIFTS 69.81 NO 12:00 ON A/C VESSEL 11.50 3.40 29-08-26 NQ-1MT. OSL TANKER II SHIFTS 49.30 NO 13:00 ON A/C VESSEL 10.36 0.00"
dtr2908.pdf,2026-08-28,2026-08-29,2026-08-29,2026-08-29T18:30:00,JAG AJAY,JAG AJAY,BERTHS,MPB,18:30,229.0,32.26,14.45,C.COAL,46762.0,ON ARRIVAL,6,"29-08-26 MPBMV. JAG AJAY BERTHS 229.00 C.COAL 18:30 ON ARRIVAL 46,762 32.26 14.45"
dtr2908.pdf,2026-08-28,2026-08-29,2026-08-29,2026-08-29T20:00:00,PICTOR,PICTOR,SAILS,FB-2,20:00,224.94,32.26,14.2,ROCK PHOS.,74203.0,,6,"29-08-26 FB-2MV. PICTOR SAILS 224.94 ROCK PHOS. 20:00 74,203 32.26 14.20"
dtr2908.pdf,2026-08-28,2026-08-29,2026-08-29,2026-08-29T22:00:00,SEA GULL 9,SEA GULL 9,SAILS,NQ-2,22:00,127.52,18.2,8.0,CRD PALMOIL,10000.0,,6,"29-08-26 NQ-2MT. SEA GULL 9 SAILS 127.52 CRD PALMOIL 22:00 10,000 18.20 8.00"
dtr2908.pdf,2026-08-28,2026-08-29,2026-08-29,2026-08-29T23:00:00,APJ ANGAD 2,APJ ANGAD 2,SAILS,CB-2,23:00,224.94,32.26,14.5,TH.COAL,75300.0,,6,"29-08-26 CB-2MV. APJ ANGAD 2 SAILS 224.94 TH.COAL 23:00 75,300 32.26 14.50"
dtr3008.pdf,2026-08-29,2026-08-30,2026-08-30,2026-08-30T04:42:00,CHOLA LEGACY,CHOLA LEGACY,BERTHS,CB-2,04:42,228.99,32.26,0.0,TH.COAL,69000.0,,5,"30-08-26 CB-2MV. CHOLA LEGACY BERTHS 228.99 TH.COAL 04:42 69,000 32.26 0.00"
dtr3008.pdf,2026-08-29,2026-08-30,2026-08-30,2026-08-30T09:00:00,POROS BAY,POROS BAY,BERTHS,SPM-2,09:00,274.5,11.5,3.4,CRUDE OIL,142688.0,,5,"30-08-26 SPM-2MT. POROS BAY BERTHS 274.50 CRUDE OIL 09:00 142,688 48.00 17.00 30-08-26 WBMT. VAMSEE SHIFTS 69.81 NO 10:00 DRY DOCK (ON VSL A/C) 11.50 3.40"
dtr2908.pdf,2026-08-28,2026-08-29,2026-08-30,2026-08-30T10:00:00,RICHLAND SINGAPORE,RICHLAND SINGAPORE,SAILS,KICT,10:00,228.9,32.24,14.5,C.COAL,46200.0,,6,"30-08-26 KICTMV. RICHLAND SINGAPORE SAILS 228.90 C.COAL 10:00 46,200 32.24 14.50"
dtr2908.pdf,2026-08-28,2026-08-29,2026-08-30,2026-08-30T10:15:00,SUNRISE I,SUNRISE I,BERTHS,KICT,10:15,228.9,32.24,14.46,C.COAL,33000.0,,6,"30-08-26 KICTMV. SUNRISE I BERTHS 228.90 C.COAL 10:15 33,000 32.24 14.46"
dtr2908.pdf,2026-08-28,2026-08-29,2026-08-30,2026-08-30T10:30:00,GANESHWAR,GANESHWAR,BERTHS,NQ-3,10:30,72.0,14.0,2.8,GYPSUM,1800.0,ON ARRIVAL,6,"30-08-26 NQ-3MV. GANESHWAR BERTHS 72.00 GYPSUM 10:30 ON ARRIVAL 1,800 14.00 2.80"
dtr3008.pdf,2026-08-29,2026-08-30,2026-08-30,2026-08-30T10:30:00,SEA GULL 9,SEA GULL 9,SAILS,NQ-2,10:30,127.52,18.2,8.0,CRD PALMOIL,10000.0,,5,"30-08-26 NQ-2MT. SEA GULL 9 SAILS 127.52 CRD PALMOIL 10:30 10,000 18.20 8.00"
dtr2908.pdf,2026-08-28,2026-08-29,2026-08-30,2026-08-30T11:00:00,ATOKOS,ATOKOS,SAILS,SPM-3,11:00,332.95,60.0,19.65,CRUDE OIL,258366.0,,6,"30-08-26 SPM-3MT. ATOKOS SAILS 332.95 CRUDE OIL 11:00 258,366 60.00 19.65"
dtr3008.pdf,2026-08-29,2026-08-30,2026-08-30,2026-08-30T11:00:00,GANESHWAR,GANESHWAR,BERTHS,NQ-3,11:00,72.0,14.0,2.8,GYPSUM,1800.0,ON ARRIVAL,5,"30-08-26 NQ-3MV. GANESHWAR BERTHS 72.00 GYPSUM 11:00 ON ARRIVAL 1,800 14.00 2.80"
dtr3008.pdf,2026-08-29,2026-08-30,2026-08-30,2026-08-30T12:00:00,RICHLAND SINGAPORE,RICHLAND SINGAPORE,SAILS,KICT,12:00,228.9,32.24,14.5,C.COAL,33000.0,,5,"30-08-26 KICTMV. RICHLAND SINGAPORE SAILS 228.90 C.COAL 12:00 33,000 32.24 14.50"
dtr3008.pdf,2026-08-29,2026-08-30,2026-08-30,2026-08-30T13:00:00,SUNRISE I,SUNRISE I,BERTHS,KICT,13:00,228.9,32.24,14.46,C.COAL,33000.0,,5,"30-08-26 KICTMV. SUNRISE I BERTHS 228.90 C.COAL 13:00 33,000 32.24 14.46"
dtr3008.pdf,2026-08-29,2026-08-30,2026-08-30,2026-08-30T17:00:00,GANESHWAR,GANESHWAR,SAILS,NQ-3,17:00,72.0,14.0,2.8,GYPSUM,3316.0,,5,"30-08-26 NQ-3MV. GANESHWAR SAILS 72.00 GYPSUM 17:00 3,316 14.00 2.80"
dtr3108.pdf,2026-08-30,2026-08-31,2026-08-30,2026-08-30T17:18:00,ATOKOS,ATOKOS,SAILS,SPM-3,17:18,332.95,60.0,19.65,CRUDE OIL,258366.0,,5,"30-08-26 SPM-3MT. ATOKOS SAILS 332.95 CRUDE OIL 17:18 258,366 60.00 19.65"
dtr3008.pdf,2026-08-29,2026-08-30,2026-08-30,2026-08-30T20:00:00,ATOKOS,ATOKOS,SAILS,SPM-3,20:00,332.95,60.0,19.65,CRUDE OIL,258366.0,,5,"30-08-26 SPM-3MT. ATOKOS SAILS 332.95 CRUDE OIL 20:00 258,366 60.00 19.65"
dtr3008.pdf,2026-08-29,2026-08-30,2026-08-30,2026-08-30T22:00:00,KIRRIBILLI,KIRRIBILLI,SAILS,EQ-3,22:00,228.9,32.26,14.0,TH.COAL,76600.0,,5,"30-08-26 EQ-3MV. KIRRIBILLI SAILS 228.90 TH.COAL 22:00 76,600 32.26 14.00"
dtr3008.pdf,2026-08-29,2026-08-30,2026-08-30,2026-08-30T22:30:00,RIPLEY PINNACLE,RIPLEY PINNACLE,BERTHS,EQ-3,22:30,225.0,32.26,14.5,TH.COAL,75000.0,,5,"30-08-26 EQ-3MV. RIPLEY PINNACLE BERTHS 225.00 TH.COAL 22:30 75,000 32.26 14.50"
dtr3008.pdf,2026-08-29,2026-08-30,2026-08-30,2026-08-30T23:00:00,GIORGAKIS,GIORGAKIS,SAILS,CB-1,23:00,229.0,32.26,14.5,TH.COAL,77590.0,,5,"30-08-26 CB-1MV. GIORGAKIS SAILS 229.00 TH.COAL 23:00 77,590 32.26 14.50"
dtr3008.pdf,2026-08-29,2026-08-30,2026-08-30,2026-08-30T23:30:00,AGRAFA,AGRAFA,BERTHS,CB-1,23:30,199.0,32.26,13.5,TH.COAL,30000.0,,5,"30-08-26 CB-1MV. AGRAFA BERTHS 199.00 TH.COAL 23:30 30,000 32.26 13.50"
dtr3108.pdf,2026-08-30,2026-08-31,2026-08-31,2026-08-31T00:18:00,SANMAR SWARA,SANMAR SWARA,SAILS,NOJ,00:18,228.49,32.2,8.8,HSD/M.SPIRIT,21565.0,,5,"31-08-26 NOJMT. SANMAR SWARA SAILS 228.49 HSD/M.SPIRIT 00:18 21,565 32.20 8.80"
dtr3108.pdf,2026-08-30,2026-08-31,2026-08-31,2026-08-31T01:42:00,BABYLON,BABYLON,BERTHS,NOJ,01:42,179.8,10.36,0.0,HSD/M.SPIRIT,17900.0,,5,"31-08-26 NOJMT. BABYLON BERTHS 179.80 HSD/M.SPIRIT 01:42 17,900 32.20 7.90 31-08-26 NQ-1MT. OSL TANKER II SHIFTS 49.30 NO 06:15 10.36 0.00"
dtr3008.pdf,2026-08-29,2026-08-30,2026-08-31,2026-08-31T08:00:00,ZOLA,ZOLA,BERTHS,CQ-3,08:00,199.9,32.26,14.0,I.ORE PELLET,60000.0,,5,"31-08-26 CQ-3MV. ZOLA BERTHS 199.90 I.ORE PELLET 08:00 60,000 32.26 14.00"
dtr3108.pdf,2026-08-30,2026-08-31,2026-08-31,2026-08-31T08:07:00,AGRAFA,AGRAFA,BERTHS,CB-1,08:07,199.0,32.26,13.5,TH.COAL,30000.0,,5,"31-08-26 CB-1MV. AGRAFA BERTHS 199.00 TH.COAL 08:07 30,000 32.26 13.50"
dtr3108.pdf,2026-08-30,2026-08-31,2026-08-31,2026-08-31T11:00:00,ZOLA,ZOLA,BERTHS,CQ-3,11:00,199.9,32.26,14.0,I.ORE PELLET,60000.0,,5,"31-08-26 CQ-3MV. ZOLA BERTHS 199.90 I.ORE PELLET 11:00 60,000 32.26 14.00"
dtr3108.pdf,2026-08-30,2026-08-31,2026-08-31,2026-08-31T11:30:00,CHOLA LEGACY,CHOLA LEGACY,SAILS,CB-2,11:30,228.99,32.26,0.0,TH.COAL,80500.0,,5,"31-08-26 CB-2MV. CHOLA LEGACY SAILS 228.99 TH.COAL 11:30 80,500 32.26 0.00"
dtr3108.pdf,2026-08-30,2026-08-31,2026-08-31,2026-08-31T12:00:00,SWARNA PUSHP,SWARNA PUSHP,SAILS,SOJ,12:00,184.95,32.23,8.1,ATF,8977.0,,5,"31-08-26 SOJMT. SWARNA PUSHP SAILS 184.95 ATF 12:00 8,977 32.23 8.10"
dtr3108.pdf,2026-08-30,2026-08-31,2026-08-31,2026-08-31T12:30:00,FAIRWAY,FAIRWAY,BERTHS,SOJ,12:30,171.26,27.42,0.0,M.SPIRIT/NAPTH A,15000.0,,5,"31-08-26 SOJMT. FAIRWAY BERTHS 171.26 M.SPIRIT/NAPTH A 12:30 15,000 27.42 0.00"
dtr3108.pdf,2026-08-30,2026-08-31,2026-08-31,2026-08-31T13:30:00,POROS,POROS,BERTHS,SPM-3,13:30,274.2,48.0,15.7,CRUDE OIL,139427.0,,5,"31-08-26 SPM-3MT. POROS BERTHS 274.20 CRUDE OIL 13:30 139,427 48.00 15.70"
dtr3108.pdf,2026-08-30,2026-08-31,2026-08-31,2026-08-31T14:00:00,AM PROGRESS,AM PROGRESS,SAILS,PICT,14:00,176.54,26.97,0.0,STEEL SLAB,29554.0,,5,"31-08-26 PICTMV. AM PROGRESS SAILS 176.54 STEEL SLAB 14:00 29,554 26.97 0.00"
dtr3108.pdf,2026-08-30,2026-08-31,2026-08-31,2026-08-31T14:30:00,NIKGENIOUS,NIKGENIOUS,BERTHS,PICT,14:30,199.9,32.24,13.06,A. SULPHATE,31500.0,,5,"31-08-26 PICTMV. NIKGENIOUS BERTHS 199.90 A. SULPHATE 14:30 31,500 32.24 13.06"
dtr3108.pdf,2026-08-30,2026-08-31,2026-08-31,2026-08-31T23:00:00,POROS BAY,POROS BAY,SAILS,SPM-2,23:00,274.5,48.0,17.0,CRUDE OIL,142645.0,,5,"31-08-26 SPM-2MT. POROS BAY SAILS 274.50 CRUDE OIL 23:00 142,645 48.00 17.00"
dtr3108.pdf,2026-08-30,2026-08-31,2026-08-31,2026-08-31T23:15:00,YOUNG HARMONY,YOUNG HARMONY,BERTHS,EQ-2,23:15,206.06,32.26,13.0,TH.COAL,60000.0,,5,"31-08-26 EQ-2MV. YOUNG HARMONY BERTHS 206.06 TH.COAL 23:15 60,000 32.26 13.00"
dtr3108.pdf,2026-08-30,2026-08-31,2026-08-31,2026-08-31T23:30:00,SUNRISE I,SUNRISE I,SAILS,KICT,23:30,228.9,32.24,14.46,C.COAL,33000.0,,5,"31-08-26 KICTMV. SUNRISE I SAILS 228.90 C.COAL 23:30 33,000 32.24 14.46"
dtr3108.pdf,2026-08-30,2026-08-31,2026-09-01,2026-09-01T00:01:00,STAR GALAXY,STAR GALAXY,BERTHS,KICT,00:01,229.0,32.26,14.45,C.COAL,45733.0,,5,"01-09-26 KICTMV. STAR GALAXY BERTHS 229.00 C.COAL 00:01 45,733 32.26 14.45"
dtr3108.pdf,2026-08-30,2026-08-31,2026-09-01,2026-09-01T00:30:00,AGRAFA,AGRAFA,SAILS,CB-1,00:30,199.0,32.26,13.5,TH.COAL,30000.0,,5,"01-09-26 CB-1MV. AGRAFA SAILS 199.00 TH.COAL 00:30 30,000 32.26 13.50"
dtr3108.pdf,2026-08-30,2026-08-31,2026-09-01,2026-09-01T01:00:00,JAG AJAY,JAG AJAY,SAILS,MPB,01:00,229.0,32.26,14.45,C.COAL,46762.0,,5,"01-09-26 MPBMV. JAG AJAY SAILS 229.00 C.COAL 01:00 46,762 32.26 14.45"
dtr0109.pdf,2026-08-31,2026-09-01,2026-09-01,2026-09-01T01:12:00,DARLEAKAY,DARLEAKAY,BERTHS,NIOB,01:12,189.99,32.26,12.92,CLUMPS ORE,55000.0,,5,"01-09-26 NIOBMV. DARLEAKAY BERTHS 189.99 CLUMPS ORE 01:12 55,000 32.26 12.92"
dtr3108.pdf,2026-08-30,2026-08-31,2026-09-01,2026-09-01T02:00:00,CAPT EUGENE,CAPT EUGENE,SAILS,CQ-2,02:00,189.99,32.26,6.25,I.ORE PELLET,54400.0,,5,"01-09-26 CQ-2MV. CAPT EUGENE SAILS 189.99 I.ORE PELLET 02:00 54,400 32.26 6.25"
dtr0109.pdf,2026-08-31,2026-09-01,2026-09-01,2026-09-01T02:36:00,GAS QUANTUM,GAS QUANTUM,BERTHS,FB-2,02:36,173.7,28.0,10.25,AMMONIA,23202.0,,5,"01-09-26 FB-2MT. GAS QUANTUM BERTHS 173.70 AMMONIA 02:36 23,202 28.00 10.25"
dtr3108.pdf,2026-08-30,2026-08-31,2026-09-01,2026-09-01T06:00:00,SSI IRRESISTIBLE,SSI IRRESISTIBLE,BERTHS,CB-1,06:00,229.0,32.26,14.5,TH.COAL,81000.0,,5,"01-09-26 CB-1MV. SSI IRRESISTIBLE BERTHS 229.00 TH.COAL 06:00 81,000 32.26 14.50"
dtr0109.pdf,2026-08-31,2026-09-01,2026-09-01,2026-09-01T06:40:00,AGRAFA,AGRAFA,SAILS,CB-1,06:40,199.0,32.26,13.5,TH.COAL,33655.0,,5,"01-09-26 CB-1MV. AGRAFA SAILS 199.00 TH.COAL 06:40 33,655 32.26 13.50"
dtr0109.pdf,2026-08-31,2026-09-01,2026-09-01,2026-09-01T08:30:00,STAR GALAXY,STAR GALAXY,BERTHS,KICT,08:30,229.0,32.26,14.45,C.COAL,45733.0,,5,"01-09-26 KICTMV. STAR GALAXY BERTHS 229.00 C.COAL 08:30 45,733 32.26 14.45"
dtr3108.pdf,2026-08-30,2026-08-31,2026-09-01,2026-09-01T09:00:00,RIPLEY PINNACLE,RIPLEY PINNACLE,SAILS,EQ-3,09:00,225.0,32.26,14.5,TH.COAL,73300.0,,5,"01-09-26 EQ-3MV. RIPLEY PINNACLE SAILS 225.00 TH.COAL 09:00 73,300 32.26 14.50"
dtr0109.pdf,2026-08-31,2026-09-01,2026-09-01,2026-09-01T10:00:00,MARINE FORTUNE I,MARINE FORTUNE I,BERTHS,CB-2,10:00,225.0,32.2,0.0,TH.COAL,72000.0,,5,"01-09-26 CB-2MV. MARINE FORTUNE I BERTHS 225.00 TH.COAL 10:00 72,000 32.20 0.00"
dtr0109.pdf,2026-08-31,2026-09-01,2026-09-01,2026-09-01T10:30:00,SSI IRRESISTIBLE,SSI IRRESISTIBLE,BERTHS,CB-1,10:30,229.0,32.23,8.1,TH.COAL,81000.0,,5,"01-09-26 CB-1MV. SSI IRRESISTIBLE BERTHS 229.00 TH.COAL 10:30 81,000 32.26 14.50 01-09-26 MPBMT. SWARNA PUSHP REBERTHS 184.95 ATF 12:00 ON A/C IOCL 8,977 32.23 8.10"
dtr0109.pdf,2026-08-31,2026-09-01,2026-09-01,2026-09-01T12:30:00,KANG SHUN,KANG SHUN,SAILS,FB-1,12:30,189.9,32.26,12.42,ROCK PHOS.,52500.0,,5,"01-09-26 FB-1MV. KANG SHUN SAILS 189.90 ROCK PHOS. 12:30 52,500 32.26 12.42"
dtr0109.pdf,2026-08-31,2026-09-01,2026-09-01,2026-09-01T13:00:00,GLEN COVE,GLEN COVE,BERTHS,FB-1,13:00,159.03,27.1,9.5,SUL ACID,19842.0,,5,"01-09-26 FB-1MV. GLEN COVE BERTHS 159.03 SUL ACID 13:00 19,842 27.10 9.50"
dtr0109.pdf,2026-08-31,2026-09-01,2026-09-01,2026-09-01T13:30:00,GANESHWAR,GANESHWAR,BERTHS,NQ-3,13:30,72.0,14.0,2.8,GYPSUM,1800.0,,5,"01-09-26 NQ-3MV. GANESHWAR BERTHS 72.00 GYPSUM 13:30 1,800 14.00 2.80"
dtr0109.pdf,2026-08-31,2026-09-01,2026-09-01,2026-09-01T14:00:00,ONEIRIO,ONEIRIO,BERTHS,SPM-2,14:00,244.0,42.0,0.0,CRUDE OIL,89928.0,,5,"01-09-26 SPM-2MT. ONEIRIO BERTHS 244.00 CRUDE OIL 14:00 89,928 42.00 0.00"
dtr0109.pdf,2026-08-31,2026-09-01,2026-09-01,2026-09-01T14:30:00,RIPLEY PINNACLE,RIPLEY PINNACLE,SAILS,EQ-3,14:30,225.0,32.26,14.5,TH.COAL,73300.0,,5,"01-09-26 EQ-3MV. RIPLEY PINNACLE SAILS 225.00 TH.COAL 14:30 73,300 32.26 14.50"
dtr0109.pdf,2026-08-31,2026-09-01,2026-09-01,2026-09-01T15:00:00,CAPT EUGENE,CAPT EUGENE,SAILS,CQ-2,15:00,189.99,32.26,6.25,I.ORE PELLET,54400.0,,5,"01-09-26 CQ-2MV. CAPT EUGENE SAILS 189.99 I.ORE PELLET 15:00 54,400 32.26 6.25"
dtr0109.pdf,2026-08-31,2026-09-01,2026-09-01,2026-09-01T16:00:00,ZOLA,ZOLA,SAILS,CQ-3,16:00,199.9,32.26,14.0,I.ORE PELLET,61460.0,,5,"01-09-26 CQ-3MV. ZOLA SAILS 199.90 I.ORE PELLET 16:00 61,460 32.26 14.00"
dtr0109.pdf,2026-08-31,2026-09-01,2026-09-01,2026-09-01T16:30:00,FAIRWAY,FAIRWAY,SAILS,SOJ,16:30,171.26,27.42,0.0,M.SPIRIT/NAPTH A,13000.0,,5,"01-09-26 SOJMT. FAIRWAY SAILS 171.26 M.SPIRIT/NAPTH A 16:30 13,000 27.42 0.00"
dtr0209__compressed.pdf,2026-09-01,2026-09-02,2026-09-01,2026-09-01T16:48:00,RIPLEY PINNACLE,RIPLEY PINNACLE,SAILS,EQ-3,16:48,225.0,32.26,14.5,TH.COAL,73300.0,,5,"01-09-26 EQ-3MV. RIPLEY PINNACLE SAILS 225.00 TH.COAL 16:48 73,300 32.26 14.50"
dtr0109.pdf,2026-08-31,2026-09-01,2026-09-01,2026-09-01T17:00:00,TINY DAISY,TINY DAISY,BERTHS,SOJ,17:00,225.13,36.63,0.0,BUTANE/PROPA NE,24000.0,,5,"01-09-26 SOJMT. TINY DAISY BERTHS 225.13 BUTANE/PROPA NE 17:00 24,000 36.63 0.00"
dtr0109.pdf,2026-08-31,2026-09-01,2026-09-01,2026-09-01T17:30:00,BABYLON,BABYLON,SAILS,NOJ,17:30,179.8,32.2,7.9,HSD/M.SPIRIT,17900.0,,5,"01-09-26 NOJMT. BABYLON SAILS 179.80 HSD/M.SPIRIT 17:30 17,900 32.20 7.90"
dtr0109.pdf,2026-08-31,2026-09-01,2026-09-01,2026-09-01T18:00:00,KESTREL,KESTREL,BERTHS,NOJ,18:00,182.5,32.2,0.0,F.O,10500.0,,5,"01-09-26 NOJMT. KESTREL BERTHS 182.50 F.O 18:00 10,500 32.20 0.00"
dtr0109.pdf,2026-08-31,2026-09-01,2026-09-01,2026-09-01T20:00:00,SWARNA PUSHP,SWARNA PUSHP,SAILS,MPB,20:00,184.95,32.23,8.1,ATF,8977.0,,5,"01-09-26 MPBMT. SWARNA PUSHP SAILS 184.95 ATF 20:00 8,977 32.23 8.10"
dtr0209__compressed.pdf,2026-09-01,2026-09-02,2026-09-01,2026-09-01T20:24:00,ECO DIAGON ALLEY,ECO DIAGON ALLEY,BERTHS,EQ-3,20:24,225.0,32.26,14.5,TH.COAL,80000.0,,5,"01-09-26 EQ-3MV. ECO DIAGON ALLEY BERTHS 225.00 TH.COAL 20:24 80,000 32.26 14.50"
dtr0109.pdf,2026-08-31,2026-09-01,2026-09-01,2026-09-01T21:30:00,STAR FLAME,STAR FLAME,BERTHS,MPB,21:30,229.0,32.24,14.5,LM. ST.,45816.0,,5,"01-09-26 MPBMV. STAR FLAME BERTHS 229.00 LM. ST. 21:30 45,816 32.24 14.50"
dtr0109.pdf,2026-08-31,2026-09-01,2026-09-01,2026-09-01T23:00:00,POROS,POROS,SAILS,SPM-3,23:00,274.2,48.0,15.7,CRUDE OIL,139276.0,,5,"01-09-26 SPM-3MT. POROS SAILS 274.20 CRUDE OIL 23:00 139,276 48.00 15.70"
dtr0109.pdf,2026-08-31,2026-09-01,2026-09-02,2026-09-02T04:00:00,YOUNG HARMONY,YOUNG HARMONY,SAILS,EQ-2,04:00,206.06,32.26,13.0,TH.COAL,60000.0,,5,"02-09-26 EQ-2MV. YOUNG HARMONY SAILS 206.06 TH.COAL 04:00 60,000 32.26 13.00"
dtr0109.pdf,2026-08-31,2026-09-01,2026-09-02,2026-09-02T06:00:00,DARLEAKAY,DARLEAKAY,SAILS,NIOB,06:00,189.99,32.26,12.92,CLUMPS ORE,56250.0,,5,"02-09-26 NIOBMV. DARLEAKAY SAILS 189.99 CLUMPS ORE 06:00 56,250 32.26 12.92"
dtr0109.pdf,2026-08-31,2026-09-01,2026-09-02,2026-09-02T06:30:00,PROPEL PEACE,PROPEL PEACE,SAILS,CQ-1,06:30,179.99,28.2,0.0,STEEL SLAB,31180.0,,5,"02-09-26 CQ-1MV. PROPEL PEACE SAILS 179.99 STEEL SLAB 06:30 31,180 28.20 0.00"
dtr0209__compressed.pdf,2026-09-01,2026-09-02,2026-09-02,2026-09-02T09:00:00,YOUNG HARMONY,YOUNG HARMONY,SAILS,EQ-2,09:00,206.06,32.26,14.5,TH.COAL,61810.0,,5,"02-09-26 EQ-2MV. YOUNG HARMONY SAILS 206.06 TH.COAL 09:00 61,810 32.26 13.00 02-09-26 EQ-2MV. SSI IRRESISTIBLE SHIFTS 229.00 TH.COAL 09:30 ON A/C PORT 39,519 32.26 14.50"
dtr0209__compressed.pdf,2026-09-01,2026-09-02,2026-09-02,2026-09-02T11:00:00,ONEIRIO,ONEIRIO,BERTHS,SPM-2,11:00,244.0,42.0,0.0,CRUDE OIL,89928.0,,5,"02-09-26 SPM-2MT. ONEIRIO BERTHS 244.00 CRUDE OIL 11:00 89,928 42.00 0.00"
dtr0209__compressed.pdf,2026-09-01,2026-09-02,2026-09-02,2026-09-02T11:30:00,GREEN K MAX 2,GREEN K MAX 2,SAILS,IOB,11:30,229.0,32.26,14.45,TH.COAL,68291.0,,5,"02-09-26 IOBMV. GREEN K MAX 2 SAILS 229.00 TH.COAL 11:30 68,291 32.26 14.45"
dtr0209__compressed.pdf,2026-09-01,2026-09-02,2026-09-02,2026-09-02T13:00:00,MARINE FORTUNE I,MARINE FORTUNE I,SAILS,CB-2,13:00,225.0,32.2,0.0,TH.COAL,71093.0,,5,"02-09-26 CB-2MV. MARINE FORTUNE I SAILS 225.00 TH.COAL 13:00 71,093 32.20 0.00"
dtr0209__compressed.pdf,2026-09-01,2026-09-02,2026-09-02,2026-09-02T13:30:00,GANESHWAR,GANESHWAR,BERTHS,NQ-3,13:30,72.0,14.0,2.85,GYPSUM,1800.0,,5,"02-09-26 NQ-3MV. GANESHWAR BERTHS 72.00 GYPSUM 13:30 1,800 14.00 2.85"
dtr0209__compressed.pdf,2026-09-01,2026-09-02,2026-09-02,2026-09-02T14:00:00,PROPEL PEACE,PROPEL PEACE,SAILS,CQ-1,14:00,179.99,32.26,14.5,STEEL SLAB,31180.0,,5,"02-09-26 CQ-1MV. PROPEL PEACE SAILS 179.99 STEEL SLAB 14:00 31,180 28.20 0.00 02-09-26 CB-2MV. ECO DIAGON ALLEY SHIFTS 225.00 TH.COAL 14:30 ON A/C PORT 44,250 32.26 14.50"
dtr0209__compressed.pdf,2026-09-01,2026-09-02,2026-09-02,2026-09-02T15:00:00,CHOLA UNITY,CHOLA UNITY,BERTHS,EQ-3,15:00,229.0,32.24,14.5,TH.COAL,78900.0,,5,"02-09-26 EQ-3MV. CHOLA UNITY BERTHS 229.00 TH.COAL 15:00 78,900 32.24 14.50"
dtr0209__compressed.pdf,2026-09-01,2026-09-02,2026-09-02,2026-09-02T18:00:00,GANESHWAR,GANESHWAR,SAILS,NQ-3,18:00,72.0,14.0,2.85,GYPSUM,3296.0,,5,"02-09-26 NQ-3MV. GANESHWAR SAILS 72.00 GYPSUM 18:00 3,296 14.00 2.85"
dtr0209__compressed.pdf,2026-09-01,2026-09-02,2026-09-02,2026-09-02T20:00:00,AMNSI STALLION,AMNSI STALLION,BERTHS,CQ-2,20:00,229.0,32.26,14.5,LM. ST.,42000.0,,5,"02-09-26 CQ-2MV. AMNSI STALLION BERTHS 229.00 LM. ST. 20:00 42,000 32.26 14.50"
dtr0309.pdf,2026-09-02,2026-09-03,2026-09-02,2026-09-02T20:20:00,ASHICO SYMPHONY,ASHICO SYMPHONY,BERTHS,NQ-2,20:20,120.93,19.6,7.95,FE.CR,7688.0,,6,"02-09-26 NQ-2MV. ASHICO SYMPHONY BERTHS 120.93 FE.CR 20:20 7,688 19.60 7.95"
dtr0209__compressed.pdf,2026-09-01,2026-09-02,2026-09-02,2026-09-02T22:00:00,DARLEAKAY,DARLEAKAY,SAILS,NIOB,22:00,189.99,32.26,12.92,CLUMPS ORE,56250.0,,5,"02-09-26 NIOBMV. DARLEAKAY SAILS 189.99 CLUMPS ORE 22:00 56,250 32.26 12.92"
dtr0209__compressed.pdf,2026-09-01,2026-09-02,2026-09-02,2026-09-02T22:30:00,STAR GALAXY,STAR GALAXY,SAILS,KICT,22:30,229.0,32.26,14.45,C.COAL,45733.0,,5,"02-09-26 KICTMV. STAR GALAXY SAILS 229.00 C.COAL 22:30 45,733 32.26 14.45"
dtr0209__compressed.pdf,2026-09-01,2026-09-02,2026-09-02,2026-09-02T23:00:00,MAXWELL,MAXWELL,BERTHS,KICT,23:00,228.99,32.26,14.5,C.COAL,40000.0,,5,"02-09-26 KICTMV. MAXWELL BERTHS 228.99 C.COAL 23:00 40,000 32.26 14.50"
dtr0309.pdf,2026-09-02,2026-09-03,2026-09-03,2026-09-03T03:48:00,LILA SHANGHAI,LILA SHANGHAI,BERTHS,CB-1,03:48,229.0,32.26,0.0,TH.COAL,79000.0,,6,"03-09-26 CB-1MV. LILA SHANGHAI BERTHS 229.00 TH.COAL 03:48 79,000 32.26 0.00"
dtr0209__compressed.pdf,2026-09-01,2026-09-02,2026-09-03,2026-09-03T06:00:00,GAS QUANTUM,GAS QUANTUM,SAILS,FB-2,06:00,173.7,28.0,10.25,AMMONIA,23202.0,,5,"03-09-26 FB-2MT. GAS QUANTUM SAILS 173.70 AMMONIA 06:00 23,202 28.00 10.25"
dtr0309.pdf,2026-09-02,2026-09-03,2026-09-03,2026-09-03T07:48:00,AFRICAN DRAGON,AFRICAN DRAGON,BERTHS,FB-2,07:48,199.99,32.25,11.02,SULPHUR,30000.0,,6,"03-09-26 FB-2MV. AFRICAN DRAGON BERTHS 199.99 SULPHUR 07:48 30,000 32.25 11.02"
dtr0309.pdf,2026-09-02,2026-09-03,2026-09-03,2026-09-03T09:00:00,DARLEAKAY,DARLEAKAY,SAILS,NIOB,09:00,189.99,32.26,12.92,CLUMPS ORE,54197.0,,6,"03-09-26 NIOBMV. DARLEAKAY SAILS 189.99 CLUMPS ORE 09:00 54,197 32.26 12.92"
dtr0309.pdf,2026-09-02,2026-09-03,2026-09-03,2026-09-03T09:30:00,ECO DIAGON ALLEY,ECO DIAGON ALLEY,SAILS,CB-2,09:30,225.0,32.24,14.5,TH.COAL,78300.0,,6,"03-09-26 CB-2MV. ECO DIAGON ALLEY SAILS 225.00 TH.COAL 09:30 78,300 32.26 14.50 03-09-26 CB-2MV. CHOLA UNITY SHIFTS 229.00 TH.COAL 10:06 ON A/C PORT 26,000 32.24 14.50"
dtr0309.pdf,2026-09-02,2026-09-03,2026-09-03,2026-09-03T10:30:00,SSI IRRESISTIBLE,SSI IRRESISTIBLE,SAILS,EQ-2,10:30,229.0,32.26,14.5,TH.COAL,39519.0,,6,"03-09-26 EQ-2MV. SSI IRRESISTIBLE SAILS 229.00 TH.COAL 10:30 39,519 32.26 14.50"
dtr0309.pdf,2026-09-02,2026-09-03,2026-09-03,2026-09-03T11:30:00,STAR SHANGHAI,STAR SHANGHAI,BERTHS,EQ-2,11:30,199.91,32.26,14.0,TH.COAL,61550.0,,6,"03-09-26 EQ-2MV. STAR SHANGHAI BERTHS 199.91 TH.COAL 11:30 61,550 32.26 14.00"
dtr0309.pdf,2026-09-02,2026-09-03,2026-09-03,2026-09-03T12:00:00,UNITY FORCE,UNITY FORCE,BERTHS,CQ-1,12:00,199.96,32.26,12.99,DOLOMITE,32000.0,,6,"03-09-26 CQ-1MV. UNITY FORCE BERTHS 199.96 DOLOMITE 12:00 32,000 32.26 12.99"
dtr0309.pdf,2026-09-02,2026-09-03,2026-09-03,2026-09-03T12:30:00,KESTREL,KESTREL,SAILS,NOJ,12:30,182.5,32.2,0.0,F.O,8943.0,,6,"03-09-26 NOJMT. KESTREL SAILS 182.50 F.O 12:30 8,943 32.20 0.00"
dtr0309.pdf,2026-09-02,2026-09-03,2026-09-03,2026-09-03T14:00:00,GANESHWAR,GANESHWAR,BERTHS,NQ-3,14:00,72.0,14.0,2.85,GYPSUM,1800.0,,6,"03-09-26 NQ-3MV. GANESHWAR BERTHS 72.00 GYPSUM 14:00 1,800 14.00 2.85"
dtr0309.pdf,2026-09-02,2026-09-03,2026-09-03,2026-09-03T16:00:00,TINY DAISY,TINY DAISY,SAILS,SOJ,16:00,225.13,36.63,0.0,BUTANE/PROPA,25732.0,,6,"03-09-26 SOJMT. TINY DAISY SAILS 225.13 BUTANE/PROPA 16:00 25,732 36.63 0.00"
dtr0309.pdf,2026-09-02,2026-09-03,2026-09-03,2026-09-03T16:30:00,HARI ANAND,HARI ANAND,BERTHS,SOJ,16:30,180.55,32.23,9.8,ATF,17998.0,,6,"03-09-26 SOJMT. HARI ANAND BERTHS 180.55 ATF 16:30 17,998 32.23 9.80"
dtr0309.pdf,2026-09-02,2026-09-03,2026-09-03,2026-09-03T19:00:00,CHOLA PROSPERITY,CHOLA PROSPERITY,BERTHS,EQ-3,19:00,225.0,32.26,14.5,TH.COAL,75000.0,,6,"03-09-26 EQ-3MV. CHOLA PROSPERITY BERTHS 225.00 TH.COAL 19:00 75,000 32.26 14.50"
dtr0309.pdf,2026-09-02,2026-09-03,2026-09-03,2026-09-03T19:30:00,GANESHWAR,GANESHWAR,SAILS,NQ-3,19:30,72.0,32.26,0.0,GYPSUM,3440.0,,6,"03-09-26 NQ-3MV. GANESHWAR SAILS 72.00 GYPSUM 19:30 3,440 14.00 2.85 04-09-26 ANCHORAGEMV. LILA SHANGHAI SHIFTS 229.00 TH.COAL 00:30 ON A/C VESSEL 50,000 32.26 0.00"
dtr0309.pdf,2026-09-02,2026-09-03,2026-09-04,2026-09-04T01:00:00,KNOSSOS,KNOSSOS,BERTHS,CB-1,01:00,189.99,32.26,13.3,TH.COAL,55000.0,,6,"04-09-26 CB-1MV. KNOSSOS BERTHS 189.99 TH.COAL 01:00 55,000 32.26 13.30"
dtr0309.pdf,2026-09-02,2026-09-03,2026-09-04,2026-09-04T01:30:00,STAR FLAME,STAR FLAME,SAILS,MPB,01:30,229.0,32.24,14.5,LM. ST.,45816.0,,6,"04-09-26 MPBMV. STAR FLAME SAILS 229.00 LM. ST. 01:30 45,816 32.24 14.50"
dtr0309.pdf,2026-09-02,2026-09-03,2026-09-04,2026-09-04T02:00:00,AM UMANG,AM UMANG,BERTHS,MPB,02:00,228.99,32.31,14.5,DOLOMITE,42000.0,,6,"04-09-26 MPBMV. AM UMANG BERTHS 228.99 DOLOMITE 02:00 42,000 32.31 14.50"
dtr0309.pdf,2026-09-02,2026-09-03,2026-09-04,2026-09-04T02:30:00,GLEN COVE,GLEN COVE,SAILS,FB-1,02:30,159.03,32.25,11.02,SUL ACID,19842.0,,6,"04-09-26 FB-1MV. GLEN COVE SAILS 159.03 SUL ACID 02:30 19,842 27.10 9.50 04-09-26 FB-1MV. AFRICAN DRAGON SHIFTS 199.99 SULPHUR 03:00 ON A/C PPL (PORTSIDE ALONGSIDE) 32.25 11.02"
dtr0309.pdf,2026-09-02,2026-09-03,2026-09-04,2026-09-04T03:30:00,ONEIRIO,ONEIRIO,SAILS,SPM-2,03:30,244.0,42.0,0.0,CRUDE OIL,88768.0,,6,"04-09-26 SPM-2MT. ONEIRIO SAILS 244.00 CRUDE OIL 03:30 88,768 42.00 0.00"
dtr0409.pdf,2026-09-03,2026-09-04,2026-09-04,2026-09-04T07:00:00,GLEN COVE,GLEN COVE,SAILS,FB-1,07:00,159.03,27.1,9.5,SUL ACID,19842.0,,5,"04-09-26 FB-1MV. GLEN COVE SAILS 159.03 SUL ACID 07:00 19,842 27.10 9.50"
dtr0409.pdf,2026-09-03,2026-09-04,2026-09-04,2026-09-04T08:36:00,AM UMANG,AM UMANG,BERTHS,MPB,08:36,228.99,32.31,14.5,DOLOMITE,42000.0,,5,"04-09-26 MPBMV. AM UMANG BERTHS 228.99 DOLOMITE 08:36 42,000 32.31 14.50"
dtr0409.pdf,2026-09-03,2026-09-04,2026-09-04,2026-09-04T09:06:00,KNOSSOS,KNOSSOS,BERTHS,CB-1,09:06,189.99,32.25,11.02,TH.COAL,55000.0,,5,"04-09-26 CB-1MV. KNOSSOS BERTHS 189.99 TH.COAL 09:06 55,000 32.26 13.30 04-09-26 FB-1MV. AFRICAN DRAGON SHIFTS 199.99 SULPHUR 10:30 ON A/C PPL (PORTSIDE ALONGSIDE) 17,500 32.25 11.02"
dtr0409.pdf,2026-09-03,2026-09-04,2026-09-04,2026-09-04T11:00:00,SAVIR LION,SAVIR LION,BERTHS,SPM-2,11:00,244.6,42.0,15.4,CRUDE OIL,99692.0,,5,"04-09-26 SPM-2MT. SAVIR LION BERTHS 244.60 CRUDE OIL 11:00 99,692 42.00 15.40"
dtr0409.pdf,2026-09-03,2026-09-04,2026-09-04,2026-09-04T11:30:00,CHOLA UNITY,CHOLA UNITY,SAILS,CB-2,11:30,229.0,32.24,14.5,TH.COAL,52850.0,,5,"04-09-26 CB-2MV. CHOLA UNITY SAILS 229.00 TH.COAL 11:30 52,850 32.24 14.50"
dtr0309.pdf,2026-09-02,2026-09-03,2026-09-04,2026-09-04T12:00:00,MAXWELL,MAXWELL,SAILS,KICT,12:00,228.99,32.26,14.5,C.COAL,44400.0,,6,"04-09-26 KICTMV. MAXWELL SAILS 228.99 C.COAL 12:00 44,400 32.26 14.50"
dtr0409.pdf,2026-09-03,2026-09-04,2026-09-04,2026-09-04T12:00:00,MAXWELL,MAXWELL,SAILS,KICT,12:00,228.99,32.26,14.5,C.COAL,45000.0,,5,"04-09-26 KICTMV. MAXWELL SAILS 228.99 C.COAL 12:00 45,000 32.26 14.50"
dtr0409.pdf,2026-09-03,2026-09-04,2026-09-04,2026-09-04T13:00:00,DHT TAIGA,DHT TAIGA,BERTHS,SPM-3,13:00,333.8,60.0,21.84,CRUDE OIL,281085.0,,5,"04-09-26 SPM-3MT. DHT TAIGA BERTHS 333.80 CRUDE OIL 13:00 281,085 60.00 21.84"
dtr0409.pdf,2026-09-03,2026-09-04,2026-09-04,2026-09-04T13:30:00,STELLA NAVIS,STELLA NAVIS,BERTHS,CQ-3,13:30,228.9,32.24,14.0,I.ORE PELLET,75000.0,,5,"04-09-26 CQ-3MV. STELLA NAVIS BERTHS 228.90 I.ORE PELLET 13:30 75,000 32.24 14.00"
dtr0409.pdf,2026-09-03,2026-09-04,2026-09-04,2026-09-04T14:00:00,STAR SHANGHAI,STAR SHANGHAI,SAILS,EQ-2,14:00,199.91,32.26,0.0,TH.COAL,61620.0,,5,"04-09-26 EQ-2MV. STAR SHANGHAI SAILS 199.91 TH.COAL 14:00 61,620 32.26 14.00 04-09-26 EQ-2MV. LILA SHANGHAI REBERTHS 229.00 TH.COAL 14:30 ON A/C VESSEL 50,010 32.26 0.00"
dtr0409.pdf,2026-09-03,2026-09-04,2026-09-04,2026-09-04T17:00:00,ALANI,ALANI,BERTHS,IOB,17:00,199.98,32.24,13.43,TH.COAL,61900.0,,5,"04-09-26 IOBMV. ALANI BERTHS 199.98 TH.COAL 17:00 61,900 32.24 13.43"
dtr0409.pdf,2026-09-03,2026-09-04,2026-09-04,2026-09-04T22:00:00,AMNSI STALLION,AMNSI STALLION,SAILS,CQ-2,22:00,229.0,32.26,14.5,LM. ST.,43000.0,,5,"04-09-26 CQ-2MV. AMNSI STALLION SAILS 229.00 LM. ST. 22:00 43,000 32.26 14.50"
dtr0409.pdf,2026-09-03,2026-09-04,2026-09-04,2026-09-04T23:00:00,DELAVITA,DELAVITA,SAILS,PICT-2,23:00,199.99,32.25,13.13,PIG IRON,60500.0,,5,"04-09-26 PICT-2MV. DELAVITA SAILS 199.99 PIG IRON 23:00 60,500 32.25 13.13"
dtr0409.pdf,2026-09-03,2026-09-04,2026-09-05,2026-09-05T01:00:00,UNITY FORCE,UNITY FORCE,SAILS,CQ-1,01:00,199.96,32.26,12.99,DOLOMITE,32000.0,,5,"05-09-26 CQ-1MV. UNITY FORCE SAILS 199.96 DOLOMITE 01:00 32,000 32.26 12.99"
dtr0409.pdf,2026-09-03,2026-09-04,2026-09-05,2026-09-05T02:00:00,ARIES STAR,ARIES STAR,BERTHS,CQ-2,02:00,229.0,32.26,14.5,A. COAL/H COAL,27100.0,,5,"05-09-26 CQ-2MV. ARIES STAR BERTHS 229.00 A. COAL/H COAL 02:00 27,100 32.26 14.50"
dtr0409.pdf,2026-09-03,2026-09-04,2026-09-05,2026-09-05T02:30:00,DAWN MADURAI,DAWN MADURAI,BERTHS,NOJ,02:30,183.26,32.2,7.5,HSD,22000.0,,5,"05-09-26 NOJMT. DAWN MADURAI BERTHS 183.26 HSD 02:30 22,000 32.20 7.50"
dtr0409.pdf,2026-09-03,2026-09-04,2026-09-05,2026-09-05T04:00:00,CHOLA PROSPERITY,CHOLA PROSPERITY,SAILS,EQ-3,04:00,225.0,32.26,14.5,TH.COAL,75105.0,,5,"05-09-26 EQ-3MV. CHOLA PROSPERITY SAILS 225.00 TH.COAL 04:00 75,105 32.26 14.50"
dtr0409.pdf,2026-09-03,2026-09-04,2026-09-05,2026-09-05T06:00:00,ASHICO SYMPHONY,ASHICO SYMPHONY,SAILS,NQ-2,06:00,120.93,19.6,7.95,FE.CR,7688.0,,5,"05-09-26 NQ-2MV. ASHICO SYMPHONY SAILS 120.93 FE.CR 06:00 7,688 19.60 7.95"
dtr0509.pdf,2026-09-04,2026-09-05,2026-09-05,2026-09-05T08:18:00,ARIES STAR,ARIES STAR,BERTHS,CQ-2,08:18,229.0,32.26,14.5,A. COAL/H COAL,27100.0,,5,"05-09-26 CQ-2MV. ARIES STAR BERTHS 229.00 A. COAL/H COAL 08:18 27,100 32.26 14.50"
dtr0509.pdf,2026-09-04,2026-09-05,2026-09-05,2026-09-05T09:00:00,UNITY FORCE,UNITY FORCE,SAILS,CQ-1,09:00,199.96,32.26,12.99,DOLOMITE,32000.0,,5,"05-09-26 CQ-1MV. UNITY FORCE SAILS 199.96 DOLOMITE 09:00 32,000 32.26 12.99"
dtr0509.pdf,2026-09-04,2026-09-05,2026-09-05,2026-09-05T09:36:00,ASHICO SYMPHONY,ASHICO SYMPHONY,SAILS,NQ-2,09:36,120.93,19.6,7.95,FE.CR,7689.0,,5,"05-09-26 NQ-2MV. ASHICO SYMPHONY SAILS 120.93 FE.CR 09:36 7,689 19.60 7.95"
dtr0509.pdf,2026-09-04,2026-09-05,2026-09-05,2026-09-05T10:00:00,DELAVITA,DELAVITA,SAILS,PICT-2,10:00,199.99,32.25,13.13,PIG IRON,60500.0,,5,"05-09-26 PICT-2MV. DELAVITA SAILS 199.99 PIG IRON 10:00 60,500 32.25 13.13"
dtr0409.pdf,2026-09-03,2026-09-04,2026-09-05,2026-09-05T10:00:00,XIN YU,XIN YU,BERTHS,KICT,10:00,224.89,32.2,13.87,PCI COAL,71300.0,,5,"05-09-26 KICTMV. XIN YU BERTHS 224.89 PCI COAL 10:00 71,300 32.20 13.87"
dtr0509.pdf,2026-09-04,2026-09-05,2026-09-05,2026-09-05T10:30:00,KNOSSOS,KNOSSOS,SAILS,CB-1,10:30,189.99,32.26,13.3,TH.COAL,55400.0,,5,"05-09-26 CB-1MV. KNOSSOS SAILS 189.99 TH.COAL 10:30 55,400 32.26 13.30"
dtr0509.pdf,2026-09-04,2026-09-05,2026-09-05,2026-09-05T11:30:00,XIN YU,XIN YU,BERTHS,KICT,11:30,224.89,32.2,13.87,PCI COAL,71300.0,,5,"05-09-26 KICTMV. XIN YU BERTHS 224.89 PCI COAL 11:30 71,300 32.20 13.87"
dtr0509.pdf,2026-09-04,2026-09-05,2026-09-05,2026-09-05T12:00:00,CHOLA PROSPERITY,CHOLA PROSPERITY,SAILS,EQ-3,12:00,225.0,32.26,14.5,TH.COAL,75105.0,,5,"05-09-26 EQ-3MV. CHOLA PROSPERITY SAILS 225.00 TH.COAL 12:00 75,105 32.26 14.50"
dtr0509.pdf,2026-09-04,2026-09-05,2026-09-05,2026-09-05T13:00:00,DECCAN PRIDE,DECCAN PRIDE,BERTHS,EQ-3,13:00,225.0,32.26,14.5,TH.COAL,73500.0,,5,"05-09-26 EQ-3MV. DECCAN PRIDE BERTHS 225.00 TH.COAL 13:00 73,500 32.26 14.50"
dtr0509.pdf,2026-09-04,2026-09-05,2026-09-05,2026-09-05T17:00:00,LILA SHANGHAI,LILA SHANGHAI,SAILS,EQ-2,17:00,229.0,32.26,0.0,TH.COAL,25090.0,,5,"05-09-26 EQ-2MV. LILA SHANGHAI SAILS 229.00 TH.COAL 17:00 25,090 32.26 0.00"
dtr0509.pdf,2026-09-04,2026-09-05,2026-09-05,2026-09-05T18:00:00,CRIMSON GLORY,CRIMSON GLORY,BERTHS,EQ-2,18:00,189.93,32.26,0.0,TH.COAL,32600.0,,5,"05-09-26 EQ-2MV. CRIMSON GLORY BERTHS 189.93 TH.COAL 18:00 32,600 32.26 0.00"
dtr0509.pdf,2026-09-04,2026-09-05,2026-09-05,2026-09-05T19:00:00,SAVIR LION,SAVIR LION,SAILS,SPM-2,19:00,244.6,42.0,15.4,CRUDE OIL,99764.0,,5,"05-09-26 SPM-2MT. SAVIR LION SAILS 244.60 CRUDE OIL 19:00 99,764 42.00 15.40"
dtr0509.pdf,2026-09-04,2026-09-05,2026-09-05,2026-09-05T20:00:00,AFRICAN DRAGON,AFRICAN DRAGON,SAILS,FB-1,20:00,199.99,32.25,11.02,SULPHUR,12500.0,,5,"05-09-26 FB-1MV. AFRICAN DRAGON SAILS 199.99 SULPHUR 20:00 12,500 32.25 11.02"
dtr0509.pdf,2026-09-04,2026-09-05,2026-09-05,2026-09-05T21:00:00,STELLA NAVIS,STELLA NAVIS,SAILS,CQ-3,21:00,228.9,32.24,14.0,I.ORE PELLET,75670.0,,5,"05-09-26 CQ-3MV. STELLA NAVIS SAILS 228.90 I.ORE PELLET 21:00 75,670 32.24 14.00"
dtr0509.pdf,2026-09-04,2026-09-05,2026-09-05,2026-09-05T22:00:00,AMARYLLIS,AMARYLLIS,BERTHS,CQ-3,22:00,228.99,32.26,6.5,I.ORE PELLET,75000.0,,5,"05-09-26 CQ-3MV. AMARYLLIS BERTHS 228.99 I.ORE PELLET 22:00 75,000 32.26 6.50"
dtr0509.pdf,2026-09-04,2026-09-05,2026-09-05,2026-09-05T23:00:00,NIKGENIOUS,NIKGENIOUS,SAILS,PICT,23:00,199.9,32.24,13.06,A. SULPHATE,31500.0,,5,"05-09-26 PICTMV. NIKGENIOUS SAILS 199.90 A. SULPHATE 23:00 31,500 32.24 13.06"
dtr0509.pdf,2026-09-04,2026-09-05,2026-09-06,2026-09-06T04:00:00,AM UMANG,AM UMANG,SAILS,MPB,04:00,228.99,32.31,14.5,DOLOMITE,41799.0,,5,"06-09-26 MPBMV. AM UMANG SAILS 228.99 DOLOMITE 04:00 41,799 32.31 14.50"
dtr0509.pdf,2026-09-04,2026-09-05,2026-09-06,2026-09-06T05:30:00,MINERAL KWANGYANG,MINERAL KWANGYANG,BERTHS,WD,05:30,292.0,45.0,16.5,C.COAL,152702.0,,5,"06-09-26 WDMV. MINERAL KWANGYANG BERTHS 292.00 C.COAL 05:30 152,702 45.00 16.50"
dtr0509.pdf,2026-09-04,2026-09-05,2026-09-06,2026-09-06T06:00:00,GANESHWAR,GANESHWAR,BERTHS,NQ-3,06:00,72.0,14.0,2.85,GYPSUM,1800.0,,5,"06-09-26 NQ-3MV. GANESHWAR BERTHS 72.00 GYPSUM 06:00 1,800 14.00 2.85"
dtr0609.pdf,2026-09-05,2026-09-06,2026-09-06,2026-09-06T07:19:00,MINERAL KWANGYANG,MINERAL KWANGYANG,BERTHS,WD,07:19,292.0,45.0,16.5,C.COAL,152702.0,,6,"06-09-26 WDMV. MINERAL KWANGYANG BERTHS 292.00 C.COAL 07:19 152,702 45.00 16.50"
dtr0609.pdf,2026-09-05,2026-09-06,2026-09-06,2026-09-06T07:35:00,GANESHWAR,GANESHWAR,BERTHS,NQ-3,07:35,72.0,14.0,2.85,GYPSUM,1800.0,,6,"06-09-26 NQ-3MV. GANESHWAR BERTHS 72.00 GYPSUM 07:35 1,800 14.00 2.85"
dtr0609.pdf,2026-09-05,2026-09-06,2026-09-06,2026-09-06T09:00:00,APJ KABIR ANAND,APJ KABIR ANAND,BERTHS,CB-2,09:00,225.0,32.26,0.0,TH.COAL,75000.0,,6,"06-09-26 CB-2MV. APJ KABIR ANAND BERTHS 225.00 TH.COAL 09:00 75,000 32.26 0.00"
dtr0509.pdf,2026-09-04,2026-09-05,2026-09-06,2026-09-06T10:00:00,GANESHWAR,GANESHWAR,SAILS,NQ-3,10:00,72.0,14.0,2.85,GYPSUM,3654.0,,5,"06-09-26 NQ-3MV. GANESHWAR SAILS 72.00 GYPSUM 10:00 3,654 14.00 2.85"
dtr0609.pdf,2026-09-05,2026-09-06,2026-09-06,2026-09-06T10:00:00,ONIKS,ONIKS,BERTHS,SPM-2,10:00,243.0,42.0,0.0,CRUDE OIL,99881.0,,6,"06-09-26 SPM-2MT. ONIKS BERTHS 243.00 CRUDE OIL 10:00 99,881 42.00 0.00"
dtr0609.pdf,2026-09-05,2026-09-06,2026-09-06,2026-09-06T10:30:00,NIKGENIOUS,NIKGENIOUS,SAILS,PICT,10:30,199.9,32.26,0.0,A. SULPHATE,31500.0,,6,"06-09-26 PICTMV. NIKGENIOUS SAILS 199.90 A. SULPHATE 10:30 31,500 32.24 13.06 06-09-26 PICTMV. LILA MUNDRA SHIFTS 190.00 S.COIL 11:54 ON A/C JSPL 39,179 32.26 0.00"
dtr0609.pdf,2026-09-05,2026-09-06,2026-09-06,2026-09-06T12:15:00,GANESHWAR,GANESHWAR,SAILS,NQ-3,12:15,72.0,14.0,2.85,GYPSUM,3654.0,,6,"06-09-26 NQ-3MV. GANESHWAR SAILS 72.00 GYPSUM 12:15 3,654 14.00 2.85"
dtr0609.pdf,2026-09-05,2026-09-06,2026-09-06,2026-09-06T13:00:00,UNION MARINER,UNION MARINER,BERTHS,FB-2,13:00,229.05,32.27,14.48,ROCK PHOS.,78770.0,,6,"06-09-26 FB-2MV. UNION MARINER BERTHS 229.05 ROCK PHOS. 13:00 78,770 32.27 14.48"
dtr0609.pdf,2026-09-05,2026-09-06,2026-09-06,2026-09-06T16:00:00,CRIMSON GLORY,CRIMSON GLORY,SAILS,EQ-2,16:00,189.93,32.26,0.0,TH.COAL,32510.0,,6,"06-09-26 EQ-2MV. CRIMSON GLORY SAILS 189.93 TH.COAL 16:00 32,510 32.26 0.00"
dtr0609.pdf,2026-09-05,2026-09-06,2026-09-06,2026-09-06T17:00:00,VISHVA VIJAY,VISHVA VIJAY,BERTHS,EQ-2,17:00,229.0,32.24,13.43,TH.COAL,75000.0,,6,"06-09-26 EQ-2MV. VISHVA VIJAY BERTHS 229.00 TH.COAL 17:00 75,000 32.24 14.50 06-09-26 CB-1MV. ALANI SHIFTS 199.98 TH.COAL 20:00 ON A/C PORT 36,000 32.24 13.43"
dtr0609.pdf,2026-09-05,2026-09-06,2026-09-06,2026-09-06T21:00:00,MAESTRO,MAESTRO,BERTHS,IOB,21:00,199.97,32.26,14.0,TH.COAL,60000.0,,6,"06-09-26 IOBMV. MAESTRO BERTHS 199.97 TH.COAL 21:00 60,000 32.26 14.00"
dtr0609.pdf,2026-09-05,2026-09-06,2026-09-06,2026-09-06T22:30:00,AP QUEEN,AP QUEEN,BERTHS,PICT-2,22:30,110.67,19.2,8.77,F NICKLE,8250.0,,6,"06-09-26 PICT-2MV. AP QUEEN BERTHS 110.67 F NICKLE 22:30 8,250 19.20 8.77"
dtr0609.pdf,2026-09-05,2026-09-06,2026-09-06,2026-09-06T23:00:00,DECCAN PRIDE,DECCAN PRIDE,SAILS,EQ-3,23:00,225.0,32.26,14.5,TH.COAL,73500.0,,6,"06-09-26 EQ-3MV. DECCAN PRIDE SAILS 225.00 TH.COAL 23:00 73,500 32.26 14.50"
dtr0609.pdf,2026-09-05,2026-09-06,2026-09-06,2026-09-06T23:30:00,DHT TAIGA,DHT TAIGA,SAILS,SPM-3,23:30,333.8,60.0,21.1,CRUDE OIL,280832.0,,6,"06-09-26 SPM-3MT. DHT TAIGA SAILS 333.80 CRUDE OIL 23:30 280,832 60.00 21.10"
dtr0609.pdf,2026-09-05,2026-09-06,2026-09-07,2026-09-07T03:00:00,DAWN MADURAI,DAWN MADURAI,SAILS,NOJ,03:00,183.26,32.2,7.6,HSD,30000.0,,6,"07-09-26 NOJMT. DAWN MADURAI SAILS 183.26 HSD 03:00 30,000 32.20 7.60"
dtr0609.pdf,2026-09-05,2026-09-06,2026-09-07,2026-09-07T06:00:00,OLYMPIC FLAG,OLYMPIC FLAG,BERTHS,SPM-3,06:00,273.97,47.0,15.0,CRUDE OIL,124610.0,,6,"07-09-26 SPM-3MT. OLYMPIC FLAG BERTHS 273.97 CRUDE OIL 06:00 124,610 47.00 15.00"
dtr0609.pdf,2026-09-05,2026-09-06,2026-09-07,2026-09-07T06:30:00,AMARYLLIS,AMARYLLIS,SAILS,CQ-3,06:30,228.99,32.26,9.0,I.ORE PELLET,75900.0,,6,"07-09-26 CQ-3MV. AMARYLLIS SAILS 228.99 I.ORE PELLET 06:30 75,900 32.26 9.00"
dtr0609.pdf,2026-09-05,2026-09-06,2026-09-07,2026-09-07T07:00:00,GANESHWAR,GANESHWAR,BERTHS,NQ-3,07:00,72.0,14.0,2.85,GYPSUM,1800.0,,6,"07-09-26 NQ-3MV. GANESHWAR BERTHS 72.00 GYPSUM 07:00 1,800 14.00 2.85"
dtr0709.pdf,2026-09-06,2026-09-07,2026-09-07,2026-09-07T07:48:00,AMARYLLIS,AMARYLLIS,SAILS,CQ-3,07:48,228.99,32.26,9.0,I.ORE PELLET,75900.0,,6,"07-09-26 CQ-3MV. AMARYLLIS SAILS 228.99 I.ORE PELLET 07:48 75,900 32.26 9.00"
dtr0709.pdf,2026-09-06,2026-09-07,2026-09-07,2026-09-07T07:50:00,GANESHWAR,GANESHWAR,BERTHS,NQ-3,07:50,72.0,14.0,2.85,GYPSUM,1800.0,,6,"07-09-26 NQ-3MV. GANESHWAR BERTHS 72.00 GYPSUM 07:50 1,800 14.00 2.85"
dtr0609.pdf,2026-09-05,2026-09-06,2026-09-07,2026-09-07T08:00:00,HARI ANAND,HARI ANAND,SAILS,SOJ,08:00,180.55,32.23,9.8,ATF,17974.0,,6,"07-09-26 SOJMT. HARI ANAND SAILS 180.55 ATF 08:00 17,974 32.23 9.80"
dtr0709.pdf,2026-09-06,2026-09-07,2026-09-07,2026-09-07T09:00:00,APJ SETHU,APJ SETHU,BERTHS,EQ-3,09:00,224.86,32.26,0.0,TH.COAL,75000.0,STARBOARD SIDE ALONGSIDE,6,"07-09-26 EQ-3MV. APJ SETHU BERTHS 224.86 TH.COAL 09:00 STARBOARD SIDE ALONGSIDE 75,000 32.26 0.00"
dtr0709.pdf,2026-09-06,2026-09-07,2026-09-07,2026-09-07T09:00:00,OLYMPIC FLAG,OLYMPIC FLAG,BERTHS,SPM-3,09:00,273.97,47.0,15.0,CRUDE OIL,124610.0,,6,"07-09-26 SPM-3MT. OLYMPIC FLAG BERTHS 273.97 CRUDE OIL 09:00 124,610 47.00 15.00"
dtr0609.pdf,2026-09-05,2026-09-06,2026-09-07,2026-09-07T09:00:00,XIN YU,XIN YU,SAILS,KICT,09:00,224.89,32.2,13.87,PCI COAL,71300.0,,6,"07-09-26 KICTMV. XIN YU SAILS 224.89 PCI COAL 09:00 71,300 32.20 13.87"
dtr0609.pdf,2026-09-05,2026-09-06,2026-09-07,2026-09-07T11:00:00,GANESHWAR,GANESHWAR,SAILS,NQ-3,11:00,72.0,14.0,2.85,GYPSUM,3654.0,,6,"07-09-26 NQ-3MV. GANESHWAR SAILS 72.00 GYPSUM 11:00 3,654 14.00 2.85"
dtr0709.pdf,2026-09-06,2026-09-07,2026-09-07,2026-09-07T11:00:00,XIN YU,XIN YU,SAILS,KICT,11:00,224.89,32.2,13.87,PCI COAL,71300.0,,6,"07-09-26 KICTMV. XIN YU SAILS 224.89 PCI COAL 11:00 71,300 32.20 13.87"
dtr0709.pdf,2026-09-06,2026-09-07,2026-09-07,2026-09-07T11:30:00,GANESHWAR,GANESHWAR,SAILS,NQ-3,11:30,72.0,14.0,2.85,GYPSUM,3220.0,,6,"07-09-26 NQ-3MV. GANESHWAR SAILS 72.00 GYPSUM 11:30 3,220 14.00 2.85"
dtr0709.pdf,2026-09-06,2026-09-07,2026-09-07,2026-09-07T12:00:00,ONIKS,ONIKS,SAILS,SPM-2,12:00,243.0,42.0,0.0,CRUDE OIL,100149.0,,6,"07-09-26 SPM-2MT. ONIKS SAILS 243.00 CRUDE OIL 12:00 100,149 42.00 0.00"
dtr0709.pdf,2026-09-06,2026-09-07,2026-09-07,2026-09-07T13:00:00,APJ KABIR ANAND,APJ KABIR ANAND,SAILS,CB-2,13:00,225.0,32.26,0.0,TH.COAL,75145.0,,6,"07-09-26 CB-2MV. APJ KABIR ANAND SAILS 225.00 TH.COAL 13:00 75,145 32.26 0.00"
dtr0709.pdf,2026-09-06,2026-09-07,2026-09-07,2026-09-07T14:00:00,ALANI,ALANI,SAILS,CB-1,14:00,199.98,32.24,13.43,TH.COAL,61900.0,,6,"07-09-26 CB-1MV. ALANI SAILS 199.98 TH.COAL 14:00 61,900 32.24 13.43"
dtr0709.pdf,2026-09-06,2026-09-07,2026-09-07,2026-09-07T14:30:00,SINGAPORE BULKER,SINGAPORE BULKER,BERTHS,CB-1/CB-2,14:30,189.99,32.26,13.3,TH.COAL,55000.0,WHICHEVER BERTH GETS VACANT FIRST,6,"07-09-26 CB-1/CB-2MV. SINGAPORE BULKER BERTHS 189.99 TH.COAL 14:30 WHICHEVER BERTH GETS VACANT FIRST 55,000 32.26 13.30"
dtr0709.pdf,2026-09-06,2026-09-07,2026-09-07,2026-09-07T15:00:00,APJ ANGAD 2,APJ ANGAD 2,BERTHS,CB-1/CB-2,15:00,224.94,32.26,14.5,TH.COAL,75000.0,WHICHEVER BERTH GETS VACANT LATER,6,"07-09-26 CB-1/CB-2MV. APJ ANGAD 2 BERTHS 224.94 TH.COAL 15:00 WHICHEVER BERTH GETS VACANT LATER 75,000 32.26 14.50"
dtr0709.pdf,2026-09-06,2026-09-07,2026-09-07,2026-09-07T15:30:00,ARIES STAR,ARIES STAR,SAILS,CQ-2,15:30,229.0,32.26,14.5,A. COAL/H COAL,27100.0,,6,"07-09-26 CQ-2MV. ARIES STAR SAILS 229.00 A. COAL/H COAL 15:30 27,100 32.26 14.50"
dtr0709.pdf,2026-09-06,2026-09-07,2026-09-07,2026-09-07T20:00:00,HARI ANAND,HARI ANAND,SAILS,SOJ,20:00,180.55,32.23,9.8,ATF,21774.0,,6,"07-09-26 SOJMT. HARI ANAND SAILS 180.55 ATF 20:00 21,774 32.23 9.80"
dtr0709.pdf,2026-09-06,2026-09-07,2026-09-08,2026-09-08T02:00:00,NORSE NAOSHIMA,NORSE NAOSHIMA,BERTHS,MPB,02:00,183.0,32.2,0.0,P.COKE,23130.0,,6,"08-09-26 MPBMV. NORSE NAOSHIMA BERTHS 183.00 P.COKE 02:00 23,130 32.20 0.00"
dtr0809.pdf,2026-09-07,2026-09-08,2026-09-08,2026-09-08T03:00:00,TORM DOVER,TORM DOVER,BERTHS,SOJ,03:00,183.12,32.2,0.0,NAPTHA,35000.0,,5,"08-09-26 SOJMT. TORM DOVER BERTHS 183.12 NAPTHA 03:00 35,000 32.20 0.00"
dtr0809.pdf,2026-09-07,2026-09-08,2026-09-08,2026-09-08T04:18:00,LILA MUNDRA,LILA MUNDRA,SAILS,PICT,04:18,190.0,32.26,0.0,S.COIL,3563.0,,5,"08-09-26 PICTMV. LILA MUNDRA SAILS 190.00 S.COIL 04:18 3,563 32.26 0.00"
dtr0809.pdf,2026-09-07,2026-09-08,2026-09-08,2026-09-08T07:54:00,DIONYSUS,DIONYSUS,BERTHS,PICT,07:54,199.9,32.26,12.35,UREA,52500.0,,5,"08-09-26 PICTMV. DIONYSUS BERTHS 199.90 UREA 07:54 52,500 32.26 12.35"
dtr0709.pdf,2026-09-06,2026-09-07,2026-09-08,2026-09-08T08:00:00,GANESHWAR,GANESHWAR,BERTHS,NQ-3,08:00,72.0,14.0,2.85,GYPSUM,1800.0,,6,"08-09-26 NQ-3MV. GANESHWAR BERTHS 72.00 GYPSUM 08:00 1,800 14.00 2.85"
dtr0809.pdf,2026-09-07,2026-09-08,2026-09-08,2026-09-08T09:25:00,GANESHWAR,GANESHWAR,BERTHS,NQ-3,09:25,72.0,14.0,2.85,GYPSUM,1800.0,,5,"08-09-26 NQ-3MV. GANESHWAR BERTHS 72.00 GYPSUM 09:25 1,800 14.00 2.85"
dtr0809.pdf,2026-09-07,2026-09-08,2026-09-08,2026-09-08T10:00:00,SHIVALIK,SHIVALIK,BERTHS,NOJ,10:00,225.28,36.6,11.6,BUTANE/PROPA NE,13000.0,,5,"08-09-26 NOJMT. SHIVALIK BERTHS 225.28 BUTANE/PROPA NE 10:00 13,000 36.60 11.60"
dtr0709.pdf,2026-09-06,2026-09-07,2026-09-08,2026-09-08T11:00:00,GANESHWAR,GANESHWAR,SAILS,NQ-3,11:00,72.0,14.0,2.85,GYPSUM,3220.0,,6,"08-09-26 NQ-3MV. GANESHWAR SAILS 72.00 GYPSUM 11:00 3,220 14.00 2.85"
dtr0809.pdf,2026-09-07,2026-09-08,2026-09-08,2026-09-08T11:30:00,GANESHWAR,GANESHWAR,SAILS,NQ-3,11:30,72.0,14.0,2.85,GYPSUM,3244.0,,5,"08-09-26 NQ-3MV. GANESHWAR SAILS 72.00 GYPSUM 11:30 3,244 14.00 2.85"
dtr0809.pdf,2026-09-07,2026-09-08,2026-09-08,2026-09-08T12:00:00,GRANAT,GRANAT,BERTHS,SPM-2,12:00,244.08,42.0,14.99,CRUDE OIL,99717.0,,5,"08-09-26 SPM-2MT. GRANAT BERTHS 244.08 CRUDE OIL 12:00 99,717 42.00 14.99"
dtr0809.pdf,2026-09-07,2026-09-08,2026-09-08,2026-09-08T12:30:00,VISHVA VIJAY,VISHVA VIJAY,SAILS,EQ-2,12:30,229.0,32.24,14.5,TH.COAL,74510.0,,5,"08-09-26 EQ-2MV. VISHVA VIJAY SAILS 229.00 TH.COAL 12:30 74,510 32.24 14.50"
dtr0809.pdf,2026-09-07,2026-09-08,2026-09-08,2026-09-08T15:00:00,OLYMPIC FLAG,OLYMPIC FLAG,SAILS,SPM-3,15:00,273.97,32.26,13.3,CRUDE OIL,125401.0,,5,"08-09-26 SPM-3MT. OLYMPIC FLAG SAILS 273.97 CRUDE OIL 15:00 125,401 47.00 15.00 08-09-26 CQ-1MV. SINGAPORE BULKER SHIFTS 189.99 TH.COAL 15:30 ON A/C VESSEL 55,000 32.26 13.30"
dtr0809.pdf,2026-09-07,2026-09-08,2026-09-08,2026-09-08T16:00:00,RIPLEY PIONEER,RIPLEY PIONEER,BERTHS,CB-2,16:00,225.0,32.26,14.5,TH.COAL,75000.0,,5,"08-09-26 CB-2MV. RIPLEY PIONEER BERTHS 225.00 TH.COAL 16:00 75,000 32.26 14.50"
dtr0809.pdf,2026-09-07,2026-09-08,2026-09-08,2026-09-08T16:30:00,APJ SETHU,APJ SETHU,SAILS,EQ-3,16:30,224.86,32.26,0.0,TH.COAL,80062.0,,5,"08-09-26 EQ-3MV. APJ SETHU SAILS 224.86 TH.COAL 16:30 80,062 32.26 0.00"
dtr0809.pdf,2026-09-07,2026-09-08,2026-09-08,2026-09-08T20:00:00,VISHVA DIKSHA,VISHVA DIKSHA,BERTHS,EQ-3,20:00,190.0,32.26,13.0,TH.COAL,30000.0,STARBOARD SIDE ALONG SIDE,5,"08-09-26 EQ-3MV. VISHVA DIKSHA BERTHS 190.00 TH.COAL 20:00 STARBOARD SIDE ALONG SIDE 30,000 32.26 13.00"
dtr0809.pdf,2026-09-07,2026-09-08,2026-09-08,2026-09-08T23:00:00,APJ ANGAD 2,APJ ANGAD 2,SAILS,CB-1,23:00,224.94,32.26,14.5,TH.COAL,75300.0,,5,"08-09-26 CB-1MV. APJ ANGAD 2 SAILS 224.94 TH.COAL 23:00 75,300 32.26 14.50"
dtr0809.pdf,2026-09-07,2026-09-08,2026-09-08,2026-09-08T23:30:00,UNITY FORCE,UNITY FORCE,BERTHS,CB-1,23:30,199.96,32.26,13.0,TH.COAL,59000.0,,5,"08-09-26 CB-1MV. UNITY FORCE BERTHS 199.96 TH.COAL 23:30 59,000 32.26 13.00"
dtr0809.pdf,2026-09-07,2026-09-08,2026-09-09,2026-09-09T00:01:00,AQUAVITA GLORY,AQUAVITA GLORY,BERTHS,CQ-2,00:01,228.99,32.26,14.5,LM. ST.,40000.0,,5,"09-09-26 CQ-2MV. AQUAVITA GLORY BERTHS 228.99 LM. ST. 00:01 40,000 32.26 14.50"
dtr0809.pdf,2026-09-07,2026-09-08,2026-09-09,2026-09-09T10:00:00,FORTUNE LEGACY,FORTUNE LEGACY,BERTHS,KICT,10:00,229.0,32.26,14.5,C.COAL/PCI COAL,40391.0,,5,"09-09-26 KICTMV. FORTUNE LEGACY BERTHS 229.00 C.COAL/PCI COAL 10:00 40,391 32.26 14.50"
dtr0809.pdf,2026-09-07,2026-09-08,2026-09-09,2026-09-09T10:30:00,GANESHWAR,GANESHWAR,BERTHS,NQ-3,10:30,72.0,14.0,2.85,GYPSUM,1800.0,,5,"09-09-26 NQ-3MV. GANESHWAR BERTHS 72.00 GYPSUM 10:30 1,800 14.00 2.85"
