vessel_name_normalized,berth_start_timestamp,sail_timestamp,berth_duration_hours,berth_duration_days,shift_count,berth,loa_m,beam_m,draft_m,cargo,quantity_mt,observed_productivity_mt_day,berth_report,sail_report
RIPLEY PROGRESS,2025-10-07 02:18:00,2025-10-08 05:00:00,26.7,1.1125,0,EQ-3,225.0,32.26,14.5,TH.COAL,45000.0,40449.43820224719,dtr0710.pdf,dtr0710.pdf
SANMAR SLOKA,2025-10-07 08:30:00,2025-10-08 07:18:00,22.8,0.9500000000000001,0,NOJ,228.0,32.24,0.0,HSD,11000.0,11578.947368421052,dtr0710.pdf,dtr0810.pdf
EUROSUN,2025-10-07 09:30:00,2025-10-09 05:00:00,43.5,1.8125,0,FB-2,180.0,30.0,9.98,ROCK PHOS.,33300.0,18372.41379310345,dtr0710.pdf,dtr0810.pdf
PAC CAPELLA,2025-10-07 11:00:00,2025-10-09 11:00:00,48.0,2.0,0,CQ-1/CQ-2,180.0,27.0,9.5,M. COKE,11000.0,5500.0,dtr0710.pdf,dtr0810.pdf
JAL VAIBHAV,2025-10-07 13:30:00,2025-10-09 00:30:00,35.0,1.4583333333333333,0,CB-1,228.05,36.5,0.0,TH.COAL,85000.0,58285.71428571429,dtr0710.pdf,dtr0810.pdf
BW PINE,2025-10-07 20:30:00,2025-10-09 23:00:00,50.5,2.1041666666666665,0,SOJ,226.0,37.2,11.7,BUTANE/PROPA NE,21400.0,10170.297029702971,dtr0710.pdf,dtr0910.pdf
ARETHOUSA,2025-10-07 23:00:00,2025-10-09 11:00:00,36.0,1.5,1,KICT,225.0,32.2,14.55,C.COAL,40445.0,26963.333333333332,dtr0710.pdf,dtr0910.pdf
FRANBO PROSPECT,2025-10-08 03:00:00,2025-10-09 16:30:00,37.5,1.5625,0,NQ-2,114.8,18.8,7.5,FE.CR,6000.0,3840.0,dtr0810.pdf,dtr0910.pdf
NAVE ALLEGRO,2025-10-08 06:30:00,2025-10-10 11:00:00,52.5,2.1875,1,SPM-3,339.4,60.0,19.6,CRUDE OIL,269962.0,123411.2,dtr0710.pdf,dtr0910.pdf
DUKE I,2025-10-08 08:00:00,2025-10-10 08:50:00,48.833333333333336,2.0347222222222223,0,CQ-1/CQ-2,229.0,32.24,10.0,C.COAL,40000.0,19658.703071672353,dtr0710.pdf,dtr1010.pdf
TORM DAGNY,2025-10-08 09:54:00,2025-10-11 09:50:00,71.93333333333334,2.9972222222222222,0,NOJ,183.06,32.2,10.5,HSD,30000.0,10009.267840593142,dtr0810.pdf,dtr1110.pdf
GANESHWAR,2025-10-08 10:30:00,2025-10-11 06:15:00,67.75,2.8229166666666665,3,NQ-2,72.0,14.0,3.0,GYPSUM,1800.0,637.6383763837639,dtr0710.pdf,dtr1110.pdf
JAG RADHA,2025-10-08 11:00:00,2025-10-09 20:00:00,33.0,1.375,0,CB-2,189.99,32.26,13.0,TH.COAL,57000.0,41454.545454545456,dtr0810.pdf,dtr0910.pdf
NISSOS HERACLEA,2025-10-08 11:00:00,2025-10-14 10:30:00,143.5,5.979166666666667,2,SPM-2,336.17,60.0,0.0,CRUDE OIL,293735.0,49126.411149825784,dtr0710.pdf,dtr1310.pdf
SKOPELOS,2025-10-08 12:00:00,2025-10-10 06:00:00,42.0,1.75,0,SPM-2,330.0,60.0,21.0,CRUDE OIL,280093.0,160053.14285714287,dtr0810.pdf,dtr0910.pdf
YIN NENG,2025-10-08 17:00:00,2025-10-10 00:01:00,31.016666666666666,1.292361111111111,0,PICT,190.0,32.26,0.0,STEEL SLAB,16000.0,12380.440623320796,dtr0810.pdf,dtr0910.pdf
YM THERESA,2025-10-09 07:45:00,2025-10-12 17:00:00,81.25,3.3854166666666665,1,CQ-1,228.9,32.26,14.5,C.COAL,79963.0,23619.84,dtr0810.pdf,dtr1210.pdf
DRISHTI,2025-10-09 10:30:00,2025-10-09 17:00:00,6.5,0.2708333333333333,1,NQ-3,71.0,14.2,0.0,GYPSUM,3200.0,11815.384615384617,dtr0910.pdf,dtr0910.pdf
XIN HAI TONG 805,2025-10-09 11:30:00,2025-10-11 10:00:00,46.5,1.9375,0,KICT,229.04,32.26,14.6,PCI COAL,78604.0,40569.8064516129,dtr0910.pdf,dtr1010.pdf
CHOLA PROSPERITY,2025-10-09 20:30:00,2025-10-11 13:00:00,40.5,1.6875,0,CB-2,225.0,32.26,14.5,TH.COAL,75000.0,44444.444444444445,dtr0910.pdf,dtr1110.pdf
AFRICAN BUZZARD,2025-10-09 23:30:00,2025-10-11 23:00:00,47.5,1.9791666666666667,0,SQ,199.99,36.0,11.04,C FINES/IRON OXIDE,41214.0,20823.91578947368,dtr0910.pdf,dtr1110.pdf
CHEMROAD ROSE,2025-10-09 23:35:00,2025-10-12 22:00:00,70.41666666666667,2.934027777777778,0,FB-1,170.0,25.63,0.0,SUL ACID,27671.0,9431.06272189349,dtr1010.pdf,dtr1210.pdf
SANMAR SITAR,2025-10-09 23:36:00,2025-10-12 00:01:00,48.416666666666664,2.017361111111111,0,NOJ,183.0,32.2,0.0,HSD/M.SPIRIT,38000.0,18836.488812392425,dtr1010.pdf,dtr1110.pdf
MBS TAISHI,2025-10-10 00:30:00,2025-10-15 06:30:00,126.0,5.25,0,PICT,199.9,32.26,10.83,UREA,43335.0,8254.285714285714,dtr0910.pdf,dtr1410.pdf
AMNSI STALLION,2025-10-10 01:00:00,2025-10-18 03:00:00,194.0,8.083333333333334,2,CQ-2,229.0,32.26,14.5,LM. ST.,79185.0,9796.082474226803,dtr0910.pdf,dtr1710.pdf
PRINCESS MARGO,2025-10-10 10:06:00,2025-10-11 18:00:00,31.9,1.3291666666666666,0,EQ-2,199.99,32.26,0.0,TH.COAL,55000.0,41379.31034482759,dtr1010.pdf,dtr1110.pdf
ROYAL STELLAR,2025-10-10 10:30:00,2025-10-12 13:00:00,50.5,2.1041666666666665,1,MPB,228.99,32.26,14.5,C.COAL,45950.0,21837.62376237624,dtr0910.pdf,dtr1210.pdf
RIPLEY PIONEER,2025-10-10 13:00:00,2025-10-12 01:00:00,36.0,1.5,0,CB-1,225.0,32.26,14.0,TH.COAL,75000.0,50000.0,dtr1010.pdf,dtr1110.pdf
DUKE I,2025-10-11 07:48:00,2025-10-12 23:00:00,39.2,1.6333333333333335,0,EQ-3,229.0,32.24,14.5,TH.COAL,79000.0,48367.3469387755,dtr1110.pdf,dtr1210.pdf
ICARIUS,2025-10-11 08:06:00,2025-10-15 05:00:00,92.9,3.8708333333333336,0,FB-2,189.99,32.26,12.83,SULPHUR,52500.0,13562.97093649085,dtr1110.pdf,dtr1410.pdf
MEDI DOMUS DAINI,2025-10-11 10:30:00,2025-10-13 07:00:00,44.5,1.8541666666666667,1,KICT,229.0,32.24,14.75,C.COAL,79100.0,42660.67415730337,dtr1010.pdf,dtr1210.pdf
SEAPEARL,2025-10-11 11:00:00,2025-10-14 15:00:00,76.0,3.1666666666666665,0,PICT-2,177.39,28.24,0.0,STEEL SLAB,30000.0,9473.684210526317,dtr1110.pdf,dtr1410.pdf
DRISHTI,2025-10-11 11:00:00,2025-10-12 05:00:00,18.0,0.75,1,NQ-3,71.0,14.2,0.0,GYPSUM,3200.0,4266.666666666667,dtr1010.pdf,dtr1110.pdf
PIGEON POINT,2025-10-11 11:30:00,2025-10-12 15:00:00,27.5,1.1458333333333333,0,SOJ,186.0,32.0,10.8,M.SPIRIT/NAPTH A,14800.0,12916.363636363638,dtr1110.pdf,dtr1210.pdf
LLEVANT,2025-10-11 12:15:00,2025-10-12 21:00:00,32.75,1.3645833333333333,0,SPM-3,274.5,48.0,14.5,CRUDE OIL,116676.0,85503.02290076336,dtr1110.pdf,dtr1210.pdf
AM UMANG,2025-10-11 12:30:00,2025-10-13 01:00:00,36.5,1.5208333333333333,0,CQ-3,228.99,32.31,14.5,I.ORE PELLET,75000.0,49315.068493150684,dtr1110.pdf,dtr1210.pdf
RIPLEY PRIDE,2025-10-11 14:00:00,2025-10-12 23:30:00,33.5,1.3958333333333333,0,CB-2,225.0,32.26,0.0,TH.COAL,75000.0,53731.34328358209,dtr1110.pdf,dtr1210.pdf
SIMURGH,2025-10-11 23:30:00,2025-10-15 09:00:00,81.5,3.3958333333333335,0,SQ,189.99,32.26,12.13,P.COKE,50346.0,14825.815950920245,dtr1110.pdf,dtr1410.pdf
HARI LEELA,2025-10-12 00:30:00,2025-10-13 18:00:00,41.5,1.7291666666666667,1,NOJ,182.8,32.2,0.0,HSD/M.SPIRIT,34000.0,19662.650602409638,dtr1110.pdf,dtr1310.pdf
CAPRICORN TRADER,2025-10-12 02:00:00,2025-10-13 13:00:00,35.0,1.4583333333333333,1,CB-1,228.99,32.26,14.5,TH.COAL,75000.0,51428.571428571435,dtr1110.pdf,dtr1310.pdf
THERESA AQARIUS,2025-10-12 07:00:00,2025-10-14 03:00:00,44.0,1.8333333333333333,1,NQ-2,120.0,20.4,5.8,CRD PALMOIL,6000.0,3272.727272727273,dtr1110.pdf,dtr1310.pdf
GANESHWAR,2025-10-12 10:30:00,2025-10-12 17:45:00,7.25,0.3020833333333333,1,NQ-3,72.0,14.0,3.0,GYPSUM,1500.0,4965.517241379311,dtr1110.pdf,dtr1210.pdf
STAR CAPOEIRA,2025-10-12 14:30:00,2025-10-17 04:00:00,109.5,4.5625,0,MPB,229.0,32.26,14.49,LM. ST./PYROXENIT,78282.0,17157.698630136987,dtr1210.pdf,dtr1610.pdf
HTP AMBER,2025-10-12 17:30:00,2025-10-16 22:00:00,100.5,4.1875,0,CQ-1,108.22,19.6,8.8,SCARP,9504.0,2269.6119402985073,dtr1210.pdf,dtr1610.pdf
HARI PRIYA,2025-10-12 19:00:00,2025-10-19 23:00:00,172.0,7.166666666666667,0,SOJ,183.0,32.23,0.0,ATF/HSD/M.SPIR IT,34000.0,4744.186046511628,dtr1210.pdf,dtr1910.pdf
SEASURFER,2025-10-12 20:00:00,2025-10-14 13:30:00,41.5,1.7291666666666667,0,FB-2,179.87,28.4,0.0,AMMONIA,20000.0,11566.265060240963,dtr1210.pdf,dtr1410.pdf
PVT AURORA,2025-10-12 22:30:00,2025-10-16 05:00:00,78.5,3.2708333333333335,0,FB-1,146.19,24.2,9.46,SUL ACID,18811.0,5751.133757961783,dtr1210.pdf,dtr1510.pdf
CHOLA SERENITY,2025-10-13 00:30:00,2025-10-14 10:00:00,33.5,1.3958333333333333,0,CB-2,224.94,32.26,14.0,TH.COAL,77200.0,55307.46268656717,dtr1210.pdf,dtr1310.pdf
FJ BIANCA,2025-10-13 08:00:00,2025-10-15 01:00:00,41.0,1.7083333333333333,1,KICT,228.9,32.26,0.0,C.COAL,78702.0,46069.46341463415,dtr1210.pdf,dtr1410.pdf
DRISHTI,2025-10-13 10:30:00,2025-10-14 07:10:00,20.666666666666668,0.8611111111111112,1,NQ-3,71.0,14.2,3.0,GYPSUM,1500.0,1741.9354838709676,dtr1210.pdf,dtr1410.pdf
VISHVA VINAY,2025-10-13 13:30:00,2025-10-15 07:30:00,42.0,1.75,0,CB-1,229.0,32.24,14.5,TH.COAL,78000.0,44571.42857142857,dtr1310.pdf,dtr1410.pdf
JAL KUMUD,2025-10-13 14:00:00,2025-10-16 11:00:00,69.0,2.875,1,EQ-3,224.94,32.26,14.5,TH.COAL,75000.0,26086.956521739132,dtr1310.pdf,dtr1610.pdf
NIREAS,2025-10-13 14:01:00,2025-10-15 18:00:00,51.983333333333334,2.1659722222222224,0,EQ-3,229.02,32.26,14.5,TH.COAL,75000.0,34626.48284706636,dtr1310.pdf,dtr1510.pdf
HARVEST,2025-10-13 18:30:00,2025-10-15 18:30:00,48.0,2.0,0,NOJ,179.8,32.26,12.83,HSD/M.SPIRIT,14000.0,7000.0,dtr1310.pdf,dtr1510.pdf
GIORGAKIS,2025-10-14 12:30:00,2025-10-19 02:00:00,109.5,4.5625,0,CQ-1,229.0,32.26,14.5,S.COAL,77077.0,16893.58904109589,dtr1410.pdf,dtr1810.pdf
GAS AL NEGEH,2025-10-14 13:00:00,2025-10-21 09:42:00,164.7,6.8625,0,SOJ,225.48,36.6,11.5,BUTANE/PROPA NE,25588.0,3728.6703096539163,dtr1410.pdf,dtr2110.pdf
VOSCO STARLIGHT,2025-10-14 20:40:00,2025-10-15 19:30:00,22.833333333333332,0.9513888888888888,0,CB-2,190.0,32.26,12.75,TH.COAL,53000.0,55708.029197080294,dtr1510.pdf,dtr1510.pdf
DESH SHANTI,2025-10-15 06:00:00,2025-10-17 21:00:00,63.0,2.625,1,SPM,274.0,48.0,15.6,CRUDE OIL,135673.0,51684.95238095238,dtr1410.pdf,dtr1710.pdf
GALAXY GLORY,2025-10-15 07:00:00,2025-10-19 10:30:00,99.5,4.145833333333333,1,PICT,119.9,21.2,4.65,AL. INGOTS,10200.0,2460.3015075376884,dtr1410.pdf,dtr1810.pdf
DRISHTI,2025-10-15 08:30:00,2025-10-19 05:00:00,92.5,3.8541666666666665,3,NQ-3,71.0,14.2,0.0,GYPSUM,3200.0,830.2702702702703,dtr1410.pdf,dtr1810.pdf
ULUSOY 12,2025-10-15 09:30:00,2025-10-19 08:30:00,95.0,3.9583333333333335,1,SQ,229.0,32.26,0.0,A. COAL,19500.0,4926.315789473684,dtr1410.pdf,dtr1810.pdf
UTAKI,2025-10-15 10:00:00,2025-10-16 20:00:00,34.0,1.4166666666666667,1,SPM-3,241.0,42.0,15.0,CRUDE OIL,99589.0,70298.11764705883,dtr1410.pdf,dtr1610.pdf
DECCAN PRIDE,2025-10-16 00:12:00,2025-10-17 13:00:00,36.8,1.5333333333333332,0,CB-1,225.0,32.26,14.5,TH.COAL,74000.0,48260.86956521739,dtr1610.pdf,dtr1710.pdf
OSIRIS,2025-10-16 01:12:00,2025-10-17 06:00:00,28.8,1.2,0,NIOB,189.99,36.6,11.5,I.ORE,50000.0,41666.66666666667,dtr1610.pdf,dtr1610.pdf
SWARNA PUSHP,2025-10-16 08:12:00,2025-10-17 20:30:00,36.3,1.5125,0,SOJ,184.95,28.4,10.1,HSD,30000.0,19834.710743801654,dtr1610.pdf,dtr1710.pdf
THERESA GALAXY,2025-10-16 10:00:00,2025-10-18 18:30:00,56.5,2.3541666666666665,0,FB-2,147.83,24.2,9.6,SUL ACID,18000.0,7646.017699115045,dtr1610.pdf,dtr1810.pdf
GLOBE CLEOPATRA,2025-10-16 10:30:00,2025-10-19 01:00:00,62.5,2.6041666666666665,0,FB-1,189.99,32.26,12.29,ROCK PHOS.,53700.0,20620.800000000003,dtr1610.pdf,dtr1810.pdf
APJ JAOUAD,2025-10-16 12:00:00,2025-10-17 23:00:00,35.0,1.4583333333333333,0,CB-1,225.0,32.2,0.0,TH.COAL,75000.0,51428.571428571435,dtr1610.pdf,dtr1710.pdf
AQUAVITA ETERNITY,2025-10-16 12:30:00,2025-10-18 06:00:00,41.5,1.7291666666666667,0,KICT,229.0,32.26,14.64,C.COAL,45297.0,26195.855421686745,dtr1610.pdf,dtr1710.pdf
CHOLA MELODY,2025-10-16 15:00:00,2025-10-17 22:00:00,31.0,1.2916666666666667,0,EQ-3,224.99,11.5,3.2,TH.COAL,75000.0,58064.51612903226,dtr1610.pdf,dtr1710.pdf
MSXT HELEN,2025-10-16 23:30:00,2025-10-20 10:00:00,82.5,3.4375,0,CQ-2,229.0,32.26,14.5,S.COAL,82001.0,23854.836363636365,dtr1610.pdf,dtr1910.pdf
VAN INFINITY,2025-10-17 00:18:00,2025-10-20 19:00:00,90.7,3.779166666666667,0,PICT-2,189.99,32.26,0.0,HR. COIL,45000.0,11907.386990077177,dtr1710.pdf,dtr2010.pdf
KIRA OLDENDORFF,2025-10-17 01:01:00,2025-10-19 07:42:00,54.68333333333333,2.2784722222222222,0,CB-2,229.0,32.26,0.0,TH.COAL,77000.0,33794.57482474855,dtr1610.pdf,dtr1910.pdf
TOMINI DESTINY,2025-10-17 11:06:00,2025-10-18 11:15:00,24.15,1.0062499999999999,0,NIOB,199.9,32.26,13.5,I.ORE,60000.0,59627.32919254659,dtr1710.pdf,dtr1810.pdf
AFRICAN CHEETAH,2025-10-17 20:00:00,2025-10-19 09:00:00,37.0,1.5416666666666667,0,MPB,199.99,36.0,12.98,GYPSUM,29650.0,19232.43243243243,dtr1710.pdf,dtr1810.pdf
VISHVA VIKAS,2025-10-17 22:30:00,2025-10-19 15:30:00,41.0,1.7083333333333333,1,EQ-3,190.0,32.26,13.0,TH.COAL,55400.0,32429.26829268293,dtr1710.pdf,dtr1910.pdf
BALTIC LOYALTY,2025-10-18 09:30:00,2025-10-20 14:00:00,52.5,2.1875,0,SPM-2,333.13,60.05,20.7,CRUDE OIL,275931.0,126139.88571428572,dtr1810.pdf,dtr2010.pdf
ELEPHANT,2025-10-18 11:30:00,2025-10-19 21:00:00,33.5,1.3958333333333333,0,SPM-3,245.07,42.0,0.0,CRUDE OIL,99552.0,71320.83582089553,dtr1810.pdf,dtr1910.pdf
XING SHUN HAI,2025-10-18 12:00:00,2025-10-20 06:00:00,42.0,1.75,0,NIOB,228.99,36.0,12.98,I.ORE,75000.0,42857.142857142855,dtr1810.pdf,dtr1910.pdf
GREEK FRIENDSHIP,2025-10-18 13:45:00,2025-10-23 01:00:00,107.25,4.46875,0,MPB,228.9,32.25,0.0,C.COAL,79515.0,17793.566433566433,dtr1810.pdf,dtr2210.pdf
FPMC 25,2025-10-18 18:00:00,2025-10-20 10:30:00,40.5,1.6875,0,SOJ,182.5,32.2,0.0,NAPTHA,35000.0,20740.74074074074,dtr1810.pdf,dtr2010.pdf
SEA GULL 9,2025-10-18 22:30:00,2025-10-21 10:30:00,60.0,2.5,0,NQ-2,127.52,18.2,7.5,CRD PALMOIL,9000.0,3600.0,dtr1810.pdf,dtr2110.pdf
NAVIGATOR GLORY,2025-10-19 01:42:00,2025-10-20 22:00:00,44.3,1.8458333333333332,0,FB-2,154.17,32.23,0.0,AMMONIA,14803.0,8019.683972911965,dtr1910.pdf,dtr2010.pdf
MYKONOS,2025-10-19 10:00:00,2025-10-21 11:30:00,49.5,2.0625,1,CQ-1,229.0,32.26,14.45,C.COAL,45959.0,22283.151515151516,dtr1810.pdf,dtr2110.pdf
APJ INDRANI,2025-10-19 14:00:00,2025-10-21 15:00:00,49.0,2.0416666666666665,0,IOB,225.0,32.2,14.5,TH.COAL,75000.0,36734.69387755102,dtr1910.pdf,dtr2110.pdf
ELEOVRYTISSA,2025-10-19 15:00:00,2025-10-22 08:06:00,65.1,2.7125,0,PICT,189.99,18.5,9.78,STEEL SLAB,30000.0,11059.907834101383,dtr1910.pdf,dtr2210.pdf
CHOLA PROSPERITY,2025-10-20 07:42:00,2025-10-21 16:00:00,32.3,1.3458333333333332,0,EQ-2,225.0,32.26,14.5,TH.COAL,75000.0,55727.55417956657,dtr2010.pdf,dtr2110.pdf
NAVIGATOR RIDGE,2025-10-20 10:06:00,2025-10-21 13:00:00,26.9,1.1208333333333333,0,SPM-3,248.99,43.8,0.0,CRUDE OIL,99570.0,88835.687732342,dtr2010.pdf,dtr2110.pdf
FRONTIER BONANZA,2025-10-20 11:00:00,2025-10-23 16:00:00,77.0,3.2083333333333335,1,KICT,291.97,45.0,16.5,PCI COAL,152070.0,47398.441558441555,dtr1910.pdf,dtr2310.pdf
LEO SUNRISE,2025-10-20 15:00:00,2025-10-22 03:00:00,36.0,1.5,0,FB-2,173.79,28.0,10.3,AMMONIA,20253.0,13502.0,dtr2010.pdf,dtr2110.pdf
VISHVA VIJETA,2025-10-20 18:00:00,2025-10-23 02:00:00,56.0,2.3333333333333335,0,IOB,189.99,32.26,13.07,TH.COAL,55000.0,23571.42857142857,dtr2010.pdf,dtr2210.pdf
CHOLA LEGACY,2025-10-20 23:00:00,2025-10-22 08:00:00,33.0,1.375,0,CB-2,228.99,32.26,14.5,TH.COAL,78000.0,56727.27272727273,dtr2010.pdf,dtr2110.pdf
RIPLEY PROGRESS,2025-10-21 02:42:00,2025-10-22 02:00:00,23.3,0.9708333333333333,0,EQ-3,225.0,32.26,14.5,TH.COAL,50000.0,51502.14592274678,dtr2110.pdf,dtr2110.pdf
FORTUNE GAS,2025-10-21 04:00:00,2025-10-23 08:00:00,52.0,2.1666666666666665,1,FB-1,173.7,28.0,0.0,AMMONIA,20000.0,9230.769230769232,dtr2010.pdf,dtr2210.pdf
SANMAR SITAR,2025-10-21 09:06:00,2025-10-23 06:00:00,44.9,1.8708333333333333,0,NOJ,183.0,32.2,0.0,HSD,19500.0,10423.162583518932,dtr2110.pdf,dtr2210.pdf
SWARNA SINDHU,2025-10-21 10:00:00,2025-10-22 14:00:00,28.0,1.1666666666666667,0,SPM,228.0,32.24,14.0,CRUDE OIL,60000.0,51428.57142857143,dtr2110.pdf,dtr2210.pdf
RIPLEY PRIDE,2025-10-21 15:30:00,2025-10-22 22:00:00,30.5,1.2708333333333333,0,CB-1,225.0,32.26,0.0,TH.COAL,75000.0,59016.39344262295,dtr2110.pdf,dtr2210.pdf
GEORGIA T,2025-10-22 03:30:00,2025-10-25 15:00:00,83.5,3.4791666666666665,1,FB-2,229.0,32.24,0.0,ROCK PHOS.,77680.0,22327.185628742514,dtr2110.pdf,dtr2510.pdf
RIPLEY PIONEER,2025-10-22 09:00:00,2025-10-23 20:00:00,35.0,1.4583333333333333,1,CB-2,225.0,32.26,14.0,TH.COAL,75000.0,51428.571428571435,dtr2110.pdf,dtr2310.pdf
BMC ALPHA,2025-10-22 10:00:00,2025-10-23 07:25:00,21.416666666666668,0.8923611111111112,1,SQ,111.68,18.6,8.4,R.P.COKE,8500.0,9525.291828793774,dtr2110.pdf,dtr2310.pdf
DESH SHOBHA,2025-10-22 15:00:00,2025-10-24 15:00:00,48.0,2.0,1,SPM,274.33,48.0,16.0,CRUDE OIL,135098.0,67549.0,dtr2210.pdf,dtr2410.pdf
AQUAVITA ETERNITY,2025-10-22 20:00:00,2025-10-24 01:00:00,29.0,1.2083333333333333,0,CQ-3,229.0,32.26,14.5,I.ORE PELLET,75000.0,62068.965517241384,dtr2210.pdf,dtr2310.pdf
JAL VAIBHAV,2025-10-22 22:30:00,2025-10-24 10:00:00,35.5,1.4791666666666667,0,CB-1,228.05,36.5,14.5,TH.COAL,85000.0,57464.788732394365,dtr2210.pdf,dtr2310.pdf
PATMOS,2025-10-22 23:59:00,2025-10-24 14:00:00,38.016666666666666,1.5840277777777778,0,CQ-1,199.9,32.26,12.36,H COAL,40308.0,25446.523454625163,dtr2210.pdf,dtr2410.pdf
SF DARIKA,2025-10-23 00:18:00,2025-10-25 23:00:00,70.7,2.9458333333333333,0,PICT,179.9,28.4,0.0,STEEL SLAB,30000.0,10183.875530410183,dtr2310.pdf,dtr2510.pdf
STRADION,2025-10-23 07:00:00,2025-10-24 07:48:00,24.8,1.0333333333333334,1,MPB,186.4,27.8,8.73,R.P.COKE,15004.0,14519.999999999998,dtr2210.pdf,dtr2410.pdf
JAG AALOK,2025-10-23 11:00:00,2025-10-25 12:00:00,49.0,2.0416666666666665,0,EQ-3,229.0,32.26,14.5,TH.COAL,80000.0,39183.67346938776,dtr2310.pdf,dtr2510.pdf
DAWN MADURAI,2025-10-23 12:00:00,2025-10-27 06:00:00,90.0,3.75,0,NOJ,183.26,32.2,7.5,HSD/M.SPIRIT,25000.0,6666.666666666667,dtr2310.pdf,dtr2610.pdf
SNARTH,2025-10-23 16:10:00,2025-10-24 18:00:00,25.833333333333332,1.0763888888888888,0,SOJ,147.83,32.25,14.5,HSD,16094.0,14951.845161290323,dtr2410.pdf,dtr2410.pdf
MAMA SARA,2025-10-23 16:30:00,2025-10-24 19:00:00,26.5,1.1041666666666667,0,KICT,229.0,32.26,14.45,C.COAL,44000.0,39849.056603773584,dtr2310.pdf,dtr2410.pdf
ZAGREB,2025-10-23 23:59:00,2025-10-26 19:00:00,67.01666666666667,2.792361111111111,0,CQ-2,228.99,32.26,0.0,S.COAL,77005.0,27577.020641631436,dtr2310.pdf,dtr2610.pdf
VISHVA MALHAR,2025-10-24 01:18:00,2025-10-25 00:05:00,22.783333333333335,0.9493055555555556,0,CB-2,189.99,32.26,14.5,TH.COAL,55000.0,57937.088514996336,dtr2410.pdf,dtr2410.pdf
PERTH I,2025-10-24 07:54:00,2025-10-25 18:30:00,34.6,1.4416666666666667,0,EQ-3,189.99,32.26,12.8,TH.COAL,55000.0,38150.28901734104,dtr2410.pdf,dtr2510.pdf
GAS YOUNG,2025-10-24 18:30:00,2025-10-26 20:00:00,49.5,2.0625,0,SOJ,225.16,36.6,11.5,BUTANE/PROPA NE,46127.0,22364.60606060606,dtr2410.pdf,dtr2610.pdf
CHENNAI VALARCHI,2025-10-25 05:06:00,2025-10-26 10:00:00,28.9,1.2041666666666666,0,CB-2,225.0,32.26,4.8,TH.COAL,74000.0,61453.28719723184,dtr2510.pdf,dtr2510.pdf
MARAN LIBRA,2025-10-25 06:00:00,2025-10-27 18:00:00,60.0,2.5,1,SPM,333.0,60.0,20.85,CRUDE OIL,273473.0,109389.2,dtr2410.pdf,dtr2710.pdf
LOLITA,2025-10-25 09:00:00,2025-10-26 10:00:00,25.0,1.0416666666666667,1,KICT,182.94,31.6,10.37,H COAL,36678.0,35210.88,dtr2410.pdf,dtr2610.pdf
GIORGIS,2025-10-25 09:00:00,2025-10-28 01:00:00,64.0,2.6666666666666665,2,KICT,228.92,32.24,0.0,C.COAL,80045.0,30016.875,dtr2410.pdf,dtr2710.pdf
DIANE,2025-10-25 12:30:00,2025-10-27 01:30:00,37.0,1.5416666666666667,0,CB-1,229.0,32.26,14.5,TH.COAL,75000.0,48648.64864864865,dtr2510.pdf,dtr2610.pdf
OTHRYS,2025-10-25 13:00:00,2025-10-26 22:00:00,33.0,1.375,0,NIOB,199.99,32.26,0.0,I.ORE,55000.0,40000.0,dtr2510.pdf,dtr2610.pdf
SINAR MENDAWAI,2025-10-25 13:30:00,2025-10-28 06:00:00,64.5,2.6875,0,FB-1,145.53,23.7,0.0,P. ACID,19000.0,7069.767441860465,dtr2510.pdf,dtr2710.pdf
AOM GAIA,2025-10-25 16:30:00,2025-10-27 21:30:00,53.0,2.2083333333333335,0,IOB,228.9,32.26,14.5,TH.COAL,75000.0,33962.264150943396,dtr2510.pdf,dtr2710.pdf
MAGNET TEAM,2025-10-25 18:00:00,2025-10-30 23:00:00,125.0,5.208333333333333,0,MPB,225.0,32.2,14.0,C.COAL,72150.0,13852.800000000001,dtr2510.pdf,dtr3110.pdf
MYKONOS,2025-10-26 12:00:00,2025-10-27 22:00:00,34.0,1.4166666666666667,0,CB-2,229.0,32.26,14.5,TH.COAL,80000.0,56470.58823529411,dtr2610.pdf,dtr2710.pdf
CLIPPER ALEXANDRIA,2025-10-26 13:30:00,2025-10-31 02:00:00,108.5,4.520833333333333,0,PICT,179.9,28.4,12.5,STEEL PLATE,23805.0,5265.622119815668,dtr2610.pdf,dtr3010.pdf
METTLE STAR,2025-10-26 21:18:00,2025-10-28 05:00:00,31.7,1.3208333333333333,0,CQ-3,228.99,32.26,14.5,I.ORE PELLET,75000.0,56782.33438485805,dtr2710.pdf,dtr2710.pdf
CHOLA SERENITY,2025-10-27 03:48:00,2025-10-29 14:30:00,58.7,2.4458333333333333,0,IOB,224.94,32.26,0.0,TH.COAL,75000.0,30664.395229982965,dtr2710.pdf,dtr2910.pdf
SEA EMPIRE,2025-10-27 09:00:00,2025-10-29 17:00:00,56.0,2.3333333333333335,1,CQ-1,229.0,32.26,14.48,S.COAL,44724.0,19167.42857142857,dtr2610.pdf,dtr2910.pdf
JAG PUSHPA,2025-10-27 10:30:00,2025-10-28 23:00:00,36.5,1.5208333333333333,0,SOJ,183.0,32.2,8.5,NAPTHA,9000.0,5917.808219178082,dtr2710.pdf,dtr2810.pdf
KS GRACE,2025-10-27 15:30:00,2025-10-31 06:00:00,86.5,3.6041666666666665,2,SQ,176.5,28.8,10.6,C.COAL,17000.0,4716.763005780347,dtr2710.pdf,dtr3010.pdf
JY OCEAN,2025-10-27 17:00:00,2025-10-31 22:00:00,101.0,4.208333333333333,2,CQ-2,225.5,32.26,14.5,DOLOMITE/LM. S,40000.0,9504.950495049505,dtr2710.pdf,dtr3110.pdf
DECCAN PRIDE,2025-10-27 22:30:00,2025-10-30 23:30:00,73.0,3.0416666666666665,2,CB-1/CB-2,225.0,32.26,14.5,TH.COAL,74000.0,24328.76712328767,dtr2710.pdf,dtr3010.pdf
APJ JAOUAD,2025-10-27 23:00:00,2025-10-30 23:00:00,72.0,3.0,1,CB-1/CB-2,225.0,32.2,14.5,TH.COAL,75000.0,25000.0,dtr2710.pdf,dtr3010.pdf
EFESSOS WAVE,2025-10-28 01:30:00,2025-10-31 10:00:00,80.5,3.3541666666666665,2,KICT,229.0,32.26,14.0,C.COAL,82500.0,24596.273291925467,dtr2710.pdf,dtr3010.pdf
SUNRISE I,2025-10-28 05:30:00,2025-10-31 00:30:00,67.0,2.7916666666666665,2,CQ-3,228.9,32.24,14.5,I.ORE PELLET,75000.0,26865.671641791047,dtr2710.pdf,dtr3010.pdf
DAWN MANSAROVAR,2025-10-28 14:30:00,2025-11-02 01:00:00,106.5,4.4375,1,NOJ,184.6,27.4,7.8,F.O,8946.0,2016.0,dtr2810.pdf,dtr0111.pdf
GIORGIS,2025-10-28 15:00:00,2025-10-29 07:30:00,16.5,0.6875,0,EQ-3,228.92,32.24,14.5,TH.COAL,80000.0,116363.63636363637,dtr2810.pdf,dtr2910.pdf
GREEN ONE,2025-10-28 18:30:00,2025-10-30 19:00:00,48.5,2.0208333333333335,1,FB-1,180.0,32.2,14.0,AMMONIA,6000.0,2969.0721649484535,dtr2810.pdf,dtr3010.pdf
CHOLA MELODY,2025-10-29 06:00:00,2025-10-30 22:00:00,40.0,1.6666666666666667,1,EQ-2,224.99,32.26,14.5,TH.COAL,75000.0,45000.0,dtr2810.pdf,dtr3010.pdf
GIORGIS,2025-10-29 16:00:00,2025-10-31 16:00:00,48.0,2.0,0,EQ-3,228.92,32.24,14.5,TH.COAL,80000.0,40000.0,dtr2910.pdf,dtr3110.pdf
TORM ALMENA,2025-10-30 05:00:00,2025-10-31 06:42:00,25.7,1.0708333333333333,1,SOJ,183.2,32.2,8.0,HSD,18000.0,16809.33852140078,dtr2910.pdf,dtr3110.pdf
MINERVA SYMPHONY,2025-10-30 10:00:00,2025-10-31 13:30:00,27.5,1.1458333333333333,1,SPM,276.88,50.0,0.0,CRUDE OIL,136352.0,118998.1090909091,dtr3010.pdf,dtr3110.pdf
DHALKUT,2025-10-30 12:00:00,2025-11-01 20:00:00,56.0,2.3333333333333335,0,SPM-3,336.0,9.6,2.35,CRUDE OIL,256666.0,109999.71428571428,dtr3010.pdf,dtr0111.pdf
OCEAN FREEDOM,2025-10-30 13:30:00,2025-11-01 15:00:00,49.5,2.0625,0,IOB,190.0,32.26,13.0,I.ORE,54300.0,26327.272727272728,dtr3010.pdf,dtr0111.pdf
JIPRO NEFTIS,2025-10-30 19:30:00,2025-10-31 16:30:00,21.0,0.875,0,FB-1,174.43,27.7,8.6,P. ACID,5549.0,6341.714285714285,dtr3010.pdf,dtr3110.pdf
VISHVA PRERNA,2025-10-31 00:01:00,2025-11-01 07:00:00,30.983333333333334,1.2909722222222222,0,CB-1/CB-2,190.0,32.26,13.0,TH.COAL,55600.0,43068.316299085534,dtr3010.pdf,dtr3110.pdf
RGR OKINAWA,2025-10-31 10:30:00,2025-11-01 12:00:00,25.5,1.0625,1,KICT,229.0,32.26,14.6,C.COAL,42000.0,39529.41176470588,dtr3010.pdf,dtr0111.pdf
CHOLA PROSPERITY,2025-10-31 13:00:00,2025-11-01 18:00:00,29.0,1.2083333333333333,0,EQ-2,225.0,32.26,14.5,TH.COAL,75000.0,62068.965517241384,dtr3110.pdf,dtr0111.pdf
NEW LIBERTY,2025-10-31 14:00:00,2025-11-01 18:30:00,28.5,1.1875,0,SPM,274.0,48.0,17.5,CRUDE OIL,119607.0,100721.68421052632,dtr3110.pdf,dtr0111.pdf
AL MAQAM,2025-10-31 14:30:00,2025-11-04 22:00:00,103.5,4.3125,0,FB-2,199.9,32.26,13.45,ROCK PHOS.,61500.0,14260.869565217392,dtr3110.pdf,dtr0411.pdf
ERACLE,2025-10-31 17:00:00,2025-11-03 11:00:00,66.0,2.75,0,FB-1,189.9,32.26,12.95,ROCK PHOS.,55688.0,20250.18181818182,dtr3110.pdf,dtr0211.pdf
SWARNA PUSHP,2025-10-31 19:00:00,2025-11-02 09:00:00,38.0,1.5833333333333333,0,SOJ,184.95,32.23,8.0,HSD,15000.0,9473.684210526317,dtr0111.pdf,dtr0111.pdf
XENIA,2025-11-01 04:30:00,2025-11-03 16:00:00,59.5,2.4791666666666665,1,CQ-1,229.0,32.26,14.5,DOLOMITE/LM. ST.,43000.0,17344.537815126052,dtr3110.pdf,dtr0311.pdf
MILAGRO,2025-11-01 06:00:00,2025-11-02 16:00:00,34.0,1.4166666666666667,1,SQ,225.0,32.26,0.0,NUT COKE,20000.0,14117.647058823528,dtr3110.pdf,dtr0211.pdf
JAL VAIBHAV,2025-11-01 09:00:00,2025-11-02 17:00:00,32.0,1.3333333333333333,1,CB-2,228.05,36.5,14.5,TH.COAL,85000.0,63750.0,dtr3110.pdf,dtr0211.pdf
INDIAN PARTNERSHIP,2025-11-01 13:00:00,2025-11-04 17:30:00,76.5,3.1875,0,KICT,292.0,45.0,16.5,S.COAL,155676.0,48839.529411764706,dtr0111.pdf,dtr0411.pdf
ASTARTE,2025-11-01 20:30:00,2025-11-03 04:00:00,31.5,1.3125,0,CQ-3,229.0,32.26,14.5,I.ORE PELLET,75000.0,57142.857142857145,dtr0111.pdf,dtr0211.pdf
YASA PIONEER,2025-11-02 01:36:00,2025-11-03 09:00:00,31.4,1.3083333333333333,0,NIOB,228.99,32.26,0.0,I.ORE,75000.0,57324.84076433121,dtr0211.pdf,dtr0211.pdf
JAG PANKHI,2025-11-02 02:00:00,2025-11-03 18:00:00,40.0,1.6666666666666667,1,NOJ,183.0,32.2,11.9,HSD/M.SPIRIT,30000.0,18000.0,dtr0111.pdf,dtr0311.pdf
VISHVA ANAND,2025-11-02 08:00:00,2025-11-05 21:00:00,85.0,3.5416666666666665,1,MPB,229.0,32.24,14.5,S.COAL,77441.0,21865.69411764706,dtr0111.pdf,dtr0511.pdf
KAIROS,2025-11-02 09:48:00,2025-11-03 23:00:00,37.2,1.55,0,SPM-3,274.2,48.0,15.7,CRUDE OIL,139403.0,89937.41935483871,dtr0211.pdf,dtr0311.pdf
WEPION,2025-11-02 15:00:00,2025-11-03 10:00:00,19.0,0.7916666666666666,0,FB-2,179.92,28.4,0.0,AMMONIA,10300.0,13010.526315789475,dtr0211.pdf,dtr0211.pdf
APJ KABIR ANAND,2025-11-02 17:30:00,2025-11-03 23:30:00,30.0,1.25,0,CB-2,225.0,32.26,0.0,TH.COAL,75000.0,60000.0,dtr0211.pdf,dtr0311.pdf
JAG VIRAAT,2025-11-02 19:00:00,2025-11-05 11:00:00,64.0,2.6666666666666665,0,SOJ,230.0,32.26,14.5,BUTANE/PROPA NE,24700.0,9262.5,dtr0211.pdf,dtr0511.pdf
BRIGHT WIND,2025-11-02 23:00:00,2025-11-05 20:00:00,69.0,2.875,1,CQ-1,228.99,32.26,14.36,PYROXENITE,40000.0,13913.04347826087,dtr0211.pdf,dtr0511.pdf
TAI KNIGHT,2025-11-02 23:00:00,2025-11-05 02:00:00,51.0,2.125,0,CQ-1,228.99,32.26,14.5,C.COAL,51866.0,24407.529411764706,dtr0211.pdf,dtr0411.pdf
RIPLEY PROGRESS,2025-11-02 23:30:00,2025-11-04 18:30:00,43.0,1.7916666666666667,0,CB-1,225.0,32.26,14.5,TH.COAL,75000.0,41860.46511627907,dtr0211.pdf,dtr0411.pdf
BRIGHT PIONEER,2025-11-03 13:00:00,2025-11-05 09:00:00,44.0,1.8333333333333333,1,SPM-2,333.0,60.0,20.5,CRUDE OIL,287291.0,156704.18181818182,dtr0211.pdf,dtr0511.pdf
SEA LYRA,2025-11-04 18:00:00,2025-11-06 10:00:00,40.0,1.6666666666666667,0,KICT,229.0,32.26,14.0,C.COAL,74481.0,44688.6,dtr0411.pdf,dtr0511.pdf
CASSIOPEIA OCEAN,2026-06-18 11:00:00,2026-06-20 04:00:00,41.0,1.7083333333333333,0,EQ-3,229.0,32.24,14.5,TH.COAL,80000.0,46829.26829268293,dtr1806.pdf,dtr1906.pdf
DEVBULK ASLAN,2026-06-19 03:00:00,2026-06-21 14:00:00,59.0,2.4583333333333335,1,IOB,182.98,32.26,13.0,I.ORE,52000.0,21152.542372881355,dtr1806.pdf,dtr2106.pdf
GANESHWAR,2026-06-19 03:30:00,2026-06-19 06:54:00,3.4,0.14166666666666666,0,NQ-3,72.0,14.0,3.0,GYPSUM,1800.0,12705.882352941177,dtr1806.pdf,dtr1906.pdf
HORIZON DREAM,2026-06-19 06:30:00,2026-06-21 02:00:00,43.5,1.8125,1,KICT,229.93,38.0,0.0,C.COAL,82500.0,45517.24137931035,dtr1806.pdf,dtr2006.pdf
RIPLEY PROSPERITY,2026-06-19 08:00:00,2026-06-20 21:00:00,37.0,1.5416666666666667,1,CB-1,224.94,32.26,14.5,TH.COAL,75000.0,48648.64864864865,dtr1806.pdf,dtr2006.pdf
GOLDEN FAITH,2026-06-19 10:05:00,2026-06-23 16:00:00,101.91666666666667,4.246527777777778,0,CQ-3,227.2,36.0,14.0,I.ORE PELLET,75000.0,17661.488143908424,dtr1906.pdf,dtr2306.pdf
RIPLEY PIONEER,2026-06-19 13:00:00,2026-06-21 12:30:00,47.5,1.9791666666666667,0,EQ-2,225.0,32.26,14.5,TH.COAL,76000.0,38400.0,dtr1906.pdf,dtr2106.pdf
SEA EAGLE,2026-06-19 13:30:00,2026-06-25 20:00:00,150.5,6.270833333333333,0,PICT,179.95,32.0,0.0,STEEL BEAM/STEEL,32500.0,5182.724252491695,dtr1906.pdf,dtr2506.pdf
HUI YUAN,2026-06-19 14:30:00,2026-06-24 16:00:00,121.5,5.0625,0,SQ,224.79,32.26,0.0,I.ORE,75000.0,14814.814814814816,dtr1906.pdf,dtr2406.pdf
SHUO LONG 618,2026-06-19 16:30:00,2026-06-23 01:00:00,80.5,3.3541666666666665,0,CQ-1,187.88,32.26,0.0,LM. ST.,53715.0,16014.4099378882,dtr1906.pdf,dtr2206.pdf
WOOHYUN GREEN,2026-06-19 19:00:00,2026-06-22 07:00:00,60.0,2.5,0,PICT-2,131.9,22.0,9.7,F NICKLE,14949.0,5979.6,dtr1906.pdf,dtr2106.pdf
JIAYAO,2026-06-19 22:00:00,2026-06-25 14:00:00,136.0,5.666666666666667,1,CQ-2,189.99,32.26,13.0,I.ORE,55000.0,9705.882352941177,dtr1906.pdf,dtr2506.pdf
GANESHWAR,2026-06-20 03:08:00,2026-06-20 07:00:00,3.8666666666666667,0.16111111111111112,0,NQ-3,72.0,14.0,3.0,GYPSUM,1800.0,11172.413793103447,dtr2006.pdf,dtr2006.pdf
SELVA,2026-06-20 09:06:00,2026-06-21 13:00:00,27.9,1.1624999999999999,0,SPM-2,240.0,42.0,14.5,CRUDE OIL,97168.0,83585.37634408603,dtr2006.pdf,dtr2106.pdf
CORATO,2026-06-20 11:12:00,2026-06-22 16:00:00,52.8,2.1999999999999997,0,EQ-3,228.99,32.26,14.5,TH.COAL,80000.0,36363.63636363637,dtr2006.pdf,dtr2206.pdf
ESPOIR SEVEN,2026-06-20 12:00:00,2026-06-21 23:30:00,35.5,1.4791666666666667,0,NQ-2,119.93,21.2,0.0,FE.CR,6000.0,4056.338028169014,dtr2006.pdf,dtr2106.pdf
GANESHWAR,2026-06-20 15:30:00,2026-06-20 19:00:00,3.5,0.14583333333333334,0,NQ-3,72.0,14.0,3.0,GYPSUM,1800.0,12342.857142857141,dtr2006.pdf,dtr2006.pdf
OCEAN HOPE,2026-06-20 17:00:00,2026-06-21 22:00:00,29.0,1.2083333333333333,0,NIOB,178.2,26.8,12.95,I.ORE,55000.0,45517.24137931035,dtr2006.pdf,dtr2106.pdf
MARINE FORTUNE I,2026-06-20 18:00:00,2026-06-22 01:00:00,31.0,1.2916666666666667,0,CB-1/CB-2,225.0,32.2,13.8,TH.COAL,72000.0,55741.93548387096,dtr2006.pdf,dtr2106.pdf
SIKINOS,2026-06-20 22:00:00,2026-06-28 22:30:00,192.5,8.020833333333334,0,CB-1/CB-2,199.99,32.26,13.5,TH.COAL,60000.0,7480.51948051948,dtr2006.pdf,dtr2806.pdf
JAG AMAIRA,2026-06-21 03:00:00,2026-06-22 09:42:00,30.7,1.2791666666666666,1,KICT,229.0,32.26,14.47,C.COAL,44000.0,34397.39413680782,dtr2006.pdf,dtr2206.pdf
GANESHWAR,2026-06-21 04:00:00,2026-06-21 08:00:00,4.0,0.16666666666666666,0,NQ-3,72.0,14.0,3.0,GYPSUM,1800.0,10800.0,dtr2006.pdf,dtr2006.pdf
PAZIFIK,2026-06-21 12:00:00,2026-06-24 19:00:00,79.0,3.2916666666666665,0,FB-1,204.98,32.23,10.09,AMMONIA,33781.0,10262.582278481013,dtr2106.pdf,dtr2406.pdf
NEWSUN UNITY,2026-06-21 15:00:00,2026-06-24 18:00:00,75.0,3.125,0,IOB,189.99,32.26,14.5,I.ORE,55000.0,17600.0,dtr2106.pdf,dtr2406.pdf
SAFESEA VIDYA,2026-06-21 16:30:00,2026-06-23 10:00:00,41.5,1.7291666666666667,1,CB-1,229.0,32.24,0.0,TH.COAL,79000.0,45686.7469879518,dtr2106.pdf,dtr2206.pdf
GANESHWAR,2026-06-21 17:00:00,2026-06-21 20:30:00,3.5,0.14583333333333334,0,NQ-3,72.0,14.0,3.0,GYPSUM,1800.0,12342.857142857141,dtr2106.pdf,dtr2106.pdf
GANESHWAR,2026-06-22 05:00:00,2026-06-22 09:00:00,4.0,0.16666666666666666,1,NQ-3,72.0,14.0,3.0,GYPSUM,1800.0,10800.0,dtr2106.pdf,dtr2106.pdf
NELSA,2026-06-22 06:00:00,2026-06-23 15:00:00,33.0,1.375,1,SPM-2,274.5,48.0,0.0,CRUDE OIL,146529.0,106566.54545454546,dtr2106.pdf,dtr2306.pdf
CD CHERRY,2026-06-22 08:00:00,2026-06-24 14:00:00,54.0,2.25,1,PICT-2,110.49,19.2,9.2,STEEL SLAB,9951.0,4422.666666666667,dtr2106.pdf,dtr2406.pdf
APJ JAOUAD,2026-06-22 08:06:00,2026-06-23 13:00:00,28.9,1.2041666666666666,0,EQ-2,225.0,32.2,0.0,TH.COAL,75000.0,62283.73702422145,dtr2206.pdf,dtr2306.pdf
HAMPTON SKY,2026-06-22 10:30:00,2026-06-23 14:00:00,27.5,1.1458333333333333,1,KICT,228.9,32.24,14.5,PCI COAL,40000.0,34909.09090909091,dtr2106.pdf,dtr2306.pdf
HELSINKI,2026-06-22 11:00:00,2026-06-24 05:00:00,42.0,1.75,0,SOJ,204.98,32.2,11.3,BUTANE,22000.0,12571.42857142857,dtr2206.pdf,dtr2306.pdf
CHOLA DESTINY,2026-06-22 15:30:00,2026-06-24 17:00:00,49.5,2.0625,0,MPB,224.94,32.26,14.33,LM. ST.,40000.0,19393.939393939392,dtr2206.pdf,dtr2406.pdf
SANMAR SONGBIRD,2026-06-22 21:30:00,2026-06-24 12:00:00,38.5,1.6041666666666667,0,NOJ,182.5,32.0,9.4,HSD/M.SPIRIT,21739.0,13551.584415584415,dtr2206.pdf,dtr2406.pdf
RIPLEY PROGRESS,2026-06-22 23:48:00,2026-06-26 05:00:00,77.2,3.216666666666667,0,EQ-3,225.0,32.26,14.5,TH.COAL,76000.0,23626.943005181347,dtr2306.pdf,dtr2606.pdf
PANASIATIC,2026-06-23 01:30:00,2026-06-27 08:00:00,102.5,4.270833333333333,0,CQ-1,228.99,32.26,14.38,PCI COAL,80199.0,18778.30243902439,dtr2206.pdf,dtr2606.pdf
GANESHWAR,2026-06-23 06:40:00,2026-06-23 10:10:00,3.5,0.14583333333333334,0,NQ-3,72.0,14.0,3.0,GYPSUM,1800.0,12342.857142857141,dtr2306.pdf,dtr2306.pdf
ELBUS,2026-06-23 09:00:00,2026-06-24 21:00:00,36.0,1.5,0,SPM-3,274.47,48.0,0.0,CRUDE OIL,139853.0,93235.33333333333,dtr2306.pdf,dtr2406.pdf
DAMON,2026-06-23 13:30:00,2026-06-25 05:00:00,39.5,1.6458333333333333,0,EQ-2,199.99,32.26,13.3,TH.COAL,60000.0,36455.696202531646,dtr2306.pdf,dtr2406.pdf
USANEE NAREE,2026-06-23 14:30:00,2026-06-25 03:00:00,36.5,1.5208333333333333,0,KICT,199.99,36.0,13.0,C.COAL,64556.0,42447.78082191781,dtr2306.pdf,dtr2406.pdf
GANESHWAR,2026-06-23 18:00:00,2026-06-23 22:30:00,4.5,0.1875,0,NQ-3,72.0,32.23,11.5,GYPSUM,1800.0,9600.0,dtr2306.pdf,dtr2306.pdf
APJ KABIR ANAND,2026-06-24 00:30:00,2026-06-25 04:00:00,27.5,1.1458333333333333,0,CB-1,225.0,32.26,0.0,TH.COAL,75000.0,65454.545454545456,dtr2406.pdf,dtr2406.pdf
GANESHWAR,2026-06-24 07:30:00,2026-06-24 10:00:00,2.5,0.10416666666666667,1,NQ-3,72.0,14.0,3.0,GYPSUM,1800.0,17280.0,dtr2306.pdf,dtr2306.pdf
DECCAN PRIDE,2026-06-24 08:30:00,2026-06-25 16:30:00,32.0,1.3333333333333333,1,CB-1,225.0,32.26,14.5,TH.COAL,73200.0,54900.0,dtr2306.pdf,dtr2506.pdf
DAWN MADURAI,2026-06-24 12:30:00,2026-07-03 10:00:00,213.5,8.895833333333334,0,NOJ,183.26,32.2,9.1,HSD,12000.0,1348.9461358313818,dtr2406.pdf,dtr0207.pdf
BBC JUPITER,2026-06-24 14:30:00,2026-06-26 18:00:00,51.5,2.1458333333333335,0,PICT-2,189.99,28.5,0.0,STEEL SLAB,20016.0,9327.844660194174,dtr2406.pdf,dtr2606.pdf
XIN HAI TONG 803,2026-06-24 16:30:00,2026-06-28 10:30:00,90.0,3.75,0,MPB,229.0,32.26,0.0,C.COAL,78650.0,20973.333333333332,dtr2406.pdf,dtr2706.pdf
VISHVA PRERNA,2026-06-24 17:30:00,2026-06-25 12:00:00,18.5,0.7708333333333334,0,SQ,190.0,32.26,0.0,B LUMPS,6000.0,7783.783783783783,dtr2406.pdf,dtr2506.pdf
CURACAO,2026-06-24 18:30:00,2026-06-27 08:48:00,62.3,2.595833333333333,0,IOB,189.99,32.26,13.0,I.ORE,57000.0,21958.266452648477,dtr2406.pdf,dtr2706.pdf
HARI PRIYA,2026-06-24 19:30:00,2026-06-25 18:00:00,22.5,0.9375,0,SOJ,183.0,32.23,0.0,M.SPIRIT,15000.0,16000.0,dtr2406.pdf,dtr2506.pdf
GANESHWAR,2026-06-24 20:00:00,2026-06-24 23:00:00,3.0,0.125,0,NQ-3,72.0,14.0,3.0,GYPSUM,1800.0,14400.0,dtr2406.pdf,dtr2406.pdf
AMNSI STALLION,2026-06-24 20:30:00,2026-06-26 06:00:00,33.5,1.3958333333333333,0,CQ-3,229.0,32.26,14.0,I.ORE PELLET,75000.0,53731.34328358209,dtr2406.pdf,dtr2506.pdf
NONDAS,2026-06-25 03:30:00,2026-06-26 23:30:00,44.0,1.8333333333333333,1,KICT,229.0,32.26,14.5,C.COAL,45567.0,24854.727272727272,dtr2406.pdf,dtr2606.pdf
GANESHWAR,2026-06-25 08:00:00,2026-06-25 10:30:00,2.5,0.10416666666666667,0,NQ-3,72.0,14.0,3.0,GYPSUM,1800.0,17280.0,dtr2406.pdf,dtr2406.pdf
NEW LEGEND,2026-06-25 10:00:00,2026-06-26 14:00:00,28.0,1.1666666666666667,0,SPM-2,274.2,48.04,14.5,CRUDE OIL,125178.0,107295.42857142857,dtr2506.pdf,dtr2606.pdf
BALBOA,2026-06-25 14:30:00,2026-06-26 12:00:00,21.5,0.8958333333333334,1,CQ-2,229.0,32.26,9.9,M. COKE,5000.0,5581.395348837209,dtr2506.pdf,dtr2606.pdf
SPETSES,2026-06-25 20:30:00,2026-06-30 04:00:00,103.5,4.3125,1,PICT,199.9,32.26,0.0,STEEL SLAB,50000.0,11594.202898550724,dtr2506.pdf,dtr2906.pdf
JIN YUAN MEN,2026-06-25 20:45:00,2026-06-28 17:00:00,68.25,2.84375,0,CQ-2,199.92,32.27,13.5,I.ORE,62550.0,21995.604395604394,dtr2606.pdf,dtr2806.pdf
GANESHWAR,2026-06-25 21:00:00,2026-06-25 23:00:00,2.0,0.08333333333333333,0,NQ-3,72.0,14.0,3.0,GYPSUM,1800.0,21600.0,dtr2506.pdf,dtr2506.pdf
CHOLA MELODY,2026-06-25 23:36:00,2026-06-27 04:00:00,28.4,1.1833333333333333,0,CB-2,224.99,32.26,14.5,TH.COAL,75000.0,63380.281690140844,dtr2606.pdf,dtr2606.pdf
BOGAZICI,2026-06-26 00:48:00,2026-06-28 11:00:00,58.2,2.4250000000000003,0,SOJ,174.2,28.0,9.6,PROPANE,14750.0,6082.474226804123,dtr2606.pdf,dtr2706.pdf
LILA SEOUL,2026-06-26 07:54:00,2026-06-27 23:00:00,39.1,1.6291666666666667,0,CB-1,229.0,32.26,0.0,TH.COAL,79000.0,48491.04859335038,dtr2606.pdf,dtr2706.pdf
GANESHWAR,2026-06-26 09:00:00,2026-06-26 14:30:00,5.5,0.22916666666666666,1,NQ-3,72.0,14.0,3.0,GYPSUM,1800.0,7854.545454545455,dtr2506.pdf,dtr2606.pdf
STAR ISLAND,2026-06-26 10:30:00,2026-06-27 17:00:00,30.5,1.2708333333333333,0,NIOB,199.99,28.4,10.15,I.ORE,57000.0,44852.45901639345,dtr2606.pdf,dtr2706.pdf
ANGLO MARIE LOUISE,2026-06-26 12:30:00,2026-06-28 09:00:00,44.5,1.8541666666666667,0,SQ,255.25,43.0,0.0,S.COAL,33778.0,18217.34831460674,dtr2606.pdf,dtr2706.pdf
VISHVA PRERNA,2026-06-26 15:00:00,2026-06-27 18:00:00,27.0,1.125,0,EQ-3,190.0,32.26,13.0,TH.COAL,55000.0,48888.88888888889,dtr2606.pdf,dtr2706.pdf
WOOYANG QUEEN,2026-06-26 18:30:00,2026-07-03 18:00:00,167.5,6.979166666666667,0,PICT-2,199.98,32.24,0.0,STEEL SLAB,50000.0,7164.179104477612,dtr2606.pdf,dtr0307.pdf
GOLDEN DENISE,2026-06-26 19:00:00,2026-06-28 11:30:00,40.5,1.6875,0,FB-1,124.0,32.26,0.0,SUL ACID,11450.0,6785.185185185185,dtr2606.pdf,dtr2706.pdf
WILLOWS,2026-06-26 23:00:00,2026-06-28 11:00:00,36.0,1.5,0,NOJ,173.1,32.2,0.0,HSD/M.SPIRIT,19600.0,13066.666666666666,dtr2606.pdf,dtr2806.pdf
LUCKY JESSICA,2026-06-27 00:01:00,2026-06-28 21:00:00,44.983333333333334,1.8743055555555557,1,KICT,229.0,36.5,12.9,C.COAL,74330.0,39657.354575768804,dtr2606.pdf,dtr2806.pdf
CHOLA LEGACY,2026-06-27 00:42:00,2026-06-28 07:30:00,30.8,1.2833333333333334,0,CB-1,228.99,32.26,0.0,TH.COAL,69000.0,53766.23376623376,dtr2706.pdf,dtr2706.pdf
V OCEAN 801,2026-06-27 08:30:00,2026-06-30 10:00:00,73.5,3.0625,1,CQ-1,228.99,32.26,14.5,C.COAL,45460.0,14844.081632653062,dtr2606.pdf,dtr2906.pdf
GANESHWAR,2026-06-27 11:00:00,2026-06-27 15:00:00,4.0,0.16666666666666666,0,NQ-3,72.0,14.0,3.0,GYPSUM,1800.0,10800.0,dtr2706.pdf,dtr2706.pdf
KAI 1,2026-06-27 14:00:00,2026-06-28 20:00:00,30.0,1.25,0,SPM-2,243.98,42.0,14.92,CRUDE OIL,100418.0,80334.4,dtr2706.pdf,dtr2806.pdf
JAL VAIBHAV,2026-06-27 18:42:00,2026-06-30 07:24:00,60.7,2.529166666666667,0,CB-2,228.05,36.5,0.0,TH.COAL,79000.0,31235.584843492587,dtr2806.pdf,dtr3006.pdf
LAURANCE FRANCOISE,2026-06-27 19:00:00,2026-06-29 12:00:00,41.0,1.7083333333333333,0,EQ-3,228.99,32.26,14.5,TH.COAL,77000.0,45073.170731707316,dtr2706.pdf,dtr2906.pdf
APJ SETHU,2026-06-28 07:48:00,2026-06-29 16:00:00,32.2,1.3416666666666668,0,EQ-2,224.86,32.26,0.0,TH.COAL,75000.0,55900.621118012416,dtr2806.pdf,dtr2906.pdf
RIPLEY PROSPERITY,2026-06-28 09:30:00,2026-06-29 14:30:00,29.0,1.2083333333333333,0,CB-1,224.94,32.26,14.5,TH.COAL,75000.0,62068.965517241384,dtr2806.pdf,dtr2906.pdf
GANESHWAR,2026-06-28 10:00:00,2026-06-28 15:30:00,5.5,0.22916666666666666,1,NQ-3,72.0,14.0,3.0,GYPSUM,1800.0,7854.545454545455,dtr2706.pdf,dtr2806.pdf
BASSET,2026-06-28 12:30:00,2026-06-30 06:00:00,41.5,1.7291666666666667,0,SOJ,182.5,32.26,14.5,NAPTHA,33000.0,19084.33734939759,dtr2806.pdf,dtr2906.pdf
NSG GLORY,2026-06-28 13:30:00,2026-06-30 13:00:00,47.5,1.9791666666666667,0,CQ-1,189.99,32.26,13.1,PYROXENITE,28000.0,14147.368421052632,dtr2806.pdf,dtr3006.pdf
MARILITA,2026-06-28 14:30:00,2026-07-01 13:00:00,70.5,2.9375,0,MPB,228.99,32.26,14.5,C.COAL,46550.0,15846.808510638299,dtr2806.pdf,DTR0107.pdf
CHOLA UNITY,2026-06-28 18:00:00,2026-07-05 06:00:00,156.0,6.5,0,CQ-2,229.0,36.5,0.0,LM. ST.,80280.0,12350.76923076923,dtr2806.pdf,dtr0407.pdf
MASTRO NIKOS,2026-06-28 19:00:00,2026-06-30 23:00:00,52.0,2.1666666666666665,1,CB-2,229.0,32.26,14.5,TH.COAL,75000.0,34615.38461538462,dtr2806.pdf,dtr3006.pdf
STAR AMETHYST,2026-06-28 22:00:00,2026-07-01 06:00:00,56.0,2.3333333333333335,0,KICT,228.99,32.26,0.0,C.COAL,79686.0,34151.142857142855,dtr2806.pdf,dtr3006.pdf
MARIANNA C,2026-06-28 23:00:00,2026-07-02 16:00:00,89.0,3.7083333333333335,0,IOB,199.9,32.26,13.3,TH.COAL,60000.0,16179.775280898875,dtr2806.pdf,dtr0207.pdf
WALRUS,2026-06-29 06:00:00,2026-06-30 16:00:00,34.0,1.4166666666666667,1,SPM-2,274.19,49.97,0.0,CRUDE OIL,143332.0,101175.5294117647,dtr2806.pdf,dtr3006.pdf
GANESHWAR,2026-06-29 10:30:00,2026-06-29 16:30:00,6.0,0.25,1,NQ-3,72.0,14.0,3.0,GYPSUM,1800.0,7200.0,dtr2806.pdf,dtr2906.pdf
COSNEW LAKE,2026-06-29 11:00:00,2026-07-01 14:00:00,51.0,2.125,1,SPM-3,332.68,60.0,19.5,CRUDE OIL,258698.0,121740.23529411765,dtr2806.pdf,dtr3006.pdf
CHOLA DESTINY,2026-06-29 15:00:00,2026-07-01 01:00:00,34.0,1.4166666666666667,0,CB-1,224.94,32.26,14.5,TH.COAL,74500.0,52588.23529411764,dtr2906.pdf,dtr3006.pdf
NOVA BREEZE,2026-06-29 22:30:00,2026-07-01 11:00:00,36.5,1.5208333333333333,0,FB-1,180.0,28.8,9.9,AMMONIA,14000.0,9205.479452054795,dtr2906.pdf,DTR0107.pdf
MSC CARINA,2026-06-30 00:12:00,2026-07-01 22:00:00,45.8,1.9083333333333332,0,EQ-2,253.5,43.0,14.5,TH.COAL,100000.0,52401.746724890836,dtr3006.pdf,DTR0107.pdf
SEA SOAR,2026-06-30 02:42:00,2026-07-01 03:45:00,25.05,1.04375,0,FB-2,169.97,24.2,10.1,AMMONIA,14481.0,13874.011976047905,dtr3006.pdf,DTR0107.pdf
NORSE EXPANSION,2026-06-30 04:30:00,2026-07-03 12:00:00,79.5,3.3125,1,PICT,199.9,32.24,10.65,PIG IRON,42975.0,12973.584905660377,dtr2906.pdf,dtr0307.pdf
TRIDENT UNITY,2026-06-30 09:08:00,2026-07-01 15:00:00,29.866666666666667,1.2444444444444445,0,EQ-3,190.0,32.26,13.0,TH.COAL,55000.0,44196.42857142857,dtr3006.pdf,DTR0107.pdf
AVON TRADER,2026-06-30 10:30:00,2026-07-05 22:00:00,131.5,5.479166666666667,1,SQ,229.0,32.26,10.09,C.COAL,44000.0,8030.41825095057,dtr2906.pdf,dtr0507.pdf
GANESHWAR,2026-06-30 11:00:00,2026-06-30 16:30:00,5.5,0.22916666666666666,1,NQ-3,72.0,14.0,3.0,GYPSUM,1800.0,7854.545454545455,dtr2906.pdf,dtr3006.pdf
PEDHOULAS CEDRUS,2026-06-30 13:30:00,2026-07-07 16:00:00,170.5,7.104166666666667,0,CQ-1,225.1,32.26,14.5,C.COAL,78928.0,11110.099706744868,dtr3006.pdf,dtr0707.pdf
LS NEPTUNE,2026-06-30 23:48:00,2026-07-02 06:00:00,30.2,1.2583333333333333,0,SOJ,183.0,32.2,0.0,NAPTHA,33000.0,26225.16556291391,DTR0107.pdf,DTR0107.pdf
SAFESEA VIDYA,2026-07-01 02:00:00,2026-07-02 23:00:00,45.0,1.875,1,CB-1/CB-2,229.0,32.24,14.5,TH.COAL,79000.0,42133.333333333336,dtr3006.pdf,dtr0207.pdf
MILLICENT,2026-07-01 06:30:00,2026-07-04 10:00:00,75.5,3.1458333333333335,1,KICT,295.0,46.0,16.5,S.COAL,156598.0,49779.49668874172,dtr3006.pdf,dtr0307.pdf
SANMAR HERALD,2026-07-01 08:00:00,2026-07-04 01:00:00,65.0,2.7083333333333335,1,SPM,333.0,60.0,21.0,CRUDE OIL,284358.0,104993.72307692307,dtr3006.pdf,dtr0307.pdf
HOANG HUY 79,2026-07-01 12:30:00,2026-07-02 13:00:00,24.5,1.0208333333333333,0,SQ,144.58,21.0,7.9,R.P.COKE,4201.0,4115.265306122449,DTR0107.pdf,dtr0207.pdf
GEODREAM,2026-07-01 13:30:00,2026-07-08 22:00:00,176.5,7.354166666666667,3,MPB,199.98,32.26,12.8,DOLOMITE,59600.0,8104.249291784702,DTR0107.pdf,dtr0807.pdf
NONDAS,2026-07-01 21:30:00,2026-07-03 13:00:00,39.5,1.6458333333333333,0,EQ-3,229.0,32.26,14.5,TH.COAL,75000.0,45569.62025316456,DTR0107.pdf,dtr0307.pdf
ANGELINA,2026-07-02 02:00:00,2026-07-04 06:00:00,52.0,2.1666666666666665,0,FB-2,181.0,26.0,10.3,SULPHUR,27772.0,12817.846153846154,DTR0107.pdf,dtr0307.pdf
APJ KABIR ANAND,2026-07-02 09:00:00,2026-07-03 19:00:00,34.0,1.4166666666666667,1,CB-2,225.0,32.26,14.5,TH.COAL,75000.0,52941.17647058823,DTR0107.pdf,dtr0307.pdf
FIRST HUNTER,2026-07-02 11:30:00,2026-07-03 20:30:00,33.0,1.375,0,CQ-3,228.9,32.26,14.0,I.ORE PELLET,75000.0,54545.454545454544,dtr0207.pdf,dtr0307.pdf
CS XIAZHI,2026-07-02 14:00:00,2026-07-05 08:00:00,66.0,2.75,0,CQ-1,225.0,32.26,10.07,PCI COAL,40650.0,14781.818181818182,dtr0207.pdf,dtr0407.pdf
LA STELLA,2026-07-02 16:30:00,2026-07-07 17:00:00,120.5,5.020833333333333,0,IOB,199.98,32.24,14.5,I.ORE PELLET,59750.0,11900.414937759337,dtr0207.pdf,dtr0707.pdf
GLORY V,2026-07-02 20:30:00,2026-07-04 14:00:00,41.5,1.7291666666666667,0,CQ-2,225.0,32.26,13.9,PCI COAL,26050.0,15065.060240963854,dtr0207.pdf,dtr0407.pdf
OCEANBEAUTY,2026-07-02 23:30:00,2026-07-09 22:00:00,166.5,6.9375,1,CB-1,189.9,32.26,13.0,TH.COAL,55000.0,7927.927927927928,dtr0207.pdf,dtr0907.pdf
DECCAN PRIDE,2026-07-03 13:30:00,2026-07-05 04:00:00,38.5,1.6041666666666667,0,EQ-3,225.0,32.26,14.5,TH.COAL,73700.0,45942.85714285714,dtr0307.pdf,dtr0407.pdf
ASTRO SIRIUS,2026-07-03 16:00:00,2026-07-11 16:00:00,192.0,8.0,2,FB-1,199.9,32.26,13.3,ROCK PHOS.,60500.0,7562.5,dtr0307.pdf,dtr1107.pdf
ULTRA OCELOT,2026-07-03 18:30:00,2026-07-09 16:30:00,142.0,5.916666666666667,0,PICT-2,229.0,32.26,7.5,PIG IRON,66000.0,11154.929577464789,dtr0307.pdf,dtr0907.pdf
STAR AMETHYST,2026-07-03 20:00:00,2026-07-05 10:30:00,38.5,1.6041666666666667,0,CB-1/CB-2,228.99,32.26,14.5,TH.COAL,77000.0,48000.0,dtr0307.pdf,dtr0407.pdf
APJ JAOUAD,2026-07-03 20:05:00,2026-07-05 08:45:00,36.666666666666664,1.5277777777777777,0,CB-1/CB-2,225.0,32.2,0.0,TH.COAL,75000.0,49090.909090909096,dtr0307.pdf,dtr0407.pdf
MOUNT FUJI,2026-07-04 06:00:00,2026-07-05 18:00:00,36.0,1.5,0,SPM-3,274.2,32.26,14.5,CRUDE OIL,138591.0,92394.0,dtr0407.pdf,dtr0507.pdf
PHILOSOPHES,2026-07-04 07:30:00,2026-07-13 07:00:00,215.5,8.979166666666666,0,WD,228.9,32.26,14.5,C.COAL,51081.0,5688.8352668213465,dtr0407.pdf,dtr1207.pdf
LIMCO HARMONY,2026-07-04 09:00:00,2026-07-06 16:30:00,55.5,2.3125,0,NQ-2,108.22,19.6,8.53,GYPSUM,9500.0,4108.108108108108,dtr0407.pdf,dtr0607.pdf
ALBATROSS,2026-07-04 10:30:00,2026-07-06 01:00:00,38.5,1.6041666666666667,1,KICT,228.99,32.26,14.45,C.COAL,38000.0,23688.311688311685,dtr0307.pdf,dtr0507.pdf
HELLAS GLADIATOR,2026-07-04 11:30:00,2026-07-06 02:00:00,38.5,1.6041666666666667,0,SOJ,225.12,10.36,0.0,BUTANE/PROPA NE,6317.0,3937.87012987013,dtr0407.pdf,dtr0507.pdf
BELEZA,2026-07-04 15:00:00,2026-07-09 06:00:00,111.0,4.625,0,CQ-2,225.0,32.26,12.8,LM. ST.,73416.0,15873.72972972973,dtr0407.pdf,dtr0807.pdf
DIAMOND STAR I,2026-07-04 19:00:00,2026-07-06 15:00:00,44.0,1.8333333333333333,0,MPB,154.35,26.0,0.0,R.P.COKE,18055.0,9848.181818181818,dtr0407.pdf,dtr0607.pdf
CRIMSON GLORY,2026-07-05 04:30:00,2026-07-08 06:30:00,74.0,3.0833333333333335,3,EQ-3,189.93,32.26,0.0,TH.COAL,33170.0,10757.837837837837,dtr0407.pdf,dtr0807.pdf
GCL NARMADA,2026-07-05 09:00:00,2026-07-13 06:00:00,189.0,7.875,3,CQ-1,253.5,26.0,0.0,LM. ST.,104887.0,13318.984126984127,dtr0407.pdf,dtr1207.pdf
GOLDEN LILY,2026-07-05 09:30:00,2026-07-12 02:00:00,160.5,6.6875,2,MPB,225.0,32.26,14.2,C.COAL,70100.0,10482.242990654206,dtr0407.pdf,dtr1107.pdf
CHOLA PROSPERITY,2026-07-05 10:00:00,2026-07-08 16:00:00,78.0,3.25,3,CB-1,225.0,32.26,14.5,TH.COAL,75000.0,23076.923076923078,dtr0407.pdf,dtr0807.pdf
SIKINOS,2026-07-05 11:30:00,2026-07-08 15:00:00,75.5,3.1458333333333335,2,NIOB,199.99,32.26,11.8,I.ORE,51000.0,16211.920529801324,dtr0507.pdf,dtr0807.pdf
RIPLEY PROGRESS,2026-07-05 17:30:00,2026-07-10 16:00:00,118.5,4.9375,1,CB-2,225.0,32.26,14.5,TH.COAL,74000.0,14987.341772151898,dtr0507.pdf,dtr1007.pdf
BASIC EXPLORER,2026-07-06 04:00:00,2026-07-08 23:00:00,67.0,2.7916666666666665,2,KICT,228.99,32.26,14.58,C.COAL,45000.0,16119.402985074628,dtr0507.pdf,dtr0807.pdf
ATLANTIC STAR,2026-07-06 10:00:00,2026-07-18 20:00:00,298.0,12.416666666666666,1,FB-2,225.0,32.26,0.0,ROCK PHOS.,73500.0,5919.463087248322,dtr0507.pdf,dtr1807.pdf
CHENNAI VALARCHI,2026-07-06 14:00:00,2026-07-08 14:00:00,48.0,2.0,1,CB-1/CB-2,225.0,32.26,14.5,TH.COAL,75000.0,37500.0,dtr0607.pdf,dtr0807.pdf
VELOCE,2026-07-06 15:30:00,2026-07-10 13:00:00,93.5,3.8958333333333335,1,MPB,229.0,32.24,0.0,C.COAL,50740.0,13024.171122994652,dtr0607.pdf,dtr1007.pdf
SANMAR SONGBIRD,2026-07-06 16:00:00,2026-07-09 23:00:00,79.0,3.2916666666666665,1,NOJ,182.5,32.0,9.4,HSD/M.SPIRIT,15582.0,4733.772151898735,dtr0607.pdf,dtr0907.pdf
MARILITA,2026-07-07 16:30:00,2026-07-09 09:00:00,40.5,1.6875,0,CQ-3,228.99,32.26,14.0,I.ORE PELLET,75000.0,44444.444444444445,dtr0707.pdf,dtr0807.pdf
CHOLA SERENITY,2026-07-08 09:36:00,2026-07-09 15:00:00,29.4,1.2249999999999999,0,EQ-3,224.94,32.26,14.3,TH.COAL,77200.0,63020.40816326531,dtr0807.pdf,dtr0907.pdf
NOBLE,2026-07-08 12:00:00,2026-07-13 20:00:00,128.0,5.333333333333333,1,SPM-3,332.88,32.26,14.3,CRUDE OIL,263770.0,49456.875,dtr0807.pdf,dtr1307.pdf
DESERT CHALLENGER,2026-07-08 15:30:00,2026-07-10 01:00:00,33.5,1.3958333333333333,0,NIOB,193.11,32.26,13.3,I.ORE,60000.0,42985.07462686567,dtr0807.pdf,dtr0907.pdf
JAL VAIBHAV,2026-07-08 16:30:00,2026-07-10 07:00:00,38.5,1.6041666666666667,0,CB-1,228.05,36.5,14.5,TH.COAL,79000.0,49246.753246753244,dtr0807.pdf,dtr0907.pdf
HORIZON II,2026-07-08 23:30:00,2026-07-16 06:00:00,174.5,7.270833333333333,0,KICT,255.26,42.99,15.05,H COAL/PCI COAL,110000.0,15128.93982808023,dtr0807.pdf,dtr1507.pdf
BALBOA,2026-07-09 03:50:00,2026-07-11 18:30:00,62.666666666666664,2.611111111111111,0,EQ-2,229.0,32.26,14.5,TH.COAL,76110.0,29148.51063829787,dtr0907.pdf,dtr1107.pdf
ECO ORACLE,2026-07-09 04:36:00,2026-08-04 07:30:00,626.9,26.120833333333334,1,FB-1,179.86,28.7,10.75,AMMONIA,12500.0,478.5452225235285,dtr0907.pdf,dtr0308.pdf
KERKYRA I,2026-07-09 06:30:00,2026-07-16 04:00:00,165.5,6.895833333333333,2,CQ-1,229.0,32.26,12.01,C.COAL,50000.0,7250.755287009064,dtr0807.pdf,dtr1507.pdf
PLATA CARRIER,2026-07-09 11:00:00,2026-07-11 17:00:00,54.0,2.25,0,SPM-3,332.95,58.07,21.5,CRUDE OIL,273412.0,121516.44444444444,dtr0907.pdf,dtr1107.pdf
AFRICAN PARROT,2026-07-09 17:00:00,2026-07-12 20:00:00,75.0,3.125,0,PICT-2,199.98,32.26,14.5,PIG IRON,30000.0,9600.0,dtr0907.pdf,dtr1207.pdf
APJ SETHU,2026-07-09 18:00:00,2026-07-11 06:00:00,36.0,1.5,0,CB-2,224.86,32.26,0.0,TH.COAL,75000.0,50000.0,dtr0907.pdf,dtr1007.pdf
BERLIAN EKUATOR,2026-07-09 20:00:00,2026-07-10 15:00:00,19.0,0.7916666666666666,0,FB-2,169.9,27.4,10.7,AMMONIA,10495.0,13256.842105263158,dtr0907.pdf,dtr1007.pdf
VISHVA VIKAS,2026-07-09 22:30:00,2026-07-12 10:00:00,59.5,2.4791666666666665,0,IOB,190.0,32.26,13.0,TH.COAL,57000.0,22991.596638655465,dtr0907.pdf,dtr1107.pdf
SOPRANO SERENE,2026-07-09 23:30:00,2026-07-11 12:30:00,37.0,1.5416666666666667,0,NOJ,179.88,32.23,11.8,HSD/M.SPIRIT,19500.0,12648.648648648648,dtr0907.pdf,dtr1107.pdf
DESPOTIKO,2026-07-10 04:00:00,2026-07-13 18:00:00,86.0,3.5833333333333335,1,WD,292.0,45.0,11.56,C.COAL,72000.0,20093.023255813954,dtr0907.pdf,dtr1307.pdf
FLORA,2026-07-10 07:30:00,2026-07-11 21:30:00,38.0,1.5833333333333333,1,CB-1,229.0,32.26,14.5,TH.COAL,75000.0,47368.42105263158,dtr0907.pdf,dtr1107.pdf
BRAVEHEART I,2026-07-10 08:00:00,2026-07-11 22:30:00,38.5,1.6041666666666667,1,CQ-3,228.99,28.7,10.75,I.ORE PELLET,75000.0,46753.24675324675,dtr0907.pdf,dtr1107.pdf
CENTURION ROMULUS,2026-07-10 10:30:00,2026-07-18 03:30:00,185.0,7.708333333333333,1,FB-1,199.95,32.26,13.32,ROCK PHOS.,60500.0,7848.648648648649,dtr0907.pdf,dtr1707.pdf
VISHVA VIJAY,2026-07-10 13:30:00,2026-07-13 14:00:00,72.5,3.0208333333333335,0,MPB,229.0,28.7,10.75,H COAL,45000.0,14896.551724137931,dtr1007.pdf,dtr1307.pdf
AE SATURN,2026-07-10 15:30:00,2026-07-13 01:00:00,57.5,2.3958333333333335,0,FB-2,189.99,32.26,12.2,SULPHUR,51380.0,21445.565217391304,dtr1007.pdf,dtr1207.pdf
SAROCHA NAREE,2026-07-10 16:30:00,2026-07-12 04:00:00,35.5,1.4791666666666667,0,EQ-3,194.85,32.26,14.5,TH.COAL,61000.0,41239.436619718304,dtr1007.pdf,dtr1107.pdf
AFRICAN SJB,2026-07-10 19:30:00,2026-07-19 04:00:00,200.5,8.354166666666666,0,PICT,180.11,42.99,15.05,STEEL SLAB,32000.0,3830.423940149626,dtr1007.pdf,dtr1807.pdf
MARAN VIRTUE,2026-07-11 02:30:00,2026-07-15 02:00:00,95.5,3.9791666666666665,1,KICT,292.0,32.26,14.5,C.COAL,152750.0,38387.43455497382,dtr1007.pdf,dtr1407.pdf
AESCHYLUS GRAECIA,2026-07-11 03:30:00,2026-07-13 20:30:00,65.0,2.7083333333333335,1,EQ-2,229.0,32.26,0.0,TH.COAL,77000.0,28430.76923076923,dtr1007.pdf,dtr1307.pdf
APJ ANGAD 2,2026-07-11 06:30:00,2026-07-12 14:30:00,32.0,1.3333333333333333,1,CB-2,224.94,32.26,14.5,TH.COAL,75000.0,56250.0,dtr1007.pdf,dtr1207.pdf
KESTREL,2026-07-11 13:30:00,2026-07-13 23:00:00,57.5,2.3958333333333335,0,NOJ,182.5,32.2,8.7,F.O,21210.0,8852.86956521739,dtr1107.pdf,dtr1307.pdf
HARI ANAND,2026-07-11 15:00:00,2026-07-13 10:00:00,43.0,1.7916666666666667,0,SOJ,180.55,32.23,10.5,HSD/M.SPIRIT,19000.0,10604.651162790697,dtr1107.pdf,dtr1207.pdf
ALBATROSS,2026-07-11 22:00:00,2026-07-13 08:00:00,34.0,1.4166666666666667,0,CB-1,228.99,32.26,0.0,TH.COAL,79000.0,55764.70588235294,dtr1107.pdf,dtr1207.pdf
LIMNIONAS,2026-07-11 23:00:00,2026-07-13 09:00:00,34.0,1.4166666666666667,0,CQ-3,229.0,38.0,14.0,I.ORE PELLET,75000.0,52941.17647058823,dtr1107.pdf,dtr1207.pdf
MARIBLUE,2026-07-12 03:00:00,2026-07-19 02:00:00,167.0,6.958333333333333,0,CQ-2,189.99,32.25,13.0,I.ORE,55000.0,7904.191616766468,dtr1107.pdf,dtr1807.pdf
RIPLEY PINNACLE,2026-07-12 10:00:00,2026-07-13 22:00:00,36.0,1.5,0,EQ-3,225.0,32.26,14.5,TH.COAL,75000.0,50000.0,dtr1207.pdf,dtr1307.pdf
RUI NING 7,2026-07-12 10:30:00,2026-07-17 15:00:00,124.5,5.1875,1,IOB,190.0,32.26,13.0,I.ORE,50000.0,9638.55421686747,dtr1107.pdf,dtr1707.pdf
CHOLA LEGACY,2026-07-12 15:30:00,2026-07-13 23:30:00,32.0,1.3333333333333333,0,CB-2,228.99,32.26,0.0,TH.COAL,69000.0,51750.0,dtr1207.pdf,dtr1307.pdf
HE SHENG DONG FANG,2026-07-12 21:00:00,2026-07-19 05:00:00,152.0,6.333333333333333,1,PICT-2,189.99,28.5,9.6,S.COIL,30115.0,4755.0,dtr1207.pdf,dtr1807.pdf
MARIEL,2026-07-13 06:15:00,2026-07-14 18:00:00,35.75,1.4895833333333333,1,SPM-3,274.0,32.25,13.0,CRUDE OIL,98036.0,65814.37762237762,dtr1207.pdf,dtr1407.pdf
ORMOND,2026-07-13 07:30:00,2026-07-16 10:00:00,74.5,3.1041666666666665,1,CQ-1,292.0,45.0,11.28,C.COAL,48667.0,15677.959731543624,dtr1207.pdf,dtr1507.pdf
ATLANTIC VISION,2026-07-13 13:30:00,2026-07-22 07:30:00,210.0,8.75,0,CQ-2,189.99,32.26,13.1,I.ORE,55000.0,6285.714285714285,dtr1307.pdf,dtr2107.pdf
BROAD UNITED,2026-07-13 14:30:00,2026-07-17 07:00:00,88.5,3.6875,0,MPB,229.0,32.26,14.5,LM. ST.,78380.0,21255.593220338982,dtr1307.pdf,dtr1607.pdf
YASA URANUS,2026-07-13 21:00:00,2026-07-15 18:00:00,45.0,1.875,1,EQ-2,199.9,32.24,0.0,TH.COAL,60000.0,32000.0,dtr1307.pdf,dtr1507.pdf
PAPPOUS YIOS,2026-07-14 00:01:00,2026-07-15 04:00:00,27.983333333333334,1.1659722222222222,0,CB-2,189.99,32.26,13.0,TH.COAL,55000.0,47170.935080405005,dtr1307.pdf,dtr1407.pdf
BW AVIOR,2026-07-14 00:12:00,2026-07-15 20:00:00,43.8,1.825,0,SOJ,229.9,36.6,0.0,BUTANE,22000.0,12054.794520547946,dtr1407.pdf,dtr1507.pdf
ANTWERPEN,2026-07-14 21:30:00,2026-07-15 20:30:00,23.0,0.9583333333333334,0,FB-2,189.96,30.44,7.65,AMMONIA,7350.0,7669.565217391304,dtr1407.pdf,dtr1507.pdf
FAIRWAY,2026-07-14 23:48:00,2026-07-15 12:00:00,12.2,0.5083333333333333,0,NOJ,171.12,27.4,0.0,HSD/M.SPIRIT,6000.0,11803.278688524591,dtr1507.pdf,dtr1507.pdf
CAPTAIN JOHN P,2026-07-15 03:00:00,2026-07-16 12:00:00,33.0,1.375,1,KICT,228.9,32.25,14.5,C.COAL,46260.0,33643.63636363636,dtr1407.pdf,dtr1607.pdf
CHOLA MELODY,2026-07-15 04:30:00,2026-07-17 00:30:00,44.0,1.8333333333333333,1,CB-2,224.99,32.26,14.5,TH.COAL,75000.0,40909.09090909091,dtr1407.pdf,dtr1607.pdf
JETTA,2026-07-15 07:48:00,2026-07-16 20:00:00,36.2,1.5083333333333335,0,NIOB,189.99,32.26,12.8,I.ORE,54700.0,36265.19337016574,dtr1507.pdf,dtr1607.pdf
LLEVANT,2026-07-15 11:30:00,2026-07-16 23:00:00,35.5,1.4791666666666667,0,SPM-3,274.5,48.0,0.0,CRUDE OIL,140783.0,95177.23943661971,dtr1507.pdf,dtr1607.pdf
BASIC EXPLORER,2026-07-15 18:30:00,2026-07-17 13:30:00,43.0,1.7916666666666667,1,EQ-3,228.99,32.26,14.5,TH.COAL,77000.0,42976.74418604651,dtr1507.pdf,dtr1707.pdf
SEA SOAR,2026-07-16 00:12:00,2026-07-16 13:30:00,13.3,0.5541666666666667,0,FB-2,169.97,24.2,9.8,AMMONIA,7000.0,12631.57894736842,dtr1607.pdf,dtr1607.pdf
EASTERN DELIGHT,2026-07-16 08:00:00,2026-07-19 01:00:00,65.0,2.7083333333333335,0,NQ-2,119.05,19.4,7.2,FE.CR,7100.0,2621.5384615384614,dtr1607.pdf,dtr1807.pdf
ODUNE,2026-07-16 10:00:00,2026-07-17 21:00:00,35.0,1.4583333333333333,0,SPM,274.0,50.0,0.0,CRUDE OIL,137760.0,94464.0,dtr1607.pdf,dtr1707.pdf
ATHENA,2026-07-16 10:30:00,2026-07-19 06:36:00,68.1,2.8375,1,CQ-1,189.99,32.26,13.1,DOLOMITE,32000.0,11277.533039647578,dtr1507.pdf,dtr1907.pdf
SAITA I,2026-07-16 13:00:00,2026-07-18 02:00:00,37.0,1.5416666666666667,0,KICT,228.99,32.3,0.0,C.COAL,46173.0,29950.054054054053,dtr1607.pdf,dtr1707.pdf
GLORY V,2026-07-16 16:00:00,2026-07-21 22:00:00,126.0,5.25,0,CQ-1,225.0,32.26,14.5,I.ORE,75000.0,14285.714285714286,dtr1607.pdf,dtr2107.pdf
APJ JAOUAD,2026-07-16 18:00:00,2026-07-18 10:00:00,40.0,1.6666666666666667,0,EQ-2,225.0,32.2,0.0,TH.COAL,75000.0,45000.0,dtr1607.pdf,dtr1707.pdf
ORION,2026-07-17 04:06:00,2026-07-18 06:00:00,25.9,1.0791666666666666,0,NIOB,199.9,32.26,13.0,I.ORE,60000.0,55598.4555984556,dtr1707.pdf,dtr1707.pdf
TIANLONG,2026-07-17 06:00:00,2026-07-18 18:00:00,36.0,1.5,1,SPM-2,274.0,47.0,16.4,CRUDE OIL,138155.0,92103.33333333333,dtr1607.pdf,dtr1807.pdf
SWARNA MALA,2026-07-17 08:06:00,2026-07-18 10:00:00,25.9,1.0791666666666666,0,SOJ,183.0,32.2,0.0,NAPTHA,15000.0,13899.6138996139,dtr1707.pdf,dtr1807.pdf
DECCAN PRIDE,2026-07-17 14:00:00,2026-07-19 09:00:00,43.0,1.7916666666666667,0,EQ-3,225.0,32.26,13.1,TH.COAL,73700.0,41134.88372093023,dtr1707.pdf,dtr1807.pdf
RIPLEY PROSPERITY,2026-07-17 16:00:00,2026-07-21 14:00:00,94.0,3.9166666666666665,0,IOB,224.94,32.26,0.0,TH.COAL,74500.0,19021.276595744683,dtr1707.pdf,dtr2107.pdf
CHOLA SERENITY,2026-07-17 17:00:00,2026-07-19 06:00:00,37.0,1.5416666666666667,0,CB-1,224.94,32.26,0.0,TH.COAL,77200.0,50075.67567567567,dtr1707.pdf,dtr1807.pdf
WILLOWS,2026-07-18 00:30:00,2026-07-19 08:30:00,32.0,1.3333333333333333,0,NOJ,173.1,32.2,0.0,HSD/M.SPIRIT,19700.0,14775.0,dtr1707.pdf,dtr1907.pdf
PENELOPE I,2026-07-18 03:00:00,2026-07-20 11:30:00,56.5,2.3541666666666665,1,KICT,228.99,32.26,0.0,C.COAL,40000.0,16991.150442477876,dtr1707.pdf,dtr2007.pdf
NEPHIRA,2026-07-18 10:30:00,2026-07-19 14:00:00,27.5,1.1458333333333333,0,SPM,228.0,42.0,0.0,CRUDE OIL,99803.0,87100.8,dtr1807.pdf,dtr1907.pdf
CHOLA PROSPERITY,2026-07-18 10:30:00,2026-07-20 08:00:00,45.5,1.8958333333333333,1,EQ-2,225.0,32.26,14.5,TH.COAL,75000.0,39560.43956043956,dtr1707.pdf,dtr1907.pdf
HARI AKASH,2026-07-18 11:00:00,2026-07-19 10:30:00,23.5,0.9791666666666666,0,SOJ,117.26,20.0,5.2,HSD,5800.0,5923.404255319149,dtr1807.pdf,dtr1907.pdf
MINOAN SEA,2026-07-18 21:00:00,2026-07-22 17:00:00,92.0,3.8333333333333335,0,FB-2,229.0,32.26,14.5,ROCK PHOS.,78215.0,20403.91304347826,dtr1807.pdf,dtr2207.pdf
ALAM SAYANG,2026-07-19 03:00:00,2026-07-21 16:00:00,61.0,2.5416666666666665,0,SQ,199.99,32.24,10.4,N C.COAL,50000.0,19672.131147540986,dtr1807.pdf,dtr2107.pdf
PVT GLORIA,2026-07-19 04:30:00,2026-07-31 23:00:00,306.5,12.770833333333334,1,PICT,173.0,30.0,10.3,A. SULPHATE,33000.0,2584.013050570962,dtr1807.pdf,dtr3107.pdf
MAMA STRENGTH,2026-07-19 05:30:00,2026-07-25 20:15:00,158.75,6.614583333333333,0,PICT-2,225.0,32.26,7.5,PIG IRON,60000.0,9070.866141732284,dtr1807.pdf,dtr2507.pdf
KALLISTA,2026-07-19 06:15:00,2026-07-21 12:00:00,53.75,2.2395833333333335,1,SPM-3,333.13,60.05,19.85,CRUDE OIL,263661.0,117727.70232558138,dtr1807.pdf,dtr2107.pdf
JAL VAIBHAV,2026-07-19 06:30:00,2026-07-20 03:30:00,21.0,0.875,0,CB-1,228.05,36.5,14.5,TH.COAL,79000.0,90285.71428571429,dtr1807.pdf,dtr1907.pdf
STAR CAPOEIRA,2026-07-19 07:00:00,2026-07-20 15:30:00,32.5,1.3541666666666667,1,CQ-3,229.0,32.26,14.0,I.ORE PELLET,75000.0,55384.61538461538,dtr1807.pdf,dtr2007.pdf
AM UMANG,2026-07-19 07:30:00,2026-07-20 22:00:00,38.5,1.6041666666666667,1,MPB,228.99,32.31,13.56,PYROXENITE,35000.0,21818.181818181816,dtr1907.pdf,dtr2007.pdf
VISHVA VIJAY,2026-07-19 08:00:00,2026-07-20 17:00:00,33.0,1.375,0,CB-1,229.0,32.24,14.5,TH.COAL,80000.0,58181.818181818184,dtr1907.pdf,dtr2007.pdf
CORONET,2026-07-19 09:00:00,2026-07-22 02:00:00,65.0,2.7083333333333335,0,NOJ,183.22,32.2,0.0,HSD/M.SPIRIT,35300.0,13033.846153846152,dtr1907.pdf,dtr2107.pdf
ELENA VE,2026-07-19 09:30:00,2026-07-20 18:00:00,32.5,1.3541666666666667,1,EQ-3,225.0,32.28,13.3,TH.COAL,70000.0,51692.30769230769,dtr1807.pdf,dtr2007.pdf
BOURBON,2026-07-19 11:00:00,2026-07-31 11:00:00,288.0,12.0,0,SOJ,183.2,32.2,0.0,ATF,12000.0,1000.0,dtr1907.pdf,dtr3107.pdf
GANESHWAR,2026-07-19 13:30:00,2026-08-12 14:30:00,577.0,24.041666666666668,2,NQ-3,72.0,14.0,0.0,GYPSUM,1800.0,74.87001733102252,dtr1907.pdf,dtr1208.pdf
ZHONG CHANG 528,2026-07-20 05:00:00,2026-07-25 10:00:00,125.0,5.208333333333333,1,IOB,189.99,32.26,13.0,I.ORE,55000.0,10560.0,dtr1907.pdf,dtr2407.pdf
KSL RUIYANG,2026-07-20 07:00:00,2026-07-24 11:30:00,100.5,4.1875,1,CQ-2,189.99,32.26,0.0,PYROXENITE,33200.0,7928.358208955224,dtr1907.pdf,dtr2407.pdf
LEONIDAS PC,2026-07-20 12:00:00,2026-07-24 06:00:00,90.0,3.75,0,KICT,228.99,32.26,14.43,C.COAL,79250.0,21133.333333333332,dtr2007.pdf,dtr2307.pdf
RIPLEY PROGRESS,2026-07-20 15:00:00,2026-07-22 16:00:00,49.0,2.0416666666666665,0,EQ-2,225.0,32.26,14.5,TH.COAL,74500.0,36489.79591836735,dtr2007.pdf,dtr2207.pdf
STAR MONA,2026-07-20 16:00:00,2026-07-22 06:00:00,38.0,1.5833333333333333,0,CQ-3,228.99,32.29,14.0,I.ORE PELLET,75000.0,47368.42105263158,dtr2007.pdf,dtr2107.pdf
APJ SETHU,2026-07-20 17:30:00,2026-07-22 01:00:00,31.5,1.3125,1,CB-1,224.86,32.26,0.0,TH.COAL,75000.0,57142.857142857145,dtr2007.pdf,dtr2107.pdf
SEA SPIRIT,2026-07-20 18:30:00,2026-07-22 09:30:00,39.0,1.625,0,EQ-3,199.9,32.26,0.0,TH.COAL,60000.0,36923.07692307692,dtr2007.pdf,dtr2207.pdf
OBS SATURN,2026-07-20 22:30:00,2026-07-22 19:00:00,44.5,1.8541666666666667,0,MPB,190.0,32.26,9.7,H COAL,34329.0,18514.516853932582,dtr2007.pdf,dtr2207.pdf
CENTURION ROMULUS,2026-07-21 15:00:00,2026-07-23 06:00:00,39.0,1.625,0,EQ-2,199.95,32.26,14.0,TH.COAL,60000.0,36923.07692307692,dtr2107.pdf,dtr2207.pdf
AOM FEDERICA,2026-07-21 17:00:00,2026-07-25 22:00:00,101.0,4.208333333333333,0,CQ-2,229.0,32.26,14.47,S.COAL,79797.0,18961.663366336634,dtr2107.pdf,dtr2507.pdf
HELLAS SPARTA,2026-07-21 23:54:00,2026-07-23 20:00:00,44.1,1.8375000000000001,0,SOJ,225.12,9.6,0.0,BUTANE/PROPA,26390.0,14361.904761904761,dtr2207.pdf,dtr2307.pdf
CHOLA TREASURE,2026-07-22 01:30:00,2026-07-23 14:00:00,36.5,1.5208333333333333,1,CB-2,225.0,32.26,14.5,TH.COAL,69000.0,45369.86301369863,dtr2107.pdf,dtr2307.pdf
PATRIOT,2026-07-22 02:30:00,2026-07-24 19:00:00,64.5,2.6875,1,NOJ,179.88,32.0,11.0,HSD/M.SPIRIT,29037.0,10804.46511627907,dtr2107.pdf,dtr2407.pdf
KOUROS DIAMOND,2026-07-22 07:00:00,2026-07-29 00:30:00,161.5,6.729166666666667,1,CQ-3,189.99,32.25,10.5,LM. ST.,31685.0,4708.606811145511,dtr2107.pdf,dtr2807.pdf
PROS ECHO,2026-07-22 08:00:00,2026-07-27 23:00:00,135.0,5.625,1,CQ-1,190.0,32.26,13.1,LM. ST.,55440.0,9856.0,dtr2107.pdf,dtr2707.pdf
WAN TONG 18,2026-07-22 08:24:00,2026-07-24 03:00:00,42.6,1.7750000000000001,0,NQ-3,134.2,18.6,7.8,R.P.COKE,9704.0,5467.042253521126,dtr2207.pdf,dtr2307.pdf
NOVO,2026-07-22 10:00:00,2026-07-23 19:00:00,33.0,1.375,0,SPM,274.2,32.26,13.1,CRUDE OIL,139551.0,101491.63636363637,dtr2207.pdf,dtr2307.pdf
VISHVA PRERNA,2026-07-22 16:30:00,2026-07-30 15:30:00,191.0,7.958333333333333,0,CB-1,190.0,32.26,13.5,TH.COAL,55000.0,6910.994764397906,dtr2207.pdf,dtr3007-2.pdf
ANNA ELISABETH,2026-07-22 17:30:00,2026-07-24 23:00:00,53.5,2.2291666666666665,0,FB-2,189.9,32.26,0.0,SULPHUR,38500.0,17271.028037383177,dtr2207.pdf,dtr2407.pdf
AFRICAN KITE,2026-07-22 19:30:00,2026-07-26 00:30:00,77.0,3.2083333333333335,0,MPB,199.98,32.24,13.09,I.ORE,50000.0,15584.415584415583,dtr2207.pdf,dtr2507.pdf
CS XIAZHI,2026-07-22 20:30:00,2026-07-31 02:00:00,197.5,8.229166666666666,1,CQ-1,225.0,32.26,14.35,I.ORE,73000.0,8870.886075949367,dtr2207.pdf,dtr3007-2.pdf
VIOLETTA K,2026-07-23 04:18:00,2026-07-24 18:00:00,37.7,1.5708333333333335,0,EQ-3,228.99,32.26,14.5,TH.COAL,75000.0,47745.35809018567,dtr2307.pdf,dtr2407.pdf
RIPLEY PINNACLE,2026-07-23 14:30:00,2026-07-24 23:30:00,33.0,1.375,0,CB-1/CB-2,225.0,32.26,14.5,TH.COAL,75000.0,54545.454545454544,dtr2307.pdf,dtr2407.pdf
PAXOS,2026-07-23 15:00:00,2026-07-26 07:42:00,64.7,2.6958333333333333,0,EQ-2,229.0,32.26,14.5,TH.COAL,77000.0,28562.59659969088,dtr2307.pdf,dtr2607-2.pdf
WESTERN EGDA,2026-07-23 22:30:00,2026-07-25 09:00:00,34.5,1.4375,0,CQ-3,229.0,32.26,14.0,I.ORE PELLET,75000.0,52173.913043478264,dtr2307.pdf,dtr2407.pdf
EVER GRAND,2026-07-24 00:18:00,2026-07-25 08:00:00,31.7,1.3208333333333333,0,EQ-3,229.0,32.26,14.5,TH.COAL,79000.0,59810.72555205048,dtr2407.pdf,dtr2507.pdf
ASTRO REGULUS,2026-07-24 00:30:00,2026-07-25 17:00:00,40.5,1.6875,1,CB-2,199.99,32.25,14.5,TH.COAL,30000.0,17777.777777777777,dtr2407.pdf,dtr2507.pdf
ALPHA WISDOM,2026-07-24 08:55:00,2026-07-25 20:00:00,35.083333333333336,1.4618055555555556,0,KICT,229.0,32.25,14.6,PCI COAL,42000.0,28731.591448931114,dtr2407.pdf,dtr2507.pdf
SANMAR SITAR,2026-07-24 10:06:00,2026-07-25 11:30:00,25.4,1.0583333333333333,0,SOJ,183.0,32.2,7.5,M.SPIRIT/NAPTH,17000.0,16062.992125984252,dtr2407.pdf,dtr2507.pdf
NEW PRIDE,2026-07-24 10:30:00,2026-07-25 21:30:00,35.0,1.4583333333333333,0,SPM-3,274.2,48.0,15.9,CRUDE OIL,138910.0,95252.57142857143,dtr2407.pdf,dtr2507.pdf
OCEANIA,2026-07-24 11:00:00,2026-07-25 21:00:00,34.0,1.4166666666666667,1,SPM,274.0,50.0,15.7,CRUDE OIL,138320.0,97637.64705882352,dtr2307.pdf,dtr2507.pdf
CHOLA MELODY,2026-07-24 18:30:00,2026-07-27 17:00:00,70.5,2.9375,1,CB-1,224.99,32.26,14.5,TH.COAL,75000.0,25531.91489361702,dtr2407.pdf,dtr2707.pdf
SANMAR SANTOOR,2026-07-24 19:30:00,2026-07-26 23:00:00,51.5,2.1458333333333335,0,NOJ,182.5,32.2,12.0,HSD/M.SPIRIT,14300.0,6664.077669902912,dtr2407.pdf,dtr2607-2.pdf
BASIC SUN,2026-07-25 00:30:00,2026-07-26 22:00:00,45.5,1.8958333333333333,1,EQ-2,229.0,32.24,14.5,TH.COAL,77000.0,40615.38461538462,dtr2407.pdf,dtr2607-2.pdf
ZE HUI,2026-07-25 06:00:00,2026-07-27 00:01:00,42.016666666666666,1.7506944444444443,0,FB-2,179.9,28.4,10.99,SULPHUR,33251.0,18993.034510115034,dtr2507.pdf,dtr2607-2.pdf
HELEN BULKER,2026-07-25 07:00:00,2026-07-29 16:00:00,105.0,4.375,0,WD,154.38,26.0,10.0,HR. COIL/STEEL PLATE,15165.0,3466.285714285714,dtr2507.pdf,dtr2907.pdf
AM UMANG,2026-07-25 09:30:00,2026-07-27 10:00:00,48.5,2.0208333333333335,1,CQ-3,228.99,32.31,14.0,I.ORE PELLET,75000.0,37113.40206185567,dtr2407.pdf,dtr2607-2.pdf
THASSOS,2026-07-25 10:30:00,2026-08-07 10:30:00,312.0,13.0,3,IOB,189.9,32.26,0.0,I.ORE,56000.0,4307.692307692308,dtr2407.pdf,dtr0708.pdf
STAR CRIMSON,2026-07-25 10:30:00,2026-07-27 02:00:00,39.5,1.6458333333333333,0,EQ-2,199.98,11.5,3.4,TH.COAL,60000.0,36455.696202531646,dtr2507.pdf,dtr2607-2.pdf
MEGREZ,2026-07-25 12:00:00,2026-07-26 21:00:00,33.0,1.375,0,SOJ,229.9,37.24,0.0,BUTANE/PROPA NE,8209.0,5970.181818181818,dtr2507.pdf,dtr2607-2.pdf
FYLA,2026-07-25 17:30:00,2026-07-27 06:00:00,36.5,1.5208333333333333,0,CB-1,235.0,32.25,14.5,TH.COAL,75000.0,49315.068493150684,dtr2507.pdf,dtr2607-2.pdf
GLYFADA I,2026-07-25 23:00:00,2026-07-30 14:00:00,111.0,4.625,0,CQ-2,225.0,32.26,14.3,C.COAL,73000.0,15783.783783783783,dtr2507.pdf,dtr3007-2.pdf
LEGEND I,2026-07-26 01:00:00,2026-07-27 14:30:00,37.5,1.5625,1,SQ,229.0,32.26,8.0,LAM COKE,11000.0,7040.0,dtr2507.pdf,dtr2707.pdf
NEFELI GR,2026-07-26 04:06:00,2026-07-31 18:00:00,133.9,5.579166666666667,0,KICT,229.0,32.26,14.56,C.COAL,78805.0,14124.86930545183,dtr2607-2.pdf,dtr3107.pdf
DISCOVERY,2026-07-26 09:00:00,2026-07-27 16:00:00,31.0,1.2916666666666667,0,SPM-3,280.5,50.0,14.3,CRUDE OIL,124969.0,96750.19354838709,dtr2607-2.pdf,dtr2707.pdf
ARROW,2026-07-26 13:00:00,2026-08-01 16:00:00,147.0,6.125,1,SPM-2,249.0,44.0,0.0,CRUDE OIL,99916.0,16312.816326530612,dtr2607-2.pdf,dtr0108.pdf
KESTREL,2026-07-26 23:30:00,2026-07-29 02:00:00,50.5,2.1041666666666665,0,NOJ,182.5,32.2,7.5,F.O,6000.0,2851.4851485148515,dtr2607-2.pdf,dtr2807.pdf
ROYAL,2026-07-27 00:18:00,2026-08-01 09:30:00,129.2,5.383333333333333,0,PICT,199.9,32.26,11.65,STEEL SLAB,48000.0,8916.408668730652,dtr2707.pdf,dtr3107.pdf
ORDU,2026-07-27 03:00:00,2026-07-29 06:00:00,51.0,2.125,1,EQ-2,229.07,32.26,14.5,TH.COAL,77000.0,36235.294117647056,dtr2607-2.pdf,dtr2807.pdf
DECCAN PRIDE,2026-07-27 07:00:00,2026-07-29 04:00:00,45.0,1.875,1,CB-1,225.0,32.26,14.5,TH.COAL,73500.0,39200.0,dtr2607-2.pdf,dtr2807.pdf
MARINE FORTUNE I,2026-07-27 09:00:00,2026-07-29 03:00:00,42.0,1.75,0,EQ-3,225.0,32.2,0.0,TH.COAL,72000.0,41142.857142857145,dtr2707.pdf,dtr2807.pdf
SAMOS,2026-07-27 12:00:00,2026-07-28 18:00:00,30.0,1.25,0,SPM,274.5,48.0,14.8,CRUDE OIL,109688.0,87750.4,dtr2707.pdf,dtr2807.pdf
CHOLA LEGACY,2026-07-27 17:30:00,2026-07-29 07:00:00,37.5,1.5625,0,CB-2,228.99,32.26,0.0,TH.COAL,69000.0,44160.0,dtr2707.pdf,dtr2807.pdf
ALTZEK,2026-07-27 23:30:00,2026-08-02 22:00:00,142.5,5.9375,1,MPB,229.0,32.26,14.38,C.COAL,79650.0,13414.736842105263,dtr2707.pdf,dtr0208.pdf
DENEB,2026-07-28 09:00:00,2026-07-29 20:00:00,35.0,1.4583333333333333,0,SPM-3,274.3,48.0,0.0,CRUDE OIL,145012.0,99436.8,dtr2807.pdf,dtr2907.pdf
NBA HARMONIA,2026-07-28 10:00:00,2026-07-29 21:00:00,35.0,1.4583333333333333,1,WD,199.9,23.7,10.06,C.COAL,29576.0,20280.685714285715,dtr2707.pdf,dtr2907.pdf
CX GEMMA,2026-07-28 10:30:00,2026-07-29 17:00:00,30.5,1.2708333333333333,0,NIOB,199.9,25.21,5.5,I.ORE PELLET,60000.0,47213.114754098366,dtr2807.pdf,dtr2907.pdf
OCEAN WINNER,2026-07-28 15:30:00,2026-08-01 23:30:00,104.0,4.333333333333333,0,FB-1,225.0,32.26,13.92,SULPHUR,69300.0,15992.307692307693,dtr2807.pdf,dtr0108.pdf
GUO YUAN 86,2026-07-29 01:30:00,2026-08-03 03:00:00,121.5,5.0625,1,CQ-2,229.0,34.5,14.43,C.COAL,82500.0,16296.296296296296,dtr2807.pdf,dtr0208.pdf
AFRICAN KITE,2026-07-29 03:30:00,2026-07-31 14:30:00,59.0,2.4583333333333335,2,EQ-3,199.98,32.24,7.0,TH.COAL,26000.0,10576.271186440677,dtr2807.pdf,dtr3107.pdf
CHOLA PROSPERITY,2026-07-29 06:30:00,2026-07-31 13:30:00,55.0,2.2916666666666665,1,EQ-2,225.0,32.26,14.5,TH.COAL,75000.0,32727.272727272728,dtr2807.pdf,dtr3107.pdf
MYKONOS,2026-07-29 08:00:00,2026-07-31 22:00:00,62.0,2.5833333333333335,2,CQ-3,229.0,32.26,14.0,I.ORE PELLET,75000.0,29032.25806451613,dtr2807.pdf,dtr3107.pdf
JAL VAIBHAV,2026-07-29 14:00:00,2026-08-01 14:00:00,72.0,3.0,0,CB-1,228.05,36.5,14.5,TH.COAL,85000.0,28333.333333333332,dtr2907.pdf,dtr0108.pdf
POSEIDON TRADER,2026-07-29 16:30:00,2026-08-07 20:00:00,219.5,9.145833333333334,1,WD,179.9,30.0,0.0,HR. COIL/STEEL PLATE,35383.0,3868.7562642369016,dtr2907.pdf,dtr0708.pdf
MAGIC ARIEL,2026-07-30 15:00:00,2026-08-02 18:00:00,75.0,3.125,1,MPB,229.0,32.26,14.32,LM. ST.,40000.0,12800.0,dtr3007-2.pdf,dtr0208.pdf
APJ KABIR ANAND,2026-07-30 16:00:00,2026-08-01 06:00:00,38.0,1.5833333333333333,0,CB-2,225.0,32.26,0.0,TH.COAL,75000.0,47368.42105263158,dtr3007-2.pdf,dtr3107.pdf
AGIA FOTINI,2026-07-30 16:30:00,2026-08-01 12:00:00,43.5,1.8125,0,WD,184.75,36.5,14.5,C.COAL,36324.0,20040.827586206895,dtr3007-2.pdf,dtr0108.pdf
RIPLEY PROSPERITY,2026-07-30 22:30:00,2026-08-02 14:00:00,63.5,2.6458333333333335,1,CB-1,224.94,32.26,0.0,TH.COAL,74500.0,28157.480314960627,dtr3007-2.pdf,dtr0208.pdf
WESTERN VENTURE,2026-07-31 02:30:00,2026-08-02 21:00:00,66.5,2.7708333333333335,1,CQ-1,199.9,32.26,13.71,S.COAL,62785.0,22659.248120300752,dtr3007-2.pdf,dtr0208.pdf
ARLAN,2026-07-31 06:00:00,2026-08-01 20:00:00,38.0,1.5833333333333333,1,SPM,274.0,50.0,0.0,CRUDE OIL,140199.0,88546.73684210527,dtr3007-2.pdf,dtr0108.pdf
NV AQUAMARINE,2026-07-31 11:30:00,2026-08-02 15:00:00,51.5,2.1458333333333335,0,SOJ,230.0,36.6,11.8,BUTANE/PROPA NE,24000.0,11184.466019417476,dtr3107.pdf,dtr0208.pdf
LILA FUJI,2026-07-31 15:00:00,2026-08-01 23:00:00,32.0,1.3333333333333333,0,EQ-3,229.0,32.24,14.5,TH.COAL,45000.0,33750.0,dtr3107.pdf,dtr0108.pdf
ALLIANCE,2026-07-31 18:30:00,2026-08-02 10:00:00,39.5,1.6458333333333333,1,KICT,229.0,32.24,14.39,C.COAL,40000.0,24303.79746835443,dtr3107.pdf,dtr0208.pdf
SEA GULL 9,2026-07-31 22:30:00,2026-08-03 10:00:00,59.5,2.4791666666666665,1,NQ-2,127.52,18.2,7.8,CRD PALMOIL,9000.0,3630.2521008403364,dtr3107.pdf,dtr0208.pdf
ND THELXIS,2026-08-01 07:00:00,2026-08-02 07:54:00,24.9,1.0374999999999999,1,CB-2,189.93,32.26,13.0,TH.COAL,35000.0,33734.93975903615,dtr3107.pdf,dtr0208.pdf
SOPRANO SERENE,2026-08-01 09:00:00,2026-08-02 23:00:00,38.0,1.5833333333333333,1,NOJ,179.88,32.23,11.8,HSD/M.SPIRIT,19500.0,12315.789473684212,dtr3107.pdf,dtr0208.pdf
RIPLEY PROGRESS,2026-08-01 10:00:00,2026-08-02 20:00:00,34.0,1.4166666666666667,0,CB-1/CB-2,225.0,32.26,14.5,TH.COAL,74500.0,52588.23529411764,dtr0108.pdf,dtr0208.pdf
RIPLEY PIONEER,2026-08-01 13:30:00,2026-08-06 00:01:00,106.51666666666667,4.438194444444444,0,IOB,225.0,32.26,14.5,TH.COAL,74625.0,16814.270067282116,dtr0108.pdf,dtr0508.pdf
DESERT HONOUR,2026-08-02 07:00:00,2026-08-07 13:30:00,126.5,5.270833333333333,1,PICT-2,199.98,32.24,11.77,STEEL SLAB,50000.0,9486.166007905138,dtr0108.pdf,dtr0708.pdf
VIOLETTA K,2026-08-02 07:30:00,2026-08-03 15:00:00,31.5,1.3125,0,EQ-3,228.99,32.26,14.5,TH.COAL,75000.0,57142.857142857145,dtr0208.pdf,dtr0308.pdf
FLORA,2026-08-02 09:00:00,2026-08-03 12:00:00,27.0,1.125,0,SPM,333.0,60.0,0.0,CRUDE OIL,76222.0,67752.88888888889,dtr0208.pdf,dtr0308.pdf
INCE ISTANBUL,2026-08-02 11:00:00,2026-08-04 08:30:00,45.5,1.8958333333333333,0,KICT,225.0,10.36,0.0,PCI COAL,77400.0,40826.37362637363,dtr0208.pdf,dtr0308.pdf
RIPLEY PINNACLE,2026-08-02 14:30:00,2026-08-04 06:00:00,39.5,1.6458333333333333,0,EQ-2,225.0,32.26,14.5,TH.COAL,75000.0,45569.62025316456,dtr0208.pdf,dtr0308.pdf
TORM DEBORAH,2026-08-02 15:30:00,2026-08-03 19:00:00,27.5,1.1458333333333333,0,SOJ,183.06,32.2,8.5,NAPTHA,15000.0,13090.909090909092,dtr0208.pdf,dtr0308.pdf
LUCKY EFFIE,2026-08-02 19:00:00,2026-08-04 20:30:00,49.5,2.0625,0,MPB,225.0,32.26,10.5,C.COAL,27251.0,13212.60606060606,dtr0208.pdf,dtr0408.pdf
MAGIC PERSEUS,2026-08-02 22:30:00,2026-08-05 22:30:00,72.0,3.0,1,SQ,228.99,32.26,11.56,M. COKE,25122.0,8374.0,dtr0208.pdf,dtr0508.pdf
BABYLON,2026-08-02 23:30:00,2026-08-05 02:00:00,50.5,2.1041666666666665,0,NOJ,179.8,32.2,10.3,M.SPIRIT,35000.0,16633.663366336634,dtr0208.pdf,dtr0408.pdf
AC OREN,2026-08-03 03:30:00,2026-08-06 23:00:00,91.5,3.8125,1,CQ-2,189.99,32.26,13.2,I.ORE,54800.0,14373.77049180328,dtr0208.pdf,dtr0608.pdf
APJ INDRANI,2026-08-03 08:00:00,2026-08-04 13:30:00,29.5,1.2291666666666667,0,CB-2,225.0,32.2,0.0,TH.COAL,75000.0,61016.94915254237,dtr0308.pdf,dtr0408.pdf
NOVA BREEZE,2026-08-03 09:00:00,2026-08-19 22:00:00,397.0,16.541666666666668,1,FB-2,180.0,28.8,10.4,AMMONIA,25000.0,1511.3350125944582,dtr0208.pdf,dtr1908.pdf
TORERO M,2026-08-03 09:30:00,2026-08-04 22:00:00,36.5,1.5208333333333333,0,SPM-3,249.0,43.8,0.0,CRUDE OIL,94879.0,62386.19178082192,dtr0308.pdf,dtr0408.pdf
DORIC KATANA,2026-08-03 16:00:00,2026-08-05 01:00:00,33.0,1.375,0,CB-1,225.69,32.26,14.5,TH.COAL,79000.0,57454.545454545456,dtr0308.pdf,dtr0408.pdf
JABAL AR RAWDAH,2026-08-04 02:15:00,2026-08-05 06:30:00,28.25,1.1770833333333333,0,NIOB,199.9,28.8,10.4,I.ORE,60000.0,50973.451327433635,dtr0408.pdf,dtr0408.pdf
NEFELI GR,2026-08-04 06:30:00,2026-08-07 11:00:00,76.5,3.1875,1,EQ-2,229.0,32.26,14.5,TH.COAL,77000.0,24156.86274509804,dtr0308.pdf,dtr0708.pdf
SAMADHA,2026-08-04 07:00:00,2026-08-06 08:00:00,49.0,2.0416666666666665,1,SPM,274.48,48.0,0.0,CRUDE OIL,143735.0,70400.81632653062,dtr0308.pdf,dtr0508.pdf
PORTO DOLICHA,2026-08-04 08:00:00,2026-08-07 03:00:00,67.0,2.7916666666666665,1,FB-1,189.99,32.26,12.33,ROCK PHOS.,51800.0,18555.223880597016,dtr0308.pdf,dtr0608.pdf
FJ IRIS,2026-08-04 09:00:00,2026-08-05 10:00:00,25.0,1.0416666666666667,1,KICT,228.99,32.26,0.0,C.COAL,42000.0,40320.0,dtr0308.pdf,dtr0508.pdf
BOURBON,2026-08-04 15:00:00,2026-08-07 11:00:00,68.0,2.8333333333333335,0,SOJ,183.2,32.2,8.2,M.SPIRIT,37500.0,13235.294117647058,dtr0408.pdf,dtr0608.pdf
ECO CZAR,2026-08-04 20:00:00,2026-08-10 00:05:00,124.08333333333333,5.170138888888888,0,FB-2,224.86,32.26,14.5,ROCK PHOS.,79972.0,15468.056413700471,dtr0408.pdf,dtr0908.pdf
NING MAY,2026-08-04 21:00:00,2026-08-07 00:01:00,51.016666666666666,2.1256944444444446,0,MPB,229.9,36.0,9.92,C.COAL,25000.0,11760.862463247304,dtr0408.pdf,dtr0608.pdf
CHENNAI VALARCHI,2026-08-05 00:06:00,2026-08-06 04:00:00,27.9,1.1624999999999999,0,CB-2,225.0,32.26,0.0,TH.COAL,75000.0,64516.129032258075,dtr0508.pdf,dtr0508.pdf
BRIGHT PIONEER,2026-08-05 06:00:00,2026-08-07 10:00:00,52.0,2.1666666666666665,1,SPM-3,333.0,60.0,19.3,CRUDE OIL,262276.0,121050.46153846155,dtr0408.pdf,dtr0708.pdf
SANMAR SITAR,2026-08-05 07:18:00,2026-08-12 07:36:00,168.3,7.0125,0,NOJ,183.0,32.2,7.3,HSD,12000.0,1711.2299465240642,dtr0508.pdf,dtr1208.pdf
TAURUS,2026-08-05 08:30:00,2026-08-08 12:00:00,75.5,3.1458333333333335,1,KICT,292.0,45.0,16.5,S.COAL,153570.0,48816.953642384105,dtr0408.pdf,dtr0708.pdf
APJ ANGAD 2,2026-08-05 09:45:00,2026-08-06 22:00:00,36.25,1.5104166666666667,0,CB-1,224.94,32.26,14.5,TH.COAL,75000.0,49655.1724137931,dtr0508.pdf,dtr0608.pdf
XIN HAI TONG 32,2026-08-05 10:30:00,2026-08-08 10:00:00,71.5,2.9791666666666665,0,CQ-1,189.99,32.26,12.8,LM. ST.,54150.0,18176.22377622378,dtr0408.pdf,dtr0708.pdf
GENCO MAYFLOWER,2026-08-05 11:30:00,2026-08-09 02:00:00,86.5,3.6041666666666665,2,NIOB,199.9,11.5,3.4,I.ORE,50000.0,13872.832369942196,dtr0508.pdf,dtr0808.pdf
ULTRA LYNX,2026-08-05 23:30:00,2026-08-08 04:00:00,52.5,2.1875,0,MPB,228.94,32.24,14.47,LM. ST.,40000.0,18285.714285714286,dtr0508.pdf,dtr0708.pdf
ALASIA,2026-08-06 00:30:00,2026-08-08 06:00:00,53.5,2.2291666666666665,1,EQ-2,199.98,32.24,0.0,TH.COAL,59100.0,26512.149532710282,dtr0508.pdf,dtr0708.pdf
VISHVA JYOTI,2026-08-06 05:00:00,2026-08-11 16:00:00,131.0,5.458333333333333,1,CB-2,229.0,32.26,14.45,TH.COAL,65000.0,11908.396946564886,dtr0508.pdf,dtr1108.pdf
WILLOWS,2026-08-06 11:00:00,2026-08-07 11:12:00,24.2,1.0083333333333333,0,NOJ,173.1,32.2,11.75,HSD/M.SPIRIT,19800.0,19636.363636363636,dtr0608.pdf,dtr0708.pdf
LEOPARD II,2026-08-06 19:20:00,2026-08-11 10:00:00,110.66666666666667,4.611111111111112,0,CQ-3,189.99,32.26,12.65,PYROXENITE,52000.0,11277.108433734938,dtr0708.pdf,dtr1008.pdf
DJANET,2026-08-06 19:48:00,2026-08-09 10:00:00,62.2,2.591666666666667,1,SOJ,230.0,36.0,11.5,BUTANE/PROPA NE,35980.0,13882.958199356912,dtr0708.pdf,dtr0808.pdf
LADY,2026-08-06 22:30:00,2026-08-07 19:00:00,20.5,0.8541666666666666,0,CB-1,199.9,32.25,13.0,TH.COAL,35000.0,40975.60975609756,dtr0608.pdf,dtr0708.pdf
PRINCESS JOANNA,2026-08-06 23:30:00,2026-08-09 18:00:00,66.5,2.7708333333333335,0,CQ-2,189.99,32.26,12.94,DOLOMITE,55150.0,19903.75939849624,dtr0608.pdf,dtr0908.pdf
ANNA ELISABETH,2026-08-07 00:30:00,2026-08-10 19:00:00,90.5,3.7708333333333335,1,SQ,189.9,32.26,13.2,I.ORE,55000.0,14585.635359116022,dtr0608.pdf,dtr1008.pdf
SANTA ANGELINA,2026-08-07 03:30:00,2026-08-10 05:00:00,73.5,3.0625,1,FB-1,189.93,32.26,12.37,ROCK PHOS.,53400.0,17436.73469387755,dtr0608.pdf,dtr0908.pdf
ALDEBARAN,2026-08-07 06:00:00,2026-08-08 10:00:00,28.0,1.1666666666666667,1,SPM,244.0,43.0,13.75,CRUDE OIL,93526.0,80165.14285714286,dtr0608.pdf,dtr0808.pdf
AGIA EIRINI FORCE,2026-08-07 10:45:00,2026-08-10 21:30:00,82.75,3.4479166666666665,0,IOB,189.99,32.26,12.6,I.ORE,51000.0,14791.54078549849,dtr0708.pdf,dtr1008.pdf
AMIS GLORY,2026-08-07 11:30:00,2026-08-09 01:00:00,37.5,1.5625,0,EQ-3,189.9,32.26,14.45,TH.COAL,54000.0,34560.0,dtr0708.pdf,dtr0808.pdf
DECCAN PRIDE,2026-08-07 12:30:00,2026-08-09 13:00:00,48.5,2.0208333333333335,0,CB-2,225.0,32.26,14.5,TH.COAL,73500.0,36371.134020618556,dtr0708.pdf,dtr0908.pdf
ELIM COURAGE,2026-08-07 14:00:00,2026-08-11 01:00:00,83.0,3.4583333333333335,0,PICT-2,189.99,22.46,0.0,S.COIL/STEEL PLATE,13100.0,3787.9518072289156,dtr0708.pdf,dtr1008.pdf
SSI IRRESISTIBLE,2026-08-07 20:30:00,2026-08-12 22:00:00,121.5,5.0625,1,PICT,229.0,32.26,0.0,A. SULPHATE,33000.0,6518.518518518518,dtr0708.pdf,dtr1208.pdf
ZOITSA SIGALA,2026-08-08 04:30:00,2026-08-11 09:00:00,76.5,3.1875,1,MPB,199.99,32.26,13.42,LM. ST.,61644.0,19339.29411764706,dtr0708.pdf,dtr1008.pdf
GAS AMMON,2026-08-08 11:30:00,2026-08-10 07:00:00,43.5,1.8125,1,FB-2,179.86,28.74,0.0,AMMONIA,26249.0,14482.206896551725,dtr0708.pdf,dtr0908.pdf
CHAMPIONSHIP,2026-08-08 12:30:00,2026-08-13 18:00:00,125.5,5.229166666666667,2,KICT,292.0,45.0,16.5,PCI COAL,151394.0,28951.840637450197,dtr0708.pdf,dtr1308.pdf
CHOLA INTEGRITY,2026-08-09 06:00:00,2026-08-12 06:30:00,72.5,3.0208333333333335,2,CQ-3,228.99,32.26,14.0,I.ORE PELLET,75000.0,24827.58620689655,dtr0808.pdf,dtr1108.pdf
HOANG ANH 03,2026-08-09 07:00:00,2026-08-11 03:00:00,44.0,1.8333333333333333,1,NQ-3,140.19,20.0,6.85,R.P.COKE,10000.0,5454.545454545455,dtr0808.pdf,dtr1008.pdf
VIXENA,2026-08-09 08:00:00,2026-08-10 17:00:00,33.0,1.375,0,SPM,274.2,48.04,15.75,CRUDE OIL,141173.0,102671.27272727272,dtr0908.pdf,dtr1008.pdf
BBG KINDNESS,2026-08-09 09:00:00,2026-08-10 22:30:00,37.5,1.5625,0,NIOB,199.9,32.26,13.3,I.ORE,60000.0,38400.0,dtr0908.pdf,dtr1008.pdf
CHOLA LEGACY,2026-08-09 10:30:00,2026-08-10 18:00:00,31.5,1.3125,0,CB-2,228.99,32.26,0.0,TH.COAL,69000.0,52571.42857142857,dtr0908.pdf,dtr1008.pdf
STAR NICOLE,2026-08-09 14:00:00,2026-08-11 06:00:00,40.0,1.6666666666666667,0,EQ-2,229.0,32.2,8.2,TH.COAL,77000.0,46200.0,dtr0908.pdf,dtr1008.pdf
PARAGON,2026-08-09 19:00:00,2026-08-13 16:00:00,93.0,3.875,0,CQ-2,224.98,32.24,14.0,TH.COAL,70000.0,18064.516129032258,dtr0908.pdf,dtr1308.pdf
OTHRYS,2026-08-10 06:00:00,2026-08-17 10:00:00,172.0,7.166666666666667,1,FB-1,199.99,32.26,12.5,ROCK PHOS.,54705.0,7633.255813953488,dtr0908.pdf,dtr1608-4.pdf
BABYLON,2026-08-10 08:00:00,2026-08-12 02:00:00,42.0,1.75,0,NOJ,179.8,32.2,10.2,HSD/M.SPIRIT,15500.0,8857.142857142857,dtr1008.pdf,dtr1108.pdf
NORELIA,2026-08-10 09:30:00,2026-08-11 19:00:00,33.5,1.3958333333333333,0,SPM-3,274.0,48.0,0.0,CRUDE OIL,137216.0,98304.0,dtr1008.pdf,dtr1108.pdf
GIORGAKIS,2026-08-10 10:30:00,2026-08-12 13:00:00,50.5,2.1041666666666665,0,CB-1,229.0,32.26,14.5,TH.COAL,79000.0,37544.55445544555,dtr1008.pdf,dtr1208.pdf
STAR ISLAND,2026-08-10 15:00:00,2026-08-12 12:30:00,45.5,1.8958333333333333,0,EQ-3,199.99,32.26,13.3,TH.COAL,60000.0,31648.35164835165,dtr1008.pdf,dtr1208.pdf
GCL YAMUNA,2026-08-10 20:30:00,2026-08-16 17:00:00,140.5,5.854166666666667,0,CQ-1,253.5,43.0,13.9,LM. ST.,105000.0,17935.94306049822,dtr1008.pdf,dtr1608-4.pdf
VOSCO OCEAN,2026-08-10 22:00:00,2026-08-16 16:00:00,138.0,5.75,1,IOB,189.99,32.26,13.0,TH.COAL,55000.0,9565.217391304348,dtr1008.pdf,dtr1608-4.pdf
QING QUAN SHAN,2026-08-10 23:00:00,2026-08-13 09:30:00,58.5,2.4375,2,NIOB,199.9,32.26,0.0,I.ORE PELLET,35000.0,14358.97435897436,dtr1008.pdf,dtr1308.pdf
BLUE SPIRIT,2026-08-11 09:30:00,2026-08-17 16:00:00,150.5,6.270833333333333,1,MPB,228.96,32.24,14.45,C.COAL,78001.0,12438.697674418605,dtr1008.pdf,dtr1708.pdf
VIOLETTA K,2026-08-11 09:45:00,2026-08-12 23:00:00,37.25,1.5520833333333333,0,CB-1,228.99,32.26,14.5,TH.COAL,75000.0,48322.147651006715,dtr1108.pdf,dtr1208.pdf
AMNSI MAXIMUS,2026-08-11 12:00:00,2026-08-14 23:00:00,83.0,3.4583333333333335,1,CQ-2,229.0,32.26,13.5,PYROXENITE,40000.0,11566.265060240963,dtr1008.pdf,dtr1408-2.pdf
CONCARAN,2026-08-11 14:30:00,2026-08-17 22:00:00,151.5,6.3125,0,PICT-2,199.98,32.24,13.42,PIG IRON,51500.0,8158.415841584158,dtr1108.pdf,dtr1708.pdf
AQUASTAR,2026-08-12 02:20:00,2026-08-13 11:30:00,33.166666666666664,1.3819444444444444,0,CB-2,199.92,32.26,13.0,TH.COAL,56000.0,40522.61306532664,dtr1208.pdf,dtr1308.pdf
ATHERINA,2026-08-12 06:00:00,2026-08-14 19:30:00,61.5,2.5625,1,SPM-3,339.76,60.0,21.5,CRUDE OIL,149841.0,58474.53658536585,dtr1108.pdf,dtr1408-2.pdf
CHOLA PROSPERITY,2026-08-12 15:30:00,2026-08-13 23:00:00,31.5,1.3125,0,CB-2,225.0,32.26,14.5,TH.COAL,44000.0,33523.80952380953,dtr1208.pdf,dtr1308.pdf
STAR HELSINKI,2026-08-12 22:30:00,2026-08-27 09:00:00,346.5,14.4375,2,PICT,199.9,32.26,12.23,UREA,49350.0,3418.181818181818,dtr1208.pdf,dtr2608.pdf
PACIFIC STAR,2026-08-12 23:30:00,2026-08-14 11:30:00,36.0,1.5,0,CB-1,224.9,32.25,14.5,TH.COAL,74000.0,49333.333333333336,dtr1208.pdf,dtr1408-2.pdf
JAG PARTH,2026-08-13 02:24:00,2026-08-14 18:30:00,40.1,1.6708333333333334,0,SOJ,183.0,32.2,8.2,GASOIL,40000.0,23940.149625935162,dtr1308.pdf,dtr1408-2.pdf
GANESHWAR,2026-08-13 10:00:00,2026-08-15 15:30:00,53.5,2.2291666666666665,4,NQ-3,72.0,14.0,2.8,GYPSUM,1800.0,807.4766355140188,dtr1208.pdf,dtr1508-2.pdf
JIN HAI RUN,2026-08-13 10:48:00,2026-08-14 12:30:00,25.7,1.0708333333333333,0,NIOB,199.85,32.26,13.66,I.ORE PELLET,61920.0,57824.12451361868,dtr1308.pdf,dtr1408-2.pdf
LILA FUJI,2026-08-13 12:00:00,2026-08-14 18:00:00,30.0,1.25,0,EQ-3,229.0,32.24,14.5,TH.COAL,77000.0,61600.0,dtr1308.pdf,dtr1408-2.pdf
MAINI,2026-08-13 13:00:00,2026-08-14 20:00:00,31.0,1.2916666666666667,0,SPM,249.0,44.0,0.0,CRUDE OIL,94486.0,73150.45161290323,dtr1308.pdf,dtr1408-2.pdf
OCEAN WINNER,2026-08-13 16:30:00,2026-08-20 16:00:00,167.5,6.979166666666667,1,CQ-1,225.0,10.36,0.0,I.ORE,73000.0,10459.701492537313,dtr1308.pdf,dtr2008-3.pdf
MARINE CRYSTAL,2026-08-13 18:30:00,2026-08-17 11:00:00,88.5,3.6875,0,KICT,249.88,43.0,15.15,H COAL/PCI COAL,111185.0,30151.86440677966,dtr1308.pdf,dtr1708.pdf
ANASTASIA K,2026-08-13 20:00:00,2026-08-19 15:00:00,139.0,5.791666666666667,0,FB-2,229.0,32.26,0.0,ROCK PHOS.,76015.0,13124.892086330934,dtr1308.pdf,dtr1908.pdf
JAL VAIBHAV,2026-08-13 23:30:00,2026-08-16 11:00:00,59.5,2.4791666666666665,0,CB-2,228.05,36.5,14.5,TH.COAL,85000.0,34285.71428571429,dtr1308.pdf,dtr1608-4.pdf
YM DELIGHT,2026-08-13 23:42:00,2026-08-15 22:00:00,46.3,1.9291666666666665,0,CQ-1,228.99,32.26,9.88,C.COAL,32000.0,16587.47300215983,dtr1408-2.pdf,dtr1508-2.pdf
EVER SUPERIOR,2026-08-14 01:45:00,2026-08-16 01:00:00,47.25,1.96875,0,NQ-2,116.9,19.6,7.9,FE.CR,8900.0,4520.6349206349205,dtr1408-2.pdf,dtr1508-2.pdf
DAWN HARIDWAR,2026-08-14 07:54:00,2026-08-15 20:00:00,36.1,1.5041666666666667,0,NOJ,171.2,27.4,8.9,F.O,9500.0,6315.789473684211,dtr1408-2.pdf,dtr1508-2.pdf
APJ SETHU,2026-08-14 12:00:00,2026-08-16 00:01:00,36.016666666666666,1.5006944444444443,0,CB-1,224.86,32.26,0.0,TH.COAL,75000.0,49976.862563627954,dtr1408-2.pdf,dtr1508-2.pdf
NV SUNSHINE,2026-08-14 19:00:00,2026-08-17 18:00:00,71.0,2.9583333333333335,0,SOJ,226.0,36.61,7.9,BUTANE/PROPA NE,22357.0,7557.295774647887,dtr1408-2.pdf,dtr1708.pdf
W SAPPHIRE,2026-08-15 02:30:00,2026-08-16 19:00:00,40.5,1.6875,1,CB-2,229.0,32.26,14.5,TH.COAL,75000.0,44444.444444444445,dtr1408-2.pdf,dtr1608-4.pdf
RIPLEY PINNACLE,2026-08-15 04:12:00,2026-08-16 22:00:00,41.8,1.7416666666666665,0,EQ-3,225.0,32.26,14.5,TH.COAL,75000.0,43062.200956937806,dtr1508-2.pdf,dtr1608-4.pdf
PLATA SOUTH,2026-08-15 09:00:00,2026-08-18 01:00:00,64.0,2.6666666666666665,1,SPM,333.0,60.0,20.1,CRUDE OIL,269855.0,101195.625,dtr1508-2.pdf,dtr1708.pdf
OLYMPIC FIGHTER,2026-08-15 13:30:00,2026-08-16 23:00:00,33.5,1.3958333333333333,0,SPM-3,274.22,48.0,15.0,CRUDE OIL,124884.0,89469.13432835821,dtr1508-2.pdf,dtr1608-4.pdf
ERACLEA,2026-08-15 23:00:00,2026-08-19 20:00:00,93.0,3.875,0,CQ-1/MPB,189.98,32.26,10.2,H COAL,37155.0,9588.387096774193,dtr1508-2.pdf,dtr1908.pdf
SERENITY,2026-08-15 23:30:00,2026-08-18 06:00:00,54.5,2.2708333333333335,1,CQ-1/MPB,186.4,27.8,8.15,M. COKE,17720.0,7803.302752293577,dtr1508-2.pdf,dtr1708.pdf
SWARNA PUSHP,2026-08-16 04:24:00,2026-08-31 12:00:00,367.6,15.316666666666668,0,NOJ,184.95,32.24,14.0,ATF,8972.0,585.7671381936888,dtr1608-4.pdf,dtr3108.pdf
YANGTZE DAWN,2026-08-16 07:42:00,2026-08-19 03:00:00,67.3,2.8041666666666667,0,IOB,189.99,11.5,3.4,I.ORE PELLET,54950.0,19595.839524517087,dtr1608-4.pdf,dtr1808_compressed.pdf
LILA SEOUL,2026-08-16 12:00:00,2026-08-18 03:00:00,39.0,1.625,0,EQ-2,229.0,32.26,14.5,TH.COAL,79000.0,48615.38461538462,dtr1608-4.pdf,dtr1708.pdf
BELLA OLYMPIA,2026-08-16 18:00:00,2026-08-20 17:00:00,95.0,3.9583333333333335,0,SQ,228.99,32.26,11.71,C.COAL,49570.0,12522.947368421052,dtr1608-4.pdf,dtr2008-3.pdf
DECCAN PRIDE,2026-08-16 19:30:00,2026-08-18 08:00:00,36.5,1.5208333333333333,0,CB-1/CB-2,225.0,32.26,14.5,TH.COAL,73600.0,48394.520547945205,dtr1608-4.pdf,dtr1708.pdf
MARINE FORTUNE I,2026-08-16 20:00:00,2026-08-18 10:00:00,38.0,1.5833333333333333,0,CB-1/CB-2,225.0,32.2,0.0,TH.COAL,72000.0,45473.68421052632,dtr1608-4.pdf,dtr1708.pdf
SKIATHOS,2026-08-16 22:30:00,2026-08-18 12:30:00,38.0,1.5833333333333333,0,EQ-3,229.0,32.26,14.5,TH.COAL,75000.0,47368.42105263158,dtr1608-4.pdf,dtr1808_compressed.pdf
SPARTAN,2026-08-17 09:00:00,2026-08-18 20:00:00,35.0,1.4583333333333333,0,SPM-3,274.0,48.0,0.0,CRUDE OIL,125039.0,85741.02857142857,dtr1708.pdf,dtr1808_compressed.pdf
BASIC STAR,2026-08-17 12:00:00,2026-08-18 19:00:00,31.0,1.2916666666666667,0,KICT,229.0,32.26,0.0,C.COAL/PCI COAL,44000.0,34064.51612903226,dtr1708.pdf,dtr1808_compressed.pdf
SANMAR SHEHNAI,2026-08-17 19:00:00,2026-08-19 09:30:00,38.5,1.6041666666666667,0,SOJ,182.5,32.2,7.7,NAPTHA,14000.0,8727.272727272726,dtr1708.pdf,dtr1908.pdf
YM MASCOT,2026-08-18 07:00:00,2026-08-20 15:00:00,56.0,2.3333333333333335,1,MPB,228.95,32.26,0.0,H COAL,43945.0,18833.571428571428,dtr1708.pdf,dtr2008-3.pdf
AFRICAN ISABELLE,2026-08-18 10:00:00,2026-08-19 23:00:00,37.0,1.5416666666666667,1,CB-1,199.98,32.24,13.5,TH.COAL,60000.0,38918.91891891892,dtr1808_compressed.pdf,dtr1908.pdf
DDS MARINA,2026-08-18 12:00:00,2026-08-26 10:00:00,190.0,7.916666666666667,0,CQ-3,126.8,21.5,9.1,A. NITRATE,11327.0,1430.778947368421,dtr1808_compressed.pdf,dtr2508.pdf
GANESHWAR,2026-08-18 13:30:00,2026-08-18 18:00:00,4.5,0.1875,0,NQ-3,72.0,32.2,8.0,GYPSUM,1800.0,9600.0,dtr1808_compressed.pdf,dtr1808_compressed.pdf
OTHONOI,2026-08-18 19:30:00,2026-08-21 06:30:00,59.0,2.4583333333333335,0,KICT,229.0,32.26,14.5,C.COAL,79100.0,32176.271186440677,dtr1808_compressed.pdf,dtr2008-3.pdf
APJ SHIRIN,2026-08-19 03:30:00,2026-08-27 17:00:00,205.5,8.5625,1,IOB,189.99,32.26,0.0,TH.COAL,57000.0,6656.934306569343,dtr1808_compressed.pdf,dtr2708.pdf
FAIRWAY,2026-08-19 10:42:00,2026-08-20 18:00:00,31.3,1.3041666666666667,0,SOJ,274.0,48.0,7.4,NAPTHA,14000.0,10734.824281150159,dtr1908.pdf,dtr2008-3.pdf
APJ ANGAD 2,2026-08-19 12:00:00,2026-08-20 21:00:00,33.0,1.375,0,CB-1,224.94,32.26,14.5,TH.COAL,75000.0,54545.454545454544,dtr1908.pdf,dtr2008-3.pdf
MAGIC ARIEL,2026-08-19 14:30:00,2026-08-26 22:00:00,175.5,7.3125,0,PICT-2,229.0,32.26,7.5,PIG IRON,66000.0,9025.641025641025,dtr1908.pdf,dtr2608.pdf
GIORGAKIS,2026-08-19 15:30:00,2026-08-20 23:00:00,31.5,1.3125,0,EQ-2,229.0,32.26,0.0,TH.COAL,79000.0,60190.47619047619,dtr1908.pdf,dtr2008-3.pdf
GANESHWAR,2026-08-19 16:00:00,2026-08-19 18:30:00,2.5,0.10416666666666667,0,NQ-3,72.0,14.0,2.8,GYPSUM,1800.0,17280.0,dtr1908.pdf,dtr1908.pdf
GREEK SEAS,2026-08-19 20:30:00,2026-08-22 13:00:00,64.5,2.6875,1,CQ-1,229.0,32.26,14.5,LM. ST.,40000.0,14883.720930232557,dtr1908.pdf,DTR2208-3.pdf
ENDLESS HORIZON,2026-08-19 22:30:00,2026-08-24 16:00:00,113.5,4.729166666666667,0,FB-1,189.99,32.26,12.92,ROCK PHOS.,56038.0,11849.444933920704,dtr1908.pdf,dtr2408.pdf
HARI PRIYA,2026-08-20 09:18:00,2026-08-22 03:00:00,41.7,1.7375,0,NOJ,183.0,32.23,0.0,HSD,35000.0,20143.88489208633,dtr2008-3.pdf,dtr2108.pdf
APJ INDRANI,2026-08-20 13:00:00,2026-08-21 20:00:00,31.0,1.2916666666666667,0,CB-2,225.0,21.5,9.1,TH.COAL,75000.0,58064.51612903226,dtr2008-3.pdf,dtr2108.pdf
GANESHWAR,2026-08-20 14:30:00,2026-08-20 19:00:00,4.5,0.1875,0,NQ-3,72.0,14.0,2.8,GYPSUM,1800.0,9600.0,dtr2008-3.pdf,dtr2008-3.pdf
GLORY LOONG,2026-08-20 15:30:00,2026-08-25 18:00:00,122.5,5.104166666666667,0,MPB,224.95,32.2,13.86,C.COAL,72667.0,14236.8,dtr2008-3.pdf,dtr2508.pdf
RISOLUTO,2026-08-20 16:30:00,2026-08-23 00:30:00,56.0,2.3333333333333335,0,CQ-2,228.9,32.24,14.5,LM. ST.,40000.0,17142.85714285714,dtr2008-3.pdf,DTR2208-3.pdf
MANASAROVAR,2026-08-20 18:30:00,2026-08-23 15:00:00,68.5,2.8541666666666665,1,SOJ,226.0,36.6,11.6,BUTANE/PROPA NE,22700.0,7953.284671532847,dtr2008-3.pdf,dtr2308.pdf
LILA MUNDRA,2026-08-21 00:30:00,2026-09-08 04:18:00,435.8,18.158333333333335,0,WD-5,190.0,32.26,14.5,S.COIL,30500.0,1679.669573198715,dtr2108.pdf,dtr0809.pdf
AMNSI MAXIMUS,2026-08-21 06:00:00,2026-08-26 06:00:00,120.0,5.0,1,CQ-3,229.0,32.26,14.0,I.ORE PELLET,75000.0,15000.0,dtr2008-3.pdf,dtr2508.pdf
GRACE LOUISE,2026-08-21 07:00:00,2026-08-22 10:00:00,27.0,1.125,1,KICT,228.99,32.26,14.38,C.COAL,42000.0,37333.333333333336,dtr2008-3.pdf,DTR2208-3.pdf
ALDAN,2026-08-21 09:00:00,2026-08-22 17:00:00,32.0,1.3333333333333333,0,SPM-3,243.79,27.42,7.4,CRUDE OIL,93429.0,70071.75,dtr2108.pdf,DTR2208-3.pdf
BASIC STAR,2026-08-22 01:30:00,2026-08-23 13:30:00,36.0,1.5,0,CB-1,229.0,32.24,14.5,TH.COAL,79000.0,52666.666666666664,dtr2108.pdf,dtr2308.pdf
KESTREL,2026-08-22 03:30:00,2026-08-24 02:00:00,46.5,1.9375,1,NOJ,182.5,32.2,7.5,F.O,5300.0,2735.483870967742,dtr2108.pdf,dtr2308.pdf
JABAL SAMHAN,2026-08-22 05:00:00,2026-08-23 12:00:00,31.0,1.2916666666666667,1,CB-2,199.9,32.26,13.5,TH.COAL,63000.0,48774.19354838709,dtr2108.pdf,dtr2308.pdf
THALEIA,2026-08-22 08:30:00,2026-08-23 16:00:00,31.5,1.3125,0,EQ-3,225.0,32.26,14.5,TH.COAL,72000.0,54857.142857142855,DTR2208-3.pdf,dtr2308.pdf
BRILLIANT ADVANCE,2026-08-22 10:30:00,2026-08-24 20:00:00,57.5,2.3958333333333335,1,KICT,228.99,32.26,14.51,C.COAL,79300.0,33099.13043478261,DTR2208-3.pdf,dtr2408.pdf
THERESA PRIDE,2026-08-22 13:30:00,2026-08-25 09:00:00,67.5,2.8125,0,CQ-1,199.99,32.26,13.37,DOLOMITE,60500.0,21511.11111111111,DTR2208-3.pdf,dtr2408.pdf
PHC SURYA,2026-08-22 19:00:00,2026-08-25 18:00:00,71.0,2.9583333333333335,0,NQ-3,118.0,19.6,7.76,GYPSUM,10000.0,3380.281690140845,DTR2208-3.pdf,dtr2508.pdf
CHOLA PROSPERITY,2026-08-23 13:00:00,2026-08-25 13:00:00,48.0,2.0,0,EQ-2,225.0,32.26,14.5,TH.COAL,75000.0,37500.0,dtr2308.pdf,dtr2508.pdf
CRIMSON GRACE,2026-08-23 14:30:00,2026-08-27 11:00:00,92.5,3.8541666666666665,0,CB-1,199.98,32.24,0.0,TH.COAL,60000.0,15567.567567567568,dtr2308.pdf,dtr2708.pdf
SANMAR SITAR,2026-08-24 03:00:00,2026-08-26 02:00:00,47.0,1.9583333333333333,1,NOJ,183.0,32.2,7.3,HSD,22000.0,11234.04255319149,dtr2308.pdf,dtr2508.pdf
TG LIBRA,2026-08-24 04:00:00,2026-08-26 14:30:00,58.5,2.4375,0,SOJ,145.53,23.7,0.0,LCO,16500.0,6769.2307692307695,dtr2408.pdf,dtr2608.pdf
RIPLEY PIONEER,2026-08-24 15:30:00,2026-08-26 04:00:00,36.5,1.5208333333333333,0,CB-1,225.0,32.26,14.5,TH.COAL,75000.0,49315.068493150684,dtr2408.pdf,dtr2508.pdf
YPERION,2026-08-24 20:30:00,2026-08-26 20:00:00,47.5,1.9791666666666667,0,KICT,229.0,32.26,14.59,PCI COAL,47541.0,24020.715789473685,dtr2408.pdf,dtr2608.pdf
JEWEL GOLD,2026-08-24 23:30:00,2026-08-26 09:06:00,33.6,1.4000000000000001,1,CB-1,190.0,32.26,13.0,TH.COAL,35000.0,24999.999999999996,dtr2408.pdf,dtr2608.pdf
CORNELIA M,2026-08-25 09:30:00,2026-08-28 06:00:00,68.5,2.8541666666666665,1,CQ-1,225.0,32.24,10.3,M. COKE,44000.0,15416.058394160586,dtr2408.pdf,dtr2708.pdf
KANG SHUN,2026-08-25 09:30:00,2026-09-01 12:30:00,171.0,7.125,0,FB-1,189.9,32.26,12.42,ROCK PHOS.,52500.0,7368.421052631579,dtr2508.pdf,dtr0109.pdf
SEA GULL 9,2026-08-25 19:00:00,2026-08-29 22:00:00,99.0,4.125,0,NQ-2,127.52,18.2,8.0,CRD PALMOIL,10000.0,2424.242424242424,dtr2508.pdf,dtr2908.pdf
ARLON,2026-08-25 22:15:00,2026-08-27 01:00:00,26.75,1.1145833333333333,0,FB-2,189.96,30.44,10.6,AMMONIA,15000.0,13457.943925233645,dtr2508.pdf,dtr2608.pdf
CHOLA DESTINY,2026-08-26 06:30:00,2026-08-27 15:00:00,32.5,1.3541666666666667,1,CQ-3,224.94,32.26,14.0,I.ORE PELLET,75000.0,55384.61538461538,dtr2508.pdf,dtr2708.pdf
GANESHWAR,2026-08-26 08:00:00,2026-08-28 14:30:00,54.5,2.2708333333333335,2,NQ-3,72.0,14.0,2.8,GYPSUM,1800.0,792.6605504587155,dtr2508.pdf,dtr2808.pdf
CHOLA TREASURE,2026-08-26 10:36:00,2026-08-27 14:00:00,27.4,1.1416666666666666,0,CB-2,225.0,32.26,0.0,TH.COAL,69000.0,60437.95620437957,dtr2608.pdf,dtr2708.pdf
DECCAN PRIDE,2026-08-26 12:30:00,2026-08-28 04:00:00,39.5,1.6458333333333333,0,CB-1,225.0,32.26,0.0,TH.COAL,73700.0,44779.74683544304,dtr2608.pdf,dtr2708.pdf
APJ SETHU,2026-08-26 14:00:00,2026-08-28 06:36:00,40.6,1.6916666666666667,0,EQ-3,224.86,32.26,0.0,TH.COAL,75000.0,44334.97536945813,dtr2608.pdf,dtr2808.pdf
NILE RIVER,2026-08-26 15:00:00,2026-08-28 10:30:00,43.5,1.8125,0,SOJ,229.0,36.6,11.9,BUTANE/PROPA,28000.0,15448.275862068966,dtr2608.pdf,dtr2708.pdf
RICHLAND SINGAPORE,2026-08-26 16:00:00,2026-08-30 10:00:00,90.0,3.75,1,MPB,228.9,32.24,14.5,C.COAL,79200.0,21120.0,dtr2608.pdf,dtr2908.pdf
KIRRIBILLI,2026-08-26 21:00:00,2026-08-30 22:00:00,97.0,4.041666666666667,0,KICT,228.9,32.26,14.49,C.COAL,79611.0,19697.567010309278,dtr2608.pdf,dtr3008.pdf
PICTOR,2026-08-27 01:30:00,2026-08-29 20:00:00,66.5,2.7708333333333335,0,FB-2,224.94,32.26,14.2,ROCK PHOS.,74203.0,26780.03007518797,dtr2608.pdf,dtr2908.pdf
MARJORIE,2026-08-27 06:00:00,2026-08-28 20:00:00,38.0,1.5833333333333333,1,SPM-2,274.0,48.0,15.7,CRUDE OIL,140894.0,88985.68421052632,dtr2608.pdf,dtr2808.pdf
GREEN K MAX 2,2026-08-27 09:12:00,2026-09-02 11:30:00,146.3,6.095833333333334,0,IOB,229.0,32.26,14.45,TH.COAL,65000.0,10663.021189336978,dtr2708.pdf,dtr0209__compressed.pdf
RIPLEY PROGRESS,2026-08-27 17:30:00,2026-08-29 03:00:00,33.5,1.3958333333333333,0,CB-1,225.0,32.26,14.5,TH.COAL,75000.0,53731.34328358209,dtr2708.pdf,dtr2808.pdf
GREEK SEAS,2026-08-27 18:30:00,2026-08-28 16:00:00,21.5,0.8958333333333334,0,CQ-3,229.0,32.26,14.0,I.ORE PELLET,75000.0,83720.93023255814,dtr2708.pdf,dtr2808.pdf
AM PROGRESS,2026-08-28 01:10:00,2026-08-31 14:00:00,84.83333333333333,3.534722222222222,0,PICT,176.54,26.97,0.0,STEEL SLAB,30000.0,8487.229862475442,dtr2808.pdf,dtr3108.pdf
CAPT EUGENE,2026-08-28 07:00:00,2026-09-01 02:00:00,91.0,3.7916666666666665,0,CQ-2,189.99,32.26,6.25,I.ORE PELLET,54400.0,14347.252747252747,dtr2808.pdf,dtr3108.pdf
ATOKOS,2026-08-28 07:30:00,2026-08-30 11:00:00,51.5,2.1458333333333335,1,SPM-3,332.95,22.46,0.0,CRUDE OIL,258557.0,120492.58252427184,dtr2708.pdf,dtr2908.pdf
APJ ANGAD 2,2026-08-28 17:00:00,2026-08-29 23:00:00,30.0,1.25,0,CB-2,224.94,32.26,14.5,TH.COAL,75000.0,60000.0,dtr2808.pdf,dtr2908.pdf
DELAVITA,2026-08-28 19:00:00,2026-09-04 23:00:00,172.0,7.166666666666667,1,PICT-2,199.99,32.25,13.13,PIG IRON,60500.0,8441.860465116279,dtr2808.pdf,dtr0409.pdf
PROPEL PEACE,2026-08-28 21:24:00,2026-09-02 06:30:00,105.1,4.379166666666666,0,CQ-1,179.99,28.2,0.0,STEEL SLAB,31000.0,7078.972407231208,dtr2908.pdf,dtr0109.pdf
SANMAR SWARA,2026-08-28 23:30:00,2026-08-31 00:18:00,48.8,2.033333333333333,0,NOJ,228.49,32.24,14.5,HSD/M.SPIRIT,21568.0,10607.213114754099,dtr2908.pdf,dtr3108.pdf
GIORGAKIS,2026-08-29 05:00:00,2026-08-30 23:00:00,42.0,1.75,1,CB-1,229.0,32.24,14.5,TH.COAL,78000.0,44571.42857142857,dtr2808.pdf,dtr3008.pdf
STAR GALAXY,2026-08-29 09:30:00,2026-09-02 22:30:00,109.0,4.541666666666667,2,KICT,229.0,32.26,14.45,C.COAL,45733.0,10069.651376146789,dtr2808.pdf,dtr0209__compressed.pdf
GANESHWAR,2026-08-29 10:00:00,2026-08-30 17:00:00,31.0,1.2916666666666667,2,NQ-3,72.0,14.0,2.8,GYPSUM,1800.0,1393.5483870967741,dtr2808.pdf,dtr3008.pdf
JAG AJAY,2026-08-29 18:30:00,2026-09-01 01:00:00,54.5,2.2708333333333335,0,MPB,229.0,32.26,14.45,C.COAL,46762.0,20592.440366972474,dtr2908.pdf,dtr3108.pdf
CHOLA LEGACY,2026-08-30 04:42:00,2026-08-31 11:30:00,30.8,1.2833333333333334,0,CB-2,228.99,32.26,0.0,TH.COAL,69000.0,53766.23376623376,dtr3008.pdf,dtr3108.pdf
POROS BAY,2026-08-30 09:00:00,2026-08-31 23:00:00,38.0,1.5833333333333333,0,SPM-2,274.5,11.5,3.4,CRUDE OIL,142688.0,90118.73684210527,dtr3008.pdf,dtr3108.pdf
SUNRISE I,2026-08-30 10:15:00,2026-08-31 23:30:00,37.25,1.5520833333333333,1,KICT,228.9,32.24,14.46,C.COAL,33000.0,21261.744966442955,dtr2908.pdf,dtr3108.pdf
RIPLEY PINNACLE,2026-08-30 22:30:00,2026-09-01 09:00:00,34.5,1.4375,0,EQ-3,225.0,32.26,14.5,TH.COAL,75000.0,52173.913043478264,dtr3008.pdf,dtr3108.pdf
AGRAFA,2026-08-30 23:30:00,2026-09-01 00:30:00,25.0,1.0416666666666667,1,CB-1,199.0,32.26,13.5,TH.COAL,30000.0,28799.999999999996,dtr3008.pdf,dtr3108.pdf
BABYLON,2026-08-31 01:42:00,2026-09-01 17:30:00,39.8,1.6583333333333332,0,NOJ,179.8,10.36,0.0,HSD/M.SPIRIT,17900.0,10793.969849246232,dtr3108.pdf,dtr0109.pdf
ZOLA,2026-08-31 08:00:00,2026-09-01 16:00:00,32.0,1.3333333333333333,1,CQ-3,199.9,32.26,14.0,I.ORE PELLET,60000.0,45000.0,dtr3008.pdf,dtr0109.pdf
FAIRWAY,2026-08-31 12:30:00,2026-09-01 16:30:00,28.0,1.1666666666666667,0,SOJ,171.26,27.42,0.0,M.SPIRIT/NAPTH A,15000.0,12857.142857142857,dtr3108.pdf,dtr0109.pdf
POROS,2026-08-31 13:30:00,2026-09-01 23:00:00,33.5,1.3958333333333333,0,SPM-3,274.2,48.0,15.7,CRUDE OIL,139427.0,99888.0,dtr3108.pdf,dtr0109.pdf
NIKGENIOUS,2026-08-31 14:30:00,2026-09-05 23:00:00,128.5,5.354166666666667,0,PICT,199.9,32.24,13.06,A. SULPHATE,31500.0,5883.268482490272,dtr3108.pdf,dtr0509.pdf
YOUNG HARMONY,2026-08-31 23:15:00,2026-09-02 04:00:00,28.75,1.1979166666666667,0,EQ-2,206.06,32.26,13.0,TH.COAL,60000.0,50086.95652173913,dtr3108.pdf,dtr0109.pdf
DARLEAKAY,2026-09-01 01:12:00,2026-09-02 06:00:00,28.8,1.2,0,NIOB,189.99,32.26,12.92,CLUMPS ORE,55000.0,45833.333333333336,dtr0109.pdf,dtr0109.pdf
GAS QUANTUM,2026-09-01 02:36:00,2026-09-03 06:00:00,51.4,2.1416666666666666,0,FB-2,173.7,28.0,10.25,AMMONIA,23202.0,10833.618677042801,dtr0109.pdf,dtr0209__compressed.pdf
SSI IRRESISTIBLE,2026-09-01 06:00:00,2026-09-03 10:30:00,52.5,2.1875,1,CB-1,229.0,32.26,14.5,TH.COAL,81000.0,37028.57142857143,dtr3108.pdf,dtr0309.pdf
MARINE FORTUNE I,2026-09-01 10:00:00,2026-09-02 13:00:00,27.0,1.125,0,CB-2,225.0,32.2,0.0,TH.COAL,72000.0,64000.0,dtr0109.pdf,dtr0209__compressed.pdf
GLEN COVE,2026-09-01 13:00:00,2026-09-04 02:30:00,61.5,2.5625,0,FB-1,159.03,27.1,9.5,SUL ACID,19842.0,7743.219512195122,dtr0109.pdf,dtr0309.pdf
GANESHWAR,2026-09-01 13:30:00,2026-09-02 18:00:00,28.5,1.1875,1,NQ-3,72.0,14.0,2.8,GYPSUM,1800.0,1515.7894736842106,dtr0109.pdf,dtr0209__compressed.pdf
ONEIRIO,2026-09-01 14:00:00,2026-09-04 03:30:00,61.5,2.5625,1,SPM-2,244.0,42.0,0.0,CRUDE OIL,89928.0,35093.85365853659,dtr0109.pdf,dtr0309.pdf
TINY DAISY,2026-09-01 17:00:00,2026-09-03 16:00:00,47.0,1.9583333333333333,0,SOJ,225.13,36.63,0.0,BUTANE/PROPA NE,24000.0,12255.31914893617,dtr0109.pdf,dtr0309.pdf
KESTREL,2026-09-01 18:00:00,2026-09-03 12:30:00,42.5,1.7708333333333333,0,NOJ,182.5,32.2,0.0,F.O,10500.0,5929.411764705883,dtr0109.pdf,dtr0309.pdf
ECO DIAGON ALLEY,2026-09-01 20:24:00,2026-09-03 09:30:00,37.1,1.5458333333333334,0,EQ-3,225.0,32.26,14.5,TH.COAL,80000.0,51752.021563342314,dtr0209__compressed.pdf,dtr0309.pdf
STAR FLAME,2026-09-01 21:30:00,2026-09-04 01:30:00,52.0,2.1666666666666665,0,MPB,229.0,32.24,14.5,LM. ST.,45816.0,21145.846153846156,dtr0109.pdf,dtr0309.pdf
CHOLA UNITY,2026-09-02 15:00:00,2026-09-04 11:30:00,44.5,1.8541666666666667,0,EQ-3,229.0,32.24,14.5,TH.COAL,78900.0,42552.808988764045,dtr0209__compressed.pdf,dtr0409.pdf
AMNSI STALLION,2026-09-02 20:00:00,2026-09-04 22:00:00,50.0,2.0833333333333335,0,CQ-2,229.0,32.26,14.5,LM. ST.,42000.0,20160.0,dtr0209__compressed.pdf,dtr0409.pdf
ASHICO SYMPHONY,2026-09-02 20:20:00,2026-09-05 06:00:00,57.666666666666664,2.4027777777777777,0,NQ-2,120.93,19.6,7.95,FE.CR,7688.0,3199.6300578034684,dtr0309.pdf,dtr0409.pdf
MAXWELL,2026-09-02 23:00:00,2026-09-04 12:00:00,37.0,1.5416666666666667,0,KICT,228.99,32.26,14.5,C.COAL,40000.0,25945.945945945943,dtr0209__compressed.pdf,dtr0309.pdf
LILA SHANGHAI,2026-09-03 03:48:00,2026-09-05 17:00:00,61.2,2.5500000000000003,0,CB-1,229.0,32.26,0.0,TH.COAL,79000.0,30980.39215686274,dtr0309.pdf,dtr0509.pdf
AFRICAN DRAGON,2026-09-03 07:48:00,2026-09-05 20:00:00,60.2,2.5083333333333333,0,FB-2,199.99,32.25,11.02,SULPHUR,30000.0,11960.132890365448,dtr0309.pdf,dtr0509.pdf
STAR SHANGHAI,2026-09-03 11:30:00,2026-09-04 14:00:00,26.5,1.1041666666666667,0,EQ-2,199.91,32.26,14.0,TH.COAL,61550.0,55743.39622641509,dtr0309.pdf,dtr0409.pdf
UNITY FORCE,2026-09-03 12:00:00,2026-09-05 01:00:00,37.0,1.5416666666666667,0,CQ-1,199.96,32.26,12.99,DOLOMITE,32000.0,20756.756756756757,dtr0309.pdf,dtr0409.pdf
GANESHWAR,2026-09-03 14:00:00,2026-09-03 19:30:00,5.5,0.22916666666666666,0,NQ-3,72.0,14.0,2.85,GYPSUM,1800.0,7854.545454545455,dtr0309.pdf,dtr0309.pdf
HARI ANAND,2026-09-03 16:30:00,2026-09-07 08:00:00,87.5,3.6458333333333335,0,SOJ,180.55,32.23,9.8,ATF,17998.0,4936.594285714285,dtr0309.pdf,dtr0609.pdf
CHOLA PROSPERITY,2026-09-03 19:00:00,2026-09-05 04:00:00,33.0,1.375,0,EQ-3,225.0,32.26,14.5,TH.COAL,75000.0,54545.454545454544,dtr0309.pdf,dtr0409.pdf
KNOSSOS,2026-09-04 01:00:00,2026-09-05 10:30:00,33.5,1.3958333333333333,1,CB-1,189.99,32.26,13.3,TH.COAL,55000.0,39402.98507462687,dtr0309.pdf,dtr0509.pdf
AM UMANG,2026-09-04 02:00:00,2026-09-06 04:00:00,50.0,2.0833333333333335,1,MPB,228.99,32.31,14.5,DOLOMITE,42000.0,20160.0,dtr0309.pdf,dtr0509.pdf
SAVIR LION,2026-09-04 11:00:00,2026-09-05 19:00:00,32.0,1.3333333333333333,0,SPM-2,244.6,42.0,15.4,CRUDE OIL,99692.0,74769.0,dtr0409.pdf,dtr0509.pdf
DHT TAIGA,2026-09-04 13:00:00,2026-09-06 23:30:00,58.5,2.4375,0,SPM-3,333.8,60.0,21.84,CRUDE OIL,281085.0,115316.92307692308,dtr0409.pdf,dtr0609.pdf
STELLA NAVIS,2026-09-04 13:30:00,2026-09-05 21:00:00,31.5,1.3125,0,CQ-3,228.9,32.24,14.0,I.ORE PELLET,75000.0,57142.857142857145,dtr0409.pdf,dtr0509.pdf
ALANI,2026-09-04 17:00:00,2026-09-07 14:00:00,69.0,2.875,0,IOB,199.98,32.24,13.43,TH.COAL,61900.0,21530.434782608696,dtr0409.pdf,dtr0709.pdf
ARIES STAR,2026-09-05 02:00:00,2026-09-07 15:30:00,61.5,2.5625,1,CQ-2,229.0,32.26,14.5,A. COAL/H COAL,27100.0,10575.609756097561,dtr0409.pdf,dtr0709.pdf
DAWN MADURAI,2026-09-05 02:30:00,2026-09-07 03:00:00,48.5,2.0208333333333335,0,NOJ,183.26,32.2,7.5,HSD,22000.0,10886.597938144329,dtr0409.pdf,dtr0609.pdf
XIN YU,2026-09-05 10:00:00,2026-09-07 09:00:00,47.0,1.9583333333333333,1,KICT,224.89,32.2,13.87,PCI COAL,71300.0,36408.51063829787,dtr0409.pdf,dtr0609.pdf
DECCAN PRIDE,2026-09-05 13:00:00,2026-09-06 23:00:00,34.0,1.4166666666666667,0,EQ-3,225.0,32.26,14.5,TH.COAL,73500.0,51882.35294117647,dtr0509.pdf,dtr0609.pdf
CRIMSON GLORY,2026-09-05 18:00:00,2026-09-06 16:00:00,22.0,0.9166666666666666,0,EQ-2,189.93,32.26,0.0,TH.COAL,32600.0,35563.63636363637,dtr0509.pdf,dtr0609.pdf
AMARYLLIS,2026-09-05 22:00:00,2026-09-07 06:30:00,32.5,1.3541666666666667,0,CQ-3,228.99,32.26,6.5,I.ORE PELLET,75000.0,55384.61538461538,dtr0509.pdf,dtr0609.pdf
GANESHWAR,2026-09-06 06:00:00,2026-09-06 10:00:00,4.0,0.16666666666666666,1,NQ-3,72.0,14.0,2.85,GYPSUM,1800.0,10800.0,dtr0509.pdf,dtr0509.pdf
APJ KABIR ANAND,2026-09-06 09:00:00,2026-09-07 13:00:00,28.0,1.1666666666666667,0,CB-2,225.0,32.26,0.0,TH.COAL,75000.0,64285.71428571428,dtr0609.pdf,dtr0709.pdf
ONIKS,2026-09-06 10:00:00,2026-09-07 12:00:00,26.0,1.0833333333333333,0,SPM-2,243.0,42.0,0.0,CRUDE OIL,99881.0,92197.84615384616,dtr0609.pdf,dtr0709.pdf
VISHVA VIJAY,2026-09-06 17:00:00,2026-09-08 12:30:00,43.5,1.8125,0,EQ-2,229.0,32.24,13.43,TH.COAL,75000.0,41379.31034482759,dtr0609.pdf,dtr0809.pdf
OLYMPIC FLAG,2026-09-07 06:00:00,2026-09-08 15:00:00,33.0,1.375,1,SPM-3,273.97,47.0,15.0,CRUDE OIL,124610.0,90625.45454545454,dtr0609.pdf,dtr0809.pdf
GANESHWAR,2026-09-07 07:00:00,2026-09-07 11:00:00,4.0,0.16666666666666666,1,NQ-3,72.0,14.0,2.85,GYPSUM,1800.0,10800.0,dtr0609.pdf,dtr0609.pdf
APJ SETHU,2026-09-07 09:00:00,2026-09-08 16:30:00,31.5,1.3125,0,EQ-3,224.86,32.26,0.0,TH.COAL,75000.0,57142.857142857145,dtr0709.pdf,dtr0809.pdf
APJ ANGAD 2,2026-09-07 15:00:00,2026-09-08 23:00:00,32.0,1.3333333333333333,0,CB-1/CB-2,224.94,32.26,14.5,TH.COAL,75000.0,56250.0,dtr0709.pdf,dtr0809.pdf
GANESHWAR,2026-09-08 08:00:00,2026-09-08 11:00:00,3.0,0.125,1,NQ-3,72.0,14.0,2.85,GYPSUM,1800.0,14400.0,dtr0709.pdf,dtr0709.pdf
