traffic_date,held_on_date,port,priority_group,readiness,vessel_name,loa_m,beam_m,draft_m,arrival_date,arrival_time,cargo_type,cargo_qty_mt,priority,vessel_size,remarks,raw_line,source_pdf,report_filename,report_traffic_date,report_held_on,vessel_name_normalized
2026-09-06,2026-09-07,Paradip,FOR CB-1 & CB-2,READY,MV. APJ SETHU,224.86,32.26,0.0,2026-09-05,06:48,TH.COAL,75000,1,,,32.26 0.00 05.09  0648TNPGCLL  75000 SEAPORTMV. APJ SETHU 224.86 1 TH.COAL J M BAXIMSPLR - P,dtr0709.pdf,DTR0107.pdf,2026-06-30,2026-07-01,APJ SETHU
2026-09-06,2026-09-07,Paradip,FOR CB-1 & CB-2,READY,MV. SINGAPORE BULKER,189.99,32.26,13.3,2026-09-07,06:18,TH.COAL,55000,2,,,32.26 13.30 07.09  0618OPGL  55000 SEA SHIPSMV. SINGAPORE BULKER 189.99 2 TH.COAL SSSR -,dtr0709.pdf,DTR0107.pdf,2026-06-30,2026-07-01,SINGAPORE BULKER
2026-09-06,2026-09-07,Paradip,FOR CB-1 & CB-2,READY,MV. APJ ANGAD 2,224.94,32.26,14.5,2026-09-07,10:18,TH.COAL,75000,3,,,32.26 14.50 07.09  1018NTECL/CLPLL  75000 BOTHRAMV. APJ ANGAD 2 224.94 3 TH.COAL JMBR -,dtr0709.pdf,DTR0107.pdf,2026-06-30,2026-07-01,APJ ANGAD 2
2026-09-06,2026-09-07,Paradip,FOR OJ,NOT READY,MT. SHIVALIK NR,225.28,36.6,11.6,2026-09-04,17:12,BUTANE/PROP,13000,1,,(B),36.60 11.60 04.09  1712IOCLD  13000 SAMSARAMT. SHIVALIK NR 225.28 1 BUTANE/PROP SAMSARA - (B),dtr0709.pdf,DTR0107.pdf,2026-06-30,2026-07-01,SHIVALIK
2026-09-06,2026-09-07,Paradip,FOR OJ,NOT READY,MT. TORM DOVER NR,183.12,32.2,0.0,2026-09-05,14:12,NAPTHA,35000,2,,(B),32.20 0.00 05.09  1412IOCLL  35000 ISIPLMT. TORM DOVER NR 183.12 2 NAPTHA ISIPL - (B),dtr0709.pdf,DTR0107.pdf,2026-06-30,2026-07-01,TORM DOVER
2026-09-06,2026-09-07,Paradip,FOR OJ,NOT READY,MT. GAS ALKHALEEJ NR,225.28,36.62,11.8,2026-09-07,09:54,BUTANE/PROP,28000,3,,(B),36.62 11.80 07.09  0954IOCLD  28000 AGSMT. GAS ALKHALEEJ NR 225.28 3 BUTANE/PROP AGS - (B),dtr0709.pdf,DTR0107.pdf,2026-06-30,2026-07-01,GAS ALKHALEEJ
2026-09-06,2026-09-07,Paradip,FOR SPM,READY,MT. OLYMPIC FLAG,273.97,47.0,15.0,2026-09-06,09:54,CRUDE OIL,124610,1,,,47.00 15.00 06.09  0954IOCL PLDD  124610 AGSMT. OLYMPIC FLAG 273.97 1 CRUDE OIL AGSR -,dtr0709.pdf,DTR0107.pdf,2026-06-30,2026-07-01,OLYMPIC FLAG
2026-09-06,2026-09-07,Paradip,FOR SPM,NOT READY,MT. AYAT NR,179.99,32.2,11.4,2026-08-26,19:30,CRUDE OIL,37861,1,,(B),32.20 11.40 26.08  1930IOCL PLDD  37861 AGSMT. AYAT NR 179.99 1 CRUDE OIL AGS - (B),dtr0709.pdf,DTR0107.pdf,2026-06-30,2026-07-01,AYAT
2026-09-06,2026-09-07,Paradip,FOR PICT,NOT READY,MV. TAN BINH 259 ICT/NR,175.53,29.4,9.5,2026-07-22,16:25,S.COIL,25391,1,,(B),29.40 9.50 22.07  1625JSLD  25391 SSSMV. TAN BINH 259 ICT/NR 175.53 1 S.COIL NK - (B),dtr0709.pdf,DTR0107.pdf,2026-06-30,2026-07-01,TAN BINH 259
2026-09-06,2026-09-07,Paradip,FOR PICT,NOT READY,MV. NEON TRADER ICT/NR,179.9,30.0,9.24,2026-09-01,17:36,S.COIL,15000,2,,(B),30.00 9.24 01.09  1736SAILL  15000 GACMV. NEON TRADER ICT/NR 179.90 2 S.COIL GAC - (B),dtr0709.pdf,DTR0107.pdf,2026-06-30,2026-07-01,NEON TRADER
2026-09-06,2026-09-07,Paradip,FOR PICT,NOT READY,MV. YPERION ICT/NR,229.0,32.26,7.25,2026-09-01,20:36,PIG IRON,66000,3,,(B),32.26 7.25 01.09  2036OMPLL  66000 J M BAXIMSPLMV. YPERION ICT/NR 229.00 3 PIG IRON J M BAXIMSPL - (B),dtr0709.pdf,DTR0107.pdf,2026-06-30,2026-07-01,YPERION
2026-09-06,2026-09-07,Paradip,FOR PICT,NOT READY,MV. DIONYSUS ICT/NR,199.9,32.26,12.35,2026-09-06,19:06,UREA,52500,4,,(B),32.26 12.35 06.09  1906BRAHMAPUTRAD  52500 SSSMV. DIONYSUS ICT/NR 199.90 4 UREA SSS - (B),dtr0709.pdf,DTR0107.pdf,2026-06-30,2026-07-01,DIONYSUS
2026-09-06,2026-09-07,Paradip,Others,NOT READY,MV. PELAGIA NR,228.99,32.26,12.86,2026-08-27,23:00,,36000,1,,(B),32.26 12.86 27.08  2300NKD  36000 ALAPMV. PELAGIA NR 228.99 1 A. SULPHATE ALAP - (B),dtr0709.pdf,DTR0107.pdf,2026-06-30,2026-07-01,PELAGIA
2026-09-06,2026-09-07,Paradip,FOR CB-1 & CB-2,READY,MV. APJ SETHU,224.86,32.26,0.0,2026-09-05,06:48,TH.COAL,75000,1,,,32.26 0.00 05.09  0648TNPGCLL  75000 SEAPORTMV. APJ SETHU 224.86 1 TH.COAL J M BAXIMSPLR - P,dtr0709.pdf,DTR2208-3.pdf,2026-08-21,2026-08-22,APJ SETHU
2026-09-06,2026-09-07,Paradip,FOR CB-1 & CB-2,READY,MV. SINGAPORE BULKER,189.99,32.26,13.3,2026-09-07,06:18,TH.COAL,55000,2,,,32.26 13.30 07.09  0618OPGL  55000 SEA SHIPSMV. SINGAPORE BULKER 189.99 2 TH.COAL SSSR -,dtr0709.pdf,DTR2208-3.pdf,2026-08-21,2026-08-22,SINGAPORE BULKER
2026-09-06,2026-09-07,Paradip,FOR CB-1 & CB-2,READY,MV. APJ ANGAD 2,224.94,32.26,14.5,2026-09-07,10:18,TH.COAL,75000,3,,,32.26 14.50 07.09  1018NTECL/CLPLL  75000 BOTHRAMV. APJ ANGAD 2 224.94 3 TH.COAL JMBR -,dtr0709.pdf,DTR2208-3.pdf,2026-08-21,2026-08-22,APJ ANGAD 2
2026-09-06,2026-09-07,Paradip,FOR OJ,NOT READY,MT. SHIVALIK NR,225.28,36.6,11.6,2026-09-04,17:12,BUTANE/PROP,13000,1,,(B),36.60 11.60 04.09  1712IOCLD  13000 SAMSARAMT. SHIVALIK NR 225.28 1 BUTANE/PROP SAMSARA - (B),dtr0709.pdf,DTR2208-3.pdf,2026-08-21,2026-08-22,SHIVALIK
2026-09-06,2026-09-07,Paradip,FOR OJ,NOT READY,MT. TORM DOVER NR,183.12,32.2,0.0,2026-09-05,14:12,NAPTHA,35000,2,,(B),32.20 0.00 05.09  1412IOCLL  35000 ISIPLMT. TORM DOVER NR 183.12 2 NAPTHA ISIPL - (B),dtr0709.pdf,DTR2208-3.pdf,2026-08-21,2026-08-22,TORM DOVER
2026-09-06,2026-09-07,Paradip,FOR OJ,NOT READY,MT. GAS ALKHALEEJ NR,225.28,36.62,11.8,2026-09-07,09:54,BUTANE/PROP,28000,3,,(B),36.62 11.80 07.09  0954IOCLD  28000 AGSMT. GAS ALKHALEEJ NR 225.28 3 BUTANE/PROP AGS - (B),dtr0709.pdf,DTR2208-3.pdf,2026-08-21,2026-08-22,GAS ALKHALEEJ
2026-09-06,2026-09-07,Paradip,FOR SPM,READY,MT. OLYMPIC FLAG,273.97,47.0,15.0,2026-09-06,09:54,CRUDE OIL,124610,1,,,47.00 15.00 06.09  0954IOCL PLDD  124610 AGSMT. OLYMPIC FLAG 273.97 1 CRUDE OIL AGSR -,dtr0709.pdf,DTR2208-3.pdf,2026-08-21,2026-08-22,OLYMPIC FLAG
2026-09-06,2026-09-07,Paradip,FOR SPM,NOT READY,MT. AYAT NR,179.99,32.2,11.4,2026-08-26,19:30,CRUDE OIL,37861,1,,(B),32.20 11.40 26.08  1930IOCL PLDD  37861 AGSMT. AYAT NR 179.99 1 CRUDE OIL AGS - (B),dtr0709.pdf,DTR2208-3.pdf,2026-08-21,2026-08-22,AYAT
2026-09-06,2026-09-07,Paradip,FOR PICT,NOT READY,MV. TAN BINH 259 ICT/NR,175.53,29.4,9.5,2026-07-22,16:25,S.COIL,25391,1,,(B),29.40 9.50 22.07  1625JSLD  25391 SSSMV. TAN BINH 259 ICT/NR 175.53 1 S.COIL NK - (B),dtr0709.pdf,DTR2208-3.pdf,2026-08-21,2026-08-22,TAN BINH 259
2026-09-06,2026-09-07,Paradip,FOR PICT,NOT READY,MV. NEON TRADER ICT/NR,179.9,30.0,9.24,2026-09-01,17:36,S.COIL,15000,2,,(B),30.00 9.24 01.09  1736SAILL  15000 GACMV. NEON TRADER ICT/NR 179.90 2 S.COIL GAC - (B),dtr0709.pdf,DTR2208-3.pdf,2026-08-21,2026-08-22,NEON TRADER
2026-09-06,2026-09-07,Paradip,FOR PICT,NOT READY,MV. YPERION ICT/NR,229.0,32.26,7.25,2026-09-01,20:36,PIG IRON,66000,3,,(B),32.26 7.25 01.09  2036OMPLL  66000 J M BAXIMSPLMV. YPERION ICT/NR 229.00 3 PIG IRON J M BAXIMSPL - (B),dtr0709.pdf,DTR2208-3.pdf,2026-08-21,2026-08-22,YPERION
2026-09-06,2026-09-07,Paradip,FOR PICT,NOT READY,MV. DIONYSUS ICT/NR,199.9,32.26,12.35,2026-09-06,19:06,UREA,52500,4,,(B),32.26 12.35 06.09  1906BRAHMAPUTRAD  52500 SSSMV. DIONYSUS ICT/NR 199.90 4 UREA SSS - (B),dtr0709.pdf,DTR2208-3.pdf,2026-08-21,2026-08-22,DIONYSUS
2026-09-06,2026-09-07,Paradip,Others,NOT READY,MV. PELAGIA NR,228.99,32.26,12.86,2026-08-27,23:00,,36000,1,,(B),32.26 12.86 27.08  2300NKD  36000 ALAPMV. PELAGIA NR 228.99 1 A. SULPHATE ALAP - (B),dtr0709.pdf,DTR2208-3.pdf,2026-08-21,2026-08-22,PELAGIA
2026-09-06,2026-09-07,Paradip,FOR CB-1 & CB-2,READY,MV. APJ SETHU,224.86,32.26,0.0,2026-09-05,06:48,TH.COAL,75000,1,,,32.26 0.00 05.09  0648TNPGCLL  75000 SEAPORTMV. APJ SETHU 224.86 1 TH.COAL J M BAXIMSPLR - P,dtr0709.pdf,dtr0108.pdf,2026-07-31,2026-08-01,APJ SETHU
2026-09-06,2026-09-07,Paradip,FOR CB-1 & CB-2,READY,MV. SINGAPORE BULKER,189.99,32.26,13.3,2026-09-07,06:18,TH.COAL,55000,2,,,32.26 13.30 07.09  0618OPGL  55000 SEA SHIPSMV. SINGAPORE BULKER 189.99 2 TH.COAL SSSR -,dtr0709.pdf,dtr0108.pdf,2026-07-31,2026-08-01,SINGAPORE BULKER
2026-09-06,2026-09-07,Paradip,FOR CB-1 & CB-2,READY,MV. APJ ANGAD 2,224.94,32.26,14.5,2026-09-07,10:18,TH.COAL,75000,3,,,32.26 14.50 07.09  1018NTECL/CLPLL  75000 BOTHRAMV. APJ ANGAD 2 224.94 3 TH.COAL JMBR -,dtr0709.pdf,dtr0108.pdf,2026-07-31,2026-08-01,APJ ANGAD 2
2026-09-06,2026-09-07,Paradip,FOR OJ,NOT READY,MT. SHIVALIK NR,225.28,36.6,11.6,2026-09-04,17:12,BUTANE/PROP,13000,1,,(B),36.60 11.60 04.09  1712IOCLD  13000 SAMSARAMT. SHIVALIK NR 225.28 1 BUTANE/PROP SAMSARA - (B),dtr0709.pdf,dtr0108.pdf,2026-07-31,2026-08-01,SHIVALIK
2026-09-06,2026-09-07,Paradip,FOR OJ,NOT READY,MT. TORM DOVER NR,183.12,32.2,0.0,2026-09-05,14:12,NAPTHA,35000,2,,(B),32.20 0.00 05.09  1412IOCLL  35000 ISIPLMT. TORM DOVER NR 183.12 2 NAPTHA ISIPL - (B),dtr0709.pdf,dtr0108.pdf,2026-07-31,2026-08-01,TORM DOVER
2026-09-06,2026-09-07,Paradip,FOR OJ,NOT READY,MT. GAS ALKHALEEJ NR,225.28,36.62,11.8,2026-09-07,09:54,BUTANE/PROP,28000,3,,(B),36.62 11.80 07.09  0954IOCLD  28000 AGSMT. GAS ALKHALEEJ NR 225.28 3 BUTANE/PROP AGS - (B),dtr0709.pdf,dtr0108.pdf,2026-07-31,2026-08-01,GAS ALKHALEEJ
2026-09-06,2026-09-07,Paradip,FOR SPM,READY,MT. OLYMPIC FLAG,273.97,47.0,15.0,2026-09-06,09:54,CRUDE OIL,124610,1,,,47.00 15.00 06.09  0954IOCL PLDD  124610 AGSMT. OLYMPIC FLAG 273.97 1 CRUDE OIL AGSR -,dtr0709.pdf,dtr0108.pdf,2026-07-31,2026-08-01,OLYMPIC FLAG
2026-09-06,2026-09-07,Paradip,FOR SPM,NOT READY,MT. AYAT NR,179.99,32.2,11.4,2026-08-26,19:30,CRUDE OIL,37861,1,,(B),32.20 11.40 26.08  1930IOCL PLDD  37861 AGSMT. AYAT NR 179.99 1 CRUDE OIL AGS - (B),dtr0709.pdf,dtr0108.pdf,2026-07-31,2026-08-01,AYAT
2026-09-06,2026-09-07,Paradip,FOR PICT,NOT READY,MV. TAN BINH 259 ICT/NR,175.53,29.4,9.5,2026-07-22,16:25,S.COIL,25391,1,,(B),29.40 9.50 22.07  1625JSLD  25391 SSSMV. TAN BINH 259 ICT/NR 175.53 1 S.COIL NK - (B),dtr0709.pdf,dtr0108.pdf,2026-07-31,2026-08-01,TAN BINH 259
2026-09-06,2026-09-07,Paradip,FOR PICT,NOT READY,MV. NEON TRADER ICT/NR,179.9,30.0,9.24,2026-09-01,17:36,S.COIL,15000,2,,(B),30.00 9.24 01.09  1736SAILL  15000 GACMV. NEON TRADER ICT/NR 179.90 2 S.COIL GAC - (B),dtr0709.pdf,dtr0108.pdf,2026-07-31,2026-08-01,NEON TRADER
2026-09-06,2026-09-07,Paradip,FOR PICT,NOT READY,MV. YPERION ICT/NR,229.0,32.26,7.25,2026-09-01,20:36,PIG IRON,66000,3,,(B),32.26 7.25 01.09  2036OMPLL  66000 J M BAXIMSPLMV. YPERION ICT/NR 229.00 3 PIG IRON J M BAXIMSPL - (B),dtr0709.pdf,dtr0108.pdf,2026-07-31,2026-08-01,YPERION
2026-09-06,2026-09-07,Paradip,FOR PICT,NOT READY,MV. DIONYSUS ICT/NR,199.9,32.26,12.35,2026-09-06,19:06,UREA,52500,4,,(B),32.26 12.35 06.09  1906BRAHMAPUTRAD  52500 SSSMV. DIONYSUS ICT/NR 199.90 4 UREA SSS - (B),dtr0709.pdf,dtr0108.pdf,2026-07-31,2026-08-01,DIONYSUS
2026-09-06,2026-09-07,Paradip,Others,NOT READY,MV. PELAGIA NR,228.99,32.26,12.86,2026-08-27,23:00,,36000,1,,(B),32.26 12.86 27.08  2300NKD  36000 ALAPMV. PELAGIA NR 228.99 1 A. SULPHATE ALAP - (B),dtr0709.pdf,dtr0108.pdf,2026-07-31,2026-08-01,PELAGIA
2026-09-06,2026-09-07,Paradip,FOR CB-1 & CB-2,READY,MV. APJ SETHU,224.86,32.26,0.0,2026-09-05,06:48,TH.COAL,75000,1,,,32.26 0.00 05.09  0648TNPGCLL  75000 SEAPORTMV. APJ SETHU 224.86 1 TH.COAL J M BAXIMSPLR - P,dtr0709.pdf,dtr0109.pdf,2026-08-31,2026-09-01,APJ SETHU
2026-09-06,2026-09-07,Paradip,FOR CB-1 & CB-2,READY,MV. SINGAPORE BULKER,189.99,32.26,13.3,2026-09-07,06:18,TH.COAL,55000,2,,,32.26 13.30 07.09  0618OPGL  55000 SEA SHIPSMV. SINGAPORE BULKER 189.99 2 TH.COAL SSSR -,dtr0709.pdf,dtr0109.pdf,2026-08-31,2026-09-01,SINGAPORE BULKER
2026-09-06,2026-09-07,Paradip,FOR CB-1 & CB-2,READY,MV. APJ ANGAD 2,224.94,32.26,14.5,2026-09-07,10:18,TH.COAL,75000,3,,,32.26 14.50 07.09  1018NTECL/CLPLL  75000 BOTHRAMV. APJ ANGAD 2 224.94 3 TH.COAL JMBR -,dtr0709.pdf,dtr0109.pdf,2026-08-31,2026-09-01,APJ ANGAD 2
2026-09-06,2026-09-07,Paradip,FOR OJ,NOT READY,MT. SHIVALIK NR,225.28,36.6,11.6,2026-09-04,17:12,BUTANE/PROP,13000,1,,(B),36.60 11.60 04.09  1712IOCLD  13000 SAMSARAMT. SHIVALIK NR 225.28 1 BUTANE/PROP SAMSARA - (B),dtr0709.pdf,dtr0109.pdf,2026-08-31,2026-09-01,SHIVALIK
2026-09-06,2026-09-07,Paradip,FOR OJ,NOT READY,MT. TORM DOVER NR,183.12,32.2,0.0,2026-09-05,14:12,NAPTHA,35000,2,,(B),32.20 0.00 05.09  1412IOCLL  35000 ISIPLMT. TORM DOVER NR 183.12 2 NAPTHA ISIPL - (B),dtr0709.pdf,dtr0109.pdf,2026-08-31,2026-09-01,TORM DOVER
2026-09-06,2026-09-07,Paradip,FOR OJ,NOT READY,MT. GAS ALKHALEEJ NR,225.28,36.62,11.8,2026-09-07,09:54,BUTANE/PROP,28000,3,,(B),36.62 11.80 07.09  0954IOCLD  28000 AGSMT. GAS ALKHALEEJ NR 225.28 3 BUTANE/PROP AGS - (B),dtr0709.pdf,dtr0109.pdf,2026-08-31,2026-09-01,GAS ALKHALEEJ
2026-09-06,2026-09-07,Paradip,FOR SPM,READY,MT. OLYMPIC FLAG,273.97,47.0,15.0,2026-09-06,09:54,CRUDE OIL,124610,1,,,47.00 15.00 06.09  0954IOCL PLDD  124610 AGSMT. OLYMPIC FLAG 273.97 1 CRUDE OIL AGSR -,dtr0709.pdf,dtr0109.pdf,2026-08-31,2026-09-01,OLYMPIC FLAG
2026-09-06,2026-09-07,Paradip,FOR SPM,NOT READY,MT. AYAT NR,179.99,32.2,11.4,2026-08-26,19:30,CRUDE OIL,37861,1,,(B),32.20 11.40 26.08  1930IOCL PLDD  37861 AGSMT. AYAT NR 179.99 1 CRUDE OIL AGS - (B),dtr0709.pdf,dtr0109.pdf,2026-08-31,2026-09-01,AYAT
2026-09-06,2026-09-07,Paradip,FOR PICT,NOT READY,MV. TAN BINH 259 ICT/NR,175.53,29.4,9.5,2026-07-22,16:25,S.COIL,25391,1,,(B),29.40 9.50 22.07  1625JSLD  25391 SSSMV. TAN BINH 259 ICT/NR 175.53 1 S.COIL NK - (B),dtr0709.pdf,dtr0109.pdf,2026-08-31,2026-09-01,TAN BINH 259
2026-09-06,2026-09-07,Paradip,FOR PICT,NOT READY,MV. NEON TRADER ICT/NR,179.9,30.0,9.24,2026-09-01,17:36,S.COIL,15000,2,,(B),30.00 9.24 01.09  1736SAILL  15000 GACMV. NEON TRADER ICT/NR 179.90 2 S.COIL GAC - (B),dtr0709.pdf,dtr0109.pdf,2026-08-31,2026-09-01,NEON TRADER
2026-09-06,2026-09-07,Paradip,FOR PICT,NOT READY,MV. YPERION ICT/NR,229.0,32.26,7.25,2026-09-01,20:36,PIG IRON,66000,3,,(B),32.26 7.25 01.09  2036OMPLL  66000 J M BAXIMSPLMV. YPERION ICT/NR 229.00 3 PIG IRON J M BAXIMSPL - (B),dtr0709.pdf,dtr0109.pdf,2026-08-31,2026-09-01,YPERION
2026-09-06,2026-09-07,Paradip,FOR PICT,NOT READY,MV. DIONYSUS ICT/NR,199.9,32.26,12.35,2026-09-06,19:06,UREA,52500,4,,(B),32.26 12.35 06.09  1906BRAHMAPUTRAD  52500 SSSMV. DIONYSUS ICT/NR 199.90 4 UREA SSS - (B),dtr0709.pdf,dtr0109.pdf,2026-08-31,2026-09-01,DIONYSUS
2026-09-06,2026-09-07,Paradip,Others,NOT READY,MV. PELAGIA NR,228.99,32.26,12.86,2026-08-27,23:00,,36000,1,,(B),32.26 12.86 27.08  2300NKD  36000 ALAPMV. PELAGIA NR 228.99 1 A. SULPHATE ALAP - (B),dtr0709.pdf,dtr0109.pdf,2026-08-31,2026-09-01,PELAGIA
2026-09-06,2026-09-07,Paradip,FOR CB-1 & CB-2,READY,MV. APJ SETHU,224.86,32.26,0.0,2026-09-05,06:48,TH.COAL,75000,1,,,32.26 0.00 05.09  0648TNPGCLL  75000 SEAPORTMV. APJ SETHU 224.86 1 TH.COAL J M BAXIMSPLR - P,dtr0709.pdf,dtr0111.pdf,2025-10-31,2025-11-01,APJ SETHU
2026-09-06,2026-09-07,Paradip,FOR CB-1 & CB-2,READY,MV. SINGAPORE BULKER,189.99,32.26,13.3,2026-09-07,06:18,TH.COAL,55000,2,,,32.26 13.30 07.09  0618OPGL  55000 SEA SHIPSMV. SINGAPORE BULKER 189.99 2 TH.COAL SSSR -,dtr0709.pdf,dtr0111.pdf,2025-10-31,2025-11-01,SINGAPORE BULKER
2026-09-06,2026-09-07,Paradip,FOR CB-1 & CB-2,READY,MV. APJ ANGAD 2,224.94,32.26,14.5,2026-09-07,10:18,TH.COAL,75000,3,,,32.26 14.50 07.09  1018NTECL/CLPLL  75000 BOTHRAMV. APJ ANGAD 2 224.94 3 TH.COAL JMBR -,dtr0709.pdf,dtr0111.pdf,2025-10-31,2025-11-01,APJ ANGAD 2
2026-09-06,2026-09-07,Paradip,FOR OJ,NOT READY,MT. SHIVALIK NR,225.28,36.6,11.6,2026-09-04,17:12,BUTANE/PROP,13000,1,,(B),36.60 11.60 04.09  1712IOCLD  13000 SAMSARAMT. SHIVALIK NR 225.28 1 BUTANE/PROP SAMSARA - (B),dtr0709.pdf,dtr0111.pdf,2025-10-31,2025-11-01,SHIVALIK
2026-09-06,2026-09-07,Paradip,FOR OJ,NOT READY,MT. TORM DOVER NR,183.12,32.2,0.0,2026-09-05,14:12,NAPTHA,35000,2,,(B),32.20 0.00 05.09  1412IOCLL  35000 ISIPLMT. TORM DOVER NR 183.12 2 NAPTHA ISIPL - (B),dtr0709.pdf,dtr0111.pdf,2025-10-31,2025-11-01,TORM DOVER
2026-09-06,2026-09-07,Paradip,FOR OJ,NOT READY,MT. GAS ALKHALEEJ NR,225.28,36.62,11.8,2026-09-07,09:54,BUTANE/PROP,28000,3,,(B),36.62 11.80 07.09  0954IOCLD  28000 AGSMT. GAS ALKHALEEJ NR 225.28 3 BUTANE/PROP AGS - (B),dtr0709.pdf,dtr0111.pdf,2025-10-31,2025-11-01,GAS ALKHALEEJ
2026-09-06,2026-09-07,Paradip,FOR SPM,READY,MT. OLYMPIC FLAG,273.97,47.0,15.0,2026-09-06,09:54,CRUDE OIL,124610,1,,,47.00 15.00 06.09  0954IOCL PLDD  124610 AGSMT. OLYMPIC FLAG 273.97 1 CRUDE OIL AGSR -,dtr0709.pdf,dtr0111.pdf,2025-10-31,2025-11-01,OLYMPIC FLAG
2026-09-06,2026-09-07,Paradip,FOR SPM,NOT READY,MT. AYAT NR,179.99,32.2,11.4,2026-08-26,19:30,CRUDE OIL,37861,1,,(B),32.20 11.40 26.08  1930IOCL PLDD  37861 AGSMT. AYAT NR 179.99 1 CRUDE OIL AGS - (B),dtr0709.pdf,dtr0111.pdf,2025-10-31,2025-11-01,AYAT
2026-09-06,2026-09-07,Paradip,FOR PICT,NOT READY,MV. TAN BINH 259 ICT/NR,175.53,29.4,9.5,2026-07-22,16:25,S.COIL,25391,1,,(B),29.40 9.50 22.07  1625JSLD  25391 SSSMV. TAN BINH 259 ICT/NR 175.53 1 S.COIL NK - (B),dtr0709.pdf,dtr0111.pdf,2025-10-31,2025-11-01,TAN BINH 259
2026-09-06,2026-09-07,Paradip,FOR PICT,NOT READY,MV. NEON TRADER ICT/NR,179.9,30.0,9.24,2026-09-01,17:36,S.COIL,15000,2,,(B),30.00 9.24 01.09  1736SAILL  15000 GACMV. NEON TRADER ICT/NR 179.90 2 S.COIL GAC - (B),dtr0709.pdf,dtr0111.pdf,2025-10-31,2025-11-01,NEON TRADER
2026-09-06,2026-09-07,Paradip,FOR PICT,NOT READY,MV. YPERION ICT/NR,229.0,32.26,7.25,2026-09-01,20:36,PIG IRON,66000,3,,(B),32.26 7.25 01.09  2036OMPLL  66000 J M BAXIMSPLMV. YPERION ICT/NR 229.00 3 PIG IRON J M BAXIMSPL - (B),dtr0709.pdf,dtr0111.pdf,2025-10-31,2025-11-01,YPERION
2026-09-06,2026-09-07,Paradip,FOR PICT,NOT READY,MV. DIONYSUS ICT/NR,199.9,32.26,12.35,2026-09-06,19:06,UREA,52500,4,,(B),32.26 12.35 06.09  1906BRAHMAPUTRAD  52500 SSSMV. DIONYSUS ICT/NR 199.90 4 UREA SSS - (B),dtr0709.pdf,dtr0111.pdf,2025-10-31,2025-11-01,DIONYSUS
2026-09-06,2026-09-07,Paradip,Others,NOT READY,MV. PELAGIA NR,228.99,32.26,12.86,2026-08-27,23:00,,36000,1,,(B),32.26 12.86 27.08  2300NKD  36000 ALAPMV. PELAGIA NR 228.99 1 A. SULPHATE ALAP - (B),dtr0709.pdf,dtr0111.pdf,2025-10-31,2025-11-01,PELAGIA
2026-09-06,2026-09-07,Paradip,FOR CB-1 & CB-2,READY,MV. APJ SETHU,224.86,32.26,0.0,2026-09-05,06:48,TH.COAL,75000,1,,,32.26 0.00 05.09  0648TNPGCLL  75000 SEAPORTMV. APJ SETHU 224.86 1 TH.COAL J M BAXIMSPLR - P,dtr0709.pdf,dtr0207.pdf,2026-07-01,2026-07-02,APJ SETHU
2026-09-06,2026-09-07,Paradip,FOR CB-1 & CB-2,READY,MV. SINGAPORE BULKER,189.99,32.26,13.3,2026-09-07,06:18,TH.COAL,55000,2,,,32.26 13.30 07.09  0618OPGL  55000 SEA SHIPSMV. SINGAPORE BULKER 189.99 2 TH.COAL SSSR -,dtr0709.pdf,dtr0207.pdf,2026-07-01,2026-07-02,SINGAPORE BULKER
2026-09-06,2026-09-07,Paradip,FOR CB-1 & CB-2,READY,MV. APJ ANGAD 2,224.94,32.26,14.5,2026-09-07,10:18,TH.COAL,75000,3,,,32.26 14.50 07.09  1018NTECL/CLPLL  75000 BOTHRAMV. APJ ANGAD 2 224.94 3 TH.COAL JMBR -,dtr0709.pdf,dtr0207.pdf,2026-07-01,2026-07-02,APJ ANGAD 2
2026-09-06,2026-09-07,Paradip,FOR OJ,NOT READY,MT. SHIVALIK NR,225.28,36.6,11.6,2026-09-04,17:12,BUTANE/PROP,13000,1,,(B),36.60 11.60 04.09  1712IOCLD  13000 SAMSARAMT. SHIVALIK NR 225.28 1 BUTANE/PROP SAMSARA - (B),dtr0709.pdf,dtr0207.pdf,2026-07-01,2026-07-02,SHIVALIK
2026-09-06,2026-09-07,Paradip,FOR OJ,NOT READY,MT. TORM DOVER NR,183.12,32.2,0.0,2026-09-05,14:12,NAPTHA,35000,2,,(B),32.20 0.00 05.09  1412IOCLL  35000 ISIPLMT. TORM DOVER NR 183.12 2 NAPTHA ISIPL - (B),dtr0709.pdf,dtr0207.pdf,2026-07-01,2026-07-02,TORM DOVER
2026-09-06,2026-09-07,Paradip,FOR OJ,NOT READY,MT. GAS ALKHALEEJ NR,225.28,36.62,11.8,2026-09-07,09:54,BUTANE/PROP,28000,3,,(B),36.62 11.80 07.09  0954IOCLD  28000 AGSMT. GAS ALKHALEEJ NR 225.28 3 BUTANE/PROP AGS - (B),dtr0709.pdf,dtr0207.pdf,2026-07-01,2026-07-02,GAS ALKHALEEJ
2026-09-06,2026-09-07,Paradip,FOR SPM,READY,MT. OLYMPIC FLAG,273.97,47.0,15.0,2026-09-06,09:54,CRUDE OIL,124610,1,,,47.00 15.00 06.09  0954IOCL PLDD  124610 AGSMT. OLYMPIC FLAG 273.97 1 CRUDE OIL AGSR -,dtr0709.pdf,dtr0207.pdf,2026-07-01,2026-07-02,OLYMPIC FLAG
2026-09-06,2026-09-07,Paradip,FOR SPM,NOT READY,MT. AYAT NR,179.99,32.2,11.4,2026-08-26,19:30,CRUDE OIL,37861,1,,(B),32.20 11.40 26.08  1930IOCL PLDD  37861 AGSMT. AYAT NR 179.99 1 CRUDE OIL AGS - (B),dtr0709.pdf,dtr0207.pdf,2026-07-01,2026-07-02,AYAT
2026-09-06,2026-09-07,Paradip,FOR PICT,NOT READY,MV. TAN BINH 259 ICT/NR,175.53,29.4,9.5,2026-07-22,16:25,S.COIL,25391,1,,(B),29.40 9.50 22.07  1625JSLD  25391 SSSMV. TAN BINH 259 ICT/NR 175.53 1 S.COIL NK - (B),dtr0709.pdf,dtr0207.pdf,2026-07-01,2026-07-02,TAN BINH 259
2026-09-06,2026-09-07,Paradip,FOR PICT,NOT READY,MV. NEON TRADER ICT/NR,179.9,30.0,9.24,2026-09-01,17:36,S.COIL,15000,2,,(B),30.00 9.24 01.09  1736SAILL  15000 GACMV. NEON TRADER ICT/NR 179.90 2 S.COIL GAC - (B),dtr0709.pdf,dtr0207.pdf,2026-07-01,2026-07-02,NEON TRADER
2026-09-06,2026-09-07,Paradip,FOR PICT,NOT READY,MV. YPERION ICT/NR,229.0,32.26,7.25,2026-09-01,20:36,PIG IRON,66000,3,,(B),32.26 7.25 01.09  2036OMPLL  66000 J M BAXIMSPLMV. YPERION ICT/NR 229.00 3 PIG IRON J M BAXIMSPL - (B),dtr0709.pdf,dtr0207.pdf,2026-07-01,2026-07-02,YPERION
2026-09-06,2026-09-07,Paradip,FOR PICT,NOT READY,MV. DIONYSUS ICT/NR,199.9,32.26,12.35,2026-09-06,19:06,UREA,52500,4,,(B),32.26 12.35 06.09  1906BRAHMAPUTRAD  52500 SSSMV. DIONYSUS ICT/NR 199.90 4 UREA SSS - (B),dtr0709.pdf,dtr0207.pdf,2026-07-01,2026-07-02,DIONYSUS
2026-09-06,2026-09-07,Paradip,Others,NOT READY,MV. PELAGIA NR,228.99,32.26,12.86,2026-08-27,23:00,,36000,1,,(B),32.26 12.86 27.08  2300NKD  36000 ALAPMV. PELAGIA NR 228.99 1 A. SULPHATE ALAP - (B),dtr0709.pdf,dtr0207.pdf,2026-07-01,2026-07-02,PELAGIA
2026-09-06,2026-09-07,Paradip,FOR CB-1 & CB-2,READY,MV. APJ SETHU,224.86,32.26,0.0,2026-09-05,06:48,TH.COAL,75000,1,,,32.26 0.00 05.09  0648TNPGCLL  75000 SEAPORTMV. APJ SETHU 224.86 1 TH.COAL J M BAXIMSPLR - P,dtr0709.pdf,dtr0208.pdf,2026-08-01,2026-08-02,APJ SETHU
2026-09-06,2026-09-07,Paradip,FOR CB-1 & CB-2,READY,MV. SINGAPORE BULKER,189.99,32.26,13.3,2026-09-07,06:18,TH.COAL,55000,2,,,32.26 13.30 07.09  0618OPGL  55000 SEA SHIPSMV. SINGAPORE BULKER 189.99 2 TH.COAL SSSR -,dtr0709.pdf,dtr0208.pdf,2026-08-01,2026-08-02,SINGAPORE BULKER
2026-09-06,2026-09-07,Paradip,FOR CB-1 & CB-2,READY,MV. APJ ANGAD 2,224.94,32.26,14.5,2026-09-07,10:18,TH.COAL,75000,3,,,32.26 14.50 07.09  1018NTECL/CLPLL  75000 BOTHRAMV. APJ ANGAD 2 224.94 3 TH.COAL JMBR -,dtr0709.pdf,dtr0208.pdf,2026-08-01,2026-08-02,APJ ANGAD 2
2026-09-06,2026-09-07,Paradip,FOR OJ,NOT READY,MT. SHIVALIK NR,225.28,36.6,11.6,2026-09-04,17:12,BUTANE/PROP,13000,1,,(B),36.60 11.60 04.09  1712IOCLD  13000 SAMSARAMT. SHIVALIK NR 225.28 1 BUTANE/PROP SAMSARA - (B),dtr0709.pdf,dtr0208.pdf,2026-08-01,2026-08-02,SHIVALIK
2026-09-06,2026-09-07,Paradip,FOR OJ,NOT READY,MT. TORM DOVER NR,183.12,32.2,0.0,2026-09-05,14:12,NAPTHA,35000,2,,(B),32.20 0.00 05.09  1412IOCLL  35000 ISIPLMT. TORM DOVER NR 183.12 2 NAPTHA ISIPL - (B),dtr0709.pdf,dtr0208.pdf,2026-08-01,2026-08-02,TORM DOVER
2026-09-06,2026-09-07,Paradip,FOR OJ,NOT READY,MT. GAS ALKHALEEJ NR,225.28,36.62,11.8,2026-09-07,09:54,BUTANE/PROP,28000,3,,(B),36.62 11.80 07.09  0954IOCLD  28000 AGSMT. GAS ALKHALEEJ NR 225.28 3 BUTANE/PROP AGS - (B),dtr0709.pdf,dtr0208.pdf,2026-08-01,2026-08-02,GAS ALKHALEEJ
2026-09-06,2026-09-07,Paradip,FOR SPM,READY,MT. OLYMPIC FLAG,273.97,47.0,15.0,2026-09-06,09:54,CRUDE OIL,124610,1,,,47.00 15.00 06.09  0954IOCL PLDD  124610 AGSMT. OLYMPIC FLAG 273.97 1 CRUDE OIL AGSR -,dtr0709.pdf,dtr0208.pdf,2026-08-01,2026-08-02,OLYMPIC FLAG
2026-09-06,2026-09-07,Paradip,FOR SPM,NOT READY,MT. AYAT NR,179.99,32.2,11.4,2026-08-26,19:30,CRUDE OIL,37861,1,,(B),32.20 11.40 26.08  1930IOCL PLDD  37861 AGSMT. AYAT NR 179.99 1 CRUDE OIL AGS - (B),dtr0709.pdf,dtr0208.pdf,2026-08-01,2026-08-02,AYAT
2026-09-06,2026-09-07,Paradip,FOR PICT,NOT READY,MV. TAN BINH 259 ICT/NR,175.53,29.4,9.5,2026-07-22,16:25,S.COIL,25391,1,,(B),29.40 9.50 22.07  1625JSLD  25391 SSSMV. TAN BINH 259 ICT/NR 175.53 1 S.COIL NK - (B),dtr0709.pdf,dtr0208.pdf,2026-08-01,2026-08-02,TAN BINH 259
2026-09-06,2026-09-07,Paradip,FOR PICT,NOT READY,MV. NEON TRADER ICT/NR,179.9,30.0,9.24,2026-09-01,17:36,S.COIL,15000,2,,(B),30.00 9.24 01.09  1736SAILL  15000 GACMV. NEON TRADER ICT/NR 179.90 2 S.COIL GAC - (B),dtr0709.pdf,dtr0208.pdf,2026-08-01,2026-08-02,NEON TRADER
2026-09-06,2026-09-07,Paradip,FOR PICT,NOT READY,MV. YPERION ICT/NR,229.0,32.26,7.25,2026-09-01,20:36,PIG IRON,66000,3,,(B),32.26 7.25 01.09  2036OMPLL  66000 J M BAXIMSPLMV. YPERION ICT/NR 229.00 3 PIG IRON J M BAXIMSPL - (B),dtr0709.pdf,dtr0208.pdf,2026-08-01,2026-08-02,YPERION
2026-09-06,2026-09-07,Paradip,FOR PICT,NOT READY,MV. DIONYSUS ICT/NR,199.9,32.26,12.35,2026-09-06,19:06,UREA,52500,4,,(B),32.26 12.35 06.09  1906BRAHMAPUTRAD  52500 SSSMV. DIONYSUS ICT/NR 199.90 4 UREA SSS - (B),dtr0709.pdf,dtr0208.pdf,2026-08-01,2026-08-02,DIONYSUS
2026-09-06,2026-09-07,Paradip,Others,NOT READY,MV. PELAGIA NR,228.99,32.26,12.86,2026-08-27,23:00,,36000,1,,(B),32.26 12.86 27.08  2300NKD  36000 ALAPMV. PELAGIA NR 228.99 1 A. SULPHATE ALAP - (B),dtr0709.pdf,dtr0208.pdf,2026-08-01,2026-08-02,PELAGIA
2026-09-06,2026-09-07,Paradip,FOR CB-1 & CB-2,READY,MV. APJ SETHU,224.86,32.26,0.0,2026-09-05,06:48,TH.COAL,75000,1,,,32.26 0.00 05.09  0648TNPGCLL  75000 SEAPORTMV. APJ SETHU 224.86 1 TH.COAL J M BAXIMSPLR - P,dtr0709.pdf,dtr0209__compressed.pdf,2026-09-01,2026-09-02,APJ SETHU
2026-09-06,2026-09-07,Paradip,FOR CB-1 & CB-2,READY,MV. SINGAPORE BULKER,189.99,32.26,13.3,2026-09-07,06:18,TH.COAL,55000,2,,,32.26 13.30 07.09  0618OPGL  55000 SEA SHIPSMV. SINGAPORE BULKER 189.99 2 TH.COAL SSSR -,dtr0709.pdf,dtr0209__compressed.pdf,2026-09-01,2026-09-02,SINGAPORE BULKER
2026-09-06,2026-09-07,Paradip,FOR CB-1 & CB-2,READY,MV. APJ ANGAD 2,224.94,32.26,14.5,2026-09-07,10:18,TH.COAL,75000,3,,,32.26 14.50 07.09  1018NTECL/CLPLL  75000 BOTHRAMV. APJ ANGAD 2 224.94 3 TH.COAL JMBR -,dtr0709.pdf,dtr0209__compressed.pdf,2026-09-01,2026-09-02,APJ ANGAD 2
2026-09-06,2026-09-07,Paradip,FOR OJ,NOT READY,MT. SHIVALIK NR,225.28,36.6,11.6,2026-09-04,17:12,BUTANE/PROP,13000,1,,(B),36.60 11.60 04.09  1712IOCLD  13000 SAMSARAMT. SHIVALIK NR 225.28 1 BUTANE/PROP SAMSARA - (B),dtr0709.pdf,dtr0209__compressed.pdf,2026-09-01,2026-09-02,SHIVALIK
2026-09-06,2026-09-07,Paradip,FOR OJ,NOT READY,MT. TORM DOVER NR,183.12,32.2,0.0,2026-09-05,14:12,NAPTHA,35000,2,,(B),32.20 0.00 05.09  1412IOCLL  35000 ISIPLMT. TORM DOVER NR 183.12 2 NAPTHA ISIPL - (B),dtr0709.pdf,dtr0209__compressed.pdf,2026-09-01,2026-09-02,TORM DOVER
2026-09-06,2026-09-07,Paradip,FOR OJ,NOT READY,MT. GAS ALKHALEEJ NR,225.28,36.62,11.8,2026-09-07,09:54,BUTANE/PROP,28000,3,,(B),36.62 11.80 07.09  0954IOCLD  28000 AGSMT. GAS ALKHALEEJ NR 225.28 3 BUTANE/PROP AGS - (B),dtr0709.pdf,dtr0209__compressed.pdf,2026-09-01,2026-09-02,GAS ALKHALEEJ
2026-09-06,2026-09-07,Paradip,FOR SPM,READY,MT. OLYMPIC FLAG,273.97,47.0,15.0,2026-09-06,09:54,CRUDE OIL,124610,1,,,47.00 15.00 06.09  0954IOCL PLDD  124610 AGSMT. OLYMPIC FLAG 273.97 1 CRUDE OIL AGSR -,dtr0709.pdf,dtr0209__compressed.pdf,2026-09-01,2026-09-02,OLYMPIC FLAG
2026-09-06,2026-09-07,Paradip,FOR SPM,NOT READY,MT. AYAT NR,179.99,32.2,11.4,2026-08-26,19:30,CRUDE OIL,37861,1,,(B),32.20 11.40 26.08  1930IOCL PLDD  37861 AGSMT. AYAT NR 179.99 1 CRUDE OIL AGS - (B),dtr0709.pdf,dtr0209__compressed.pdf,2026-09-01,2026-09-02,AYAT
2026-09-06,2026-09-07,Paradip,FOR PICT,NOT READY,MV. TAN BINH 259 ICT/NR,175.53,29.4,9.5,2026-07-22,16:25,S.COIL,25391,1,,(B),29.40 9.50 22.07  1625JSLD  25391 SSSMV. TAN BINH 259 ICT/NR 175.53 1 S.COIL NK - (B),dtr0709.pdf,dtr0209__compressed.pdf,2026-09-01,2026-09-02,TAN BINH 259
2026-09-06,2026-09-07,Paradip,FOR PICT,NOT READY,MV. NEON TRADER ICT/NR,179.9,30.0,9.24,2026-09-01,17:36,S.COIL,15000,2,,(B),30.00 9.24 01.09  1736SAILL  15000 GACMV. NEON TRADER ICT/NR 179.90 2 S.COIL GAC - (B),dtr0709.pdf,dtr0209__compressed.pdf,2026-09-01,2026-09-02,NEON TRADER
2026-09-06,2026-09-07,Paradip,FOR PICT,NOT READY,MV. YPERION ICT/NR,229.0,32.26,7.25,2026-09-01,20:36,PIG IRON,66000,3,,(B),32.26 7.25 01.09  2036OMPLL  66000 J M BAXIMSPLMV. YPERION ICT/NR 229.00 3 PIG IRON J M BAXIMSPL - (B),dtr0709.pdf,dtr0209__compressed.pdf,2026-09-01,2026-09-02,YPERION
2026-09-06,2026-09-07,Paradip,FOR PICT,NOT READY,MV. DIONYSUS ICT/NR,199.9,32.26,12.35,2026-09-06,19:06,UREA,52500,4,,(B),32.26 12.35 06.09  1906BRAHMAPUTRAD  52500 SSSMV. DIONYSUS ICT/NR 199.90 4 UREA SSS - (B),dtr0709.pdf,dtr0209__compressed.pdf,2026-09-01,2026-09-02,DIONYSUS
2026-09-06,2026-09-07,Paradip,Others,NOT READY,MV. PELAGIA NR,228.99,32.26,12.86,2026-08-27,23:00,,36000,1,,(B),32.26 12.86 27.08  2300NKD  36000 ALAPMV. PELAGIA NR 228.99 1 A. SULPHATE ALAP - (B),dtr0709.pdf,dtr0209__compressed.pdf,2026-09-01,2026-09-02,PELAGIA
2026-09-06,2026-09-07,Paradip,FOR CB-1 & CB-2,READY,MV. APJ SETHU,224.86,32.26,0.0,2026-09-05,06:48,TH.COAL,75000,1,,,32.26 0.00 05.09  0648TNPGCLL  75000 SEAPORTMV. APJ SETHU 224.86 1 TH.COAL J M BAXIMSPLR - P,dtr0709.pdf,dtr0211.pdf,2025-11-01,2025-11-02,APJ SETHU
2026-09-06,2026-09-07,Paradip,FOR CB-1 & CB-2,READY,MV. SINGAPORE BULKER,189.99,32.26,13.3,2026-09-07,06:18,TH.COAL,55000,2,,,32.26 13.30 07.09  0618OPGL  55000 SEA SHIPSMV. SINGAPORE BULKER 189.99 2 TH.COAL SSSR -,dtr0709.pdf,dtr0211.pdf,2025-11-01,2025-11-02,SINGAPORE BULKER
2026-09-06,2026-09-07,Paradip,FOR CB-1 & CB-2,READY,MV. APJ ANGAD 2,224.94,32.26,14.5,2026-09-07,10:18,TH.COAL,75000,3,,,32.26 14.50 07.09  1018NTECL/CLPLL  75000 BOTHRAMV. APJ ANGAD 2 224.94 3 TH.COAL JMBR -,dtr0709.pdf,dtr0211.pdf,2025-11-01,2025-11-02,APJ ANGAD 2
2026-09-06,2026-09-07,Paradip,FOR OJ,NOT READY,MT. SHIVALIK NR,225.28,36.6,11.6,2026-09-04,17:12,BUTANE/PROP,13000,1,,(B),36.60 11.60 04.09  1712IOCLD  13000 SAMSARAMT. SHIVALIK NR 225.28 1 BUTANE/PROP SAMSARA - (B),dtr0709.pdf,dtr0211.pdf,2025-11-01,2025-11-02,SHIVALIK
2026-09-06,2026-09-07,Paradip,FOR OJ,NOT READY,MT. TORM DOVER NR,183.12,32.2,0.0,2026-09-05,14:12,NAPTHA,35000,2,,(B),32.20 0.00 05.09  1412IOCLL  35000 ISIPLMT. TORM DOVER NR 183.12 2 NAPTHA ISIPL - (B),dtr0709.pdf,dtr0211.pdf,2025-11-01,2025-11-02,TORM DOVER
2026-09-06,2026-09-07,Paradip,FOR OJ,NOT READY,MT. GAS ALKHALEEJ NR,225.28,36.62,11.8,2026-09-07,09:54,BUTANE/PROP,28000,3,,(B),36.62 11.80 07.09  0954IOCLD  28000 AGSMT. GAS ALKHALEEJ NR 225.28 3 BUTANE/PROP AGS - (B),dtr0709.pdf,dtr0211.pdf,2025-11-01,2025-11-02,GAS ALKHALEEJ
2026-09-06,2026-09-07,Paradip,FOR SPM,READY,MT. OLYMPIC FLAG,273.97,47.0,15.0,2026-09-06,09:54,CRUDE OIL,124610,1,,,47.00 15.00 06.09  0954IOCL PLDD  124610 AGSMT. OLYMPIC FLAG 273.97 1 CRUDE OIL AGSR -,dtr0709.pdf,dtr0211.pdf,2025-11-01,2025-11-02,OLYMPIC FLAG
2026-09-06,2026-09-07,Paradip,FOR SPM,NOT READY,MT. AYAT NR,179.99,32.2,11.4,2026-08-26,19:30,CRUDE OIL,37861,1,,(B),32.20 11.40 26.08  1930IOCL PLDD  37861 AGSMT. AYAT NR 179.99 1 CRUDE OIL AGS - (B),dtr0709.pdf,dtr0211.pdf,2025-11-01,2025-11-02,AYAT
2026-09-06,2026-09-07,Paradip,FOR PICT,NOT READY,MV. TAN BINH 259 ICT/NR,175.53,29.4,9.5,2026-07-22,16:25,S.COIL,25391,1,,(B),29.40 9.50 22.07  1625JSLD  25391 SSSMV. TAN BINH 259 ICT/NR 175.53 1 S.COIL NK - (B),dtr0709.pdf,dtr0211.pdf,2025-11-01,2025-11-02,TAN BINH 259
2026-09-06,2026-09-07,Paradip,FOR PICT,NOT READY,MV. NEON TRADER ICT/NR,179.9,30.0,9.24,2026-09-01,17:36,S.COIL,15000,2,,(B),30.00 9.24 01.09  1736SAILL  15000 GACMV. NEON TRADER ICT/NR 179.90 2 S.COIL GAC - (B),dtr0709.pdf,dtr0211.pdf,2025-11-01,2025-11-02,NEON TRADER
2026-09-06,2026-09-07,Paradip,FOR PICT,NOT READY,MV. YPERION ICT/NR,229.0,32.26,7.25,2026-09-01,20:36,PIG IRON,66000,3,,(B),32.26 7.25 01.09  2036OMPLL  66000 J M BAXIMSPLMV. YPERION ICT/NR 229.00 3 PIG IRON J M BAXIMSPL - (B),dtr0709.pdf,dtr0211.pdf,2025-11-01,2025-11-02,YPERION
2026-09-06,2026-09-07,Paradip,FOR PICT,NOT READY,MV. DIONYSUS ICT/NR,199.9,32.26,12.35,2026-09-06,19:06,UREA,52500,4,,(B),32.26 12.35 06.09  1906BRAHMAPUTRAD  52500 SSSMV. DIONYSUS ICT/NR 199.90 4 UREA SSS - (B),dtr0709.pdf,dtr0211.pdf,2025-11-01,2025-11-02,DIONYSUS
2026-09-06,2026-09-07,Paradip,Others,NOT READY,MV. PELAGIA NR,228.99,32.26,12.86,2026-08-27,23:00,,36000,1,,(B),32.26 12.86 27.08  2300NKD  36000 ALAPMV. PELAGIA NR 228.99 1 A. SULPHATE ALAP - (B),dtr0709.pdf,dtr0211.pdf,2025-11-01,2025-11-02,PELAGIA
2026-09-06,2026-09-07,Paradip,FOR CB-1 & CB-2,READY,MV. APJ SETHU,224.86,32.26,0.0,2026-09-05,06:48,TH.COAL,75000,1,,,32.26 0.00 05.09  0648TNPGCLL  75000 SEAPORTMV. APJ SETHU 224.86 1 TH.COAL J M BAXIMSPLR - P,dtr0709.pdf,dtr0307.pdf,2026-07-02,2026-07-03,APJ SETHU
2026-09-06,2026-09-07,Paradip,FOR CB-1 & CB-2,READY,MV. SINGAPORE BULKER,189.99,32.26,13.3,2026-09-07,06:18,TH.COAL,55000,2,,,32.26 13.30 07.09  0618OPGL  55000 SEA SHIPSMV. SINGAPORE BULKER 189.99 2 TH.COAL SSSR -,dtr0709.pdf,dtr0307.pdf,2026-07-02,2026-07-03,SINGAPORE BULKER
2026-09-06,2026-09-07,Paradip,FOR CB-1 & CB-2,READY,MV. APJ ANGAD 2,224.94,32.26,14.5,2026-09-07,10:18,TH.COAL,75000,3,,,32.26 14.50 07.09  1018NTECL/CLPLL  75000 BOTHRAMV. APJ ANGAD 2 224.94 3 TH.COAL JMBR -,dtr0709.pdf,dtr0307.pdf,2026-07-02,2026-07-03,APJ ANGAD 2
2026-09-06,2026-09-07,Paradip,FOR OJ,NOT READY,MT. SHIVALIK NR,225.28,36.6,11.6,2026-09-04,17:12,BUTANE/PROP,13000,1,,(B),36.60 11.60 04.09  1712IOCLD  13000 SAMSARAMT. SHIVALIK NR 225.28 1 BUTANE/PROP SAMSARA - (B),dtr0709.pdf,dtr0307.pdf,2026-07-02,2026-07-03,SHIVALIK
2026-09-06,2026-09-07,Paradip,FOR OJ,NOT READY,MT. TORM DOVER NR,183.12,32.2,0.0,2026-09-05,14:12,NAPTHA,35000,2,,(B),32.20 0.00 05.09  1412IOCLL  35000 ISIPLMT. TORM DOVER NR 183.12 2 NAPTHA ISIPL - (B),dtr0709.pdf,dtr0307.pdf,2026-07-02,2026-07-03,TORM DOVER
2026-09-06,2026-09-07,Paradip,FOR OJ,NOT READY,MT. GAS ALKHALEEJ NR,225.28,36.62,11.8,2026-09-07,09:54,BUTANE/PROP,28000,3,,(B),36.62 11.80 07.09  0954IOCLD  28000 AGSMT. GAS ALKHALEEJ NR 225.28 3 BUTANE/PROP AGS - (B),dtr0709.pdf,dtr0307.pdf,2026-07-02,2026-07-03,GAS ALKHALEEJ
2026-09-06,2026-09-07,Paradip,FOR SPM,READY,MT. OLYMPIC FLAG,273.97,47.0,15.0,2026-09-06,09:54,CRUDE OIL,124610,1,,,47.00 15.00 06.09  0954IOCL PLDD  124610 AGSMT. OLYMPIC FLAG 273.97 1 CRUDE OIL AGSR -,dtr0709.pdf,dtr0307.pdf,2026-07-02,2026-07-03,OLYMPIC FLAG
2026-09-06,2026-09-07,Paradip,FOR SPM,NOT READY,MT. AYAT NR,179.99,32.2,11.4,2026-08-26,19:30,CRUDE OIL,37861,1,,(B),32.20 11.40 26.08  1930IOCL PLDD  37861 AGSMT. AYAT NR 179.99 1 CRUDE OIL AGS - (B),dtr0709.pdf,dtr0307.pdf,2026-07-02,2026-07-03,AYAT
2026-09-06,2026-09-07,Paradip,FOR PICT,NOT READY,MV. TAN BINH 259 ICT/NR,175.53,29.4,9.5,2026-07-22,16:25,S.COIL,25391,1,,(B),29.40 9.50 22.07  1625JSLD  25391 SSSMV. TAN BINH 259 ICT/NR 175.53 1 S.COIL NK - (B),dtr0709.pdf,dtr0307.pdf,2026-07-02,2026-07-03,TAN BINH 259
2026-09-06,2026-09-07,Paradip,FOR PICT,NOT READY,MV. NEON TRADER ICT/NR,179.9,30.0,9.24,2026-09-01,17:36,S.COIL,15000,2,,(B),30.00 9.24 01.09  1736SAILL  15000 GACMV. NEON TRADER ICT/NR 179.90 2 S.COIL GAC - (B),dtr0709.pdf,dtr0307.pdf,2026-07-02,2026-07-03,NEON TRADER
2026-09-06,2026-09-07,Paradip,FOR PICT,NOT READY,MV. YPERION ICT/NR,229.0,32.26,7.25,2026-09-01,20:36,PIG IRON,66000,3,,(B),32.26 7.25 01.09  2036OMPLL  66000 J M BAXIMSPLMV. YPERION ICT/NR 229.00 3 PIG IRON J M BAXIMSPL - (B),dtr0709.pdf,dtr0307.pdf,2026-07-02,2026-07-03,YPERION
2026-09-06,2026-09-07,Paradip,FOR PICT,NOT READY,MV. DIONYSUS ICT/NR,199.9,32.26,12.35,2026-09-06,19:06,UREA,52500,4,,(B),32.26 12.35 06.09  1906BRAHMAPUTRAD  52500 SSSMV. DIONYSUS ICT/NR 199.90 4 UREA SSS - (B),dtr0709.pdf,dtr0307.pdf,2026-07-02,2026-07-03,DIONYSUS
2026-09-06,2026-09-07,Paradip,Others,NOT READY,MV. PELAGIA NR,228.99,32.26,12.86,2026-08-27,23:00,,36000,1,,(B),32.26 12.86 27.08  2300NKD  36000 ALAPMV. PELAGIA NR 228.99 1 A. SULPHATE ALAP - (B),dtr0709.pdf,dtr0307.pdf,2026-07-02,2026-07-03,PELAGIA
2026-09-06,2026-09-07,Paradip,FOR CB-1 & CB-2,READY,MV. APJ SETHU,224.86,32.26,0.0,2026-09-05,06:48,TH.COAL,75000,1,,,32.26 0.00 05.09  0648TNPGCLL  75000 SEAPORTMV. APJ SETHU 224.86 1 TH.COAL J M BAXIMSPLR - P,dtr0709.pdf,dtr0308.pdf,2026-08-02,2026-08-03,APJ SETHU
2026-09-06,2026-09-07,Paradip,FOR CB-1 & CB-2,READY,MV. SINGAPORE BULKER,189.99,32.26,13.3,2026-09-07,06:18,TH.COAL,55000,2,,,32.26 13.30 07.09  0618OPGL  55000 SEA SHIPSMV. SINGAPORE BULKER 189.99 2 TH.COAL SSSR -,dtr0709.pdf,dtr0308.pdf,2026-08-02,2026-08-03,SINGAPORE BULKER
2026-09-06,2026-09-07,Paradip,FOR CB-1 & CB-2,READY,MV. APJ ANGAD 2,224.94,32.26,14.5,2026-09-07,10:18,TH.COAL,75000,3,,,32.26 14.50 07.09  1018NTECL/CLPLL  75000 BOTHRAMV. APJ ANGAD 2 224.94 3 TH.COAL JMBR -,dtr0709.pdf,dtr0308.pdf,2026-08-02,2026-08-03,APJ ANGAD 2
2026-09-06,2026-09-07,Paradip,FOR OJ,NOT READY,MT. SHIVALIK NR,225.28,36.6,11.6,2026-09-04,17:12,BUTANE/PROP,13000,1,,(B),36.60 11.60 04.09  1712IOCLD  13000 SAMSARAMT. SHIVALIK NR 225.28 1 BUTANE/PROP SAMSARA - (B),dtr0709.pdf,dtr0308.pdf,2026-08-02,2026-08-03,SHIVALIK
2026-09-06,2026-09-07,Paradip,FOR OJ,NOT READY,MT. TORM DOVER NR,183.12,32.2,0.0,2026-09-05,14:12,NAPTHA,35000,2,,(B),32.20 0.00 05.09  1412IOCLL  35000 ISIPLMT. TORM DOVER NR 183.12 2 NAPTHA ISIPL - (B),dtr0709.pdf,dtr0308.pdf,2026-08-02,2026-08-03,TORM DOVER
2026-09-06,2026-09-07,Paradip,FOR OJ,NOT READY,MT. GAS ALKHALEEJ NR,225.28,36.62,11.8,2026-09-07,09:54,BUTANE/PROP,28000,3,,(B),36.62 11.80 07.09  0954IOCLD  28000 AGSMT. GAS ALKHALEEJ NR 225.28 3 BUTANE/PROP AGS - (B),dtr0709.pdf,dtr0308.pdf,2026-08-02,2026-08-03,GAS ALKHALEEJ
2026-09-06,2026-09-07,Paradip,FOR SPM,READY,MT. OLYMPIC FLAG,273.97,47.0,15.0,2026-09-06,09:54,CRUDE OIL,124610,1,,,47.00 15.00 06.09  0954IOCL PLDD  124610 AGSMT. OLYMPIC FLAG 273.97 1 CRUDE OIL AGSR -,dtr0709.pdf,dtr0308.pdf,2026-08-02,2026-08-03,OLYMPIC FLAG
2026-09-06,2026-09-07,Paradip,FOR SPM,NOT READY,MT. AYAT NR,179.99,32.2,11.4,2026-08-26,19:30,CRUDE OIL,37861,1,,(B),32.20 11.40 26.08  1930IOCL PLDD  37861 AGSMT. AYAT NR 179.99 1 CRUDE OIL AGS - (B),dtr0709.pdf,dtr0308.pdf,2026-08-02,2026-08-03,AYAT
2026-09-06,2026-09-07,Paradip,FOR PICT,NOT READY,MV. TAN BINH 259 ICT/NR,175.53,29.4,9.5,2026-07-22,16:25,S.COIL,25391,1,,(B),29.40 9.50 22.07  1625JSLD  25391 SSSMV. TAN BINH 259 ICT/NR 175.53 1 S.COIL NK - (B),dtr0709.pdf,dtr0308.pdf,2026-08-02,2026-08-03,TAN BINH 259
2026-09-06,2026-09-07,Paradip,FOR PICT,NOT READY,MV. NEON TRADER ICT/NR,179.9,30.0,9.24,2026-09-01,17:36,S.COIL,15000,2,,(B),30.00 9.24 01.09  1736SAILL  15000 GACMV. NEON TRADER ICT/NR 179.90 2 S.COIL GAC - (B),dtr0709.pdf,dtr0308.pdf,2026-08-02,2026-08-03,NEON TRADER
2026-09-06,2026-09-07,Paradip,FOR PICT,NOT READY,MV. YPERION ICT/NR,229.0,32.26,7.25,2026-09-01,20:36,PIG IRON,66000,3,,(B),32.26 7.25 01.09  2036OMPLL  66000 J M BAXIMSPLMV. YPERION ICT/NR 229.00 3 PIG IRON J M BAXIMSPL - (B),dtr0709.pdf,dtr0308.pdf,2026-08-02,2026-08-03,YPERION
2026-09-06,2026-09-07,Paradip,FOR PICT,NOT READY,MV. DIONYSUS ICT/NR,199.9,32.26,12.35,2026-09-06,19:06,UREA,52500,4,,(B),32.26 12.35 06.09  1906BRAHMAPUTRAD  52500 SSSMV. DIONYSUS ICT/NR 199.90 4 UREA SSS - (B),dtr0709.pdf,dtr0308.pdf,2026-08-02,2026-08-03,DIONYSUS
2026-09-06,2026-09-07,Paradip,Others,NOT READY,MV. PELAGIA NR,228.99,32.26,12.86,2026-08-27,23:00,,36000,1,,(B),32.26 12.86 27.08  2300NKD  36000 ALAPMV. PELAGIA NR 228.99 1 A. SULPHATE ALAP - (B),dtr0709.pdf,dtr0308.pdf,2026-08-02,2026-08-03,PELAGIA
2026-09-06,2026-09-07,Paradip,FOR CB-1 & CB-2,READY,MV. APJ SETHU,224.86,32.26,0.0,2026-09-05,06:48,TH.COAL,75000,1,,,32.26 0.00 05.09  0648TNPGCLL  75000 SEAPORTMV. APJ SETHU 224.86 1 TH.COAL J M BAXIMSPLR - P,dtr0709.pdf,dtr0309.pdf,2026-09-02,2026-09-03,APJ SETHU
2026-09-06,2026-09-07,Paradip,FOR CB-1 & CB-2,READY,MV. SINGAPORE BULKER,189.99,32.26,13.3,2026-09-07,06:18,TH.COAL,55000,2,,,32.26 13.30 07.09  0618OPGL  55000 SEA SHIPSMV. SINGAPORE BULKER 189.99 2 TH.COAL SSSR -,dtr0709.pdf,dtr0309.pdf,2026-09-02,2026-09-03,SINGAPORE BULKER
2026-09-06,2026-09-07,Paradip,FOR CB-1 & CB-2,READY,MV. APJ ANGAD 2,224.94,32.26,14.5,2026-09-07,10:18,TH.COAL,75000,3,,,32.26 14.50 07.09  1018NTECL/CLPLL  75000 BOTHRAMV. APJ ANGAD 2 224.94 3 TH.COAL JMBR -,dtr0709.pdf,dtr0309.pdf,2026-09-02,2026-09-03,APJ ANGAD 2
2026-09-06,2026-09-07,Paradip,FOR OJ,NOT READY,MT. SHIVALIK NR,225.28,36.6,11.6,2026-09-04,17:12,BUTANE/PROP,13000,1,,(B),36.60 11.60 04.09  1712IOCLD  13000 SAMSARAMT. SHIVALIK NR 225.28 1 BUTANE/PROP SAMSARA - (B),dtr0709.pdf,dtr0309.pdf,2026-09-02,2026-09-03,SHIVALIK
2026-09-06,2026-09-07,Paradip,FOR OJ,NOT READY,MT. TORM DOVER NR,183.12,32.2,0.0,2026-09-05,14:12,NAPTHA,35000,2,,(B),32.20 0.00 05.09  1412IOCLL  35000 ISIPLMT. TORM DOVER NR 183.12 2 NAPTHA ISIPL - (B),dtr0709.pdf,dtr0309.pdf,2026-09-02,2026-09-03,TORM DOVER
2026-09-06,2026-09-07,Paradip,FOR OJ,NOT READY,MT. GAS ALKHALEEJ NR,225.28,36.62,11.8,2026-09-07,09:54,BUTANE/PROP,28000,3,,(B),36.62 11.80 07.09  0954IOCLD  28000 AGSMT. GAS ALKHALEEJ NR 225.28 3 BUTANE/PROP AGS - (B),dtr0709.pdf,dtr0309.pdf,2026-09-02,2026-09-03,GAS ALKHALEEJ
2026-09-06,2026-09-07,Paradip,FOR SPM,READY,MT. OLYMPIC FLAG,273.97,47.0,15.0,2026-09-06,09:54,CRUDE OIL,124610,1,,,47.00 15.00 06.09  0954IOCL PLDD  124610 AGSMT. OLYMPIC FLAG 273.97 1 CRUDE OIL AGSR -,dtr0709.pdf,dtr0309.pdf,2026-09-02,2026-09-03,OLYMPIC FLAG
2026-09-06,2026-09-07,Paradip,FOR SPM,NOT READY,MT. AYAT NR,179.99,32.2,11.4,2026-08-26,19:30,CRUDE OIL,37861,1,,(B),32.20 11.40 26.08  1930IOCL PLDD  37861 AGSMT. AYAT NR 179.99 1 CRUDE OIL AGS - (B),dtr0709.pdf,dtr0309.pdf,2026-09-02,2026-09-03,AYAT
2026-09-06,2026-09-07,Paradip,FOR PICT,NOT READY,MV. TAN BINH 259 ICT/NR,175.53,29.4,9.5,2026-07-22,16:25,S.COIL,25391,1,,(B),29.40 9.50 22.07  1625JSLD  25391 SSSMV. TAN BINH 259 ICT/NR 175.53 1 S.COIL NK - (B),dtr0709.pdf,dtr0309.pdf,2026-09-02,2026-09-03,TAN BINH 259
2026-09-06,2026-09-07,Paradip,FOR PICT,NOT READY,MV. NEON TRADER ICT/NR,179.9,30.0,9.24,2026-09-01,17:36,S.COIL,15000,2,,(B),30.00 9.24 01.09  1736SAILL  15000 GACMV. NEON TRADER ICT/NR 179.90 2 S.COIL GAC - (B),dtr0709.pdf,dtr0309.pdf,2026-09-02,2026-09-03,NEON TRADER
2026-09-06,2026-09-07,Paradip,FOR PICT,NOT READY,MV. YPERION ICT/NR,229.0,32.26,7.25,2026-09-01,20:36,PIG IRON,66000,3,,(B),32.26 7.25 01.09  2036OMPLL  66000 J M BAXIMSPLMV. YPERION ICT/NR 229.00 3 PIG IRON J M BAXIMSPL - (B),dtr0709.pdf,dtr0309.pdf,2026-09-02,2026-09-03,YPERION
2026-09-06,2026-09-07,Paradip,FOR PICT,NOT READY,MV. DIONYSUS ICT/NR,199.9,32.26,12.35,2026-09-06,19:06,UREA,52500,4,,(B),32.26 12.35 06.09  1906BRAHMAPUTRAD  52500 SSSMV. DIONYSUS ICT/NR 199.90 4 UREA SSS - (B),dtr0709.pdf,dtr0309.pdf,2026-09-02,2026-09-03,DIONYSUS
2026-09-06,2026-09-07,Paradip,Others,NOT READY,MV. PELAGIA NR,228.99,32.26,12.86,2026-08-27,23:00,,36000,1,,(B),32.26 12.86 27.08  2300NKD  36000 ALAPMV. PELAGIA NR 228.99 1 A. SULPHATE ALAP - (B),dtr0709.pdf,dtr0309.pdf,2026-09-02,2026-09-03,PELAGIA
2026-09-06,2026-09-07,Paradip,FOR CB-1 & CB-2,READY,MV. APJ SETHU,224.86,32.26,0.0,2026-09-05,06:48,TH.COAL,75000,1,,,32.26 0.00 05.09  0648TNPGCLL  75000 SEAPORTMV. APJ SETHU 224.86 1 TH.COAL J M BAXIMSPLR - P,dtr0709.pdf,dtr0311.pdf,2025-11-02,2025-11-03,APJ SETHU
2026-09-06,2026-09-07,Paradip,FOR CB-1 & CB-2,READY,MV. SINGAPORE BULKER,189.99,32.26,13.3,2026-09-07,06:18,TH.COAL,55000,2,,,32.26 13.30 07.09  0618OPGL  55000 SEA SHIPSMV. SINGAPORE BULKER 189.99 2 TH.COAL SSSR -,dtr0709.pdf,dtr0311.pdf,2025-11-02,2025-11-03,SINGAPORE BULKER
2026-09-06,2026-09-07,Paradip,FOR CB-1 & CB-2,READY,MV. APJ ANGAD 2,224.94,32.26,14.5,2026-09-07,10:18,TH.COAL,75000,3,,,32.26 14.50 07.09  1018NTECL/CLPLL  75000 BOTHRAMV. APJ ANGAD 2 224.94 3 TH.COAL JMBR -,dtr0709.pdf,dtr0311.pdf,2025-11-02,2025-11-03,APJ ANGAD 2
2026-09-06,2026-09-07,Paradip,FOR OJ,NOT READY,MT. SHIVALIK NR,225.28,36.6,11.6,2026-09-04,17:12,BUTANE/PROP,13000,1,,(B),36.60 11.60 04.09  1712IOCLD  13000 SAMSARAMT. SHIVALIK NR 225.28 1 BUTANE/PROP SAMSARA - (B),dtr0709.pdf,dtr0311.pdf,2025-11-02,2025-11-03,SHIVALIK
2026-09-06,2026-09-07,Paradip,FOR OJ,NOT READY,MT. TORM DOVER NR,183.12,32.2,0.0,2026-09-05,14:12,NAPTHA,35000,2,,(B),32.20 0.00 05.09  1412IOCLL  35000 ISIPLMT. TORM DOVER NR 183.12 2 NAPTHA ISIPL - (B),dtr0709.pdf,dtr0311.pdf,2025-11-02,2025-11-03,TORM DOVER
2026-09-06,2026-09-07,Paradip,FOR OJ,NOT READY,MT. GAS ALKHALEEJ NR,225.28,36.62,11.8,2026-09-07,09:54,BUTANE/PROP,28000,3,,(B),36.62 11.80 07.09  0954IOCLD  28000 AGSMT. GAS ALKHALEEJ NR 225.28 3 BUTANE/PROP AGS - (B),dtr0709.pdf,dtr0311.pdf,2025-11-02,2025-11-03,GAS ALKHALEEJ
2026-09-06,2026-09-07,Paradip,FOR SPM,READY,MT. OLYMPIC FLAG,273.97,47.0,15.0,2026-09-06,09:54,CRUDE OIL,124610,1,,,47.00 15.00 06.09  0954IOCL PLDD  124610 AGSMT. OLYMPIC FLAG 273.97 1 CRUDE OIL AGSR -,dtr0709.pdf,dtr0311.pdf,2025-11-02,2025-11-03,OLYMPIC FLAG
2026-09-06,2026-09-07,Paradip,FOR SPM,NOT READY,MT. AYAT NR,179.99,32.2,11.4,2026-08-26,19:30,CRUDE OIL,37861,1,,(B),32.20 11.40 26.08  1930IOCL PLDD  37861 AGSMT. AYAT NR 179.99 1 CRUDE OIL AGS - (B),dtr0709.pdf,dtr0311.pdf,2025-11-02,2025-11-03,AYAT
2026-09-06,2026-09-07,Paradip,FOR PICT,NOT READY,MV. TAN BINH 259 ICT/NR,175.53,29.4,9.5,2026-07-22,16:25,S.COIL,25391,1,,(B),29.40 9.50 22.07  1625JSLD  25391 SSSMV. TAN BINH 259 ICT/NR 175.53 1 S.COIL NK - (B),dtr0709.pdf,dtr0311.pdf,2025-11-02,2025-11-03,TAN BINH 259
2026-09-06,2026-09-07,Paradip,FOR PICT,NOT READY,MV. NEON TRADER ICT/NR,179.9,30.0,9.24,2026-09-01,17:36,S.COIL,15000,2,,(B),30.00 9.24 01.09  1736SAILL  15000 GACMV. NEON TRADER ICT/NR 179.90 2 S.COIL GAC - (B),dtr0709.pdf,dtr0311.pdf,2025-11-02,2025-11-03,NEON TRADER
2026-09-06,2026-09-07,Paradip,FOR PICT,NOT READY,MV. YPERION ICT/NR,229.0,32.26,7.25,2026-09-01,20:36,PIG IRON,66000,3,,(B),32.26 7.25 01.09  2036OMPLL  66000 J M BAXIMSPLMV. YPERION ICT/NR 229.00 3 PIG IRON J M BAXIMSPL - (B),dtr0709.pdf,dtr0311.pdf,2025-11-02,2025-11-03,YPERION
2026-09-06,2026-09-07,Paradip,FOR PICT,NOT READY,MV. DIONYSUS ICT/NR,199.9,32.26,12.35,2026-09-06,19:06,UREA,52500,4,,(B),32.26 12.35 06.09  1906BRAHMAPUTRAD  52500 SSSMV. DIONYSUS ICT/NR 199.90 4 UREA SSS - (B),dtr0709.pdf,dtr0311.pdf,2025-11-02,2025-11-03,DIONYSUS
2026-09-06,2026-09-07,Paradip,Others,NOT READY,MV. PELAGIA NR,228.99,32.26,12.86,2026-08-27,23:00,,36000,1,,(B),32.26 12.86 27.08  2300NKD  36000 ALAPMV. PELAGIA NR 228.99 1 A. SULPHATE ALAP - (B),dtr0709.pdf,dtr0311.pdf,2025-11-02,2025-11-03,PELAGIA
2026-09-06,2026-09-07,Paradip,FOR CB-1 & CB-2,READY,MV. APJ SETHU,224.86,32.26,0.0,2026-09-05,06:48,TH.COAL,75000,1,,,32.26 0.00 05.09  0648TNPGCLL  75000 SEAPORTMV. APJ SETHU 224.86 1 TH.COAL J M BAXIMSPLR - P,dtr0709.pdf,dtr0407.pdf,2026-07-03,2026-07-04,APJ SETHU
2026-09-06,2026-09-07,Paradip,FOR CB-1 & CB-2,READY,MV. SINGAPORE BULKER,189.99,32.26,13.3,2026-09-07,06:18,TH.COAL,55000,2,,,32.26 13.30 07.09  0618OPGL  55000 SEA SHIPSMV. SINGAPORE BULKER 189.99 2 TH.COAL SSSR -,dtr0709.pdf,dtr0407.pdf,2026-07-03,2026-07-04,SINGAPORE BULKER
2026-09-06,2026-09-07,Paradip,FOR CB-1 & CB-2,READY,MV. APJ ANGAD 2,224.94,32.26,14.5,2026-09-07,10:18,TH.COAL,75000,3,,,32.26 14.50 07.09  1018NTECL/CLPLL  75000 BOTHRAMV. APJ ANGAD 2 224.94 3 TH.COAL JMBR -,dtr0709.pdf,dtr0407.pdf,2026-07-03,2026-07-04,APJ ANGAD 2
2026-09-06,2026-09-07,Paradip,FOR OJ,NOT READY,MT. SHIVALIK NR,225.28,36.6,11.6,2026-09-04,17:12,BUTANE/PROP,13000,1,,(B),36.60 11.60 04.09  1712IOCLD  13000 SAMSARAMT. SHIVALIK NR 225.28 1 BUTANE/PROP SAMSARA - (B),dtr0709.pdf,dtr0407.pdf,2026-07-03,2026-07-04,SHIVALIK
2026-09-06,2026-09-07,Paradip,FOR OJ,NOT READY,MT. TORM DOVER NR,183.12,32.2,0.0,2026-09-05,14:12,NAPTHA,35000,2,,(B),32.20 0.00 05.09  1412IOCLL  35000 ISIPLMT. TORM DOVER NR 183.12 2 NAPTHA ISIPL - (B),dtr0709.pdf,dtr0407.pdf,2026-07-03,2026-07-04,TORM DOVER
2026-09-06,2026-09-07,Paradip,FOR OJ,NOT READY,MT. GAS ALKHALEEJ NR,225.28,36.62,11.8,2026-09-07,09:54,BUTANE/PROP,28000,3,,(B),36.62 11.80 07.09  0954IOCLD  28000 AGSMT. GAS ALKHALEEJ NR 225.28 3 BUTANE/PROP AGS - (B),dtr0709.pdf,dtr0407.pdf,2026-07-03,2026-07-04,GAS ALKHALEEJ
2026-09-06,2026-09-07,Paradip,FOR SPM,READY,MT. OLYMPIC FLAG,273.97,47.0,15.0,2026-09-06,09:54,CRUDE OIL,124610,1,,,47.00 15.00 06.09  0954IOCL PLDD  124610 AGSMT. OLYMPIC FLAG 273.97 1 CRUDE OIL AGSR -,dtr0709.pdf,dtr0407.pdf,2026-07-03,2026-07-04,OLYMPIC FLAG
2026-09-06,2026-09-07,Paradip,FOR SPM,NOT READY,MT. AYAT NR,179.99,32.2,11.4,2026-08-26,19:30,CRUDE OIL,37861,1,,(B),32.20 11.40 26.08  1930IOCL PLDD  37861 AGSMT. AYAT NR 179.99 1 CRUDE OIL AGS - (B),dtr0709.pdf,dtr0407.pdf,2026-07-03,2026-07-04,AYAT
2026-09-06,2026-09-07,Paradip,FOR PICT,NOT READY,MV. TAN BINH 259 ICT/NR,175.53,29.4,9.5,2026-07-22,16:25,S.COIL,25391,1,,(B),29.40 9.50 22.07  1625JSLD  25391 SSSMV. TAN BINH 259 ICT/NR 175.53 1 S.COIL NK - (B),dtr0709.pdf,dtr0407.pdf,2026-07-03,2026-07-04,TAN BINH 259
2026-09-06,2026-09-07,Paradip,FOR PICT,NOT READY,MV. NEON TRADER ICT/NR,179.9,30.0,9.24,2026-09-01,17:36,S.COIL,15000,2,,(B),30.00 9.24 01.09  1736SAILL  15000 GACMV. NEON TRADER ICT/NR 179.90 2 S.COIL GAC - (B),dtr0709.pdf,dtr0407.pdf,2026-07-03,2026-07-04,NEON TRADER
2026-09-06,2026-09-07,Paradip,FOR PICT,NOT READY,MV. YPERION ICT/NR,229.0,32.26,7.25,2026-09-01,20:36,PIG IRON,66000,3,,(B),32.26 7.25 01.09  2036OMPLL  66000 J M BAXIMSPLMV. YPERION ICT/NR 229.00 3 PIG IRON J M BAXIMSPL - (B),dtr0709.pdf,dtr0407.pdf,2026-07-03,2026-07-04,YPERION
2026-09-06,2026-09-07,Paradip,FOR PICT,NOT READY,MV. DIONYSUS ICT/NR,199.9,32.26,12.35,2026-09-06,19:06,UREA,52500,4,,(B),32.26 12.35 06.09  1906BRAHMAPUTRAD  52500 SSSMV. DIONYSUS ICT/NR 199.90 4 UREA SSS - (B),dtr0709.pdf,dtr0407.pdf,2026-07-03,2026-07-04,DIONYSUS
2026-09-06,2026-09-07,Paradip,Others,NOT READY,MV. PELAGIA NR,228.99,32.26,12.86,2026-08-27,23:00,,36000,1,,(B),32.26 12.86 27.08  2300NKD  36000 ALAPMV. PELAGIA NR 228.99 1 A. SULPHATE ALAP - (B),dtr0709.pdf,dtr0407.pdf,2026-07-03,2026-07-04,PELAGIA
2026-09-06,2026-09-07,Paradip,FOR CB-1 & CB-2,READY,MV. APJ SETHU,224.86,32.26,0.0,2026-09-05,06:48,TH.COAL,75000,1,,,32.26 0.00 05.09  0648TNPGCLL  75000 SEAPORTMV. APJ SETHU 224.86 1 TH.COAL J M BAXIMSPLR - P,dtr0709.pdf,dtr0408.pdf,2026-08-03,2026-08-04,APJ SETHU
2026-09-06,2026-09-07,Paradip,FOR CB-1 & CB-2,READY,MV. SINGAPORE BULKER,189.99,32.26,13.3,2026-09-07,06:18,TH.COAL,55000,2,,,32.26 13.30 07.09  0618OPGL  55000 SEA SHIPSMV. SINGAPORE BULKER 189.99 2 TH.COAL SSSR -,dtr0709.pdf,dtr0408.pdf,2026-08-03,2026-08-04,SINGAPORE BULKER
2026-09-06,2026-09-07,Paradip,FOR CB-1 & CB-2,READY,MV. APJ ANGAD 2,224.94,32.26,14.5,2026-09-07,10:18,TH.COAL,75000,3,,,32.26 14.50 07.09  1018NTECL/CLPLL  75000 BOTHRAMV. APJ ANGAD 2 224.94 3 TH.COAL JMBR -,dtr0709.pdf,dtr0408.pdf,2026-08-03,2026-08-04,APJ ANGAD 2
2026-09-06,2026-09-07,Paradip,FOR OJ,NOT READY,MT. SHIVALIK NR,225.28,36.6,11.6,2026-09-04,17:12,BUTANE/PROP,13000,1,,(B),36.60 11.60 04.09  1712IOCLD  13000 SAMSARAMT. SHIVALIK NR 225.28 1 BUTANE/PROP SAMSARA - (B),dtr0709.pdf,dtr0408.pdf,2026-08-03,2026-08-04,SHIVALIK
2026-09-06,2026-09-07,Paradip,FOR OJ,NOT READY,MT. TORM DOVER NR,183.12,32.2,0.0,2026-09-05,14:12,NAPTHA,35000,2,,(B),32.20 0.00 05.09  1412IOCLL  35000 ISIPLMT. TORM DOVER NR 183.12 2 NAPTHA ISIPL - (B),dtr0709.pdf,dtr0408.pdf,2026-08-03,2026-08-04,TORM DOVER
2026-09-06,2026-09-07,Paradip,FOR OJ,NOT READY,MT. GAS ALKHALEEJ NR,225.28,36.62,11.8,2026-09-07,09:54,BUTANE/PROP,28000,3,,(B),36.62 11.80 07.09  0954IOCLD  28000 AGSMT. GAS ALKHALEEJ NR 225.28 3 BUTANE/PROP AGS - (B),dtr0709.pdf,dtr0408.pdf,2026-08-03,2026-08-04,GAS ALKHALEEJ
2026-09-06,2026-09-07,Paradip,FOR SPM,READY,MT. OLYMPIC FLAG,273.97,47.0,15.0,2026-09-06,09:54,CRUDE OIL,124610,1,,,47.00 15.00 06.09  0954IOCL PLDD  124610 AGSMT. OLYMPIC FLAG 273.97 1 CRUDE OIL AGSR -,dtr0709.pdf,dtr0408.pdf,2026-08-03,2026-08-04,OLYMPIC FLAG
2026-09-06,2026-09-07,Paradip,FOR SPM,NOT READY,MT. AYAT NR,179.99,32.2,11.4,2026-08-26,19:30,CRUDE OIL,37861,1,,(B),32.20 11.40 26.08  1930IOCL PLDD  37861 AGSMT. AYAT NR 179.99 1 CRUDE OIL AGS - (B),dtr0709.pdf,dtr0408.pdf,2026-08-03,2026-08-04,AYAT
2026-09-06,2026-09-07,Paradip,FOR PICT,NOT READY,MV. TAN BINH 259 ICT/NR,175.53,29.4,9.5,2026-07-22,16:25,S.COIL,25391,1,,(B),29.40 9.50 22.07  1625JSLD  25391 SSSMV. TAN BINH 259 ICT/NR 175.53 1 S.COIL NK - (B),dtr0709.pdf,dtr0408.pdf,2026-08-03,2026-08-04,TAN BINH 259
2026-09-06,2026-09-07,Paradip,FOR PICT,NOT READY,MV. NEON TRADER ICT/NR,179.9,30.0,9.24,2026-09-01,17:36,S.COIL,15000,2,,(B),30.00 9.24 01.09  1736SAILL  15000 GACMV. NEON TRADER ICT/NR 179.90 2 S.COIL GAC - (B),dtr0709.pdf,dtr0408.pdf,2026-08-03,2026-08-04,NEON TRADER
2026-09-06,2026-09-07,Paradip,FOR PICT,NOT READY,MV. YPERION ICT/NR,229.0,32.26,7.25,2026-09-01,20:36,PIG IRON,66000,3,,(B),32.26 7.25 01.09  2036OMPLL  66000 J M BAXIMSPLMV. YPERION ICT/NR 229.00 3 PIG IRON J M BAXIMSPL - (B),dtr0709.pdf,dtr0408.pdf,2026-08-03,2026-08-04,YPERION
2026-09-06,2026-09-07,Paradip,FOR PICT,NOT READY,MV. DIONYSUS ICT/NR,199.9,32.26,12.35,2026-09-06,19:06,UREA,52500,4,,(B),32.26 12.35 06.09  1906BRAHMAPUTRAD  52500 SSSMV. DIONYSUS ICT/NR 199.90 4 UREA SSS - (B),dtr0709.pdf,dtr0408.pdf,2026-08-03,2026-08-04,DIONYSUS
2026-09-06,2026-09-07,Paradip,Others,NOT READY,MV. PELAGIA NR,228.99,32.26,12.86,2026-08-27,23:00,,36000,1,,(B),32.26 12.86 27.08  2300NKD  36000 ALAPMV. PELAGIA NR 228.99 1 A. SULPHATE ALAP - (B),dtr0709.pdf,dtr0408.pdf,2026-08-03,2026-08-04,PELAGIA
2026-09-06,2026-09-07,Paradip,FOR CB-1 & CB-2,READY,MV. APJ SETHU,224.86,32.26,0.0,2026-09-05,06:48,TH.COAL,75000,1,,,32.26 0.00 05.09  0648TNPGCLL  75000 SEAPORTMV. APJ SETHU 224.86 1 TH.COAL J M BAXIMSPLR - P,dtr0709.pdf,dtr0409.pdf,2026-09-03,2026-09-04,APJ SETHU
2026-09-06,2026-09-07,Paradip,FOR CB-1 & CB-2,READY,MV. SINGAPORE BULKER,189.99,32.26,13.3,2026-09-07,06:18,TH.COAL,55000,2,,,32.26 13.30 07.09  0618OPGL  55000 SEA SHIPSMV. SINGAPORE BULKER 189.99 2 TH.COAL SSSR -,dtr0709.pdf,dtr0409.pdf,2026-09-03,2026-09-04,SINGAPORE BULKER
2026-09-06,2026-09-07,Paradip,FOR CB-1 & CB-2,READY,MV. APJ ANGAD 2,224.94,32.26,14.5,2026-09-07,10:18,TH.COAL,75000,3,,,32.26 14.50 07.09  1018NTECL/CLPLL  75000 BOTHRAMV. APJ ANGAD 2 224.94 3 TH.COAL JMBR -,dtr0709.pdf,dtr0409.pdf,2026-09-03,2026-09-04,APJ ANGAD 2
2026-09-06,2026-09-07,Paradip,FOR OJ,NOT READY,MT. SHIVALIK NR,225.28,36.6,11.6,2026-09-04,17:12,BUTANE/PROP,13000,1,,(B),36.60 11.60 04.09  1712IOCLD  13000 SAMSARAMT. SHIVALIK NR 225.28 1 BUTANE/PROP SAMSARA - (B),dtr0709.pdf,dtr0409.pdf,2026-09-03,2026-09-04,SHIVALIK
2026-09-06,2026-09-07,Paradip,FOR OJ,NOT READY,MT. TORM DOVER NR,183.12,32.2,0.0,2026-09-05,14:12,NAPTHA,35000,2,,(B),32.20 0.00 05.09  1412IOCLL  35000 ISIPLMT. TORM DOVER NR 183.12 2 NAPTHA ISIPL - (B),dtr0709.pdf,dtr0409.pdf,2026-09-03,2026-09-04,TORM DOVER
2026-09-06,2026-09-07,Paradip,FOR OJ,NOT READY,MT. GAS ALKHALEEJ NR,225.28,36.62,11.8,2026-09-07,09:54,BUTANE/PROP,28000,3,,(B),36.62 11.80 07.09  0954IOCLD  28000 AGSMT. GAS ALKHALEEJ NR 225.28 3 BUTANE/PROP AGS - (B),dtr0709.pdf,dtr0409.pdf,2026-09-03,2026-09-04,GAS ALKHALEEJ
2026-09-06,2026-09-07,Paradip,FOR SPM,READY,MT. OLYMPIC FLAG,273.97,47.0,15.0,2026-09-06,09:54,CRUDE OIL,124610,1,,,47.00 15.00 06.09  0954IOCL PLDD  124610 AGSMT. OLYMPIC FLAG 273.97 1 CRUDE OIL AGSR -,dtr0709.pdf,dtr0409.pdf,2026-09-03,2026-09-04,OLYMPIC FLAG
2026-09-06,2026-09-07,Paradip,FOR SPM,NOT READY,MT. AYAT NR,179.99,32.2,11.4,2026-08-26,19:30,CRUDE OIL,37861,1,,(B),32.20 11.40 26.08  1930IOCL PLDD  37861 AGSMT. AYAT NR 179.99 1 CRUDE OIL AGS - (B),dtr0709.pdf,dtr0409.pdf,2026-09-03,2026-09-04,AYAT
2026-09-06,2026-09-07,Paradip,FOR PICT,NOT READY,MV. TAN BINH 259 ICT/NR,175.53,29.4,9.5,2026-07-22,16:25,S.COIL,25391,1,,(B),29.40 9.50 22.07  1625JSLD  25391 SSSMV. TAN BINH 259 ICT/NR 175.53 1 S.COIL NK - (B),dtr0709.pdf,dtr0409.pdf,2026-09-03,2026-09-04,TAN BINH 259
2026-09-06,2026-09-07,Paradip,FOR PICT,NOT READY,MV. NEON TRADER ICT/NR,179.9,30.0,9.24,2026-09-01,17:36,S.COIL,15000,2,,(B),30.00 9.24 01.09  1736SAILL  15000 GACMV. NEON TRADER ICT/NR 179.90 2 S.COIL GAC - (B),dtr0709.pdf,dtr0409.pdf,2026-09-03,2026-09-04,NEON TRADER
2026-09-06,2026-09-07,Paradip,FOR PICT,NOT READY,MV. YPERION ICT/NR,229.0,32.26,7.25,2026-09-01,20:36,PIG IRON,66000,3,,(B),32.26 7.25 01.09  2036OMPLL  66000 J M BAXIMSPLMV. YPERION ICT/NR 229.00 3 PIG IRON J M BAXIMSPL - (B),dtr0709.pdf,dtr0409.pdf,2026-09-03,2026-09-04,YPERION
2026-09-06,2026-09-07,Paradip,FOR PICT,NOT READY,MV. DIONYSUS ICT/NR,199.9,32.26,12.35,2026-09-06,19:06,UREA,52500,4,,(B),32.26 12.35 06.09  1906BRAHMAPUTRAD  52500 SSSMV. DIONYSUS ICT/NR 199.90 4 UREA SSS - (B),dtr0709.pdf,dtr0409.pdf,2026-09-03,2026-09-04,DIONYSUS
2026-09-06,2026-09-07,Paradip,Others,NOT READY,MV. PELAGIA NR,228.99,32.26,12.86,2026-08-27,23:00,,36000,1,,(B),32.26 12.86 27.08  2300NKD  36000 ALAPMV. PELAGIA NR 228.99 1 A. SULPHATE ALAP - (B),dtr0709.pdf,dtr0409.pdf,2026-09-03,2026-09-04,PELAGIA
2026-09-06,2026-09-07,Paradip,FOR CB-1 & CB-2,READY,MV. APJ SETHU,224.86,32.26,0.0,2026-09-05,06:48,TH.COAL,75000,1,,,32.26 0.00 05.09  0648TNPGCLL  75000 SEAPORTMV. APJ SETHU 224.86 1 TH.COAL J M BAXIMSPLR - P,dtr0709.pdf,dtr0411.pdf,2025-11-03,2025-11-04,APJ SETHU
2026-09-06,2026-09-07,Paradip,FOR CB-1 & CB-2,READY,MV. SINGAPORE BULKER,189.99,32.26,13.3,2026-09-07,06:18,TH.COAL,55000,2,,,32.26 13.30 07.09  0618OPGL  55000 SEA SHIPSMV. SINGAPORE BULKER 189.99 2 TH.COAL SSSR -,dtr0709.pdf,dtr0411.pdf,2025-11-03,2025-11-04,SINGAPORE BULKER
2026-09-06,2026-09-07,Paradip,FOR CB-1 & CB-2,READY,MV. APJ ANGAD 2,224.94,32.26,14.5,2026-09-07,10:18,TH.COAL,75000,3,,,32.26 14.50 07.09  1018NTECL/CLPLL  75000 BOTHRAMV. APJ ANGAD 2 224.94 3 TH.COAL JMBR -,dtr0709.pdf,dtr0411.pdf,2025-11-03,2025-11-04,APJ ANGAD 2
2026-09-06,2026-09-07,Paradip,FOR OJ,NOT READY,MT. SHIVALIK NR,225.28,36.6,11.6,2026-09-04,17:12,BUTANE/PROP,13000,1,,(B),36.60 11.60 04.09  1712IOCLD  13000 SAMSARAMT. SHIVALIK NR 225.28 1 BUTANE/PROP SAMSARA - (B),dtr0709.pdf,dtr0411.pdf,2025-11-03,2025-11-04,SHIVALIK
2026-09-06,2026-09-07,Paradip,FOR OJ,NOT READY,MT. TORM DOVER NR,183.12,32.2,0.0,2026-09-05,14:12,NAPTHA,35000,2,,(B),32.20 0.00 05.09  1412IOCLL  35000 ISIPLMT. TORM DOVER NR 183.12 2 NAPTHA ISIPL - (B),dtr0709.pdf,dtr0411.pdf,2025-11-03,2025-11-04,TORM DOVER
2026-09-06,2026-09-07,Paradip,FOR OJ,NOT READY,MT. GAS ALKHALEEJ NR,225.28,36.62,11.8,2026-09-07,09:54,BUTANE/PROP,28000,3,,(B),36.62 11.80 07.09  0954IOCLD  28000 AGSMT. GAS ALKHALEEJ NR 225.28 3 BUTANE/PROP AGS - (B),dtr0709.pdf,dtr0411.pdf,2025-11-03,2025-11-04,GAS ALKHALEEJ
2026-09-06,2026-09-07,Paradip,FOR SPM,READY,MT. OLYMPIC FLAG,273.97,47.0,15.0,2026-09-06,09:54,CRUDE OIL,124610,1,,,47.00 15.00 06.09  0954IOCL PLDD  124610 AGSMT. OLYMPIC FLAG 273.97 1 CRUDE OIL AGSR -,dtr0709.pdf,dtr0411.pdf,2025-11-03,2025-11-04,OLYMPIC FLAG
2026-09-06,2026-09-07,Paradip,FOR SPM,NOT READY,MT. AYAT NR,179.99,32.2,11.4,2026-08-26,19:30,CRUDE OIL,37861,1,,(B),32.20 11.40 26.08  1930IOCL PLDD  37861 AGSMT. AYAT NR 179.99 1 CRUDE OIL AGS - (B),dtr0709.pdf,dtr0411.pdf,2025-11-03,2025-11-04,AYAT
2026-09-06,2026-09-07,Paradip,FOR PICT,NOT READY,MV. TAN BINH 259 ICT/NR,175.53,29.4,9.5,2026-07-22,16:25,S.COIL,25391,1,,(B),29.40 9.50 22.07  1625JSLD  25391 SSSMV. TAN BINH 259 ICT/NR 175.53 1 S.COIL NK - (B),dtr0709.pdf,dtr0411.pdf,2025-11-03,2025-11-04,TAN BINH 259
2026-09-06,2026-09-07,Paradip,FOR PICT,NOT READY,MV. NEON TRADER ICT/NR,179.9,30.0,9.24,2026-09-01,17:36,S.COIL,15000,2,,(B),30.00 9.24 01.09  1736SAILL  15000 GACMV. NEON TRADER ICT/NR 179.90 2 S.COIL GAC - (B),dtr0709.pdf,dtr0411.pdf,2025-11-03,2025-11-04,NEON TRADER
2026-09-06,2026-09-07,Paradip,FOR PICT,NOT READY,MV. YPERION ICT/NR,229.0,32.26,7.25,2026-09-01,20:36,PIG IRON,66000,3,,(B),32.26 7.25 01.09  2036OMPLL  66000 J M BAXIMSPLMV. YPERION ICT/NR 229.00 3 PIG IRON J M BAXIMSPL - (B),dtr0709.pdf,dtr0411.pdf,2025-11-03,2025-11-04,YPERION
2026-09-06,2026-09-07,Paradip,FOR PICT,NOT READY,MV. DIONYSUS ICT/NR,199.9,32.26,12.35,2026-09-06,19:06,UREA,52500,4,,(B),32.26 12.35 06.09  1906BRAHMAPUTRAD  52500 SSSMV. DIONYSUS ICT/NR 199.90 4 UREA SSS - (B),dtr0709.pdf,dtr0411.pdf,2025-11-03,2025-11-04,DIONYSUS
2026-09-06,2026-09-07,Paradip,Others,NOT READY,MV. PELAGIA NR,228.99,32.26,12.86,2026-08-27,23:00,,36000,1,,(B),32.26 12.86 27.08  2300NKD  36000 ALAPMV. PELAGIA NR 228.99 1 A. SULPHATE ALAP - (B),dtr0709.pdf,dtr0411.pdf,2025-11-03,2025-11-04,PELAGIA
2026-09-06,2026-09-07,Paradip,FOR CB-1 & CB-2,READY,MV. APJ SETHU,224.86,32.26,0.0,2026-09-05,06:48,TH.COAL,75000,1,,,32.26 0.00 05.09  0648TNPGCLL  75000 SEAPORTMV. APJ SETHU 224.86 1 TH.COAL J M BAXIMSPLR - P,dtr0709.pdf,dtr0507.pdf,2026-07-04,2026-07-05,APJ SETHU
2026-09-06,2026-09-07,Paradip,FOR CB-1 & CB-2,READY,MV. SINGAPORE BULKER,189.99,32.26,13.3,2026-09-07,06:18,TH.COAL,55000,2,,,32.26 13.30 07.09  0618OPGL  55000 SEA SHIPSMV. SINGAPORE BULKER 189.99 2 TH.COAL SSSR -,dtr0709.pdf,dtr0507.pdf,2026-07-04,2026-07-05,SINGAPORE BULKER
2026-09-06,2026-09-07,Paradip,FOR CB-1 & CB-2,READY,MV. APJ ANGAD 2,224.94,32.26,14.5,2026-09-07,10:18,TH.COAL,75000,3,,,32.26 14.50 07.09  1018NTECL/CLPLL  75000 BOTHRAMV. APJ ANGAD 2 224.94 3 TH.COAL JMBR -,dtr0709.pdf,dtr0507.pdf,2026-07-04,2026-07-05,APJ ANGAD 2
2026-09-06,2026-09-07,Paradip,FOR OJ,NOT READY,MT. SHIVALIK NR,225.28,36.6,11.6,2026-09-04,17:12,BUTANE/PROP,13000,1,,(B),36.60 11.60 04.09  1712IOCLD  13000 SAMSARAMT. SHIVALIK NR 225.28 1 BUTANE/PROP SAMSARA - (B),dtr0709.pdf,dtr0507.pdf,2026-07-04,2026-07-05,SHIVALIK
2026-09-06,2026-09-07,Paradip,FOR OJ,NOT READY,MT. TORM DOVER NR,183.12,32.2,0.0,2026-09-05,14:12,NAPTHA,35000,2,,(B),32.20 0.00 05.09  1412IOCLL  35000 ISIPLMT. TORM DOVER NR 183.12 2 NAPTHA ISIPL - (B),dtr0709.pdf,dtr0507.pdf,2026-07-04,2026-07-05,TORM DOVER
2026-09-06,2026-09-07,Paradip,FOR OJ,NOT READY,MT. GAS ALKHALEEJ NR,225.28,36.62,11.8,2026-09-07,09:54,BUTANE/PROP,28000,3,,(B),36.62 11.80 07.09  0954IOCLD  28000 AGSMT. GAS ALKHALEEJ NR 225.28 3 BUTANE/PROP AGS - (B),dtr0709.pdf,dtr0507.pdf,2026-07-04,2026-07-05,GAS ALKHALEEJ
2026-09-06,2026-09-07,Paradip,FOR SPM,READY,MT. OLYMPIC FLAG,273.97,47.0,15.0,2026-09-06,09:54,CRUDE OIL,124610,1,,,47.00 15.00 06.09  0954IOCL PLDD  124610 AGSMT. OLYMPIC FLAG 273.97 1 CRUDE OIL AGSR -,dtr0709.pdf,dtr0507.pdf,2026-07-04,2026-07-05,OLYMPIC FLAG
2026-09-06,2026-09-07,Paradip,FOR SPM,NOT READY,MT. AYAT NR,179.99,32.2,11.4,2026-08-26,19:30,CRUDE OIL,37861,1,,(B),32.20 11.40 26.08  1930IOCL PLDD  37861 AGSMT. AYAT NR 179.99 1 CRUDE OIL AGS - (B),dtr0709.pdf,dtr0507.pdf,2026-07-04,2026-07-05,AYAT
2026-09-06,2026-09-07,Paradip,FOR PICT,NOT READY,MV. TAN BINH 259 ICT/NR,175.53,29.4,9.5,2026-07-22,16:25,S.COIL,25391,1,,(B),29.40 9.50 22.07  1625JSLD  25391 SSSMV. TAN BINH 259 ICT/NR 175.53 1 S.COIL NK - (B),dtr0709.pdf,dtr0507.pdf,2026-07-04,2026-07-05,TAN BINH 259
2026-09-06,2026-09-07,Paradip,FOR PICT,NOT READY,MV. NEON TRADER ICT/NR,179.9,30.0,9.24,2026-09-01,17:36,S.COIL,15000,2,,(B),30.00 9.24 01.09  1736SAILL  15000 GACMV. NEON TRADER ICT/NR 179.90 2 S.COIL GAC - (B),dtr0709.pdf,dtr0507.pdf,2026-07-04,2026-07-05,NEON TRADER
2026-09-06,2026-09-07,Paradip,FOR PICT,NOT READY,MV. YPERION ICT/NR,229.0,32.26,7.25,2026-09-01,20:36,PIG IRON,66000,3,,(B),32.26 7.25 01.09  2036OMPLL  66000 J M BAXIMSPLMV. YPERION ICT/NR 229.00 3 PIG IRON J M BAXIMSPL - (B),dtr0709.pdf,dtr0507.pdf,2026-07-04,2026-07-05,YPERION
2026-09-06,2026-09-07,Paradip,FOR PICT,NOT READY,MV. DIONYSUS ICT/NR,199.9,32.26,12.35,2026-09-06,19:06,UREA,52500,4,,(B),32.26 12.35 06.09  1906BRAHMAPUTRAD  52500 SSSMV. DIONYSUS ICT/NR 199.90 4 UREA SSS - (B),dtr0709.pdf,dtr0507.pdf,2026-07-04,2026-07-05,DIONYSUS
2026-09-06,2026-09-07,Paradip,Others,NOT READY,MV. PELAGIA NR,228.99,32.26,12.86,2026-08-27,23:00,,36000,1,,(B),32.26 12.86 27.08  2300NKD  36000 ALAPMV. PELAGIA NR 228.99 1 A. SULPHATE ALAP - (B),dtr0709.pdf,dtr0507.pdf,2026-07-04,2026-07-05,PELAGIA
2026-09-06,2026-09-07,Paradip,FOR CB-1 & CB-2,READY,MV. APJ SETHU,224.86,32.26,0.0,2026-09-05,06:48,TH.COAL,75000,1,,,32.26 0.00 05.09  0648TNPGCLL  75000 SEAPORTMV. APJ SETHU 224.86 1 TH.COAL J M BAXIMSPLR - P,dtr0709.pdf,dtr0508.pdf,2026-08-04,2026-08-05,APJ SETHU
2026-09-06,2026-09-07,Paradip,FOR CB-1 & CB-2,READY,MV. SINGAPORE BULKER,189.99,32.26,13.3,2026-09-07,06:18,TH.COAL,55000,2,,,32.26 13.30 07.09  0618OPGL  55000 SEA SHIPSMV. SINGAPORE BULKER 189.99 2 TH.COAL SSSR -,dtr0709.pdf,dtr0508.pdf,2026-08-04,2026-08-05,SINGAPORE BULKER
2026-09-06,2026-09-07,Paradip,FOR CB-1 & CB-2,READY,MV. APJ ANGAD 2,224.94,32.26,14.5,2026-09-07,10:18,TH.COAL,75000,3,,,32.26 14.50 07.09  1018NTECL/CLPLL  75000 BOTHRAMV. APJ ANGAD 2 224.94 3 TH.COAL JMBR -,dtr0709.pdf,dtr0508.pdf,2026-08-04,2026-08-05,APJ ANGAD 2
2026-09-06,2026-09-07,Paradip,FOR OJ,NOT READY,MT. SHIVALIK NR,225.28,36.6,11.6,2026-09-04,17:12,BUTANE/PROP,13000,1,,(B),36.60 11.60 04.09  1712IOCLD  13000 SAMSARAMT. SHIVALIK NR 225.28 1 BUTANE/PROP SAMSARA - (B),dtr0709.pdf,dtr0508.pdf,2026-08-04,2026-08-05,SHIVALIK
2026-09-06,2026-09-07,Paradip,FOR OJ,NOT READY,MT. TORM DOVER NR,183.12,32.2,0.0,2026-09-05,14:12,NAPTHA,35000,2,,(B),32.20 0.00 05.09  1412IOCLL  35000 ISIPLMT. TORM DOVER NR 183.12 2 NAPTHA ISIPL - (B),dtr0709.pdf,dtr0508.pdf,2026-08-04,2026-08-05,TORM DOVER
2026-09-06,2026-09-07,Paradip,FOR OJ,NOT READY,MT. GAS ALKHALEEJ NR,225.28,36.62,11.8,2026-09-07,09:54,BUTANE/PROP,28000,3,,(B),36.62 11.80 07.09  0954IOCLD  28000 AGSMT. GAS ALKHALEEJ NR 225.28 3 BUTANE/PROP AGS - (B),dtr0709.pdf,dtr0508.pdf,2026-08-04,2026-08-05,GAS ALKHALEEJ
2026-09-06,2026-09-07,Paradip,FOR SPM,READY,MT. OLYMPIC FLAG,273.97,47.0,15.0,2026-09-06,09:54,CRUDE OIL,124610,1,,,47.00 15.00 06.09  0954IOCL PLDD  124610 AGSMT. OLYMPIC FLAG 273.97 1 CRUDE OIL AGSR -,dtr0709.pdf,dtr0508.pdf,2026-08-04,2026-08-05,OLYMPIC FLAG
2026-09-06,2026-09-07,Paradip,FOR SPM,NOT READY,MT. AYAT NR,179.99,32.2,11.4,2026-08-26,19:30,CRUDE OIL,37861,1,,(B),32.20 11.40 26.08  1930IOCL PLDD  37861 AGSMT. AYAT NR 179.99 1 CRUDE OIL AGS - (B),dtr0709.pdf,dtr0508.pdf,2026-08-04,2026-08-05,AYAT
2026-09-06,2026-09-07,Paradip,FOR PICT,NOT READY,MV. TAN BINH 259 ICT/NR,175.53,29.4,9.5,2026-07-22,16:25,S.COIL,25391,1,,(B),29.40 9.50 22.07  1625JSLD  25391 SSSMV. TAN BINH 259 ICT/NR 175.53 1 S.COIL NK - (B),dtr0709.pdf,dtr0508.pdf,2026-08-04,2026-08-05,TAN BINH 259
2026-09-06,2026-09-07,Paradip,FOR PICT,NOT READY,MV. NEON TRADER ICT/NR,179.9,30.0,9.24,2026-09-01,17:36,S.COIL,15000,2,,(B),30.00 9.24 01.09  1736SAILL  15000 GACMV. NEON TRADER ICT/NR 179.90 2 S.COIL GAC - (B),dtr0709.pdf,dtr0508.pdf,2026-08-04,2026-08-05,NEON TRADER
2026-09-06,2026-09-07,Paradip,FOR PICT,NOT READY,MV. YPERION ICT/NR,229.0,32.26,7.25,2026-09-01,20:36,PIG IRON,66000,3,,(B),32.26 7.25 01.09  2036OMPLL  66000 J M BAXIMSPLMV. YPERION ICT/NR 229.00 3 PIG IRON J M BAXIMSPL - (B),dtr0709.pdf,dtr0508.pdf,2026-08-04,2026-08-05,YPERION
2026-09-06,2026-09-07,Paradip,FOR PICT,NOT READY,MV. DIONYSUS ICT/NR,199.9,32.26,12.35,2026-09-06,19:06,UREA,52500,4,,(B),32.26 12.35 06.09  1906BRAHMAPUTRAD  52500 SSSMV. DIONYSUS ICT/NR 199.90 4 UREA SSS - (B),dtr0709.pdf,dtr0508.pdf,2026-08-04,2026-08-05,DIONYSUS
2026-09-06,2026-09-07,Paradip,Others,NOT READY,MV. PELAGIA NR,228.99,32.26,12.86,2026-08-27,23:00,,36000,1,,(B),32.26 12.86 27.08  2300NKD  36000 ALAPMV. PELAGIA NR 228.99 1 A. SULPHATE ALAP - (B),dtr0709.pdf,dtr0508.pdf,2026-08-04,2026-08-05,PELAGIA
2026-09-06,2026-09-07,Paradip,FOR CB-1 & CB-2,READY,MV. APJ SETHU,224.86,32.26,0.0,2026-09-05,06:48,TH.COAL,75000,1,,,32.26 0.00 05.09  0648TNPGCLL  75000 SEAPORTMV. APJ SETHU 224.86 1 TH.COAL J M BAXIMSPLR - P,dtr0709.pdf,dtr0509.pdf,2026-09-04,2026-09-05,APJ SETHU
2026-09-06,2026-09-07,Paradip,FOR CB-1 & CB-2,READY,MV. SINGAPORE BULKER,189.99,32.26,13.3,2026-09-07,06:18,TH.COAL,55000,2,,,32.26 13.30 07.09  0618OPGL  55000 SEA SHIPSMV. SINGAPORE BULKER 189.99 2 TH.COAL SSSR -,dtr0709.pdf,dtr0509.pdf,2026-09-04,2026-09-05,SINGAPORE BULKER
2026-09-06,2026-09-07,Paradip,FOR CB-1 & CB-2,READY,MV. APJ ANGAD 2,224.94,32.26,14.5,2026-09-07,10:18,TH.COAL,75000,3,,,32.26 14.50 07.09  1018NTECL/CLPLL  75000 BOTHRAMV. APJ ANGAD 2 224.94 3 TH.COAL JMBR -,dtr0709.pdf,dtr0509.pdf,2026-09-04,2026-09-05,APJ ANGAD 2
2026-09-06,2026-09-07,Paradip,FOR OJ,NOT READY,MT. SHIVALIK NR,225.28,36.6,11.6,2026-09-04,17:12,BUTANE/PROP,13000,1,,(B),36.60 11.60 04.09  1712IOCLD  13000 SAMSARAMT. SHIVALIK NR 225.28 1 BUTANE/PROP SAMSARA - (B),dtr0709.pdf,dtr0509.pdf,2026-09-04,2026-09-05,SHIVALIK
2026-09-06,2026-09-07,Paradip,FOR OJ,NOT READY,MT. TORM DOVER NR,183.12,32.2,0.0,2026-09-05,14:12,NAPTHA,35000,2,,(B),32.20 0.00 05.09  1412IOCLL  35000 ISIPLMT. TORM DOVER NR 183.12 2 NAPTHA ISIPL - (B),dtr0709.pdf,dtr0509.pdf,2026-09-04,2026-09-05,TORM DOVER
2026-09-06,2026-09-07,Paradip,FOR OJ,NOT READY,MT. GAS ALKHALEEJ NR,225.28,36.62,11.8,2026-09-07,09:54,BUTANE/PROP,28000,3,,(B),36.62 11.80 07.09  0954IOCLD  28000 AGSMT. GAS ALKHALEEJ NR 225.28 3 BUTANE/PROP AGS - (B),dtr0709.pdf,dtr0509.pdf,2026-09-04,2026-09-05,GAS ALKHALEEJ
2026-09-06,2026-09-07,Paradip,FOR SPM,READY,MT. OLYMPIC FLAG,273.97,47.0,15.0,2026-09-06,09:54,CRUDE OIL,124610,1,,,47.00 15.00 06.09  0954IOCL PLDD  124610 AGSMT. OLYMPIC FLAG 273.97 1 CRUDE OIL AGSR -,dtr0709.pdf,dtr0509.pdf,2026-09-04,2026-09-05,OLYMPIC FLAG
2026-09-06,2026-09-07,Paradip,FOR SPM,NOT READY,MT. AYAT NR,179.99,32.2,11.4,2026-08-26,19:30,CRUDE OIL,37861,1,,(B),32.20 11.40 26.08  1930IOCL PLDD  37861 AGSMT. AYAT NR 179.99 1 CRUDE OIL AGS - (B),dtr0709.pdf,dtr0509.pdf,2026-09-04,2026-09-05,AYAT
2026-09-06,2026-09-07,Paradip,FOR PICT,NOT READY,MV. TAN BINH 259 ICT/NR,175.53,29.4,9.5,2026-07-22,16:25,S.COIL,25391,1,,(B),29.40 9.50 22.07  1625JSLD  25391 SSSMV. TAN BINH 259 ICT/NR 175.53 1 S.COIL NK - (B),dtr0709.pdf,dtr0509.pdf,2026-09-04,2026-09-05,TAN BINH 259
2026-09-06,2026-09-07,Paradip,FOR PICT,NOT READY,MV. NEON TRADER ICT/NR,179.9,30.0,9.24,2026-09-01,17:36,S.COIL,15000,2,,(B),30.00 9.24 01.09  1736SAILL  15000 GACMV. NEON TRADER ICT/NR 179.90 2 S.COIL GAC - (B),dtr0709.pdf,dtr0509.pdf,2026-09-04,2026-09-05,NEON TRADER
2026-09-06,2026-09-07,Paradip,FOR PICT,NOT READY,MV. YPERION ICT/NR,229.0,32.26,7.25,2026-09-01,20:36,PIG IRON,66000,3,,(B),32.26 7.25 01.09  2036OMPLL  66000 J M BAXIMSPLMV. YPERION ICT/NR 229.00 3 PIG IRON J M BAXIMSPL - (B),dtr0709.pdf,dtr0509.pdf,2026-09-04,2026-09-05,YPERION
2026-09-06,2026-09-07,Paradip,FOR PICT,NOT READY,MV. DIONYSUS ICT/NR,199.9,32.26,12.35,2026-09-06,19:06,UREA,52500,4,,(B),32.26 12.35 06.09  1906BRAHMAPUTRAD  52500 SSSMV. DIONYSUS ICT/NR 199.90 4 UREA SSS - (B),dtr0709.pdf,dtr0509.pdf,2026-09-04,2026-09-05,DIONYSUS
2026-09-06,2026-09-07,Paradip,Others,NOT READY,MV. PELAGIA NR,228.99,32.26,12.86,2026-08-27,23:00,,36000,1,,(B),32.26 12.86 27.08  2300NKD  36000 ALAPMV. PELAGIA NR 228.99 1 A. SULPHATE ALAP - (B),dtr0709.pdf,dtr0509.pdf,2026-09-04,2026-09-05,PELAGIA
2026-09-06,2026-09-07,Paradip,FOR CB-1 & CB-2,READY,MV. APJ SETHU,224.86,32.26,0.0,2026-09-05,06:48,TH.COAL,75000,1,,,32.26 0.00 05.09  0648TNPGCLL  75000 SEAPORTMV. APJ SETHU 224.86 1 TH.COAL J M BAXIMSPLR - P,dtr0709.pdf,dtr0511.pdf,2025-11-04,2025-11-05,APJ SETHU
2026-09-06,2026-09-07,Paradip,FOR CB-1 & CB-2,READY,MV. SINGAPORE BULKER,189.99,32.26,13.3,2026-09-07,06:18,TH.COAL,55000,2,,,32.26 13.30 07.09  0618OPGL  55000 SEA SHIPSMV. SINGAPORE BULKER 189.99 2 TH.COAL SSSR -,dtr0709.pdf,dtr0511.pdf,2025-11-04,2025-11-05,SINGAPORE BULKER
2026-09-06,2026-09-07,Paradip,FOR CB-1 & CB-2,READY,MV. APJ ANGAD 2,224.94,32.26,14.5,2026-09-07,10:18,TH.COAL,75000,3,,,32.26 14.50 07.09  1018NTECL/CLPLL  75000 BOTHRAMV. APJ ANGAD 2 224.94 3 TH.COAL JMBR -,dtr0709.pdf,dtr0511.pdf,2025-11-04,2025-11-05,APJ ANGAD 2
2026-09-06,2026-09-07,Paradip,FOR OJ,NOT READY,MT. SHIVALIK NR,225.28,36.6,11.6,2026-09-04,17:12,BUTANE/PROP,13000,1,,(B),36.60 11.60 04.09  1712IOCLD  13000 SAMSARAMT. SHIVALIK NR 225.28 1 BUTANE/PROP SAMSARA - (B),dtr0709.pdf,dtr0511.pdf,2025-11-04,2025-11-05,SHIVALIK
2026-09-06,2026-09-07,Paradip,FOR OJ,NOT READY,MT. TORM DOVER NR,183.12,32.2,0.0,2026-09-05,14:12,NAPTHA,35000,2,,(B),32.20 0.00 05.09  1412IOCLL  35000 ISIPLMT. TORM DOVER NR 183.12 2 NAPTHA ISIPL - (B),dtr0709.pdf,dtr0511.pdf,2025-11-04,2025-11-05,TORM DOVER
2026-09-06,2026-09-07,Paradip,FOR OJ,NOT READY,MT. GAS ALKHALEEJ NR,225.28,36.62,11.8,2026-09-07,09:54,BUTANE/PROP,28000,3,,(B),36.62 11.80 07.09  0954IOCLD  28000 AGSMT. GAS ALKHALEEJ NR 225.28 3 BUTANE/PROP AGS - (B),dtr0709.pdf,dtr0511.pdf,2025-11-04,2025-11-05,GAS ALKHALEEJ
2026-09-06,2026-09-07,Paradip,FOR SPM,READY,MT. OLYMPIC FLAG,273.97,47.0,15.0,2026-09-06,09:54,CRUDE OIL,124610,1,,,47.00 15.00 06.09  0954IOCL PLDD  124610 AGSMT. OLYMPIC FLAG 273.97 1 CRUDE OIL AGSR -,dtr0709.pdf,dtr0511.pdf,2025-11-04,2025-11-05,OLYMPIC FLAG
2026-09-06,2026-09-07,Paradip,FOR SPM,NOT READY,MT. AYAT NR,179.99,32.2,11.4,2026-08-26,19:30,CRUDE OIL,37861,1,,(B),32.20 11.40 26.08  1930IOCL PLDD  37861 AGSMT. AYAT NR 179.99 1 CRUDE OIL AGS - (B),dtr0709.pdf,dtr0511.pdf,2025-11-04,2025-11-05,AYAT
2026-09-06,2026-09-07,Paradip,FOR PICT,NOT READY,MV. TAN BINH 259 ICT/NR,175.53,29.4,9.5,2026-07-22,16:25,S.COIL,25391,1,,(B),29.40 9.50 22.07  1625JSLD  25391 SSSMV. TAN BINH 259 ICT/NR 175.53 1 S.COIL NK - (B),dtr0709.pdf,dtr0511.pdf,2025-11-04,2025-11-05,TAN BINH 259
2026-09-06,2026-09-07,Paradip,FOR PICT,NOT READY,MV. NEON TRADER ICT/NR,179.9,30.0,9.24,2026-09-01,17:36,S.COIL,15000,2,,(B),30.00 9.24 01.09  1736SAILL  15000 GACMV. NEON TRADER ICT/NR 179.90 2 S.COIL GAC - (B),dtr0709.pdf,dtr0511.pdf,2025-11-04,2025-11-05,NEON TRADER
2026-09-06,2026-09-07,Paradip,FOR PICT,NOT READY,MV. YPERION ICT/NR,229.0,32.26,7.25,2026-09-01,20:36,PIG IRON,66000,3,,(B),32.26 7.25 01.09  2036OMPLL  66000 J M BAXIMSPLMV. YPERION ICT/NR 229.00 3 PIG IRON J M BAXIMSPL - (B),dtr0709.pdf,dtr0511.pdf,2025-11-04,2025-11-05,YPERION
2026-09-06,2026-09-07,Paradip,FOR PICT,NOT READY,MV. DIONYSUS ICT/NR,199.9,32.26,12.35,2026-09-06,19:06,UREA,52500,4,,(B),32.26 12.35 06.09  1906BRAHMAPUTRAD  52500 SSSMV. DIONYSUS ICT/NR 199.90 4 UREA SSS - (B),dtr0709.pdf,dtr0511.pdf,2025-11-04,2025-11-05,DIONYSUS
2026-09-06,2026-09-07,Paradip,Others,NOT READY,MV. PELAGIA NR,228.99,32.26,12.86,2026-08-27,23:00,,36000,1,,(B),32.26 12.86 27.08  2300NKD  36000 ALAPMV. PELAGIA NR 228.99 1 A. SULPHATE ALAP - (B),dtr0709.pdf,dtr0511.pdf,2025-11-04,2025-11-05,PELAGIA
2026-09-06,2026-09-07,Paradip,FOR CB-1 & CB-2,READY,MV. APJ SETHU,224.86,32.26,0.0,2026-09-05,06:48,TH.COAL,75000,1,,,32.26 0.00 05.09  0648TNPGCLL  75000 SEAPORTMV. APJ SETHU 224.86 1 TH.COAL J M BAXIMSPLR - P,dtr0709.pdf,dtr0607.pdf,2026-07-05,2026-07-06,APJ SETHU
2026-09-06,2026-09-07,Paradip,FOR CB-1 & CB-2,READY,MV. SINGAPORE BULKER,189.99,32.26,13.3,2026-09-07,06:18,TH.COAL,55000,2,,,32.26 13.30 07.09  0618OPGL  55000 SEA SHIPSMV. SINGAPORE BULKER 189.99 2 TH.COAL SSSR -,dtr0709.pdf,dtr0607.pdf,2026-07-05,2026-07-06,SINGAPORE BULKER
2026-09-06,2026-09-07,Paradip,FOR CB-1 & CB-2,READY,MV. APJ ANGAD 2,224.94,32.26,14.5,2026-09-07,10:18,TH.COAL,75000,3,,,32.26 14.50 07.09  1018NTECL/CLPLL  75000 BOTHRAMV. APJ ANGAD 2 224.94 3 TH.COAL JMBR -,dtr0709.pdf,dtr0607.pdf,2026-07-05,2026-07-06,APJ ANGAD 2
2026-09-06,2026-09-07,Paradip,FOR OJ,NOT READY,MT. SHIVALIK NR,225.28,36.6,11.6,2026-09-04,17:12,BUTANE/PROP,13000,1,,(B),36.60 11.60 04.09  1712IOCLD  13000 SAMSARAMT. SHIVALIK NR 225.28 1 BUTANE/PROP SAMSARA - (B),dtr0709.pdf,dtr0607.pdf,2026-07-05,2026-07-06,SHIVALIK
2026-09-06,2026-09-07,Paradip,FOR OJ,NOT READY,MT. TORM DOVER NR,183.12,32.2,0.0,2026-09-05,14:12,NAPTHA,35000,2,,(B),32.20 0.00 05.09  1412IOCLL  35000 ISIPLMT. TORM DOVER NR 183.12 2 NAPTHA ISIPL - (B),dtr0709.pdf,dtr0607.pdf,2026-07-05,2026-07-06,TORM DOVER
2026-09-06,2026-09-07,Paradip,FOR OJ,NOT READY,MT. GAS ALKHALEEJ NR,225.28,36.62,11.8,2026-09-07,09:54,BUTANE/PROP,28000,3,,(B),36.62 11.80 07.09  0954IOCLD  28000 AGSMT. GAS ALKHALEEJ NR 225.28 3 BUTANE/PROP AGS - (B),dtr0709.pdf,dtr0607.pdf,2026-07-05,2026-07-06,GAS ALKHALEEJ
2026-09-06,2026-09-07,Paradip,FOR SPM,READY,MT. OLYMPIC FLAG,273.97,47.0,15.0,2026-09-06,09:54,CRUDE OIL,124610,1,,,47.00 15.00 06.09  0954IOCL PLDD  124610 AGSMT. OLYMPIC FLAG 273.97 1 CRUDE OIL AGSR -,dtr0709.pdf,dtr0607.pdf,2026-07-05,2026-07-06,OLYMPIC FLAG
2026-09-06,2026-09-07,Paradip,FOR SPM,NOT READY,MT. AYAT NR,179.99,32.2,11.4,2026-08-26,19:30,CRUDE OIL,37861,1,,(B),32.20 11.40 26.08  1930IOCL PLDD  37861 AGSMT. AYAT NR 179.99 1 CRUDE OIL AGS - (B),dtr0709.pdf,dtr0607.pdf,2026-07-05,2026-07-06,AYAT
2026-09-06,2026-09-07,Paradip,FOR PICT,NOT READY,MV. TAN BINH 259 ICT/NR,175.53,29.4,9.5,2026-07-22,16:25,S.COIL,25391,1,,(B),29.40 9.50 22.07  1625JSLD  25391 SSSMV. TAN BINH 259 ICT/NR 175.53 1 S.COIL NK - (B),dtr0709.pdf,dtr0607.pdf,2026-07-05,2026-07-06,TAN BINH 259
2026-09-06,2026-09-07,Paradip,FOR PICT,NOT READY,MV. NEON TRADER ICT/NR,179.9,30.0,9.24,2026-09-01,17:36,S.COIL,15000,2,,(B),30.00 9.24 01.09  1736SAILL  15000 GACMV. NEON TRADER ICT/NR 179.90 2 S.COIL GAC - (B),dtr0709.pdf,dtr0607.pdf,2026-07-05,2026-07-06,NEON TRADER
2026-09-06,2026-09-07,Paradip,FOR PICT,NOT READY,MV. YPERION ICT/NR,229.0,32.26,7.25,2026-09-01,20:36,PIG IRON,66000,3,,(B),32.26 7.25 01.09  2036OMPLL  66000 J M BAXIMSPLMV. YPERION ICT/NR 229.00 3 PIG IRON J M BAXIMSPL - (B),dtr0709.pdf,dtr0607.pdf,2026-07-05,2026-07-06,YPERION
2026-09-06,2026-09-07,Paradip,FOR PICT,NOT READY,MV. DIONYSUS ICT/NR,199.9,32.26,12.35,2026-09-06,19:06,UREA,52500,4,,(B),32.26 12.35 06.09  1906BRAHMAPUTRAD  52500 SSSMV. DIONYSUS ICT/NR 199.90 4 UREA SSS - (B),dtr0709.pdf,dtr0607.pdf,2026-07-05,2026-07-06,DIONYSUS
2026-09-06,2026-09-07,Paradip,Others,NOT READY,MV. PELAGIA NR,228.99,32.26,12.86,2026-08-27,23:00,,36000,1,,(B),32.26 12.86 27.08  2300NKD  36000 ALAPMV. PELAGIA NR 228.99 1 A. SULPHATE ALAP - (B),dtr0709.pdf,dtr0607.pdf,2026-07-05,2026-07-06,PELAGIA
2026-09-06,2026-09-07,Paradip,FOR CB-1 & CB-2,READY,MV. APJ SETHU,224.86,32.26,0.0,2026-09-05,06:48,TH.COAL,75000,1,,,32.26 0.00 05.09  0648TNPGCLL  75000 SEAPORTMV. APJ SETHU 224.86 1 TH.COAL J M BAXIMSPLR - P,dtr0709.pdf,dtr0608.pdf,2026-08-05,2026-08-06,APJ SETHU
2026-09-06,2026-09-07,Paradip,FOR CB-1 & CB-2,READY,MV. SINGAPORE BULKER,189.99,32.26,13.3,2026-09-07,06:18,TH.COAL,55000,2,,,32.26 13.30 07.09  0618OPGL  55000 SEA SHIPSMV. SINGAPORE BULKER 189.99 2 TH.COAL SSSR -,dtr0709.pdf,dtr0608.pdf,2026-08-05,2026-08-06,SINGAPORE BULKER
2026-09-06,2026-09-07,Paradip,FOR CB-1 & CB-2,READY,MV. APJ ANGAD 2,224.94,32.26,14.5,2026-09-07,10:18,TH.COAL,75000,3,,,32.26 14.50 07.09  1018NTECL/CLPLL  75000 BOTHRAMV. APJ ANGAD 2 224.94 3 TH.COAL JMBR -,dtr0709.pdf,dtr0608.pdf,2026-08-05,2026-08-06,APJ ANGAD 2
2026-09-06,2026-09-07,Paradip,FOR OJ,NOT READY,MT. SHIVALIK NR,225.28,36.6,11.6,2026-09-04,17:12,BUTANE/PROP,13000,1,,(B),36.60 11.60 04.09  1712IOCLD  13000 SAMSARAMT. SHIVALIK NR 225.28 1 BUTANE/PROP SAMSARA - (B),dtr0709.pdf,dtr0608.pdf,2026-08-05,2026-08-06,SHIVALIK
2026-09-06,2026-09-07,Paradip,FOR OJ,NOT READY,MT. TORM DOVER NR,183.12,32.2,0.0,2026-09-05,14:12,NAPTHA,35000,2,,(B),32.20 0.00 05.09  1412IOCLL  35000 ISIPLMT. TORM DOVER NR 183.12 2 NAPTHA ISIPL - (B),dtr0709.pdf,dtr0608.pdf,2026-08-05,2026-08-06,TORM DOVER
2026-09-06,2026-09-07,Paradip,FOR OJ,NOT READY,MT. GAS ALKHALEEJ NR,225.28,36.62,11.8,2026-09-07,09:54,BUTANE/PROP,28000,3,,(B),36.62 11.80 07.09  0954IOCLD  28000 AGSMT. GAS ALKHALEEJ NR 225.28 3 BUTANE/PROP AGS - (B),dtr0709.pdf,dtr0608.pdf,2026-08-05,2026-08-06,GAS ALKHALEEJ
2026-09-06,2026-09-07,Paradip,FOR SPM,READY,MT. OLYMPIC FLAG,273.97,47.0,15.0,2026-09-06,09:54,CRUDE OIL,124610,1,,,47.00 15.00 06.09  0954IOCL PLDD  124610 AGSMT. OLYMPIC FLAG 273.97 1 CRUDE OIL AGSR -,dtr0709.pdf,dtr0608.pdf,2026-08-05,2026-08-06,OLYMPIC FLAG
2026-09-06,2026-09-07,Paradip,FOR SPM,NOT READY,MT. AYAT NR,179.99,32.2,11.4,2026-08-26,19:30,CRUDE OIL,37861,1,,(B),32.20 11.40 26.08  1930IOCL PLDD  37861 AGSMT. AYAT NR 179.99 1 CRUDE OIL AGS - (B),dtr0709.pdf,dtr0608.pdf,2026-08-05,2026-08-06,AYAT
2026-09-06,2026-09-07,Paradip,FOR PICT,NOT READY,MV. TAN BINH 259 ICT/NR,175.53,29.4,9.5,2026-07-22,16:25,S.COIL,25391,1,,(B),29.40 9.50 22.07  1625JSLD  25391 SSSMV. TAN BINH 259 ICT/NR 175.53 1 S.COIL NK - (B),dtr0709.pdf,dtr0608.pdf,2026-08-05,2026-08-06,TAN BINH 259
2026-09-06,2026-09-07,Paradip,FOR PICT,NOT READY,MV. NEON TRADER ICT/NR,179.9,30.0,9.24,2026-09-01,17:36,S.COIL,15000,2,,(B),30.00 9.24 01.09  1736SAILL  15000 GACMV. NEON TRADER ICT/NR 179.90 2 S.COIL GAC - (B),dtr0709.pdf,dtr0608.pdf,2026-08-05,2026-08-06,NEON TRADER
2026-09-06,2026-09-07,Paradip,FOR PICT,NOT READY,MV. YPERION ICT/NR,229.0,32.26,7.25,2026-09-01,20:36,PIG IRON,66000,3,,(B),32.26 7.25 01.09  2036OMPLL  66000 J M BAXIMSPLMV. YPERION ICT/NR 229.00 3 PIG IRON J M BAXIMSPL - (B),dtr0709.pdf,dtr0608.pdf,2026-08-05,2026-08-06,YPERION
2026-09-06,2026-09-07,Paradip,FOR PICT,NOT READY,MV. DIONYSUS ICT/NR,199.9,32.26,12.35,2026-09-06,19:06,UREA,52500,4,,(B),32.26 12.35 06.09  1906BRAHMAPUTRAD  52500 SSSMV. DIONYSUS ICT/NR 199.90 4 UREA SSS - (B),dtr0709.pdf,dtr0608.pdf,2026-08-05,2026-08-06,DIONYSUS
2026-09-06,2026-09-07,Paradip,Others,NOT READY,MV. PELAGIA NR,228.99,32.26,12.86,2026-08-27,23:00,,36000,1,,(B),32.26 12.86 27.08  2300NKD  36000 ALAPMV. PELAGIA NR 228.99 1 A. SULPHATE ALAP - (B),dtr0709.pdf,dtr0608.pdf,2026-08-05,2026-08-06,PELAGIA
2026-09-06,2026-09-07,Paradip,FOR CB-1 & CB-2,READY,MV. APJ SETHU,224.86,32.26,0.0,2026-09-05,06:48,TH.COAL,75000,1,,,32.26 0.00 05.09  0648TNPGCLL  75000 SEAPORTMV. APJ SETHU 224.86 1 TH.COAL J M BAXIMSPLR - P,dtr0709.pdf,dtr0609.pdf,2026-09-05,2026-09-06,APJ SETHU
2026-09-06,2026-09-07,Paradip,FOR CB-1 & CB-2,READY,MV. SINGAPORE BULKER,189.99,32.26,13.3,2026-09-07,06:18,TH.COAL,55000,2,,,32.26 13.30 07.09  0618OPGL  55000 SEA SHIPSMV. SINGAPORE BULKER 189.99 2 TH.COAL SSSR -,dtr0709.pdf,dtr0609.pdf,2026-09-05,2026-09-06,SINGAPORE BULKER
2026-09-06,2026-09-07,Paradip,FOR CB-1 & CB-2,READY,MV. APJ ANGAD 2,224.94,32.26,14.5,2026-09-07,10:18,TH.COAL,75000,3,,,32.26 14.50 07.09  1018NTECL/CLPLL  75000 BOTHRAMV. APJ ANGAD 2 224.94 3 TH.COAL JMBR -,dtr0709.pdf,dtr0609.pdf,2026-09-05,2026-09-06,APJ ANGAD 2
2026-09-06,2026-09-07,Paradip,FOR OJ,NOT READY,MT. SHIVALIK NR,225.28,36.6,11.6,2026-09-04,17:12,BUTANE/PROP,13000,1,,(B),36.60 11.60 04.09  1712IOCLD  13000 SAMSARAMT. SHIVALIK NR 225.28 1 BUTANE/PROP SAMSARA - (B),dtr0709.pdf,dtr0609.pdf,2026-09-05,2026-09-06,SHIVALIK
2026-09-06,2026-09-07,Paradip,FOR OJ,NOT READY,MT. TORM DOVER NR,183.12,32.2,0.0,2026-09-05,14:12,NAPTHA,35000,2,,(B),32.20 0.00 05.09  1412IOCLL  35000 ISIPLMT. TORM DOVER NR 183.12 2 NAPTHA ISIPL - (B),dtr0709.pdf,dtr0609.pdf,2026-09-05,2026-09-06,TORM DOVER
2026-09-06,2026-09-07,Paradip,FOR OJ,NOT READY,MT. GAS ALKHALEEJ NR,225.28,36.62,11.8,2026-09-07,09:54,BUTANE/PROP,28000,3,,(B),36.62 11.80 07.09  0954IOCLD  28000 AGSMT. GAS ALKHALEEJ NR 225.28 3 BUTANE/PROP AGS - (B),dtr0709.pdf,dtr0609.pdf,2026-09-05,2026-09-06,GAS ALKHALEEJ
2026-09-06,2026-09-07,Paradip,FOR SPM,READY,MT. OLYMPIC FLAG,273.97,47.0,15.0,2026-09-06,09:54,CRUDE OIL,124610,1,,,47.00 15.00 06.09  0954IOCL PLDD  124610 AGSMT. OLYMPIC FLAG 273.97 1 CRUDE OIL AGSR -,dtr0709.pdf,dtr0609.pdf,2026-09-05,2026-09-06,OLYMPIC FLAG
2026-09-06,2026-09-07,Paradip,FOR SPM,NOT READY,MT. AYAT NR,179.99,32.2,11.4,2026-08-26,19:30,CRUDE OIL,37861,1,,(B),32.20 11.40 26.08  1930IOCL PLDD  37861 AGSMT. AYAT NR 179.99 1 CRUDE OIL AGS - (B),dtr0709.pdf,dtr0609.pdf,2026-09-05,2026-09-06,AYAT
2026-09-06,2026-09-07,Paradip,FOR PICT,NOT READY,MV. TAN BINH 259 ICT/NR,175.53,29.4,9.5,2026-07-22,16:25,S.COIL,25391,1,,(B),29.40 9.50 22.07  1625JSLD  25391 SSSMV. TAN BINH 259 ICT/NR 175.53 1 S.COIL NK - (B),dtr0709.pdf,dtr0609.pdf,2026-09-05,2026-09-06,TAN BINH 259
2026-09-06,2026-09-07,Paradip,FOR PICT,NOT READY,MV. NEON TRADER ICT/NR,179.9,30.0,9.24,2026-09-01,17:36,S.COIL,15000,2,,(B),30.00 9.24 01.09  1736SAILL  15000 GACMV. NEON TRADER ICT/NR 179.90 2 S.COIL GAC - (B),dtr0709.pdf,dtr0609.pdf,2026-09-05,2026-09-06,NEON TRADER
2026-09-06,2026-09-07,Paradip,FOR PICT,NOT READY,MV. YPERION ICT/NR,229.0,32.26,7.25,2026-09-01,20:36,PIG IRON,66000,3,,(B),32.26 7.25 01.09  2036OMPLL  66000 J M BAXIMSPLMV. YPERION ICT/NR 229.00 3 PIG IRON J M BAXIMSPL - (B),dtr0709.pdf,dtr0609.pdf,2026-09-05,2026-09-06,YPERION
2026-09-06,2026-09-07,Paradip,FOR PICT,NOT READY,MV. DIONYSUS ICT/NR,199.9,32.26,12.35,2026-09-06,19:06,UREA,52500,4,,(B),32.26 12.35 06.09  1906BRAHMAPUTRAD  52500 SSSMV. DIONYSUS ICT/NR 199.90 4 UREA SSS - (B),dtr0709.pdf,dtr0609.pdf,2026-09-05,2026-09-06,DIONYSUS
2026-09-06,2026-09-07,Paradip,Others,NOT READY,MV. PELAGIA NR,228.99,32.26,12.86,2026-08-27,23:00,,36000,1,,(B),32.26 12.86 27.08  2300NKD  36000 ALAPMV. PELAGIA NR 228.99 1 A. SULPHATE ALAP - (B),dtr0709.pdf,dtr0609.pdf,2026-09-05,2026-09-06,PELAGIA
2026-09-06,2026-09-07,Paradip,FOR CB-1 & CB-2,READY,MV. APJ SETHU,224.86,32.26,0.0,2026-09-05,06:48,TH.COAL,75000,1,,,32.26 0.00 05.09  0648TNPGCLL  75000 SEAPORTMV. APJ SETHU 224.86 1 TH.COAL J M BAXIMSPLR - P,dtr0709.pdf,dtr0707.pdf,2026-07-06,2026-07-07,APJ SETHU
2026-09-06,2026-09-07,Paradip,FOR CB-1 & CB-2,READY,MV. SINGAPORE BULKER,189.99,32.26,13.3,2026-09-07,06:18,TH.COAL,55000,2,,,32.26 13.30 07.09  0618OPGL  55000 SEA SHIPSMV. SINGAPORE BULKER 189.99 2 TH.COAL SSSR -,dtr0709.pdf,dtr0707.pdf,2026-07-06,2026-07-07,SINGAPORE BULKER
2026-09-06,2026-09-07,Paradip,FOR CB-1 & CB-2,READY,MV. APJ ANGAD 2,224.94,32.26,14.5,2026-09-07,10:18,TH.COAL,75000,3,,,32.26 14.50 07.09  1018NTECL/CLPLL  75000 BOTHRAMV. APJ ANGAD 2 224.94 3 TH.COAL JMBR -,dtr0709.pdf,dtr0707.pdf,2026-07-06,2026-07-07,APJ ANGAD 2
2026-09-06,2026-09-07,Paradip,FOR OJ,NOT READY,MT. SHIVALIK NR,225.28,36.6,11.6,2026-09-04,17:12,BUTANE/PROP,13000,1,,(B),36.60 11.60 04.09  1712IOCLD  13000 SAMSARAMT. SHIVALIK NR 225.28 1 BUTANE/PROP SAMSARA - (B),dtr0709.pdf,dtr0707.pdf,2026-07-06,2026-07-07,SHIVALIK
2026-09-06,2026-09-07,Paradip,FOR OJ,NOT READY,MT. TORM DOVER NR,183.12,32.2,0.0,2026-09-05,14:12,NAPTHA,35000,2,,(B),32.20 0.00 05.09  1412IOCLL  35000 ISIPLMT. TORM DOVER NR 183.12 2 NAPTHA ISIPL - (B),dtr0709.pdf,dtr0707.pdf,2026-07-06,2026-07-07,TORM DOVER
2026-09-06,2026-09-07,Paradip,FOR OJ,NOT READY,MT. GAS ALKHALEEJ NR,225.28,36.62,11.8,2026-09-07,09:54,BUTANE/PROP,28000,3,,(B),36.62 11.80 07.09  0954IOCLD  28000 AGSMT. GAS ALKHALEEJ NR 225.28 3 BUTANE/PROP AGS - (B),dtr0709.pdf,dtr0707.pdf,2026-07-06,2026-07-07,GAS ALKHALEEJ
2026-09-06,2026-09-07,Paradip,FOR SPM,READY,MT. OLYMPIC FLAG,273.97,47.0,15.0,2026-09-06,09:54,CRUDE OIL,124610,1,,,47.00 15.00 06.09  0954IOCL PLDD  124610 AGSMT. OLYMPIC FLAG 273.97 1 CRUDE OIL AGSR -,dtr0709.pdf,dtr0707.pdf,2026-07-06,2026-07-07,OLYMPIC FLAG
2026-09-06,2026-09-07,Paradip,FOR SPM,NOT READY,MT. AYAT NR,179.99,32.2,11.4,2026-08-26,19:30,CRUDE OIL,37861,1,,(B),32.20 11.40 26.08  1930IOCL PLDD  37861 AGSMT. AYAT NR 179.99 1 CRUDE OIL AGS - (B),dtr0709.pdf,dtr0707.pdf,2026-07-06,2026-07-07,AYAT
2026-09-06,2026-09-07,Paradip,FOR PICT,NOT READY,MV. TAN BINH 259 ICT/NR,175.53,29.4,9.5,2026-07-22,16:25,S.COIL,25391,1,,(B),29.40 9.50 22.07  1625JSLD  25391 SSSMV. TAN BINH 259 ICT/NR 175.53 1 S.COIL NK - (B),dtr0709.pdf,dtr0707.pdf,2026-07-06,2026-07-07,TAN BINH 259
2026-09-06,2026-09-07,Paradip,FOR PICT,NOT READY,MV. NEON TRADER ICT/NR,179.9,30.0,9.24,2026-09-01,17:36,S.COIL,15000,2,,(B),30.00 9.24 01.09  1736SAILL  15000 GACMV. NEON TRADER ICT/NR 179.90 2 S.COIL GAC - (B),dtr0709.pdf,dtr0707.pdf,2026-07-06,2026-07-07,NEON TRADER
2026-09-06,2026-09-07,Paradip,FOR PICT,NOT READY,MV. YPERION ICT/NR,229.0,32.26,7.25,2026-09-01,20:36,PIG IRON,66000,3,,(B),32.26 7.25 01.09  2036OMPLL  66000 J M BAXIMSPLMV. YPERION ICT/NR 229.00 3 PIG IRON J M BAXIMSPL - (B),dtr0709.pdf,dtr0707.pdf,2026-07-06,2026-07-07,YPERION
2026-09-06,2026-09-07,Paradip,FOR PICT,NOT READY,MV. DIONYSUS ICT/NR,199.9,32.26,12.35,2026-09-06,19:06,UREA,52500,4,,(B),32.26 12.35 06.09  1906BRAHMAPUTRAD  52500 SSSMV. DIONYSUS ICT/NR 199.90 4 UREA SSS - (B),dtr0709.pdf,dtr0707.pdf,2026-07-06,2026-07-07,DIONYSUS
2026-09-06,2026-09-07,Paradip,Others,NOT READY,MV. PELAGIA NR,228.99,32.26,12.86,2026-08-27,23:00,,36000,1,,(B),32.26 12.86 27.08  2300NKD  36000 ALAPMV. PELAGIA NR 228.99 1 A. SULPHATE ALAP - (B),dtr0709.pdf,dtr0707.pdf,2026-07-06,2026-07-07,PELAGIA
2026-09-06,2026-09-07,Paradip,FOR CB-1 & CB-2,READY,MV. APJ SETHU,224.86,32.26,0.0,2026-09-05,06:48,TH.COAL,75000,1,,,32.26 0.00 05.09  0648TNPGCLL  75000 SEAPORTMV. APJ SETHU 224.86 1 TH.COAL J M BAXIMSPLR - P,dtr0709.pdf,dtr0708.pdf,2026-08-06,2026-08-07,APJ SETHU
2026-09-06,2026-09-07,Paradip,FOR CB-1 & CB-2,READY,MV. SINGAPORE BULKER,189.99,32.26,13.3,2026-09-07,06:18,TH.COAL,55000,2,,,32.26 13.30 07.09  0618OPGL  55000 SEA SHIPSMV. SINGAPORE BULKER 189.99 2 TH.COAL SSSR -,dtr0709.pdf,dtr0708.pdf,2026-08-06,2026-08-07,SINGAPORE BULKER
2026-09-06,2026-09-07,Paradip,FOR CB-1 & CB-2,READY,MV. APJ ANGAD 2,224.94,32.26,14.5,2026-09-07,10:18,TH.COAL,75000,3,,,32.26 14.50 07.09  1018NTECL/CLPLL  75000 BOTHRAMV. APJ ANGAD 2 224.94 3 TH.COAL JMBR -,dtr0709.pdf,dtr0708.pdf,2026-08-06,2026-08-07,APJ ANGAD 2
2026-09-06,2026-09-07,Paradip,FOR OJ,NOT READY,MT. SHIVALIK NR,225.28,36.6,11.6,2026-09-04,17:12,BUTANE/PROP,13000,1,,(B),36.60 11.60 04.09  1712IOCLD  13000 SAMSARAMT. SHIVALIK NR 225.28 1 BUTANE/PROP SAMSARA - (B),dtr0709.pdf,dtr0708.pdf,2026-08-06,2026-08-07,SHIVALIK
2026-09-06,2026-09-07,Paradip,FOR OJ,NOT READY,MT. TORM DOVER NR,183.12,32.2,0.0,2026-09-05,14:12,NAPTHA,35000,2,,(B),32.20 0.00 05.09  1412IOCLL  35000 ISIPLMT. TORM DOVER NR 183.12 2 NAPTHA ISIPL - (B),dtr0709.pdf,dtr0708.pdf,2026-08-06,2026-08-07,TORM DOVER
2026-09-06,2026-09-07,Paradip,FOR OJ,NOT READY,MT. GAS ALKHALEEJ NR,225.28,36.62,11.8,2026-09-07,09:54,BUTANE/PROP,28000,3,,(B),36.62 11.80 07.09  0954IOCLD  28000 AGSMT. GAS ALKHALEEJ NR 225.28 3 BUTANE/PROP AGS - (B),dtr0709.pdf,dtr0708.pdf,2026-08-06,2026-08-07,GAS ALKHALEEJ
2026-09-06,2026-09-07,Paradip,FOR SPM,READY,MT. OLYMPIC FLAG,273.97,47.0,15.0,2026-09-06,09:54,CRUDE OIL,124610,1,,,47.00 15.00 06.09  0954IOCL PLDD  124610 AGSMT. OLYMPIC FLAG 273.97 1 CRUDE OIL AGSR -,dtr0709.pdf,dtr0708.pdf,2026-08-06,2026-08-07,OLYMPIC FLAG
2026-09-06,2026-09-07,Paradip,FOR SPM,NOT READY,MT. AYAT NR,179.99,32.2,11.4,2026-08-26,19:30,CRUDE OIL,37861,1,,(B),32.20 11.40 26.08  1930IOCL PLDD  37861 AGSMT. AYAT NR 179.99 1 CRUDE OIL AGS - (B),dtr0709.pdf,dtr0708.pdf,2026-08-06,2026-08-07,AYAT
2026-09-06,2026-09-07,Paradip,FOR PICT,NOT READY,MV. TAN BINH 259 ICT/NR,175.53,29.4,9.5,2026-07-22,16:25,S.COIL,25391,1,,(B),29.40 9.50 22.07  1625JSLD  25391 SSSMV. TAN BINH 259 ICT/NR 175.53 1 S.COIL NK - (B),dtr0709.pdf,dtr0708.pdf,2026-08-06,2026-08-07,TAN BINH 259
2026-09-06,2026-09-07,Paradip,FOR PICT,NOT READY,MV. NEON TRADER ICT/NR,179.9,30.0,9.24,2026-09-01,17:36,S.COIL,15000,2,,(B),30.00 9.24 01.09  1736SAILL  15000 GACMV. NEON TRADER ICT/NR 179.90 2 S.COIL GAC - (B),dtr0709.pdf,dtr0708.pdf,2026-08-06,2026-08-07,NEON TRADER
2026-09-06,2026-09-07,Paradip,FOR PICT,NOT READY,MV. YPERION ICT/NR,229.0,32.26,7.25,2026-09-01,20:36,PIG IRON,66000,3,,(B),32.26 7.25 01.09  2036OMPLL  66000 J M BAXIMSPLMV. YPERION ICT/NR 229.00 3 PIG IRON J M BAXIMSPL - (B),dtr0709.pdf,dtr0708.pdf,2026-08-06,2026-08-07,YPERION
2026-09-06,2026-09-07,Paradip,FOR PICT,NOT READY,MV. DIONYSUS ICT/NR,199.9,32.26,12.35,2026-09-06,19:06,UREA,52500,4,,(B),32.26 12.35 06.09  1906BRAHMAPUTRAD  52500 SSSMV. DIONYSUS ICT/NR 199.90 4 UREA SSS - (B),dtr0709.pdf,dtr0708.pdf,2026-08-06,2026-08-07,DIONYSUS
2026-09-06,2026-09-07,Paradip,Others,NOT READY,MV. PELAGIA NR,228.99,32.26,12.86,2026-08-27,23:00,,36000,1,,(B),32.26 12.86 27.08  2300NKD  36000 ALAPMV. PELAGIA NR 228.99 1 A. SULPHATE ALAP - (B),dtr0709.pdf,dtr0708.pdf,2026-08-06,2026-08-07,PELAGIA
2026-09-06,2026-09-07,Paradip,FOR CB-1 & CB-2,READY,MV. APJ SETHU,224.86,32.26,0.0,2026-09-05,06:48,TH.COAL,75000,1,,,32.26 0.00 05.09  0648TNPGCLL  75000 SEAPORTMV. APJ SETHU 224.86 1 TH.COAL J M BAXIMSPLR - P,dtr0709.pdf,dtr0709.pdf,2026-09-06,2026-09-07,APJ SETHU
2026-09-06,2026-09-07,Paradip,FOR CB-1 & CB-2,READY,MV. SINGAPORE BULKER,189.99,32.26,13.3,2026-09-07,06:18,TH.COAL,55000,2,,,32.26 13.30 07.09  0618OPGL  55000 SEA SHIPSMV. SINGAPORE BULKER 189.99 2 TH.COAL SSSR -,dtr0709.pdf,dtr0709.pdf,2026-09-06,2026-09-07,SINGAPORE BULKER
2026-09-06,2026-09-07,Paradip,FOR CB-1 & CB-2,READY,MV. APJ ANGAD 2,224.94,32.26,14.5,2026-09-07,10:18,TH.COAL,75000,3,,,32.26 14.50 07.09  1018NTECL/CLPLL  75000 BOTHRAMV. APJ ANGAD 2 224.94 3 TH.COAL JMBR -,dtr0709.pdf,dtr0709.pdf,2026-09-06,2026-09-07,APJ ANGAD 2
2026-09-06,2026-09-07,Paradip,FOR OJ,NOT READY,MT. SHIVALIK NR,225.28,36.6,11.6,2026-09-04,17:12,BUTANE/PROP,13000,1,,(B),36.60 11.60 04.09  1712IOCLD  13000 SAMSARAMT. SHIVALIK NR 225.28 1 BUTANE/PROP SAMSARA - (B),dtr0709.pdf,dtr0709.pdf,2026-09-06,2026-09-07,SHIVALIK
2026-09-06,2026-09-07,Paradip,FOR OJ,NOT READY,MT. TORM DOVER NR,183.12,32.2,0.0,2026-09-05,14:12,NAPTHA,35000,2,,(B),32.20 0.00 05.09  1412IOCLL  35000 ISIPLMT. TORM DOVER NR 183.12 2 NAPTHA ISIPL - (B),dtr0709.pdf,dtr0709.pdf,2026-09-06,2026-09-07,TORM DOVER
2026-09-06,2026-09-07,Paradip,FOR OJ,NOT READY,MT. GAS ALKHALEEJ NR,225.28,36.62,11.8,2026-09-07,09:54,BUTANE/PROP,28000,3,,(B),36.62 11.80 07.09  0954IOCLD  28000 AGSMT. GAS ALKHALEEJ NR 225.28 3 BUTANE/PROP AGS - (B),dtr0709.pdf,dtr0709.pdf,2026-09-06,2026-09-07,GAS ALKHALEEJ
2026-09-06,2026-09-07,Paradip,FOR SPM,READY,MT. OLYMPIC FLAG,273.97,47.0,15.0,2026-09-06,09:54,CRUDE OIL,124610,1,,,47.00 15.00 06.09  0954IOCL PLDD  124610 AGSMT. OLYMPIC FLAG 273.97 1 CRUDE OIL AGSR -,dtr0709.pdf,dtr0709.pdf,2026-09-06,2026-09-07,OLYMPIC FLAG
2026-09-06,2026-09-07,Paradip,FOR SPM,NOT READY,MT. AYAT NR,179.99,32.2,11.4,2026-08-26,19:30,CRUDE OIL,37861,1,,(B),32.20 11.40 26.08  1930IOCL PLDD  37861 AGSMT. AYAT NR 179.99 1 CRUDE OIL AGS - (B),dtr0709.pdf,dtr0709.pdf,2026-09-06,2026-09-07,AYAT
2026-09-06,2026-09-07,Paradip,FOR PICT,NOT READY,MV. TAN BINH 259 ICT/NR,175.53,29.4,9.5,2026-07-22,16:25,S.COIL,25391,1,,(B),29.40 9.50 22.07  1625JSLD  25391 SSSMV. TAN BINH 259 ICT/NR 175.53 1 S.COIL NK - (B),dtr0709.pdf,dtr0709.pdf,2026-09-06,2026-09-07,TAN BINH 259
2026-09-06,2026-09-07,Paradip,FOR PICT,NOT READY,MV. NEON TRADER ICT/NR,179.9,30.0,9.24,2026-09-01,17:36,S.COIL,15000,2,,(B),30.00 9.24 01.09  1736SAILL  15000 GACMV. NEON TRADER ICT/NR 179.90 2 S.COIL GAC - (B),dtr0709.pdf,dtr0709.pdf,2026-09-06,2026-09-07,NEON TRADER
2026-09-06,2026-09-07,Paradip,FOR PICT,NOT READY,MV. YPERION ICT/NR,229.0,32.26,7.25,2026-09-01,20:36,PIG IRON,66000,3,,(B),32.26 7.25 01.09  2036OMPLL  66000 J M BAXIMSPLMV. YPERION ICT/NR 229.00 3 PIG IRON J M BAXIMSPL - (B),dtr0709.pdf,dtr0709.pdf,2026-09-06,2026-09-07,YPERION
2026-09-06,2026-09-07,Paradip,FOR PICT,NOT READY,MV. DIONYSUS ICT/NR,199.9,32.26,12.35,2026-09-06,19:06,UREA,52500,4,,(B),32.26 12.35 06.09  1906BRAHMAPUTRAD  52500 SSSMV. DIONYSUS ICT/NR 199.90 4 UREA SSS - (B),dtr0709.pdf,dtr0709.pdf,2026-09-06,2026-09-07,DIONYSUS
2026-09-06,2026-09-07,Paradip,Others,NOT READY,MV. PELAGIA NR,228.99,32.26,12.86,2026-08-27,23:00,,36000,1,,(B),32.26 12.86 27.08  2300NKD  36000 ALAPMV. PELAGIA NR 228.99 1 A. SULPHATE ALAP - (B),dtr0709.pdf,dtr0709.pdf,2026-09-06,2026-09-07,PELAGIA
2026-09-06,2026-09-07,Paradip,FOR CB-1 & CB-2,READY,MV. APJ SETHU,224.86,32.26,0.0,2026-09-05,06:48,TH.COAL,75000,1,,,32.26 0.00 05.09  0648TNPGCLL  75000 SEAPORTMV. APJ SETHU 224.86 1 TH.COAL J M BAXIMSPLR - P,dtr0709.pdf,dtr0710.pdf,2025-10-06,2025-10-07,APJ SETHU
2026-09-06,2026-09-07,Paradip,FOR CB-1 & CB-2,READY,MV. SINGAPORE BULKER,189.99,32.26,13.3,2026-09-07,06:18,TH.COAL,55000,2,,,32.26 13.30 07.09  0618OPGL  55000 SEA SHIPSMV. SINGAPORE BULKER 189.99 2 TH.COAL SSSR -,dtr0709.pdf,dtr0710.pdf,2025-10-06,2025-10-07,SINGAPORE BULKER
2026-09-06,2026-09-07,Paradip,FOR CB-1 & CB-2,READY,MV. APJ ANGAD 2,224.94,32.26,14.5,2026-09-07,10:18,TH.COAL,75000,3,,,32.26 14.50 07.09  1018NTECL/CLPLL  75000 BOTHRAMV. APJ ANGAD 2 224.94 3 TH.COAL JMBR -,dtr0709.pdf,dtr0710.pdf,2025-10-06,2025-10-07,APJ ANGAD 2
2026-09-06,2026-09-07,Paradip,FOR OJ,NOT READY,MT. SHIVALIK NR,225.28,36.6,11.6,2026-09-04,17:12,BUTANE/PROP,13000,1,,(B),36.60 11.60 04.09  1712IOCLD  13000 SAMSARAMT. SHIVALIK NR 225.28 1 BUTANE/PROP SAMSARA - (B),dtr0709.pdf,dtr0710.pdf,2025-10-06,2025-10-07,SHIVALIK
2026-09-06,2026-09-07,Paradip,FOR OJ,NOT READY,MT. TORM DOVER NR,183.12,32.2,0.0,2026-09-05,14:12,NAPTHA,35000,2,,(B),32.20 0.00 05.09  1412IOCLL  35000 ISIPLMT. TORM DOVER NR 183.12 2 NAPTHA ISIPL - (B),dtr0709.pdf,dtr0710.pdf,2025-10-06,2025-10-07,TORM DOVER
2026-09-06,2026-09-07,Paradip,FOR OJ,NOT READY,MT. GAS ALKHALEEJ NR,225.28,36.62,11.8,2026-09-07,09:54,BUTANE/PROP,28000,3,,(B),36.62 11.80 07.09  0954IOCLD  28000 AGSMT. GAS ALKHALEEJ NR 225.28 3 BUTANE/PROP AGS - (B),dtr0709.pdf,dtr0710.pdf,2025-10-06,2025-10-07,GAS ALKHALEEJ
2026-09-06,2026-09-07,Paradip,FOR SPM,READY,MT. OLYMPIC FLAG,273.97,47.0,15.0,2026-09-06,09:54,CRUDE OIL,124610,1,,,47.00 15.00 06.09  0954IOCL PLDD  124610 AGSMT. OLYMPIC FLAG 273.97 1 CRUDE OIL AGSR -,dtr0709.pdf,dtr0710.pdf,2025-10-06,2025-10-07,OLYMPIC FLAG
2026-09-06,2026-09-07,Paradip,FOR SPM,NOT READY,MT. AYAT NR,179.99,32.2,11.4,2026-08-26,19:30,CRUDE OIL,37861,1,,(B),32.20 11.40 26.08  1930IOCL PLDD  37861 AGSMT. AYAT NR 179.99 1 CRUDE OIL AGS - (B),dtr0709.pdf,dtr0710.pdf,2025-10-06,2025-10-07,AYAT
2026-09-06,2026-09-07,Paradip,FOR PICT,NOT READY,MV. TAN BINH 259 ICT/NR,175.53,29.4,9.5,2026-07-22,16:25,S.COIL,25391,1,,(B),29.40 9.50 22.07  1625JSLD  25391 SSSMV. TAN BINH 259 ICT/NR 175.53 1 S.COIL NK - (B),dtr0709.pdf,dtr0710.pdf,2025-10-06,2025-10-07,TAN BINH 259
2026-09-06,2026-09-07,Paradip,FOR PICT,NOT READY,MV. NEON TRADER ICT/NR,179.9,30.0,9.24,2026-09-01,17:36,S.COIL,15000,2,,(B),30.00 9.24 01.09  1736SAILL  15000 GACMV. NEON TRADER ICT/NR 179.90 2 S.COIL GAC - (B),dtr0709.pdf,dtr0710.pdf,2025-10-06,2025-10-07,NEON TRADER
2026-09-06,2026-09-07,Paradip,FOR PICT,NOT READY,MV. YPERION ICT/NR,229.0,32.26,7.25,2026-09-01,20:36,PIG IRON,66000,3,,(B),32.26 7.25 01.09  2036OMPLL  66000 J M BAXIMSPLMV. YPERION ICT/NR 229.00 3 PIG IRON J M BAXIMSPL - (B),dtr0709.pdf,dtr0710.pdf,2025-10-06,2025-10-07,YPERION
2026-09-06,2026-09-07,Paradip,FOR PICT,NOT READY,MV. DIONYSUS ICT/NR,199.9,32.26,12.35,2026-09-06,19:06,UREA,52500,4,,(B),32.26 12.35 06.09  1906BRAHMAPUTRAD  52500 SSSMV. DIONYSUS ICT/NR 199.90 4 UREA SSS - (B),dtr0709.pdf,dtr0710.pdf,2025-10-06,2025-10-07,DIONYSUS
2026-09-06,2026-09-07,Paradip,Others,NOT READY,MV. PELAGIA NR,228.99,32.26,12.86,2026-08-27,23:00,,36000,1,,(B),32.26 12.86 27.08  2300NKD  36000 ALAPMV. PELAGIA NR 228.99 1 A. SULPHATE ALAP - (B),dtr0709.pdf,dtr0710.pdf,2025-10-06,2025-10-07,PELAGIA
2026-09-06,2026-09-07,Paradip,FOR CB-1 & CB-2,READY,MV. APJ SETHU,224.86,32.26,0.0,2026-09-05,06:48,TH.COAL,75000,1,,,32.26 0.00 05.09  0648TNPGCLL  75000 SEAPORTMV. APJ SETHU 224.86 1 TH.COAL J M BAXIMSPLR - P,dtr0709.pdf,dtr0807.pdf,2026-07-07,2026-07-08,APJ SETHU
2026-09-06,2026-09-07,Paradip,FOR CB-1 & CB-2,READY,MV. SINGAPORE BULKER,189.99,32.26,13.3,2026-09-07,06:18,TH.COAL,55000,2,,,32.26 13.30 07.09  0618OPGL  55000 SEA SHIPSMV. SINGAPORE BULKER 189.99 2 TH.COAL SSSR -,dtr0709.pdf,dtr0807.pdf,2026-07-07,2026-07-08,SINGAPORE BULKER
2026-09-06,2026-09-07,Paradip,FOR CB-1 & CB-2,READY,MV. APJ ANGAD 2,224.94,32.26,14.5,2026-09-07,10:18,TH.COAL,75000,3,,,32.26 14.50 07.09  1018NTECL/CLPLL  75000 BOTHRAMV. APJ ANGAD 2 224.94 3 TH.COAL JMBR -,dtr0709.pdf,dtr0807.pdf,2026-07-07,2026-07-08,APJ ANGAD 2
2026-09-06,2026-09-07,Paradip,FOR OJ,NOT READY,MT. SHIVALIK NR,225.28,36.6,11.6,2026-09-04,17:12,BUTANE/PROP,13000,1,,(B),36.60 11.60 04.09  1712IOCLD  13000 SAMSARAMT. SHIVALIK NR 225.28 1 BUTANE/PROP SAMSARA - (B),dtr0709.pdf,dtr0807.pdf,2026-07-07,2026-07-08,SHIVALIK
2026-09-06,2026-09-07,Paradip,FOR OJ,NOT READY,MT. TORM DOVER NR,183.12,32.2,0.0,2026-09-05,14:12,NAPTHA,35000,2,,(B),32.20 0.00 05.09  1412IOCLL  35000 ISIPLMT. TORM DOVER NR 183.12 2 NAPTHA ISIPL - (B),dtr0709.pdf,dtr0807.pdf,2026-07-07,2026-07-08,TORM DOVER
2026-09-06,2026-09-07,Paradip,FOR OJ,NOT READY,MT. GAS ALKHALEEJ NR,225.28,36.62,11.8,2026-09-07,09:54,BUTANE/PROP,28000,3,,(B),36.62 11.80 07.09  0954IOCLD  28000 AGSMT. GAS ALKHALEEJ NR 225.28 3 BUTANE/PROP AGS - (B),dtr0709.pdf,dtr0807.pdf,2026-07-07,2026-07-08,GAS ALKHALEEJ
2026-09-06,2026-09-07,Paradip,FOR SPM,READY,MT. OLYMPIC FLAG,273.97,47.0,15.0,2026-09-06,09:54,CRUDE OIL,124610,1,,,47.00 15.00 06.09  0954IOCL PLDD  124610 AGSMT. OLYMPIC FLAG 273.97 1 CRUDE OIL AGSR -,dtr0709.pdf,dtr0807.pdf,2026-07-07,2026-07-08,OLYMPIC FLAG
2026-09-06,2026-09-07,Paradip,FOR SPM,NOT READY,MT. AYAT NR,179.99,32.2,11.4,2026-08-26,19:30,CRUDE OIL,37861,1,,(B),32.20 11.40 26.08  1930IOCL PLDD  37861 AGSMT. AYAT NR 179.99 1 CRUDE OIL AGS - (B),dtr0709.pdf,dtr0807.pdf,2026-07-07,2026-07-08,AYAT
2026-09-06,2026-09-07,Paradip,FOR PICT,NOT READY,MV. TAN BINH 259 ICT/NR,175.53,29.4,9.5,2026-07-22,16:25,S.COIL,25391,1,,(B),29.40 9.50 22.07  1625JSLD  25391 SSSMV. TAN BINH 259 ICT/NR 175.53 1 S.COIL NK - (B),dtr0709.pdf,dtr0807.pdf,2026-07-07,2026-07-08,TAN BINH 259
2026-09-06,2026-09-07,Paradip,FOR PICT,NOT READY,MV. NEON TRADER ICT/NR,179.9,30.0,9.24,2026-09-01,17:36,S.COIL,15000,2,,(B),30.00 9.24 01.09  1736SAILL  15000 GACMV. NEON TRADER ICT/NR 179.90 2 S.COIL GAC - (B),dtr0709.pdf,dtr0807.pdf,2026-07-07,2026-07-08,NEON TRADER
2026-09-06,2026-09-07,Paradip,FOR PICT,NOT READY,MV. YPERION ICT/NR,229.0,32.26,7.25,2026-09-01,20:36,PIG IRON,66000,3,,(B),32.26 7.25 01.09  2036OMPLL  66000 J M BAXIMSPLMV. YPERION ICT/NR 229.00 3 PIG IRON J M BAXIMSPL - (B),dtr0709.pdf,dtr0807.pdf,2026-07-07,2026-07-08,YPERION
2026-09-06,2026-09-07,Paradip,FOR PICT,NOT READY,MV. DIONYSUS ICT/NR,199.9,32.26,12.35,2026-09-06,19:06,UREA,52500,4,,(B),32.26 12.35 06.09  1906BRAHMAPUTRAD  52500 SSSMV. DIONYSUS ICT/NR 199.90 4 UREA SSS - (B),dtr0709.pdf,dtr0807.pdf,2026-07-07,2026-07-08,DIONYSUS
2026-09-06,2026-09-07,Paradip,Others,NOT READY,MV. PELAGIA NR,228.99,32.26,12.86,2026-08-27,23:00,,36000,1,,(B),32.26 12.86 27.08  2300NKD  36000 ALAPMV. PELAGIA NR 228.99 1 A. SULPHATE ALAP - (B),dtr0709.pdf,dtr0807.pdf,2026-07-07,2026-07-08,PELAGIA
2026-09-06,2026-09-07,Paradip,FOR CB-1 & CB-2,READY,MV. APJ SETHU,224.86,32.26,0.0,2026-09-05,06:48,TH.COAL,75000,1,,,32.26 0.00 05.09  0648TNPGCLL  75000 SEAPORTMV. APJ SETHU 224.86 1 TH.COAL J M BAXIMSPLR - P,dtr0709.pdf,dtr0808.pdf,2026-08-07,2026-08-08,APJ SETHU
2026-09-06,2026-09-07,Paradip,FOR CB-1 & CB-2,READY,MV. SINGAPORE BULKER,189.99,32.26,13.3,2026-09-07,06:18,TH.COAL,55000,2,,,32.26 13.30 07.09  0618OPGL  55000 SEA SHIPSMV. SINGAPORE BULKER 189.99 2 TH.COAL SSSR -,dtr0709.pdf,dtr0808.pdf,2026-08-07,2026-08-08,SINGAPORE BULKER
2026-09-06,2026-09-07,Paradip,FOR CB-1 & CB-2,READY,MV. APJ ANGAD 2,224.94,32.26,14.5,2026-09-07,10:18,TH.COAL,75000,3,,,32.26 14.50 07.09  1018NTECL/CLPLL  75000 BOTHRAMV. APJ ANGAD 2 224.94 3 TH.COAL JMBR -,dtr0709.pdf,dtr0808.pdf,2026-08-07,2026-08-08,APJ ANGAD 2
2026-09-06,2026-09-07,Paradip,FOR OJ,NOT READY,MT. SHIVALIK NR,225.28,36.6,11.6,2026-09-04,17:12,BUTANE/PROP,13000,1,,(B),36.60 11.60 04.09  1712IOCLD  13000 SAMSARAMT. SHIVALIK NR 225.28 1 BUTANE/PROP SAMSARA - (B),dtr0709.pdf,dtr0808.pdf,2026-08-07,2026-08-08,SHIVALIK
2026-09-06,2026-09-07,Paradip,FOR OJ,NOT READY,MT. TORM DOVER NR,183.12,32.2,0.0,2026-09-05,14:12,NAPTHA,35000,2,,(B),32.20 0.00 05.09  1412IOCLL  35000 ISIPLMT. TORM DOVER NR 183.12 2 NAPTHA ISIPL - (B),dtr0709.pdf,dtr0808.pdf,2026-08-07,2026-08-08,TORM DOVER
2026-09-06,2026-09-07,Paradip,FOR OJ,NOT READY,MT. GAS ALKHALEEJ NR,225.28,36.62,11.8,2026-09-07,09:54,BUTANE/PROP,28000,3,,(B),36.62 11.80 07.09  0954IOCLD  28000 AGSMT. GAS ALKHALEEJ NR 225.28 3 BUTANE/PROP AGS - (B),dtr0709.pdf,dtr0808.pdf,2026-08-07,2026-08-08,GAS ALKHALEEJ
2026-09-06,2026-09-07,Paradip,FOR SPM,READY,MT. OLYMPIC FLAG,273.97,47.0,15.0,2026-09-06,09:54,CRUDE OIL,124610,1,,,47.00 15.00 06.09  0954IOCL PLDD  124610 AGSMT. OLYMPIC FLAG 273.97 1 CRUDE OIL AGSR -,dtr0709.pdf,dtr0808.pdf,2026-08-07,2026-08-08,OLYMPIC FLAG
2026-09-06,2026-09-07,Paradip,FOR SPM,NOT READY,MT. AYAT NR,179.99,32.2,11.4,2026-08-26,19:30,CRUDE OIL,37861,1,,(B),32.20 11.40 26.08  1930IOCL PLDD  37861 AGSMT. AYAT NR 179.99 1 CRUDE OIL AGS - (B),dtr0709.pdf,dtr0808.pdf,2026-08-07,2026-08-08,AYAT
2026-09-06,2026-09-07,Paradip,FOR PICT,NOT READY,MV. TAN BINH 259 ICT/NR,175.53,29.4,9.5,2026-07-22,16:25,S.COIL,25391,1,,(B),29.40 9.50 22.07  1625JSLD  25391 SSSMV. TAN BINH 259 ICT/NR 175.53 1 S.COIL NK - (B),dtr0709.pdf,dtr0808.pdf,2026-08-07,2026-08-08,TAN BINH 259
2026-09-06,2026-09-07,Paradip,FOR PICT,NOT READY,MV. NEON TRADER ICT/NR,179.9,30.0,9.24,2026-09-01,17:36,S.COIL,15000,2,,(B),30.00 9.24 01.09  1736SAILL  15000 GACMV. NEON TRADER ICT/NR 179.90 2 S.COIL GAC - (B),dtr0709.pdf,dtr0808.pdf,2026-08-07,2026-08-08,NEON TRADER
2026-09-06,2026-09-07,Paradip,FOR PICT,NOT READY,MV. YPERION ICT/NR,229.0,32.26,7.25,2026-09-01,20:36,PIG IRON,66000,3,,(B),32.26 7.25 01.09  2036OMPLL  66000 J M BAXIMSPLMV. YPERION ICT/NR 229.00 3 PIG IRON J M BAXIMSPL - (B),dtr0709.pdf,dtr0808.pdf,2026-08-07,2026-08-08,YPERION
2026-09-06,2026-09-07,Paradip,FOR PICT,NOT READY,MV. DIONYSUS ICT/NR,199.9,32.26,12.35,2026-09-06,19:06,UREA,52500,4,,(B),32.26 12.35 06.09  1906BRAHMAPUTRAD  52500 SSSMV. DIONYSUS ICT/NR 199.90 4 UREA SSS - (B),dtr0709.pdf,dtr0808.pdf,2026-08-07,2026-08-08,DIONYSUS
2026-09-06,2026-09-07,Paradip,Others,NOT READY,MV. PELAGIA NR,228.99,32.26,12.86,2026-08-27,23:00,,36000,1,,(B),32.26 12.86 27.08  2300NKD  36000 ALAPMV. PELAGIA NR 228.99 1 A. SULPHATE ALAP - (B),dtr0709.pdf,dtr0808.pdf,2026-08-07,2026-08-08,PELAGIA
2026-09-06,2026-09-07,Paradip,FOR CB-1 & CB-2,READY,MV. APJ SETHU,224.86,32.26,0.0,2026-09-05,06:48,TH.COAL,75000,1,,,32.26 0.00 05.09  0648TNPGCLL  75000 SEAPORTMV. APJ SETHU 224.86 1 TH.COAL J M BAXIMSPLR - P,dtr0709.pdf,dtr0809.pdf,2026-09-07,2026-09-08,APJ SETHU
2026-09-06,2026-09-07,Paradip,FOR CB-1 & CB-2,READY,MV. SINGAPORE BULKER,189.99,32.26,13.3,2026-09-07,06:18,TH.COAL,55000,2,,,32.26 13.30 07.09  0618OPGL  55000 SEA SHIPSMV. SINGAPORE BULKER 189.99 2 TH.COAL SSSR -,dtr0709.pdf,dtr0809.pdf,2026-09-07,2026-09-08,SINGAPORE BULKER
2026-09-06,2026-09-07,Paradip,FOR CB-1 & CB-2,READY,MV. APJ ANGAD 2,224.94,32.26,14.5,2026-09-07,10:18,TH.COAL,75000,3,,,32.26 14.50 07.09  1018NTECL/CLPLL  75000 BOTHRAMV. APJ ANGAD 2 224.94 3 TH.COAL JMBR -,dtr0709.pdf,dtr0809.pdf,2026-09-07,2026-09-08,APJ ANGAD 2
2026-09-06,2026-09-07,Paradip,FOR OJ,NOT READY,MT. SHIVALIK NR,225.28,36.6,11.6,2026-09-04,17:12,BUTANE/PROP,13000,1,,(B),36.60 11.60 04.09  1712IOCLD  13000 SAMSARAMT. SHIVALIK NR 225.28 1 BUTANE/PROP SAMSARA - (B),dtr0709.pdf,dtr0809.pdf,2026-09-07,2026-09-08,SHIVALIK
2026-09-06,2026-09-07,Paradip,FOR OJ,NOT READY,MT. TORM DOVER NR,183.12,32.2,0.0,2026-09-05,14:12,NAPTHA,35000,2,,(B),32.20 0.00 05.09  1412IOCLL  35000 ISIPLMT. TORM DOVER NR 183.12 2 NAPTHA ISIPL - (B),dtr0709.pdf,dtr0809.pdf,2026-09-07,2026-09-08,TORM DOVER
2026-09-06,2026-09-07,Paradip,FOR OJ,NOT READY,MT. GAS ALKHALEEJ NR,225.28,36.62,11.8,2026-09-07,09:54,BUTANE/PROP,28000,3,,(B),36.62 11.80 07.09  0954IOCLD  28000 AGSMT. GAS ALKHALEEJ NR 225.28 3 BUTANE/PROP AGS - (B),dtr0709.pdf,dtr0809.pdf,2026-09-07,2026-09-08,GAS ALKHALEEJ
2026-09-06,2026-09-07,Paradip,FOR SPM,READY,MT. OLYMPIC FLAG,273.97,47.0,15.0,2026-09-06,09:54,CRUDE OIL,124610,1,,,47.00 15.00 06.09  0954IOCL PLDD  124610 AGSMT. OLYMPIC FLAG 273.97 1 CRUDE OIL AGSR -,dtr0709.pdf,dtr0809.pdf,2026-09-07,2026-09-08,OLYMPIC FLAG
2026-09-06,2026-09-07,Paradip,FOR SPM,NOT READY,MT. AYAT NR,179.99,32.2,11.4,2026-08-26,19:30,CRUDE OIL,37861,1,,(B),32.20 11.40 26.08  1930IOCL PLDD  37861 AGSMT. AYAT NR 179.99 1 CRUDE OIL AGS - (B),dtr0709.pdf,dtr0809.pdf,2026-09-07,2026-09-08,AYAT
2026-09-06,2026-09-07,Paradip,FOR PICT,NOT READY,MV. TAN BINH 259 ICT/NR,175.53,29.4,9.5,2026-07-22,16:25,S.COIL,25391,1,,(B),29.40 9.50 22.07  1625JSLD  25391 SSSMV. TAN BINH 259 ICT/NR 175.53 1 S.COIL NK - (B),dtr0709.pdf,dtr0809.pdf,2026-09-07,2026-09-08,TAN BINH 259
2026-09-06,2026-09-07,Paradip,FOR PICT,NOT READY,MV. NEON TRADER ICT/NR,179.9,30.0,9.24,2026-09-01,17:36,S.COIL,15000,2,,(B),30.00 9.24 01.09  1736SAILL  15000 GACMV. NEON TRADER ICT/NR 179.90 2 S.COIL GAC - (B),dtr0709.pdf,dtr0809.pdf,2026-09-07,2026-09-08,NEON TRADER
2026-09-06,2026-09-07,Paradip,FOR PICT,NOT READY,MV. YPERION ICT/NR,229.0,32.26,7.25,2026-09-01,20:36,PIG IRON,66000,3,,(B),32.26 7.25 01.09  2036OMPLL  66000 J M BAXIMSPLMV. YPERION ICT/NR 229.00 3 PIG IRON J M BAXIMSPL - (B),dtr0709.pdf,dtr0809.pdf,2026-09-07,2026-09-08,YPERION
2026-09-06,2026-09-07,Paradip,FOR PICT,NOT READY,MV. DIONYSUS ICT/NR,199.9,32.26,12.35,2026-09-06,19:06,UREA,52500,4,,(B),32.26 12.35 06.09  1906BRAHMAPUTRAD  52500 SSSMV. DIONYSUS ICT/NR 199.90 4 UREA SSS - (B),dtr0709.pdf,dtr0809.pdf,2026-09-07,2026-09-08,DIONYSUS
2026-09-06,2026-09-07,Paradip,Others,NOT READY,MV. PELAGIA NR,228.99,32.26,12.86,2026-08-27,23:00,,36000,1,,(B),32.26 12.86 27.08  2300NKD  36000 ALAPMV. PELAGIA NR 228.99 1 A. SULPHATE ALAP - (B),dtr0709.pdf,dtr0809.pdf,2026-09-07,2026-09-08,PELAGIA
2026-09-06,2026-09-07,Paradip,FOR CB-1 & CB-2,READY,MV. APJ SETHU,224.86,32.26,0.0,2026-09-05,06:48,TH.COAL,75000,1,,,32.26 0.00 05.09  0648TNPGCLL  75000 SEAPORTMV. APJ SETHU 224.86 1 TH.COAL J M BAXIMSPLR - P,dtr0709.pdf,dtr0810.pdf,2025-10-07,2025-10-08,APJ SETHU
2026-09-06,2026-09-07,Paradip,FOR CB-1 & CB-2,READY,MV. SINGAPORE BULKER,189.99,32.26,13.3,2026-09-07,06:18,TH.COAL,55000,2,,,32.26 13.30 07.09  0618OPGL  55000 SEA SHIPSMV. SINGAPORE BULKER 189.99 2 TH.COAL SSSR -,dtr0709.pdf,dtr0810.pdf,2025-10-07,2025-10-08,SINGAPORE BULKER
2026-09-06,2026-09-07,Paradip,FOR CB-1 & CB-2,READY,MV. APJ ANGAD 2,224.94,32.26,14.5,2026-09-07,10:18,TH.COAL,75000,3,,,32.26 14.50 07.09  1018NTECL/CLPLL  75000 BOTHRAMV. APJ ANGAD 2 224.94 3 TH.COAL JMBR -,dtr0709.pdf,dtr0810.pdf,2025-10-07,2025-10-08,APJ ANGAD 2
2026-09-06,2026-09-07,Paradip,FOR OJ,NOT READY,MT. SHIVALIK NR,225.28,36.6,11.6,2026-09-04,17:12,BUTANE/PROP,13000,1,,(B),36.60 11.60 04.09  1712IOCLD  13000 SAMSARAMT. SHIVALIK NR 225.28 1 BUTANE/PROP SAMSARA - (B),dtr0709.pdf,dtr0810.pdf,2025-10-07,2025-10-08,SHIVALIK
2026-09-06,2026-09-07,Paradip,FOR OJ,NOT READY,MT. TORM DOVER NR,183.12,32.2,0.0,2026-09-05,14:12,NAPTHA,35000,2,,(B),32.20 0.00 05.09  1412IOCLL  35000 ISIPLMT. TORM DOVER NR 183.12 2 NAPTHA ISIPL - (B),dtr0709.pdf,dtr0810.pdf,2025-10-07,2025-10-08,TORM DOVER
2026-09-06,2026-09-07,Paradip,FOR OJ,NOT READY,MT. GAS ALKHALEEJ NR,225.28,36.62,11.8,2026-09-07,09:54,BUTANE/PROP,28000,3,,(B),36.62 11.80 07.09  0954IOCLD  28000 AGSMT. GAS ALKHALEEJ NR 225.28 3 BUTANE/PROP AGS - (B),dtr0709.pdf,dtr0810.pdf,2025-10-07,2025-10-08,GAS ALKHALEEJ
2026-09-06,2026-09-07,Paradip,FOR SPM,READY,MT. OLYMPIC FLAG,273.97,47.0,15.0,2026-09-06,09:54,CRUDE OIL,124610,1,,,47.00 15.00 06.09  0954IOCL PLDD  124610 AGSMT. OLYMPIC FLAG 273.97 1 CRUDE OIL AGSR -,dtr0709.pdf,dtr0810.pdf,2025-10-07,2025-10-08,OLYMPIC FLAG
2026-09-06,2026-09-07,Paradip,FOR SPM,NOT READY,MT. AYAT NR,179.99,32.2,11.4,2026-08-26,19:30,CRUDE OIL,37861,1,,(B),32.20 11.40 26.08  1930IOCL PLDD  37861 AGSMT. AYAT NR 179.99 1 CRUDE OIL AGS - (B),dtr0709.pdf,dtr0810.pdf,2025-10-07,2025-10-08,AYAT
2026-09-06,2026-09-07,Paradip,FOR PICT,NOT READY,MV. TAN BINH 259 ICT/NR,175.53,29.4,9.5,2026-07-22,16:25,S.COIL,25391,1,,(B),29.40 9.50 22.07  1625JSLD  25391 SSSMV. TAN BINH 259 ICT/NR 175.53 1 S.COIL NK - (B),dtr0709.pdf,dtr0810.pdf,2025-10-07,2025-10-08,TAN BINH 259
2026-09-06,2026-09-07,Paradip,FOR PICT,NOT READY,MV. NEON TRADER ICT/NR,179.9,30.0,9.24,2026-09-01,17:36,S.COIL,15000,2,,(B),30.00 9.24 01.09  1736SAILL  15000 GACMV. NEON TRADER ICT/NR 179.90 2 S.COIL GAC - (B),dtr0709.pdf,dtr0810.pdf,2025-10-07,2025-10-08,NEON TRADER
2026-09-06,2026-09-07,Paradip,FOR PICT,NOT READY,MV. YPERION ICT/NR,229.0,32.26,7.25,2026-09-01,20:36,PIG IRON,66000,3,,(B),32.26 7.25 01.09  2036OMPLL  66000 J M BAXIMSPLMV. YPERION ICT/NR 229.00 3 PIG IRON J M BAXIMSPL - (B),dtr0709.pdf,dtr0810.pdf,2025-10-07,2025-10-08,YPERION
2026-09-06,2026-09-07,Paradip,FOR PICT,NOT READY,MV. DIONYSUS ICT/NR,199.9,32.26,12.35,2026-09-06,19:06,UREA,52500,4,,(B),32.26 12.35 06.09  1906BRAHMAPUTRAD  52500 SSSMV. DIONYSUS ICT/NR 199.90 4 UREA SSS - (B),dtr0709.pdf,dtr0810.pdf,2025-10-07,2025-10-08,DIONYSUS
2026-09-06,2026-09-07,Paradip,Others,NOT READY,MV. PELAGIA NR,228.99,32.26,12.86,2026-08-27,23:00,,36000,1,,(B),32.26 12.86 27.08  2300NKD  36000 ALAPMV. PELAGIA NR 228.99 1 A. SULPHATE ALAP - (B),dtr0709.pdf,dtr0810.pdf,2025-10-07,2025-10-08,PELAGIA
2026-09-06,2026-09-07,Paradip,FOR CB-1 & CB-2,READY,MV. APJ SETHU,224.86,32.26,0.0,2026-09-05,06:48,TH.COAL,75000,1,,,32.26 0.00 05.09  0648TNPGCLL  75000 SEAPORTMV. APJ SETHU 224.86 1 TH.COAL J M BAXIMSPLR - P,dtr0709.pdf,dtr0907.pdf,2026-07-08,2026-07-09,APJ SETHU
2026-09-06,2026-09-07,Paradip,FOR CB-1 & CB-2,READY,MV. SINGAPORE BULKER,189.99,32.26,13.3,2026-09-07,06:18,TH.COAL,55000,2,,,32.26 13.30 07.09  0618OPGL  55000 SEA SHIPSMV. SINGAPORE BULKER 189.99 2 TH.COAL SSSR -,dtr0709.pdf,dtr0907.pdf,2026-07-08,2026-07-09,SINGAPORE BULKER
2026-09-06,2026-09-07,Paradip,FOR CB-1 & CB-2,READY,MV. APJ ANGAD 2,224.94,32.26,14.5,2026-09-07,10:18,TH.COAL,75000,3,,,32.26 14.50 07.09  1018NTECL/CLPLL  75000 BOTHRAMV. APJ ANGAD 2 224.94 3 TH.COAL JMBR -,dtr0709.pdf,dtr0907.pdf,2026-07-08,2026-07-09,APJ ANGAD 2
2026-09-06,2026-09-07,Paradip,FOR OJ,NOT READY,MT. SHIVALIK NR,225.28,36.6,11.6,2026-09-04,17:12,BUTANE/PROP,13000,1,,(B),36.60 11.60 04.09  1712IOCLD  13000 SAMSARAMT. SHIVALIK NR 225.28 1 BUTANE/PROP SAMSARA - (B),dtr0709.pdf,dtr0907.pdf,2026-07-08,2026-07-09,SHIVALIK
2026-09-06,2026-09-07,Paradip,FOR OJ,NOT READY,MT. TORM DOVER NR,183.12,32.2,0.0,2026-09-05,14:12,NAPTHA,35000,2,,(B),32.20 0.00 05.09  1412IOCLL  35000 ISIPLMT. TORM DOVER NR 183.12 2 NAPTHA ISIPL - (B),dtr0709.pdf,dtr0907.pdf,2026-07-08,2026-07-09,TORM DOVER
2026-09-06,2026-09-07,Paradip,FOR OJ,NOT READY,MT. GAS ALKHALEEJ NR,225.28,36.62,11.8,2026-09-07,09:54,BUTANE/PROP,28000,3,,(B),36.62 11.80 07.09  0954IOCLD  28000 AGSMT. GAS ALKHALEEJ NR 225.28 3 BUTANE/PROP AGS - (B),dtr0709.pdf,dtr0907.pdf,2026-07-08,2026-07-09,GAS ALKHALEEJ
2026-09-06,2026-09-07,Paradip,FOR SPM,READY,MT. OLYMPIC FLAG,273.97,47.0,15.0,2026-09-06,09:54,CRUDE OIL,124610,1,,,47.00 15.00 06.09  0954IOCL PLDD  124610 AGSMT. OLYMPIC FLAG 273.97 1 CRUDE OIL AGSR -,dtr0709.pdf,dtr0907.pdf,2026-07-08,2026-07-09,OLYMPIC FLAG
2026-09-06,2026-09-07,Paradip,FOR SPM,NOT READY,MT. AYAT NR,179.99,32.2,11.4,2026-08-26,19:30,CRUDE OIL,37861,1,,(B),32.20 11.40 26.08  1930IOCL PLDD  37861 AGSMT. AYAT NR 179.99 1 CRUDE OIL AGS - (B),dtr0709.pdf,dtr0907.pdf,2026-07-08,2026-07-09,AYAT
2026-09-06,2026-09-07,Paradip,FOR PICT,NOT READY,MV. TAN BINH 259 ICT/NR,175.53,29.4,9.5,2026-07-22,16:25,S.COIL,25391,1,,(B),29.40 9.50 22.07  1625JSLD  25391 SSSMV. TAN BINH 259 ICT/NR 175.53 1 S.COIL NK - (B),dtr0709.pdf,dtr0907.pdf,2026-07-08,2026-07-09,TAN BINH 259
2026-09-06,2026-09-07,Paradip,FOR PICT,NOT READY,MV. NEON TRADER ICT/NR,179.9,30.0,9.24,2026-09-01,17:36,S.COIL,15000,2,,(B),30.00 9.24 01.09  1736SAILL  15000 GACMV. NEON TRADER ICT/NR 179.90 2 S.COIL GAC - (B),dtr0709.pdf,dtr0907.pdf,2026-07-08,2026-07-09,NEON TRADER
2026-09-06,2026-09-07,Paradip,FOR PICT,NOT READY,MV. YPERION ICT/NR,229.0,32.26,7.25,2026-09-01,20:36,PIG IRON,66000,3,,(B),32.26 7.25 01.09  2036OMPLL  66000 J M BAXIMSPLMV. YPERION ICT/NR 229.00 3 PIG IRON J M BAXIMSPL - (B),dtr0709.pdf,dtr0907.pdf,2026-07-08,2026-07-09,YPERION
2026-09-06,2026-09-07,Paradip,FOR PICT,NOT READY,MV. DIONYSUS ICT/NR,199.9,32.26,12.35,2026-09-06,19:06,UREA,52500,4,,(B),32.26 12.35 06.09  1906BRAHMAPUTRAD  52500 SSSMV. DIONYSUS ICT/NR 199.90 4 UREA SSS - (B),dtr0709.pdf,dtr0907.pdf,2026-07-08,2026-07-09,DIONYSUS
2026-09-06,2026-09-07,Paradip,Others,NOT READY,MV. PELAGIA NR,228.99,32.26,12.86,2026-08-27,23:00,,36000,1,,(B),32.26 12.86 27.08  2300NKD  36000 ALAPMV. PELAGIA NR 228.99 1 A. SULPHATE ALAP - (B),dtr0709.pdf,dtr0907.pdf,2026-07-08,2026-07-09,PELAGIA
2026-09-06,2026-09-07,Paradip,FOR CB-1 & CB-2,READY,MV. APJ SETHU,224.86,32.26,0.0,2026-09-05,06:48,TH.COAL,75000,1,,,32.26 0.00 05.09  0648TNPGCLL  75000 SEAPORTMV. APJ SETHU 224.86 1 TH.COAL J M BAXIMSPLR - P,dtr0709.pdf,dtr0908.pdf,2026-08-08,2026-08-09,APJ SETHU
2026-09-06,2026-09-07,Paradip,FOR CB-1 & CB-2,READY,MV. SINGAPORE BULKER,189.99,32.26,13.3,2026-09-07,06:18,TH.COAL,55000,2,,,32.26 13.30 07.09  0618OPGL  55000 SEA SHIPSMV. SINGAPORE BULKER 189.99 2 TH.COAL SSSR -,dtr0709.pdf,dtr0908.pdf,2026-08-08,2026-08-09,SINGAPORE BULKER
2026-09-06,2026-09-07,Paradip,FOR CB-1 & CB-2,READY,MV. APJ ANGAD 2,224.94,32.26,14.5,2026-09-07,10:18,TH.COAL,75000,3,,,32.26 14.50 07.09  1018NTECL/CLPLL  75000 BOTHRAMV. APJ ANGAD 2 224.94 3 TH.COAL JMBR -,dtr0709.pdf,dtr0908.pdf,2026-08-08,2026-08-09,APJ ANGAD 2
2026-09-06,2026-09-07,Paradip,FOR OJ,NOT READY,MT. SHIVALIK NR,225.28,36.6,11.6,2026-09-04,17:12,BUTANE/PROP,13000,1,,(B),36.60 11.60 04.09  1712IOCLD  13000 SAMSARAMT. SHIVALIK NR 225.28 1 BUTANE/PROP SAMSARA - (B),dtr0709.pdf,dtr0908.pdf,2026-08-08,2026-08-09,SHIVALIK
2026-09-06,2026-09-07,Paradip,FOR OJ,NOT READY,MT. TORM DOVER NR,183.12,32.2,0.0,2026-09-05,14:12,NAPTHA,35000,2,,(B),32.20 0.00 05.09  1412IOCLL  35000 ISIPLMT. TORM DOVER NR 183.12 2 NAPTHA ISIPL - (B),dtr0709.pdf,dtr0908.pdf,2026-08-08,2026-08-09,TORM DOVER
2026-09-06,2026-09-07,Paradip,FOR OJ,NOT READY,MT. GAS ALKHALEEJ NR,225.28,36.62,11.8,2026-09-07,09:54,BUTANE/PROP,28000,3,,(B),36.62 11.80 07.09  0954IOCLD  28000 AGSMT. GAS ALKHALEEJ NR 225.28 3 BUTANE/PROP AGS - (B),dtr0709.pdf,dtr0908.pdf,2026-08-08,2026-08-09,GAS ALKHALEEJ
2026-09-06,2026-09-07,Paradip,FOR SPM,READY,MT. OLYMPIC FLAG,273.97,47.0,15.0,2026-09-06,09:54,CRUDE OIL,124610,1,,,47.00 15.00 06.09  0954IOCL PLDD  124610 AGSMT. OLYMPIC FLAG 273.97 1 CRUDE OIL AGSR -,dtr0709.pdf,dtr0908.pdf,2026-08-08,2026-08-09,OLYMPIC FLAG
2026-09-06,2026-09-07,Paradip,FOR SPM,NOT READY,MT. AYAT NR,179.99,32.2,11.4,2026-08-26,19:30,CRUDE OIL,37861,1,,(B),32.20 11.40 26.08  1930IOCL PLDD  37861 AGSMT. AYAT NR 179.99 1 CRUDE OIL AGS - (B),dtr0709.pdf,dtr0908.pdf,2026-08-08,2026-08-09,AYAT
2026-09-06,2026-09-07,Paradip,FOR PICT,NOT READY,MV. TAN BINH 259 ICT/NR,175.53,29.4,9.5,2026-07-22,16:25,S.COIL,25391,1,,(B),29.40 9.50 22.07  1625JSLD  25391 SSSMV. TAN BINH 259 ICT/NR 175.53 1 S.COIL NK - (B),dtr0709.pdf,dtr0908.pdf,2026-08-08,2026-08-09,TAN BINH 259
2026-09-06,2026-09-07,Paradip,FOR PICT,NOT READY,MV. NEON TRADER ICT/NR,179.9,30.0,9.24,2026-09-01,17:36,S.COIL,15000,2,,(B),30.00 9.24 01.09  1736SAILL  15000 GACMV. NEON TRADER ICT/NR 179.90 2 S.COIL GAC - (B),dtr0709.pdf,dtr0908.pdf,2026-08-08,2026-08-09,NEON TRADER
2026-09-06,2026-09-07,Paradip,FOR PICT,NOT READY,MV. YPERION ICT/NR,229.0,32.26,7.25,2026-09-01,20:36,PIG IRON,66000,3,,(B),32.26 7.25 01.09  2036OMPLL  66000 J M BAXIMSPLMV. YPERION ICT/NR 229.00 3 PIG IRON J M BAXIMSPL - (B),dtr0709.pdf,dtr0908.pdf,2026-08-08,2026-08-09,YPERION
2026-09-06,2026-09-07,Paradip,FOR PICT,NOT READY,MV. DIONYSUS ICT/NR,199.9,32.26,12.35,2026-09-06,19:06,UREA,52500,4,,(B),32.26 12.35 06.09  1906BRAHMAPUTRAD  52500 SSSMV. DIONYSUS ICT/NR 199.90 4 UREA SSS - (B),dtr0709.pdf,dtr0908.pdf,2026-08-08,2026-08-09,DIONYSUS
2026-09-06,2026-09-07,Paradip,Others,NOT READY,MV. PELAGIA NR,228.99,32.26,12.86,2026-08-27,23:00,,36000,1,,(B),32.26 12.86 27.08  2300NKD  36000 ALAPMV. PELAGIA NR 228.99 1 A. SULPHATE ALAP - (B),dtr0709.pdf,dtr0908.pdf,2026-08-08,2026-08-09,PELAGIA
2026-09-06,2026-09-07,Paradip,FOR CB-1 & CB-2,READY,MV. APJ SETHU,224.86,32.26,0.0,2026-09-05,06:48,TH.COAL,75000,1,,,32.26 0.00 05.09  0648TNPGCLL  75000 SEAPORTMV. APJ SETHU 224.86 1 TH.COAL J M BAXIMSPLR - P,dtr0709.pdf,dtr0910.pdf,2025-10-08,2025-10-09,APJ SETHU
2026-09-06,2026-09-07,Paradip,FOR CB-1 & CB-2,READY,MV. SINGAPORE BULKER,189.99,32.26,13.3,2026-09-07,06:18,TH.COAL,55000,2,,,32.26 13.30 07.09  0618OPGL  55000 SEA SHIPSMV. SINGAPORE BULKER 189.99 2 TH.COAL SSSR -,dtr0709.pdf,dtr0910.pdf,2025-10-08,2025-10-09,SINGAPORE BULKER
2026-09-06,2026-09-07,Paradip,FOR CB-1 & CB-2,READY,MV. APJ ANGAD 2,224.94,32.26,14.5,2026-09-07,10:18,TH.COAL,75000,3,,,32.26 14.50 07.09  1018NTECL/CLPLL  75000 BOTHRAMV. APJ ANGAD 2 224.94 3 TH.COAL JMBR -,dtr0709.pdf,dtr0910.pdf,2025-10-08,2025-10-09,APJ ANGAD 2
2026-09-06,2026-09-07,Paradip,FOR OJ,NOT READY,MT. SHIVALIK NR,225.28,36.6,11.6,2026-09-04,17:12,BUTANE/PROP,13000,1,,(B),36.60 11.60 04.09  1712IOCLD  13000 SAMSARAMT. SHIVALIK NR 225.28 1 BUTANE/PROP SAMSARA - (B),dtr0709.pdf,dtr0910.pdf,2025-10-08,2025-10-09,SHIVALIK
2026-09-06,2026-09-07,Paradip,FOR OJ,NOT READY,MT. TORM DOVER NR,183.12,32.2,0.0,2026-09-05,14:12,NAPTHA,35000,2,,(B),32.20 0.00 05.09  1412IOCLL  35000 ISIPLMT. TORM DOVER NR 183.12 2 NAPTHA ISIPL - (B),dtr0709.pdf,dtr0910.pdf,2025-10-08,2025-10-09,TORM DOVER
2026-09-06,2026-09-07,Paradip,FOR OJ,NOT READY,MT. GAS ALKHALEEJ NR,225.28,36.62,11.8,2026-09-07,09:54,BUTANE/PROP,28000,3,,(B),36.62 11.80 07.09  0954IOCLD  28000 AGSMT. GAS ALKHALEEJ NR 225.28 3 BUTANE/PROP AGS - (B),dtr0709.pdf,dtr0910.pdf,2025-10-08,2025-10-09,GAS ALKHALEEJ
2026-09-06,2026-09-07,Paradip,FOR SPM,READY,MT. OLYMPIC FLAG,273.97,47.0,15.0,2026-09-06,09:54,CRUDE OIL,124610,1,,,47.00 15.00 06.09  0954IOCL PLDD  124610 AGSMT. OLYMPIC FLAG 273.97 1 CRUDE OIL AGSR -,dtr0709.pdf,dtr0910.pdf,2025-10-08,2025-10-09,OLYMPIC FLAG
2026-09-06,2026-09-07,Paradip,FOR SPM,NOT READY,MT. AYAT NR,179.99,32.2,11.4,2026-08-26,19:30,CRUDE OIL,37861,1,,(B),32.20 11.40 26.08  1930IOCL PLDD  37861 AGSMT. AYAT NR 179.99 1 CRUDE OIL AGS - (B),dtr0709.pdf,dtr0910.pdf,2025-10-08,2025-10-09,AYAT
2026-09-06,2026-09-07,Paradip,FOR PICT,NOT READY,MV. TAN BINH 259 ICT/NR,175.53,29.4,9.5,2026-07-22,16:25,S.COIL,25391,1,,(B),29.40 9.50 22.07  1625JSLD  25391 SSSMV. TAN BINH 259 ICT/NR 175.53 1 S.COIL NK - (B),dtr0709.pdf,dtr0910.pdf,2025-10-08,2025-10-09,TAN BINH 259
2026-09-06,2026-09-07,Paradip,FOR PICT,NOT READY,MV. NEON TRADER ICT/NR,179.9,30.0,9.24,2026-09-01,17:36,S.COIL,15000,2,,(B),30.00 9.24 01.09  1736SAILL  15000 GACMV. NEON TRADER ICT/NR 179.90 2 S.COIL GAC - (B),dtr0709.pdf,dtr0910.pdf,2025-10-08,2025-10-09,NEON TRADER
2026-09-06,2026-09-07,Paradip,FOR PICT,NOT READY,MV. YPERION ICT/NR,229.0,32.26,7.25,2026-09-01,20:36,PIG IRON,66000,3,,(B),32.26 7.25 01.09  2036OMPLL  66000 J M BAXIMSPLMV. YPERION ICT/NR 229.00 3 PIG IRON J M BAXIMSPL - (B),dtr0709.pdf,dtr0910.pdf,2025-10-08,2025-10-09,YPERION
2026-09-06,2026-09-07,Paradip,FOR PICT,NOT READY,MV. DIONYSUS ICT/NR,199.9,32.26,12.35,2026-09-06,19:06,UREA,52500,4,,(B),32.26 12.35 06.09  1906BRAHMAPUTRAD  52500 SSSMV. DIONYSUS ICT/NR 199.90 4 UREA SSS - (B),dtr0709.pdf,dtr0910.pdf,2025-10-08,2025-10-09,DIONYSUS
2026-09-06,2026-09-07,Paradip,Others,NOT READY,MV. PELAGIA NR,228.99,32.26,12.86,2026-08-27,23:00,,36000,1,,(B),32.26 12.86 27.08  2300NKD  36000 ALAPMV. PELAGIA NR 228.99 1 A. SULPHATE ALAP - (B),dtr0709.pdf,dtr0910.pdf,2025-10-08,2025-10-09,PELAGIA
2026-09-06,2026-09-07,Paradip,FOR CB-1 & CB-2,READY,MV. APJ SETHU,224.86,32.26,0.0,2026-09-05,06:48,TH.COAL,75000,1,,,32.26 0.00 05.09  0648TNPGCLL  75000 SEAPORTMV. APJ SETHU 224.86 1 TH.COAL J M BAXIMSPLR - P,dtr0709.pdf,dtr1007.pdf,2026-07-09,2026-07-10,APJ SETHU
2026-09-06,2026-09-07,Paradip,FOR CB-1 & CB-2,READY,MV. SINGAPORE BULKER,189.99,32.26,13.3,2026-09-07,06:18,TH.COAL,55000,2,,,32.26 13.30 07.09  0618OPGL  55000 SEA SHIPSMV. SINGAPORE BULKER 189.99 2 TH.COAL SSSR -,dtr0709.pdf,dtr1007.pdf,2026-07-09,2026-07-10,SINGAPORE BULKER
2026-09-06,2026-09-07,Paradip,FOR CB-1 & CB-2,READY,MV. APJ ANGAD 2,224.94,32.26,14.5,2026-09-07,10:18,TH.COAL,75000,3,,,32.26 14.50 07.09  1018NTECL/CLPLL  75000 BOTHRAMV. APJ ANGAD 2 224.94 3 TH.COAL JMBR -,dtr0709.pdf,dtr1007.pdf,2026-07-09,2026-07-10,APJ ANGAD 2
2026-09-06,2026-09-07,Paradip,FOR OJ,NOT READY,MT. SHIVALIK NR,225.28,36.6,11.6,2026-09-04,17:12,BUTANE/PROP,13000,1,,(B),36.60 11.60 04.09  1712IOCLD  13000 SAMSARAMT. SHIVALIK NR 225.28 1 BUTANE/PROP SAMSARA - (B),dtr0709.pdf,dtr1007.pdf,2026-07-09,2026-07-10,SHIVALIK
2026-09-06,2026-09-07,Paradip,FOR OJ,NOT READY,MT. TORM DOVER NR,183.12,32.2,0.0,2026-09-05,14:12,NAPTHA,35000,2,,(B),32.20 0.00 05.09  1412IOCLL  35000 ISIPLMT. TORM DOVER NR 183.12 2 NAPTHA ISIPL - (B),dtr0709.pdf,dtr1007.pdf,2026-07-09,2026-07-10,TORM DOVER
2026-09-06,2026-09-07,Paradip,FOR OJ,NOT READY,MT. GAS ALKHALEEJ NR,225.28,36.62,11.8,2026-09-07,09:54,BUTANE/PROP,28000,3,,(B),36.62 11.80 07.09  0954IOCLD  28000 AGSMT. GAS ALKHALEEJ NR 225.28 3 BUTANE/PROP AGS - (B),dtr0709.pdf,dtr1007.pdf,2026-07-09,2026-07-10,GAS ALKHALEEJ
2026-09-06,2026-09-07,Paradip,FOR SPM,READY,MT. OLYMPIC FLAG,273.97,47.0,15.0,2026-09-06,09:54,CRUDE OIL,124610,1,,,47.00 15.00 06.09  0954IOCL PLDD  124610 AGSMT. OLYMPIC FLAG 273.97 1 CRUDE OIL AGSR -,dtr0709.pdf,dtr1007.pdf,2026-07-09,2026-07-10,OLYMPIC FLAG
2026-09-06,2026-09-07,Paradip,FOR SPM,NOT READY,MT. AYAT NR,179.99,32.2,11.4,2026-08-26,19:30,CRUDE OIL,37861,1,,(B),32.20 11.40 26.08  1930IOCL PLDD  37861 AGSMT. AYAT NR 179.99 1 CRUDE OIL AGS - (B),dtr0709.pdf,dtr1007.pdf,2026-07-09,2026-07-10,AYAT
2026-09-06,2026-09-07,Paradip,FOR PICT,NOT READY,MV. TAN BINH 259 ICT/NR,175.53,29.4,9.5,2026-07-22,16:25,S.COIL,25391,1,,(B),29.40 9.50 22.07  1625JSLD  25391 SSSMV. TAN BINH 259 ICT/NR 175.53 1 S.COIL NK - (B),dtr0709.pdf,dtr1007.pdf,2026-07-09,2026-07-10,TAN BINH 259
2026-09-06,2026-09-07,Paradip,FOR PICT,NOT READY,MV. NEON TRADER ICT/NR,179.9,30.0,9.24,2026-09-01,17:36,S.COIL,15000,2,,(B),30.00 9.24 01.09  1736SAILL  15000 GACMV. NEON TRADER ICT/NR 179.90 2 S.COIL GAC - (B),dtr0709.pdf,dtr1007.pdf,2026-07-09,2026-07-10,NEON TRADER
2026-09-06,2026-09-07,Paradip,FOR PICT,NOT READY,MV. YPERION ICT/NR,229.0,32.26,7.25,2026-09-01,20:36,PIG IRON,66000,3,,(B),32.26 7.25 01.09  2036OMPLL  66000 J M BAXIMSPLMV. YPERION ICT/NR 229.00 3 PIG IRON J M BAXIMSPL - (B),dtr0709.pdf,dtr1007.pdf,2026-07-09,2026-07-10,YPERION
2026-09-06,2026-09-07,Paradip,FOR PICT,NOT READY,MV. DIONYSUS ICT/NR,199.9,32.26,12.35,2026-09-06,19:06,UREA,52500,4,,(B),32.26 12.35 06.09  1906BRAHMAPUTRAD  52500 SSSMV. DIONYSUS ICT/NR 199.90 4 UREA SSS - (B),dtr0709.pdf,dtr1007.pdf,2026-07-09,2026-07-10,DIONYSUS
2026-09-06,2026-09-07,Paradip,Others,NOT READY,MV. PELAGIA NR,228.99,32.26,12.86,2026-08-27,23:00,,36000,1,,(B),32.26 12.86 27.08  2300NKD  36000 ALAPMV. PELAGIA NR 228.99 1 A. SULPHATE ALAP - (B),dtr0709.pdf,dtr1007.pdf,2026-07-09,2026-07-10,PELAGIA
2026-09-06,2026-09-07,Paradip,FOR CB-1 & CB-2,READY,MV. APJ SETHU,224.86,32.26,0.0,2026-09-05,06:48,TH.COAL,75000,1,,,32.26 0.00 05.09  0648TNPGCLL  75000 SEAPORTMV. APJ SETHU 224.86 1 TH.COAL J M BAXIMSPLR - P,dtr0709.pdf,dtr1008.pdf,2026-08-09,2026-08-10,APJ SETHU
2026-09-06,2026-09-07,Paradip,FOR CB-1 & CB-2,READY,MV. SINGAPORE BULKER,189.99,32.26,13.3,2026-09-07,06:18,TH.COAL,55000,2,,,32.26 13.30 07.09  0618OPGL  55000 SEA SHIPSMV. SINGAPORE BULKER 189.99 2 TH.COAL SSSR -,dtr0709.pdf,dtr1008.pdf,2026-08-09,2026-08-10,SINGAPORE BULKER
2026-09-06,2026-09-07,Paradip,FOR CB-1 & CB-2,READY,MV. APJ ANGAD 2,224.94,32.26,14.5,2026-09-07,10:18,TH.COAL,75000,3,,,32.26 14.50 07.09  1018NTECL/CLPLL  75000 BOTHRAMV. APJ ANGAD 2 224.94 3 TH.COAL JMBR -,dtr0709.pdf,dtr1008.pdf,2026-08-09,2026-08-10,APJ ANGAD 2
2026-09-06,2026-09-07,Paradip,FOR OJ,NOT READY,MT. SHIVALIK NR,225.28,36.6,11.6,2026-09-04,17:12,BUTANE/PROP,13000,1,,(B),36.60 11.60 04.09  1712IOCLD  13000 SAMSARAMT. SHIVALIK NR 225.28 1 BUTANE/PROP SAMSARA - (B),dtr0709.pdf,dtr1008.pdf,2026-08-09,2026-08-10,SHIVALIK
2026-09-06,2026-09-07,Paradip,FOR OJ,NOT READY,MT. TORM DOVER NR,183.12,32.2,0.0,2026-09-05,14:12,NAPTHA,35000,2,,(B),32.20 0.00 05.09  1412IOCLL  35000 ISIPLMT. TORM DOVER NR 183.12 2 NAPTHA ISIPL - (B),dtr0709.pdf,dtr1008.pdf,2026-08-09,2026-08-10,TORM DOVER
2026-09-06,2026-09-07,Paradip,FOR OJ,NOT READY,MT. GAS ALKHALEEJ NR,225.28,36.62,11.8,2026-09-07,09:54,BUTANE/PROP,28000,3,,(B),36.62 11.80 07.09  0954IOCLD  28000 AGSMT. GAS ALKHALEEJ NR 225.28 3 BUTANE/PROP AGS - (B),dtr0709.pdf,dtr1008.pdf,2026-08-09,2026-08-10,GAS ALKHALEEJ
2026-09-06,2026-09-07,Paradip,FOR SPM,READY,MT. OLYMPIC FLAG,273.97,47.0,15.0,2026-09-06,09:54,CRUDE OIL,124610,1,,,47.00 15.00 06.09  0954IOCL PLDD  124610 AGSMT. OLYMPIC FLAG 273.97 1 CRUDE OIL AGSR -,dtr0709.pdf,dtr1008.pdf,2026-08-09,2026-08-10,OLYMPIC FLAG
2026-09-06,2026-09-07,Paradip,FOR SPM,NOT READY,MT. AYAT NR,179.99,32.2,11.4,2026-08-26,19:30,CRUDE OIL,37861,1,,(B),32.20 11.40 26.08  1930IOCL PLDD  37861 AGSMT. AYAT NR 179.99 1 CRUDE OIL AGS - (B),dtr0709.pdf,dtr1008.pdf,2026-08-09,2026-08-10,AYAT
2026-09-06,2026-09-07,Paradip,FOR PICT,NOT READY,MV. TAN BINH 259 ICT/NR,175.53,29.4,9.5,2026-07-22,16:25,S.COIL,25391,1,,(B),29.40 9.50 22.07  1625JSLD  25391 SSSMV. TAN BINH 259 ICT/NR 175.53 1 S.COIL NK - (B),dtr0709.pdf,dtr1008.pdf,2026-08-09,2026-08-10,TAN BINH 259
2026-09-06,2026-09-07,Paradip,FOR PICT,NOT READY,MV. NEON TRADER ICT/NR,179.9,30.0,9.24,2026-09-01,17:36,S.COIL,15000,2,,(B),30.00 9.24 01.09  1736SAILL  15000 GACMV. NEON TRADER ICT/NR 179.90 2 S.COIL GAC - (B),dtr0709.pdf,dtr1008.pdf,2026-08-09,2026-08-10,NEON TRADER
2026-09-06,2026-09-07,Paradip,FOR PICT,NOT READY,MV. YPERION ICT/NR,229.0,32.26,7.25,2026-09-01,20:36,PIG IRON,66000,3,,(B),32.26 7.25 01.09  2036OMPLL  66000 J M BAXIMSPLMV. YPERION ICT/NR 229.00 3 PIG IRON J M BAXIMSPL - (B),dtr0709.pdf,dtr1008.pdf,2026-08-09,2026-08-10,YPERION
2026-09-06,2026-09-07,Paradip,FOR PICT,NOT READY,MV. DIONYSUS ICT/NR,199.9,32.26,12.35,2026-09-06,19:06,UREA,52500,4,,(B),32.26 12.35 06.09  1906BRAHMAPUTRAD  52500 SSSMV. DIONYSUS ICT/NR 199.90 4 UREA SSS - (B),dtr0709.pdf,dtr1008.pdf,2026-08-09,2026-08-10,DIONYSUS
2026-09-06,2026-09-07,Paradip,Others,NOT READY,MV. PELAGIA NR,228.99,32.26,12.86,2026-08-27,23:00,,36000,1,,(B),32.26 12.86 27.08  2300NKD  36000 ALAPMV. PELAGIA NR 228.99 1 A. SULPHATE ALAP - (B),dtr0709.pdf,dtr1008.pdf,2026-08-09,2026-08-10,PELAGIA
2026-09-06,2026-09-07,Paradip,FOR CB-1 & CB-2,READY,MV. APJ SETHU,224.86,32.26,0.0,2026-09-05,06:48,TH.COAL,75000,1,,,32.26 0.00 05.09  0648TNPGCLL  75000 SEAPORTMV. APJ SETHU 224.86 1 TH.COAL J M BAXIMSPLR - P,dtr0709.pdf,dtr1010.pdf,2025-10-09,2025-10-10,APJ SETHU
2026-09-06,2026-09-07,Paradip,FOR CB-1 & CB-2,READY,MV. SINGAPORE BULKER,189.99,32.26,13.3,2026-09-07,06:18,TH.COAL,55000,2,,,32.26 13.30 07.09  0618OPGL  55000 SEA SHIPSMV. SINGAPORE BULKER 189.99 2 TH.COAL SSSR -,dtr0709.pdf,dtr1010.pdf,2025-10-09,2025-10-10,SINGAPORE BULKER
2026-09-06,2026-09-07,Paradip,FOR CB-1 & CB-2,READY,MV. APJ ANGAD 2,224.94,32.26,14.5,2026-09-07,10:18,TH.COAL,75000,3,,,32.26 14.50 07.09  1018NTECL/CLPLL  75000 BOTHRAMV. APJ ANGAD 2 224.94 3 TH.COAL JMBR -,dtr0709.pdf,dtr1010.pdf,2025-10-09,2025-10-10,APJ ANGAD 2
2026-09-06,2026-09-07,Paradip,FOR OJ,NOT READY,MT. SHIVALIK NR,225.28,36.6,11.6,2026-09-04,17:12,BUTANE/PROP,13000,1,,(B),36.60 11.60 04.09  1712IOCLD  13000 SAMSARAMT. SHIVALIK NR 225.28 1 BUTANE/PROP SAMSARA - (B),dtr0709.pdf,dtr1010.pdf,2025-10-09,2025-10-10,SHIVALIK
2026-09-06,2026-09-07,Paradip,FOR OJ,NOT READY,MT. TORM DOVER NR,183.12,32.2,0.0,2026-09-05,14:12,NAPTHA,35000,2,,(B),32.20 0.00 05.09  1412IOCLL  35000 ISIPLMT. TORM DOVER NR 183.12 2 NAPTHA ISIPL - (B),dtr0709.pdf,dtr1010.pdf,2025-10-09,2025-10-10,TORM DOVER
2026-09-06,2026-09-07,Paradip,FOR OJ,NOT READY,MT. GAS ALKHALEEJ NR,225.28,36.62,11.8,2026-09-07,09:54,BUTANE/PROP,28000,3,,(B),36.62 11.80 07.09  0954IOCLD  28000 AGSMT. GAS ALKHALEEJ NR 225.28 3 BUTANE/PROP AGS - (B),dtr0709.pdf,dtr1010.pdf,2025-10-09,2025-10-10,GAS ALKHALEEJ
2026-09-06,2026-09-07,Paradip,FOR SPM,READY,MT. OLYMPIC FLAG,273.97,47.0,15.0,2026-09-06,09:54,CRUDE OIL,124610,1,,,47.00 15.00 06.09  0954IOCL PLDD  124610 AGSMT. OLYMPIC FLAG 273.97 1 CRUDE OIL AGSR -,dtr0709.pdf,dtr1010.pdf,2025-10-09,2025-10-10,OLYMPIC FLAG
2026-09-06,2026-09-07,Paradip,FOR SPM,NOT READY,MT. AYAT NR,179.99,32.2,11.4,2026-08-26,19:30,CRUDE OIL,37861,1,,(B),32.20 11.40 26.08  1930IOCL PLDD  37861 AGSMT. AYAT NR 179.99 1 CRUDE OIL AGS - (B),dtr0709.pdf,dtr1010.pdf,2025-10-09,2025-10-10,AYAT
2026-09-06,2026-09-07,Paradip,FOR PICT,NOT READY,MV. TAN BINH 259 ICT/NR,175.53,29.4,9.5,2026-07-22,16:25,S.COIL,25391,1,,(B),29.40 9.50 22.07  1625JSLD  25391 SSSMV. TAN BINH 259 ICT/NR 175.53 1 S.COIL NK - (B),dtr0709.pdf,dtr1010.pdf,2025-10-09,2025-10-10,TAN BINH 259
2026-09-06,2026-09-07,Paradip,FOR PICT,NOT READY,MV. NEON TRADER ICT/NR,179.9,30.0,9.24,2026-09-01,17:36,S.COIL,15000,2,,(B),30.00 9.24 01.09  1736SAILL  15000 GACMV. NEON TRADER ICT/NR 179.90 2 S.COIL GAC - (B),dtr0709.pdf,dtr1010.pdf,2025-10-09,2025-10-10,NEON TRADER
2026-09-06,2026-09-07,Paradip,FOR PICT,NOT READY,MV. YPERION ICT/NR,229.0,32.26,7.25,2026-09-01,20:36,PIG IRON,66000,3,,(B),32.26 7.25 01.09  2036OMPLL  66000 J M BAXIMSPLMV. YPERION ICT/NR 229.00 3 PIG IRON J M BAXIMSPL - (B),dtr0709.pdf,dtr1010.pdf,2025-10-09,2025-10-10,YPERION
2026-09-06,2026-09-07,Paradip,FOR PICT,NOT READY,MV. DIONYSUS ICT/NR,199.9,32.26,12.35,2026-09-06,19:06,UREA,52500,4,,(B),32.26 12.35 06.09  1906BRAHMAPUTRAD  52500 SSSMV. DIONYSUS ICT/NR 199.90 4 UREA SSS - (B),dtr0709.pdf,dtr1010.pdf,2025-10-09,2025-10-10,DIONYSUS
2026-09-06,2026-09-07,Paradip,Others,NOT READY,MV. PELAGIA NR,228.99,32.26,12.86,2026-08-27,23:00,,36000,1,,(B),32.26 12.86 27.08  2300NKD  36000 ALAPMV. PELAGIA NR 228.99 1 A. SULPHATE ALAP - (B),dtr0709.pdf,dtr1010.pdf,2025-10-09,2025-10-10,PELAGIA
2026-09-06,2026-09-07,Paradip,FOR CB-1 & CB-2,READY,MV. APJ SETHU,224.86,32.26,0.0,2026-09-05,06:48,TH.COAL,75000,1,,,32.26 0.00 05.09  0648TNPGCLL  75000 SEAPORTMV. APJ SETHU 224.86 1 TH.COAL J M BAXIMSPLR - P,dtr0709.pdf,dtr1107.pdf,2026-07-10,2026-07-11,APJ SETHU
2026-09-06,2026-09-07,Paradip,FOR CB-1 & CB-2,READY,MV. SINGAPORE BULKER,189.99,32.26,13.3,2026-09-07,06:18,TH.COAL,55000,2,,,32.26 13.30 07.09  0618OPGL  55000 SEA SHIPSMV. SINGAPORE BULKER 189.99 2 TH.COAL SSSR -,dtr0709.pdf,dtr1107.pdf,2026-07-10,2026-07-11,SINGAPORE BULKER
2026-09-06,2026-09-07,Paradip,FOR CB-1 & CB-2,READY,MV. APJ ANGAD 2,224.94,32.26,14.5,2026-09-07,10:18,TH.COAL,75000,3,,,32.26 14.50 07.09  1018NTECL/CLPLL  75000 BOTHRAMV. APJ ANGAD 2 224.94 3 TH.COAL JMBR -,dtr0709.pdf,dtr1107.pdf,2026-07-10,2026-07-11,APJ ANGAD 2
2026-09-06,2026-09-07,Paradip,FOR OJ,NOT READY,MT. SHIVALIK NR,225.28,36.6,11.6,2026-09-04,17:12,BUTANE/PROP,13000,1,,(B),36.60 11.60 04.09  1712IOCLD  13000 SAMSARAMT. SHIVALIK NR 225.28 1 BUTANE/PROP SAMSARA - (B),dtr0709.pdf,dtr1107.pdf,2026-07-10,2026-07-11,SHIVALIK
2026-09-06,2026-09-07,Paradip,FOR OJ,NOT READY,MT. TORM DOVER NR,183.12,32.2,0.0,2026-09-05,14:12,NAPTHA,35000,2,,(B),32.20 0.00 05.09  1412IOCLL  35000 ISIPLMT. TORM DOVER NR 183.12 2 NAPTHA ISIPL - (B),dtr0709.pdf,dtr1107.pdf,2026-07-10,2026-07-11,TORM DOVER
2026-09-06,2026-09-07,Paradip,FOR OJ,NOT READY,MT. GAS ALKHALEEJ NR,225.28,36.62,11.8,2026-09-07,09:54,BUTANE/PROP,28000,3,,(B),36.62 11.80 07.09  0954IOCLD  28000 AGSMT. GAS ALKHALEEJ NR 225.28 3 BUTANE/PROP AGS - (B),dtr0709.pdf,dtr1107.pdf,2026-07-10,2026-07-11,GAS ALKHALEEJ
2026-09-06,2026-09-07,Paradip,FOR SPM,READY,MT. OLYMPIC FLAG,273.97,47.0,15.0,2026-09-06,09:54,CRUDE OIL,124610,1,,,47.00 15.00 06.09  0954IOCL PLDD  124610 AGSMT. OLYMPIC FLAG 273.97 1 CRUDE OIL AGSR -,dtr0709.pdf,dtr1107.pdf,2026-07-10,2026-07-11,OLYMPIC FLAG
2026-09-06,2026-09-07,Paradip,FOR SPM,NOT READY,MT. AYAT NR,179.99,32.2,11.4,2026-08-26,19:30,CRUDE OIL,37861,1,,(B),32.20 11.40 26.08  1930IOCL PLDD  37861 AGSMT. AYAT NR 179.99 1 CRUDE OIL AGS - (B),dtr0709.pdf,dtr1107.pdf,2026-07-10,2026-07-11,AYAT
2026-09-06,2026-09-07,Paradip,FOR PICT,NOT READY,MV. TAN BINH 259 ICT/NR,175.53,29.4,9.5,2026-07-22,16:25,S.COIL,25391,1,,(B),29.40 9.50 22.07  1625JSLD  25391 SSSMV. TAN BINH 259 ICT/NR 175.53 1 S.COIL NK - (B),dtr0709.pdf,dtr1107.pdf,2026-07-10,2026-07-11,TAN BINH 259
2026-09-06,2026-09-07,Paradip,FOR PICT,NOT READY,MV. NEON TRADER ICT/NR,179.9,30.0,9.24,2026-09-01,17:36,S.COIL,15000,2,,(B),30.00 9.24 01.09  1736SAILL  15000 GACMV. NEON TRADER ICT/NR 179.90 2 S.COIL GAC - (B),dtr0709.pdf,dtr1107.pdf,2026-07-10,2026-07-11,NEON TRADER
2026-09-06,2026-09-07,Paradip,FOR PICT,NOT READY,MV. YPERION ICT/NR,229.0,32.26,7.25,2026-09-01,20:36,PIG IRON,66000,3,,(B),32.26 7.25 01.09  2036OMPLL  66000 J M BAXIMSPLMV. YPERION ICT/NR 229.00 3 PIG IRON J M BAXIMSPL - (B),dtr0709.pdf,dtr1107.pdf,2026-07-10,2026-07-11,YPERION
2026-09-06,2026-09-07,Paradip,FOR PICT,NOT READY,MV. DIONYSUS ICT/NR,199.9,32.26,12.35,2026-09-06,19:06,UREA,52500,4,,(B),32.26 12.35 06.09  1906BRAHMAPUTRAD  52500 SSSMV. DIONYSUS ICT/NR 199.90 4 UREA SSS - (B),dtr0709.pdf,dtr1107.pdf,2026-07-10,2026-07-11,DIONYSUS
2026-09-06,2026-09-07,Paradip,Others,NOT READY,MV. PELAGIA NR,228.99,32.26,12.86,2026-08-27,23:00,,36000,1,,(B),32.26 12.86 27.08  2300NKD  36000 ALAPMV. PELAGIA NR 228.99 1 A. SULPHATE ALAP - (B),dtr0709.pdf,dtr1107.pdf,2026-07-10,2026-07-11,PELAGIA
2026-09-06,2026-09-07,Paradip,FOR CB-1 & CB-2,READY,MV. APJ SETHU,224.86,32.26,0.0,2026-09-05,06:48,TH.COAL,75000,1,,,32.26 0.00 05.09  0648TNPGCLL  75000 SEAPORTMV. APJ SETHU 224.86 1 TH.COAL J M BAXIMSPLR - P,dtr0709.pdf,dtr1108.pdf,2026-08-10,2026-08-11,APJ SETHU
2026-09-06,2026-09-07,Paradip,FOR CB-1 & CB-2,READY,MV. SINGAPORE BULKER,189.99,32.26,13.3,2026-09-07,06:18,TH.COAL,55000,2,,,32.26 13.30 07.09  0618OPGL  55000 SEA SHIPSMV. SINGAPORE BULKER 189.99 2 TH.COAL SSSR -,dtr0709.pdf,dtr1108.pdf,2026-08-10,2026-08-11,SINGAPORE BULKER
2026-09-06,2026-09-07,Paradip,FOR CB-1 & CB-2,READY,MV. APJ ANGAD 2,224.94,32.26,14.5,2026-09-07,10:18,TH.COAL,75000,3,,,32.26 14.50 07.09  1018NTECL/CLPLL  75000 BOTHRAMV. APJ ANGAD 2 224.94 3 TH.COAL JMBR -,dtr0709.pdf,dtr1108.pdf,2026-08-10,2026-08-11,APJ ANGAD 2
2026-09-06,2026-09-07,Paradip,FOR OJ,NOT READY,MT. SHIVALIK NR,225.28,36.6,11.6,2026-09-04,17:12,BUTANE/PROP,13000,1,,(B),36.60 11.60 04.09  1712IOCLD  13000 SAMSARAMT. SHIVALIK NR 225.28 1 BUTANE/PROP SAMSARA - (B),dtr0709.pdf,dtr1108.pdf,2026-08-10,2026-08-11,SHIVALIK
2026-09-06,2026-09-07,Paradip,FOR OJ,NOT READY,MT. TORM DOVER NR,183.12,32.2,0.0,2026-09-05,14:12,NAPTHA,35000,2,,(B),32.20 0.00 05.09  1412IOCLL  35000 ISIPLMT. TORM DOVER NR 183.12 2 NAPTHA ISIPL - (B),dtr0709.pdf,dtr1108.pdf,2026-08-10,2026-08-11,TORM DOVER
2026-09-06,2026-09-07,Paradip,FOR OJ,NOT READY,MT. GAS ALKHALEEJ NR,225.28,36.62,11.8,2026-09-07,09:54,BUTANE/PROP,28000,3,,(B),36.62 11.80 07.09  0954IOCLD  28000 AGSMT. GAS ALKHALEEJ NR 225.28 3 BUTANE/PROP AGS - (B),dtr0709.pdf,dtr1108.pdf,2026-08-10,2026-08-11,GAS ALKHALEEJ
2026-09-06,2026-09-07,Paradip,FOR SPM,READY,MT. OLYMPIC FLAG,273.97,47.0,15.0,2026-09-06,09:54,CRUDE OIL,124610,1,,,47.00 15.00 06.09  0954IOCL PLDD  124610 AGSMT. OLYMPIC FLAG 273.97 1 CRUDE OIL AGSR -,dtr0709.pdf,dtr1108.pdf,2026-08-10,2026-08-11,OLYMPIC FLAG
2026-09-06,2026-09-07,Paradip,FOR SPM,NOT READY,MT. AYAT NR,179.99,32.2,11.4,2026-08-26,19:30,CRUDE OIL,37861,1,,(B),32.20 11.40 26.08  1930IOCL PLDD  37861 AGSMT. AYAT NR 179.99 1 CRUDE OIL AGS - (B),dtr0709.pdf,dtr1108.pdf,2026-08-10,2026-08-11,AYAT
2026-09-06,2026-09-07,Paradip,FOR PICT,NOT READY,MV. TAN BINH 259 ICT/NR,175.53,29.4,9.5,2026-07-22,16:25,S.COIL,25391,1,,(B),29.40 9.50 22.07  1625JSLD  25391 SSSMV. TAN BINH 259 ICT/NR 175.53 1 S.COIL NK - (B),dtr0709.pdf,dtr1108.pdf,2026-08-10,2026-08-11,TAN BINH 259
2026-09-06,2026-09-07,Paradip,FOR PICT,NOT READY,MV. NEON TRADER ICT/NR,179.9,30.0,9.24,2026-09-01,17:36,S.COIL,15000,2,,(B),30.00 9.24 01.09  1736SAILL  15000 GACMV. NEON TRADER ICT/NR 179.90 2 S.COIL GAC - (B),dtr0709.pdf,dtr1108.pdf,2026-08-10,2026-08-11,NEON TRADER
2026-09-06,2026-09-07,Paradip,FOR PICT,NOT READY,MV. YPERION ICT/NR,229.0,32.26,7.25,2026-09-01,20:36,PIG IRON,66000,3,,(B),32.26 7.25 01.09  2036OMPLL  66000 J M BAXIMSPLMV. YPERION ICT/NR 229.00 3 PIG IRON J M BAXIMSPL - (B),dtr0709.pdf,dtr1108.pdf,2026-08-10,2026-08-11,YPERION
2026-09-06,2026-09-07,Paradip,FOR PICT,NOT READY,MV. DIONYSUS ICT/NR,199.9,32.26,12.35,2026-09-06,19:06,UREA,52500,4,,(B),32.26 12.35 06.09  1906BRAHMAPUTRAD  52500 SSSMV. DIONYSUS ICT/NR 199.90 4 UREA SSS - (B),dtr0709.pdf,dtr1108.pdf,2026-08-10,2026-08-11,DIONYSUS
2026-09-06,2026-09-07,Paradip,Others,NOT READY,MV. PELAGIA NR,228.99,32.26,12.86,2026-08-27,23:00,,36000,1,,(B),32.26 12.86 27.08  2300NKD  36000 ALAPMV. PELAGIA NR 228.99 1 A. SULPHATE ALAP - (B),dtr0709.pdf,dtr1108.pdf,2026-08-10,2026-08-11,PELAGIA
2026-09-06,2026-09-07,Paradip,FOR CB-1 & CB-2,READY,MV. APJ SETHU,224.86,32.26,0.0,2026-09-05,06:48,TH.COAL,75000,1,,,32.26 0.00 05.09  0648TNPGCLL  75000 SEAPORTMV. APJ SETHU 224.86 1 TH.COAL J M BAXIMSPLR - P,dtr0709.pdf,dtr1110.pdf,2025-10-10,2025-10-11,APJ SETHU
2026-09-06,2026-09-07,Paradip,FOR CB-1 & CB-2,READY,MV. SINGAPORE BULKER,189.99,32.26,13.3,2026-09-07,06:18,TH.COAL,55000,2,,,32.26 13.30 07.09  0618OPGL  55000 SEA SHIPSMV. SINGAPORE BULKER 189.99 2 TH.COAL SSSR -,dtr0709.pdf,dtr1110.pdf,2025-10-10,2025-10-11,SINGAPORE BULKER
2026-09-06,2026-09-07,Paradip,FOR CB-1 & CB-2,READY,MV. APJ ANGAD 2,224.94,32.26,14.5,2026-09-07,10:18,TH.COAL,75000,3,,,32.26 14.50 07.09  1018NTECL/CLPLL  75000 BOTHRAMV. APJ ANGAD 2 224.94 3 TH.COAL JMBR -,dtr0709.pdf,dtr1110.pdf,2025-10-10,2025-10-11,APJ ANGAD 2
2026-09-06,2026-09-07,Paradip,FOR OJ,NOT READY,MT. SHIVALIK NR,225.28,36.6,11.6,2026-09-04,17:12,BUTANE/PROP,13000,1,,(B),36.60 11.60 04.09  1712IOCLD  13000 SAMSARAMT. SHIVALIK NR 225.28 1 BUTANE/PROP SAMSARA - (B),dtr0709.pdf,dtr1110.pdf,2025-10-10,2025-10-11,SHIVALIK
2026-09-06,2026-09-07,Paradip,FOR OJ,NOT READY,MT. TORM DOVER NR,183.12,32.2,0.0,2026-09-05,14:12,NAPTHA,35000,2,,(B),32.20 0.00 05.09  1412IOCLL  35000 ISIPLMT. TORM DOVER NR 183.12 2 NAPTHA ISIPL - (B),dtr0709.pdf,dtr1110.pdf,2025-10-10,2025-10-11,TORM DOVER
2026-09-06,2026-09-07,Paradip,FOR OJ,NOT READY,MT. GAS ALKHALEEJ NR,225.28,36.62,11.8,2026-09-07,09:54,BUTANE/PROP,28000,3,,(B),36.62 11.80 07.09  0954IOCLD  28000 AGSMT. GAS ALKHALEEJ NR 225.28 3 BUTANE/PROP AGS - (B),dtr0709.pdf,dtr1110.pdf,2025-10-10,2025-10-11,GAS ALKHALEEJ
2026-09-06,2026-09-07,Paradip,FOR SPM,READY,MT. OLYMPIC FLAG,273.97,47.0,15.0,2026-09-06,09:54,CRUDE OIL,124610,1,,,47.00 15.00 06.09  0954IOCL PLDD  124610 AGSMT. OLYMPIC FLAG 273.97 1 CRUDE OIL AGSR -,dtr0709.pdf,dtr1110.pdf,2025-10-10,2025-10-11,OLYMPIC FLAG
2026-09-06,2026-09-07,Paradip,FOR SPM,NOT READY,MT. AYAT NR,179.99,32.2,11.4,2026-08-26,19:30,CRUDE OIL,37861,1,,(B),32.20 11.40 26.08  1930IOCL PLDD  37861 AGSMT. AYAT NR 179.99 1 CRUDE OIL AGS - (B),dtr0709.pdf,dtr1110.pdf,2025-10-10,2025-10-11,AYAT
2026-09-06,2026-09-07,Paradip,FOR PICT,NOT READY,MV. TAN BINH 259 ICT/NR,175.53,29.4,9.5,2026-07-22,16:25,S.COIL,25391,1,,(B),29.40 9.50 22.07  1625JSLD  25391 SSSMV. TAN BINH 259 ICT/NR 175.53 1 S.COIL NK - (B),dtr0709.pdf,dtr1110.pdf,2025-10-10,2025-10-11,TAN BINH 259
2026-09-06,2026-09-07,Paradip,FOR PICT,NOT READY,MV. NEON TRADER ICT/NR,179.9,30.0,9.24,2026-09-01,17:36,S.COIL,15000,2,,(B),30.00 9.24 01.09  1736SAILL  15000 GACMV. NEON TRADER ICT/NR 179.90 2 S.COIL GAC - (B),dtr0709.pdf,dtr1110.pdf,2025-10-10,2025-10-11,NEON TRADER
2026-09-06,2026-09-07,Paradip,FOR PICT,NOT READY,MV. YPERION ICT/NR,229.0,32.26,7.25,2026-09-01,20:36,PIG IRON,66000,3,,(B),32.26 7.25 01.09  2036OMPLL  66000 J M BAXIMSPLMV. YPERION ICT/NR 229.00 3 PIG IRON J M BAXIMSPL - (B),dtr0709.pdf,dtr1110.pdf,2025-10-10,2025-10-11,YPERION
2026-09-06,2026-09-07,Paradip,FOR PICT,NOT READY,MV. DIONYSUS ICT/NR,199.9,32.26,12.35,2026-09-06,19:06,UREA,52500,4,,(B),32.26 12.35 06.09  1906BRAHMAPUTRAD  52500 SSSMV. DIONYSUS ICT/NR 199.90 4 UREA SSS - (B),dtr0709.pdf,dtr1110.pdf,2025-10-10,2025-10-11,DIONYSUS
2026-09-06,2026-09-07,Paradip,Others,NOT READY,MV. PELAGIA NR,228.99,32.26,12.86,2026-08-27,23:00,,36000,1,,(B),32.26 12.86 27.08  2300NKD  36000 ALAPMV. PELAGIA NR 228.99 1 A. SULPHATE ALAP - (B),dtr0709.pdf,dtr1110.pdf,2025-10-10,2025-10-11,PELAGIA
2026-09-06,2026-09-07,Paradip,FOR CB-1 & CB-2,READY,MV. APJ SETHU,224.86,32.26,0.0,2026-09-05,06:48,TH.COAL,75000,1,,,32.26 0.00 05.09  0648TNPGCLL  75000 SEAPORTMV. APJ SETHU 224.86 1 TH.COAL J M BAXIMSPLR - P,dtr0709.pdf,dtr1207.pdf,2026-07-11,2026-07-12,APJ SETHU
2026-09-06,2026-09-07,Paradip,FOR CB-1 & CB-2,READY,MV. SINGAPORE BULKER,189.99,32.26,13.3,2026-09-07,06:18,TH.COAL,55000,2,,,32.26 13.30 07.09  0618OPGL  55000 SEA SHIPSMV. SINGAPORE BULKER 189.99 2 TH.COAL SSSR -,dtr0709.pdf,dtr1207.pdf,2026-07-11,2026-07-12,SINGAPORE BULKER
2026-09-06,2026-09-07,Paradip,FOR CB-1 & CB-2,READY,MV. APJ ANGAD 2,224.94,32.26,14.5,2026-09-07,10:18,TH.COAL,75000,3,,,32.26 14.50 07.09  1018NTECL/CLPLL  75000 BOTHRAMV. APJ ANGAD 2 224.94 3 TH.COAL JMBR -,dtr0709.pdf,dtr1207.pdf,2026-07-11,2026-07-12,APJ ANGAD 2
2026-09-06,2026-09-07,Paradip,FOR OJ,NOT READY,MT. SHIVALIK NR,225.28,36.6,11.6,2026-09-04,17:12,BUTANE/PROP,13000,1,,(B),36.60 11.60 04.09  1712IOCLD  13000 SAMSARAMT. SHIVALIK NR 225.28 1 BUTANE/PROP SAMSARA - (B),dtr0709.pdf,dtr1207.pdf,2026-07-11,2026-07-12,SHIVALIK
2026-09-06,2026-09-07,Paradip,FOR OJ,NOT READY,MT. TORM DOVER NR,183.12,32.2,0.0,2026-09-05,14:12,NAPTHA,35000,2,,(B),32.20 0.00 05.09  1412IOCLL  35000 ISIPLMT. TORM DOVER NR 183.12 2 NAPTHA ISIPL - (B),dtr0709.pdf,dtr1207.pdf,2026-07-11,2026-07-12,TORM DOVER
2026-09-06,2026-09-07,Paradip,FOR OJ,NOT READY,MT. GAS ALKHALEEJ NR,225.28,36.62,11.8,2026-09-07,09:54,BUTANE/PROP,28000,3,,(B),36.62 11.80 07.09  0954IOCLD  28000 AGSMT. GAS ALKHALEEJ NR 225.28 3 BUTANE/PROP AGS - (B),dtr0709.pdf,dtr1207.pdf,2026-07-11,2026-07-12,GAS ALKHALEEJ
2026-09-06,2026-09-07,Paradip,FOR SPM,READY,MT. OLYMPIC FLAG,273.97,47.0,15.0,2026-09-06,09:54,CRUDE OIL,124610,1,,,47.00 15.00 06.09  0954IOCL PLDD  124610 AGSMT. OLYMPIC FLAG 273.97 1 CRUDE OIL AGSR -,dtr0709.pdf,dtr1207.pdf,2026-07-11,2026-07-12,OLYMPIC FLAG
2026-09-06,2026-09-07,Paradip,FOR SPM,NOT READY,MT. AYAT NR,179.99,32.2,11.4,2026-08-26,19:30,CRUDE OIL,37861,1,,(B),32.20 11.40 26.08  1930IOCL PLDD  37861 AGSMT. AYAT NR 179.99 1 CRUDE OIL AGS - (B),dtr0709.pdf,dtr1207.pdf,2026-07-11,2026-07-12,AYAT
2026-09-06,2026-09-07,Paradip,FOR PICT,NOT READY,MV. TAN BINH 259 ICT/NR,175.53,29.4,9.5,2026-07-22,16:25,S.COIL,25391,1,,(B),29.40 9.50 22.07  1625JSLD  25391 SSSMV. TAN BINH 259 ICT/NR 175.53 1 S.COIL NK - (B),dtr0709.pdf,dtr1207.pdf,2026-07-11,2026-07-12,TAN BINH 259
2026-09-06,2026-09-07,Paradip,FOR PICT,NOT READY,MV. NEON TRADER ICT/NR,179.9,30.0,9.24,2026-09-01,17:36,S.COIL,15000,2,,(B),30.00 9.24 01.09  1736SAILL  15000 GACMV. NEON TRADER ICT/NR 179.90 2 S.COIL GAC - (B),dtr0709.pdf,dtr1207.pdf,2026-07-11,2026-07-12,NEON TRADER
2026-09-06,2026-09-07,Paradip,FOR PICT,NOT READY,MV. YPERION ICT/NR,229.0,32.26,7.25,2026-09-01,20:36,PIG IRON,66000,3,,(B),32.26 7.25 01.09  2036OMPLL  66000 J M BAXIMSPLMV. YPERION ICT/NR 229.00 3 PIG IRON J M BAXIMSPL - (B),dtr0709.pdf,dtr1207.pdf,2026-07-11,2026-07-12,YPERION
2026-09-06,2026-09-07,Paradip,FOR PICT,NOT READY,MV. DIONYSUS ICT/NR,199.9,32.26,12.35,2026-09-06,19:06,UREA,52500,4,,(B),32.26 12.35 06.09  1906BRAHMAPUTRAD  52500 SSSMV. DIONYSUS ICT/NR 199.90 4 UREA SSS - (B),dtr0709.pdf,dtr1207.pdf,2026-07-11,2026-07-12,DIONYSUS
2026-09-06,2026-09-07,Paradip,Others,NOT READY,MV. PELAGIA NR,228.99,32.26,12.86,2026-08-27,23:00,,36000,1,,(B),32.26 12.86 27.08  2300NKD  36000 ALAPMV. PELAGIA NR 228.99 1 A. SULPHATE ALAP - (B),dtr0709.pdf,dtr1207.pdf,2026-07-11,2026-07-12,PELAGIA
2026-09-06,2026-09-07,Paradip,FOR CB-1 & CB-2,READY,MV. APJ SETHU,224.86,32.26,0.0,2026-09-05,06:48,TH.COAL,75000,1,,,32.26 0.00 05.09  0648TNPGCLL  75000 SEAPORTMV. APJ SETHU 224.86 1 TH.COAL J M BAXIMSPLR - P,dtr0709.pdf,dtr1208.pdf,2026-08-11,2026-08-12,APJ SETHU
2026-09-06,2026-09-07,Paradip,FOR CB-1 & CB-2,READY,MV. SINGAPORE BULKER,189.99,32.26,13.3,2026-09-07,06:18,TH.COAL,55000,2,,,32.26 13.30 07.09  0618OPGL  55000 SEA SHIPSMV. SINGAPORE BULKER 189.99 2 TH.COAL SSSR -,dtr0709.pdf,dtr1208.pdf,2026-08-11,2026-08-12,SINGAPORE BULKER
2026-09-06,2026-09-07,Paradip,FOR CB-1 & CB-2,READY,MV. APJ ANGAD 2,224.94,32.26,14.5,2026-09-07,10:18,TH.COAL,75000,3,,,32.26 14.50 07.09  1018NTECL/CLPLL  75000 BOTHRAMV. APJ ANGAD 2 224.94 3 TH.COAL JMBR -,dtr0709.pdf,dtr1208.pdf,2026-08-11,2026-08-12,APJ ANGAD 2
2026-09-06,2026-09-07,Paradip,FOR OJ,NOT READY,MT. SHIVALIK NR,225.28,36.6,11.6,2026-09-04,17:12,BUTANE/PROP,13000,1,,(B),36.60 11.60 04.09  1712IOCLD  13000 SAMSARAMT. SHIVALIK NR 225.28 1 BUTANE/PROP SAMSARA - (B),dtr0709.pdf,dtr1208.pdf,2026-08-11,2026-08-12,SHIVALIK
2026-09-06,2026-09-07,Paradip,FOR OJ,NOT READY,MT. TORM DOVER NR,183.12,32.2,0.0,2026-09-05,14:12,NAPTHA,35000,2,,(B),32.20 0.00 05.09  1412IOCLL  35000 ISIPLMT. TORM DOVER NR 183.12 2 NAPTHA ISIPL - (B),dtr0709.pdf,dtr1208.pdf,2026-08-11,2026-08-12,TORM DOVER
2026-09-06,2026-09-07,Paradip,FOR OJ,NOT READY,MT. GAS ALKHALEEJ NR,225.28,36.62,11.8,2026-09-07,09:54,BUTANE/PROP,28000,3,,(B),36.62 11.80 07.09  0954IOCLD  28000 AGSMT. GAS ALKHALEEJ NR 225.28 3 BUTANE/PROP AGS - (B),dtr0709.pdf,dtr1208.pdf,2026-08-11,2026-08-12,GAS ALKHALEEJ
2026-09-06,2026-09-07,Paradip,FOR SPM,READY,MT. OLYMPIC FLAG,273.97,47.0,15.0,2026-09-06,09:54,CRUDE OIL,124610,1,,,47.00 15.00 06.09  0954IOCL PLDD  124610 AGSMT. OLYMPIC FLAG 273.97 1 CRUDE OIL AGSR -,dtr0709.pdf,dtr1208.pdf,2026-08-11,2026-08-12,OLYMPIC FLAG
2026-09-06,2026-09-07,Paradip,FOR SPM,NOT READY,MT. AYAT NR,179.99,32.2,11.4,2026-08-26,19:30,CRUDE OIL,37861,1,,(B),32.20 11.40 26.08  1930IOCL PLDD  37861 AGSMT. AYAT NR 179.99 1 CRUDE OIL AGS - (B),dtr0709.pdf,dtr1208.pdf,2026-08-11,2026-08-12,AYAT
2026-09-06,2026-09-07,Paradip,FOR PICT,NOT READY,MV. TAN BINH 259 ICT/NR,175.53,29.4,9.5,2026-07-22,16:25,S.COIL,25391,1,,(B),29.40 9.50 22.07  1625JSLD  25391 SSSMV. TAN BINH 259 ICT/NR 175.53 1 S.COIL NK - (B),dtr0709.pdf,dtr1208.pdf,2026-08-11,2026-08-12,TAN BINH 259
2026-09-06,2026-09-07,Paradip,FOR PICT,NOT READY,MV. NEON TRADER ICT/NR,179.9,30.0,9.24,2026-09-01,17:36,S.COIL,15000,2,,(B),30.00 9.24 01.09  1736SAILL  15000 GACMV. NEON TRADER ICT/NR 179.90 2 S.COIL GAC - (B),dtr0709.pdf,dtr1208.pdf,2026-08-11,2026-08-12,NEON TRADER
2026-09-06,2026-09-07,Paradip,FOR PICT,NOT READY,MV. YPERION ICT/NR,229.0,32.26,7.25,2026-09-01,20:36,PIG IRON,66000,3,,(B),32.26 7.25 01.09  2036OMPLL  66000 J M BAXIMSPLMV. YPERION ICT/NR 229.00 3 PIG IRON J M BAXIMSPL - (B),dtr0709.pdf,dtr1208.pdf,2026-08-11,2026-08-12,YPERION
2026-09-06,2026-09-07,Paradip,FOR PICT,NOT READY,MV. DIONYSUS ICT/NR,199.9,32.26,12.35,2026-09-06,19:06,UREA,52500,4,,(B),32.26 12.35 06.09  1906BRAHMAPUTRAD  52500 SSSMV. DIONYSUS ICT/NR 199.90 4 UREA SSS - (B),dtr0709.pdf,dtr1208.pdf,2026-08-11,2026-08-12,DIONYSUS
2026-09-06,2026-09-07,Paradip,Others,NOT READY,MV. PELAGIA NR,228.99,32.26,12.86,2026-08-27,23:00,,36000,1,,(B),32.26 12.86 27.08  2300NKD  36000 ALAPMV. PELAGIA NR 228.99 1 A. SULPHATE ALAP - (B),dtr0709.pdf,dtr1208.pdf,2026-08-11,2026-08-12,PELAGIA
2026-09-06,2026-09-07,Paradip,FOR CB-1 & CB-2,READY,MV. APJ SETHU,224.86,32.26,0.0,2026-09-05,06:48,TH.COAL,75000,1,,,32.26 0.00 05.09  0648TNPGCLL  75000 SEAPORTMV. APJ SETHU 224.86 1 TH.COAL J M BAXIMSPLR - P,dtr0709.pdf,dtr1210.pdf,2025-10-11,2025-10-12,APJ SETHU
2026-09-06,2026-09-07,Paradip,FOR CB-1 & CB-2,READY,MV. SINGAPORE BULKER,189.99,32.26,13.3,2026-09-07,06:18,TH.COAL,55000,2,,,32.26 13.30 07.09  0618OPGL  55000 SEA SHIPSMV. SINGAPORE BULKER 189.99 2 TH.COAL SSSR -,dtr0709.pdf,dtr1210.pdf,2025-10-11,2025-10-12,SINGAPORE BULKER
2026-09-06,2026-09-07,Paradip,FOR CB-1 & CB-2,READY,MV. APJ ANGAD 2,224.94,32.26,14.5,2026-09-07,10:18,TH.COAL,75000,3,,,32.26 14.50 07.09  1018NTECL/CLPLL  75000 BOTHRAMV. APJ ANGAD 2 224.94 3 TH.COAL JMBR -,dtr0709.pdf,dtr1210.pdf,2025-10-11,2025-10-12,APJ ANGAD 2
2026-09-06,2026-09-07,Paradip,FOR OJ,NOT READY,MT. SHIVALIK NR,225.28,36.6,11.6,2026-09-04,17:12,BUTANE/PROP,13000,1,,(B),36.60 11.60 04.09  1712IOCLD  13000 SAMSARAMT. SHIVALIK NR 225.28 1 BUTANE/PROP SAMSARA - (B),dtr0709.pdf,dtr1210.pdf,2025-10-11,2025-10-12,SHIVALIK
2026-09-06,2026-09-07,Paradip,FOR OJ,NOT READY,MT. TORM DOVER NR,183.12,32.2,0.0,2026-09-05,14:12,NAPTHA,35000,2,,(B),32.20 0.00 05.09  1412IOCLL  35000 ISIPLMT. TORM DOVER NR 183.12 2 NAPTHA ISIPL - (B),dtr0709.pdf,dtr1210.pdf,2025-10-11,2025-10-12,TORM DOVER
2026-09-06,2026-09-07,Paradip,FOR OJ,NOT READY,MT. GAS ALKHALEEJ NR,225.28,36.62,11.8,2026-09-07,09:54,BUTANE/PROP,28000,3,,(B),36.62 11.80 07.09  0954IOCLD  28000 AGSMT. GAS ALKHALEEJ NR 225.28 3 BUTANE/PROP AGS - (B),dtr0709.pdf,dtr1210.pdf,2025-10-11,2025-10-12,GAS ALKHALEEJ
2026-09-06,2026-09-07,Paradip,FOR SPM,READY,MT. OLYMPIC FLAG,273.97,47.0,15.0,2026-09-06,09:54,CRUDE OIL,124610,1,,,47.00 15.00 06.09  0954IOCL PLDD  124610 AGSMT. OLYMPIC FLAG 273.97 1 CRUDE OIL AGSR -,dtr0709.pdf,dtr1210.pdf,2025-10-11,2025-10-12,OLYMPIC FLAG
2026-09-06,2026-09-07,Paradip,FOR SPM,NOT READY,MT. AYAT NR,179.99,32.2,11.4,2026-08-26,19:30,CRUDE OIL,37861,1,,(B),32.20 11.40 26.08  1930IOCL PLDD  37861 AGSMT. AYAT NR 179.99 1 CRUDE OIL AGS - (B),dtr0709.pdf,dtr1210.pdf,2025-10-11,2025-10-12,AYAT
2026-09-06,2026-09-07,Paradip,FOR PICT,NOT READY,MV. TAN BINH 259 ICT/NR,175.53,29.4,9.5,2026-07-22,16:25,S.COIL,25391,1,,(B),29.40 9.50 22.07  1625JSLD  25391 SSSMV. TAN BINH 259 ICT/NR 175.53 1 S.COIL NK - (B),dtr0709.pdf,dtr1210.pdf,2025-10-11,2025-10-12,TAN BINH 259
2026-09-06,2026-09-07,Paradip,FOR PICT,NOT READY,MV. NEON TRADER ICT/NR,179.9,30.0,9.24,2026-09-01,17:36,S.COIL,15000,2,,(B),30.00 9.24 01.09  1736SAILL  15000 GACMV. NEON TRADER ICT/NR 179.90 2 S.COIL GAC - (B),dtr0709.pdf,dtr1210.pdf,2025-10-11,2025-10-12,NEON TRADER
2026-09-06,2026-09-07,Paradip,FOR PICT,NOT READY,MV. YPERION ICT/NR,229.0,32.26,7.25,2026-09-01,20:36,PIG IRON,66000,3,,(B),32.26 7.25 01.09  2036OMPLL  66000 J M BAXIMSPLMV. YPERION ICT/NR 229.00 3 PIG IRON J M BAXIMSPL - (B),dtr0709.pdf,dtr1210.pdf,2025-10-11,2025-10-12,YPERION
2026-09-06,2026-09-07,Paradip,FOR PICT,NOT READY,MV. DIONYSUS ICT/NR,199.9,32.26,12.35,2026-09-06,19:06,UREA,52500,4,,(B),32.26 12.35 06.09  1906BRAHMAPUTRAD  52500 SSSMV. DIONYSUS ICT/NR 199.90 4 UREA SSS - (B),dtr0709.pdf,dtr1210.pdf,2025-10-11,2025-10-12,DIONYSUS
2026-09-06,2026-09-07,Paradip,Others,NOT READY,MV. PELAGIA NR,228.99,32.26,12.86,2026-08-27,23:00,,36000,1,,(B),32.26 12.86 27.08  2300NKD  36000 ALAPMV. PELAGIA NR 228.99 1 A. SULPHATE ALAP - (B),dtr0709.pdf,dtr1210.pdf,2025-10-11,2025-10-12,PELAGIA
2026-09-06,2026-09-07,Paradip,FOR CB-1 & CB-2,READY,MV. APJ SETHU,224.86,32.26,0.0,2026-09-05,06:48,TH.COAL,75000,1,,,32.26 0.00 05.09  0648TNPGCLL  75000 SEAPORTMV. APJ SETHU 224.86 1 TH.COAL J M BAXIMSPLR - P,dtr0709.pdf,dtr1307.pdf,2026-07-12,2026-07-13,APJ SETHU
2026-09-06,2026-09-07,Paradip,FOR CB-1 & CB-2,READY,MV. SINGAPORE BULKER,189.99,32.26,13.3,2026-09-07,06:18,TH.COAL,55000,2,,,32.26 13.30 07.09  0618OPGL  55000 SEA SHIPSMV. SINGAPORE BULKER 189.99 2 TH.COAL SSSR -,dtr0709.pdf,dtr1307.pdf,2026-07-12,2026-07-13,SINGAPORE BULKER
2026-09-06,2026-09-07,Paradip,FOR CB-1 & CB-2,READY,MV. APJ ANGAD 2,224.94,32.26,14.5,2026-09-07,10:18,TH.COAL,75000,3,,,32.26 14.50 07.09  1018NTECL/CLPLL  75000 BOTHRAMV. APJ ANGAD 2 224.94 3 TH.COAL JMBR -,dtr0709.pdf,dtr1307.pdf,2026-07-12,2026-07-13,APJ ANGAD 2
2026-09-06,2026-09-07,Paradip,FOR OJ,NOT READY,MT. SHIVALIK NR,225.28,36.6,11.6,2026-09-04,17:12,BUTANE/PROP,13000,1,,(B),36.60 11.60 04.09  1712IOCLD  13000 SAMSARAMT. SHIVALIK NR 225.28 1 BUTANE/PROP SAMSARA - (B),dtr0709.pdf,dtr1307.pdf,2026-07-12,2026-07-13,SHIVALIK
2026-09-06,2026-09-07,Paradip,FOR OJ,NOT READY,MT. TORM DOVER NR,183.12,32.2,0.0,2026-09-05,14:12,NAPTHA,35000,2,,(B),32.20 0.00 05.09  1412IOCLL  35000 ISIPLMT. TORM DOVER NR 183.12 2 NAPTHA ISIPL - (B),dtr0709.pdf,dtr1307.pdf,2026-07-12,2026-07-13,TORM DOVER
2026-09-06,2026-09-07,Paradip,FOR OJ,NOT READY,MT. GAS ALKHALEEJ NR,225.28,36.62,11.8,2026-09-07,09:54,BUTANE/PROP,28000,3,,(B),36.62 11.80 07.09  0954IOCLD  28000 AGSMT. GAS ALKHALEEJ NR 225.28 3 BUTANE/PROP AGS - (B),dtr0709.pdf,dtr1307.pdf,2026-07-12,2026-07-13,GAS ALKHALEEJ
2026-09-06,2026-09-07,Paradip,FOR SPM,READY,MT. OLYMPIC FLAG,273.97,47.0,15.0,2026-09-06,09:54,CRUDE OIL,124610,1,,,47.00 15.00 06.09  0954IOCL PLDD  124610 AGSMT. OLYMPIC FLAG 273.97 1 CRUDE OIL AGSR -,dtr0709.pdf,dtr1307.pdf,2026-07-12,2026-07-13,OLYMPIC FLAG
2026-09-06,2026-09-07,Paradip,FOR SPM,NOT READY,MT. AYAT NR,179.99,32.2,11.4,2026-08-26,19:30,CRUDE OIL,37861,1,,(B),32.20 11.40 26.08  1930IOCL PLDD  37861 AGSMT. AYAT NR 179.99 1 CRUDE OIL AGS - (B),dtr0709.pdf,dtr1307.pdf,2026-07-12,2026-07-13,AYAT
2026-09-06,2026-09-07,Paradip,FOR PICT,NOT READY,MV. TAN BINH 259 ICT/NR,175.53,29.4,9.5,2026-07-22,16:25,S.COIL,25391,1,,(B),29.40 9.50 22.07  1625JSLD  25391 SSSMV. TAN BINH 259 ICT/NR 175.53 1 S.COIL NK - (B),dtr0709.pdf,dtr1307.pdf,2026-07-12,2026-07-13,TAN BINH 259
2026-09-06,2026-09-07,Paradip,FOR PICT,NOT READY,MV. NEON TRADER ICT/NR,179.9,30.0,9.24,2026-09-01,17:36,S.COIL,15000,2,,(B),30.00 9.24 01.09  1736SAILL  15000 GACMV. NEON TRADER ICT/NR 179.90 2 S.COIL GAC - (B),dtr0709.pdf,dtr1307.pdf,2026-07-12,2026-07-13,NEON TRADER
2026-09-06,2026-09-07,Paradip,FOR PICT,NOT READY,MV. YPERION ICT/NR,229.0,32.26,7.25,2026-09-01,20:36,PIG IRON,66000,3,,(B),32.26 7.25 01.09  2036OMPLL  66000 J M BAXIMSPLMV. YPERION ICT/NR 229.00 3 PIG IRON J M BAXIMSPL - (B),dtr0709.pdf,dtr1307.pdf,2026-07-12,2026-07-13,YPERION
2026-09-06,2026-09-07,Paradip,FOR PICT,NOT READY,MV. DIONYSUS ICT/NR,199.9,32.26,12.35,2026-09-06,19:06,UREA,52500,4,,(B),32.26 12.35 06.09  1906BRAHMAPUTRAD  52500 SSSMV. DIONYSUS ICT/NR 199.90 4 UREA SSS - (B),dtr0709.pdf,dtr1307.pdf,2026-07-12,2026-07-13,DIONYSUS
2026-09-06,2026-09-07,Paradip,Others,NOT READY,MV. PELAGIA NR,228.99,32.26,12.86,2026-08-27,23:00,,36000,1,,(B),32.26 12.86 27.08  2300NKD  36000 ALAPMV. PELAGIA NR 228.99 1 A. SULPHATE ALAP - (B),dtr0709.pdf,dtr1307.pdf,2026-07-12,2026-07-13,PELAGIA
2026-09-06,2026-09-07,Paradip,FOR CB-1 & CB-2,READY,MV. APJ SETHU,224.86,32.26,0.0,2026-09-05,06:48,TH.COAL,75000,1,,,32.26 0.00 05.09  0648TNPGCLL  75000 SEAPORTMV. APJ SETHU 224.86 1 TH.COAL J M BAXIMSPLR - P,dtr0709.pdf,dtr1308.pdf,2026-08-12,2026-08-13,APJ SETHU
2026-09-06,2026-09-07,Paradip,FOR CB-1 & CB-2,READY,MV. SINGAPORE BULKER,189.99,32.26,13.3,2026-09-07,06:18,TH.COAL,55000,2,,,32.26 13.30 07.09  0618OPGL  55000 SEA SHIPSMV. SINGAPORE BULKER 189.99 2 TH.COAL SSSR -,dtr0709.pdf,dtr1308.pdf,2026-08-12,2026-08-13,SINGAPORE BULKER
2026-09-06,2026-09-07,Paradip,FOR CB-1 & CB-2,READY,MV. APJ ANGAD 2,224.94,32.26,14.5,2026-09-07,10:18,TH.COAL,75000,3,,,32.26 14.50 07.09  1018NTECL/CLPLL  75000 BOTHRAMV. APJ ANGAD 2 224.94 3 TH.COAL JMBR -,dtr0709.pdf,dtr1308.pdf,2026-08-12,2026-08-13,APJ ANGAD 2
2026-09-06,2026-09-07,Paradip,FOR OJ,NOT READY,MT. SHIVALIK NR,225.28,36.6,11.6,2026-09-04,17:12,BUTANE/PROP,13000,1,,(B),36.60 11.60 04.09  1712IOCLD  13000 SAMSARAMT. SHIVALIK NR 225.28 1 BUTANE/PROP SAMSARA - (B),dtr0709.pdf,dtr1308.pdf,2026-08-12,2026-08-13,SHIVALIK
2026-09-06,2026-09-07,Paradip,FOR OJ,NOT READY,MT. TORM DOVER NR,183.12,32.2,0.0,2026-09-05,14:12,NAPTHA,35000,2,,(B),32.20 0.00 05.09  1412IOCLL  35000 ISIPLMT. TORM DOVER NR 183.12 2 NAPTHA ISIPL - (B),dtr0709.pdf,dtr1308.pdf,2026-08-12,2026-08-13,TORM DOVER
2026-09-06,2026-09-07,Paradip,FOR OJ,NOT READY,MT. GAS ALKHALEEJ NR,225.28,36.62,11.8,2026-09-07,09:54,BUTANE/PROP,28000,3,,(B),36.62 11.80 07.09  0954IOCLD  28000 AGSMT. GAS ALKHALEEJ NR 225.28 3 BUTANE/PROP AGS - (B),dtr0709.pdf,dtr1308.pdf,2026-08-12,2026-08-13,GAS ALKHALEEJ
2026-09-06,2026-09-07,Paradip,FOR SPM,READY,MT. OLYMPIC FLAG,273.97,47.0,15.0,2026-09-06,09:54,CRUDE OIL,124610,1,,,47.00 15.00 06.09  0954IOCL PLDD  124610 AGSMT. OLYMPIC FLAG 273.97 1 CRUDE OIL AGSR -,dtr0709.pdf,dtr1308.pdf,2026-08-12,2026-08-13,OLYMPIC FLAG
2026-09-06,2026-09-07,Paradip,FOR SPM,NOT READY,MT. AYAT NR,179.99,32.2,11.4,2026-08-26,19:30,CRUDE OIL,37861,1,,(B),32.20 11.40 26.08  1930IOCL PLDD  37861 AGSMT. AYAT NR 179.99 1 CRUDE OIL AGS - (B),dtr0709.pdf,dtr1308.pdf,2026-08-12,2026-08-13,AYAT
2026-09-06,2026-09-07,Paradip,FOR PICT,NOT READY,MV. TAN BINH 259 ICT/NR,175.53,29.4,9.5,2026-07-22,16:25,S.COIL,25391,1,,(B),29.40 9.50 22.07  1625JSLD  25391 SSSMV. TAN BINH 259 ICT/NR 175.53 1 S.COIL NK - (B),dtr0709.pdf,dtr1308.pdf,2026-08-12,2026-08-13,TAN BINH 259
2026-09-06,2026-09-07,Paradip,FOR PICT,NOT READY,MV. NEON TRADER ICT/NR,179.9,30.0,9.24,2026-09-01,17:36,S.COIL,15000,2,,(B),30.00 9.24 01.09  1736SAILL  15000 GACMV. NEON TRADER ICT/NR 179.90 2 S.COIL GAC - (B),dtr0709.pdf,dtr1308.pdf,2026-08-12,2026-08-13,NEON TRADER
2026-09-06,2026-09-07,Paradip,FOR PICT,NOT READY,MV. YPERION ICT/NR,229.0,32.26,7.25,2026-09-01,20:36,PIG IRON,66000,3,,(B),32.26 7.25 01.09  2036OMPLL  66000 J M BAXIMSPLMV. YPERION ICT/NR 229.00 3 PIG IRON J M BAXIMSPL - (B),dtr0709.pdf,dtr1308.pdf,2026-08-12,2026-08-13,YPERION
2026-09-06,2026-09-07,Paradip,FOR PICT,NOT READY,MV. DIONYSUS ICT/NR,199.9,32.26,12.35,2026-09-06,19:06,UREA,52500,4,,(B),32.26 12.35 06.09  1906BRAHMAPUTRAD  52500 SSSMV. DIONYSUS ICT/NR 199.90 4 UREA SSS - (B),dtr0709.pdf,dtr1308.pdf,2026-08-12,2026-08-13,DIONYSUS
2026-09-06,2026-09-07,Paradip,Others,NOT READY,MV. PELAGIA NR,228.99,32.26,12.86,2026-08-27,23:00,,36000,1,,(B),32.26 12.86 27.08  2300NKD  36000 ALAPMV. PELAGIA NR 228.99 1 A. SULPHATE ALAP - (B),dtr0709.pdf,dtr1308.pdf,2026-08-12,2026-08-13,PELAGIA
2026-09-06,2026-09-07,Paradip,FOR CB-1 & CB-2,READY,MV. APJ SETHU,224.86,32.26,0.0,2026-09-05,06:48,TH.COAL,75000,1,,,32.26 0.00 05.09  0648TNPGCLL  75000 SEAPORTMV. APJ SETHU 224.86 1 TH.COAL J M BAXIMSPLR - P,dtr0709.pdf,dtr1310.pdf,2025-10-12,2025-10-13,APJ SETHU
2026-09-06,2026-09-07,Paradip,FOR CB-1 & CB-2,READY,MV. SINGAPORE BULKER,189.99,32.26,13.3,2026-09-07,06:18,TH.COAL,55000,2,,,32.26 13.30 07.09  0618OPGL  55000 SEA SHIPSMV. SINGAPORE BULKER 189.99 2 TH.COAL SSSR -,dtr0709.pdf,dtr1310.pdf,2025-10-12,2025-10-13,SINGAPORE BULKER
2026-09-06,2026-09-07,Paradip,FOR CB-1 & CB-2,READY,MV. APJ ANGAD 2,224.94,32.26,14.5,2026-09-07,10:18,TH.COAL,75000,3,,,32.26 14.50 07.09  1018NTECL/CLPLL  75000 BOTHRAMV. APJ ANGAD 2 224.94 3 TH.COAL JMBR -,dtr0709.pdf,dtr1310.pdf,2025-10-12,2025-10-13,APJ ANGAD 2
2026-09-06,2026-09-07,Paradip,FOR OJ,NOT READY,MT. SHIVALIK NR,225.28,36.6,11.6,2026-09-04,17:12,BUTANE/PROP,13000,1,,(B),36.60 11.60 04.09  1712IOCLD  13000 SAMSARAMT. SHIVALIK NR 225.28 1 BUTANE/PROP SAMSARA - (B),dtr0709.pdf,dtr1310.pdf,2025-10-12,2025-10-13,SHIVALIK
2026-09-06,2026-09-07,Paradip,FOR OJ,NOT READY,MT. TORM DOVER NR,183.12,32.2,0.0,2026-09-05,14:12,NAPTHA,35000,2,,(B),32.20 0.00 05.09  1412IOCLL  35000 ISIPLMT. TORM DOVER NR 183.12 2 NAPTHA ISIPL - (B),dtr0709.pdf,dtr1310.pdf,2025-10-12,2025-10-13,TORM DOVER
2026-09-06,2026-09-07,Paradip,FOR OJ,NOT READY,MT. GAS ALKHALEEJ NR,225.28,36.62,11.8,2026-09-07,09:54,BUTANE/PROP,28000,3,,(B),36.62 11.80 07.09  0954IOCLD  28000 AGSMT. GAS ALKHALEEJ NR 225.28 3 BUTANE/PROP AGS - (B),dtr0709.pdf,dtr1310.pdf,2025-10-12,2025-10-13,GAS ALKHALEEJ
2026-09-06,2026-09-07,Paradip,FOR SPM,READY,MT. OLYMPIC FLAG,273.97,47.0,15.0,2026-09-06,09:54,CRUDE OIL,124610,1,,,47.00 15.00 06.09  0954IOCL PLDD  124610 AGSMT. OLYMPIC FLAG 273.97 1 CRUDE OIL AGSR -,dtr0709.pdf,dtr1310.pdf,2025-10-12,2025-10-13,OLYMPIC FLAG
2026-09-06,2026-09-07,Paradip,FOR SPM,NOT READY,MT. AYAT NR,179.99,32.2,11.4,2026-08-26,19:30,CRUDE OIL,37861,1,,(B),32.20 11.40 26.08  1930IOCL PLDD  37861 AGSMT. AYAT NR 179.99 1 CRUDE OIL AGS - (B),dtr0709.pdf,dtr1310.pdf,2025-10-12,2025-10-13,AYAT
2026-09-06,2026-09-07,Paradip,FOR PICT,NOT READY,MV. TAN BINH 259 ICT/NR,175.53,29.4,9.5,2026-07-22,16:25,S.COIL,25391,1,,(B),29.40 9.50 22.07  1625JSLD  25391 SSSMV. TAN BINH 259 ICT/NR 175.53 1 S.COIL NK - (B),dtr0709.pdf,dtr1310.pdf,2025-10-12,2025-10-13,TAN BINH 259
2026-09-06,2026-09-07,Paradip,FOR PICT,NOT READY,MV. NEON TRADER ICT/NR,179.9,30.0,9.24,2026-09-01,17:36,S.COIL,15000,2,,(B),30.00 9.24 01.09  1736SAILL  15000 GACMV. NEON TRADER ICT/NR 179.90 2 S.COIL GAC - (B),dtr0709.pdf,dtr1310.pdf,2025-10-12,2025-10-13,NEON TRADER
2026-09-06,2026-09-07,Paradip,FOR PICT,NOT READY,MV. YPERION ICT/NR,229.0,32.26,7.25,2026-09-01,20:36,PIG IRON,66000,3,,(B),32.26 7.25 01.09  2036OMPLL  66000 J M BAXIMSPLMV. YPERION ICT/NR 229.00 3 PIG IRON J M BAXIMSPL - (B),dtr0709.pdf,dtr1310.pdf,2025-10-12,2025-10-13,YPERION
2026-09-06,2026-09-07,Paradip,FOR PICT,NOT READY,MV. DIONYSUS ICT/NR,199.9,32.26,12.35,2026-09-06,19:06,UREA,52500,4,,(B),32.26 12.35 06.09  1906BRAHMAPUTRAD  52500 SSSMV. DIONYSUS ICT/NR 199.90 4 UREA SSS - (B),dtr0709.pdf,dtr1310.pdf,2025-10-12,2025-10-13,DIONYSUS
2026-09-06,2026-09-07,Paradip,Others,NOT READY,MV. PELAGIA NR,228.99,32.26,12.86,2026-08-27,23:00,,36000,1,,(B),32.26 12.86 27.08  2300NKD  36000 ALAPMV. PELAGIA NR 228.99 1 A. SULPHATE ALAP - (B),dtr0709.pdf,dtr1310.pdf,2025-10-12,2025-10-13,PELAGIA
2026-09-06,2026-09-07,Paradip,FOR CB-1 & CB-2,READY,MV. APJ SETHU,224.86,32.26,0.0,2026-09-05,06:48,TH.COAL,75000,1,,,32.26 0.00 05.09  0648TNPGCLL  75000 SEAPORTMV. APJ SETHU 224.86 1 TH.COAL J M BAXIMSPLR - P,dtr0709.pdf,dtr1407.pdf,2026-07-13,2026-07-14,APJ SETHU
2026-09-06,2026-09-07,Paradip,FOR CB-1 & CB-2,READY,MV. SINGAPORE BULKER,189.99,32.26,13.3,2026-09-07,06:18,TH.COAL,55000,2,,,32.26 13.30 07.09  0618OPGL  55000 SEA SHIPSMV. SINGAPORE BULKER 189.99 2 TH.COAL SSSR -,dtr0709.pdf,dtr1407.pdf,2026-07-13,2026-07-14,SINGAPORE BULKER
2026-09-06,2026-09-07,Paradip,FOR CB-1 & CB-2,READY,MV. APJ ANGAD 2,224.94,32.26,14.5,2026-09-07,10:18,TH.COAL,75000,3,,,32.26 14.50 07.09  1018NTECL/CLPLL  75000 BOTHRAMV. APJ ANGAD 2 224.94 3 TH.COAL JMBR -,dtr0709.pdf,dtr1407.pdf,2026-07-13,2026-07-14,APJ ANGAD 2
2026-09-06,2026-09-07,Paradip,FOR OJ,NOT READY,MT. SHIVALIK NR,225.28,36.6,11.6,2026-09-04,17:12,BUTANE/PROP,13000,1,,(B),36.60 11.60 04.09  1712IOCLD  13000 SAMSARAMT. SHIVALIK NR 225.28 1 BUTANE/PROP SAMSARA - (B),dtr0709.pdf,dtr1407.pdf,2026-07-13,2026-07-14,SHIVALIK
2026-09-06,2026-09-07,Paradip,FOR OJ,NOT READY,MT. TORM DOVER NR,183.12,32.2,0.0,2026-09-05,14:12,NAPTHA,35000,2,,(B),32.20 0.00 05.09  1412IOCLL  35000 ISIPLMT. TORM DOVER NR 183.12 2 NAPTHA ISIPL - (B),dtr0709.pdf,dtr1407.pdf,2026-07-13,2026-07-14,TORM DOVER
2026-09-06,2026-09-07,Paradip,FOR OJ,NOT READY,MT. GAS ALKHALEEJ NR,225.28,36.62,11.8,2026-09-07,09:54,BUTANE/PROP,28000,3,,(B),36.62 11.80 07.09  0954IOCLD  28000 AGSMT. GAS ALKHALEEJ NR 225.28 3 BUTANE/PROP AGS - (B),dtr0709.pdf,dtr1407.pdf,2026-07-13,2026-07-14,GAS ALKHALEEJ
2026-09-06,2026-09-07,Paradip,FOR SPM,READY,MT. OLYMPIC FLAG,273.97,47.0,15.0,2026-09-06,09:54,CRUDE OIL,124610,1,,,47.00 15.00 06.09  0954IOCL PLDD  124610 AGSMT. OLYMPIC FLAG 273.97 1 CRUDE OIL AGSR -,dtr0709.pdf,dtr1407.pdf,2026-07-13,2026-07-14,OLYMPIC FLAG
2026-09-06,2026-09-07,Paradip,FOR SPM,NOT READY,MT. AYAT NR,179.99,32.2,11.4,2026-08-26,19:30,CRUDE OIL,37861,1,,(B),32.20 11.40 26.08  1930IOCL PLDD  37861 AGSMT. AYAT NR 179.99 1 CRUDE OIL AGS - (B),dtr0709.pdf,dtr1407.pdf,2026-07-13,2026-07-14,AYAT
2026-09-06,2026-09-07,Paradip,FOR PICT,NOT READY,MV. TAN BINH 259 ICT/NR,175.53,29.4,9.5,2026-07-22,16:25,S.COIL,25391,1,,(B),29.40 9.50 22.07  1625JSLD  25391 SSSMV. TAN BINH 259 ICT/NR 175.53 1 S.COIL NK - (B),dtr0709.pdf,dtr1407.pdf,2026-07-13,2026-07-14,TAN BINH 259
2026-09-06,2026-09-07,Paradip,FOR PICT,NOT READY,MV. NEON TRADER ICT/NR,179.9,30.0,9.24,2026-09-01,17:36,S.COIL,15000,2,,(B),30.00 9.24 01.09  1736SAILL  15000 GACMV. NEON TRADER ICT/NR 179.90 2 S.COIL GAC - (B),dtr0709.pdf,dtr1407.pdf,2026-07-13,2026-07-14,NEON TRADER
2026-09-06,2026-09-07,Paradip,FOR PICT,NOT READY,MV. YPERION ICT/NR,229.0,32.26,7.25,2026-09-01,20:36,PIG IRON,66000,3,,(B),32.26 7.25 01.09  2036OMPLL  66000 J M BAXIMSPLMV. YPERION ICT/NR 229.00 3 PIG IRON J M BAXIMSPL - (B),dtr0709.pdf,dtr1407.pdf,2026-07-13,2026-07-14,YPERION
2026-09-06,2026-09-07,Paradip,FOR PICT,NOT READY,MV. DIONYSUS ICT/NR,199.9,32.26,12.35,2026-09-06,19:06,UREA,52500,4,,(B),32.26 12.35 06.09  1906BRAHMAPUTRAD  52500 SSSMV. DIONYSUS ICT/NR 199.90 4 UREA SSS - (B),dtr0709.pdf,dtr1407.pdf,2026-07-13,2026-07-14,DIONYSUS
2026-09-06,2026-09-07,Paradip,Others,NOT READY,MV. PELAGIA NR,228.99,32.26,12.86,2026-08-27,23:00,,36000,1,,(B),32.26 12.86 27.08  2300NKD  36000 ALAPMV. PELAGIA NR 228.99 1 A. SULPHATE ALAP - (B),dtr0709.pdf,dtr1407.pdf,2026-07-13,2026-07-14,PELAGIA
2026-09-06,2026-09-07,Paradip,FOR CB-1 & CB-2,READY,MV. APJ SETHU,224.86,32.26,0.0,2026-09-05,06:48,TH.COAL,75000,1,,,32.26 0.00 05.09  0648TNPGCLL  75000 SEAPORTMV. APJ SETHU 224.86 1 TH.COAL J M BAXIMSPLR - P,dtr0709.pdf,dtr1408-2.pdf,2026-08-13,2026-08-14,APJ SETHU
2026-09-06,2026-09-07,Paradip,FOR CB-1 & CB-2,READY,MV. SINGAPORE BULKER,189.99,32.26,13.3,2026-09-07,06:18,TH.COAL,55000,2,,,32.26 13.30 07.09  0618OPGL  55000 SEA SHIPSMV. SINGAPORE BULKER 189.99 2 TH.COAL SSSR -,dtr0709.pdf,dtr1408-2.pdf,2026-08-13,2026-08-14,SINGAPORE BULKER
2026-09-06,2026-09-07,Paradip,FOR CB-1 & CB-2,READY,MV. APJ ANGAD 2,224.94,32.26,14.5,2026-09-07,10:18,TH.COAL,75000,3,,,32.26 14.50 07.09  1018NTECL/CLPLL  75000 BOTHRAMV. APJ ANGAD 2 224.94 3 TH.COAL JMBR -,dtr0709.pdf,dtr1408-2.pdf,2026-08-13,2026-08-14,APJ ANGAD 2
2026-09-06,2026-09-07,Paradip,FOR OJ,NOT READY,MT. SHIVALIK NR,225.28,36.6,11.6,2026-09-04,17:12,BUTANE/PROP,13000,1,,(B),36.60 11.60 04.09  1712IOCLD  13000 SAMSARAMT. SHIVALIK NR 225.28 1 BUTANE/PROP SAMSARA - (B),dtr0709.pdf,dtr1408-2.pdf,2026-08-13,2026-08-14,SHIVALIK
2026-09-06,2026-09-07,Paradip,FOR OJ,NOT READY,MT. TORM DOVER NR,183.12,32.2,0.0,2026-09-05,14:12,NAPTHA,35000,2,,(B),32.20 0.00 05.09  1412IOCLL  35000 ISIPLMT. TORM DOVER NR 183.12 2 NAPTHA ISIPL - (B),dtr0709.pdf,dtr1408-2.pdf,2026-08-13,2026-08-14,TORM DOVER
2026-09-06,2026-09-07,Paradip,FOR OJ,NOT READY,MT. GAS ALKHALEEJ NR,225.28,36.62,11.8,2026-09-07,09:54,BUTANE/PROP,28000,3,,(B),36.62 11.80 07.09  0954IOCLD  28000 AGSMT. GAS ALKHALEEJ NR 225.28 3 BUTANE/PROP AGS - (B),dtr0709.pdf,dtr1408-2.pdf,2026-08-13,2026-08-14,GAS ALKHALEEJ
2026-09-06,2026-09-07,Paradip,FOR SPM,READY,MT. OLYMPIC FLAG,273.97,47.0,15.0,2026-09-06,09:54,CRUDE OIL,124610,1,,,47.00 15.00 06.09  0954IOCL PLDD  124610 AGSMT. OLYMPIC FLAG 273.97 1 CRUDE OIL AGSR -,dtr0709.pdf,dtr1408-2.pdf,2026-08-13,2026-08-14,OLYMPIC FLAG
2026-09-06,2026-09-07,Paradip,FOR SPM,NOT READY,MT. AYAT NR,179.99,32.2,11.4,2026-08-26,19:30,CRUDE OIL,37861,1,,(B),32.20 11.40 26.08  1930IOCL PLDD  37861 AGSMT. AYAT NR 179.99 1 CRUDE OIL AGS - (B),dtr0709.pdf,dtr1408-2.pdf,2026-08-13,2026-08-14,AYAT
2026-09-06,2026-09-07,Paradip,FOR PICT,NOT READY,MV. TAN BINH 259 ICT/NR,175.53,29.4,9.5,2026-07-22,16:25,S.COIL,25391,1,,(B),29.40 9.50 22.07  1625JSLD  25391 SSSMV. TAN BINH 259 ICT/NR 175.53 1 S.COIL NK - (B),dtr0709.pdf,dtr1408-2.pdf,2026-08-13,2026-08-14,TAN BINH 259
2026-09-06,2026-09-07,Paradip,FOR PICT,NOT READY,MV. NEON TRADER ICT/NR,179.9,30.0,9.24,2026-09-01,17:36,S.COIL,15000,2,,(B),30.00 9.24 01.09  1736SAILL  15000 GACMV. NEON TRADER ICT/NR 179.90 2 S.COIL GAC - (B),dtr0709.pdf,dtr1408-2.pdf,2026-08-13,2026-08-14,NEON TRADER
2026-09-06,2026-09-07,Paradip,FOR PICT,NOT READY,MV. YPERION ICT/NR,229.0,32.26,7.25,2026-09-01,20:36,PIG IRON,66000,3,,(B),32.26 7.25 01.09  2036OMPLL  66000 J M BAXIMSPLMV. YPERION ICT/NR 229.00 3 PIG IRON J M BAXIMSPL - (B),dtr0709.pdf,dtr1408-2.pdf,2026-08-13,2026-08-14,YPERION
2026-09-06,2026-09-07,Paradip,FOR PICT,NOT READY,MV. DIONYSUS ICT/NR,199.9,32.26,12.35,2026-09-06,19:06,UREA,52500,4,,(B),32.26 12.35 06.09  1906BRAHMAPUTRAD  52500 SSSMV. DIONYSUS ICT/NR 199.90 4 UREA SSS - (B),dtr0709.pdf,dtr1408-2.pdf,2026-08-13,2026-08-14,DIONYSUS
2026-09-06,2026-09-07,Paradip,Others,NOT READY,MV. PELAGIA NR,228.99,32.26,12.86,2026-08-27,23:00,,36000,1,,(B),32.26 12.86 27.08  2300NKD  36000 ALAPMV. PELAGIA NR 228.99 1 A. SULPHATE ALAP - (B),dtr0709.pdf,dtr1408-2.pdf,2026-08-13,2026-08-14,PELAGIA
2026-09-06,2026-09-07,Paradip,FOR CB-1 & CB-2,READY,MV. APJ SETHU,224.86,32.26,0.0,2026-09-05,06:48,TH.COAL,75000,1,,,32.26 0.00 05.09  0648TNPGCLL  75000 SEAPORTMV. APJ SETHU 224.86 1 TH.COAL J M BAXIMSPLR - P,dtr0709.pdf,dtr1410.pdf,2025-10-13,2025-10-14,APJ SETHU
2026-09-06,2026-09-07,Paradip,FOR CB-1 & CB-2,READY,MV. SINGAPORE BULKER,189.99,32.26,13.3,2026-09-07,06:18,TH.COAL,55000,2,,,32.26 13.30 07.09  0618OPGL  55000 SEA SHIPSMV. SINGAPORE BULKER 189.99 2 TH.COAL SSSR -,dtr0709.pdf,dtr1410.pdf,2025-10-13,2025-10-14,SINGAPORE BULKER
2026-09-06,2026-09-07,Paradip,FOR CB-1 & CB-2,READY,MV. APJ ANGAD 2,224.94,32.26,14.5,2026-09-07,10:18,TH.COAL,75000,3,,,32.26 14.50 07.09  1018NTECL/CLPLL  75000 BOTHRAMV. APJ ANGAD 2 224.94 3 TH.COAL JMBR -,dtr0709.pdf,dtr1410.pdf,2025-10-13,2025-10-14,APJ ANGAD 2
2026-09-06,2026-09-07,Paradip,FOR OJ,NOT READY,MT. SHIVALIK NR,225.28,36.6,11.6,2026-09-04,17:12,BUTANE/PROP,13000,1,,(B),36.60 11.60 04.09  1712IOCLD  13000 SAMSARAMT. SHIVALIK NR 225.28 1 BUTANE/PROP SAMSARA - (B),dtr0709.pdf,dtr1410.pdf,2025-10-13,2025-10-14,SHIVALIK
2026-09-06,2026-09-07,Paradip,FOR OJ,NOT READY,MT. TORM DOVER NR,183.12,32.2,0.0,2026-09-05,14:12,NAPTHA,35000,2,,(B),32.20 0.00 05.09  1412IOCLL  35000 ISIPLMT. TORM DOVER NR 183.12 2 NAPTHA ISIPL - (B),dtr0709.pdf,dtr1410.pdf,2025-10-13,2025-10-14,TORM DOVER
2026-09-06,2026-09-07,Paradip,FOR OJ,NOT READY,MT. GAS ALKHALEEJ NR,225.28,36.62,11.8,2026-09-07,09:54,BUTANE/PROP,28000,3,,(B),36.62 11.80 07.09  0954IOCLD  28000 AGSMT. GAS ALKHALEEJ NR 225.28 3 BUTANE/PROP AGS - (B),dtr0709.pdf,dtr1410.pdf,2025-10-13,2025-10-14,GAS ALKHALEEJ
2026-09-06,2026-09-07,Paradip,FOR SPM,READY,MT. OLYMPIC FLAG,273.97,47.0,15.0,2026-09-06,09:54,CRUDE OIL,124610,1,,,47.00 15.00 06.09  0954IOCL PLDD  124610 AGSMT. OLYMPIC FLAG 273.97 1 CRUDE OIL AGSR -,dtr0709.pdf,dtr1410.pdf,2025-10-13,2025-10-14,OLYMPIC FLAG
2026-09-06,2026-09-07,Paradip,FOR SPM,NOT READY,MT. AYAT NR,179.99,32.2,11.4,2026-08-26,19:30,CRUDE OIL,37861,1,,(B),32.20 11.40 26.08  1930IOCL PLDD  37861 AGSMT. AYAT NR 179.99 1 CRUDE OIL AGS - (B),dtr0709.pdf,dtr1410.pdf,2025-10-13,2025-10-14,AYAT
2026-09-06,2026-09-07,Paradip,FOR PICT,NOT READY,MV. TAN BINH 259 ICT/NR,175.53,29.4,9.5,2026-07-22,16:25,S.COIL,25391,1,,(B),29.40 9.50 22.07  1625JSLD  25391 SSSMV. TAN BINH 259 ICT/NR 175.53 1 S.COIL NK - (B),dtr0709.pdf,dtr1410.pdf,2025-10-13,2025-10-14,TAN BINH 259
2026-09-06,2026-09-07,Paradip,FOR PICT,NOT READY,MV. NEON TRADER ICT/NR,179.9,30.0,9.24,2026-09-01,17:36,S.COIL,15000,2,,(B),30.00 9.24 01.09  1736SAILL  15000 GACMV. NEON TRADER ICT/NR 179.90 2 S.COIL GAC - (B),dtr0709.pdf,dtr1410.pdf,2025-10-13,2025-10-14,NEON TRADER
2026-09-06,2026-09-07,Paradip,FOR PICT,NOT READY,MV. YPERION ICT/NR,229.0,32.26,7.25,2026-09-01,20:36,PIG IRON,66000,3,,(B),32.26 7.25 01.09  2036OMPLL  66000 J M BAXIMSPLMV. YPERION ICT/NR 229.00 3 PIG IRON J M BAXIMSPL - (B),dtr0709.pdf,dtr1410.pdf,2025-10-13,2025-10-14,YPERION
2026-09-06,2026-09-07,Paradip,FOR PICT,NOT READY,MV. DIONYSUS ICT/NR,199.9,32.26,12.35,2026-09-06,19:06,UREA,52500,4,,(B),32.26 12.35 06.09  1906BRAHMAPUTRAD  52500 SSSMV. DIONYSUS ICT/NR 199.90 4 UREA SSS - (B),dtr0709.pdf,dtr1410.pdf,2025-10-13,2025-10-14,DIONYSUS
2026-09-06,2026-09-07,Paradip,Others,NOT READY,MV. PELAGIA NR,228.99,32.26,12.86,2026-08-27,23:00,,36000,1,,(B),32.26 12.86 27.08  2300NKD  36000 ALAPMV. PELAGIA NR 228.99 1 A. SULPHATE ALAP - (B),dtr0709.pdf,dtr1410.pdf,2025-10-13,2025-10-14,PELAGIA
2026-09-06,2026-09-07,Paradip,FOR CB-1 & CB-2,READY,MV. APJ SETHU,224.86,32.26,0.0,2026-09-05,06:48,TH.COAL,75000,1,,,32.26 0.00 05.09  0648TNPGCLL  75000 SEAPORTMV. APJ SETHU 224.86 1 TH.COAL J M BAXIMSPLR - P,dtr0709.pdf,dtr1507.pdf,2026-07-14,2026-07-15,APJ SETHU
2026-09-06,2026-09-07,Paradip,FOR CB-1 & CB-2,READY,MV. SINGAPORE BULKER,189.99,32.26,13.3,2026-09-07,06:18,TH.COAL,55000,2,,,32.26 13.30 07.09  0618OPGL  55000 SEA SHIPSMV. SINGAPORE BULKER 189.99 2 TH.COAL SSSR -,dtr0709.pdf,dtr1507.pdf,2026-07-14,2026-07-15,SINGAPORE BULKER
2026-09-06,2026-09-07,Paradip,FOR CB-1 & CB-2,READY,MV. APJ ANGAD 2,224.94,32.26,14.5,2026-09-07,10:18,TH.COAL,75000,3,,,32.26 14.50 07.09  1018NTECL/CLPLL  75000 BOTHRAMV. APJ ANGAD 2 224.94 3 TH.COAL JMBR -,dtr0709.pdf,dtr1507.pdf,2026-07-14,2026-07-15,APJ ANGAD 2
2026-09-06,2026-09-07,Paradip,FOR OJ,NOT READY,MT. SHIVALIK NR,225.28,36.6,11.6,2026-09-04,17:12,BUTANE/PROP,13000,1,,(B),36.60 11.60 04.09  1712IOCLD  13000 SAMSARAMT. SHIVALIK NR 225.28 1 BUTANE/PROP SAMSARA - (B),dtr0709.pdf,dtr1507.pdf,2026-07-14,2026-07-15,SHIVALIK
2026-09-06,2026-09-07,Paradip,FOR OJ,NOT READY,MT. TORM DOVER NR,183.12,32.2,0.0,2026-09-05,14:12,NAPTHA,35000,2,,(B),32.20 0.00 05.09  1412IOCLL  35000 ISIPLMT. TORM DOVER NR 183.12 2 NAPTHA ISIPL - (B),dtr0709.pdf,dtr1507.pdf,2026-07-14,2026-07-15,TORM DOVER
2026-09-06,2026-09-07,Paradip,FOR OJ,NOT READY,MT. GAS ALKHALEEJ NR,225.28,36.62,11.8,2026-09-07,09:54,BUTANE/PROP,28000,3,,(B),36.62 11.80 07.09  0954IOCLD  28000 AGSMT. GAS ALKHALEEJ NR 225.28 3 BUTANE/PROP AGS - (B),dtr0709.pdf,dtr1507.pdf,2026-07-14,2026-07-15,GAS ALKHALEEJ
2026-09-06,2026-09-07,Paradip,FOR SPM,READY,MT. OLYMPIC FLAG,273.97,47.0,15.0,2026-09-06,09:54,CRUDE OIL,124610,1,,,47.00 15.00 06.09  0954IOCL PLDD  124610 AGSMT. OLYMPIC FLAG 273.97 1 CRUDE OIL AGSR -,dtr0709.pdf,dtr1507.pdf,2026-07-14,2026-07-15,OLYMPIC FLAG
2026-09-06,2026-09-07,Paradip,FOR SPM,NOT READY,MT. AYAT NR,179.99,32.2,11.4,2026-08-26,19:30,CRUDE OIL,37861,1,,(B),32.20 11.40 26.08  1930IOCL PLDD  37861 AGSMT. AYAT NR 179.99 1 CRUDE OIL AGS - (B),dtr0709.pdf,dtr1507.pdf,2026-07-14,2026-07-15,AYAT
2026-09-06,2026-09-07,Paradip,FOR PICT,NOT READY,MV. TAN BINH 259 ICT/NR,175.53,29.4,9.5,2026-07-22,16:25,S.COIL,25391,1,,(B),29.40 9.50 22.07  1625JSLD  25391 SSSMV. TAN BINH 259 ICT/NR 175.53 1 S.COIL NK - (B),dtr0709.pdf,dtr1507.pdf,2026-07-14,2026-07-15,TAN BINH 259
2026-09-06,2026-09-07,Paradip,FOR PICT,NOT READY,MV. NEON TRADER ICT/NR,179.9,30.0,9.24,2026-09-01,17:36,S.COIL,15000,2,,(B),30.00 9.24 01.09  1736SAILL  15000 GACMV. NEON TRADER ICT/NR 179.90 2 S.COIL GAC - (B),dtr0709.pdf,dtr1507.pdf,2026-07-14,2026-07-15,NEON TRADER
2026-09-06,2026-09-07,Paradip,FOR PICT,NOT READY,MV. YPERION ICT/NR,229.0,32.26,7.25,2026-09-01,20:36,PIG IRON,66000,3,,(B),32.26 7.25 01.09  2036OMPLL  66000 J M BAXIMSPLMV. YPERION ICT/NR 229.00 3 PIG IRON J M BAXIMSPL - (B),dtr0709.pdf,dtr1507.pdf,2026-07-14,2026-07-15,YPERION
2026-09-06,2026-09-07,Paradip,FOR PICT,NOT READY,MV. DIONYSUS ICT/NR,199.9,32.26,12.35,2026-09-06,19:06,UREA,52500,4,,(B),32.26 12.35 06.09  1906BRAHMAPUTRAD  52500 SSSMV. DIONYSUS ICT/NR 199.90 4 UREA SSS - (B),dtr0709.pdf,dtr1507.pdf,2026-07-14,2026-07-15,DIONYSUS
2026-09-06,2026-09-07,Paradip,Others,NOT READY,MV. PELAGIA NR,228.99,32.26,12.86,2026-08-27,23:00,,36000,1,,(B),32.26 12.86 27.08  2300NKD  36000 ALAPMV. PELAGIA NR 228.99 1 A. SULPHATE ALAP - (B),dtr0709.pdf,dtr1507.pdf,2026-07-14,2026-07-15,PELAGIA
2026-09-06,2026-09-07,Paradip,FOR CB-1 & CB-2,READY,MV. APJ SETHU,224.86,32.26,0.0,2026-09-05,06:48,TH.COAL,75000,1,,,32.26 0.00 05.09  0648TNPGCLL  75000 SEAPORTMV. APJ SETHU 224.86 1 TH.COAL J M BAXIMSPLR - P,dtr0709.pdf,dtr1508-2.pdf,2026-08-14,2026-08-15,APJ SETHU
2026-09-06,2026-09-07,Paradip,FOR CB-1 & CB-2,READY,MV. SINGAPORE BULKER,189.99,32.26,13.3,2026-09-07,06:18,TH.COAL,55000,2,,,32.26 13.30 07.09  0618OPGL  55000 SEA SHIPSMV. SINGAPORE BULKER 189.99 2 TH.COAL SSSR -,dtr0709.pdf,dtr1508-2.pdf,2026-08-14,2026-08-15,SINGAPORE BULKER
2026-09-06,2026-09-07,Paradip,FOR CB-1 & CB-2,READY,MV. APJ ANGAD 2,224.94,32.26,14.5,2026-09-07,10:18,TH.COAL,75000,3,,,32.26 14.50 07.09  1018NTECL/CLPLL  75000 BOTHRAMV. APJ ANGAD 2 224.94 3 TH.COAL JMBR -,dtr0709.pdf,dtr1508-2.pdf,2026-08-14,2026-08-15,APJ ANGAD 2
2026-09-06,2026-09-07,Paradip,FOR OJ,NOT READY,MT. SHIVALIK NR,225.28,36.6,11.6,2026-09-04,17:12,BUTANE/PROP,13000,1,,(B),36.60 11.60 04.09  1712IOCLD  13000 SAMSARAMT. SHIVALIK NR 225.28 1 BUTANE/PROP SAMSARA - (B),dtr0709.pdf,dtr1508-2.pdf,2026-08-14,2026-08-15,SHIVALIK
2026-09-06,2026-09-07,Paradip,FOR OJ,NOT READY,MT. TORM DOVER NR,183.12,32.2,0.0,2026-09-05,14:12,NAPTHA,35000,2,,(B),32.20 0.00 05.09  1412IOCLL  35000 ISIPLMT. TORM DOVER NR 183.12 2 NAPTHA ISIPL - (B),dtr0709.pdf,dtr1508-2.pdf,2026-08-14,2026-08-15,TORM DOVER
2026-09-06,2026-09-07,Paradip,FOR OJ,NOT READY,MT. GAS ALKHALEEJ NR,225.28,36.62,11.8,2026-09-07,09:54,BUTANE/PROP,28000,3,,(B),36.62 11.80 07.09  0954IOCLD  28000 AGSMT. GAS ALKHALEEJ NR 225.28 3 BUTANE/PROP AGS - (B),dtr0709.pdf,dtr1508-2.pdf,2026-08-14,2026-08-15,GAS ALKHALEEJ
2026-09-06,2026-09-07,Paradip,FOR SPM,READY,MT. OLYMPIC FLAG,273.97,47.0,15.0,2026-09-06,09:54,CRUDE OIL,124610,1,,,47.00 15.00 06.09  0954IOCL PLDD  124610 AGSMT. OLYMPIC FLAG 273.97 1 CRUDE OIL AGSR -,dtr0709.pdf,dtr1508-2.pdf,2026-08-14,2026-08-15,OLYMPIC FLAG
2026-09-06,2026-09-07,Paradip,FOR SPM,NOT READY,MT. AYAT NR,179.99,32.2,11.4,2026-08-26,19:30,CRUDE OIL,37861,1,,(B),32.20 11.40 26.08  1930IOCL PLDD  37861 AGSMT. AYAT NR 179.99 1 CRUDE OIL AGS - (B),dtr0709.pdf,dtr1508-2.pdf,2026-08-14,2026-08-15,AYAT
2026-09-06,2026-09-07,Paradip,FOR PICT,NOT READY,MV. TAN BINH 259 ICT/NR,175.53,29.4,9.5,2026-07-22,16:25,S.COIL,25391,1,,(B),29.40 9.50 22.07  1625JSLD  25391 SSSMV. TAN BINH 259 ICT/NR 175.53 1 S.COIL NK - (B),dtr0709.pdf,dtr1508-2.pdf,2026-08-14,2026-08-15,TAN BINH 259
2026-09-06,2026-09-07,Paradip,FOR PICT,NOT READY,MV. NEON TRADER ICT/NR,179.9,30.0,9.24,2026-09-01,17:36,S.COIL,15000,2,,(B),30.00 9.24 01.09  1736SAILL  15000 GACMV. NEON TRADER ICT/NR 179.90 2 S.COIL GAC - (B),dtr0709.pdf,dtr1508-2.pdf,2026-08-14,2026-08-15,NEON TRADER
2026-09-06,2026-09-07,Paradip,FOR PICT,NOT READY,MV. YPERION ICT/NR,229.0,32.26,7.25,2026-09-01,20:36,PIG IRON,66000,3,,(B),32.26 7.25 01.09  2036OMPLL  66000 J M BAXIMSPLMV. YPERION ICT/NR 229.00 3 PIG IRON J M BAXIMSPL - (B),dtr0709.pdf,dtr1508-2.pdf,2026-08-14,2026-08-15,YPERION
2026-09-06,2026-09-07,Paradip,FOR PICT,NOT READY,MV. DIONYSUS ICT/NR,199.9,32.26,12.35,2026-09-06,19:06,UREA,52500,4,,(B),32.26 12.35 06.09  1906BRAHMAPUTRAD  52500 SSSMV. DIONYSUS ICT/NR 199.90 4 UREA SSS - (B),dtr0709.pdf,dtr1508-2.pdf,2026-08-14,2026-08-15,DIONYSUS
2026-09-06,2026-09-07,Paradip,Others,NOT READY,MV. PELAGIA NR,228.99,32.26,12.86,2026-08-27,23:00,,36000,1,,(B),32.26 12.86 27.08  2300NKD  36000 ALAPMV. PELAGIA NR 228.99 1 A. SULPHATE ALAP - (B),dtr0709.pdf,dtr1508-2.pdf,2026-08-14,2026-08-15,PELAGIA
2026-09-06,2026-09-07,Paradip,FOR CB-1 & CB-2,READY,MV. APJ SETHU,224.86,32.26,0.0,2026-09-05,06:48,TH.COAL,75000,1,,,32.26 0.00 05.09  0648TNPGCLL  75000 SEAPORTMV. APJ SETHU 224.86 1 TH.COAL J M BAXIMSPLR - P,dtr0709.pdf,dtr1510.pdf,2025-10-14,2025-10-15,APJ SETHU
2026-09-06,2026-09-07,Paradip,FOR CB-1 & CB-2,READY,MV. SINGAPORE BULKER,189.99,32.26,13.3,2026-09-07,06:18,TH.COAL,55000,2,,,32.26 13.30 07.09  0618OPGL  55000 SEA SHIPSMV. SINGAPORE BULKER 189.99 2 TH.COAL SSSR -,dtr0709.pdf,dtr1510.pdf,2025-10-14,2025-10-15,SINGAPORE BULKER
2026-09-06,2026-09-07,Paradip,FOR CB-1 & CB-2,READY,MV. APJ ANGAD 2,224.94,32.26,14.5,2026-09-07,10:18,TH.COAL,75000,3,,,32.26 14.50 07.09  1018NTECL/CLPLL  75000 BOTHRAMV. APJ ANGAD 2 224.94 3 TH.COAL JMBR -,dtr0709.pdf,dtr1510.pdf,2025-10-14,2025-10-15,APJ ANGAD 2
2026-09-06,2026-09-07,Paradip,FOR OJ,NOT READY,MT. SHIVALIK NR,225.28,36.6,11.6,2026-09-04,17:12,BUTANE/PROP,13000,1,,(B),36.60 11.60 04.09  1712IOCLD  13000 SAMSARAMT. SHIVALIK NR 225.28 1 BUTANE/PROP SAMSARA - (B),dtr0709.pdf,dtr1510.pdf,2025-10-14,2025-10-15,SHIVALIK
2026-09-06,2026-09-07,Paradip,FOR OJ,NOT READY,MT. TORM DOVER NR,183.12,32.2,0.0,2026-09-05,14:12,NAPTHA,35000,2,,(B),32.20 0.00 05.09  1412IOCLL  35000 ISIPLMT. TORM DOVER NR 183.12 2 NAPTHA ISIPL - (B),dtr0709.pdf,dtr1510.pdf,2025-10-14,2025-10-15,TORM DOVER
2026-09-06,2026-09-07,Paradip,FOR OJ,NOT READY,MT. GAS ALKHALEEJ NR,225.28,36.62,11.8,2026-09-07,09:54,BUTANE/PROP,28000,3,,(B),36.62 11.80 07.09  0954IOCLD  28000 AGSMT. GAS ALKHALEEJ NR 225.28 3 BUTANE/PROP AGS - (B),dtr0709.pdf,dtr1510.pdf,2025-10-14,2025-10-15,GAS ALKHALEEJ
2026-09-06,2026-09-07,Paradip,FOR SPM,READY,MT. OLYMPIC FLAG,273.97,47.0,15.0,2026-09-06,09:54,CRUDE OIL,124610,1,,,47.00 15.00 06.09  0954IOCL PLDD  124610 AGSMT. OLYMPIC FLAG 273.97 1 CRUDE OIL AGSR -,dtr0709.pdf,dtr1510.pdf,2025-10-14,2025-10-15,OLYMPIC FLAG
2026-09-06,2026-09-07,Paradip,FOR SPM,NOT READY,MT. AYAT NR,179.99,32.2,11.4,2026-08-26,19:30,CRUDE OIL,37861,1,,(B),32.20 11.40 26.08  1930IOCL PLDD  37861 AGSMT. AYAT NR 179.99 1 CRUDE OIL AGS - (B),dtr0709.pdf,dtr1510.pdf,2025-10-14,2025-10-15,AYAT
2026-09-06,2026-09-07,Paradip,FOR PICT,NOT READY,MV. TAN BINH 259 ICT/NR,175.53,29.4,9.5,2026-07-22,16:25,S.COIL,25391,1,,(B),29.40 9.50 22.07  1625JSLD  25391 SSSMV. TAN BINH 259 ICT/NR 175.53 1 S.COIL NK - (B),dtr0709.pdf,dtr1510.pdf,2025-10-14,2025-10-15,TAN BINH 259
2026-09-06,2026-09-07,Paradip,FOR PICT,NOT READY,MV. NEON TRADER ICT/NR,179.9,30.0,9.24,2026-09-01,17:36,S.COIL,15000,2,,(B),30.00 9.24 01.09  1736SAILL  15000 GACMV. NEON TRADER ICT/NR 179.90 2 S.COIL GAC - (B),dtr0709.pdf,dtr1510.pdf,2025-10-14,2025-10-15,NEON TRADER
2026-09-06,2026-09-07,Paradip,FOR PICT,NOT READY,MV. YPERION ICT/NR,229.0,32.26,7.25,2026-09-01,20:36,PIG IRON,66000,3,,(B),32.26 7.25 01.09  2036OMPLL  66000 J M BAXIMSPLMV. YPERION ICT/NR 229.00 3 PIG IRON J M BAXIMSPL - (B),dtr0709.pdf,dtr1510.pdf,2025-10-14,2025-10-15,YPERION
2026-09-06,2026-09-07,Paradip,FOR PICT,NOT READY,MV. DIONYSUS ICT/NR,199.9,32.26,12.35,2026-09-06,19:06,UREA,52500,4,,(B),32.26 12.35 06.09  1906BRAHMAPUTRAD  52500 SSSMV. DIONYSUS ICT/NR 199.90 4 UREA SSS - (B),dtr0709.pdf,dtr1510.pdf,2025-10-14,2025-10-15,DIONYSUS
2026-09-06,2026-09-07,Paradip,Others,NOT READY,MV. PELAGIA NR,228.99,32.26,12.86,2026-08-27,23:00,,36000,1,,(B),32.26 12.86 27.08  2300NKD  36000 ALAPMV. PELAGIA NR 228.99 1 A. SULPHATE ALAP - (B),dtr0709.pdf,dtr1510.pdf,2025-10-14,2025-10-15,PELAGIA
2026-09-06,2026-09-07,Paradip,FOR CB-1 & CB-2,READY,MV. APJ SETHU,224.86,32.26,0.0,2026-09-05,06:48,TH.COAL,75000,1,,,32.26 0.00 05.09  0648TNPGCLL  75000 SEAPORTMV. APJ SETHU 224.86 1 TH.COAL J M BAXIMSPLR - P,dtr0709.pdf,dtr1607.pdf,2026-07-15,2026-07-16,APJ SETHU
2026-09-06,2026-09-07,Paradip,FOR CB-1 & CB-2,READY,MV. SINGAPORE BULKER,189.99,32.26,13.3,2026-09-07,06:18,TH.COAL,55000,2,,,32.26 13.30 07.09  0618OPGL  55000 SEA SHIPSMV. SINGAPORE BULKER 189.99 2 TH.COAL SSSR -,dtr0709.pdf,dtr1607.pdf,2026-07-15,2026-07-16,SINGAPORE BULKER
2026-09-06,2026-09-07,Paradip,FOR CB-1 & CB-2,READY,MV. APJ ANGAD 2,224.94,32.26,14.5,2026-09-07,10:18,TH.COAL,75000,3,,,32.26 14.50 07.09  1018NTECL/CLPLL  75000 BOTHRAMV. APJ ANGAD 2 224.94 3 TH.COAL JMBR -,dtr0709.pdf,dtr1607.pdf,2026-07-15,2026-07-16,APJ ANGAD 2
2026-09-06,2026-09-07,Paradip,FOR OJ,NOT READY,MT. SHIVALIK NR,225.28,36.6,11.6,2026-09-04,17:12,BUTANE/PROP,13000,1,,(B),36.60 11.60 04.09  1712IOCLD  13000 SAMSARAMT. SHIVALIK NR 225.28 1 BUTANE/PROP SAMSARA - (B),dtr0709.pdf,dtr1607.pdf,2026-07-15,2026-07-16,SHIVALIK
2026-09-06,2026-09-07,Paradip,FOR OJ,NOT READY,MT. TORM DOVER NR,183.12,32.2,0.0,2026-09-05,14:12,NAPTHA,35000,2,,(B),32.20 0.00 05.09  1412IOCLL  35000 ISIPLMT. TORM DOVER NR 183.12 2 NAPTHA ISIPL - (B),dtr0709.pdf,dtr1607.pdf,2026-07-15,2026-07-16,TORM DOVER
2026-09-06,2026-09-07,Paradip,FOR OJ,NOT READY,MT. GAS ALKHALEEJ NR,225.28,36.62,11.8,2026-09-07,09:54,BUTANE/PROP,28000,3,,(B),36.62 11.80 07.09  0954IOCLD  28000 AGSMT. GAS ALKHALEEJ NR 225.28 3 BUTANE/PROP AGS - (B),dtr0709.pdf,dtr1607.pdf,2026-07-15,2026-07-16,GAS ALKHALEEJ
2026-09-06,2026-09-07,Paradip,FOR SPM,READY,MT. OLYMPIC FLAG,273.97,47.0,15.0,2026-09-06,09:54,CRUDE OIL,124610,1,,,47.00 15.00 06.09  0954IOCL PLDD  124610 AGSMT. OLYMPIC FLAG 273.97 1 CRUDE OIL AGSR -,dtr0709.pdf,dtr1607.pdf,2026-07-15,2026-07-16,OLYMPIC FLAG
2026-09-06,2026-09-07,Paradip,FOR SPM,NOT READY,MT. AYAT NR,179.99,32.2,11.4,2026-08-26,19:30,CRUDE OIL,37861,1,,(B),32.20 11.40 26.08  1930IOCL PLDD  37861 AGSMT. AYAT NR 179.99 1 CRUDE OIL AGS - (B),dtr0709.pdf,dtr1607.pdf,2026-07-15,2026-07-16,AYAT
2026-09-06,2026-09-07,Paradip,FOR PICT,NOT READY,MV. TAN BINH 259 ICT/NR,175.53,29.4,9.5,2026-07-22,16:25,S.COIL,25391,1,,(B),29.40 9.50 22.07  1625JSLD  25391 SSSMV. TAN BINH 259 ICT/NR 175.53 1 S.COIL NK - (B),dtr0709.pdf,dtr1607.pdf,2026-07-15,2026-07-16,TAN BINH 259
2026-09-06,2026-09-07,Paradip,FOR PICT,NOT READY,MV. NEON TRADER ICT/NR,179.9,30.0,9.24,2026-09-01,17:36,S.COIL,15000,2,,(B),30.00 9.24 01.09  1736SAILL  15000 GACMV. NEON TRADER ICT/NR 179.90 2 S.COIL GAC - (B),dtr0709.pdf,dtr1607.pdf,2026-07-15,2026-07-16,NEON TRADER
2026-09-06,2026-09-07,Paradip,FOR PICT,NOT READY,MV. YPERION ICT/NR,229.0,32.26,7.25,2026-09-01,20:36,PIG IRON,66000,3,,(B),32.26 7.25 01.09  2036OMPLL  66000 J M BAXIMSPLMV. YPERION ICT/NR 229.00 3 PIG IRON J M BAXIMSPL - (B),dtr0709.pdf,dtr1607.pdf,2026-07-15,2026-07-16,YPERION
2026-09-06,2026-09-07,Paradip,FOR PICT,NOT READY,MV. DIONYSUS ICT/NR,199.9,32.26,12.35,2026-09-06,19:06,UREA,52500,4,,(B),32.26 12.35 06.09  1906BRAHMAPUTRAD  52500 SSSMV. DIONYSUS ICT/NR 199.90 4 UREA SSS - (B),dtr0709.pdf,dtr1607.pdf,2026-07-15,2026-07-16,DIONYSUS
2026-09-06,2026-09-07,Paradip,Others,NOT READY,MV. PELAGIA NR,228.99,32.26,12.86,2026-08-27,23:00,,36000,1,,(B),32.26 12.86 27.08  2300NKD  36000 ALAPMV. PELAGIA NR 228.99 1 A. SULPHATE ALAP - (B),dtr0709.pdf,dtr1607.pdf,2026-07-15,2026-07-16,PELAGIA
2026-09-06,2026-09-07,Paradip,FOR CB-1 & CB-2,READY,MV. APJ SETHU,224.86,32.26,0.0,2026-09-05,06:48,TH.COAL,75000,1,,,32.26 0.00 05.09  0648TNPGCLL  75000 SEAPORTMV. APJ SETHU 224.86 1 TH.COAL J M BAXIMSPLR - P,dtr0709.pdf,dtr1608-4.pdf,2026-08-15,2026-08-16,APJ SETHU
2026-09-06,2026-09-07,Paradip,FOR CB-1 & CB-2,READY,MV. SINGAPORE BULKER,189.99,32.26,13.3,2026-09-07,06:18,TH.COAL,55000,2,,,32.26 13.30 07.09  0618OPGL  55000 SEA SHIPSMV. SINGAPORE BULKER 189.99 2 TH.COAL SSSR -,dtr0709.pdf,dtr1608-4.pdf,2026-08-15,2026-08-16,SINGAPORE BULKER
2026-09-06,2026-09-07,Paradip,FOR CB-1 & CB-2,READY,MV. APJ ANGAD 2,224.94,32.26,14.5,2026-09-07,10:18,TH.COAL,75000,3,,,32.26 14.50 07.09  1018NTECL/CLPLL  75000 BOTHRAMV. APJ ANGAD 2 224.94 3 TH.COAL JMBR -,dtr0709.pdf,dtr1608-4.pdf,2026-08-15,2026-08-16,APJ ANGAD 2
2026-09-06,2026-09-07,Paradip,FOR OJ,NOT READY,MT. SHIVALIK NR,225.28,36.6,11.6,2026-09-04,17:12,BUTANE/PROP,13000,1,,(B),36.60 11.60 04.09  1712IOCLD  13000 SAMSARAMT. SHIVALIK NR 225.28 1 BUTANE/PROP SAMSARA - (B),dtr0709.pdf,dtr1608-4.pdf,2026-08-15,2026-08-16,SHIVALIK
2026-09-06,2026-09-07,Paradip,FOR OJ,NOT READY,MT. TORM DOVER NR,183.12,32.2,0.0,2026-09-05,14:12,NAPTHA,35000,2,,(B),32.20 0.00 05.09  1412IOCLL  35000 ISIPLMT. TORM DOVER NR 183.12 2 NAPTHA ISIPL - (B),dtr0709.pdf,dtr1608-4.pdf,2026-08-15,2026-08-16,TORM DOVER
2026-09-06,2026-09-07,Paradip,FOR OJ,NOT READY,MT. GAS ALKHALEEJ NR,225.28,36.62,11.8,2026-09-07,09:54,BUTANE/PROP,28000,3,,(B),36.62 11.80 07.09  0954IOCLD  28000 AGSMT. GAS ALKHALEEJ NR 225.28 3 BUTANE/PROP AGS - (B),dtr0709.pdf,dtr1608-4.pdf,2026-08-15,2026-08-16,GAS ALKHALEEJ
2026-09-06,2026-09-07,Paradip,FOR SPM,READY,MT. OLYMPIC FLAG,273.97,47.0,15.0,2026-09-06,09:54,CRUDE OIL,124610,1,,,47.00 15.00 06.09  0954IOCL PLDD  124610 AGSMT. OLYMPIC FLAG 273.97 1 CRUDE OIL AGSR -,dtr0709.pdf,dtr1608-4.pdf,2026-08-15,2026-08-16,OLYMPIC FLAG
2026-09-06,2026-09-07,Paradip,FOR SPM,NOT READY,MT. AYAT NR,179.99,32.2,11.4,2026-08-26,19:30,CRUDE OIL,37861,1,,(B),32.20 11.40 26.08  1930IOCL PLDD  37861 AGSMT. AYAT NR 179.99 1 CRUDE OIL AGS - (B),dtr0709.pdf,dtr1608-4.pdf,2026-08-15,2026-08-16,AYAT
2026-09-06,2026-09-07,Paradip,FOR PICT,NOT READY,MV. TAN BINH 259 ICT/NR,175.53,29.4,9.5,2026-07-22,16:25,S.COIL,25391,1,,(B),29.40 9.50 22.07  1625JSLD  25391 SSSMV. TAN BINH 259 ICT/NR 175.53 1 S.COIL NK - (B),dtr0709.pdf,dtr1608-4.pdf,2026-08-15,2026-08-16,TAN BINH 259
2026-09-06,2026-09-07,Paradip,FOR PICT,NOT READY,MV. NEON TRADER ICT/NR,179.9,30.0,9.24,2026-09-01,17:36,S.COIL,15000,2,,(B),30.00 9.24 01.09  1736SAILL  15000 GACMV. NEON TRADER ICT/NR 179.90 2 S.COIL GAC - (B),dtr0709.pdf,dtr1608-4.pdf,2026-08-15,2026-08-16,NEON TRADER
2026-09-06,2026-09-07,Paradip,FOR PICT,NOT READY,MV. YPERION ICT/NR,229.0,32.26,7.25,2026-09-01,20:36,PIG IRON,66000,3,,(B),32.26 7.25 01.09  2036OMPLL  66000 J M BAXIMSPLMV. YPERION ICT/NR 229.00 3 PIG IRON J M BAXIMSPL - (B),dtr0709.pdf,dtr1608-4.pdf,2026-08-15,2026-08-16,YPERION
2026-09-06,2026-09-07,Paradip,FOR PICT,NOT READY,MV. DIONYSUS ICT/NR,199.9,32.26,12.35,2026-09-06,19:06,UREA,52500,4,,(B),32.26 12.35 06.09  1906BRAHMAPUTRAD  52500 SSSMV. DIONYSUS ICT/NR 199.90 4 UREA SSS - (B),dtr0709.pdf,dtr1608-4.pdf,2026-08-15,2026-08-16,DIONYSUS
2026-09-06,2026-09-07,Paradip,Others,NOT READY,MV. PELAGIA NR,228.99,32.26,12.86,2026-08-27,23:00,,36000,1,,(B),32.26 12.86 27.08  2300NKD  36000 ALAPMV. PELAGIA NR 228.99 1 A. SULPHATE ALAP - (B),dtr0709.pdf,dtr1608-4.pdf,2026-08-15,2026-08-16,PELAGIA
2026-09-06,2026-09-07,Paradip,FOR CB-1 & CB-2,READY,MV. APJ SETHU,224.86,32.26,0.0,2026-09-05,06:48,TH.COAL,75000,1,,,32.26 0.00 05.09  0648TNPGCLL  75000 SEAPORTMV. APJ SETHU 224.86 1 TH.COAL J M BAXIMSPLR - P,dtr0709.pdf,dtr1610.pdf,2025-10-15,2025-10-16,APJ SETHU
2026-09-06,2026-09-07,Paradip,FOR CB-1 & CB-2,READY,MV. SINGAPORE BULKER,189.99,32.26,13.3,2026-09-07,06:18,TH.COAL,55000,2,,,32.26 13.30 07.09  0618OPGL  55000 SEA SHIPSMV. SINGAPORE BULKER 189.99 2 TH.COAL SSSR -,dtr0709.pdf,dtr1610.pdf,2025-10-15,2025-10-16,SINGAPORE BULKER
2026-09-06,2026-09-07,Paradip,FOR CB-1 & CB-2,READY,MV. APJ ANGAD 2,224.94,32.26,14.5,2026-09-07,10:18,TH.COAL,75000,3,,,32.26 14.50 07.09  1018NTECL/CLPLL  75000 BOTHRAMV. APJ ANGAD 2 224.94 3 TH.COAL JMBR -,dtr0709.pdf,dtr1610.pdf,2025-10-15,2025-10-16,APJ ANGAD 2
2026-09-06,2026-09-07,Paradip,FOR OJ,NOT READY,MT. SHIVALIK NR,225.28,36.6,11.6,2026-09-04,17:12,BUTANE/PROP,13000,1,,(B),36.60 11.60 04.09  1712IOCLD  13000 SAMSARAMT. SHIVALIK NR 225.28 1 BUTANE/PROP SAMSARA - (B),dtr0709.pdf,dtr1610.pdf,2025-10-15,2025-10-16,SHIVALIK
2026-09-06,2026-09-07,Paradip,FOR OJ,NOT READY,MT. TORM DOVER NR,183.12,32.2,0.0,2026-09-05,14:12,NAPTHA,35000,2,,(B),32.20 0.00 05.09  1412IOCLL  35000 ISIPLMT. TORM DOVER NR 183.12 2 NAPTHA ISIPL - (B),dtr0709.pdf,dtr1610.pdf,2025-10-15,2025-10-16,TORM DOVER
2026-09-06,2026-09-07,Paradip,FOR OJ,NOT READY,MT. GAS ALKHALEEJ NR,225.28,36.62,11.8,2026-09-07,09:54,BUTANE/PROP,28000,3,,(B),36.62 11.80 07.09  0954IOCLD  28000 AGSMT. GAS ALKHALEEJ NR 225.28 3 BUTANE/PROP AGS - (B),dtr0709.pdf,dtr1610.pdf,2025-10-15,2025-10-16,GAS ALKHALEEJ
2026-09-06,2026-09-07,Paradip,FOR SPM,READY,MT. OLYMPIC FLAG,273.97,47.0,15.0,2026-09-06,09:54,CRUDE OIL,124610,1,,,47.00 15.00 06.09  0954IOCL PLDD  124610 AGSMT. OLYMPIC FLAG 273.97 1 CRUDE OIL AGSR -,dtr0709.pdf,dtr1610.pdf,2025-10-15,2025-10-16,OLYMPIC FLAG
2026-09-06,2026-09-07,Paradip,FOR SPM,NOT READY,MT. AYAT NR,179.99,32.2,11.4,2026-08-26,19:30,CRUDE OIL,37861,1,,(B),32.20 11.40 26.08  1930IOCL PLDD  37861 AGSMT. AYAT NR 179.99 1 CRUDE OIL AGS - (B),dtr0709.pdf,dtr1610.pdf,2025-10-15,2025-10-16,AYAT
2026-09-06,2026-09-07,Paradip,FOR PICT,NOT READY,MV. TAN BINH 259 ICT/NR,175.53,29.4,9.5,2026-07-22,16:25,S.COIL,25391,1,,(B),29.40 9.50 22.07  1625JSLD  25391 SSSMV. TAN BINH 259 ICT/NR 175.53 1 S.COIL NK - (B),dtr0709.pdf,dtr1610.pdf,2025-10-15,2025-10-16,TAN BINH 259
2026-09-06,2026-09-07,Paradip,FOR PICT,NOT READY,MV. NEON TRADER ICT/NR,179.9,30.0,9.24,2026-09-01,17:36,S.COIL,15000,2,,(B),30.00 9.24 01.09  1736SAILL  15000 GACMV. NEON TRADER ICT/NR 179.90 2 S.COIL GAC - (B),dtr0709.pdf,dtr1610.pdf,2025-10-15,2025-10-16,NEON TRADER
2026-09-06,2026-09-07,Paradip,FOR PICT,NOT READY,MV. YPERION ICT/NR,229.0,32.26,7.25,2026-09-01,20:36,PIG IRON,66000,3,,(B),32.26 7.25 01.09  2036OMPLL  66000 J M BAXIMSPLMV. YPERION ICT/NR 229.00 3 PIG IRON J M BAXIMSPL - (B),dtr0709.pdf,dtr1610.pdf,2025-10-15,2025-10-16,YPERION
2026-09-06,2026-09-07,Paradip,FOR PICT,NOT READY,MV. DIONYSUS ICT/NR,199.9,32.26,12.35,2026-09-06,19:06,UREA,52500,4,,(B),32.26 12.35 06.09  1906BRAHMAPUTRAD  52500 SSSMV. DIONYSUS ICT/NR 199.90 4 UREA SSS - (B),dtr0709.pdf,dtr1610.pdf,2025-10-15,2025-10-16,DIONYSUS
2026-09-06,2026-09-07,Paradip,Others,NOT READY,MV. PELAGIA NR,228.99,32.26,12.86,2026-08-27,23:00,,36000,1,,(B),32.26 12.86 27.08  2300NKD  36000 ALAPMV. PELAGIA NR 228.99 1 A. SULPHATE ALAP - (B),dtr0709.pdf,dtr1610.pdf,2025-10-15,2025-10-16,PELAGIA
2026-09-06,2026-09-07,Paradip,FOR CB-1 & CB-2,READY,MV. APJ SETHU,224.86,32.26,0.0,2026-09-05,06:48,TH.COAL,75000,1,,,32.26 0.00 05.09  0648TNPGCLL  75000 SEAPORTMV. APJ SETHU 224.86 1 TH.COAL J M BAXIMSPLR - P,dtr0709.pdf,dtr1707.pdf,2026-07-16,2026-07-17,APJ SETHU
2026-09-06,2026-09-07,Paradip,FOR CB-1 & CB-2,READY,MV. SINGAPORE BULKER,189.99,32.26,13.3,2026-09-07,06:18,TH.COAL,55000,2,,,32.26 13.30 07.09  0618OPGL  55000 SEA SHIPSMV. SINGAPORE BULKER 189.99 2 TH.COAL SSSR -,dtr0709.pdf,dtr1707.pdf,2026-07-16,2026-07-17,SINGAPORE BULKER
2026-09-06,2026-09-07,Paradip,FOR CB-1 & CB-2,READY,MV. APJ ANGAD 2,224.94,32.26,14.5,2026-09-07,10:18,TH.COAL,75000,3,,,32.26 14.50 07.09  1018NTECL/CLPLL  75000 BOTHRAMV. APJ ANGAD 2 224.94 3 TH.COAL JMBR -,dtr0709.pdf,dtr1707.pdf,2026-07-16,2026-07-17,APJ ANGAD 2
2026-09-06,2026-09-07,Paradip,FOR OJ,NOT READY,MT. SHIVALIK NR,225.28,36.6,11.6,2026-09-04,17:12,BUTANE/PROP,13000,1,,(B),36.60 11.60 04.09  1712IOCLD  13000 SAMSARAMT. SHIVALIK NR 225.28 1 BUTANE/PROP SAMSARA - (B),dtr0709.pdf,dtr1707.pdf,2026-07-16,2026-07-17,SHIVALIK
2026-09-06,2026-09-07,Paradip,FOR OJ,NOT READY,MT. TORM DOVER NR,183.12,32.2,0.0,2026-09-05,14:12,NAPTHA,35000,2,,(B),32.20 0.00 05.09  1412IOCLL  35000 ISIPLMT. TORM DOVER NR 183.12 2 NAPTHA ISIPL - (B),dtr0709.pdf,dtr1707.pdf,2026-07-16,2026-07-17,TORM DOVER
2026-09-06,2026-09-07,Paradip,FOR OJ,NOT READY,MT. GAS ALKHALEEJ NR,225.28,36.62,11.8,2026-09-07,09:54,BUTANE/PROP,28000,3,,(B),36.62 11.80 07.09  0954IOCLD  28000 AGSMT. GAS ALKHALEEJ NR 225.28 3 BUTANE/PROP AGS - (B),dtr0709.pdf,dtr1707.pdf,2026-07-16,2026-07-17,GAS ALKHALEEJ
2026-09-06,2026-09-07,Paradip,FOR SPM,READY,MT. OLYMPIC FLAG,273.97,47.0,15.0,2026-09-06,09:54,CRUDE OIL,124610,1,,,47.00 15.00 06.09  0954IOCL PLDD  124610 AGSMT. OLYMPIC FLAG 273.97 1 CRUDE OIL AGSR -,dtr0709.pdf,dtr1707.pdf,2026-07-16,2026-07-17,OLYMPIC FLAG
2026-09-06,2026-09-07,Paradip,FOR SPM,NOT READY,MT. AYAT NR,179.99,32.2,11.4,2026-08-26,19:30,CRUDE OIL,37861,1,,(B),32.20 11.40 26.08  1930IOCL PLDD  37861 AGSMT. AYAT NR 179.99 1 CRUDE OIL AGS - (B),dtr0709.pdf,dtr1707.pdf,2026-07-16,2026-07-17,AYAT
2026-09-06,2026-09-07,Paradip,FOR PICT,NOT READY,MV. TAN BINH 259 ICT/NR,175.53,29.4,9.5,2026-07-22,16:25,S.COIL,25391,1,,(B),29.40 9.50 22.07  1625JSLD  25391 SSSMV. TAN BINH 259 ICT/NR 175.53 1 S.COIL NK - (B),dtr0709.pdf,dtr1707.pdf,2026-07-16,2026-07-17,TAN BINH 259
2026-09-06,2026-09-07,Paradip,FOR PICT,NOT READY,MV. NEON TRADER ICT/NR,179.9,30.0,9.24,2026-09-01,17:36,S.COIL,15000,2,,(B),30.00 9.24 01.09  1736SAILL  15000 GACMV. NEON TRADER ICT/NR 179.90 2 S.COIL GAC - (B),dtr0709.pdf,dtr1707.pdf,2026-07-16,2026-07-17,NEON TRADER
2026-09-06,2026-09-07,Paradip,FOR PICT,NOT READY,MV. YPERION ICT/NR,229.0,32.26,7.25,2026-09-01,20:36,PIG IRON,66000,3,,(B),32.26 7.25 01.09  2036OMPLL  66000 J M BAXIMSPLMV. YPERION ICT/NR 229.00 3 PIG IRON J M BAXIMSPL - (B),dtr0709.pdf,dtr1707.pdf,2026-07-16,2026-07-17,YPERION
2026-09-06,2026-09-07,Paradip,FOR PICT,NOT READY,MV. DIONYSUS ICT/NR,199.9,32.26,12.35,2026-09-06,19:06,UREA,52500,4,,(B),32.26 12.35 06.09  1906BRAHMAPUTRAD  52500 SSSMV. DIONYSUS ICT/NR 199.90 4 UREA SSS - (B),dtr0709.pdf,dtr1707.pdf,2026-07-16,2026-07-17,DIONYSUS
2026-09-06,2026-09-07,Paradip,Others,NOT READY,MV. PELAGIA NR,228.99,32.26,12.86,2026-08-27,23:00,,36000,1,,(B),32.26 12.86 27.08  2300NKD  36000 ALAPMV. PELAGIA NR 228.99 1 A. SULPHATE ALAP - (B),dtr0709.pdf,dtr1707.pdf,2026-07-16,2026-07-17,PELAGIA
2026-09-06,2026-09-07,Paradip,FOR CB-1 & CB-2,READY,MV. APJ SETHU,224.86,32.26,0.0,2026-09-05,06:48,TH.COAL,75000,1,,,32.26 0.00 05.09  0648TNPGCLL  75000 SEAPORTMV. APJ SETHU 224.86 1 TH.COAL J M BAXIMSPLR - P,dtr0709.pdf,dtr1708.pdf,2026-08-16,2026-08-17,APJ SETHU
2026-09-06,2026-09-07,Paradip,FOR CB-1 & CB-2,READY,MV. SINGAPORE BULKER,189.99,32.26,13.3,2026-09-07,06:18,TH.COAL,55000,2,,,32.26 13.30 07.09  0618OPGL  55000 SEA SHIPSMV. SINGAPORE BULKER 189.99 2 TH.COAL SSSR -,dtr0709.pdf,dtr1708.pdf,2026-08-16,2026-08-17,SINGAPORE BULKER
2026-09-06,2026-09-07,Paradip,FOR CB-1 & CB-2,READY,MV. APJ ANGAD 2,224.94,32.26,14.5,2026-09-07,10:18,TH.COAL,75000,3,,,32.26 14.50 07.09  1018NTECL/CLPLL  75000 BOTHRAMV. APJ ANGAD 2 224.94 3 TH.COAL JMBR -,dtr0709.pdf,dtr1708.pdf,2026-08-16,2026-08-17,APJ ANGAD 2
2026-09-06,2026-09-07,Paradip,FOR OJ,NOT READY,MT. SHIVALIK NR,225.28,36.6,11.6,2026-09-04,17:12,BUTANE/PROP,13000,1,,(B),36.60 11.60 04.09  1712IOCLD  13000 SAMSARAMT. SHIVALIK NR 225.28 1 BUTANE/PROP SAMSARA - (B),dtr0709.pdf,dtr1708.pdf,2026-08-16,2026-08-17,SHIVALIK
2026-09-06,2026-09-07,Paradip,FOR OJ,NOT READY,MT. TORM DOVER NR,183.12,32.2,0.0,2026-09-05,14:12,NAPTHA,35000,2,,(B),32.20 0.00 05.09  1412IOCLL  35000 ISIPLMT. TORM DOVER NR 183.12 2 NAPTHA ISIPL - (B),dtr0709.pdf,dtr1708.pdf,2026-08-16,2026-08-17,TORM DOVER
2026-09-06,2026-09-07,Paradip,FOR OJ,NOT READY,MT. GAS ALKHALEEJ NR,225.28,36.62,11.8,2026-09-07,09:54,BUTANE/PROP,28000,3,,(B),36.62 11.80 07.09  0954IOCLD  28000 AGSMT. GAS ALKHALEEJ NR 225.28 3 BUTANE/PROP AGS - (B),dtr0709.pdf,dtr1708.pdf,2026-08-16,2026-08-17,GAS ALKHALEEJ
2026-09-06,2026-09-07,Paradip,FOR SPM,READY,MT. OLYMPIC FLAG,273.97,47.0,15.0,2026-09-06,09:54,CRUDE OIL,124610,1,,,47.00 15.00 06.09  0954IOCL PLDD  124610 AGSMT. OLYMPIC FLAG 273.97 1 CRUDE OIL AGSR -,dtr0709.pdf,dtr1708.pdf,2026-08-16,2026-08-17,OLYMPIC FLAG
2026-09-06,2026-09-07,Paradip,FOR SPM,NOT READY,MT. AYAT NR,179.99,32.2,11.4,2026-08-26,19:30,CRUDE OIL,37861,1,,(B),32.20 11.40 26.08  1930IOCL PLDD  37861 AGSMT. AYAT NR 179.99 1 CRUDE OIL AGS - (B),dtr0709.pdf,dtr1708.pdf,2026-08-16,2026-08-17,AYAT
2026-09-06,2026-09-07,Paradip,FOR PICT,NOT READY,MV. TAN BINH 259 ICT/NR,175.53,29.4,9.5,2026-07-22,16:25,S.COIL,25391,1,,(B),29.40 9.50 22.07  1625JSLD  25391 SSSMV. TAN BINH 259 ICT/NR 175.53 1 S.COIL NK - (B),dtr0709.pdf,dtr1708.pdf,2026-08-16,2026-08-17,TAN BINH 259
2026-09-06,2026-09-07,Paradip,FOR PICT,NOT READY,MV. NEON TRADER ICT/NR,179.9,30.0,9.24,2026-09-01,17:36,S.COIL,15000,2,,(B),30.00 9.24 01.09  1736SAILL  15000 GACMV. NEON TRADER ICT/NR 179.90 2 S.COIL GAC - (B),dtr0709.pdf,dtr1708.pdf,2026-08-16,2026-08-17,NEON TRADER
2026-09-06,2026-09-07,Paradip,FOR PICT,NOT READY,MV. YPERION ICT/NR,229.0,32.26,7.25,2026-09-01,20:36,PIG IRON,66000,3,,(B),32.26 7.25 01.09  2036OMPLL  66000 J M BAXIMSPLMV. YPERION ICT/NR 229.00 3 PIG IRON J M BAXIMSPL - (B),dtr0709.pdf,dtr1708.pdf,2026-08-16,2026-08-17,YPERION
2026-09-06,2026-09-07,Paradip,FOR PICT,NOT READY,MV. DIONYSUS ICT/NR,199.9,32.26,12.35,2026-09-06,19:06,UREA,52500,4,,(B),32.26 12.35 06.09  1906BRAHMAPUTRAD  52500 SSSMV. DIONYSUS ICT/NR 199.90 4 UREA SSS - (B),dtr0709.pdf,dtr1708.pdf,2026-08-16,2026-08-17,DIONYSUS
2026-09-06,2026-09-07,Paradip,Others,NOT READY,MV. PELAGIA NR,228.99,32.26,12.86,2026-08-27,23:00,,36000,1,,(B),32.26 12.86 27.08  2300NKD  36000 ALAPMV. PELAGIA NR 228.99 1 A. SULPHATE ALAP - (B),dtr0709.pdf,dtr1708.pdf,2026-08-16,2026-08-17,PELAGIA
2026-09-06,2026-09-07,Paradip,FOR CB-1 & CB-2,READY,MV. APJ SETHU,224.86,32.26,0.0,2026-09-05,06:48,TH.COAL,75000,1,,,32.26 0.00 05.09  0648TNPGCLL  75000 SEAPORTMV. APJ SETHU 224.86 1 TH.COAL J M BAXIMSPLR - P,dtr0709.pdf,dtr1710.pdf,2025-10-16,2025-10-17,APJ SETHU
2026-09-06,2026-09-07,Paradip,FOR CB-1 & CB-2,READY,MV. SINGAPORE BULKER,189.99,32.26,13.3,2026-09-07,06:18,TH.COAL,55000,2,,,32.26 13.30 07.09  0618OPGL  55000 SEA SHIPSMV. SINGAPORE BULKER 189.99 2 TH.COAL SSSR -,dtr0709.pdf,dtr1710.pdf,2025-10-16,2025-10-17,SINGAPORE BULKER
2026-09-06,2026-09-07,Paradip,FOR CB-1 & CB-2,READY,MV. APJ ANGAD 2,224.94,32.26,14.5,2026-09-07,10:18,TH.COAL,75000,3,,,32.26 14.50 07.09  1018NTECL/CLPLL  75000 BOTHRAMV. APJ ANGAD 2 224.94 3 TH.COAL JMBR -,dtr0709.pdf,dtr1710.pdf,2025-10-16,2025-10-17,APJ ANGAD 2
2026-09-06,2026-09-07,Paradip,FOR OJ,NOT READY,MT. SHIVALIK NR,225.28,36.6,11.6,2026-09-04,17:12,BUTANE/PROP,13000,1,,(B),36.60 11.60 04.09  1712IOCLD  13000 SAMSARAMT. SHIVALIK NR 225.28 1 BUTANE/PROP SAMSARA - (B),dtr0709.pdf,dtr1710.pdf,2025-10-16,2025-10-17,SHIVALIK
2026-09-06,2026-09-07,Paradip,FOR OJ,NOT READY,MT. TORM DOVER NR,183.12,32.2,0.0,2026-09-05,14:12,NAPTHA,35000,2,,(B),32.20 0.00 05.09  1412IOCLL  35000 ISIPLMT. TORM DOVER NR 183.12 2 NAPTHA ISIPL - (B),dtr0709.pdf,dtr1710.pdf,2025-10-16,2025-10-17,TORM DOVER
2026-09-06,2026-09-07,Paradip,FOR OJ,NOT READY,MT. GAS ALKHALEEJ NR,225.28,36.62,11.8,2026-09-07,09:54,BUTANE/PROP,28000,3,,(B),36.62 11.80 07.09  0954IOCLD  28000 AGSMT. GAS ALKHALEEJ NR 225.28 3 BUTANE/PROP AGS - (B),dtr0709.pdf,dtr1710.pdf,2025-10-16,2025-10-17,GAS ALKHALEEJ
2026-09-06,2026-09-07,Paradip,FOR SPM,READY,MT. OLYMPIC FLAG,273.97,47.0,15.0,2026-09-06,09:54,CRUDE OIL,124610,1,,,47.00 15.00 06.09  0954IOCL PLDD  124610 AGSMT. OLYMPIC FLAG 273.97 1 CRUDE OIL AGSR -,dtr0709.pdf,dtr1710.pdf,2025-10-16,2025-10-17,OLYMPIC FLAG
2026-09-06,2026-09-07,Paradip,FOR SPM,NOT READY,MT. AYAT NR,179.99,32.2,11.4,2026-08-26,19:30,CRUDE OIL,37861,1,,(B),32.20 11.40 26.08  1930IOCL PLDD  37861 AGSMT. AYAT NR 179.99 1 CRUDE OIL AGS - (B),dtr0709.pdf,dtr1710.pdf,2025-10-16,2025-10-17,AYAT
2026-09-06,2026-09-07,Paradip,FOR PICT,NOT READY,MV. TAN BINH 259 ICT/NR,175.53,29.4,9.5,2026-07-22,16:25,S.COIL,25391,1,,(B),29.40 9.50 22.07  1625JSLD  25391 SSSMV. TAN BINH 259 ICT/NR 175.53 1 S.COIL NK - (B),dtr0709.pdf,dtr1710.pdf,2025-10-16,2025-10-17,TAN BINH 259
2026-09-06,2026-09-07,Paradip,FOR PICT,NOT READY,MV. NEON TRADER ICT/NR,179.9,30.0,9.24,2026-09-01,17:36,S.COIL,15000,2,,(B),30.00 9.24 01.09  1736SAILL  15000 GACMV. NEON TRADER ICT/NR 179.90 2 S.COIL GAC - (B),dtr0709.pdf,dtr1710.pdf,2025-10-16,2025-10-17,NEON TRADER
2026-09-06,2026-09-07,Paradip,FOR PICT,NOT READY,MV. YPERION ICT/NR,229.0,32.26,7.25,2026-09-01,20:36,PIG IRON,66000,3,,(B),32.26 7.25 01.09  2036OMPLL  66000 J M BAXIMSPLMV. YPERION ICT/NR 229.00 3 PIG IRON J M BAXIMSPL - (B),dtr0709.pdf,dtr1710.pdf,2025-10-16,2025-10-17,YPERION
2026-09-06,2026-09-07,Paradip,FOR PICT,NOT READY,MV. DIONYSUS ICT/NR,199.9,32.26,12.35,2026-09-06,19:06,UREA,52500,4,,(B),32.26 12.35 06.09  1906BRAHMAPUTRAD  52500 SSSMV. DIONYSUS ICT/NR 199.90 4 UREA SSS - (B),dtr0709.pdf,dtr1710.pdf,2025-10-16,2025-10-17,DIONYSUS
2026-09-06,2026-09-07,Paradip,Others,NOT READY,MV. PELAGIA NR,228.99,32.26,12.86,2026-08-27,23:00,,36000,1,,(B),32.26 12.86 27.08  2300NKD  36000 ALAPMV. PELAGIA NR 228.99 1 A. SULPHATE ALAP - (B),dtr0709.pdf,dtr1710.pdf,2025-10-16,2025-10-17,PELAGIA
2026-09-06,2026-09-07,Paradip,FOR CB-1 & CB-2,READY,MV. APJ SETHU,224.86,32.26,0.0,2026-09-05,06:48,TH.COAL,75000,1,,,32.26 0.00 05.09  0648TNPGCLL  75000 SEAPORTMV. APJ SETHU 224.86 1 TH.COAL J M BAXIMSPLR - P,dtr0709.pdf,dtr1806.pdf,2026-06-17,2026-06-18,APJ SETHU
2026-09-06,2026-09-07,Paradip,FOR CB-1 & CB-2,READY,MV. SINGAPORE BULKER,189.99,32.26,13.3,2026-09-07,06:18,TH.COAL,55000,2,,,32.26 13.30 07.09  0618OPGL  55000 SEA SHIPSMV. SINGAPORE BULKER 189.99 2 TH.COAL SSSR -,dtr0709.pdf,dtr1806.pdf,2026-06-17,2026-06-18,SINGAPORE BULKER
2026-09-06,2026-09-07,Paradip,FOR CB-1 & CB-2,READY,MV. APJ ANGAD 2,224.94,32.26,14.5,2026-09-07,10:18,TH.COAL,75000,3,,,32.26 14.50 07.09  1018NTECL/CLPLL  75000 BOTHRAMV. APJ ANGAD 2 224.94 3 TH.COAL JMBR -,dtr0709.pdf,dtr1806.pdf,2026-06-17,2026-06-18,APJ ANGAD 2
2026-09-06,2026-09-07,Paradip,FOR OJ,NOT READY,MT. SHIVALIK NR,225.28,36.6,11.6,2026-09-04,17:12,BUTANE/PROP,13000,1,,(B),36.60 11.60 04.09  1712IOCLD  13000 SAMSARAMT. SHIVALIK NR 225.28 1 BUTANE/PROP SAMSARA - (B),dtr0709.pdf,dtr1806.pdf,2026-06-17,2026-06-18,SHIVALIK
2026-09-06,2026-09-07,Paradip,FOR OJ,NOT READY,MT. TORM DOVER NR,183.12,32.2,0.0,2026-09-05,14:12,NAPTHA,35000,2,,(B),32.20 0.00 05.09  1412IOCLL  35000 ISIPLMT. TORM DOVER NR 183.12 2 NAPTHA ISIPL - (B),dtr0709.pdf,dtr1806.pdf,2026-06-17,2026-06-18,TORM DOVER
2026-09-06,2026-09-07,Paradip,FOR OJ,NOT READY,MT. GAS ALKHALEEJ NR,225.28,36.62,11.8,2026-09-07,09:54,BUTANE/PROP,28000,3,,(B),36.62 11.80 07.09  0954IOCLD  28000 AGSMT. GAS ALKHALEEJ NR 225.28 3 BUTANE/PROP AGS - (B),dtr0709.pdf,dtr1806.pdf,2026-06-17,2026-06-18,GAS ALKHALEEJ
2026-09-06,2026-09-07,Paradip,FOR SPM,READY,MT. OLYMPIC FLAG,273.97,47.0,15.0,2026-09-06,09:54,CRUDE OIL,124610,1,,,47.00 15.00 06.09  0954IOCL PLDD  124610 AGSMT. OLYMPIC FLAG 273.97 1 CRUDE OIL AGSR -,dtr0709.pdf,dtr1806.pdf,2026-06-17,2026-06-18,OLYMPIC FLAG
2026-09-06,2026-09-07,Paradip,FOR SPM,NOT READY,MT. AYAT NR,179.99,32.2,11.4,2026-08-26,19:30,CRUDE OIL,37861,1,,(B),32.20 11.40 26.08  1930IOCL PLDD  37861 AGSMT. AYAT NR 179.99 1 CRUDE OIL AGS - (B),dtr0709.pdf,dtr1806.pdf,2026-06-17,2026-06-18,AYAT
2026-09-06,2026-09-07,Paradip,FOR PICT,NOT READY,MV. TAN BINH 259 ICT/NR,175.53,29.4,9.5,2026-07-22,16:25,S.COIL,25391,1,,(B),29.40 9.50 22.07  1625JSLD  25391 SSSMV. TAN BINH 259 ICT/NR 175.53 1 S.COIL NK - (B),dtr0709.pdf,dtr1806.pdf,2026-06-17,2026-06-18,TAN BINH 259
2026-09-06,2026-09-07,Paradip,FOR PICT,NOT READY,MV. NEON TRADER ICT/NR,179.9,30.0,9.24,2026-09-01,17:36,S.COIL,15000,2,,(B),30.00 9.24 01.09  1736SAILL  15000 GACMV. NEON TRADER ICT/NR 179.90 2 S.COIL GAC - (B),dtr0709.pdf,dtr1806.pdf,2026-06-17,2026-06-18,NEON TRADER
2026-09-06,2026-09-07,Paradip,FOR PICT,NOT READY,MV. YPERION ICT/NR,229.0,32.26,7.25,2026-09-01,20:36,PIG IRON,66000,3,,(B),32.26 7.25 01.09  2036OMPLL  66000 J M BAXIMSPLMV. YPERION ICT/NR 229.00 3 PIG IRON J M BAXIMSPL - (B),dtr0709.pdf,dtr1806.pdf,2026-06-17,2026-06-18,YPERION
2026-09-06,2026-09-07,Paradip,FOR PICT,NOT READY,MV. DIONYSUS ICT/NR,199.9,32.26,12.35,2026-09-06,19:06,UREA,52500,4,,(B),32.26 12.35 06.09  1906BRAHMAPUTRAD  52500 SSSMV. DIONYSUS ICT/NR 199.90 4 UREA SSS - (B),dtr0709.pdf,dtr1806.pdf,2026-06-17,2026-06-18,DIONYSUS
2026-09-06,2026-09-07,Paradip,Others,NOT READY,MV. PELAGIA NR,228.99,32.26,12.86,2026-08-27,23:00,,36000,1,,(B),32.26 12.86 27.08  2300NKD  36000 ALAPMV. PELAGIA NR 228.99 1 A. SULPHATE ALAP - (B),dtr0709.pdf,dtr1806.pdf,2026-06-17,2026-06-18,PELAGIA
2026-09-06,2026-09-07,Paradip,FOR CB-1 & CB-2,READY,MV. APJ SETHU,224.86,32.26,0.0,2026-09-05,06:48,TH.COAL,75000,1,,,32.26 0.00 05.09  0648TNPGCLL  75000 SEAPORTMV. APJ SETHU 224.86 1 TH.COAL J M BAXIMSPLR - P,dtr0709.pdf,dtr1807.pdf,2026-07-17,2026-07-18,APJ SETHU
2026-09-06,2026-09-07,Paradip,FOR CB-1 & CB-2,READY,MV. SINGAPORE BULKER,189.99,32.26,13.3,2026-09-07,06:18,TH.COAL,55000,2,,,32.26 13.30 07.09  0618OPGL  55000 SEA SHIPSMV. SINGAPORE BULKER 189.99 2 TH.COAL SSSR -,dtr0709.pdf,dtr1807.pdf,2026-07-17,2026-07-18,SINGAPORE BULKER
2026-09-06,2026-09-07,Paradip,FOR CB-1 & CB-2,READY,MV. APJ ANGAD 2,224.94,32.26,14.5,2026-09-07,10:18,TH.COAL,75000,3,,,32.26 14.50 07.09  1018NTECL/CLPLL  75000 BOTHRAMV. APJ ANGAD 2 224.94 3 TH.COAL JMBR -,dtr0709.pdf,dtr1807.pdf,2026-07-17,2026-07-18,APJ ANGAD 2
2026-09-06,2026-09-07,Paradip,FOR OJ,NOT READY,MT. SHIVALIK NR,225.28,36.6,11.6,2026-09-04,17:12,BUTANE/PROP,13000,1,,(B),36.60 11.60 04.09  1712IOCLD  13000 SAMSARAMT. SHIVALIK NR 225.28 1 BUTANE/PROP SAMSARA - (B),dtr0709.pdf,dtr1807.pdf,2026-07-17,2026-07-18,SHIVALIK
2026-09-06,2026-09-07,Paradip,FOR OJ,NOT READY,MT. TORM DOVER NR,183.12,32.2,0.0,2026-09-05,14:12,NAPTHA,35000,2,,(B),32.20 0.00 05.09  1412IOCLL  35000 ISIPLMT. TORM DOVER NR 183.12 2 NAPTHA ISIPL - (B),dtr0709.pdf,dtr1807.pdf,2026-07-17,2026-07-18,TORM DOVER
2026-09-06,2026-09-07,Paradip,FOR OJ,NOT READY,MT. GAS ALKHALEEJ NR,225.28,36.62,11.8,2026-09-07,09:54,BUTANE/PROP,28000,3,,(B),36.62 11.80 07.09  0954IOCLD  28000 AGSMT. GAS ALKHALEEJ NR 225.28 3 BUTANE/PROP AGS - (B),dtr0709.pdf,dtr1807.pdf,2026-07-17,2026-07-18,GAS ALKHALEEJ
2026-09-06,2026-09-07,Paradip,FOR SPM,READY,MT. OLYMPIC FLAG,273.97,47.0,15.0,2026-09-06,09:54,CRUDE OIL,124610,1,,,47.00 15.00 06.09  0954IOCL PLDD  124610 AGSMT. OLYMPIC FLAG 273.97 1 CRUDE OIL AGSR -,dtr0709.pdf,dtr1807.pdf,2026-07-17,2026-07-18,OLYMPIC FLAG
2026-09-06,2026-09-07,Paradip,FOR SPM,NOT READY,MT. AYAT NR,179.99,32.2,11.4,2026-08-26,19:30,CRUDE OIL,37861,1,,(B),32.20 11.40 26.08  1930IOCL PLDD  37861 AGSMT. AYAT NR 179.99 1 CRUDE OIL AGS - (B),dtr0709.pdf,dtr1807.pdf,2026-07-17,2026-07-18,AYAT
2026-09-06,2026-09-07,Paradip,FOR PICT,NOT READY,MV. TAN BINH 259 ICT/NR,175.53,29.4,9.5,2026-07-22,16:25,S.COIL,25391,1,,(B),29.40 9.50 22.07  1625JSLD  25391 SSSMV. TAN BINH 259 ICT/NR 175.53 1 S.COIL NK - (B),dtr0709.pdf,dtr1807.pdf,2026-07-17,2026-07-18,TAN BINH 259
2026-09-06,2026-09-07,Paradip,FOR PICT,NOT READY,MV. NEON TRADER ICT/NR,179.9,30.0,9.24,2026-09-01,17:36,S.COIL,15000,2,,(B),30.00 9.24 01.09  1736SAILL  15000 GACMV. NEON TRADER ICT/NR 179.90 2 S.COIL GAC - (B),dtr0709.pdf,dtr1807.pdf,2026-07-17,2026-07-18,NEON TRADER
2026-09-06,2026-09-07,Paradip,FOR PICT,NOT READY,MV. YPERION ICT/NR,229.0,32.26,7.25,2026-09-01,20:36,PIG IRON,66000,3,,(B),32.26 7.25 01.09  2036OMPLL  66000 J M BAXIMSPLMV. YPERION ICT/NR 229.00 3 PIG IRON J M BAXIMSPL - (B),dtr0709.pdf,dtr1807.pdf,2026-07-17,2026-07-18,YPERION
2026-09-06,2026-09-07,Paradip,FOR PICT,NOT READY,MV. DIONYSUS ICT/NR,199.9,32.26,12.35,2026-09-06,19:06,UREA,52500,4,,(B),32.26 12.35 06.09  1906BRAHMAPUTRAD  52500 SSSMV. DIONYSUS ICT/NR 199.90 4 UREA SSS - (B),dtr0709.pdf,dtr1807.pdf,2026-07-17,2026-07-18,DIONYSUS
2026-09-06,2026-09-07,Paradip,Others,NOT READY,MV. PELAGIA NR,228.99,32.26,12.86,2026-08-27,23:00,,36000,1,,(B),32.26 12.86 27.08  2300NKD  36000 ALAPMV. PELAGIA NR 228.99 1 A. SULPHATE ALAP - (B),dtr0709.pdf,dtr1807.pdf,2026-07-17,2026-07-18,PELAGIA
2026-09-06,2026-09-07,Paradip,FOR CB-1 & CB-2,READY,MV. APJ SETHU,224.86,32.26,0.0,2026-09-05,06:48,TH.COAL,75000,1,,,32.26 0.00 05.09  0648TNPGCLL  75000 SEAPORTMV. APJ SETHU 224.86 1 TH.COAL J M BAXIMSPLR - P,dtr0709.pdf,dtr1808_compressed.pdf,2026-08-17,2026-08-18,APJ SETHU
2026-09-06,2026-09-07,Paradip,FOR CB-1 & CB-2,READY,MV. SINGAPORE BULKER,189.99,32.26,13.3,2026-09-07,06:18,TH.COAL,55000,2,,,32.26 13.30 07.09  0618OPGL  55000 SEA SHIPSMV. SINGAPORE BULKER 189.99 2 TH.COAL SSSR -,dtr0709.pdf,dtr1808_compressed.pdf,2026-08-17,2026-08-18,SINGAPORE BULKER
2026-09-06,2026-09-07,Paradip,FOR CB-1 & CB-2,READY,MV. APJ ANGAD 2,224.94,32.26,14.5,2026-09-07,10:18,TH.COAL,75000,3,,,32.26 14.50 07.09  1018NTECL/CLPLL  75000 BOTHRAMV. APJ ANGAD 2 224.94 3 TH.COAL JMBR -,dtr0709.pdf,dtr1808_compressed.pdf,2026-08-17,2026-08-18,APJ ANGAD 2
2026-09-06,2026-09-07,Paradip,FOR OJ,NOT READY,MT. SHIVALIK NR,225.28,36.6,11.6,2026-09-04,17:12,BUTANE/PROP,13000,1,,(B),36.60 11.60 04.09  1712IOCLD  13000 SAMSARAMT. SHIVALIK NR 225.28 1 BUTANE/PROP SAMSARA - (B),dtr0709.pdf,dtr1808_compressed.pdf,2026-08-17,2026-08-18,SHIVALIK
2026-09-06,2026-09-07,Paradip,FOR OJ,NOT READY,MT. TORM DOVER NR,183.12,32.2,0.0,2026-09-05,14:12,NAPTHA,35000,2,,(B),32.20 0.00 05.09  1412IOCLL  35000 ISIPLMT. TORM DOVER NR 183.12 2 NAPTHA ISIPL - (B),dtr0709.pdf,dtr1808_compressed.pdf,2026-08-17,2026-08-18,TORM DOVER
2026-09-06,2026-09-07,Paradip,FOR OJ,NOT READY,MT. GAS ALKHALEEJ NR,225.28,36.62,11.8,2026-09-07,09:54,BUTANE/PROP,28000,3,,(B),36.62 11.80 07.09  0954IOCLD  28000 AGSMT. GAS ALKHALEEJ NR 225.28 3 BUTANE/PROP AGS - (B),dtr0709.pdf,dtr1808_compressed.pdf,2026-08-17,2026-08-18,GAS ALKHALEEJ
2026-09-06,2026-09-07,Paradip,FOR SPM,READY,MT. OLYMPIC FLAG,273.97,47.0,15.0,2026-09-06,09:54,CRUDE OIL,124610,1,,,47.00 15.00 06.09  0954IOCL PLDD  124610 AGSMT. OLYMPIC FLAG 273.97 1 CRUDE OIL AGSR -,dtr0709.pdf,dtr1808_compressed.pdf,2026-08-17,2026-08-18,OLYMPIC FLAG
2026-09-06,2026-09-07,Paradip,FOR SPM,NOT READY,MT. AYAT NR,179.99,32.2,11.4,2026-08-26,19:30,CRUDE OIL,37861,1,,(B),32.20 11.40 26.08  1930IOCL PLDD  37861 AGSMT. AYAT NR 179.99 1 CRUDE OIL AGS - (B),dtr0709.pdf,dtr1808_compressed.pdf,2026-08-17,2026-08-18,AYAT
2026-09-06,2026-09-07,Paradip,FOR PICT,NOT READY,MV. TAN BINH 259 ICT/NR,175.53,29.4,9.5,2026-07-22,16:25,S.COIL,25391,1,,(B),29.40 9.50 22.07  1625JSLD  25391 SSSMV. TAN BINH 259 ICT/NR 175.53 1 S.COIL NK - (B),dtr0709.pdf,dtr1808_compressed.pdf,2026-08-17,2026-08-18,TAN BINH 259
2026-09-06,2026-09-07,Paradip,FOR PICT,NOT READY,MV. NEON TRADER ICT/NR,179.9,30.0,9.24,2026-09-01,17:36,S.COIL,15000,2,,(B),30.00 9.24 01.09  1736SAILL  15000 GACMV. NEON TRADER ICT/NR 179.90 2 S.COIL GAC - (B),dtr0709.pdf,dtr1808_compressed.pdf,2026-08-17,2026-08-18,NEON TRADER
2026-09-06,2026-09-07,Paradip,FOR PICT,NOT READY,MV. YPERION ICT/NR,229.0,32.26,7.25,2026-09-01,20:36,PIG IRON,66000,3,,(B),32.26 7.25 01.09  2036OMPLL  66000 J M BAXIMSPLMV. YPERION ICT/NR 229.00 3 PIG IRON J M BAXIMSPL - (B),dtr0709.pdf,dtr1808_compressed.pdf,2026-08-17,2026-08-18,YPERION
2026-09-06,2026-09-07,Paradip,FOR PICT,NOT READY,MV. DIONYSUS ICT/NR,199.9,32.26,12.35,2026-09-06,19:06,UREA,52500,4,,(B),32.26 12.35 06.09  1906BRAHMAPUTRAD  52500 SSSMV. DIONYSUS ICT/NR 199.90 4 UREA SSS - (B),dtr0709.pdf,dtr1808_compressed.pdf,2026-08-17,2026-08-18,DIONYSUS
2026-09-06,2026-09-07,Paradip,Others,NOT READY,MV. PELAGIA NR,228.99,32.26,12.86,2026-08-27,23:00,,36000,1,,(B),32.26 12.86 27.08  2300NKD  36000 ALAPMV. PELAGIA NR 228.99 1 A. SULPHATE ALAP - (B),dtr0709.pdf,dtr1808_compressed.pdf,2026-08-17,2026-08-18,PELAGIA
2026-09-06,2026-09-07,Paradip,FOR CB-1 & CB-2,READY,MV. APJ SETHU,224.86,32.26,0.0,2026-09-05,06:48,TH.COAL,75000,1,,,32.26 0.00 05.09  0648TNPGCLL  75000 SEAPORTMV. APJ SETHU 224.86 1 TH.COAL J M BAXIMSPLR - P,dtr0709.pdf,dtr1810.pdf,2025-10-17,2025-10-18,APJ SETHU
2026-09-06,2026-09-07,Paradip,FOR CB-1 & CB-2,READY,MV. SINGAPORE BULKER,189.99,32.26,13.3,2026-09-07,06:18,TH.COAL,55000,2,,,32.26 13.30 07.09  0618OPGL  55000 SEA SHIPSMV. SINGAPORE BULKER 189.99 2 TH.COAL SSSR -,dtr0709.pdf,dtr1810.pdf,2025-10-17,2025-10-18,SINGAPORE BULKER
2026-09-06,2026-09-07,Paradip,FOR CB-1 & CB-2,READY,MV. APJ ANGAD 2,224.94,32.26,14.5,2026-09-07,10:18,TH.COAL,75000,3,,,32.26 14.50 07.09  1018NTECL/CLPLL  75000 BOTHRAMV. APJ ANGAD 2 224.94 3 TH.COAL JMBR -,dtr0709.pdf,dtr1810.pdf,2025-10-17,2025-10-18,APJ ANGAD 2
2026-09-06,2026-09-07,Paradip,FOR OJ,NOT READY,MT. SHIVALIK NR,225.28,36.6,11.6,2026-09-04,17:12,BUTANE/PROP,13000,1,,(B),36.60 11.60 04.09  1712IOCLD  13000 SAMSARAMT. SHIVALIK NR 225.28 1 BUTANE/PROP SAMSARA - (B),dtr0709.pdf,dtr1810.pdf,2025-10-17,2025-10-18,SHIVALIK
2026-09-06,2026-09-07,Paradip,FOR OJ,NOT READY,MT. TORM DOVER NR,183.12,32.2,0.0,2026-09-05,14:12,NAPTHA,35000,2,,(B),32.20 0.00 05.09  1412IOCLL  35000 ISIPLMT. TORM DOVER NR 183.12 2 NAPTHA ISIPL - (B),dtr0709.pdf,dtr1810.pdf,2025-10-17,2025-10-18,TORM DOVER
2026-09-06,2026-09-07,Paradip,FOR OJ,NOT READY,MT. GAS ALKHALEEJ NR,225.28,36.62,11.8,2026-09-07,09:54,BUTANE/PROP,28000,3,,(B),36.62 11.80 07.09  0954IOCLD  28000 AGSMT. GAS ALKHALEEJ NR 225.28 3 BUTANE/PROP AGS - (B),dtr0709.pdf,dtr1810.pdf,2025-10-17,2025-10-18,GAS ALKHALEEJ
2026-09-06,2026-09-07,Paradip,FOR SPM,READY,MT. OLYMPIC FLAG,273.97,47.0,15.0,2026-09-06,09:54,CRUDE OIL,124610,1,,,47.00 15.00 06.09  0954IOCL PLDD  124610 AGSMT. OLYMPIC FLAG 273.97 1 CRUDE OIL AGSR -,dtr0709.pdf,dtr1810.pdf,2025-10-17,2025-10-18,OLYMPIC FLAG
2026-09-06,2026-09-07,Paradip,FOR SPM,NOT READY,MT. AYAT NR,179.99,32.2,11.4,2026-08-26,19:30,CRUDE OIL,37861,1,,(B),32.20 11.40 26.08  1930IOCL PLDD  37861 AGSMT. AYAT NR 179.99 1 CRUDE OIL AGS - (B),dtr0709.pdf,dtr1810.pdf,2025-10-17,2025-10-18,AYAT
2026-09-06,2026-09-07,Paradip,FOR PICT,NOT READY,MV. TAN BINH 259 ICT/NR,175.53,29.4,9.5,2026-07-22,16:25,S.COIL,25391,1,,(B),29.40 9.50 22.07  1625JSLD  25391 SSSMV. TAN BINH 259 ICT/NR 175.53 1 S.COIL NK - (B),dtr0709.pdf,dtr1810.pdf,2025-10-17,2025-10-18,TAN BINH 259
2026-09-06,2026-09-07,Paradip,FOR PICT,NOT READY,MV. NEON TRADER ICT/NR,179.9,30.0,9.24,2026-09-01,17:36,S.COIL,15000,2,,(B),30.00 9.24 01.09  1736SAILL  15000 GACMV. NEON TRADER ICT/NR 179.90 2 S.COIL GAC - (B),dtr0709.pdf,dtr1810.pdf,2025-10-17,2025-10-18,NEON TRADER
2026-09-06,2026-09-07,Paradip,FOR PICT,NOT READY,MV. YPERION ICT/NR,229.0,32.26,7.25,2026-09-01,20:36,PIG IRON,66000,3,,(B),32.26 7.25 01.09  2036OMPLL  66000 J M BAXIMSPLMV. YPERION ICT/NR 229.00 3 PIG IRON J M BAXIMSPL - (B),dtr0709.pdf,dtr1810.pdf,2025-10-17,2025-10-18,YPERION
2026-09-06,2026-09-07,Paradip,FOR PICT,NOT READY,MV. DIONYSUS ICT/NR,199.9,32.26,12.35,2026-09-06,19:06,UREA,52500,4,,(B),32.26 12.35 06.09  1906BRAHMAPUTRAD  52500 SSSMV. DIONYSUS ICT/NR 199.90 4 UREA SSS - (B),dtr0709.pdf,dtr1810.pdf,2025-10-17,2025-10-18,DIONYSUS
2026-09-06,2026-09-07,Paradip,Others,NOT READY,MV. PELAGIA NR,228.99,32.26,12.86,2026-08-27,23:00,,36000,1,,(B),32.26 12.86 27.08  2300NKD  36000 ALAPMV. PELAGIA NR 228.99 1 A. SULPHATE ALAP - (B),dtr0709.pdf,dtr1810.pdf,2025-10-17,2025-10-18,PELAGIA
2026-09-06,2026-09-07,Paradip,FOR CB-1 & CB-2,READY,MV. APJ SETHU,224.86,32.26,0.0,2026-09-05,06:48,TH.COAL,75000,1,,,32.26 0.00 05.09  0648TNPGCLL  75000 SEAPORTMV. APJ SETHU 224.86 1 TH.COAL J M BAXIMSPLR - P,dtr0709.pdf,dtr1906.pdf,2026-06-18,2026-06-19,APJ SETHU
2026-09-06,2026-09-07,Paradip,FOR CB-1 & CB-2,READY,MV. SINGAPORE BULKER,189.99,32.26,13.3,2026-09-07,06:18,TH.COAL,55000,2,,,32.26 13.30 07.09  0618OPGL  55000 SEA SHIPSMV. SINGAPORE BULKER 189.99 2 TH.COAL SSSR -,dtr0709.pdf,dtr1906.pdf,2026-06-18,2026-06-19,SINGAPORE BULKER
2026-09-06,2026-09-07,Paradip,FOR CB-1 & CB-2,READY,MV. APJ ANGAD 2,224.94,32.26,14.5,2026-09-07,10:18,TH.COAL,75000,3,,,32.26 14.50 07.09  1018NTECL/CLPLL  75000 BOTHRAMV. APJ ANGAD 2 224.94 3 TH.COAL JMBR -,dtr0709.pdf,dtr1906.pdf,2026-06-18,2026-06-19,APJ ANGAD 2
2026-09-06,2026-09-07,Paradip,FOR OJ,NOT READY,MT. SHIVALIK NR,225.28,36.6,11.6,2026-09-04,17:12,BUTANE/PROP,13000,1,,(B),36.60 11.60 04.09  1712IOCLD  13000 SAMSARAMT. SHIVALIK NR 225.28 1 BUTANE/PROP SAMSARA - (B),dtr0709.pdf,dtr1906.pdf,2026-06-18,2026-06-19,SHIVALIK
2026-09-06,2026-09-07,Paradip,FOR OJ,NOT READY,MT. TORM DOVER NR,183.12,32.2,0.0,2026-09-05,14:12,NAPTHA,35000,2,,(B),32.20 0.00 05.09  1412IOCLL  35000 ISIPLMT. TORM DOVER NR 183.12 2 NAPTHA ISIPL - (B),dtr0709.pdf,dtr1906.pdf,2026-06-18,2026-06-19,TORM DOVER
2026-09-06,2026-09-07,Paradip,FOR OJ,NOT READY,MT. GAS ALKHALEEJ NR,225.28,36.62,11.8,2026-09-07,09:54,BUTANE/PROP,28000,3,,(B),36.62 11.80 07.09  0954IOCLD  28000 AGSMT. GAS ALKHALEEJ NR 225.28 3 BUTANE/PROP AGS - (B),dtr0709.pdf,dtr1906.pdf,2026-06-18,2026-06-19,GAS ALKHALEEJ
2026-09-06,2026-09-07,Paradip,FOR SPM,READY,MT. OLYMPIC FLAG,273.97,47.0,15.0,2026-09-06,09:54,CRUDE OIL,124610,1,,,47.00 15.00 06.09  0954IOCL PLDD  124610 AGSMT. OLYMPIC FLAG 273.97 1 CRUDE OIL AGSR -,dtr0709.pdf,dtr1906.pdf,2026-06-18,2026-06-19,OLYMPIC FLAG
2026-09-06,2026-09-07,Paradip,FOR SPM,NOT READY,MT. AYAT NR,179.99,32.2,11.4,2026-08-26,19:30,CRUDE OIL,37861,1,,(B),32.20 11.40 26.08  1930IOCL PLDD  37861 AGSMT. AYAT NR 179.99 1 CRUDE OIL AGS - (B),dtr0709.pdf,dtr1906.pdf,2026-06-18,2026-06-19,AYAT
2026-09-06,2026-09-07,Paradip,FOR PICT,NOT READY,MV. TAN BINH 259 ICT/NR,175.53,29.4,9.5,2026-07-22,16:25,S.COIL,25391,1,,(B),29.40 9.50 22.07  1625JSLD  25391 SSSMV. TAN BINH 259 ICT/NR 175.53 1 S.COIL NK - (B),dtr0709.pdf,dtr1906.pdf,2026-06-18,2026-06-19,TAN BINH 259
2026-09-06,2026-09-07,Paradip,FOR PICT,NOT READY,MV. NEON TRADER ICT/NR,179.9,30.0,9.24,2026-09-01,17:36,S.COIL,15000,2,,(B),30.00 9.24 01.09  1736SAILL  15000 GACMV. NEON TRADER ICT/NR 179.90 2 S.COIL GAC - (B),dtr0709.pdf,dtr1906.pdf,2026-06-18,2026-06-19,NEON TRADER
2026-09-06,2026-09-07,Paradip,FOR PICT,NOT READY,MV. YPERION ICT/NR,229.0,32.26,7.25,2026-09-01,20:36,PIG IRON,66000,3,,(B),32.26 7.25 01.09  2036OMPLL  66000 J M BAXIMSPLMV. YPERION ICT/NR 229.00 3 PIG IRON J M BAXIMSPL - (B),dtr0709.pdf,dtr1906.pdf,2026-06-18,2026-06-19,YPERION
2026-09-06,2026-09-07,Paradip,FOR PICT,NOT READY,MV. DIONYSUS ICT/NR,199.9,32.26,12.35,2026-09-06,19:06,UREA,52500,4,,(B),32.26 12.35 06.09  1906BRAHMAPUTRAD  52500 SSSMV. DIONYSUS ICT/NR 199.90 4 UREA SSS - (B),dtr0709.pdf,dtr1906.pdf,2026-06-18,2026-06-19,DIONYSUS
2026-09-06,2026-09-07,Paradip,Others,NOT READY,MV. PELAGIA NR,228.99,32.26,12.86,2026-08-27,23:00,,36000,1,,(B),32.26 12.86 27.08  2300NKD  36000 ALAPMV. PELAGIA NR 228.99 1 A. SULPHATE ALAP - (B),dtr0709.pdf,dtr1906.pdf,2026-06-18,2026-06-19,PELAGIA
2026-09-06,2026-09-07,Paradip,FOR CB-1 & CB-2,READY,MV. APJ SETHU,224.86,32.26,0.0,2026-09-05,06:48,TH.COAL,75000,1,,,32.26 0.00 05.09  0648TNPGCLL  75000 SEAPORTMV. APJ SETHU 224.86 1 TH.COAL J M BAXIMSPLR - P,dtr0709.pdf,dtr1907.pdf,2026-07-18,2026-07-19,APJ SETHU
2026-09-06,2026-09-07,Paradip,FOR CB-1 & CB-2,READY,MV. SINGAPORE BULKER,189.99,32.26,13.3,2026-09-07,06:18,TH.COAL,55000,2,,,32.26 13.30 07.09  0618OPGL  55000 SEA SHIPSMV. SINGAPORE BULKER 189.99 2 TH.COAL SSSR -,dtr0709.pdf,dtr1907.pdf,2026-07-18,2026-07-19,SINGAPORE BULKER
2026-09-06,2026-09-07,Paradip,FOR CB-1 & CB-2,READY,MV. APJ ANGAD 2,224.94,32.26,14.5,2026-09-07,10:18,TH.COAL,75000,3,,,32.26 14.50 07.09  1018NTECL/CLPLL  75000 BOTHRAMV. APJ ANGAD 2 224.94 3 TH.COAL JMBR -,dtr0709.pdf,dtr1907.pdf,2026-07-18,2026-07-19,APJ ANGAD 2
2026-09-06,2026-09-07,Paradip,FOR OJ,NOT READY,MT. SHIVALIK NR,225.28,36.6,11.6,2026-09-04,17:12,BUTANE/PROP,13000,1,,(B),36.60 11.60 04.09  1712IOCLD  13000 SAMSARAMT. SHIVALIK NR 225.28 1 BUTANE/PROP SAMSARA - (B),dtr0709.pdf,dtr1907.pdf,2026-07-18,2026-07-19,SHIVALIK
2026-09-06,2026-09-07,Paradip,FOR OJ,NOT READY,MT. TORM DOVER NR,183.12,32.2,0.0,2026-09-05,14:12,NAPTHA,35000,2,,(B),32.20 0.00 05.09  1412IOCLL  35000 ISIPLMT. TORM DOVER NR 183.12 2 NAPTHA ISIPL - (B),dtr0709.pdf,dtr1907.pdf,2026-07-18,2026-07-19,TORM DOVER
2026-09-06,2026-09-07,Paradip,FOR OJ,NOT READY,MT. GAS ALKHALEEJ NR,225.28,36.62,11.8,2026-09-07,09:54,BUTANE/PROP,28000,3,,(B),36.62 11.80 07.09  0954IOCLD  28000 AGSMT. GAS ALKHALEEJ NR 225.28 3 BUTANE/PROP AGS - (B),dtr0709.pdf,dtr1907.pdf,2026-07-18,2026-07-19,GAS ALKHALEEJ
2026-09-06,2026-09-07,Paradip,FOR SPM,READY,MT. OLYMPIC FLAG,273.97,47.0,15.0,2026-09-06,09:54,CRUDE OIL,124610,1,,,47.00 15.00 06.09  0954IOCL PLDD  124610 AGSMT. OLYMPIC FLAG 273.97 1 CRUDE OIL AGSR -,dtr0709.pdf,dtr1907.pdf,2026-07-18,2026-07-19,OLYMPIC FLAG
2026-09-06,2026-09-07,Paradip,FOR SPM,NOT READY,MT. AYAT NR,179.99,32.2,11.4,2026-08-26,19:30,CRUDE OIL,37861,1,,(B),32.20 11.40 26.08  1930IOCL PLDD  37861 AGSMT. AYAT NR 179.99 1 CRUDE OIL AGS - (B),dtr0709.pdf,dtr1907.pdf,2026-07-18,2026-07-19,AYAT
2026-09-06,2026-09-07,Paradip,FOR PICT,NOT READY,MV. TAN BINH 259 ICT/NR,175.53,29.4,9.5,2026-07-22,16:25,S.COIL,25391,1,,(B),29.40 9.50 22.07  1625JSLD  25391 SSSMV. TAN BINH 259 ICT/NR 175.53 1 S.COIL NK - (B),dtr0709.pdf,dtr1907.pdf,2026-07-18,2026-07-19,TAN BINH 259
2026-09-06,2026-09-07,Paradip,FOR PICT,NOT READY,MV. NEON TRADER ICT/NR,179.9,30.0,9.24,2026-09-01,17:36,S.COIL,15000,2,,(B),30.00 9.24 01.09  1736SAILL  15000 GACMV. NEON TRADER ICT/NR 179.90 2 S.COIL GAC - (B),dtr0709.pdf,dtr1907.pdf,2026-07-18,2026-07-19,NEON TRADER
2026-09-06,2026-09-07,Paradip,FOR PICT,NOT READY,MV. YPERION ICT/NR,229.0,32.26,7.25,2026-09-01,20:36,PIG IRON,66000,3,,(B),32.26 7.25 01.09  2036OMPLL  66000 J M BAXIMSPLMV. YPERION ICT/NR 229.00 3 PIG IRON J M BAXIMSPL - (B),dtr0709.pdf,dtr1907.pdf,2026-07-18,2026-07-19,YPERION
2026-09-06,2026-09-07,Paradip,FOR PICT,NOT READY,MV. DIONYSUS ICT/NR,199.9,32.26,12.35,2026-09-06,19:06,UREA,52500,4,,(B),32.26 12.35 06.09  1906BRAHMAPUTRAD  52500 SSSMV. DIONYSUS ICT/NR 199.90 4 UREA SSS - (B),dtr0709.pdf,dtr1907.pdf,2026-07-18,2026-07-19,DIONYSUS
2026-09-06,2026-09-07,Paradip,Others,NOT READY,MV. PELAGIA NR,228.99,32.26,12.86,2026-08-27,23:00,,36000,1,,(B),32.26 12.86 27.08  2300NKD  36000 ALAPMV. PELAGIA NR 228.99 1 A. SULPHATE ALAP - (B),dtr0709.pdf,dtr1907.pdf,2026-07-18,2026-07-19,PELAGIA
2026-09-06,2026-09-07,Paradip,FOR CB-1 & CB-2,READY,MV. APJ SETHU,224.86,32.26,0.0,2026-09-05,06:48,TH.COAL,75000,1,,,32.26 0.00 05.09  0648TNPGCLL  75000 SEAPORTMV. APJ SETHU 224.86 1 TH.COAL J M BAXIMSPLR - P,dtr0709.pdf,dtr1908.pdf,2026-08-18,2026-08-19,APJ SETHU
2026-09-06,2026-09-07,Paradip,FOR CB-1 & CB-2,READY,MV. SINGAPORE BULKER,189.99,32.26,13.3,2026-09-07,06:18,TH.COAL,55000,2,,,32.26 13.30 07.09  0618OPGL  55000 SEA SHIPSMV. SINGAPORE BULKER 189.99 2 TH.COAL SSSR -,dtr0709.pdf,dtr1908.pdf,2026-08-18,2026-08-19,SINGAPORE BULKER
2026-09-06,2026-09-07,Paradip,FOR CB-1 & CB-2,READY,MV. APJ ANGAD 2,224.94,32.26,14.5,2026-09-07,10:18,TH.COAL,75000,3,,,32.26 14.50 07.09  1018NTECL/CLPLL  75000 BOTHRAMV. APJ ANGAD 2 224.94 3 TH.COAL JMBR -,dtr0709.pdf,dtr1908.pdf,2026-08-18,2026-08-19,APJ ANGAD 2
2026-09-06,2026-09-07,Paradip,FOR OJ,NOT READY,MT. SHIVALIK NR,225.28,36.6,11.6,2026-09-04,17:12,BUTANE/PROP,13000,1,,(B),36.60 11.60 04.09  1712IOCLD  13000 SAMSARAMT. SHIVALIK NR 225.28 1 BUTANE/PROP SAMSARA - (B),dtr0709.pdf,dtr1908.pdf,2026-08-18,2026-08-19,SHIVALIK
2026-09-06,2026-09-07,Paradip,FOR OJ,NOT READY,MT. TORM DOVER NR,183.12,32.2,0.0,2026-09-05,14:12,NAPTHA,35000,2,,(B),32.20 0.00 05.09  1412IOCLL  35000 ISIPLMT. TORM DOVER NR 183.12 2 NAPTHA ISIPL - (B),dtr0709.pdf,dtr1908.pdf,2026-08-18,2026-08-19,TORM DOVER
2026-09-06,2026-09-07,Paradip,FOR OJ,NOT READY,MT. GAS ALKHALEEJ NR,225.28,36.62,11.8,2026-09-07,09:54,BUTANE/PROP,28000,3,,(B),36.62 11.80 07.09  0954IOCLD  28000 AGSMT. GAS ALKHALEEJ NR 225.28 3 BUTANE/PROP AGS - (B),dtr0709.pdf,dtr1908.pdf,2026-08-18,2026-08-19,GAS ALKHALEEJ
2026-09-06,2026-09-07,Paradip,FOR SPM,READY,MT. OLYMPIC FLAG,273.97,47.0,15.0,2026-09-06,09:54,CRUDE OIL,124610,1,,,47.00 15.00 06.09  0954IOCL PLDD  124610 AGSMT. OLYMPIC FLAG 273.97 1 CRUDE OIL AGSR -,dtr0709.pdf,dtr1908.pdf,2026-08-18,2026-08-19,OLYMPIC FLAG
2026-09-06,2026-09-07,Paradip,FOR SPM,NOT READY,MT. AYAT NR,179.99,32.2,11.4,2026-08-26,19:30,CRUDE OIL,37861,1,,(B),32.20 11.40 26.08  1930IOCL PLDD  37861 AGSMT. AYAT NR 179.99 1 CRUDE OIL AGS - (B),dtr0709.pdf,dtr1908.pdf,2026-08-18,2026-08-19,AYAT
2026-09-06,2026-09-07,Paradip,FOR PICT,NOT READY,MV. TAN BINH 259 ICT/NR,175.53,29.4,9.5,2026-07-22,16:25,S.COIL,25391,1,,(B),29.40 9.50 22.07  1625JSLD  25391 SSSMV. TAN BINH 259 ICT/NR 175.53 1 S.COIL NK - (B),dtr0709.pdf,dtr1908.pdf,2026-08-18,2026-08-19,TAN BINH 259
2026-09-06,2026-09-07,Paradip,FOR PICT,NOT READY,MV. NEON TRADER ICT/NR,179.9,30.0,9.24,2026-09-01,17:36,S.COIL,15000,2,,(B),30.00 9.24 01.09  1736SAILL  15000 GACMV. NEON TRADER ICT/NR 179.90 2 S.COIL GAC - (B),dtr0709.pdf,dtr1908.pdf,2026-08-18,2026-08-19,NEON TRADER
2026-09-06,2026-09-07,Paradip,FOR PICT,NOT READY,MV. YPERION ICT/NR,229.0,32.26,7.25,2026-09-01,20:36,PIG IRON,66000,3,,(B),32.26 7.25 01.09  2036OMPLL  66000 J M BAXIMSPLMV. YPERION ICT/NR 229.00 3 PIG IRON J M BAXIMSPL - (B),dtr0709.pdf,dtr1908.pdf,2026-08-18,2026-08-19,YPERION
2026-09-06,2026-09-07,Paradip,FOR PICT,NOT READY,MV. DIONYSUS ICT/NR,199.9,32.26,12.35,2026-09-06,19:06,UREA,52500,4,,(B),32.26 12.35 06.09  1906BRAHMAPUTRAD  52500 SSSMV. DIONYSUS ICT/NR 199.90 4 UREA SSS - (B),dtr0709.pdf,dtr1908.pdf,2026-08-18,2026-08-19,DIONYSUS
2026-09-06,2026-09-07,Paradip,Others,NOT READY,MV. PELAGIA NR,228.99,32.26,12.86,2026-08-27,23:00,,36000,1,,(B),32.26 12.86 27.08  2300NKD  36000 ALAPMV. PELAGIA NR 228.99 1 A. SULPHATE ALAP - (B),dtr0709.pdf,dtr1908.pdf,2026-08-18,2026-08-19,PELAGIA
2026-09-06,2026-09-07,Paradip,FOR CB-1 & CB-2,READY,MV. APJ SETHU,224.86,32.26,0.0,2026-09-05,06:48,TH.COAL,75000,1,,,32.26 0.00 05.09  0648TNPGCLL  75000 SEAPORTMV. APJ SETHU 224.86 1 TH.COAL J M BAXIMSPLR - P,dtr0709.pdf,dtr1910.pdf,2025-10-18,2025-10-19,APJ SETHU
2026-09-06,2026-09-07,Paradip,FOR CB-1 & CB-2,READY,MV. SINGAPORE BULKER,189.99,32.26,13.3,2026-09-07,06:18,TH.COAL,55000,2,,,32.26 13.30 07.09  0618OPGL  55000 SEA SHIPSMV. SINGAPORE BULKER 189.99 2 TH.COAL SSSR -,dtr0709.pdf,dtr1910.pdf,2025-10-18,2025-10-19,SINGAPORE BULKER
2026-09-06,2026-09-07,Paradip,FOR CB-1 & CB-2,READY,MV. APJ ANGAD 2,224.94,32.26,14.5,2026-09-07,10:18,TH.COAL,75000,3,,,32.26 14.50 07.09  1018NTECL/CLPLL  75000 BOTHRAMV. APJ ANGAD 2 224.94 3 TH.COAL JMBR -,dtr0709.pdf,dtr1910.pdf,2025-10-18,2025-10-19,APJ ANGAD 2
2026-09-06,2026-09-07,Paradip,FOR OJ,NOT READY,MT. SHIVALIK NR,225.28,36.6,11.6,2026-09-04,17:12,BUTANE/PROP,13000,1,,(B),36.60 11.60 04.09  1712IOCLD  13000 SAMSARAMT. SHIVALIK NR 225.28 1 BUTANE/PROP SAMSARA - (B),dtr0709.pdf,dtr1910.pdf,2025-10-18,2025-10-19,SHIVALIK
2026-09-06,2026-09-07,Paradip,FOR OJ,NOT READY,MT. TORM DOVER NR,183.12,32.2,0.0,2026-09-05,14:12,NAPTHA,35000,2,,(B),32.20 0.00 05.09  1412IOCLL  35000 ISIPLMT. TORM DOVER NR 183.12 2 NAPTHA ISIPL - (B),dtr0709.pdf,dtr1910.pdf,2025-10-18,2025-10-19,TORM DOVER
2026-09-06,2026-09-07,Paradip,FOR OJ,NOT READY,MT. GAS ALKHALEEJ NR,225.28,36.62,11.8,2026-09-07,09:54,BUTANE/PROP,28000,3,,(B),36.62 11.80 07.09  0954IOCLD  28000 AGSMT. GAS ALKHALEEJ NR 225.28 3 BUTANE/PROP AGS - (B),dtr0709.pdf,dtr1910.pdf,2025-10-18,2025-10-19,GAS ALKHALEEJ
2026-09-06,2026-09-07,Paradip,FOR SPM,READY,MT. OLYMPIC FLAG,273.97,47.0,15.0,2026-09-06,09:54,CRUDE OIL,124610,1,,,47.00 15.00 06.09  0954IOCL PLDD  124610 AGSMT. OLYMPIC FLAG 273.97 1 CRUDE OIL AGSR -,dtr0709.pdf,dtr1910.pdf,2025-10-18,2025-10-19,OLYMPIC FLAG
2026-09-06,2026-09-07,Paradip,FOR SPM,NOT READY,MT. AYAT NR,179.99,32.2,11.4,2026-08-26,19:30,CRUDE OIL,37861,1,,(B),32.20 11.40 26.08  1930IOCL PLDD  37861 AGSMT. AYAT NR 179.99 1 CRUDE OIL AGS - (B),dtr0709.pdf,dtr1910.pdf,2025-10-18,2025-10-19,AYAT
2026-09-06,2026-09-07,Paradip,FOR PICT,NOT READY,MV. TAN BINH 259 ICT/NR,175.53,29.4,9.5,2026-07-22,16:25,S.COIL,25391,1,,(B),29.40 9.50 22.07  1625JSLD  25391 SSSMV. TAN BINH 259 ICT/NR 175.53 1 S.COIL NK - (B),dtr0709.pdf,dtr1910.pdf,2025-10-18,2025-10-19,TAN BINH 259
2026-09-06,2026-09-07,Paradip,FOR PICT,NOT READY,MV. NEON TRADER ICT/NR,179.9,30.0,9.24,2026-09-01,17:36,S.COIL,15000,2,,(B),30.00 9.24 01.09  1736SAILL  15000 GACMV. NEON TRADER ICT/NR 179.90 2 S.COIL GAC - (B),dtr0709.pdf,dtr1910.pdf,2025-10-18,2025-10-19,NEON TRADER
2026-09-06,2026-09-07,Paradip,FOR PICT,NOT READY,MV. YPERION ICT/NR,229.0,32.26,7.25,2026-09-01,20:36,PIG IRON,66000,3,,(B),32.26 7.25 01.09  2036OMPLL  66000 J M BAXIMSPLMV. YPERION ICT/NR 229.00 3 PIG IRON J M BAXIMSPL - (B),dtr0709.pdf,dtr1910.pdf,2025-10-18,2025-10-19,YPERION
2026-09-06,2026-09-07,Paradip,FOR PICT,NOT READY,MV. DIONYSUS ICT/NR,199.9,32.26,12.35,2026-09-06,19:06,UREA,52500,4,,(B),32.26 12.35 06.09  1906BRAHMAPUTRAD  52500 SSSMV. DIONYSUS ICT/NR 199.90 4 UREA SSS - (B),dtr0709.pdf,dtr1910.pdf,2025-10-18,2025-10-19,DIONYSUS
2026-09-06,2026-09-07,Paradip,Others,NOT READY,MV. PELAGIA NR,228.99,32.26,12.86,2026-08-27,23:00,,36000,1,,(B),32.26 12.86 27.08  2300NKD  36000 ALAPMV. PELAGIA NR 228.99 1 A. SULPHATE ALAP - (B),dtr0709.pdf,dtr1910.pdf,2025-10-18,2025-10-19,PELAGIA
2026-09-06,2026-09-07,Paradip,FOR CB-1 & CB-2,READY,MV. APJ SETHU,224.86,32.26,0.0,2026-09-05,06:48,TH.COAL,75000,1,,,32.26 0.00 05.09  0648TNPGCLL  75000 SEAPORTMV. APJ SETHU 224.86 1 TH.COAL J M BAXIMSPLR - P,dtr0709.pdf,dtr2006.pdf,2026-06-19,2026-06-20,APJ SETHU
2026-09-06,2026-09-07,Paradip,FOR CB-1 & CB-2,READY,MV. SINGAPORE BULKER,189.99,32.26,13.3,2026-09-07,06:18,TH.COAL,55000,2,,,32.26 13.30 07.09  0618OPGL  55000 SEA SHIPSMV. SINGAPORE BULKER 189.99 2 TH.COAL SSSR -,dtr0709.pdf,dtr2006.pdf,2026-06-19,2026-06-20,SINGAPORE BULKER
2026-09-06,2026-09-07,Paradip,FOR CB-1 & CB-2,READY,MV. APJ ANGAD 2,224.94,32.26,14.5,2026-09-07,10:18,TH.COAL,75000,3,,,32.26 14.50 07.09  1018NTECL/CLPLL  75000 BOTHRAMV. APJ ANGAD 2 224.94 3 TH.COAL JMBR -,dtr0709.pdf,dtr2006.pdf,2026-06-19,2026-06-20,APJ ANGAD 2
2026-09-06,2026-09-07,Paradip,FOR OJ,NOT READY,MT. SHIVALIK NR,225.28,36.6,11.6,2026-09-04,17:12,BUTANE/PROP,13000,1,,(B),36.60 11.60 04.09  1712IOCLD  13000 SAMSARAMT. SHIVALIK NR 225.28 1 BUTANE/PROP SAMSARA - (B),dtr0709.pdf,dtr2006.pdf,2026-06-19,2026-06-20,SHIVALIK
2026-09-06,2026-09-07,Paradip,FOR OJ,NOT READY,MT. TORM DOVER NR,183.12,32.2,0.0,2026-09-05,14:12,NAPTHA,35000,2,,(B),32.20 0.00 05.09  1412IOCLL  35000 ISIPLMT. TORM DOVER NR 183.12 2 NAPTHA ISIPL - (B),dtr0709.pdf,dtr2006.pdf,2026-06-19,2026-06-20,TORM DOVER
2026-09-06,2026-09-07,Paradip,FOR OJ,NOT READY,MT. GAS ALKHALEEJ NR,225.28,36.62,11.8,2026-09-07,09:54,BUTANE/PROP,28000,3,,(B),36.62 11.80 07.09  0954IOCLD  28000 AGSMT. GAS ALKHALEEJ NR 225.28 3 BUTANE/PROP AGS - (B),dtr0709.pdf,dtr2006.pdf,2026-06-19,2026-06-20,GAS ALKHALEEJ
2026-09-06,2026-09-07,Paradip,FOR SPM,READY,MT. OLYMPIC FLAG,273.97,47.0,15.0,2026-09-06,09:54,CRUDE OIL,124610,1,,,47.00 15.00 06.09  0954IOCL PLDD  124610 AGSMT. OLYMPIC FLAG 273.97 1 CRUDE OIL AGSR -,dtr0709.pdf,dtr2006.pdf,2026-06-19,2026-06-20,OLYMPIC FLAG
2026-09-06,2026-09-07,Paradip,FOR SPM,NOT READY,MT. AYAT NR,179.99,32.2,11.4,2026-08-26,19:30,CRUDE OIL,37861,1,,(B),32.20 11.40 26.08  1930IOCL PLDD  37861 AGSMT. AYAT NR 179.99 1 CRUDE OIL AGS - (B),dtr0709.pdf,dtr2006.pdf,2026-06-19,2026-06-20,AYAT
2026-09-06,2026-09-07,Paradip,FOR PICT,NOT READY,MV. TAN BINH 259 ICT/NR,175.53,29.4,9.5,2026-07-22,16:25,S.COIL,25391,1,,(B),29.40 9.50 22.07  1625JSLD  25391 SSSMV. TAN BINH 259 ICT/NR 175.53 1 S.COIL NK - (B),dtr0709.pdf,dtr2006.pdf,2026-06-19,2026-06-20,TAN BINH 259
2026-09-06,2026-09-07,Paradip,FOR PICT,NOT READY,MV. NEON TRADER ICT/NR,179.9,30.0,9.24,2026-09-01,17:36,S.COIL,15000,2,,(B),30.00 9.24 01.09  1736SAILL  15000 GACMV. NEON TRADER ICT/NR 179.90 2 S.COIL GAC - (B),dtr0709.pdf,dtr2006.pdf,2026-06-19,2026-06-20,NEON TRADER
2026-09-06,2026-09-07,Paradip,FOR PICT,NOT READY,MV. YPERION ICT/NR,229.0,32.26,7.25,2026-09-01,20:36,PIG IRON,66000,3,,(B),32.26 7.25 01.09  2036OMPLL  66000 J M BAXIMSPLMV. YPERION ICT/NR 229.00 3 PIG IRON J M BAXIMSPL - (B),dtr0709.pdf,dtr2006.pdf,2026-06-19,2026-06-20,YPERION
2026-09-06,2026-09-07,Paradip,FOR PICT,NOT READY,MV. DIONYSUS ICT/NR,199.9,32.26,12.35,2026-09-06,19:06,UREA,52500,4,,(B),32.26 12.35 06.09  1906BRAHMAPUTRAD  52500 SSSMV. DIONYSUS ICT/NR 199.90 4 UREA SSS - (B),dtr0709.pdf,dtr2006.pdf,2026-06-19,2026-06-20,DIONYSUS
2026-09-06,2026-09-07,Paradip,Others,NOT READY,MV. PELAGIA NR,228.99,32.26,12.86,2026-08-27,23:00,,36000,1,,(B),32.26 12.86 27.08  2300NKD  36000 ALAPMV. PELAGIA NR 228.99 1 A. SULPHATE ALAP - (B),dtr0709.pdf,dtr2006.pdf,2026-06-19,2026-06-20,PELAGIA
2026-09-06,2026-09-07,Paradip,FOR CB-1 & CB-2,READY,MV. APJ SETHU,224.86,32.26,0.0,2026-09-05,06:48,TH.COAL,75000,1,,,32.26 0.00 05.09  0648TNPGCLL  75000 SEAPORTMV. APJ SETHU 224.86 1 TH.COAL J M BAXIMSPLR - P,dtr0709.pdf,dtr2007.pdf,2026-07-19,2026-07-20,APJ SETHU
2026-09-06,2026-09-07,Paradip,FOR CB-1 & CB-2,READY,MV. SINGAPORE BULKER,189.99,32.26,13.3,2026-09-07,06:18,TH.COAL,55000,2,,,32.26 13.30 07.09  0618OPGL  55000 SEA SHIPSMV. SINGAPORE BULKER 189.99 2 TH.COAL SSSR -,dtr0709.pdf,dtr2007.pdf,2026-07-19,2026-07-20,SINGAPORE BULKER
2026-09-06,2026-09-07,Paradip,FOR CB-1 & CB-2,READY,MV. APJ ANGAD 2,224.94,32.26,14.5,2026-09-07,10:18,TH.COAL,75000,3,,,32.26 14.50 07.09  1018NTECL/CLPLL  75000 BOTHRAMV. APJ ANGAD 2 224.94 3 TH.COAL JMBR -,dtr0709.pdf,dtr2007.pdf,2026-07-19,2026-07-20,APJ ANGAD 2
2026-09-06,2026-09-07,Paradip,FOR OJ,NOT READY,MT. SHIVALIK NR,225.28,36.6,11.6,2026-09-04,17:12,BUTANE/PROP,13000,1,,(B),36.60 11.60 04.09  1712IOCLD  13000 SAMSARAMT. SHIVALIK NR 225.28 1 BUTANE/PROP SAMSARA - (B),dtr0709.pdf,dtr2007.pdf,2026-07-19,2026-07-20,SHIVALIK
2026-09-06,2026-09-07,Paradip,FOR OJ,NOT READY,MT. TORM DOVER NR,183.12,32.2,0.0,2026-09-05,14:12,NAPTHA,35000,2,,(B),32.20 0.00 05.09  1412IOCLL  35000 ISIPLMT. TORM DOVER NR 183.12 2 NAPTHA ISIPL - (B),dtr0709.pdf,dtr2007.pdf,2026-07-19,2026-07-20,TORM DOVER
2026-09-06,2026-09-07,Paradip,FOR OJ,NOT READY,MT. GAS ALKHALEEJ NR,225.28,36.62,11.8,2026-09-07,09:54,BUTANE/PROP,28000,3,,(B),36.62 11.80 07.09  0954IOCLD  28000 AGSMT. GAS ALKHALEEJ NR 225.28 3 BUTANE/PROP AGS - (B),dtr0709.pdf,dtr2007.pdf,2026-07-19,2026-07-20,GAS ALKHALEEJ
2026-09-06,2026-09-07,Paradip,FOR SPM,READY,MT. OLYMPIC FLAG,273.97,47.0,15.0,2026-09-06,09:54,CRUDE OIL,124610,1,,,47.00 15.00 06.09  0954IOCL PLDD  124610 AGSMT. OLYMPIC FLAG 273.97 1 CRUDE OIL AGSR -,dtr0709.pdf,dtr2007.pdf,2026-07-19,2026-07-20,OLYMPIC FLAG
2026-09-06,2026-09-07,Paradip,FOR SPM,NOT READY,MT. AYAT NR,179.99,32.2,11.4,2026-08-26,19:30,CRUDE OIL,37861,1,,(B),32.20 11.40 26.08  1930IOCL PLDD  37861 AGSMT. AYAT NR 179.99 1 CRUDE OIL AGS - (B),dtr0709.pdf,dtr2007.pdf,2026-07-19,2026-07-20,AYAT
2026-09-06,2026-09-07,Paradip,FOR PICT,NOT READY,MV. TAN BINH 259 ICT/NR,175.53,29.4,9.5,2026-07-22,16:25,S.COIL,25391,1,,(B),29.40 9.50 22.07  1625JSLD  25391 SSSMV. TAN BINH 259 ICT/NR 175.53 1 S.COIL NK - (B),dtr0709.pdf,dtr2007.pdf,2026-07-19,2026-07-20,TAN BINH 259
2026-09-06,2026-09-07,Paradip,FOR PICT,NOT READY,MV. NEON TRADER ICT/NR,179.9,30.0,9.24,2026-09-01,17:36,S.COIL,15000,2,,(B),30.00 9.24 01.09  1736SAILL  15000 GACMV. NEON TRADER ICT/NR 179.90 2 S.COIL GAC - (B),dtr0709.pdf,dtr2007.pdf,2026-07-19,2026-07-20,NEON TRADER
2026-09-06,2026-09-07,Paradip,FOR PICT,NOT READY,MV. YPERION ICT/NR,229.0,32.26,7.25,2026-09-01,20:36,PIG IRON,66000,3,,(B),32.26 7.25 01.09  2036OMPLL  66000 J M BAXIMSPLMV. YPERION ICT/NR 229.00 3 PIG IRON J M BAXIMSPL - (B),dtr0709.pdf,dtr2007.pdf,2026-07-19,2026-07-20,YPERION
2026-09-06,2026-09-07,Paradip,FOR PICT,NOT READY,MV. DIONYSUS ICT/NR,199.9,32.26,12.35,2026-09-06,19:06,UREA,52500,4,,(B),32.26 12.35 06.09  1906BRAHMAPUTRAD  52500 SSSMV. DIONYSUS ICT/NR 199.90 4 UREA SSS - (B),dtr0709.pdf,dtr2007.pdf,2026-07-19,2026-07-20,DIONYSUS
2026-09-06,2026-09-07,Paradip,Others,NOT READY,MV. PELAGIA NR,228.99,32.26,12.86,2026-08-27,23:00,,36000,1,,(B),32.26 12.86 27.08  2300NKD  36000 ALAPMV. PELAGIA NR 228.99 1 A. SULPHATE ALAP - (B),dtr0709.pdf,dtr2007.pdf,2026-07-19,2026-07-20,PELAGIA
2026-09-06,2026-09-07,Paradip,FOR CB-1 & CB-2,READY,MV. APJ SETHU,224.86,32.26,0.0,2026-09-05,06:48,TH.COAL,75000,1,,,32.26 0.00 05.09  0648TNPGCLL  75000 SEAPORTMV. APJ SETHU 224.86 1 TH.COAL J M BAXIMSPLR - P,dtr0709.pdf,dtr2008-3.pdf,2026-08-19,2026-08-20,APJ SETHU
2026-09-06,2026-09-07,Paradip,FOR CB-1 & CB-2,READY,MV. SINGAPORE BULKER,189.99,32.26,13.3,2026-09-07,06:18,TH.COAL,55000,2,,,32.26 13.30 07.09  0618OPGL  55000 SEA SHIPSMV. SINGAPORE BULKER 189.99 2 TH.COAL SSSR -,dtr0709.pdf,dtr2008-3.pdf,2026-08-19,2026-08-20,SINGAPORE BULKER
2026-09-06,2026-09-07,Paradip,FOR CB-1 & CB-2,READY,MV. APJ ANGAD 2,224.94,32.26,14.5,2026-09-07,10:18,TH.COAL,75000,3,,,32.26 14.50 07.09  1018NTECL/CLPLL  75000 BOTHRAMV. APJ ANGAD 2 224.94 3 TH.COAL JMBR -,dtr0709.pdf,dtr2008-3.pdf,2026-08-19,2026-08-20,APJ ANGAD 2
2026-09-06,2026-09-07,Paradip,FOR OJ,NOT READY,MT. SHIVALIK NR,225.28,36.6,11.6,2026-09-04,17:12,BUTANE/PROP,13000,1,,(B),36.60 11.60 04.09  1712IOCLD  13000 SAMSARAMT. SHIVALIK NR 225.28 1 BUTANE/PROP SAMSARA - (B),dtr0709.pdf,dtr2008-3.pdf,2026-08-19,2026-08-20,SHIVALIK
2026-09-06,2026-09-07,Paradip,FOR OJ,NOT READY,MT. TORM DOVER NR,183.12,32.2,0.0,2026-09-05,14:12,NAPTHA,35000,2,,(B),32.20 0.00 05.09  1412IOCLL  35000 ISIPLMT. TORM DOVER NR 183.12 2 NAPTHA ISIPL - (B),dtr0709.pdf,dtr2008-3.pdf,2026-08-19,2026-08-20,TORM DOVER
2026-09-06,2026-09-07,Paradip,FOR OJ,NOT READY,MT. GAS ALKHALEEJ NR,225.28,36.62,11.8,2026-09-07,09:54,BUTANE/PROP,28000,3,,(B),36.62 11.80 07.09  0954IOCLD  28000 AGSMT. GAS ALKHALEEJ NR 225.28 3 BUTANE/PROP AGS - (B),dtr0709.pdf,dtr2008-3.pdf,2026-08-19,2026-08-20,GAS ALKHALEEJ
2026-09-06,2026-09-07,Paradip,FOR SPM,READY,MT. OLYMPIC FLAG,273.97,47.0,15.0,2026-09-06,09:54,CRUDE OIL,124610,1,,,47.00 15.00 06.09  0954IOCL PLDD  124610 AGSMT. OLYMPIC FLAG 273.97 1 CRUDE OIL AGSR -,dtr0709.pdf,dtr2008-3.pdf,2026-08-19,2026-08-20,OLYMPIC FLAG
2026-09-06,2026-09-07,Paradip,FOR SPM,NOT READY,MT. AYAT NR,179.99,32.2,11.4,2026-08-26,19:30,CRUDE OIL,37861,1,,(B),32.20 11.40 26.08  1930IOCL PLDD  37861 AGSMT. AYAT NR 179.99 1 CRUDE OIL AGS - (B),dtr0709.pdf,dtr2008-3.pdf,2026-08-19,2026-08-20,AYAT
2026-09-06,2026-09-07,Paradip,FOR PICT,NOT READY,MV. TAN BINH 259 ICT/NR,175.53,29.4,9.5,2026-07-22,16:25,S.COIL,25391,1,,(B),29.40 9.50 22.07  1625JSLD  25391 SSSMV. TAN BINH 259 ICT/NR 175.53 1 S.COIL NK - (B),dtr0709.pdf,dtr2008-3.pdf,2026-08-19,2026-08-20,TAN BINH 259
2026-09-06,2026-09-07,Paradip,FOR PICT,NOT READY,MV. NEON TRADER ICT/NR,179.9,30.0,9.24,2026-09-01,17:36,S.COIL,15000,2,,(B),30.00 9.24 01.09  1736SAILL  15000 GACMV. NEON TRADER ICT/NR 179.90 2 S.COIL GAC - (B),dtr0709.pdf,dtr2008-3.pdf,2026-08-19,2026-08-20,NEON TRADER
2026-09-06,2026-09-07,Paradip,FOR PICT,NOT READY,MV. YPERION ICT/NR,229.0,32.26,7.25,2026-09-01,20:36,PIG IRON,66000,3,,(B),32.26 7.25 01.09  2036OMPLL  66000 J M BAXIMSPLMV. YPERION ICT/NR 229.00 3 PIG IRON J M BAXIMSPL - (B),dtr0709.pdf,dtr2008-3.pdf,2026-08-19,2026-08-20,YPERION
2026-09-06,2026-09-07,Paradip,FOR PICT,NOT READY,MV. DIONYSUS ICT/NR,199.9,32.26,12.35,2026-09-06,19:06,UREA,52500,4,,(B),32.26 12.35 06.09  1906BRAHMAPUTRAD  52500 SSSMV. DIONYSUS ICT/NR 199.90 4 UREA SSS - (B),dtr0709.pdf,dtr2008-3.pdf,2026-08-19,2026-08-20,DIONYSUS
2026-09-06,2026-09-07,Paradip,Others,NOT READY,MV. PELAGIA NR,228.99,32.26,12.86,2026-08-27,23:00,,36000,1,,(B),32.26 12.86 27.08  2300NKD  36000 ALAPMV. PELAGIA NR 228.99 1 A. SULPHATE ALAP - (B),dtr0709.pdf,dtr2008-3.pdf,2026-08-19,2026-08-20,PELAGIA
2026-09-06,2026-09-07,Paradip,FOR CB-1 & CB-2,READY,MV. APJ SETHU,224.86,32.26,0.0,2026-09-05,06:48,TH.COAL,75000,1,,,32.26 0.00 05.09  0648TNPGCLL  75000 SEAPORTMV. APJ SETHU 224.86 1 TH.COAL J M BAXIMSPLR - P,dtr0709.pdf,dtr2010.pdf,2025-10-19,2025-10-20,APJ SETHU
2026-09-06,2026-09-07,Paradip,FOR CB-1 & CB-2,READY,MV. SINGAPORE BULKER,189.99,32.26,13.3,2026-09-07,06:18,TH.COAL,55000,2,,,32.26 13.30 07.09  0618OPGL  55000 SEA SHIPSMV. SINGAPORE BULKER 189.99 2 TH.COAL SSSR -,dtr0709.pdf,dtr2010.pdf,2025-10-19,2025-10-20,SINGAPORE BULKER
2026-09-06,2026-09-07,Paradip,FOR CB-1 & CB-2,READY,MV. APJ ANGAD 2,224.94,32.26,14.5,2026-09-07,10:18,TH.COAL,75000,3,,,32.26 14.50 07.09  1018NTECL/CLPLL  75000 BOTHRAMV. APJ ANGAD 2 224.94 3 TH.COAL JMBR -,dtr0709.pdf,dtr2010.pdf,2025-10-19,2025-10-20,APJ ANGAD 2
2026-09-06,2026-09-07,Paradip,FOR OJ,NOT READY,MT. SHIVALIK NR,225.28,36.6,11.6,2026-09-04,17:12,BUTANE/PROP,13000,1,,(B),36.60 11.60 04.09  1712IOCLD  13000 SAMSARAMT. SHIVALIK NR 225.28 1 BUTANE/PROP SAMSARA - (B),dtr0709.pdf,dtr2010.pdf,2025-10-19,2025-10-20,SHIVALIK
2026-09-06,2026-09-07,Paradip,FOR OJ,NOT READY,MT. TORM DOVER NR,183.12,32.2,0.0,2026-09-05,14:12,NAPTHA,35000,2,,(B),32.20 0.00 05.09  1412IOCLL  35000 ISIPLMT. TORM DOVER NR 183.12 2 NAPTHA ISIPL - (B),dtr0709.pdf,dtr2010.pdf,2025-10-19,2025-10-20,TORM DOVER
2026-09-06,2026-09-07,Paradip,FOR OJ,NOT READY,MT. GAS ALKHALEEJ NR,225.28,36.62,11.8,2026-09-07,09:54,BUTANE/PROP,28000,3,,(B),36.62 11.80 07.09  0954IOCLD  28000 AGSMT. GAS ALKHALEEJ NR 225.28 3 BUTANE/PROP AGS - (B),dtr0709.pdf,dtr2010.pdf,2025-10-19,2025-10-20,GAS ALKHALEEJ
2026-09-06,2026-09-07,Paradip,FOR SPM,READY,MT. OLYMPIC FLAG,273.97,47.0,15.0,2026-09-06,09:54,CRUDE OIL,124610,1,,,47.00 15.00 06.09  0954IOCL PLDD  124610 AGSMT. OLYMPIC FLAG 273.97 1 CRUDE OIL AGSR -,dtr0709.pdf,dtr2010.pdf,2025-10-19,2025-10-20,OLYMPIC FLAG
2026-09-06,2026-09-07,Paradip,FOR SPM,NOT READY,MT. AYAT NR,179.99,32.2,11.4,2026-08-26,19:30,CRUDE OIL,37861,1,,(B),32.20 11.40 26.08  1930IOCL PLDD  37861 AGSMT. AYAT NR 179.99 1 CRUDE OIL AGS - (B),dtr0709.pdf,dtr2010.pdf,2025-10-19,2025-10-20,AYAT
2026-09-06,2026-09-07,Paradip,FOR PICT,NOT READY,MV. TAN BINH 259 ICT/NR,175.53,29.4,9.5,2026-07-22,16:25,S.COIL,25391,1,,(B),29.40 9.50 22.07  1625JSLD  25391 SSSMV. TAN BINH 259 ICT/NR 175.53 1 S.COIL NK - (B),dtr0709.pdf,dtr2010.pdf,2025-10-19,2025-10-20,TAN BINH 259
2026-09-06,2026-09-07,Paradip,FOR PICT,NOT READY,MV. NEON TRADER ICT/NR,179.9,30.0,9.24,2026-09-01,17:36,S.COIL,15000,2,,(B),30.00 9.24 01.09  1736SAILL  15000 GACMV. NEON TRADER ICT/NR 179.90 2 S.COIL GAC - (B),dtr0709.pdf,dtr2010.pdf,2025-10-19,2025-10-20,NEON TRADER
2026-09-06,2026-09-07,Paradip,FOR PICT,NOT READY,MV. YPERION ICT/NR,229.0,32.26,7.25,2026-09-01,20:36,PIG IRON,66000,3,,(B),32.26 7.25 01.09  2036OMPLL  66000 J M BAXIMSPLMV. YPERION ICT/NR 229.00 3 PIG IRON J M BAXIMSPL - (B),dtr0709.pdf,dtr2010.pdf,2025-10-19,2025-10-20,YPERION
2026-09-06,2026-09-07,Paradip,FOR PICT,NOT READY,MV. DIONYSUS ICT/NR,199.9,32.26,12.35,2026-09-06,19:06,UREA,52500,4,,(B),32.26 12.35 06.09  1906BRAHMAPUTRAD  52500 SSSMV. DIONYSUS ICT/NR 199.90 4 UREA SSS - (B),dtr0709.pdf,dtr2010.pdf,2025-10-19,2025-10-20,DIONYSUS
2026-09-06,2026-09-07,Paradip,Others,NOT READY,MV. PELAGIA NR,228.99,32.26,12.86,2026-08-27,23:00,,36000,1,,(B),32.26 12.86 27.08  2300NKD  36000 ALAPMV. PELAGIA NR 228.99 1 A. SULPHATE ALAP - (B),dtr0709.pdf,dtr2010.pdf,2025-10-19,2025-10-20,PELAGIA
2026-09-06,2026-09-07,Paradip,FOR CB-1 & CB-2,READY,MV. APJ SETHU,224.86,32.26,0.0,2026-09-05,06:48,TH.COAL,75000,1,,,32.26 0.00 05.09  0648TNPGCLL  75000 SEAPORTMV. APJ SETHU 224.86 1 TH.COAL J M BAXIMSPLR - P,dtr0709.pdf,dtr2106.pdf,2026-06-20,2026-06-21,APJ SETHU
2026-09-06,2026-09-07,Paradip,FOR CB-1 & CB-2,READY,MV. SINGAPORE BULKER,189.99,32.26,13.3,2026-09-07,06:18,TH.COAL,55000,2,,,32.26 13.30 07.09  0618OPGL  55000 SEA SHIPSMV. SINGAPORE BULKER 189.99 2 TH.COAL SSSR -,dtr0709.pdf,dtr2106.pdf,2026-06-20,2026-06-21,SINGAPORE BULKER
2026-09-06,2026-09-07,Paradip,FOR CB-1 & CB-2,READY,MV. APJ ANGAD 2,224.94,32.26,14.5,2026-09-07,10:18,TH.COAL,75000,3,,,32.26 14.50 07.09  1018NTECL/CLPLL  75000 BOTHRAMV. APJ ANGAD 2 224.94 3 TH.COAL JMBR -,dtr0709.pdf,dtr2106.pdf,2026-06-20,2026-06-21,APJ ANGAD 2
2026-09-06,2026-09-07,Paradip,FOR OJ,NOT READY,MT. SHIVALIK NR,225.28,36.6,11.6,2026-09-04,17:12,BUTANE/PROP,13000,1,,(B),36.60 11.60 04.09  1712IOCLD  13000 SAMSARAMT. SHIVALIK NR 225.28 1 BUTANE/PROP SAMSARA - (B),dtr0709.pdf,dtr2106.pdf,2026-06-20,2026-06-21,SHIVALIK
2026-09-06,2026-09-07,Paradip,FOR OJ,NOT READY,MT. TORM DOVER NR,183.12,32.2,0.0,2026-09-05,14:12,NAPTHA,35000,2,,(B),32.20 0.00 05.09  1412IOCLL  35000 ISIPLMT. TORM DOVER NR 183.12 2 NAPTHA ISIPL - (B),dtr0709.pdf,dtr2106.pdf,2026-06-20,2026-06-21,TORM DOVER
2026-09-06,2026-09-07,Paradip,FOR OJ,NOT READY,MT. GAS ALKHALEEJ NR,225.28,36.62,11.8,2026-09-07,09:54,BUTANE/PROP,28000,3,,(B),36.62 11.80 07.09  0954IOCLD  28000 AGSMT. GAS ALKHALEEJ NR 225.28 3 BUTANE/PROP AGS - (B),dtr0709.pdf,dtr2106.pdf,2026-06-20,2026-06-21,GAS ALKHALEEJ
2026-09-06,2026-09-07,Paradip,FOR SPM,READY,MT. OLYMPIC FLAG,273.97,47.0,15.0,2026-09-06,09:54,CRUDE OIL,124610,1,,,47.00 15.00 06.09  0954IOCL PLDD  124610 AGSMT. OLYMPIC FLAG 273.97 1 CRUDE OIL AGSR -,dtr0709.pdf,dtr2106.pdf,2026-06-20,2026-06-21,OLYMPIC FLAG
2026-09-06,2026-09-07,Paradip,FOR SPM,NOT READY,MT. AYAT NR,179.99,32.2,11.4,2026-08-26,19:30,CRUDE OIL,37861,1,,(B),32.20 11.40 26.08  1930IOCL PLDD  37861 AGSMT. AYAT NR 179.99 1 CRUDE OIL AGS - (B),dtr0709.pdf,dtr2106.pdf,2026-06-20,2026-06-21,AYAT
2026-09-06,2026-09-07,Paradip,FOR PICT,NOT READY,MV. TAN BINH 259 ICT/NR,175.53,29.4,9.5,2026-07-22,16:25,S.COIL,25391,1,,(B),29.40 9.50 22.07  1625JSLD  25391 SSSMV. TAN BINH 259 ICT/NR 175.53 1 S.COIL NK - (B),dtr0709.pdf,dtr2106.pdf,2026-06-20,2026-06-21,TAN BINH 259
2026-09-06,2026-09-07,Paradip,FOR PICT,NOT READY,MV. NEON TRADER ICT/NR,179.9,30.0,9.24,2026-09-01,17:36,S.COIL,15000,2,,(B),30.00 9.24 01.09  1736SAILL  15000 GACMV. NEON TRADER ICT/NR 179.90 2 S.COIL GAC - (B),dtr0709.pdf,dtr2106.pdf,2026-06-20,2026-06-21,NEON TRADER
2026-09-06,2026-09-07,Paradip,FOR PICT,NOT READY,MV. YPERION ICT/NR,229.0,32.26,7.25,2026-09-01,20:36,PIG IRON,66000,3,,(B),32.26 7.25 01.09  2036OMPLL  66000 J M BAXIMSPLMV. YPERION ICT/NR 229.00 3 PIG IRON J M BAXIMSPL - (B),dtr0709.pdf,dtr2106.pdf,2026-06-20,2026-06-21,YPERION
2026-09-06,2026-09-07,Paradip,FOR PICT,NOT READY,MV. DIONYSUS ICT/NR,199.9,32.26,12.35,2026-09-06,19:06,UREA,52500,4,,(B),32.26 12.35 06.09  1906BRAHMAPUTRAD  52500 SSSMV. DIONYSUS ICT/NR 199.90 4 UREA SSS - (B),dtr0709.pdf,dtr2106.pdf,2026-06-20,2026-06-21,DIONYSUS
2026-09-06,2026-09-07,Paradip,Others,NOT READY,MV. PELAGIA NR,228.99,32.26,12.86,2026-08-27,23:00,,36000,1,,(B),32.26 12.86 27.08  2300NKD  36000 ALAPMV. PELAGIA NR 228.99 1 A. SULPHATE ALAP - (B),dtr0709.pdf,dtr2106.pdf,2026-06-20,2026-06-21,PELAGIA
2026-09-06,2026-09-07,Paradip,FOR CB-1 & CB-2,READY,MV. APJ SETHU,224.86,32.26,0.0,2026-09-05,06:48,TH.COAL,75000,1,,,32.26 0.00 05.09  0648TNPGCLL  75000 SEAPORTMV. APJ SETHU 224.86 1 TH.COAL J M BAXIMSPLR - P,dtr0709.pdf,dtr2107.pdf,2026-07-20,2026-07-21,APJ SETHU
2026-09-06,2026-09-07,Paradip,FOR CB-1 & CB-2,READY,MV. SINGAPORE BULKER,189.99,32.26,13.3,2026-09-07,06:18,TH.COAL,55000,2,,,32.26 13.30 07.09  0618OPGL  55000 SEA SHIPSMV. SINGAPORE BULKER 189.99 2 TH.COAL SSSR -,dtr0709.pdf,dtr2107.pdf,2026-07-20,2026-07-21,SINGAPORE BULKER
2026-09-06,2026-09-07,Paradip,FOR CB-1 & CB-2,READY,MV. APJ ANGAD 2,224.94,32.26,14.5,2026-09-07,10:18,TH.COAL,75000,3,,,32.26 14.50 07.09  1018NTECL/CLPLL  75000 BOTHRAMV. APJ ANGAD 2 224.94 3 TH.COAL JMBR -,dtr0709.pdf,dtr2107.pdf,2026-07-20,2026-07-21,APJ ANGAD 2
2026-09-06,2026-09-07,Paradip,FOR OJ,NOT READY,MT. SHIVALIK NR,225.28,36.6,11.6,2026-09-04,17:12,BUTANE/PROP,13000,1,,(B),36.60 11.60 04.09  1712IOCLD  13000 SAMSARAMT. SHIVALIK NR 225.28 1 BUTANE/PROP SAMSARA - (B),dtr0709.pdf,dtr2107.pdf,2026-07-20,2026-07-21,SHIVALIK
2026-09-06,2026-09-07,Paradip,FOR OJ,NOT READY,MT. TORM DOVER NR,183.12,32.2,0.0,2026-09-05,14:12,NAPTHA,35000,2,,(B),32.20 0.00 05.09  1412IOCLL  35000 ISIPLMT. TORM DOVER NR 183.12 2 NAPTHA ISIPL - (B),dtr0709.pdf,dtr2107.pdf,2026-07-20,2026-07-21,TORM DOVER
2026-09-06,2026-09-07,Paradip,FOR OJ,NOT READY,MT. GAS ALKHALEEJ NR,225.28,36.62,11.8,2026-09-07,09:54,BUTANE/PROP,28000,3,,(B),36.62 11.80 07.09  0954IOCLD  28000 AGSMT. GAS ALKHALEEJ NR 225.28 3 BUTANE/PROP AGS - (B),dtr0709.pdf,dtr2107.pdf,2026-07-20,2026-07-21,GAS ALKHALEEJ
2026-09-06,2026-09-07,Paradip,FOR SPM,READY,MT. OLYMPIC FLAG,273.97,47.0,15.0,2026-09-06,09:54,CRUDE OIL,124610,1,,,47.00 15.00 06.09  0954IOCL PLDD  124610 AGSMT. OLYMPIC FLAG 273.97 1 CRUDE OIL AGSR -,dtr0709.pdf,dtr2107.pdf,2026-07-20,2026-07-21,OLYMPIC FLAG
2026-09-06,2026-09-07,Paradip,FOR SPM,NOT READY,MT. AYAT NR,179.99,32.2,11.4,2026-08-26,19:30,CRUDE OIL,37861,1,,(B),32.20 11.40 26.08  1930IOCL PLDD  37861 AGSMT. AYAT NR 179.99 1 CRUDE OIL AGS - (B),dtr0709.pdf,dtr2107.pdf,2026-07-20,2026-07-21,AYAT
2026-09-06,2026-09-07,Paradip,FOR PICT,NOT READY,MV. TAN BINH 259 ICT/NR,175.53,29.4,9.5,2026-07-22,16:25,S.COIL,25391,1,,(B),29.40 9.50 22.07  1625JSLD  25391 SSSMV. TAN BINH 259 ICT/NR 175.53 1 S.COIL NK - (B),dtr0709.pdf,dtr2107.pdf,2026-07-20,2026-07-21,TAN BINH 259
2026-09-06,2026-09-07,Paradip,FOR PICT,NOT READY,MV. NEON TRADER ICT/NR,179.9,30.0,9.24,2026-09-01,17:36,S.COIL,15000,2,,(B),30.00 9.24 01.09  1736SAILL  15000 GACMV. NEON TRADER ICT/NR 179.90 2 S.COIL GAC - (B),dtr0709.pdf,dtr2107.pdf,2026-07-20,2026-07-21,NEON TRADER
2026-09-06,2026-09-07,Paradip,FOR PICT,NOT READY,MV. YPERION ICT/NR,229.0,32.26,7.25,2026-09-01,20:36,PIG IRON,66000,3,,(B),32.26 7.25 01.09  2036OMPLL  66000 J M BAXIMSPLMV. YPERION ICT/NR 229.00 3 PIG IRON J M BAXIMSPL - (B),dtr0709.pdf,dtr2107.pdf,2026-07-20,2026-07-21,YPERION
2026-09-06,2026-09-07,Paradip,FOR PICT,NOT READY,MV. DIONYSUS ICT/NR,199.9,32.26,12.35,2026-09-06,19:06,UREA,52500,4,,(B),32.26 12.35 06.09  1906BRAHMAPUTRAD  52500 SSSMV. DIONYSUS ICT/NR 199.90 4 UREA SSS - (B),dtr0709.pdf,dtr2107.pdf,2026-07-20,2026-07-21,DIONYSUS
2026-09-06,2026-09-07,Paradip,Others,NOT READY,MV. PELAGIA NR,228.99,32.26,12.86,2026-08-27,23:00,,36000,1,,(B),32.26 12.86 27.08  2300NKD  36000 ALAPMV. PELAGIA NR 228.99 1 A. SULPHATE ALAP - (B),dtr0709.pdf,dtr2107.pdf,2026-07-20,2026-07-21,PELAGIA
2026-09-06,2026-09-07,Paradip,FOR CB-1 & CB-2,READY,MV. APJ SETHU,224.86,32.26,0.0,2026-09-05,06:48,TH.COAL,75000,1,,,32.26 0.00 05.09  0648TNPGCLL  75000 SEAPORTMV. APJ SETHU 224.86 1 TH.COAL J M BAXIMSPLR - P,dtr0709.pdf,dtr2108.pdf,2026-08-20,2026-08-21,APJ SETHU
2026-09-06,2026-09-07,Paradip,FOR CB-1 & CB-2,READY,MV. SINGAPORE BULKER,189.99,32.26,13.3,2026-09-07,06:18,TH.COAL,55000,2,,,32.26 13.30 07.09  0618OPGL  55000 SEA SHIPSMV. SINGAPORE BULKER 189.99 2 TH.COAL SSSR -,dtr0709.pdf,dtr2108.pdf,2026-08-20,2026-08-21,SINGAPORE BULKER
2026-09-06,2026-09-07,Paradip,FOR CB-1 & CB-2,READY,MV. APJ ANGAD 2,224.94,32.26,14.5,2026-09-07,10:18,TH.COAL,75000,3,,,32.26 14.50 07.09  1018NTECL/CLPLL  75000 BOTHRAMV. APJ ANGAD 2 224.94 3 TH.COAL JMBR -,dtr0709.pdf,dtr2108.pdf,2026-08-20,2026-08-21,APJ ANGAD 2
2026-09-06,2026-09-07,Paradip,FOR OJ,NOT READY,MT. SHIVALIK NR,225.28,36.6,11.6,2026-09-04,17:12,BUTANE/PROP,13000,1,,(B),36.60 11.60 04.09  1712IOCLD  13000 SAMSARAMT. SHIVALIK NR 225.28 1 BUTANE/PROP SAMSARA - (B),dtr0709.pdf,dtr2108.pdf,2026-08-20,2026-08-21,SHIVALIK
2026-09-06,2026-09-07,Paradip,FOR OJ,NOT READY,MT. TORM DOVER NR,183.12,32.2,0.0,2026-09-05,14:12,NAPTHA,35000,2,,(B),32.20 0.00 05.09  1412IOCLL  35000 ISIPLMT. TORM DOVER NR 183.12 2 NAPTHA ISIPL - (B),dtr0709.pdf,dtr2108.pdf,2026-08-20,2026-08-21,TORM DOVER
2026-09-06,2026-09-07,Paradip,FOR OJ,NOT READY,MT. GAS ALKHALEEJ NR,225.28,36.62,11.8,2026-09-07,09:54,BUTANE/PROP,28000,3,,(B),36.62 11.80 07.09  0954IOCLD  28000 AGSMT. GAS ALKHALEEJ NR 225.28 3 BUTANE/PROP AGS - (B),dtr0709.pdf,dtr2108.pdf,2026-08-20,2026-08-21,GAS ALKHALEEJ
2026-09-06,2026-09-07,Paradip,FOR SPM,READY,MT. OLYMPIC FLAG,273.97,47.0,15.0,2026-09-06,09:54,CRUDE OIL,124610,1,,,47.00 15.00 06.09  0954IOCL PLDD  124610 AGSMT. OLYMPIC FLAG 273.97 1 CRUDE OIL AGSR -,dtr0709.pdf,dtr2108.pdf,2026-08-20,2026-08-21,OLYMPIC FLAG
2026-09-06,2026-09-07,Paradip,FOR SPM,NOT READY,MT. AYAT NR,179.99,32.2,11.4,2026-08-26,19:30,CRUDE OIL,37861,1,,(B),32.20 11.40 26.08  1930IOCL PLDD  37861 AGSMT. AYAT NR 179.99 1 CRUDE OIL AGS - (B),dtr0709.pdf,dtr2108.pdf,2026-08-20,2026-08-21,AYAT
2026-09-06,2026-09-07,Paradip,FOR PICT,NOT READY,MV. TAN BINH 259 ICT/NR,175.53,29.4,9.5,2026-07-22,16:25,S.COIL,25391,1,,(B),29.40 9.50 22.07  1625JSLD  25391 SSSMV. TAN BINH 259 ICT/NR 175.53 1 S.COIL NK - (B),dtr0709.pdf,dtr2108.pdf,2026-08-20,2026-08-21,TAN BINH 259
2026-09-06,2026-09-07,Paradip,FOR PICT,NOT READY,MV. NEON TRADER ICT/NR,179.9,30.0,9.24,2026-09-01,17:36,S.COIL,15000,2,,(B),30.00 9.24 01.09  1736SAILL  15000 GACMV. NEON TRADER ICT/NR 179.90 2 S.COIL GAC - (B),dtr0709.pdf,dtr2108.pdf,2026-08-20,2026-08-21,NEON TRADER
2026-09-06,2026-09-07,Paradip,FOR PICT,NOT READY,MV. YPERION ICT/NR,229.0,32.26,7.25,2026-09-01,20:36,PIG IRON,66000,3,,(B),32.26 7.25 01.09  2036OMPLL  66000 J M BAXIMSPLMV. YPERION ICT/NR 229.00 3 PIG IRON J M BAXIMSPL - (B),dtr0709.pdf,dtr2108.pdf,2026-08-20,2026-08-21,YPERION
2026-09-06,2026-09-07,Paradip,FOR PICT,NOT READY,MV. DIONYSUS ICT/NR,199.9,32.26,12.35,2026-09-06,19:06,UREA,52500,4,,(B),32.26 12.35 06.09  1906BRAHMAPUTRAD  52500 SSSMV. DIONYSUS ICT/NR 199.90 4 UREA SSS - (B),dtr0709.pdf,dtr2108.pdf,2026-08-20,2026-08-21,DIONYSUS
2026-09-06,2026-09-07,Paradip,Others,NOT READY,MV. PELAGIA NR,228.99,32.26,12.86,2026-08-27,23:00,,36000,1,,(B),32.26 12.86 27.08  2300NKD  36000 ALAPMV. PELAGIA NR 228.99 1 A. SULPHATE ALAP - (B),dtr0709.pdf,dtr2108.pdf,2026-08-20,2026-08-21,PELAGIA
2026-09-06,2026-09-07,Paradip,FOR CB-1 & CB-2,READY,MV. APJ SETHU,224.86,32.26,0.0,2026-09-05,06:48,TH.COAL,75000,1,,,32.26 0.00 05.09  0648TNPGCLL  75000 SEAPORTMV. APJ SETHU 224.86 1 TH.COAL J M BAXIMSPLR - P,dtr0709.pdf,dtr2110.pdf,2025-10-20,2025-10-21,APJ SETHU
2026-09-06,2026-09-07,Paradip,FOR CB-1 & CB-2,READY,MV. SINGAPORE BULKER,189.99,32.26,13.3,2026-09-07,06:18,TH.COAL,55000,2,,,32.26 13.30 07.09  0618OPGL  55000 SEA SHIPSMV. SINGAPORE BULKER 189.99 2 TH.COAL SSSR -,dtr0709.pdf,dtr2110.pdf,2025-10-20,2025-10-21,SINGAPORE BULKER
2026-09-06,2026-09-07,Paradip,FOR CB-1 & CB-2,READY,MV. APJ ANGAD 2,224.94,32.26,14.5,2026-09-07,10:18,TH.COAL,75000,3,,,32.26 14.50 07.09  1018NTECL/CLPLL  75000 BOTHRAMV. APJ ANGAD 2 224.94 3 TH.COAL JMBR -,dtr0709.pdf,dtr2110.pdf,2025-10-20,2025-10-21,APJ ANGAD 2
2026-09-06,2026-09-07,Paradip,FOR OJ,NOT READY,MT. SHIVALIK NR,225.28,36.6,11.6,2026-09-04,17:12,BUTANE/PROP,13000,1,,(B),36.60 11.60 04.09  1712IOCLD  13000 SAMSARAMT. SHIVALIK NR 225.28 1 BUTANE/PROP SAMSARA - (B),dtr0709.pdf,dtr2110.pdf,2025-10-20,2025-10-21,SHIVALIK
2026-09-06,2026-09-07,Paradip,FOR OJ,NOT READY,MT. TORM DOVER NR,183.12,32.2,0.0,2026-09-05,14:12,NAPTHA,35000,2,,(B),32.20 0.00 05.09  1412IOCLL  35000 ISIPLMT. TORM DOVER NR 183.12 2 NAPTHA ISIPL - (B),dtr0709.pdf,dtr2110.pdf,2025-10-20,2025-10-21,TORM DOVER
2026-09-06,2026-09-07,Paradip,FOR OJ,NOT READY,MT. GAS ALKHALEEJ NR,225.28,36.62,11.8,2026-09-07,09:54,BUTANE/PROP,28000,3,,(B),36.62 11.80 07.09  0954IOCLD  28000 AGSMT. GAS ALKHALEEJ NR 225.28 3 BUTANE/PROP AGS - (B),dtr0709.pdf,dtr2110.pdf,2025-10-20,2025-10-21,GAS ALKHALEEJ
2026-09-06,2026-09-07,Paradip,FOR SPM,READY,MT. OLYMPIC FLAG,273.97,47.0,15.0,2026-09-06,09:54,CRUDE OIL,124610,1,,,47.00 15.00 06.09  0954IOCL PLDD  124610 AGSMT. OLYMPIC FLAG 273.97 1 CRUDE OIL AGSR -,dtr0709.pdf,dtr2110.pdf,2025-10-20,2025-10-21,OLYMPIC FLAG
2026-09-06,2026-09-07,Paradip,FOR SPM,NOT READY,MT. AYAT NR,179.99,32.2,11.4,2026-08-26,19:30,CRUDE OIL,37861,1,,(B),32.20 11.40 26.08  1930IOCL PLDD  37861 AGSMT. AYAT NR 179.99 1 CRUDE OIL AGS - (B),dtr0709.pdf,dtr2110.pdf,2025-10-20,2025-10-21,AYAT
2026-09-06,2026-09-07,Paradip,FOR PICT,NOT READY,MV. TAN BINH 259 ICT/NR,175.53,29.4,9.5,2026-07-22,16:25,S.COIL,25391,1,,(B),29.40 9.50 22.07  1625JSLD  25391 SSSMV. TAN BINH 259 ICT/NR 175.53 1 S.COIL NK - (B),dtr0709.pdf,dtr2110.pdf,2025-10-20,2025-10-21,TAN BINH 259
2026-09-06,2026-09-07,Paradip,FOR PICT,NOT READY,MV. NEON TRADER ICT/NR,179.9,30.0,9.24,2026-09-01,17:36,S.COIL,15000,2,,(B),30.00 9.24 01.09  1736SAILL  15000 GACMV. NEON TRADER ICT/NR 179.90 2 S.COIL GAC - (B),dtr0709.pdf,dtr2110.pdf,2025-10-20,2025-10-21,NEON TRADER
2026-09-06,2026-09-07,Paradip,FOR PICT,NOT READY,MV. YPERION ICT/NR,229.0,32.26,7.25,2026-09-01,20:36,PIG IRON,66000,3,,(B),32.26 7.25 01.09  2036OMPLL  66000 J M BAXIMSPLMV. YPERION ICT/NR 229.00 3 PIG IRON J M BAXIMSPL - (B),dtr0709.pdf,dtr2110.pdf,2025-10-20,2025-10-21,YPERION
2026-09-06,2026-09-07,Paradip,FOR PICT,NOT READY,MV. DIONYSUS ICT/NR,199.9,32.26,12.35,2026-09-06,19:06,UREA,52500,4,,(B),32.26 12.35 06.09  1906BRAHMAPUTRAD  52500 SSSMV. DIONYSUS ICT/NR 199.90 4 UREA SSS - (B),dtr0709.pdf,dtr2110.pdf,2025-10-20,2025-10-21,DIONYSUS
2026-09-06,2026-09-07,Paradip,Others,NOT READY,MV. PELAGIA NR,228.99,32.26,12.86,2026-08-27,23:00,,36000,1,,(B),32.26 12.86 27.08  2300NKD  36000 ALAPMV. PELAGIA NR 228.99 1 A. SULPHATE ALAP - (B),dtr0709.pdf,dtr2110.pdf,2025-10-20,2025-10-21,PELAGIA
2026-09-06,2026-09-07,Paradip,FOR CB-1 & CB-2,READY,MV. APJ SETHU,224.86,32.26,0.0,2026-09-05,06:48,TH.COAL,75000,1,,,32.26 0.00 05.09  0648TNPGCLL  75000 SEAPORTMV. APJ SETHU 224.86 1 TH.COAL J M BAXIMSPLR - P,dtr0709.pdf,dtr2206.pdf,2026-06-21,2026-06-22,APJ SETHU
2026-09-06,2026-09-07,Paradip,FOR CB-1 & CB-2,READY,MV. SINGAPORE BULKER,189.99,32.26,13.3,2026-09-07,06:18,TH.COAL,55000,2,,,32.26 13.30 07.09  0618OPGL  55000 SEA SHIPSMV. SINGAPORE BULKER 189.99 2 TH.COAL SSSR -,dtr0709.pdf,dtr2206.pdf,2026-06-21,2026-06-22,SINGAPORE BULKER
2026-09-06,2026-09-07,Paradip,FOR CB-1 & CB-2,READY,MV. APJ ANGAD 2,224.94,32.26,14.5,2026-09-07,10:18,TH.COAL,75000,3,,,32.26 14.50 07.09  1018NTECL/CLPLL  75000 BOTHRAMV. APJ ANGAD 2 224.94 3 TH.COAL JMBR -,dtr0709.pdf,dtr2206.pdf,2026-06-21,2026-06-22,APJ ANGAD 2
2026-09-06,2026-09-07,Paradip,FOR OJ,NOT READY,MT. SHIVALIK NR,225.28,36.6,11.6,2026-09-04,17:12,BUTANE/PROP,13000,1,,(B),36.60 11.60 04.09  1712IOCLD  13000 SAMSARAMT. SHIVALIK NR 225.28 1 BUTANE/PROP SAMSARA - (B),dtr0709.pdf,dtr2206.pdf,2026-06-21,2026-06-22,SHIVALIK
2026-09-06,2026-09-07,Paradip,FOR OJ,NOT READY,MT. TORM DOVER NR,183.12,32.2,0.0,2026-09-05,14:12,NAPTHA,35000,2,,(B),32.20 0.00 05.09  1412IOCLL  35000 ISIPLMT. TORM DOVER NR 183.12 2 NAPTHA ISIPL - (B),dtr0709.pdf,dtr2206.pdf,2026-06-21,2026-06-22,TORM DOVER
2026-09-06,2026-09-07,Paradip,FOR OJ,NOT READY,MT. GAS ALKHALEEJ NR,225.28,36.62,11.8,2026-09-07,09:54,BUTANE/PROP,28000,3,,(B),36.62 11.80 07.09  0954IOCLD  28000 AGSMT. GAS ALKHALEEJ NR 225.28 3 BUTANE/PROP AGS - (B),dtr0709.pdf,dtr2206.pdf,2026-06-21,2026-06-22,GAS ALKHALEEJ
2026-09-06,2026-09-07,Paradip,FOR SPM,READY,MT. OLYMPIC FLAG,273.97,47.0,15.0,2026-09-06,09:54,CRUDE OIL,124610,1,,,47.00 15.00 06.09  0954IOCL PLDD  124610 AGSMT. OLYMPIC FLAG 273.97 1 CRUDE OIL AGSR -,dtr0709.pdf,dtr2206.pdf,2026-06-21,2026-06-22,OLYMPIC FLAG
2026-09-06,2026-09-07,Paradip,FOR SPM,NOT READY,MT. AYAT NR,179.99,32.2,11.4,2026-08-26,19:30,CRUDE OIL,37861,1,,(B),32.20 11.40 26.08  1930IOCL PLDD  37861 AGSMT. AYAT NR 179.99 1 CRUDE OIL AGS - (B),dtr0709.pdf,dtr2206.pdf,2026-06-21,2026-06-22,AYAT
2026-09-06,2026-09-07,Paradip,FOR PICT,NOT READY,MV. TAN BINH 259 ICT/NR,175.53,29.4,9.5,2026-07-22,16:25,S.COIL,25391,1,,(B),29.40 9.50 22.07  1625JSLD  25391 SSSMV. TAN BINH 259 ICT/NR 175.53 1 S.COIL NK - (B),dtr0709.pdf,dtr2206.pdf,2026-06-21,2026-06-22,TAN BINH 259
2026-09-06,2026-09-07,Paradip,FOR PICT,NOT READY,MV. NEON TRADER ICT/NR,179.9,30.0,9.24,2026-09-01,17:36,S.COIL,15000,2,,(B),30.00 9.24 01.09  1736SAILL  15000 GACMV. NEON TRADER ICT/NR 179.90 2 S.COIL GAC - (B),dtr0709.pdf,dtr2206.pdf,2026-06-21,2026-06-22,NEON TRADER
2026-09-06,2026-09-07,Paradip,FOR PICT,NOT READY,MV. YPERION ICT/NR,229.0,32.26,7.25,2026-09-01,20:36,PIG IRON,66000,3,,(B),32.26 7.25 01.09  2036OMPLL  66000 J M BAXIMSPLMV. YPERION ICT/NR 229.00 3 PIG IRON J M BAXIMSPL - (B),dtr0709.pdf,dtr2206.pdf,2026-06-21,2026-06-22,YPERION
2026-09-06,2026-09-07,Paradip,FOR PICT,NOT READY,MV. DIONYSUS ICT/NR,199.9,32.26,12.35,2026-09-06,19:06,UREA,52500,4,,(B),32.26 12.35 06.09  1906BRAHMAPUTRAD  52500 SSSMV. DIONYSUS ICT/NR 199.90 4 UREA SSS - (B),dtr0709.pdf,dtr2206.pdf,2026-06-21,2026-06-22,DIONYSUS
2026-09-06,2026-09-07,Paradip,Others,NOT READY,MV. PELAGIA NR,228.99,32.26,12.86,2026-08-27,23:00,,36000,1,,(B),32.26 12.86 27.08  2300NKD  36000 ALAPMV. PELAGIA NR 228.99 1 A. SULPHATE ALAP - (B),dtr0709.pdf,dtr2206.pdf,2026-06-21,2026-06-22,PELAGIA
2026-09-06,2026-09-07,Paradip,FOR CB-1 & CB-2,READY,MV. APJ SETHU,224.86,32.26,0.0,2026-09-05,06:48,TH.COAL,75000,1,,,32.26 0.00 05.09  0648TNPGCLL  75000 SEAPORTMV. APJ SETHU 224.86 1 TH.COAL J M BAXIMSPLR - P,dtr0709.pdf,dtr2207.pdf,2026-07-21,2026-07-22,APJ SETHU
2026-09-06,2026-09-07,Paradip,FOR CB-1 & CB-2,READY,MV. SINGAPORE BULKER,189.99,32.26,13.3,2026-09-07,06:18,TH.COAL,55000,2,,,32.26 13.30 07.09  0618OPGL  55000 SEA SHIPSMV. SINGAPORE BULKER 189.99 2 TH.COAL SSSR -,dtr0709.pdf,dtr2207.pdf,2026-07-21,2026-07-22,SINGAPORE BULKER
2026-09-06,2026-09-07,Paradip,FOR CB-1 & CB-2,READY,MV. APJ ANGAD 2,224.94,32.26,14.5,2026-09-07,10:18,TH.COAL,75000,3,,,32.26 14.50 07.09  1018NTECL/CLPLL  75000 BOTHRAMV. APJ ANGAD 2 224.94 3 TH.COAL JMBR -,dtr0709.pdf,dtr2207.pdf,2026-07-21,2026-07-22,APJ ANGAD 2
2026-09-06,2026-09-07,Paradip,FOR OJ,NOT READY,MT. SHIVALIK NR,225.28,36.6,11.6,2026-09-04,17:12,BUTANE/PROP,13000,1,,(B),36.60 11.60 04.09  1712IOCLD  13000 SAMSARAMT. SHIVALIK NR 225.28 1 BUTANE/PROP SAMSARA - (B),dtr0709.pdf,dtr2207.pdf,2026-07-21,2026-07-22,SHIVALIK
2026-09-06,2026-09-07,Paradip,FOR OJ,NOT READY,MT. TORM DOVER NR,183.12,32.2,0.0,2026-09-05,14:12,NAPTHA,35000,2,,(B),32.20 0.00 05.09  1412IOCLL  35000 ISIPLMT. TORM DOVER NR 183.12 2 NAPTHA ISIPL - (B),dtr0709.pdf,dtr2207.pdf,2026-07-21,2026-07-22,TORM DOVER
2026-09-06,2026-09-07,Paradip,FOR OJ,NOT READY,MT. GAS ALKHALEEJ NR,225.28,36.62,11.8,2026-09-07,09:54,BUTANE/PROP,28000,3,,(B),36.62 11.80 07.09  0954IOCLD  28000 AGSMT. GAS ALKHALEEJ NR 225.28 3 BUTANE/PROP AGS - (B),dtr0709.pdf,dtr2207.pdf,2026-07-21,2026-07-22,GAS ALKHALEEJ
2026-09-06,2026-09-07,Paradip,FOR SPM,READY,MT. OLYMPIC FLAG,273.97,47.0,15.0,2026-09-06,09:54,CRUDE OIL,124610,1,,,47.00 15.00 06.09  0954IOCL PLDD  124610 AGSMT. OLYMPIC FLAG 273.97 1 CRUDE OIL AGSR -,dtr0709.pdf,dtr2207.pdf,2026-07-21,2026-07-22,OLYMPIC FLAG
2026-09-06,2026-09-07,Paradip,FOR SPM,NOT READY,MT. AYAT NR,179.99,32.2,11.4,2026-08-26,19:30,CRUDE OIL,37861,1,,(B),32.20 11.40 26.08  1930IOCL PLDD  37861 AGSMT. AYAT NR 179.99 1 CRUDE OIL AGS - (B),dtr0709.pdf,dtr2207.pdf,2026-07-21,2026-07-22,AYAT
2026-09-06,2026-09-07,Paradip,FOR PICT,NOT READY,MV. TAN BINH 259 ICT/NR,175.53,29.4,9.5,2026-07-22,16:25,S.COIL,25391,1,,(B),29.40 9.50 22.07  1625JSLD  25391 SSSMV. TAN BINH 259 ICT/NR 175.53 1 S.COIL NK - (B),dtr0709.pdf,dtr2207.pdf,2026-07-21,2026-07-22,TAN BINH 259
2026-09-06,2026-09-07,Paradip,FOR PICT,NOT READY,MV. NEON TRADER ICT/NR,179.9,30.0,9.24,2026-09-01,17:36,S.COIL,15000,2,,(B),30.00 9.24 01.09  1736SAILL  15000 GACMV. NEON TRADER ICT/NR 179.90 2 S.COIL GAC - (B),dtr0709.pdf,dtr2207.pdf,2026-07-21,2026-07-22,NEON TRADER
2026-09-06,2026-09-07,Paradip,FOR PICT,NOT READY,MV. YPERION ICT/NR,229.0,32.26,7.25,2026-09-01,20:36,PIG IRON,66000,3,,(B),32.26 7.25 01.09  2036OMPLL  66000 J M BAXIMSPLMV. YPERION ICT/NR 229.00 3 PIG IRON J M BAXIMSPL - (B),dtr0709.pdf,dtr2207.pdf,2026-07-21,2026-07-22,YPERION
2026-09-06,2026-09-07,Paradip,FOR PICT,NOT READY,MV. DIONYSUS ICT/NR,199.9,32.26,12.35,2026-09-06,19:06,UREA,52500,4,,(B),32.26 12.35 06.09  1906BRAHMAPUTRAD  52500 SSSMV. DIONYSUS ICT/NR 199.90 4 UREA SSS - (B),dtr0709.pdf,dtr2207.pdf,2026-07-21,2026-07-22,DIONYSUS
2026-09-06,2026-09-07,Paradip,Others,NOT READY,MV. PELAGIA NR,228.99,32.26,12.86,2026-08-27,23:00,,36000,1,,(B),32.26 12.86 27.08  2300NKD  36000 ALAPMV. PELAGIA NR 228.99 1 A. SULPHATE ALAP - (B),dtr0709.pdf,dtr2207.pdf,2026-07-21,2026-07-22,PELAGIA
2026-09-06,2026-09-07,Paradip,FOR CB-1 & CB-2,READY,MV. APJ SETHU,224.86,32.26,0.0,2026-09-05,06:48,TH.COAL,75000,1,,,32.26 0.00 05.09  0648TNPGCLL  75000 SEAPORTMV. APJ SETHU 224.86 1 TH.COAL J M BAXIMSPLR - P,dtr0709.pdf,dtr2210.pdf,2025-10-21,2025-10-22,APJ SETHU
2026-09-06,2026-09-07,Paradip,FOR CB-1 & CB-2,READY,MV. SINGAPORE BULKER,189.99,32.26,13.3,2026-09-07,06:18,TH.COAL,55000,2,,,32.26 13.30 07.09  0618OPGL  55000 SEA SHIPSMV. SINGAPORE BULKER 189.99 2 TH.COAL SSSR -,dtr0709.pdf,dtr2210.pdf,2025-10-21,2025-10-22,SINGAPORE BULKER
2026-09-06,2026-09-07,Paradip,FOR CB-1 & CB-2,READY,MV. APJ ANGAD 2,224.94,32.26,14.5,2026-09-07,10:18,TH.COAL,75000,3,,,32.26 14.50 07.09  1018NTECL/CLPLL  75000 BOTHRAMV. APJ ANGAD 2 224.94 3 TH.COAL JMBR -,dtr0709.pdf,dtr2210.pdf,2025-10-21,2025-10-22,APJ ANGAD 2
2026-09-06,2026-09-07,Paradip,FOR OJ,NOT READY,MT. SHIVALIK NR,225.28,36.6,11.6,2026-09-04,17:12,BUTANE/PROP,13000,1,,(B),36.60 11.60 04.09  1712IOCLD  13000 SAMSARAMT. SHIVALIK NR 225.28 1 BUTANE/PROP SAMSARA - (B),dtr0709.pdf,dtr2210.pdf,2025-10-21,2025-10-22,SHIVALIK
2026-09-06,2026-09-07,Paradip,FOR OJ,NOT READY,MT. TORM DOVER NR,183.12,32.2,0.0,2026-09-05,14:12,NAPTHA,35000,2,,(B),32.20 0.00 05.09  1412IOCLL  35000 ISIPLMT. TORM DOVER NR 183.12 2 NAPTHA ISIPL - (B),dtr0709.pdf,dtr2210.pdf,2025-10-21,2025-10-22,TORM DOVER
2026-09-06,2026-09-07,Paradip,FOR OJ,NOT READY,MT. GAS ALKHALEEJ NR,225.28,36.62,11.8,2026-09-07,09:54,BUTANE/PROP,28000,3,,(B),36.62 11.80 07.09  0954IOCLD  28000 AGSMT. GAS ALKHALEEJ NR 225.28 3 BUTANE/PROP AGS - (B),dtr0709.pdf,dtr2210.pdf,2025-10-21,2025-10-22,GAS ALKHALEEJ
2026-09-06,2026-09-07,Paradip,FOR SPM,READY,MT. OLYMPIC FLAG,273.97,47.0,15.0,2026-09-06,09:54,CRUDE OIL,124610,1,,,47.00 15.00 06.09  0954IOCL PLDD  124610 AGSMT. OLYMPIC FLAG 273.97 1 CRUDE OIL AGSR -,dtr0709.pdf,dtr2210.pdf,2025-10-21,2025-10-22,OLYMPIC FLAG
2026-09-06,2026-09-07,Paradip,FOR SPM,NOT READY,MT. AYAT NR,179.99,32.2,11.4,2026-08-26,19:30,CRUDE OIL,37861,1,,(B),32.20 11.40 26.08  1930IOCL PLDD  37861 AGSMT. AYAT NR 179.99 1 CRUDE OIL AGS - (B),dtr0709.pdf,dtr2210.pdf,2025-10-21,2025-10-22,AYAT
2026-09-06,2026-09-07,Paradip,FOR PICT,NOT READY,MV. TAN BINH 259 ICT/NR,175.53,29.4,9.5,2026-07-22,16:25,S.COIL,25391,1,,(B),29.40 9.50 22.07  1625JSLD  25391 SSSMV. TAN BINH 259 ICT/NR 175.53 1 S.COIL NK - (B),dtr0709.pdf,dtr2210.pdf,2025-10-21,2025-10-22,TAN BINH 259
2026-09-06,2026-09-07,Paradip,FOR PICT,NOT READY,MV. NEON TRADER ICT/NR,179.9,30.0,9.24,2026-09-01,17:36,S.COIL,15000,2,,(B),30.00 9.24 01.09  1736SAILL  15000 GACMV. NEON TRADER ICT/NR 179.90 2 S.COIL GAC - (B),dtr0709.pdf,dtr2210.pdf,2025-10-21,2025-10-22,NEON TRADER
2026-09-06,2026-09-07,Paradip,FOR PICT,NOT READY,MV. YPERION ICT/NR,229.0,32.26,7.25,2026-09-01,20:36,PIG IRON,66000,3,,(B),32.26 7.25 01.09  2036OMPLL  66000 J M BAXIMSPLMV. YPERION ICT/NR 229.00 3 PIG IRON J M BAXIMSPL - (B),dtr0709.pdf,dtr2210.pdf,2025-10-21,2025-10-22,YPERION
2026-09-06,2026-09-07,Paradip,FOR PICT,NOT READY,MV. DIONYSUS ICT/NR,199.9,32.26,12.35,2026-09-06,19:06,UREA,52500,4,,(B),32.26 12.35 06.09  1906BRAHMAPUTRAD  52500 SSSMV. DIONYSUS ICT/NR 199.90 4 UREA SSS - (B),dtr0709.pdf,dtr2210.pdf,2025-10-21,2025-10-22,DIONYSUS
2026-09-06,2026-09-07,Paradip,Others,NOT READY,MV. PELAGIA NR,228.99,32.26,12.86,2026-08-27,23:00,,36000,1,,(B),32.26 12.86 27.08  2300NKD  36000 ALAPMV. PELAGIA NR 228.99 1 A. SULPHATE ALAP - (B),dtr0709.pdf,dtr2210.pdf,2025-10-21,2025-10-22,PELAGIA
2026-09-06,2026-09-07,Paradip,FOR CB-1 & CB-2,READY,MV. APJ SETHU,224.86,32.26,0.0,2026-09-05,06:48,TH.COAL,75000,1,,,32.26 0.00 05.09  0648TNPGCLL  75000 SEAPORTMV. APJ SETHU 224.86 1 TH.COAL J M BAXIMSPLR - P,dtr0709.pdf,dtr2306.pdf,2026-06-22,2026-06-23,APJ SETHU
2026-09-06,2026-09-07,Paradip,FOR CB-1 & CB-2,READY,MV. SINGAPORE BULKER,189.99,32.26,13.3,2026-09-07,06:18,TH.COAL,55000,2,,,32.26 13.30 07.09  0618OPGL  55000 SEA SHIPSMV. SINGAPORE BULKER 189.99 2 TH.COAL SSSR -,dtr0709.pdf,dtr2306.pdf,2026-06-22,2026-06-23,SINGAPORE BULKER
2026-09-06,2026-09-07,Paradip,FOR CB-1 & CB-2,READY,MV. APJ ANGAD 2,224.94,32.26,14.5,2026-09-07,10:18,TH.COAL,75000,3,,,32.26 14.50 07.09  1018NTECL/CLPLL  75000 BOTHRAMV. APJ ANGAD 2 224.94 3 TH.COAL JMBR -,dtr0709.pdf,dtr2306.pdf,2026-06-22,2026-06-23,APJ ANGAD 2
2026-09-06,2026-09-07,Paradip,FOR OJ,NOT READY,MT. SHIVALIK NR,225.28,36.6,11.6,2026-09-04,17:12,BUTANE/PROP,13000,1,,(B),36.60 11.60 04.09  1712IOCLD  13000 SAMSARAMT. SHIVALIK NR 225.28 1 BUTANE/PROP SAMSARA - (B),dtr0709.pdf,dtr2306.pdf,2026-06-22,2026-06-23,SHIVALIK
2026-09-06,2026-09-07,Paradip,FOR OJ,NOT READY,MT. TORM DOVER NR,183.12,32.2,0.0,2026-09-05,14:12,NAPTHA,35000,2,,(B),32.20 0.00 05.09  1412IOCLL  35000 ISIPLMT. TORM DOVER NR 183.12 2 NAPTHA ISIPL - (B),dtr0709.pdf,dtr2306.pdf,2026-06-22,2026-06-23,TORM DOVER
2026-09-06,2026-09-07,Paradip,FOR OJ,NOT READY,MT. GAS ALKHALEEJ NR,225.28,36.62,11.8,2026-09-07,09:54,BUTANE/PROP,28000,3,,(B),36.62 11.80 07.09  0954IOCLD  28000 AGSMT. GAS ALKHALEEJ NR 225.28 3 BUTANE/PROP AGS - (B),dtr0709.pdf,dtr2306.pdf,2026-06-22,2026-06-23,GAS ALKHALEEJ
2026-09-06,2026-09-07,Paradip,FOR SPM,READY,MT. OLYMPIC FLAG,273.97,47.0,15.0,2026-09-06,09:54,CRUDE OIL,124610,1,,,47.00 15.00 06.09  0954IOCL PLDD  124610 AGSMT. OLYMPIC FLAG 273.97 1 CRUDE OIL AGSR -,dtr0709.pdf,dtr2306.pdf,2026-06-22,2026-06-23,OLYMPIC FLAG
2026-09-06,2026-09-07,Paradip,FOR SPM,NOT READY,MT. AYAT NR,179.99,32.2,11.4,2026-08-26,19:30,CRUDE OIL,37861,1,,(B),32.20 11.40 26.08  1930IOCL PLDD  37861 AGSMT. AYAT NR 179.99 1 CRUDE OIL AGS - (B),dtr0709.pdf,dtr2306.pdf,2026-06-22,2026-06-23,AYAT
2026-09-06,2026-09-07,Paradip,FOR PICT,NOT READY,MV. TAN BINH 259 ICT/NR,175.53,29.4,9.5,2026-07-22,16:25,S.COIL,25391,1,,(B),29.40 9.50 22.07  1625JSLD  25391 SSSMV. TAN BINH 259 ICT/NR 175.53 1 S.COIL NK - (B),dtr0709.pdf,dtr2306.pdf,2026-06-22,2026-06-23,TAN BINH 259
2026-09-06,2026-09-07,Paradip,FOR PICT,NOT READY,MV. NEON TRADER ICT/NR,179.9,30.0,9.24,2026-09-01,17:36,S.COIL,15000,2,,(B),30.00 9.24 01.09  1736SAILL  15000 GACMV. NEON TRADER ICT/NR 179.90 2 S.COIL GAC - (B),dtr0709.pdf,dtr2306.pdf,2026-06-22,2026-06-23,NEON TRADER
2026-09-06,2026-09-07,Paradip,FOR PICT,NOT READY,MV. YPERION ICT/NR,229.0,32.26,7.25,2026-09-01,20:36,PIG IRON,66000,3,,(B),32.26 7.25 01.09  2036OMPLL  66000 J M BAXIMSPLMV. YPERION ICT/NR 229.00 3 PIG IRON J M BAXIMSPL - (B),dtr0709.pdf,dtr2306.pdf,2026-06-22,2026-06-23,YPERION
2026-09-06,2026-09-07,Paradip,FOR PICT,NOT READY,MV. DIONYSUS ICT/NR,199.9,32.26,12.35,2026-09-06,19:06,UREA,52500,4,,(B),32.26 12.35 06.09  1906BRAHMAPUTRAD  52500 SSSMV. DIONYSUS ICT/NR 199.90 4 UREA SSS - (B),dtr0709.pdf,dtr2306.pdf,2026-06-22,2026-06-23,DIONYSUS
2026-09-06,2026-09-07,Paradip,Others,NOT READY,MV. PELAGIA NR,228.99,32.26,12.86,2026-08-27,23:00,,36000,1,,(B),32.26 12.86 27.08  2300NKD  36000 ALAPMV. PELAGIA NR 228.99 1 A. SULPHATE ALAP - (B),dtr0709.pdf,dtr2306.pdf,2026-06-22,2026-06-23,PELAGIA
2026-09-06,2026-09-07,Paradip,FOR CB-1 & CB-2,READY,MV. APJ SETHU,224.86,32.26,0.0,2026-09-05,06:48,TH.COAL,75000,1,,,32.26 0.00 05.09  0648TNPGCLL  75000 SEAPORTMV. APJ SETHU 224.86 1 TH.COAL J M BAXIMSPLR - P,dtr0709.pdf,dtr2307.pdf,2026-07-22,2026-07-23,APJ SETHU
2026-09-06,2026-09-07,Paradip,FOR CB-1 & CB-2,READY,MV. SINGAPORE BULKER,189.99,32.26,13.3,2026-09-07,06:18,TH.COAL,55000,2,,,32.26 13.30 07.09  0618OPGL  55000 SEA SHIPSMV. SINGAPORE BULKER 189.99 2 TH.COAL SSSR -,dtr0709.pdf,dtr2307.pdf,2026-07-22,2026-07-23,SINGAPORE BULKER
2026-09-06,2026-09-07,Paradip,FOR CB-1 & CB-2,READY,MV. APJ ANGAD 2,224.94,32.26,14.5,2026-09-07,10:18,TH.COAL,75000,3,,,32.26 14.50 07.09  1018NTECL/CLPLL  75000 BOTHRAMV. APJ ANGAD 2 224.94 3 TH.COAL JMBR -,dtr0709.pdf,dtr2307.pdf,2026-07-22,2026-07-23,APJ ANGAD 2
2026-09-06,2026-09-07,Paradip,FOR OJ,NOT READY,MT. SHIVALIK NR,225.28,36.6,11.6,2026-09-04,17:12,BUTANE/PROP,13000,1,,(B),36.60 11.60 04.09  1712IOCLD  13000 SAMSARAMT. SHIVALIK NR 225.28 1 BUTANE/PROP SAMSARA - (B),dtr0709.pdf,dtr2307.pdf,2026-07-22,2026-07-23,SHIVALIK
2026-09-06,2026-09-07,Paradip,FOR OJ,NOT READY,MT. TORM DOVER NR,183.12,32.2,0.0,2026-09-05,14:12,NAPTHA,35000,2,,(B),32.20 0.00 05.09  1412IOCLL  35000 ISIPLMT. TORM DOVER NR 183.12 2 NAPTHA ISIPL - (B),dtr0709.pdf,dtr2307.pdf,2026-07-22,2026-07-23,TORM DOVER
2026-09-06,2026-09-07,Paradip,FOR OJ,NOT READY,MT. GAS ALKHALEEJ NR,225.28,36.62,11.8,2026-09-07,09:54,BUTANE/PROP,28000,3,,(B),36.62 11.80 07.09  0954IOCLD  28000 AGSMT. GAS ALKHALEEJ NR 225.28 3 BUTANE/PROP AGS - (B),dtr0709.pdf,dtr2307.pdf,2026-07-22,2026-07-23,GAS ALKHALEEJ
2026-09-06,2026-09-07,Paradip,FOR SPM,READY,MT. OLYMPIC FLAG,273.97,47.0,15.0,2026-09-06,09:54,CRUDE OIL,124610,1,,,47.00 15.00 06.09  0954IOCL PLDD  124610 AGSMT. OLYMPIC FLAG 273.97 1 CRUDE OIL AGSR -,dtr0709.pdf,dtr2307.pdf,2026-07-22,2026-07-23,OLYMPIC FLAG
2026-09-06,2026-09-07,Paradip,FOR SPM,NOT READY,MT. AYAT NR,179.99,32.2,11.4,2026-08-26,19:30,CRUDE OIL,37861,1,,(B),32.20 11.40 26.08  1930IOCL PLDD  37861 AGSMT. AYAT NR 179.99 1 CRUDE OIL AGS - (B),dtr0709.pdf,dtr2307.pdf,2026-07-22,2026-07-23,AYAT
2026-09-06,2026-09-07,Paradip,FOR PICT,NOT READY,MV. TAN BINH 259 ICT/NR,175.53,29.4,9.5,2026-07-22,16:25,S.COIL,25391,1,,(B),29.40 9.50 22.07  1625JSLD  25391 SSSMV. TAN BINH 259 ICT/NR 175.53 1 S.COIL NK - (B),dtr0709.pdf,dtr2307.pdf,2026-07-22,2026-07-23,TAN BINH 259
2026-09-06,2026-09-07,Paradip,FOR PICT,NOT READY,MV. NEON TRADER ICT/NR,179.9,30.0,9.24,2026-09-01,17:36,S.COIL,15000,2,,(B),30.00 9.24 01.09  1736SAILL  15000 GACMV. NEON TRADER ICT/NR 179.90 2 S.COIL GAC - (B),dtr0709.pdf,dtr2307.pdf,2026-07-22,2026-07-23,NEON TRADER
2026-09-06,2026-09-07,Paradip,FOR PICT,NOT READY,MV. YPERION ICT/NR,229.0,32.26,7.25,2026-09-01,20:36,PIG IRON,66000,3,,(B),32.26 7.25 01.09  2036OMPLL  66000 J M BAXIMSPLMV. YPERION ICT/NR 229.00 3 PIG IRON J M BAXIMSPL - (B),dtr0709.pdf,dtr2307.pdf,2026-07-22,2026-07-23,YPERION
2026-09-06,2026-09-07,Paradip,FOR PICT,NOT READY,MV. DIONYSUS ICT/NR,199.9,32.26,12.35,2026-09-06,19:06,UREA,52500,4,,(B),32.26 12.35 06.09  1906BRAHMAPUTRAD  52500 SSSMV. DIONYSUS ICT/NR 199.90 4 UREA SSS - (B),dtr0709.pdf,dtr2307.pdf,2026-07-22,2026-07-23,DIONYSUS
2026-09-06,2026-09-07,Paradip,Others,NOT READY,MV. PELAGIA NR,228.99,32.26,12.86,2026-08-27,23:00,,36000,1,,(B),32.26 12.86 27.08  2300NKD  36000 ALAPMV. PELAGIA NR 228.99 1 A. SULPHATE ALAP - (B),dtr0709.pdf,dtr2307.pdf,2026-07-22,2026-07-23,PELAGIA
2026-09-06,2026-09-07,Paradip,FOR CB-1 & CB-2,READY,MV. APJ SETHU,224.86,32.26,0.0,2026-09-05,06:48,TH.COAL,75000,1,,,32.26 0.00 05.09  0648TNPGCLL  75000 SEAPORTMV. APJ SETHU 224.86 1 TH.COAL J M BAXIMSPLR - P,dtr0709.pdf,dtr2308.pdf,2026-08-22,2026-08-23,APJ SETHU
2026-09-06,2026-09-07,Paradip,FOR CB-1 & CB-2,READY,MV. SINGAPORE BULKER,189.99,32.26,13.3,2026-09-07,06:18,TH.COAL,55000,2,,,32.26 13.30 07.09  0618OPGL  55000 SEA SHIPSMV. SINGAPORE BULKER 189.99 2 TH.COAL SSSR -,dtr0709.pdf,dtr2308.pdf,2026-08-22,2026-08-23,SINGAPORE BULKER
2026-09-06,2026-09-07,Paradip,FOR CB-1 & CB-2,READY,MV. APJ ANGAD 2,224.94,32.26,14.5,2026-09-07,10:18,TH.COAL,75000,3,,,32.26 14.50 07.09  1018NTECL/CLPLL  75000 BOTHRAMV. APJ ANGAD 2 224.94 3 TH.COAL JMBR -,dtr0709.pdf,dtr2308.pdf,2026-08-22,2026-08-23,APJ ANGAD 2
2026-09-06,2026-09-07,Paradip,FOR OJ,NOT READY,MT. SHIVALIK NR,225.28,36.6,11.6,2026-09-04,17:12,BUTANE/PROP,13000,1,,(B),36.60 11.60 04.09  1712IOCLD  13000 SAMSARAMT. SHIVALIK NR 225.28 1 BUTANE/PROP SAMSARA - (B),dtr0709.pdf,dtr2308.pdf,2026-08-22,2026-08-23,SHIVALIK
2026-09-06,2026-09-07,Paradip,FOR OJ,NOT READY,MT. TORM DOVER NR,183.12,32.2,0.0,2026-09-05,14:12,NAPTHA,35000,2,,(B),32.20 0.00 05.09  1412IOCLL  35000 ISIPLMT. TORM DOVER NR 183.12 2 NAPTHA ISIPL - (B),dtr0709.pdf,dtr2308.pdf,2026-08-22,2026-08-23,TORM DOVER
2026-09-06,2026-09-07,Paradip,FOR OJ,NOT READY,MT. GAS ALKHALEEJ NR,225.28,36.62,11.8,2026-09-07,09:54,BUTANE/PROP,28000,3,,(B),36.62 11.80 07.09  0954IOCLD  28000 AGSMT. GAS ALKHALEEJ NR 225.28 3 BUTANE/PROP AGS - (B),dtr0709.pdf,dtr2308.pdf,2026-08-22,2026-08-23,GAS ALKHALEEJ
2026-09-06,2026-09-07,Paradip,FOR SPM,READY,MT. OLYMPIC FLAG,273.97,47.0,15.0,2026-09-06,09:54,CRUDE OIL,124610,1,,,47.00 15.00 06.09  0954IOCL PLDD  124610 AGSMT. OLYMPIC FLAG 273.97 1 CRUDE OIL AGSR -,dtr0709.pdf,dtr2308.pdf,2026-08-22,2026-08-23,OLYMPIC FLAG
2026-09-06,2026-09-07,Paradip,FOR SPM,NOT READY,MT. AYAT NR,179.99,32.2,11.4,2026-08-26,19:30,CRUDE OIL,37861,1,,(B),32.20 11.40 26.08  1930IOCL PLDD  37861 AGSMT. AYAT NR 179.99 1 CRUDE OIL AGS - (B),dtr0709.pdf,dtr2308.pdf,2026-08-22,2026-08-23,AYAT
2026-09-06,2026-09-07,Paradip,FOR PICT,NOT READY,MV. TAN BINH 259 ICT/NR,175.53,29.4,9.5,2026-07-22,16:25,S.COIL,25391,1,,(B),29.40 9.50 22.07  1625JSLD  25391 SSSMV. TAN BINH 259 ICT/NR 175.53 1 S.COIL NK - (B),dtr0709.pdf,dtr2308.pdf,2026-08-22,2026-08-23,TAN BINH 259
2026-09-06,2026-09-07,Paradip,FOR PICT,NOT READY,MV. NEON TRADER ICT/NR,179.9,30.0,9.24,2026-09-01,17:36,S.COIL,15000,2,,(B),30.00 9.24 01.09  1736SAILL  15000 GACMV. NEON TRADER ICT/NR 179.90 2 S.COIL GAC - (B),dtr0709.pdf,dtr2308.pdf,2026-08-22,2026-08-23,NEON TRADER
2026-09-06,2026-09-07,Paradip,FOR PICT,NOT READY,MV. YPERION ICT/NR,229.0,32.26,7.25,2026-09-01,20:36,PIG IRON,66000,3,,(B),32.26 7.25 01.09  2036OMPLL  66000 J M BAXIMSPLMV. YPERION ICT/NR 229.00 3 PIG IRON J M BAXIMSPL - (B),dtr0709.pdf,dtr2308.pdf,2026-08-22,2026-08-23,YPERION
2026-09-06,2026-09-07,Paradip,FOR PICT,NOT READY,MV. DIONYSUS ICT/NR,199.9,32.26,12.35,2026-09-06,19:06,UREA,52500,4,,(B),32.26 12.35 06.09  1906BRAHMAPUTRAD  52500 SSSMV. DIONYSUS ICT/NR 199.90 4 UREA SSS - (B),dtr0709.pdf,dtr2308.pdf,2026-08-22,2026-08-23,DIONYSUS
2026-09-06,2026-09-07,Paradip,Others,NOT READY,MV. PELAGIA NR,228.99,32.26,12.86,2026-08-27,23:00,,36000,1,,(B),32.26 12.86 27.08  2300NKD  36000 ALAPMV. PELAGIA NR 228.99 1 A. SULPHATE ALAP - (B),dtr0709.pdf,dtr2308.pdf,2026-08-22,2026-08-23,PELAGIA
2026-09-06,2026-09-07,Paradip,FOR CB-1 & CB-2,READY,MV. APJ SETHU,224.86,32.26,0.0,2026-09-05,06:48,TH.COAL,75000,1,,,32.26 0.00 05.09  0648TNPGCLL  75000 SEAPORTMV. APJ SETHU 224.86 1 TH.COAL J M BAXIMSPLR - P,dtr0709.pdf,dtr2310.pdf,2025-10-22,2025-10-23,APJ SETHU
2026-09-06,2026-09-07,Paradip,FOR CB-1 & CB-2,READY,MV. SINGAPORE BULKER,189.99,32.26,13.3,2026-09-07,06:18,TH.COAL,55000,2,,,32.26 13.30 07.09  0618OPGL  55000 SEA SHIPSMV. SINGAPORE BULKER 189.99 2 TH.COAL SSSR -,dtr0709.pdf,dtr2310.pdf,2025-10-22,2025-10-23,SINGAPORE BULKER
2026-09-06,2026-09-07,Paradip,FOR CB-1 & CB-2,READY,MV. APJ ANGAD 2,224.94,32.26,14.5,2026-09-07,10:18,TH.COAL,75000,3,,,32.26 14.50 07.09  1018NTECL/CLPLL  75000 BOTHRAMV. APJ ANGAD 2 224.94 3 TH.COAL JMBR -,dtr0709.pdf,dtr2310.pdf,2025-10-22,2025-10-23,APJ ANGAD 2
2026-09-06,2026-09-07,Paradip,FOR OJ,NOT READY,MT. SHIVALIK NR,225.28,36.6,11.6,2026-09-04,17:12,BUTANE/PROP,13000,1,,(B),36.60 11.60 04.09  1712IOCLD  13000 SAMSARAMT. SHIVALIK NR 225.28 1 BUTANE/PROP SAMSARA - (B),dtr0709.pdf,dtr2310.pdf,2025-10-22,2025-10-23,SHIVALIK
2026-09-06,2026-09-07,Paradip,FOR OJ,NOT READY,MT. TORM DOVER NR,183.12,32.2,0.0,2026-09-05,14:12,NAPTHA,35000,2,,(B),32.20 0.00 05.09  1412IOCLL  35000 ISIPLMT. TORM DOVER NR 183.12 2 NAPTHA ISIPL - (B),dtr0709.pdf,dtr2310.pdf,2025-10-22,2025-10-23,TORM DOVER
2026-09-06,2026-09-07,Paradip,FOR OJ,NOT READY,MT. GAS ALKHALEEJ NR,225.28,36.62,11.8,2026-09-07,09:54,BUTANE/PROP,28000,3,,(B),36.62 11.80 07.09  0954IOCLD  28000 AGSMT. GAS ALKHALEEJ NR 225.28 3 BUTANE/PROP AGS - (B),dtr0709.pdf,dtr2310.pdf,2025-10-22,2025-10-23,GAS ALKHALEEJ
2026-09-06,2026-09-07,Paradip,FOR SPM,READY,MT. OLYMPIC FLAG,273.97,47.0,15.0,2026-09-06,09:54,CRUDE OIL,124610,1,,,47.00 15.00 06.09  0954IOCL PLDD  124610 AGSMT. OLYMPIC FLAG 273.97 1 CRUDE OIL AGSR -,dtr0709.pdf,dtr2310.pdf,2025-10-22,2025-10-23,OLYMPIC FLAG
2026-09-06,2026-09-07,Paradip,FOR SPM,NOT READY,MT. AYAT NR,179.99,32.2,11.4,2026-08-26,19:30,CRUDE OIL,37861,1,,(B),32.20 11.40 26.08  1930IOCL PLDD  37861 AGSMT. AYAT NR 179.99 1 CRUDE OIL AGS - (B),dtr0709.pdf,dtr2310.pdf,2025-10-22,2025-10-23,AYAT
2026-09-06,2026-09-07,Paradip,FOR PICT,NOT READY,MV. TAN BINH 259 ICT/NR,175.53,29.4,9.5,2026-07-22,16:25,S.COIL,25391,1,,(B),29.40 9.50 22.07  1625JSLD  25391 SSSMV. TAN BINH 259 ICT/NR 175.53 1 S.COIL NK - (B),dtr0709.pdf,dtr2310.pdf,2025-10-22,2025-10-23,TAN BINH 259
2026-09-06,2026-09-07,Paradip,FOR PICT,NOT READY,MV. NEON TRADER ICT/NR,179.9,30.0,9.24,2026-09-01,17:36,S.COIL,15000,2,,(B),30.00 9.24 01.09  1736SAILL  15000 GACMV. NEON TRADER ICT/NR 179.90 2 S.COIL GAC - (B),dtr0709.pdf,dtr2310.pdf,2025-10-22,2025-10-23,NEON TRADER
2026-09-06,2026-09-07,Paradip,FOR PICT,NOT READY,MV. YPERION ICT/NR,229.0,32.26,7.25,2026-09-01,20:36,PIG IRON,66000,3,,(B),32.26 7.25 01.09  2036OMPLL  66000 J M BAXIMSPLMV. YPERION ICT/NR 229.00 3 PIG IRON J M BAXIMSPL - (B),dtr0709.pdf,dtr2310.pdf,2025-10-22,2025-10-23,YPERION
2026-09-06,2026-09-07,Paradip,FOR PICT,NOT READY,MV. DIONYSUS ICT/NR,199.9,32.26,12.35,2026-09-06,19:06,UREA,52500,4,,(B),32.26 12.35 06.09  1906BRAHMAPUTRAD  52500 SSSMV. DIONYSUS ICT/NR 199.90 4 UREA SSS - (B),dtr0709.pdf,dtr2310.pdf,2025-10-22,2025-10-23,DIONYSUS
2026-09-06,2026-09-07,Paradip,Others,NOT READY,MV. PELAGIA NR,228.99,32.26,12.86,2026-08-27,23:00,,36000,1,,(B),32.26 12.86 27.08  2300NKD  36000 ALAPMV. PELAGIA NR 228.99 1 A. SULPHATE ALAP - (B),dtr0709.pdf,dtr2310.pdf,2025-10-22,2025-10-23,PELAGIA
2026-09-06,2026-09-07,Paradip,FOR CB-1 & CB-2,READY,MV. APJ SETHU,224.86,32.26,0.0,2026-09-05,06:48,TH.COAL,75000,1,,,32.26 0.00 05.09  0648TNPGCLL  75000 SEAPORTMV. APJ SETHU 224.86 1 TH.COAL J M BAXIMSPLR - P,dtr0709.pdf,dtr2406.pdf,2026-06-23,2026-06-24,APJ SETHU
2026-09-06,2026-09-07,Paradip,FOR CB-1 & CB-2,READY,MV. SINGAPORE BULKER,189.99,32.26,13.3,2026-09-07,06:18,TH.COAL,55000,2,,,32.26 13.30 07.09  0618OPGL  55000 SEA SHIPSMV. SINGAPORE BULKER 189.99 2 TH.COAL SSSR -,dtr0709.pdf,dtr2406.pdf,2026-06-23,2026-06-24,SINGAPORE BULKER
2026-09-06,2026-09-07,Paradip,FOR CB-1 & CB-2,READY,MV. APJ ANGAD 2,224.94,32.26,14.5,2026-09-07,10:18,TH.COAL,75000,3,,,32.26 14.50 07.09  1018NTECL/CLPLL  75000 BOTHRAMV. APJ ANGAD 2 224.94 3 TH.COAL JMBR -,dtr0709.pdf,dtr2406.pdf,2026-06-23,2026-06-24,APJ ANGAD 2
2026-09-06,2026-09-07,Paradip,FOR OJ,NOT READY,MT. SHIVALIK NR,225.28,36.6,11.6,2026-09-04,17:12,BUTANE/PROP,13000,1,,(B),36.60 11.60 04.09  1712IOCLD  13000 SAMSARAMT. SHIVALIK NR 225.28 1 BUTANE/PROP SAMSARA - (B),dtr0709.pdf,dtr2406.pdf,2026-06-23,2026-06-24,SHIVALIK
2026-09-06,2026-09-07,Paradip,FOR OJ,NOT READY,MT. TORM DOVER NR,183.12,32.2,0.0,2026-09-05,14:12,NAPTHA,35000,2,,(B),32.20 0.00 05.09  1412IOCLL  35000 ISIPLMT. TORM DOVER NR 183.12 2 NAPTHA ISIPL - (B),dtr0709.pdf,dtr2406.pdf,2026-06-23,2026-06-24,TORM DOVER
2026-09-06,2026-09-07,Paradip,FOR OJ,NOT READY,MT. GAS ALKHALEEJ NR,225.28,36.62,11.8,2026-09-07,09:54,BUTANE/PROP,28000,3,,(B),36.62 11.80 07.09  0954IOCLD  28000 AGSMT. GAS ALKHALEEJ NR 225.28 3 BUTANE/PROP AGS - (B),dtr0709.pdf,dtr2406.pdf,2026-06-23,2026-06-24,GAS ALKHALEEJ
2026-09-06,2026-09-07,Paradip,FOR SPM,READY,MT. OLYMPIC FLAG,273.97,47.0,15.0,2026-09-06,09:54,CRUDE OIL,124610,1,,,47.00 15.00 06.09  0954IOCL PLDD  124610 AGSMT. OLYMPIC FLAG 273.97 1 CRUDE OIL AGSR -,dtr0709.pdf,dtr2406.pdf,2026-06-23,2026-06-24,OLYMPIC FLAG
2026-09-06,2026-09-07,Paradip,FOR SPM,NOT READY,MT. AYAT NR,179.99,32.2,11.4,2026-08-26,19:30,CRUDE OIL,37861,1,,(B),32.20 11.40 26.08  1930IOCL PLDD  37861 AGSMT. AYAT NR 179.99 1 CRUDE OIL AGS - (B),dtr0709.pdf,dtr2406.pdf,2026-06-23,2026-06-24,AYAT
2026-09-06,2026-09-07,Paradip,FOR PICT,NOT READY,MV. TAN BINH 259 ICT/NR,175.53,29.4,9.5,2026-07-22,16:25,S.COIL,25391,1,,(B),29.40 9.50 22.07  1625JSLD  25391 SSSMV. TAN BINH 259 ICT/NR 175.53 1 S.COIL NK - (B),dtr0709.pdf,dtr2406.pdf,2026-06-23,2026-06-24,TAN BINH 259
2026-09-06,2026-09-07,Paradip,FOR PICT,NOT READY,MV. NEON TRADER ICT/NR,179.9,30.0,9.24,2026-09-01,17:36,S.COIL,15000,2,,(B),30.00 9.24 01.09  1736SAILL  15000 GACMV. NEON TRADER ICT/NR 179.90 2 S.COIL GAC - (B),dtr0709.pdf,dtr2406.pdf,2026-06-23,2026-06-24,NEON TRADER
2026-09-06,2026-09-07,Paradip,FOR PICT,NOT READY,MV. YPERION ICT/NR,229.0,32.26,7.25,2026-09-01,20:36,PIG IRON,66000,3,,(B),32.26 7.25 01.09  2036OMPLL  66000 J M BAXIMSPLMV. YPERION ICT/NR 229.00 3 PIG IRON J M BAXIMSPL - (B),dtr0709.pdf,dtr2406.pdf,2026-06-23,2026-06-24,YPERION
2026-09-06,2026-09-07,Paradip,FOR PICT,NOT READY,MV. DIONYSUS ICT/NR,199.9,32.26,12.35,2026-09-06,19:06,UREA,52500,4,,(B),32.26 12.35 06.09  1906BRAHMAPUTRAD  52500 SSSMV. DIONYSUS ICT/NR 199.90 4 UREA SSS - (B),dtr0709.pdf,dtr2406.pdf,2026-06-23,2026-06-24,DIONYSUS
2026-09-06,2026-09-07,Paradip,Others,NOT READY,MV. PELAGIA NR,228.99,32.26,12.86,2026-08-27,23:00,,36000,1,,(B),32.26 12.86 27.08  2300NKD  36000 ALAPMV. PELAGIA NR 228.99 1 A. SULPHATE ALAP - (B),dtr0709.pdf,dtr2406.pdf,2026-06-23,2026-06-24,PELAGIA
2026-09-06,2026-09-07,Paradip,FOR CB-1 & CB-2,READY,MV. APJ SETHU,224.86,32.26,0.0,2026-09-05,06:48,TH.COAL,75000,1,,,32.26 0.00 05.09  0648TNPGCLL  75000 SEAPORTMV. APJ SETHU 224.86 1 TH.COAL J M BAXIMSPLR - P,dtr0709.pdf,dtr2407.pdf,2026-07-23,2026-07-24,APJ SETHU
2026-09-06,2026-09-07,Paradip,FOR CB-1 & CB-2,READY,MV. SINGAPORE BULKER,189.99,32.26,13.3,2026-09-07,06:18,TH.COAL,55000,2,,,32.26 13.30 07.09  0618OPGL  55000 SEA SHIPSMV. SINGAPORE BULKER 189.99 2 TH.COAL SSSR -,dtr0709.pdf,dtr2407.pdf,2026-07-23,2026-07-24,SINGAPORE BULKER
2026-09-06,2026-09-07,Paradip,FOR CB-1 & CB-2,READY,MV. APJ ANGAD 2,224.94,32.26,14.5,2026-09-07,10:18,TH.COAL,75000,3,,,32.26 14.50 07.09  1018NTECL/CLPLL  75000 BOTHRAMV. APJ ANGAD 2 224.94 3 TH.COAL JMBR -,dtr0709.pdf,dtr2407.pdf,2026-07-23,2026-07-24,APJ ANGAD 2
2026-09-06,2026-09-07,Paradip,FOR OJ,NOT READY,MT. SHIVALIK NR,225.28,36.6,11.6,2026-09-04,17:12,BUTANE/PROP,13000,1,,(B),36.60 11.60 04.09  1712IOCLD  13000 SAMSARAMT. SHIVALIK NR 225.28 1 BUTANE/PROP SAMSARA - (B),dtr0709.pdf,dtr2407.pdf,2026-07-23,2026-07-24,SHIVALIK
2026-09-06,2026-09-07,Paradip,FOR OJ,NOT READY,MT. TORM DOVER NR,183.12,32.2,0.0,2026-09-05,14:12,NAPTHA,35000,2,,(B),32.20 0.00 05.09  1412IOCLL  35000 ISIPLMT. TORM DOVER NR 183.12 2 NAPTHA ISIPL - (B),dtr0709.pdf,dtr2407.pdf,2026-07-23,2026-07-24,TORM DOVER
2026-09-06,2026-09-07,Paradip,FOR OJ,NOT READY,MT. GAS ALKHALEEJ NR,225.28,36.62,11.8,2026-09-07,09:54,BUTANE/PROP,28000,3,,(B),36.62 11.80 07.09  0954IOCLD  28000 AGSMT. GAS ALKHALEEJ NR 225.28 3 BUTANE/PROP AGS - (B),dtr0709.pdf,dtr2407.pdf,2026-07-23,2026-07-24,GAS ALKHALEEJ
2026-09-06,2026-09-07,Paradip,FOR SPM,READY,MT. OLYMPIC FLAG,273.97,47.0,15.0,2026-09-06,09:54,CRUDE OIL,124610,1,,,47.00 15.00 06.09  0954IOCL PLDD  124610 AGSMT. OLYMPIC FLAG 273.97 1 CRUDE OIL AGSR -,dtr0709.pdf,dtr2407.pdf,2026-07-23,2026-07-24,OLYMPIC FLAG
2026-09-06,2026-09-07,Paradip,FOR SPM,NOT READY,MT. AYAT NR,179.99,32.2,11.4,2026-08-26,19:30,CRUDE OIL,37861,1,,(B),32.20 11.40 26.08  1930IOCL PLDD  37861 AGSMT. AYAT NR 179.99 1 CRUDE OIL AGS - (B),dtr0709.pdf,dtr2407.pdf,2026-07-23,2026-07-24,AYAT
2026-09-06,2026-09-07,Paradip,FOR PICT,NOT READY,MV. TAN BINH 259 ICT/NR,175.53,29.4,9.5,2026-07-22,16:25,S.COIL,25391,1,,(B),29.40 9.50 22.07  1625JSLD  25391 SSSMV. TAN BINH 259 ICT/NR 175.53 1 S.COIL NK - (B),dtr0709.pdf,dtr2407.pdf,2026-07-23,2026-07-24,TAN BINH 259
2026-09-06,2026-09-07,Paradip,FOR PICT,NOT READY,MV. NEON TRADER ICT/NR,179.9,30.0,9.24,2026-09-01,17:36,S.COIL,15000,2,,(B),30.00 9.24 01.09  1736SAILL  15000 GACMV. NEON TRADER ICT/NR 179.90 2 S.COIL GAC - (B),dtr0709.pdf,dtr2407.pdf,2026-07-23,2026-07-24,NEON TRADER
2026-09-06,2026-09-07,Paradip,FOR PICT,NOT READY,MV. YPERION ICT/NR,229.0,32.26,7.25,2026-09-01,20:36,PIG IRON,66000,3,,(B),32.26 7.25 01.09  2036OMPLL  66000 J M BAXIMSPLMV. YPERION ICT/NR 229.00 3 PIG IRON J M BAXIMSPL - (B),dtr0709.pdf,dtr2407.pdf,2026-07-23,2026-07-24,YPERION
2026-09-06,2026-09-07,Paradip,FOR PICT,NOT READY,MV. DIONYSUS ICT/NR,199.9,32.26,12.35,2026-09-06,19:06,UREA,52500,4,,(B),32.26 12.35 06.09  1906BRAHMAPUTRAD  52500 SSSMV. DIONYSUS ICT/NR 199.90 4 UREA SSS - (B),dtr0709.pdf,dtr2407.pdf,2026-07-23,2026-07-24,DIONYSUS
2026-09-06,2026-09-07,Paradip,Others,NOT READY,MV. PELAGIA NR,228.99,32.26,12.86,2026-08-27,23:00,,36000,1,,(B),32.26 12.86 27.08  2300NKD  36000 ALAPMV. PELAGIA NR 228.99 1 A. SULPHATE ALAP - (B),dtr0709.pdf,dtr2407.pdf,2026-07-23,2026-07-24,PELAGIA
2026-09-06,2026-09-07,Paradip,FOR CB-1 & CB-2,READY,MV. APJ SETHU,224.86,32.26,0.0,2026-09-05,06:48,TH.COAL,75000,1,,,32.26 0.00 05.09  0648TNPGCLL  75000 SEAPORTMV. APJ SETHU 224.86 1 TH.COAL J M BAXIMSPLR - P,dtr0709.pdf,dtr2408.pdf,2026-08-23,2026-08-24,APJ SETHU
2026-09-06,2026-09-07,Paradip,FOR CB-1 & CB-2,READY,MV. SINGAPORE BULKER,189.99,32.26,13.3,2026-09-07,06:18,TH.COAL,55000,2,,,32.26 13.30 07.09  0618OPGL  55000 SEA SHIPSMV. SINGAPORE BULKER 189.99 2 TH.COAL SSSR -,dtr0709.pdf,dtr2408.pdf,2026-08-23,2026-08-24,SINGAPORE BULKER
2026-09-06,2026-09-07,Paradip,FOR CB-1 & CB-2,READY,MV. APJ ANGAD 2,224.94,32.26,14.5,2026-09-07,10:18,TH.COAL,75000,3,,,32.26 14.50 07.09  1018NTECL/CLPLL  75000 BOTHRAMV. APJ ANGAD 2 224.94 3 TH.COAL JMBR -,dtr0709.pdf,dtr2408.pdf,2026-08-23,2026-08-24,APJ ANGAD 2
2026-09-06,2026-09-07,Paradip,FOR OJ,NOT READY,MT. SHIVALIK NR,225.28,36.6,11.6,2026-09-04,17:12,BUTANE/PROP,13000,1,,(B),36.60 11.60 04.09  1712IOCLD  13000 SAMSARAMT. SHIVALIK NR 225.28 1 BUTANE/PROP SAMSARA - (B),dtr0709.pdf,dtr2408.pdf,2026-08-23,2026-08-24,SHIVALIK
2026-09-06,2026-09-07,Paradip,FOR OJ,NOT READY,MT. TORM DOVER NR,183.12,32.2,0.0,2026-09-05,14:12,NAPTHA,35000,2,,(B),32.20 0.00 05.09  1412IOCLL  35000 ISIPLMT. TORM DOVER NR 183.12 2 NAPTHA ISIPL - (B),dtr0709.pdf,dtr2408.pdf,2026-08-23,2026-08-24,TORM DOVER
2026-09-06,2026-09-07,Paradip,FOR OJ,NOT READY,MT. GAS ALKHALEEJ NR,225.28,36.62,11.8,2026-09-07,09:54,BUTANE/PROP,28000,3,,(B),36.62 11.80 07.09  0954IOCLD  28000 AGSMT. GAS ALKHALEEJ NR 225.28 3 BUTANE/PROP AGS - (B),dtr0709.pdf,dtr2408.pdf,2026-08-23,2026-08-24,GAS ALKHALEEJ
2026-09-06,2026-09-07,Paradip,FOR SPM,READY,MT. OLYMPIC FLAG,273.97,47.0,15.0,2026-09-06,09:54,CRUDE OIL,124610,1,,,47.00 15.00 06.09  0954IOCL PLDD  124610 AGSMT. OLYMPIC FLAG 273.97 1 CRUDE OIL AGSR -,dtr0709.pdf,dtr2408.pdf,2026-08-23,2026-08-24,OLYMPIC FLAG
2026-09-06,2026-09-07,Paradip,FOR SPM,NOT READY,MT. AYAT NR,179.99,32.2,11.4,2026-08-26,19:30,CRUDE OIL,37861,1,,(B),32.20 11.40 26.08  1930IOCL PLDD  37861 AGSMT. AYAT NR 179.99 1 CRUDE OIL AGS - (B),dtr0709.pdf,dtr2408.pdf,2026-08-23,2026-08-24,AYAT
2026-09-06,2026-09-07,Paradip,FOR PICT,NOT READY,MV. TAN BINH 259 ICT/NR,175.53,29.4,9.5,2026-07-22,16:25,S.COIL,25391,1,,(B),29.40 9.50 22.07  1625JSLD  25391 SSSMV. TAN BINH 259 ICT/NR 175.53 1 S.COIL NK - (B),dtr0709.pdf,dtr2408.pdf,2026-08-23,2026-08-24,TAN BINH 259
2026-09-06,2026-09-07,Paradip,FOR PICT,NOT READY,MV. NEON TRADER ICT/NR,179.9,30.0,9.24,2026-09-01,17:36,S.COIL,15000,2,,(B),30.00 9.24 01.09  1736SAILL  15000 GACMV. NEON TRADER ICT/NR 179.90 2 S.COIL GAC - (B),dtr0709.pdf,dtr2408.pdf,2026-08-23,2026-08-24,NEON TRADER
2026-09-06,2026-09-07,Paradip,FOR PICT,NOT READY,MV. YPERION ICT/NR,229.0,32.26,7.25,2026-09-01,20:36,PIG IRON,66000,3,,(B),32.26 7.25 01.09  2036OMPLL  66000 J M BAXIMSPLMV. YPERION ICT/NR 229.00 3 PIG IRON J M BAXIMSPL - (B),dtr0709.pdf,dtr2408.pdf,2026-08-23,2026-08-24,YPERION
2026-09-06,2026-09-07,Paradip,FOR PICT,NOT READY,MV. DIONYSUS ICT/NR,199.9,32.26,12.35,2026-09-06,19:06,UREA,52500,4,,(B),32.26 12.35 06.09  1906BRAHMAPUTRAD  52500 SSSMV. DIONYSUS ICT/NR 199.90 4 UREA SSS - (B),dtr0709.pdf,dtr2408.pdf,2026-08-23,2026-08-24,DIONYSUS
2026-09-06,2026-09-07,Paradip,Others,NOT READY,MV. PELAGIA NR,228.99,32.26,12.86,2026-08-27,23:00,,36000,1,,(B),32.26 12.86 27.08  2300NKD  36000 ALAPMV. PELAGIA NR 228.99 1 A. SULPHATE ALAP - (B),dtr0709.pdf,dtr2408.pdf,2026-08-23,2026-08-24,PELAGIA
2026-09-06,2026-09-07,Paradip,FOR CB-1 & CB-2,READY,MV. APJ SETHU,224.86,32.26,0.0,2026-09-05,06:48,TH.COAL,75000,1,,,32.26 0.00 05.09  0648TNPGCLL  75000 SEAPORTMV. APJ SETHU 224.86 1 TH.COAL J M BAXIMSPLR - P,dtr0709.pdf,dtr2410.pdf,2025-10-23,2025-10-24,APJ SETHU
2026-09-06,2026-09-07,Paradip,FOR CB-1 & CB-2,READY,MV. SINGAPORE BULKER,189.99,32.26,13.3,2026-09-07,06:18,TH.COAL,55000,2,,,32.26 13.30 07.09  0618OPGL  55000 SEA SHIPSMV. SINGAPORE BULKER 189.99 2 TH.COAL SSSR -,dtr0709.pdf,dtr2410.pdf,2025-10-23,2025-10-24,SINGAPORE BULKER
2026-09-06,2026-09-07,Paradip,FOR CB-1 & CB-2,READY,MV. APJ ANGAD 2,224.94,32.26,14.5,2026-09-07,10:18,TH.COAL,75000,3,,,32.26 14.50 07.09  1018NTECL/CLPLL  75000 BOTHRAMV. APJ ANGAD 2 224.94 3 TH.COAL JMBR -,dtr0709.pdf,dtr2410.pdf,2025-10-23,2025-10-24,APJ ANGAD 2
2026-09-06,2026-09-07,Paradip,FOR OJ,NOT READY,MT. SHIVALIK NR,225.28,36.6,11.6,2026-09-04,17:12,BUTANE/PROP,13000,1,,(B),36.60 11.60 04.09  1712IOCLD  13000 SAMSARAMT. SHIVALIK NR 225.28 1 BUTANE/PROP SAMSARA - (B),dtr0709.pdf,dtr2410.pdf,2025-10-23,2025-10-24,SHIVALIK
2026-09-06,2026-09-07,Paradip,FOR OJ,NOT READY,MT. TORM DOVER NR,183.12,32.2,0.0,2026-09-05,14:12,NAPTHA,35000,2,,(B),32.20 0.00 05.09  1412IOCLL  35000 ISIPLMT. TORM DOVER NR 183.12 2 NAPTHA ISIPL - (B),dtr0709.pdf,dtr2410.pdf,2025-10-23,2025-10-24,TORM DOVER
2026-09-06,2026-09-07,Paradip,FOR OJ,NOT READY,MT. GAS ALKHALEEJ NR,225.28,36.62,11.8,2026-09-07,09:54,BUTANE/PROP,28000,3,,(B),36.62 11.80 07.09  0954IOCLD  28000 AGSMT. GAS ALKHALEEJ NR 225.28 3 BUTANE/PROP AGS - (B),dtr0709.pdf,dtr2410.pdf,2025-10-23,2025-10-24,GAS ALKHALEEJ
2026-09-06,2026-09-07,Paradip,FOR SPM,READY,MT. OLYMPIC FLAG,273.97,47.0,15.0,2026-09-06,09:54,CRUDE OIL,124610,1,,,47.00 15.00 06.09  0954IOCL PLDD  124610 AGSMT. OLYMPIC FLAG 273.97 1 CRUDE OIL AGSR -,dtr0709.pdf,dtr2410.pdf,2025-10-23,2025-10-24,OLYMPIC FLAG
2026-09-06,2026-09-07,Paradip,FOR SPM,NOT READY,MT. AYAT NR,179.99,32.2,11.4,2026-08-26,19:30,CRUDE OIL,37861,1,,(B),32.20 11.40 26.08  1930IOCL PLDD  37861 AGSMT. AYAT NR 179.99 1 CRUDE OIL AGS - (B),dtr0709.pdf,dtr2410.pdf,2025-10-23,2025-10-24,AYAT
2026-09-06,2026-09-07,Paradip,FOR PICT,NOT READY,MV. TAN BINH 259 ICT/NR,175.53,29.4,9.5,2026-07-22,16:25,S.COIL,25391,1,,(B),29.40 9.50 22.07  1625JSLD  25391 SSSMV. TAN BINH 259 ICT/NR 175.53 1 S.COIL NK - (B),dtr0709.pdf,dtr2410.pdf,2025-10-23,2025-10-24,TAN BINH 259
2026-09-06,2026-09-07,Paradip,FOR PICT,NOT READY,MV. NEON TRADER ICT/NR,179.9,30.0,9.24,2026-09-01,17:36,S.COIL,15000,2,,(B),30.00 9.24 01.09  1736SAILL  15000 GACMV. NEON TRADER ICT/NR 179.90 2 S.COIL GAC - (B),dtr0709.pdf,dtr2410.pdf,2025-10-23,2025-10-24,NEON TRADER
2026-09-06,2026-09-07,Paradip,FOR PICT,NOT READY,MV. YPERION ICT/NR,229.0,32.26,7.25,2026-09-01,20:36,PIG IRON,66000,3,,(B),32.26 7.25 01.09  2036OMPLL  66000 J M BAXIMSPLMV. YPERION ICT/NR 229.00 3 PIG IRON J M BAXIMSPL - (B),dtr0709.pdf,dtr2410.pdf,2025-10-23,2025-10-24,YPERION
2026-09-06,2026-09-07,Paradip,FOR PICT,NOT READY,MV. DIONYSUS ICT/NR,199.9,32.26,12.35,2026-09-06,19:06,UREA,52500,4,,(B),32.26 12.35 06.09  1906BRAHMAPUTRAD  52500 SSSMV. DIONYSUS ICT/NR 199.90 4 UREA SSS - (B),dtr0709.pdf,dtr2410.pdf,2025-10-23,2025-10-24,DIONYSUS
2026-09-06,2026-09-07,Paradip,Others,NOT READY,MV. PELAGIA NR,228.99,32.26,12.86,2026-08-27,23:00,,36000,1,,(B),32.26 12.86 27.08  2300NKD  36000 ALAPMV. PELAGIA NR 228.99 1 A. SULPHATE ALAP - (B),dtr0709.pdf,dtr2410.pdf,2025-10-23,2025-10-24,PELAGIA
2026-09-06,2026-09-07,Paradip,FOR CB-1 & CB-2,READY,MV. APJ SETHU,224.86,32.26,0.0,2026-09-05,06:48,TH.COAL,75000,1,,,32.26 0.00 05.09  0648TNPGCLL  75000 SEAPORTMV. APJ SETHU 224.86 1 TH.COAL J M BAXIMSPLR - P,dtr0709.pdf,dtr2506.pdf,2026-06-24,2026-06-25,APJ SETHU
2026-09-06,2026-09-07,Paradip,FOR CB-1 & CB-2,READY,MV. SINGAPORE BULKER,189.99,32.26,13.3,2026-09-07,06:18,TH.COAL,55000,2,,,32.26 13.30 07.09  0618OPGL  55000 SEA SHIPSMV. SINGAPORE BULKER 189.99 2 TH.COAL SSSR -,dtr0709.pdf,dtr2506.pdf,2026-06-24,2026-06-25,SINGAPORE BULKER
2026-09-06,2026-09-07,Paradip,FOR CB-1 & CB-2,READY,MV. APJ ANGAD 2,224.94,32.26,14.5,2026-09-07,10:18,TH.COAL,75000,3,,,32.26 14.50 07.09  1018NTECL/CLPLL  75000 BOTHRAMV. APJ ANGAD 2 224.94 3 TH.COAL JMBR -,dtr0709.pdf,dtr2506.pdf,2026-06-24,2026-06-25,APJ ANGAD 2
2026-09-06,2026-09-07,Paradip,FOR OJ,NOT READY,MT. SHIVALIK NR,225.28,36.6,11.6,2026-09-04,17:12,BUTANE/PROP,13000,1,,(B),36.60 11.60 04.09  1712IOCLD  13000 SAMSARAMT. SHIVALIK NR 225.28 1 BUTANE/PROP SAMSARA - (B),dtr0709.pdf,dtr2506.pdf,2026-06-24,2026-06-25,SHIVALIK
2026-09-06,2026-09-07,Paradip,FOR OJ,NOT READY,MT. TORM DOVER NR,183.12,32.2,0.0,2026-09-05,14:12,NAPTHA,35000,2,,(B),32.20 0.00 05.09  1412IOCLL  35000 ISIPLMT. TORM DOVER NR 183.12 2 NAPTHA ISIPL - (B),dtr0709.pdf,dtr2506.pdf,2026-06-24,2026-06-25,TORM DOVER
2026-09-06,2026-09-07,Paradip,FOR OJ,NOT READY,MT. GAS ALKHALEEJ NR,225.28,36.62,11.8,2026-09-07,09:54,BUTANE/PROP,28000,3,,(B),36.62 11.80 07.09  0954IOCLD  28000 AGSMT. GAS ALKHALEEJ NR 225.28 3 BUTANE/PROP AGS - (B),dtr0709.pdf,dtr2506.pdf,2026-06-24,2026-06-25,GAS ALKHALEEJ
2026-09-06,2026-09-07,Paradip,FOR SPM,READY,MT. OLYMPIC FLAG,273.97,47.0,15.0,2026-09-06,09:54,CRUDE OIL,124610,1,,,47.00 15.00 06.09  0954IOCL PLDD  124610 AGSMT. OLYMPIC FLAG 273.97 1 CRUDE OIL AGSR -,dtr0709.pdf,dtr2506.pdf,2026-06-24,2026-06-25,OLYMPIC FLAG
2026-09-06,2026-09-07,Paradip,FOR SPM,NOT READY,MT. AYAT NR,179.99,32.2,11.4,2026-08-26,19:30,CRUDE OIL,37861,1,,(B),32.20 11.40 26.08  1930IOCL PLDD  37861 AGSMT. AYAT NR 179.99 1 CRUDE OIL AGS - (B),dtr0709.pdf,dtr2506.pdf,2026-06-24,2026-06-25,AYAT
2026-09-06,2026-09-07,Paradip,FOR PICT,NOT READY,MV. TAN BINH 259 ICT/NR,175.53,29.4,9.5,2026-07-22,16:25,S.COIL,25391,1,,(B),29.40 9.50 22.07  1625JSLD  25391 SSSMV. TAN BINH 259 ICT/NR 175.53 1 S.COIL NK - (B),dtr0709.pdf,dtr2506.pdf,2026-06-24,2026-06-25,TAN BINH 259
2026-09-06,2026-09-07,Paradip,FOR PICT,NOT READY,MV. NEON TRADER ICT/NR,179.9,30.0,9.24,2026-09-01,17:36,S.COIL,15000,2,,(B),30.00 9.24 01.09  1736SAILL  15000 GACMV. NEON TRADER ICT/NR 179.90 2 S.COIL GAC - (B),dtr0709.pdf,dtr2506.pdf,2026-06-24,2026-06-25,NEON TRADER
2026-09-06,2026-09-07,Paradip,FOR PICT,NOT READY,MV. YPERION ICT/NR,229.0,32.26,7.25,2026-09-01,20:36,PIG IRON,66000,3,,(B),32.26 7.25 01.09  2036OMPLL  66000 J M BAXIMSPLMV. YPERION ICT/NR 229.00 3 PIG IRON J M BAXIMSPL - (B),dtr0709.pdf,dtr2506.pdf,2026-06-24,2026-06-25,YPERION
2026-09-06,2026-09-07,Paradip,FOR PICT,NOT READY,MV. DIONYSUS ICT/NR,199.9,32.26,12.35,2026-09-06,19:06,UREA,52500,4,,(B),32.26 12.35 06.09  1906BRAHMAPUTRAD  52500 SSSMV. DIONYSUS ICT/NR 199.90 4 UREA SSS - (B),dtr0709.pdf,dtr2506.pdf,2026-06-24,2026-06-25,DIONYSUS
2026-09-06,2026-09-07,Paradip,Others,NOT READY,MV. PELAGIA NR,228.99,32.26,12.86,2026-08-27,23:00,,36000,1,,(B),32.26 12.86 27.08  2300NKD  36000 ALAPMV. PELAGIA NR 228.99 1 A. SULPHATE ALAP - (B),dtr0709.pdf,dtr2506.pdf,2026-06-24,2026-06-25,PELAGIA
2026-09-06,2026-09-07,Paradip,FOR CB-1 & CB-2,READY,MV. APJ SETHU,224.86,32.26,0.0,2026-09-05,06:48,TH.COAL,75000,1,,,32.26 0.00 05.09  0648TNPGCLL  75000 SEAPORTMV. APJ SETHU 224.86 1 TH.COAL J M BAXIMSPLR - P,dtr0709.pdf,dtr2507.pdf,2026-07-24,2026-07-25,APJ SETHU
2026-09-06,2026-09-07,Paradip,FOR CB-1 & CB-2,READY,MV. SINGAPORE BULKER,189.99,32.26,13.3,2026-09-07,06:18,TH.COAL,55000,2,,,32.26 13.30 07.09  0618OPGL  55000 SEA SHIPSMV. SINGAPORE BULKER 189.99 2 TH.COAL SSSR -,dtr0709.pdf,dtr2507.pdf,2026-07-24,2026-07-25,SINGAPORE BULKER
2026-09-06,2026-09-07,Paradip,FOR CB-1 & CB-2,READY,MV. APJ ANGAD 2,224.94,32.26,14.5,2026-09-07,10:18,TH.COAL,75000,3,,,32.26 14.50 07.09  1018NTECL/CLPLL  75000 BOTHRAMV. APJ ANGAD 2 224.94 3 TH.COAL JMBR -,dtr0709.pdf,dtr2507.pdf,2026-07-24,2026-07-25,APJ ANGAD 2
2026-09-06,2026-09-07,Paradip,FOR OJ,NOT READY,MT. SHIVALIK NR,225.28,36.6,11.6,2026-09-04,17:12,BUTANE/PROP,13000,1,,(B),36.60 11.60 04.09  1712IOCLD  13000 SAMSARAMT. SHIVALIK NR 225.28 1 BUTANE/PROP SAMSARA - (B),dtr0709.pdf,dtr2507.pdf,2026-07-24,2026-07-25,SHIVALIK
2026-09-06,2026-09-07,Paradip,FOR OJ,NOT READY,MT. TORM DOVER NR,183.12,32.2,0.0,2026-09-05,14:12,NAPTHA,35000,2,,(B),32.20 0.00 05.09  1412IOCLL  35000 ISIPLMT. TORM DOVER NR 183.12 2 NAPTHA ISIPL - (B),dtr0709.pdf,dtr2507.pdf,2026-07-24,2026-07-25,TORM DOVER
2026-09-06,2026-09-07,Paradip,FOR OJ,NOT READY,MT. GAS ALKHALEEJ NR,225.28,36.62,11.8,2026-09-07,09:54,BUTANE/PROP,28000,3,,(B),36.62 11.80 07.09  0954IOCLD  28000 AGSMT. GAS ALKHALEEJ NR 225.28 3 BUTANE/PROP AGS - (B),dtr0709.pdf,dtr2507.pdf,2026-07-24,2026-07-25,GAS ALKHALEEJ
2026-09-06,2026-09-07,Paradip,FOR SPM,READY,MT. OLYMPIC FLAG,273.97,47.0,15.0,2026-09-06,09:54,CRUDE OIL,124610,1,,,47.00 15.00 06.09  0954IOCL PLDD  124610 AGSMT. OLYMPIC FLAG 273.97 1 CRUDE OIL AGSR -,dtr0709.pdf,dtr2507.pdf,2026-07-24,2026-07-25,OLYMPIC FLAG
2026-09-06,2026-09-07,Paradip,FOR SPM,NOT READY,MT. AYAT NR,179.99,32.2,11.4,2026-08-26,19:30,CRUDE OIL,37861,1,,(B),32.20 11.40 26.08  1930IOCL PLDD  37861 AGSMT. AYAT NR 179.99 1 CRUDE OIL AGS - (B),dtr0709.pdf,dtr2507.pdf,2026-07-24,2026-07-25,AYAT
2026-09-06,2026-09-07,Paradip,FOR PICT,NOT READY,MV. TAN BINH 259 ICT/NR,175.53,29.4,9.5,2026-07-22,16:25,S.COIL,25391,1,,(B),29.40 9.50 22.07  1625JSLD  25391 SSSMV. TAN BINH 259 ICT/NR 175.53 1 S.COIL NK - (B),dtr0709.pdf,dtr2507.pdf,2026-07-24,2026-07-25,TAN BINH 259
2026-09-06,2026-09-07,Paradip,FOR PICT,NOT READY,MV. NEON TRADER ICT/NR,179.9,30.0,9.24,2026-09-01,17:36,S.COIL,15000,2,,(B),30.00 9.24 01.09  1736SAILL  15000 GACMV. NEON TRADER ICT/NR 179.90 2 S.COIL GAC - (B),dtr0709.pdf,dtr2507.pdf,2026-07-24,2026-07-25,NEON TRADER
2026-09-06,2026-09-07,Paradip,FOR PICT,NOT READY,MV. YPERION ICT/NR,229.0,32.26,7.25,2026-09-01,20:36,PIG IRON,66000,3,,(B),32.26 7.25 01.09  2036OMPLL  66000 J M BAXIMSPLMV. YPERION ICT/NR 229.00 3 PIG IRON J M BAXIMSPL - (B),dtr0709.pdf,dtr2507.pdf,2026-07-24,2026-07-25,YPERION
2026-09-06,2026-09-07,Paradip,FOR PICT,NOT READY,MV. DIONYSUS ICT/NR,199.9,32.26,12.35,2026-09-06,19:06,UREA,52500,4,,(B),32.26 12.35 06.09  1906BRAHMAPUTRAD  52500 SSSMV. DIONYSUS ICT/NR 199.90 4 UREA SSS - (B),dtr0709.pdf,dtr2507.pdf,2026-07-24,2026-07-25,DIONYSUS
2026-09-06,2026-09-07,Paradip,Others,NOT READY,MV. PELAGIA NR,228.99,32.26,12.86,2026-08-27,23:00,,36000,1,,(B),32.26 12.86 27.08  2300NKD  36000 ALAPMV. PELAGIA NR 228.99 1 A. SULPHATE ALAP - (B),dtr0709.pdf,dtr2507.pdf,2026-07-24,2026-07-25,PELAGIA
2026-09-06,2026-09-07,Paradip,FOR CB-1 & CB-2,READY,MV. APJ SETHU,224.86,32.26,0.0,2026-09-05,06:48,TH.COAL,75000,1,,,32.26 0.00 05.09  0648TNPGCLL  75000 SEAPORTMV. APJ SETHU 224.86 1 TH.COAL J M BAXIMSPLR - P,dtr0709.pdf,dtr2508.pdf,2026-08-24,2026-08-25,APJ SETHU
2026-09-06,2026-09-07,Paradip,FOR CB-1 & CB-2,READY,MV. SINGAPORE BULKER,189.99,32.26,13.3,2026-09-07,06:18,TH.COAL,55000,2,,,32.26 13.30 07.09  0618OPGL  55000 SEA SHIPSMV. SINGAPORE BULKER 189.99 2 TH.COAL SSSR -,dtr0709.pdf,dtr2508.pdf,2026-08-24,2026-08-25,SINGAPORE BULKER
2026-09-06,2026-09-07,Paradip,FOR CB-1 & CB-2,READY,MV. APJ ANGAD 2,224.94,32.26,14.5,2026-09-07,10:18,TH.COAL,75000,3,,,32.26 14.50 07.09  1018NTECL/CLPLL  75000 BOTHRAMV. APJ ANGAD 2 224.94 3 TH.COAL JMBR -,dtr0709.pdf,dtr2508.pdf,2026-08-24,2026-08-25,APJ ANGAD 2
2026-09-06,2026-09-07,Paradip,FOR OJ,NOT READY,MT. SHIVALIK NR,225.28,36.6,11.6,2026-09-04,17:12,BUTANE/PROP,13000,1,,(B),36.60 11.60 04.09  1712IOCLD  13000 SAMSARAMT. SHIVALIK NR 225.28 1 BUTANE/PROP SAMSARA - (B),dtr0709.pdf,dtr2508.pdf,2026-08-24,2026-08-25,SHIVALIK
2026-09-06,2026-09-07,Paradip,FOR OJ,NOT READY,MT. TORM DOVER NR,183.12,32.2,0.0,2026-09-05,14:12,NAPTHA,35000,2,,(B),32.20 0.00 05.09  1412IOCLL  35000 ISIPLMT. TORM DOVER NR 183.12 2 NAPTHA ISIPL - (B),dtr0709.pdf,dtr2508.pdf,2026-08-24,2026-08-25,TORM DOVER
2026-09-06,2026-09-07,Paradip,FOR OJ,NOT READY,MT. GAS ALKHALEEJ NR,225.28,36.62,11.8,2026-09-07,09:54,BUTANE/PROP,28000,3,,(B),36.62 11.80 07.09  0954IOCLD  28000 AGSMT. GAS ALKHALEEJ NR 225.28 3 BUTANE/PROP AGS - (B),dtr0709.pdf,dtr2508.pdf,2026-08-24,2026-08-25,GAS ALKHALEEJ
2026-09-06,2026-09-07,Paradip,FOR SPM,READY,MT. OLYMPIC FLAG,273.97,47.0,15.0,2026-09-06,09:54,CRUDE OIL,124610,1,,,47.00 15.00 06.09  0954IOCL PLDD  124610 AGSMT. OLYMPIC FLAG 273.97 1 CRUDE OIL AGSR -,dtr0709.pdf,dtr2508.pdf,2026-08-24,2026-08-25,OLYMPIC FLAG
2026-09-06,2026-09-07,Paradip,FOR SPM,NOT READY,MT. AYAT NR,179.99,32.2,11.4,2026-08-26,19:30,CRUDE OIL,37861,1,,(B),32.20 11.40 26.08  1930IOCL PLDD  37861 AGSMT. AYAT NR 179.99 1 CRUDE OIL AGS - (B),dtr0709.pdf,dtr2508.pdf,2026-08-24,2026-08-25,AYAT
2026-09-06,2026-09-07,Paradip,FOR PICT,NOT READY,MV. TAN BINH 259 ICT/NR,175.53,29.4,9.5,2026-07-22,16:25,S.COIL,25391,1,,(B),29.40 9.50 22.07  1625JSLD  25391 SSSMV. TAN BINH 259 ICT/NR 175.53 1 S.COIL NK - (B),dtr0709.pdf,dtr2508.pdf,2026-08-24,2026-08-25,TAN BINH 259
2026-09-06,2026-09-07,Paradip,FOR PICT,NOT READY,MV. NEON TRADER ICT/NR,179.9,30.0,9.24,2026-09-01,17:36,S.COIL,15000,2,,(B),30.00 9.24 01.09  1736SAILL  15000 GACMV. NEON TRADER ICT/NR 179.90 2 S.COIL GAC - (B),dtr0709.pdf,dtr2508.pdf,2026-08-24,2026-08-25,NEON TRADER
2026-09-06,2026-09-07,Paradip,FOR PICT,NOT READY,MV. YPERION ICT/NR,229.0,32.26,7.25,2026-09-01,20:36,PIG IRON,66000,3,,(B),32.26 7.25 01.09  2036OMPLL  66000 J M BAXIMSPLMV. YPERION ICT/NR 229.00 3 PIG IRON J M BAXIMSPL - (B),dtr0709.pdf,dtr2508.pdf,2026-08-24,2026-08-25,YPERION
2026-09-06,2026-09-07,Paradip,FOR PICT,NOT READY,MV. DIONYSUS ICT/NR,199.9,32.26,12.35,2026-09-06,19:06,UREA,52500,4,,(B),32.26 12.35 06.09  1906BRAHMAPUTRAD  52500 SSSMV. DIONYSUS ICT/NR 199.90 4 UREA SSS - (B),dtr0709.pdf,dtr2508.pdf,2026-08-24,2026-08-25,DIONYSUS
2026-09-06,2026-09-07,Paradip,Others,NOT READY,MV. PELAGIA NR,228.99,32.26,12.86,2026-08-27,23:00,,36000,1,,(B),32.26 12.86 27.08  2300NKD  36000 ALAPMV. PELAGIA NR 228.99 1 A. SULPHATE ALAP - (B),dtr0709.pdf,dtr2508.pdf,2026-08-24,2026-08-25,PELAGIA
2026-09-06,2026-09-07,Paradip,FOR CB-1 & CB-2,READY,MV. APJ SETHU,224.86,32.26,0.0,2026-09-05,06:48,TH.COAL,75000,1,,,32.26 0.00 05.09  0648TNPGCLL  75000 SEAPORTMV. APJ SETHU 224.86 1 TH.COAL J M BAXIMSPLR - P,dtr0709.pdf,dtr2510.pdf,2025-10-24,2025-10-25,APJ SETHU
2026-09-06,2026-09-07,Paradip,FOR CB-1 & CB-2,READY,MV. SINGAPORE BULKER,189.99,32.26,13.3,2026-09-07,06:18,TH.COAL,55000,2,,,32.26 13.30 07.09  0618OPGL  55000 SEA SHIPSMV. SINGAPORE BULKER 189.99 2 TH.COAL SSSR -,dtr0709.pdf,dtr2510.pdf,2025-10-24,2025-10-25,SINGAPORE BULKER
2026-09-06,2026-09-07,Paradip,FOR CB-1 & CB-2,READY,MV. APJ ANGAD 2,224.94,32.26,14.5,2026-09-07,10:18,TH.COAL,75000,3,,,32.26 14.50 07.09  1018NTECL/CLPLL  75000 BOTHRAMV. APJ ANGAD 2 224.94 3 TH.COAL JMBR -,dtr0709.pdf,dtr2510.pdf,2025-10-24,2025-10-25,APJ ANGAD 2
2026-09-06,2026-09-07,Paradip,FOR OJ,NOT READY,MT. SHIVALIK NR,225.28,36.6,11.6,2026-09-04,17:12,BUTANE/PROP,13000,1,,(B),36.60 11.60 04.09  1712IOCLD  13000 SAMSARAMT. SHIVALIK NR 225.28 1 BUTANE/PROP SAMSARA - (B),dtr0709.pdf,dtr2510.pdf,2025-10-24,2025-10-25,SHIVALIK
2026-09-06,2026-09-07,Paradip,FOR OJ,NOT READY,MT. TORM DOVER NR,183.12,32.2,0.0,2026-09-05,14:12,NAPTHA,35000,2,,(B),32.20 0.00 05.09  1412IOCLL  35000 ISIPLMT. TORM DOVER NR 183.12 2 NAPTHA ISIPL - (B),dtr0709.pdf,dtr2510.pdf,2025-10-24,2025-10-25,TORM DOVER
2026-09-06,2026-09-07,Paradip,FOR OJ,NOT READY,MT. GAS ALKHALEEJ NR,225.28,36.62,11.8,2026-09-07,09:54,BUTANE/PROP,28000,3,,(B),36.62 11.80 07.09  0954IOCLD  28000 AGSMT. GAS ALKHALEEJ NR 225.28 3 BUTANE/PROP AGS - (B),dtr0709.pdf,dtr2510.pdf,2025-10-24,2025-10-25,GAS ALKHALEEJ
2026-09-06,2026-09-07,Paradip,FOR SPM,READY,MT. OLYMPIC FLAG,273.97,47.0,15.0,2026-09-06,09:54,CRUDE OIL,124610,1,,,47.00 15.00 06.09  0954IOCL PLDD  124610 AGSMT. OLYMPIC FLAG 273.97 1 CRUDE OIL AGSR -,dtr0709.pdf,dtr2510.pdf,2025-10-24,2025-10-25,OLYMPIC FLAG
2026-09-06,2026-09-07,Paradip,FOR SPM,NOT READY,MT. AYAT NR,179.99,32.2,11.4,2026-08-26,19:30,CRUDE OIL,37861,1,,(B),32.20 11.40 26.08  1930IOCL PLDD  37861 AGSMT. AYAT NR 179.99 1 CRUDE OIL AGS - (B),dtr0709.pdf,dtr2510.pdf,2025-10-24,2025-10-25,AYAT
2026-09-06,2026-09-07,Paradip,FOR PICT,NOT READY,MV. TAN BINH 259 ICT/NR,175.53,29.4,9.5,2026-07-22,16:25,S.COIL,25391,1,,(B),29.40 9.50 22.07  1625JSLD  25391 SSSMV. TAN BINH 259 ICT/NR 175.53 1 S.COIL NK - (B),dtr0709.pdf,dtr2510.pdf,2025-10-24,2025-10-25,TAN BINH 259
2026-09-06,2026-09-07,Paradip,FOR PICT,NOT READY,MV. NEON TRADER ICT/NR,179.9,30.0,9.24,2026-09-01,17:36,S.COIL,15000,2,,(B),30.00 9.24 01.09  1736SAILL  15000 GACMV. NEON TRADER ICT/NR 179.90 2 S.COIL GAC - (B),dtr0709.pdf,dtr2510.pdf,2025-10-24,2025-10-25,NEON TRADER
2026-09-06,2026-09-07,Paradip,FOR PICT,NOT READY,MV. YPERION ICT/NR,229.0,32.26,7.25,2026-09-01,20:36,PIG IRON,66000,3,,(B),32.26 7.25 01.09  2036OMPLL  66000 J M BAXIMSPLMV. YPERION ICT/NR 229.00 3 PIG IRON J M BAXIMSPL - (B),dtr0709.pdf,dtr2510.pdf,2025-10-24,2025-10-25,YPERION
2026-09-06,2026-09-07,Paradip,FOR PICT,NOT READY,MV. DIONYSUS ICT/NR,199.9,32.26,12.35,2026-09-06,19:06,UREA,52500,4,,(B),32.26 12.35 06.09  1906BRAHMAPUTRAD  52500 SSSMV. DIONYSUS ICT/NR 199.90 4 UREA SSS - (B),dtr0709.pdf,dtr2510.pdf,2025-10-24,2025-10-25,DIONYSUS
2026-09-06,2026-09-07,Paradip,Others,NOT READY,MV. PELAGIA NR,228.99,32.26,12.86,2026-08-27,23:00,,36000,1,,(B),32.26 12.86 27.08  2300NKD  36000 ALAPMV. PELAGIA NR 228.99 1 A. SULPHATE ALAP - (B),dtr0709.pdf,dtr2510.pdf,2025-10-24,2025-10-25,PELAGIA
2026-09-06,2026-09-07,Paradip,FOR CB-1 & CB-2,READY,MV. APJ SETHU,224.86,32.26,0.0,2026-09-05,06:48,TH.COAL,75000,1,,,32.26 0.00 05.09  0648TNPGCLL  75000 SEAPORTMV. APJ SETHU 224.86 1 TH.COAL J M BAXIMSPLR - P,dtr0709.pdf,dtr2606.pdf,2026-06-25,2026-06-26,APJ SETHU
2026-09-06,2026-09-07,Paradip,FOR CB-1 & CB-2,READY,MV. SINGAPORE BULKER,189.99,32.26,13.3,2026-09-07,06:18,TH.COAL,55000,2,,,32.26 13.30 07.09  0618OPGL  55000 SEA SHIPSMV. SINGAPORE BULKER 189.99 2 TH.COAL SSSR -,dtr0709.pdf,dtr2606.pdf,2026-06-25,2026-06-26,SINGAPORE BULKER
2026-09-06,2026-09-07,Paradip,FOR CB-1 & CB-2,READY,MV. APJ ANGAD 2,224.94,32.26,14.5,2026-09-07,10:18,TH.COAL,75000,3,,,32.26 14.50 07.09  1018NTECL/CLPLL  75000 BOTHRAMV. APJ ANGAD 2 224.94 3 TH.COAL JMBR -,dtr0709.pdf,dtr2606.pdf,2026-06-25,2026-06-26,APJ ANGAD 2
2026-09-06,2026-09-07,Paradip,FOR OJ,NOT READY,MT. SHIVALIK NR,225.28,36.6,11.6,2026-09-04,17:12,BUTANE/PROP,13000,1,,(B),36.60 11.60 04.09  1712IOCLD  13000 SAMSARAMT. SHIVALIK NR 225.28 1 BUTANE/PROP SAMSARA - (B),dtr0709.pdf,dtr2606.pdf,2026-06-25,2026-06-26,SHIVALIK
2026-09-06,2026-09-07,Paradip,FOR OJ,NOT READY,MT. TORM DOVER NR,183.12,32.2,0.0,2026-09-05,14:12,NAPTHA,35000,2,,(B),32.20 0.00 05.09  1412IOCLL  35000 ISIPLMT. TORM DOVER NR 183.12 2 NAPTHA ISIPL - (B),dtr0709.pdf,dtr2606.pdf,2026-06-25,2026-06-26,TORM DOVER
2026-09-06,2026-09-07,Paradip,FOR OJ,NOT READY,MT. GAS ALKHALEEJ NR,225.28,36.62,11.8,2026-09-07,09:54,BUTANE/PROP,28000,3,,(B),36.62 11.80 07.09  0954IOCLD  28000 AGSMT. GAS ALKHALEEJ NR 225.28 3 BUTANE/PROP AGS - (B),dtr0709.pdf,dtr2606.pdf,2026-06-25,2026-06-26,GAS ALKHALEEJ
2026-09-06,2026-09-07,Paradip,FOR SPM,READY,MT. OLYMPIC FLAG,273.97,47.0,15.0,2026-09-06,09:54,CRUDE OIL,124610,1,,,47.00 15.00 06.09  0954IOCL PLDD  124610 AGSMT. OLYMPIC FLAG 273.97 1 CRUDE OIL AGSR -,dtr0709.pdf,dtr2606.pdf,2026-06-25,2026-06-26,OLYMPIC FLAG
2026-09-06,2026-09-07,Paradip,FOR SPM,NOT READY,MT. AYAT NR,179.99,32.2,11.4,2026-08-26,19:30,CRUDE OIL,37861,1,,(B),32.20 11.40 26.08  1930IOCL PLDD  37861 AGSMT. AYAT NR 179.99 1 CRUDE OIL AGS - (B),dtr0709.pdf,dtr2606.pdf,2026-06-25,2026-06-26,AYAT
2026-09-06,2026-09-07,Paradip,FOR PICT,NOT READY,MV. TAN BINH 259 ICT/NR,175.53,29.4,9.5,2026-07-22,16:25,S.COIL,25391,1,,(B),29.40 9.50 22.07  1625JSLD  25391 SSSMV. TAN BINH 259 ICT/NR 175.53 1 S.COIL NK - (B),dtr0709.pdf,dtr2606.pdf,2026-06-25,2026-06-26,TAN BINH 259
2026-09-06,2026-09-07,Paradip,FOR PICT,NOT READY,MV. NEON TRADER ICT/NR,179.9,30.0,9.24,2026-09-01,17:36,S.COIL,15000,2,,(B),30.00 9.24 01.09  1736SAILL  15000 GACMV. NEON TRADER ICT/NR 179.90 2 S.COIL GAC - (B),dtr0709.pdf,dtr2606.pdf,2026-06-25,2026-06-26,NEON TRADER
2026-09-06,2026-09-07,Paradip,FOR PICT,NOT READY,MV. YPERION ICT/NR,229.0,32.26,7.25,2026-09-01,20:36,PIG IRON,66000,3,,(B),32.26 7.25 01.09  2036OMPLL  66000 J M BAXIMSPLMV. YPERION ICT/NR 229.00 3 PIG IRON J M BAXIMSPL - (B),dtr0709.pdf,dtr2606.pdf,2026-06-25,2026-06-26,YPERION
2026-09-06,2026-09-07,Paradip,FOR PICT,NOT READY,MV. DIONYSUS ICT/NR,199.9,32.26,12.35,2026-09-06,19:06,UREA,52500,4,,(B),32.26 12.35 06.09  1906BRAHMAPUTRAD  52500 SSSMV. DIONYSUS ICT/NR 199.90 4 UREA SSS - (B),dtr0709.pdf,dtr2606.pdf,2026-06-25,2026-06-26,DIONYSUS
2026-09-06,2026-09-07,Paradip,Others,NOT READY,MV. PELAGIA NR,228.99,32.26,12.86,2026-08-27,23:00,,36000,1,,(B),32.26 12.86 27.08  2300NKD  36000 ALAPMV. PELAGIA NR 228.99 1 A. SULPHATE ALAP - (B),dtr0709.pdf,dtr2606.pdf,2026-06-25,2026-06-26,PELAGIA
2026-09-06,2026-09-07,Paradip,FOR CB-1 & CB-2,READY,MV. APJ SETHU,224.86,32.26,0.0,2026-09-05,06:48,TH.COAL,75000,1,,,32.26 0.00 05.09  0648TNPGCLL  75000 SEAPORTMV. APJ SETHU 224.86 1 TH.COAL J M BAXIMSPLR - P,dtr0709.pdf,dtr2607-2.pdf,2026-07-25,2026-07-26,APJ SETHU
2026-09-06,2026-09-07,Paradip,FOR CB-1 & CB-2,READY,MV. SINGAPORE BULKER,189.99,32.26,13.3,2026-09-07,06:18,TH.COAL,55000,2,,,32.26 13.30 07.09  0618OPGL  55000 SEA SHIPSMV. SINGAPORE BULKER 189.99 2 TH.COAL SSSR -,dtr0709.pdf,dtr2607-2.pdf,2026-07-25,2026-07-26,SINGAPORE BULKER
2026-09-06,2026-09-07,Paradip,FOR CB-1 & CB-2,READY,MV. APJ ANGAD 2,224.94,32.26,14.5,2026-09-07,10:18,TH.COAL,75000,3,,,32.26 14.50 07.09  1018NTECL/CLPLL  75000 BOTHRAMV. APJ ANGAD 2 224.94 3 TH.COAL JMBR -,dtr0709.pdf,dtr2607-2.pdf,2026-07-25,2026-07-26,APJ ANGAD 2
2026-09-06,2026-09-07,Paradip,FOR OJ,NOT READY,MT. SHIVALIK NR,225.28,36.6,11.6,2026-09-04,17:12,BUTANE/PROP,13000,1,,(B),36.60 11.60 04.09  1712IOCLD  13000 SAMSARAMT. SHIVALIK NR 225.28 1 BUTANE/PROP SAMSARA - (B),dtr0709.pdf,dtr2607-2.pdf,2026-07-25,2026-07-26,SHIVALIK
2026-09-06,2026-09-07,Paradip,FOR OJ,NOT READY,MT. TORM DOVER NR,183.12,32.2,0.0,2026-09-05,14:12,NAPTHA,35000,2,,(B),32.20 0.00 05.09  1412IOCLL  35000 ISIPLMT. TORM DOVER NR 183.12 2 NAPTHA ISIPL - (B),dtr0709.pdf,dtr2607-2.pdf,2026-07-25,2026-07-26,TORM DOVER
2026-09-06,2026-09-07,Paradip,FOR OJ,NOT READY,MT. GAS ALKHALEEJ NR,225.28,36.62,11.8,2026-09-07,09:54,BUTANE/PROP,28000,3,,(B),36.62 11.80 07.09  0954IOCLD  28000 AGSMT. GAS ALKHALEEJ NR 225.28 3 BUTANE/PROP AGS - (B),dtr0709.pdf,dtr2607-2.pdf,2026-07-25,2026-07-26,GAS ALKHALEEJ
2026-09-06,2026-09-07,Paradip,FOR SPM,READY,MT. OLYMPIC FLAG,273.97,47.0,15.0,2026-09-06,09:54,CRUDE OIL,124610,1,,,47.00 15.00 06.09  0954IOCL PLDD  124610 AGSMT. OLYMPIC FLAG 273.97 1 CRUDE OIL AGSR -,dtr0709.pdf,dtr2607-2.pdf,2026-07-25,2026-07-26,OLYMPIC FLAG
2026-09-06,2026-09-07,Paradip,FOR SPM,NOT READY,MT. AYAT NR,179.99,32.2,11.4,2026-08-26,19:30,CRUDE OIL,37861,1,,(B),32.20 11.40 26.08  1930IOCL PLDD  37861 AGSMT. AYAT NR 179.99 1 CRUDE OIL AGS - (B),dtr0709.pdf,dtr2607-2.pdf,2026-07-25,2026-07-26,AYAT
2026-09-06,2026-09-07,Paradip,FOR PICT,NOT READY,MV. TAN BINH 259 ICT/NR,175.53,29.4,9.5,2026-07-22,16:25,S.COIL,25391,1,,(B),29.40 9.50 22.07  1625JSLD  25391 SSSMV. TAN BINH 259 ICT/NR 175.53 1 S.COIL NK - (B),dtr0709.pdf,dtr2607-2.pdf,2026-07-25,2026-07-26,TAN BINH 259
2026-09-06,2026-09-07,Paradip,FOR PICT,NOT READY,MV. NEON TRADER ICT/NR,179.9,30.0,9.24,2026-09-01,17:36,S.COIL,15000,2,,(B),30.00 9.24 01.09  1736SAILL  15000 GACMV. NEON TRADER ICT/NR 179.90 2 S.COIL GAC - (B),dtr0709.pdf,dtr2607-2.pdf,2026-07-25,2026-07-26,NEON TRADER
2026-09-06,2026-09-07,Paradip,FOR PICT,NOT READY,MV. YPERION ICT/NR,229.0,32.26,7.25,2026-09-01,20:36,PIG IRON,66000,3,,(B),32.26 7.25 01.09  2036OMPLL  66000 J M BAXIMSPLMV. YPERION ICT/NR 229.00 3 PIG IRON J M BAXIMSPL - (B),dtr0709.pdf,dtr2607-2.pdf,2026-07-25,2026-07-26,YPERION
2026-09-06,2026-09-07,Paradip,FOR PICT,NOT READY,MV. DIONYSUS ICT/NR,199.9,32.26,12.35,2026-09-06,19:06,UREA,52500,4,,(B),32.26 12.35 06.09  1906BRAHMAPUTRAD  52500 SSSMV. DIONYSUS ICT/NR 199.90 4 UREA SSS - (B),dtr0709.pdf,dtr2607-2.pdf,2026-07-25,2026-07-26,DIONYSUS
2026-09-06,2026-09-07,Paradip,Others,NOT READY,MV. PELAGIA NR,228.99,32.26,12.86,2026-08-27,23:00,,36000,1,,(B),32.26 12.86 27.08  2300NKD  36000 ALAPMV. PELAGIA NR 228.99 1 A. SULPHATE ALAP - (B),dtr0709.pdf,dtr2607-2.pdf,2026-07-25,2026-07-26,PELAGIA
2026-09-06,2026-09-07,Paradip,FOR CB-1 & CB-2,READY,MV. APJ SETHU,224.86,32.26,0.0,2026-09-05,06:48,TH.COAL,75000,1,,,32.26 0.00 05.09  0648TNPGCLL  75000 SEAPORTMV. APJ SETHU 224.86 1 TH.COAL J M BAXIMSPLR - P,dtr0709.pdf,dtr2608.pdf,2026-08-25,2026-08-26,APJ SETHU
2026-09-06,2026-09-07,Paradip,FOR CB-1 & CB-2,READY,MV. SINGAPORE BULKER,189.99,32.26,13.3,2026-09-07,06:18,TH.COAL,55000,2,,,32.26 13.30 07.09  0618OPGL  55000 SEA SHIPSMV. SINGAPORE BULKER 189.99 2 TH.COAL SSSR -,dtr0709.pdf,dtr2608.pdf,2026-08-25,2026-08-26,SINGAPORE BULKER
2026-09-06,2026-09-07,Paradip,FOR CB-1 & CB-2,READY,MV. APJ ANGAD 2,224.94,32.26,14.5,2026-09-07,10:18,TH.COAL,75000,3,,,32.26 14.50 07.09  1018NTECL/CLPLL  75000 BOTHRAMV. APJ ANGAD 2 224.94 3 TH.COAL JMBR -,dtr0709.pdf,dtr2608.pdf,2026-08-25,2026-08-26,APJ ANGAD 2
2026-09-06,2026-09-07,Paradip,FOR OJ,NOT READY,MT. SHIVALIK NR,225.28,36.6,11.6,2026-09-04,17:12,BUTANE/PROP,13000,1,,(B),36.60 11.60 04.09  1712IOCLD  13000 SAMSARAMT. SHIVALIK NR 225.28 1 BUTANE/PROP SAMSARA - (B),dtr0709.pdf,dtr2608.pdf,2026-08-25,2026-08-26,SHIVALIK
2026-09-06,2026-09-07,Paradip,FOR OJ,NOT READY,MT. TORM DOVER NR,183.12,32.2,0.0,2026-09-05,14:12,NAPTHA,35000,2,,(B),32.20 0.00 05.09  1412IOCLL  35000 ISIPLMT. TORM DOVER NR 183.12 2 NAPTHA ISIPL - (B),dtr0709.pdf,dtr2608.pdf,2026-08-25,2026-08-26,TORM DOVER
2026-09-06,2026-09-07,Paradip,FOR OJ,NOT READY,MT. GAS ALKHALEEJ NR,225.28,36.62,11.8,2026-09-07,09:54,BUTANE/PROP,28000,3,,(B),36.62 11.80 07.09  0954IOCLD  28000 AGSMT. GAS ALKHALEEJ NR 225.28 3 BUTANE/PROP AGS - (B),dtr0709.pdf,dtr2608.pdf,2026-08-25,2026-08-26,GAS ALKHALEEJ
2026-09-06,2026-09-07,Paradip,FOR SPM,READY,MT. OLYMPIC FLAG,273.97,47.0,15.0,2026-09-06,09:54,CRUDE OIL,124610,1,,,47.00 15.00 06.09  0954IOCL PLDD  124610 AGSMT. OLYMPIC FLAG 273.97 1 CRUDE OIL AGSR -,dtr0709.pdf,dtr2608.pdf,2026-08-25,2026-08-26,OLYMPIC FLAG
2026-09-06,2026-09-07,Paradip,FOR SPM,NOT READY,MT. AYAT NR,179.99,32.2,11.4,2026-08-26,19:30,CRUDE OIL,37861,1,,(B),32.20 11.40 26.08  1930IOCL PLDD  37861 AGSMT. AYAT NR 179.99 1 CRUDE OIL AGS - (B),dtr0709.pdf,dtr2608.pdf,2026-08-25,2026-08-26,AYAT
2026-09-06,2026-09-07,Paradip,FOR PICT,NOT READY,MV. TAN BINH 259 ICT/NR,175.53,29.4,9.5,2026-07-22,16:25,S.COIL,25391,1,,(B),29.40 9.50 22.07  1625JSLD  25391 SSSMV. TAN BINH 259 ICT/NR 175.53 1 S.COIL NK - (B),dtr0709.pdf,dtr2608.pdf,2026-08-25,2026-08-26,TAN BINH 259
2026-09-06,2026-09-07,Paradip,FOR PICT,NOT READY,MV. NEON TRADER ICT/NR,179.9,30.0,9.24,2026-09-01,17:36,S.COIL,15000,2,,(B),30.00 9.24 01.09  1736SAILL  15000 GACMV. NEON TRADER ICT/NR 179.90 2 S.COIL GAC - (B),dtr0709.pdf,dtr2608.pdf,2026-08-25,2026-08-26,NEON TRADER
2026-09-06,2026-09-07,Paradip,FOR PICT,NOT READY,MV. YPERION ICT/NR,229.0,32.26,7.25,2026-09-01,20:36,PIG IRON,66000,3,,(B),32.26 7.25 01.09  2036OMPLL  66000 J M BAXIMSPLMV. YPERION ICT/NR 229.00 3 PIG IRON J M BAXIMSPL - (B),dtr0709.pdf,dtr2608.pdf,2026-08-25,2026-08-26,YPERION
2026-09-06,2026-09-07,Paradip,FOR PICT,NOT READY,MV. DIONYSUS ICT/NR,199.9,32.26,12.35,2026-09-06,19:06,UREA,52500,4,,(B),32.26 12.35 06.09  1906BRAHMAPUTRAD  52500 SSSMV. DIONYSUS ICT/NR 199.90 4 UREA SSS - (B),dtr0709.pdf,dtr2608.pdf,2026-08-25,2026-08-26,DIONYSUS
2026-09-06,2026-09-07,Paradip,Others,NOT READY,MV. PELAGIA NR,228.99,32.26,12.86,2026-08-27,23:00,,36000,1,,(B),32.26 12.86 27.08  2300NKD  36000 ALAPMV. PELAGIA NR 228.99 1 A. SULPHATE ALAP - (B),dtr0709.pdf,dtr2608.pdf,2026-08-25,2026-08-26,PELAGIA
2026-09-06,2026-09-07,Paradip,FOR CB-1 & CB-2,READY,MV. APJ SETHU,224.86,32.26,0.0,2026-09-05,06:48,TH.COAL,75000,1,,,32.26 0.00 05.09  0648TNPGCLL  75000 SEAPORTMV. APJ SETHU 224.86 1 TH.COAL J M BAXIMSPLR - P,dtr0709.pdf,dtr2610.pdf,2025-10-25,2025-10-26,APJ SETHU
2026-09-06,2026-09-07,Paradip,FOR CB-1 & CB-2,READY,MV. SINGAPORE BULKER,189.99,32.26,13.3,2026-09-07,06:18,TH.COAL,55000,2,,,32.26 13.30 07.09  0618OPGL  55000 SEA SHIPSMV. SINGAPORE BULKER 189.99 2 TH.COAL SSSR -,dtr0709.pdf,dtr2610.pdf,2025-10-25,2025-10-26,SINGAPORE BULKER
2026-09-06,2026-09-07,Paradip,FOR CB-1 & CB-2,READY,MV. APJ ANGAD 2,224.94,32.26,14.5,2026-09-07,10:18,TH.COAL,75000,3,,,32.26 14.50 07.09  1018NTECL/CLPLL  75000 BOTHRAMV. APJ ANGAD 2 224.94 3 TH.COAL JMBR -,dtr0709.pdf,dtr2610.pdf,2025-10-25,2025-10-26,APJ ANGAD 2
2026-09-06,2026-09-07,Paradip,FOR OJ,NOT READY,MT. SHIVALIK NR,225.28,36.6,11.6,2026-09-04,17:12,BUTANE/PROP,13000,1,,(B),36.60 11.60 04.09  1712IOCLD  13000 SAMSARAMT. SHIVALIK NR 225.28 1 BUTANE/PROP SAMSARA - (B),dtr0709.pdf,dtr2610.pdf,2025-10-25,2025-10-26,SHIVALIK
2026-09-06,2026-09-07,Paradip,FOR OJ,NOT READY,MT. TORM DOVER NR,183.12,32.2,0.0,2026-09-05,14:12,NAPTHA,35000,2,,(B),32.20 0.00 05.09  1412IOCLL  35000 ISIPLMT. TORM DOVER NR 183.12 2 NAPTHA ISIPL - (B),dtr0709.pdf,dtr2610.pdf,2025-10-25,2025-10-26,TORM DOVER
2026-09-06,2026-09-07,Paradip,FOR OJ,NOT READY,MT. GAS ALKHALEEJ NR,225.28,36.62,11.8,2026-09-07,09:54,BUTANE/PROP,28000,3,,(B),36.62 11.80 07.09  0954IOCLD  28000 AGSMT. GAS ALKHALEEJ NR 225.28 3 BUTANE/PROP AGS - (B),dtr0709.pdf,dtr2610.pdf,2025-10-25,2025-10-26,GAS ALKHALEEJ
2026-09-06,2026-09-07,Paradip,FOR SPM,READY,MT. OLYMPIC FLAG,273.97,47.0,15.0,2026-09-06,09:54,CRUDE OIL,124610,1,,,47.00 15.00 06.09  0954IOCL PLDD  124610 AGSMT. OLYMPIC FLAG 273.97 1 CRUDE OIL AGSR -,dtr0709.pdf,dtr2610.pdf,2025-10-25,2025-10-26,OLYMPIC FLAG
2026-09-06,2026-09-07,Paradip,FOR SPM,NOT READY,MT. AYAT NR,179.99,32.2,11.4,2026-08-26,19:30,CRUDE OIL,37861,1,,(B),32.20 11.40 26.08  1930IOCL PLDD  37861 AGSMT. AYAT NR 179.99 1 CRUDE OIL AGS - (B),dtr0709.pdf,dtr2610.pdf,2025-10-25,2025-10-26,AYAT
2026-09-06,2026-09-07,Paradip,FOR PICT,NOT READY,MV. TAN BINH 259 ICT/NR,175.53,29.4,9.5,2026-07-22,16:25,S.COIL,25391,1,,(B),29.40 9.50 22.07  1625JSLD  25391 SSSMV. TAN BINH 259 ICT/NR 175.53 1 S.COIL NK - (B),dtr0709.pdf,dtr2610.pdf,2025-10-25,2025-10-26,TAN BINH 259
2026-09-06,2026-09-07,Paradip,FOR PICT,NOT READY,MV. NEON TRADER ICT/NR,179.9,30.0,9.24,2026-09-01,17:36,S.COIL,15000,2,,(B),30.00 9.24 01.09  1736SAILL  15000 GACMV. NEON TRADER ICT/NR 179.90 2 S.COIL GAC - (B),dtr0709.pdf,dtr2610.pdf,2025-10-25,2025-10-26,NEON TRADER
2026-09-06,2026-09-07,Paradip,FOR PICT,NOT READY,MV. YPERION ICT/NR,229.0,32.26,7.25,2026-09-01,20:36,PIG IRON,66000,3,,(B),32.26 7.25 01.09  2036OMPLL  66000 J M BAXIMSPLMV. YPERION ICT/NR 229.00 3 PIG IRON J M BAXIMSPL - (B),dtr0709.pdf,dtr2610.pdf,2025-10-25,2025-10-26,YPERION
2026-09-06,2026-09-07,Paradip,FOR PICT,NOT READY,MV. DIONYSUS ICT/NR,199.9,32.26,12.35,2026-09-06,19:06,UREA,52500,4,,(B),32.26 12.35 06.09  1906BRAHMAPUTRAD  52500 SSSMV. DIONYSUS ICT/NR 199.90 4 UREA SSS - (B),dtr0709.pdf,dtr2610.pdf,2025-10-25,2025-10-26,DIONYSUS
2026-09-06,2026-09-07,Paradip,Others,NOT READY,MV. PELAGIA NR,228.99,32.26,12.86,2026-08-27,23:00,,36000,1,,(B),32.26 12.86 27.08  2300NKD  36000 ALAPMV. PELAGIA NR 228.99 1 A. SULPHATE ALAP - (B),dtr0709.pdf,dtr2610.pdf,2025-10-25,2025-10-26,PELAGIA
2026-09-06,2026-09-07,Paradip,FOR CB-1 & CB-2,READY,MV. APJ SETHU,224.86,32.26,0.0,2026-09-05,06:48,TH.COAL,75000,1,,,32.26 0.00 05.09  0648TNPGCLL  75000 SEAPORTMV. APJ SETHU 224.86 1 TH.COAL J M BAXIMSPLR - P,dtr0709.pdf,dtr2706.pdf,2026-06-26,2026-06-27,APJ SETHU
2026-09-06,2026-09-07,Paradip,FOR CB-1 & CB-2,READY,MV. SINGAPORE BULKER,189.99,32.26,13.3,2026-09-07,06:18,TH.COAL,55000,2,,,32.26 13.30 07.09  0618OPGL  55000 SEA SHIPSMV. SINGAPORE BULKER 189.99 2 TH.COAL SSSR -,dtr0709.pdf,dtr2706.pdf,2026-06-26,2026-06-27,SINGAPORE BULKER
2026-09-06,2026-09-07,Paradip,FOR CB-1 & CB-2,READY,MV. APJ ANGAD 2,224.94,32.26,14.5,2026-09-07,10:18,TH.COAL,75000,3,,,32.26 14.50 07.09  1018NTECL/CLPLL  75000 BOTHRAMV. APJ ANGAD 2 224.94 3 TH.COAL JMBR -,dtr0709.pdf,dtr2706.pdf,2026-06-26,2026-06-27,APJ ANGAD 2
2026-09-06,2026-09-07,Paradip,FOR OJ,NOT READY,MT. SHIVALIK NR,225.28,36.6,11.6,2026-09-04,17:12,BUTANE/PROP,13000,1,,(B),36.60 11.60 04.09  1712IOCLD  13000 SAMSARAMT. SHIVALIK NR 225.28 1 BUTANE/PROP SAMSARA - (B),dtr0709.pdf,dtr2706.pdf,2026-06-26,2026-06-27,SHIVALIK
2026-09-06,2026-09-07,Paradip,FOR OJ,NOT READY,MT. TORM DOVER NR,183.12,32.2,0.0,2026-09-05,14:12,NAPTHA,35000,2,,(B),32.20 0.00 05.09  1412IOCLL  35000 ISIPLMT. TORM DOVER NR 183.12 2 NAPTHA ISIPL - (B),dtr0709.pdf,dtr2706.pdf,2026-06-26,2026-06-27,TORM DOVER
2026-09-06,2026-09-07,Paradip,FOR OJ,NOT READY,MT. GAS ALKHALEEJ NR,225.28,36.62,11.8,2026-09-07,09:54,BUTANE/PROP,28000,3,,(B),36.62 11.80 07.09  0954IOCLD  28000 AGSMT. GAS ALKHALEEJ NR 225.28 3 BUTANE/PROP AGS - (B),dtr0709.pdf,dtr2706.pdf,2026-06-26,2026-06-27,GAS ALKHALEEJ
2026-09-06,2026-09-07,Paradip,FOR SPM,READY,MT. OLYMPIC FLAG,273.97,47.0,15.0,2026-09-06,09:54,CRUDE OIL,124610,1,,,47.00 15.00 06.09  0954IOCL PLDD  124610 AGSMT. OLYMPIC FLAG 273.97 1 CRUDE OIL AGSR -,dtr0709.pdf,dtr2706.pdf,2026-06-26,2026-06-27,OLYMPIC FLAG
2026-09-06,2026-09-07,Paradip,FOR SPM,NOT READY,MT. AYAT NR,179.99,32.2,11.4,2026-08-26,19:30,CRUDE OIL,37861,1,,(B),32.20 11.40 26.08  1930IOCL PLDD  37861 AGSMT. AYAT NR 179.99 1 CRUDE OIL AGS - (B),dtr0709.pdf,dtr2706.pdf,2026-06-26,2026-06-27,AYAT
2026-09-06,2026-09-07,Paradip,FOR PICT,NOT READY,MV. TAN BINH 259 ICT/NR,175.53,29.4,9.5,2026-07-22,16:25,S.COIL,25391,1,,(B),29.40 9.50 22.07  1625JSLD  25391 SSSMV. TAN BINH 259 ICT/NR 175.53 1 S.COIL NK - (B),dtr0709.pdf,dtr2706.pdf,2026-06-26,2026-06-27,TAN BINH 259
2026-09-06,2026-09-07,Paradip,FOR PICT,NOT READY,MV. NEON TRADER ICT/NR,179.9,30.0,9.24,2026-09-01,17:36,S.COIL,15000,2,,(B),30.00 9.24 01.09  1736SAILL  15000 GACMV. NEON TRADER ICT/NR 179.90 2 S.COIL GAC - (B),dtr0709.pdf,dtr2706.pdf,2026-06-26,2026-06-27,NEON TRADER
2026-09-06,2026-09-07,Paradip,FOR PICT,NOT READY,MV. YPERION ICT/NR,229.0,32.26,7.25,2026-09-01,20:36,PIG IRON,66000,3,,(B),32.26 7.25 01.09  2036OMPLL  66000 J M BAXIMSPLMV. YPERION ICT/NR 229.00 3 PIG IRON J M BAXIMSPL - (B),dtr0709.pdf,dtr2706.pdf,2026-06-26,2026-06-27,YPERION
2026-09-06,2026-09-07,Paradip,FOR PICT,NOT READY,MV. DIONYSUS ICT/NR,199.9,32.26,12.35,2026-09-06,19:06,UREA,52500,4,,(B),32.26 12.35 06.09  1906BRAHMAPUTRAD  52500 SSSMV. DIONYSUS ICT/NR 199.90 4 UREA SSS - (B),dtr0709.pdf,dtr2706.pdf,2026-06-26,2026-06-27,DIONYSUS
2026-09-06,2026-09-07,Paradip,Others,NOT READY,MV. PELAGIA NR,228.99,32.26,12.86,2026-08-27,23:00,,36000,1,,(B),32.26 12.86 27.08  2300NKD  36000 ALAPMV. PELAGIA NR 228.99 1 A. SULPHATE ALAP - (B),dtr0709.pdf,dtr2706.pdf,2026-06-26,2026-06-27,PELAGIA
2026-09-06,2026-09-07,Paradip,FOR CB-1 & CB-2,READY,MV. APJ SETHU,224.86,32.26,0.0,2026-09-05,06:48,TH.COAL,75000,1,,,32.26 0.00 05.09  0648TNPGCLL  75000 SEAPORTMV. APJ SETHU 224.86 1 TH.COAL J M BAXIMSPLR - P,dtr0709.pdf,dtr2707.pdf,2026-07-26,2026-07-27,APJ SETHU
2026-09-06,2026-09-07,Paradip,FOR CB-1 & CB-2,READY,MV. SINGAPORE BULKER,189.99,32.26,13.3,2026-09-07,06:18,TH.COAL,55000,2,,,32.26 13.30 07.09  0618OPGL  55000 SEA SHIPSMV. SINGAPORE BULKER 189.99 2 TH.COAL SSSR -,dtr0709.pdf,dtr2707.pdf,2026-07-26,2026-07-27,SINGAPORE BULKER
2026-09-06,2026-09-07,Paradip,FOR CB-1 & CB-2,READY,MV. APJ ANGAD 2,224.94,32.26,14.5,2026-09-07,10:18,TH.COAL,75000,3,,,32.26 14.50 07.09  1018NTECL/CLPLL  75000 BOTHRAMV. APJ ANGAD 2 224.94 3 TH.COAL JMBR -,dtr0709.pdf,dtr2707.pdf,2026-07-26,2026-07-27,APJ ANGAD 2
2026-09-06,2026-09-07,Paradip,FOR OJ,NOT READY,MT. SHIVALIK NR,225.28,36.6,11.6,2026-09-04,17:12,BUTANE/PROP,13000,1,,(B),36.60 11.60 04.09  1712IOCLD  13000 SAMSARAMT. SHIVALIK NR 225.28 1 BUTANE/PROP SAMSARA - (B),dtr0709.pdf,dtr2707.pdf,2026-07-26,2026-07-27,SHIVALIK
2026-09-06,2026-09-07,Paradip,FOR OJ,NOT READY,MT. TORM DOVER NR,183.12,32.2,0.0,2026-09-05,14:12,NAPTHA,35000,2,,(B),32.20 0.00 05.09  1412IOCLL  35000 ISIPLMT. TORM DOVER NR 183.12 2 NAPTHA ISIPL - (B),dtr0709.pdf,dtr2707.pdf,2026-07-26,2026-07-27,TORM DOVER
2026-09-06,2026-09-07,Paradip,FOR OJ,NOT READY,MT. GAS ALKHALEEJ NR,225.28,36.62,11.8,2026-09-07,09:54,BUTANE/PROP,28000,3,,(B),36.62 11.80 07.09  0954IOCLD  28000 AGSMT. GAS ALKHALEEJ NR 225.28 3 BUTANE/PROP AGS - (B),dtr0709.pdf,dtr2707.pdf,2026-07-26,2026-07-27,GAS ALKHALEEJ
2026-09-06,2026-09-07,Paradip,FOR SPM,READY,MT. OLYMPIC FLAG,273.97,47.0,15.0,2026-09-06,09:54,CRUDE OIL,124610,1,,,47.00 15.00 06.09  0954IOCL PLDD  124610 AGSMT. OLYMPIC FLAG 273.97 1 CRUDE OIL AGSR -,dtr0709.pdf,dtr2707.pdf,2026-07-26,2026-07-27,OLYMPIC FLAG
2026-09-06,2026-09-07,Paradip,FOR SPM,NOT READY,MT. AYAT NR,179.99,32.2,11.4,2026-08-26,19:30,CRUDE OIL,37861,1,,(B),32.20 11.40 26.08  1930IOCL PLDD  37861 AGSMT. AYAT NR 179.99 1 CRUDE OIL AGS - (B),dtr0709.pdf,dtr2707.pdf,2026-07-26,2026-07-27,AYAT
2026-09-06,2026-09-07,Paradip,FOR PICT,NOT READY,MV. TAN BINH 259 ICT/NR,175.53,29.4,9.5,2026-07-22,16:25,S.COIL,25391,1,,(B),29.40 9.50 22.07  1625JSLD  25391 SSSMV. TAN BINH 259 ICT/NR 175.53 1 S.COIL NK - (B),dtr0709.pdf,dtr2707.pdf,2026-07-26,2026-07-27,TAN BINH 259
2026-09-06,2026-09-07,Paradip,FOR PICT,NOT READY,MV. NEON TRADER ICT/NR,179.9,30.0,9.24,2026-09-01,17:36,S.COIL,15000,2,,(B),30.00 9.24 01.09  1736SAILL  15000 GACMV. NEON TRADER ICT/NR 179.90 2 S.COIL GAC - (B),dtr0709.pdf,dtr2707.pdf,2026-07-26,2026-07-27,NEON TRADER
2026-09-06,2026-09-07,Paradip,FOR PICT,NOT READY,MV. YPERION ICT/NR,229.0,32.26,7.25,2026-09-01,20:36,PIG IRON,66000,3,,(B),32.26 7.25 01.09  2036OMPLL  66000 J M BAXIMSPLMV. YPERION ICT/NR 229.00 3 PIG IRON J M BAXIMSPL - (B),dtr0709.pdf,dtr2707.pdf,2026-07-26,2026-07-27,YPERION
2026-09-06,2026-09-07,Paradip,FOR PICT,NOT READY,MV. DIONYSUS ICT/NR,199.9,32.26,12.35,2026-09-06,19:06,UREA,52500,4,,(B),32.26 12.35 06.09  1906BRAHMAPUTRAD  52500 SSSMV. DIONYSUS ICT/NR 199.90 4 UREA SSS - (B),dtr0709.pdf,dtr2707.pdf,2026-07-26,2026-07-27,DIONYSUS
2026-09-06,2026-09-07,Paradip,Others,NOT READY,MV. PELAGIA NR,228.99,32.26,12.86,2026-08-27,23:00,,36000,1,,(B),32.26 12.86 27.08  2300NKD  36000 ALAPMV. PELAGIA NR 228.99 1 A. SULPHATE ALAP - (B),dtr0709.pdf,dtr2707.pdf,2026-07-26,2026-07-27,PELAGIA
2026-09-06,2026-09-07,Paradip,FOR CB-1 & CB-2,READY,MV. APJ SETHU,224.86,32.26,0.0,2026-09-05,06:48,TH.COAL,75000,1,,,32.26 0.00 05.09  0648TNPGCLL  75000 SEAPORTMV. APJ SETHU 224.86 1 TH.COAL J M BAXIMSPLR - P,dtr0709.pdf,dtr2708.pdf,2026-08-26,2026-08-27,APJ SETHU
2026-09-06,2026-09-07,Paradip,FOR CB-1 & CB-2,READY,MV. SINGAPORE BULKER,189.99,32.26,13.3,2026-09-07,06:18,TH.COAL,55000,2,,,32.26 13.30 07.09  0618OPGL  55000 SEA SHIPSMV. SINGAPORE BULKER 189.99 2 TH.COAL SSSR -,dtr0709.pdf,dtr2708.pdf,2026-08-26,2026-08-27,SINGAPORE BULKER
2026-09-06,2026-09-07,Paradip,FOR CB-1 & CB-2,READY,MV. APJ ANGAD 2,224.94,32.26,14.5,2026-09-07,10:18,TH.COAL,75000,3,,,32.26 14.50 07.09  1018NTECL/CLPLL  75000 BOTHRAMV. APJ ANGAD 2 224.94 3 TH.COAL JMBR -,dtr0709.pdf,dtr2708.pdf,2026-08-26,2026-08-27,APJ ANGAD 2
2026-09-06,2026-09-07,Paradip,FOR OJ,NOT READY,MT. SHIVALIK NR,225.28,36.6,11.6,2026-09-04,17:12,BUTANE/PROP,13000,1,,(B),36.60 11.60 04.09  1712IOCLD  13000 SAMSARAMT. SHIVALIK NR 225.28 1 BUTANE/PROP SAMSARA - (B),dtr0709.pdf,dtr2708.pdf,2026-08-26,2026-08-27,SHIVALIK
2026-09-06,2026-09-07,Paradip,FOR OJ,NOT READY,MT. TORM DOVER NR,183.12,32.2,0.0,2026-09-05,14:12,NAPTHA,35000,2,,(B),32.20 0.00 05.09  1412IOCLL  35000 ISIPLMT. TORM DOVER NR 183.12 2 NAPTHA ISIPL - (B),dtr0709.pdf,dtr2708.pdf,2026-08-26,2026-08-27,TORM DOVER
2026-09-06,2026-09-07,Paradip,FOR OJ,NOT READY,MT. GAS ALKHALEEJ NR,225.28,36.62,11.8,2026-09-07,09:54,BUTANE/PROP,28000,3,,(B),36.62 11.80 07.09  0954IOCLD  28000 AGSMT. GAS ALKHALEEJ NR 225.28 3 BUTANE/PROP AGS - (B),dtr0709.pdf,dtr2708.pdf,2026-08-26,2026-08-27,GAS ALKHALEEJ
2026-09-06,2026-09-07,Paradip,FOR SPM,READY,MT. OLYMPIC FLAG,273.97,47.0,15.0,2026-09-06,09:54,CRUDE OIL,124610,1,,,47.00 15.00 06.09  0954IOCL PLDD  124610 AGSMT. OLYMPIC FLAG 273.97 1 CRUDE OIL AGSR -,dtr0709.pdf,dtr2708.pdf,2026-08-26,2026-08-27,OLYMPIC FLAG
2026-09-06,2026-09-07,Paradip,FOR SPM,NOT READY,MT. AYAT NR,179.99,32.2,11.4,2026-08-26,19:30,CRUDE OIL,37861,1,,(B),32.20 11.40 26.08  1930IOCL PLDD  37861 AGSMT. AYAT NR 179.99 1 CRUDE OIL AGS - (B),dtr0709.pdf,dtr2708.pdf,2026-08-26,2026-08-27,AYAT
2026-09-06,2026-09-07,Paradip,FOR PICT,NOT READY,MV. TAN BINH 259 ICT/NR,175.53,29.4,9.5,2026-07-22,16:25,S.COIL,25391,1,,(B),29.40 9.50 22.07  1625JSLD  25391 SSSMV. TAN BINH 259 ICT/NR 175.53 1 S.COIL NK - (B),dtr0709.pdf,dtr2708.pdf,2026-08-26,2026-08-27,TAN BINH 259
2026-09-06,2026-09-07,Paradip,FOR PICT,NOT READY,MV. NEON TRADER ICT/NR,179.9,30.0,9.24,2026-09-01,17:36,S.COIL,15000,2,,(B),30.00 9.24 01.09  1736SAILL  15000 GACMV. NEON TRADER ICT/NR 179.90 2 S.COIL GAC - (B),dtr0709.pdf,dtr2708.pdf,2026-08-26,2026-08-27,NEON TRADER
2026-09-06,2026-09-07,Paradip,FOR PICT,NOT READY,MV. YPERION ICT/NR,229.0,32.26,7.25,2026-09-01,20:36,PIG IRON,66000,3,,(B),32.26 7.25 01.09  2036OMPLL  66000 J M BAXIMSPLMV. YPERION ICT/NR 229.00 3 PIG IRON J M BAXIMSPL - (B),dtr0709.pdf,dtr2708.pdf,2026-08-26,2026-08-27,YPERION
2026-09-06,2026-09-07,Paradip,FOR PICT,NOT READY,MV. DIONYSUS ICT/NR,199.9,32.26,12.35,2026-09-06,19:06,UREA,52500,4,,(B),32.26 12.35 06.09  1906BRAHMAPUTRAD  52500 SSSMV. DIONYSUS ICT/NR 199.90 4 UREA SSS - (B),dtr0709.pdf,dtr2708.pdf,2026-08-26,2026-08-27,DIONYSUS
2026-09-06,2026-09-07,Paradip,Others,NOT READY,MV. PELAGIA NR,228.99,32.26,12.86,2026-08-27,23:00,,36000,1,,(B),32.26 12.86 27.08  2300NKD  36000 ALAPMV. PELAGIA NR 228.99 1 A. SULPHATE ALAP - (B),dtr0709.pdf,dtr2708.pdf,2026-08-26,2026-08-27,PELAGIA
2026-09-06,2026-09-07,Paradip,FOR CB-1 & CB-2,READY,MV. APJ SETHU,224.86,32.26,0.0,2026-09-05,06:48,TH.COAL,75000,1,,,32.26 0.00 05.09  0648TNPGCLL  75000 SEAPORTMV. APJ SETHU 224.86 1 TH.COAL J M BAXIMSPLR - P,dtr0709.pdf,dtr2710.pdf,2025-10-26,2025-10-27,APJ SETHU
2026-09-06,2026-09-07,Paradip,FOR CB-1 & CB-2,READY,MV. SINGAPORE BULKER,189.99,32.26,13.3,2026-09-07,06:18,TH.COAL,55000,2,,,32.26 13.30 07.09  0618OPGL  55000 SEA SHIPSMV. SINGAPORE BULKER 189.99 2 TH.COAL SSSR -,dtr0709.pdf,dtr2710.pdf,2025-10-26,2025-10-27,SINGAPORE BULKER
2026-09-06,2026-09-07,Paradip,FOR CB-1 & CB-2,READY,MV. APJ ANGAD 2,224.94,32.26,14.5,2026-09-07,10:18,TH.COAL,75000,3,,,32.26 14.50 07.09  1018NTECL/CLPLL  75000 BOTHRAMV. APJ ANGAD 2 224.94 3 TH.COAL JMBR -,dtr0709.pdf,dtr2710.pdf,2025-10-26,2025-10-27,APJ ANGAD 2
2026-09-06,2026-09-07,Paradip,FOR OJ,NOT READY,MT. SHIVALIK NR,225.28,36.6,11.6,2026-09-04,17:12,BUTANE/PROP,13000,1,,(B),36.60 11.60 04.09  1712IOCLD  13000 SAMSARAMT. SHIVALIK NR 225.28 1 BUTANE/PROP SAMSARA - (B),dtr0709.pdf,dtr2710.pdf,2025-10-26,2025-10-27,SHIVALIK
2026-09-06,2026-09-07,Paradip,FOR OJ,NOT READY,MT. TORM DOVER NR,183.12,32.2,0.0,2026-09-05,14:12,NAPTHA,35000,2,,(B),32.20 0.00 05.09  1412IOCLL  35000 ISIPLMT. TORM DOVER NR 183.12 2 NAPTHA ISIPL - (B),dtr0709.pdf,dtr2710.pdf,2025-10-26,2025-10-27,TORM DOVER
2026-09-06,2026-09-07,Paradip,FOR OJ,NOT READY,MT. GAS ALKHALEEJ NR,225.28,36.62,11.8,2026-09-07,09:54,BUTANE/PROP,28000,3,,(B),36.62 11.80 07.09  0954IOCLD  28000 AGSMT. GAS ALKHALEEJ NR 225.28 3 BUTANE/PROP AGS - (B),dtr0709.pdf,dtr2710.pdf,2025-10-26,2025-10-27,GAS ALKHALEEJ
2026-09-06,2026-09-07,Paradip,FOR SPM,READY,MT. OLYMPIC FLAG,273.97,47.0,15.0,2026-09-06,09:54,CRUDE OIL,124610,1,,,47.00 15.00 06.09  0954IOCL PLDD  124610 AGSMT. OLYMPIC FLAG 273.97 1 CRUDE OIL AGSR -,dtr0709.pdf,dtr2710.pdf,2025-10-26,2025-10-27,OLYMPIC FLAG
2026-09-06,2026-09-07,Paradip,FOR SPM,NOT READY,MT. AYAT NR,179.99,32.2,11.4,2026-08-26,19:30,CRUDE OIL,37861,1,,(B),32.20 11.40 26.08  1930IOCL PLDD  37861 AGSMT. AYAT NR 179.99 1 CRUDE OIL AGS - (B),dtr0709.pdf,dtr2710.pdf,2025-10-26,2025-10-27,AYAT
2026-09-06,2026-09-07,Paradip,FOR PICT,NOT READY,MV. TAN BINH 259 ICT/NR,175.53,29.4,9.5,2026-07-22,16:25,S.COIL,25391,1,,(B),29.40 9.50 22.07  1625JSLD  25391 SSSMV. TAN BINH 259 ICT/NR 175.53 1 S.COIL NK - (B),dtr0709.pdf,dtr2710.pdf,2025-10-26,2025-10-27,TAN BINH 259
2026-09-06,2026-09-07,Paradip,FOR PICT,NOT READY,MV. NEON TRADER ICT/NR,179.9,30.0,9.24,2026-09-01,17:36,S.COIL,15000,2,,(B),30.00 9.24 01.09  1736SAILL  15000 GACMV. NEON TRADER ICT/NR 179.90 2 S.COIL GAC - (B),dtr0709.pdf,dtr2710.pdf,2025-10-26,2025-10-27,NEON TRADER
2026-09-06,2026-09-07,Paradip,FOR PICT,NOT READY,MV. YPERION ICT/NR,229.0,32.26,7.25,2026-09-01,20:36,PIG IRON,66000,3,,(B),32.26 7.25 01.09  2036OMPLL  66000 J M BAXIMSPLMV. YPERION ICT/NR 229.00 3 PIG IRON J M BAXIMSPL - (B),dtr0709.pdf,dtr2710.pdf,2025-10-26,2025-10-27,YPERION
2026-09-06,2026-09-07,Paradip,FOR PICT,NOT READY,MV. DIONYSUS ICT/NR,199.9,32.26,12.35,2026-09-06,19:06,UREA,52500,4,,(B),32.26 12.35 06.09  1906BRAHMAPUTRAD  52500 SSSMV. DIONYSUS ICT/NR 199.90 4 UREA SSS - (B),dtr0709.pdf,dtr2710.pdf,2025-10-26,2025-10-27,DIONYSUS
2026-09-06,2026-09-07,Paradip,Others,NOT READY,MV. PELAGIA NR,228.99,32.26,12.86,2026-08-27,23:00,,36000,1,,(B),32.26 12.86 27.08  2300NKD  36000 ALAPMV. PELAGIA NR 228.99 1 A. SULPHATE ALAP - (B),dtr0709.pdf,dtr2710.pdf,2025-10-26,2025-10-27,PELAGIA
2026-09-06,2026-09-07,Paradip,FOR CB-1 & CB-2,READY,MV. APJ SETHU,224.86,32.26,0.0,2026-09-05,06:48,TH.COAL,75000,1,,,32.26 0.00 05.09  0648TNPGCLL  75000 SEAPORTMV. APJ SETHU 224.86 1 TH.COAL J M BAXIMSPLR - P,dtr0709.pdf,dtr2806.pdf,2026-06-27,2026-06-28,APJ SETHU
2026-09-06,2026-09-07,Paradip,FOR CB-1 & CB-2,READY,MV. SINGAPORE BULKER,189.99,32.26,13.3,2026-09-07,06:18,TH.COAL,55000,2,,,32.26 13.30 07.09  0618OPGL  55000 SEA SHIPSMV. SINGAPORE BULKER 189.99 2 TH.COAL SSSR -,dtr0709.pdf,dtr2806.pdf,2026-06-27,2026-06-28,SINGAPORE BULKER
2026-09-06,2026-09-07,Paradip,FOR CB-1 & CB-2,READY,MV. APJ ANGAD 2,224.94,32.26,14.5,2026-09-07,10:18,TH.COAL,75000,3,,,32.26 14.50 07.09  1018NTECL/CLPLL  75000 BOTHRAMV. APJ ANGAD 2 224.94 3 TH.COAL JMBR -,dtr0709.pdf,dtr2806.pdf,2026-06-27,2026-06-28,APJ ANGAD 2
2026-09-06,2026-09-07,Paradip,FOR OJ,NOT READY,MT. SHIVALIK NR,225.28,36.6,11.6,2026-09-04,17:12,BUTANE/PROP,13000,1,,(B),36.60 11.60 04.09  1712IOCLD  13000 SAMSARAMT. SHIVALIK NR 225.28 1 BUTANE/PROP SAMSARA - (B),dtr0709.pdf,dtr2806.pdf,2026-06-27,2026-06-28,SHIVALIK
2026-09-06,2026-09-07,Paradip,FOR OJ,NOT READY,MT. TORM DOVER NR,183.12,32.2,0.0,2026-09-05,14:12,NAPTHA,35000,2,,(B),32.20 0.00 05.09  1412IOCLL  35000 ISIPLMT. TORM DOVER NR 183.12 2 NAPTHA ISIPL - (B),dtr0709.pdf,dtr2806.pdf,2026-06-27,2026-06-28,TORM DOVER
2026-09-06,2026-09-07,Paradip,FOR OJ,NOT READY,MT. GAS ALKHALEEJ NR,225.28,36.62,11.8,2026-09-07,09:54,BUTANE/PROP,28000,3,,(B),36.62 11.80 07.09  0954IOCLD  28000 AGSMT. GAS ALKHALEEJ NR 225.28 3 BUTANE/PROP AGS - (B),dtr0709.pdf,dtr2806.pdf,2026-06-27,2026-06-28,GAS ALKHALEEJ
2026-09-06,2026-09-07,Paradip,FOR SPM,READY,MT. OLYMPIC FLAG,273.97,47.0,15.0,2026-09-06,09:54,CRUDE OIL,124610,1,,,47.00 15.00 06.09  0954IOCL PLDD  124610 AGSMT. OLYMPIC FLAG 273.97 1 CRUDE OIL AGSR -,dtr0709.pdf,dtr2806.pdf,2026-06-27,2026-06-28,OLYMPIC FLAG
2026-09-06,2026-09-07,Paradip,FOR SPM,NOT READY,MT. AYAT NR,179.99,32.2,11.4,2026-08-26,19:30,CRUDE OIL,37861,1,,(B),32.20 11.40 26.08  1930IOCL PLDD  37861 AGSMT. AYAT NR 179.99 1 CRUDE OIL AGS - (B),dtr0709.pdf,dtr2806.pdf,2026-06-27,2026-06-28,AYAT
2026-09-06,2026-09-07,Paradip,FOR PICT,NOT READY,MV. TAN BINH 259 ICT/NR,175.53,29.4,9.5,2026-07-22,16:25,S.COIL,25391,1,,(B),29.40 9.50 22.07  1625JSLD  25391 SSSMV. TAN BINH 259 ICT/NR 175.53 1 S.COIL NK - (B),dtr0709.pdf,dtr2806.pdf,2026-06-27,2026-06-28,TAN BINH 259
2026-09-06,2026-09-07,Paradip,FOR PICT,NOT READY,MV. NEON TRADER ICT/NR,179.9,30.0,9.24,2026-09-01,17:36,S.COIL,15000,2,,(B),30.00 9.24 01.09  1736SAILL  15000 GACMV. NEON TRADER ICT/NR 179.90 2 S.COIL GAC - (B),dtr0709.pdf,dtr2806.pdf,2026-06-27,2026-06-28,NEON TRADER
2026-09-06,2026-09-07,Paradip,FOR PICT,NOT READY,MV. YPERION ICT/NR,229.0,32.26,7.25,2026-09-01,20:36,PIG IRON,66000,3,,(B),32.26 7.25 01.09  2036OMPLL  66000 J M BAXIMSPLMV. YPERION ICT/NR 229.00 3 PIG IRON J M BAXIMSPL - (B),dtr0709.pdf,dtr2806.pdf,2026-06-27,2026-06-28,YPERION
2026-09-06,2026-09-07,Paradip,FOR PICT,NOT READY,MV. DIONYSUS ICT/NR,199.9,32.26,12.35,2026-09-06,19:06,UREA,52500,4,,(B),32.26 12.35 06.09  1906BRAHMAPUTRAD  52500 SSSMV. DIONYSUS ICT/NR 199.90 4 UREA SSS - (B),dtr0709.pdf,dtr2806.pdf,2026-06-27,2026-06-28,DIONYSUS
2026-09-06,2026-09-07,Paradip,Others,NOT READY,MV. PELAGIA NR,228.99,32.26,12.86,2026-08-27,23:00,,36000,1,,(B),32.26 12.86 27.08  2300NKD  36000 ALAPMV. PELAGIA NR 228.99 1 A. SULPHATE ALAP - (B),dtr0709.pdf,dtr2806.pdf,2026-06-27,2026-06-28,PELAGIA
2026-09-06,2026-09-07,Paradip,FOR CB-1 & CB-2,READY,MV. APJ SETHU,224.86,32.26,0.0,2026-09-05,06:48,TH.COAL,75000,1,,,32.26 0.00 05.09  0648TNPGCLL  75000 SEAPORTMV. APJ SETHU 224.86 1 TH.COAL J M BAXIMSPLR - P,dtr0709.pdf,dtr2807.pdf,2026-07-27,2026-07-28,APJ SETHU
2026-09-06,2026-09-07,Paradip,FOR CB-1 & CB-2,READY,MV. SINGAPORE BULKER,189.99,32.26,13.3,2026-09-07,06:18,TH.COAL,55000,2,,,32.26 13.30 07.09  0618OPGL  55000 SEA SHIPSMV. SINGAPORE BULKER 189.99 2 TH.COAL SSSR -,dtr0709.pdf,dtr2807.pdf,2026-07-27,2026-07-28,SINGAPORE BULKER
2026-09-06,2026-09-07,Paradip,FOR CB-1 & CB-2,READY,MV. APJ ANGAD 2,224.94,32.26,14.5,2026-09-07,10:18,TH.COAL,75000,3,,,32.26 14.50 07.09  1018NTECL/CLPLL  75000 BOTHRAMV. APJ ANGAD 2 224.94 3 TH.COAL JMBR -,dtr0709.pdf,dtr2807.pdf,2026-07-27,2026-07-28,APJ ANGAD 2
2026-09-06,2026-09-07,Paradip,FOR OJ,NOT READY,MT. SHIVALIK NR,225.28,36.6,11.6,2026-09-04,17:12,BUTANE/PROP,13000,1,,(B),36.60 11.60 04.09  1712IOCLD  13000 SAMSARAMT. SHIVALIK NR 225.28 1 BUTANE/PROP SAMSARA - (B),dtr0709.pdf,dtr2807.pdf,2026-07-27,2026-07-28,SHIVALIK
2026-09-06,2026-09-07,Paradip,FOR OJ,NOT READY,MT. TORM DOVER NR,183.12,32.2,0.0,2026-09-05,14:12,NAPTHA,35000,2,,(B),32.20 0.00 05.09  1412IOCLL  35000 ISIPLMT. TORM DOVER NR 183.12 2 NAPTHA ISIPL - (B),dtr0709.pdf,dtr2807.pdf,2026-07-27,2026-07-28,TORM DOVER
2026-09-06,2026-09-07,Paradip,FOR OJ,NOT READY,MT. GAS ALKHALEEJ NR,225.28,36.62,11.8,2026-09-07,09:54,BUTANE/PROP,28000,3,,(B),36.62 11.80 07.09  0954IOCLD  28000 AGSMT. GAS ALKHALEEJ NR 225.28 3 BUTANE/PROP AGS - (B),dtr0709.pdf,dtr2807.pdf,2026-07-27,2026-07-28,GAS ALKHALEEJ
2026-09-06,2026-09-07,Paradip,FOR SPM,READY,MT. OLYMPIC FLAG,273.97,47.0,15.0,2026-09-06,09:54,CRUDE OIL,124610,1,,,47.00 15.00 06.09  0954IOCL PLDD  124610 AGSMT. OLYMPIC FLAG 273.97 1 CRUDE OIL AGSR -,dtr0709.pdf,dtr2807.pdf,2026-07-27,2026-07-28,OLYMPIC FLAG
2026-09-06,2026-09-07,Paradip,FOR SPM,NOT READY,MT. AYAT NR,179.99,32.2,11.4,2026-08-26,19:30,CRUDE OIL,37861,1,,(B),32.20 11.40 26.08  1930IOCL PLDD  37861 AGSMT. AYAT NR 179.99 1 CRUDE OIL AGS - (B),dtr0709.pdf,dtr2807.pdf,2026-07-27,2026-07-28,AYAT
2026-09-06,2026-09-07,Paradip,FOR PICT,NOT READY,MV. TAN BINH 259 ICT/NR,175.53,29.4,9.5,2026-07-22,16:25,S.COIL,25391,1,,(B),29.40 9.50 22.07  1625JSLD  25391 SSSMV. TAN BINH 259 ICT/NR 175.53 1 S.COIL NK - (B),dtr0709.pdf,dtr2807.pdf,2026-07-27,2026-07-28,TAN BINH 259
2026-09-06,2026-09-07,Paradip,FOR PICT,NOT READY,MV. NEON TRADER ICT/NR,179.9,30.0,9.24,2026-09-01,17:36,S.COIL,15000,2,,(B),30.00 9.24 01.09  1736SAILL  15000 GACMV. NEON TRADER ICT/NR 179.90 2 S.COIL GAC - (B),dtr0709.pdf,dtr2807.pdf,2026-07-27,2026-07-28,NEON TRADER
2026-09-06,2026-09-07,Paradip,FOR PICT,NOT READY,MV. YPERION ICT/NR,229.0,32.26,7.25,2026-09-01,20:36,PIG IRON,66000,3,,(B),32.26 7.25 01.09  2036OMPLL  66000 J M BAXIMSPLMV. YPERION ICT/NR 229.00 3 PIG IRON J M BAXIMSPL - (B),dtr0709.pdf,dtr2807.pdf,2026-07-27,2026-07-28,YPERION
2026-09-06,2026-09-07,Paradip,FOR PICT,NOT READY,MV. DIONYSUS ICT/NR,199.9,32.26,12.35,2026-09-06,19:06,UREA,52500,4,,(B),32.26 12.35 06.09  1906BRAHMAPUTRAD  52500 SSSMV. DIONYSUS ICT/NR 199.90 4 UREA SSS - (B),dtr0709.pdf,dtr2807.pdf,2026-07-27,2026-07-28,DIONYSUS
2026-09-06,2026-09-07,Paradip,Others,NOT READY,MV. PELAGIA NR,228.99,32.26,12.86,2026-08-27,23:00,,36000,1,,(B),32.26 12.86 27.08  2300NKD  36000 ALAPMV. PELAGIA NR 228.99 1 A. SULPHATE ALAP - (B),dtr0709.pdf,dtr2807.pdf,2026-07-27,2026-07-28,PELAGIA
2026-09-06,2026-09-07,Paradip,FOR CB-1 & CB-2,READY,MV. APJ SETHU,224.86,32.26,0.0,2026-09-05,06:48,TH.COAL,75000,1,,,32.26 0.00 05.09  0648TNPGCLL  75000 SEAPORTMV. APJ SETHU 224.86 1 TH.COAL J M BAXIMSPLR - P,dtr0709.pdf,dtr2808.pdf,2026-08-27,2026-08-28,APJ SETHU
2026-09-06,2026-09-07,Paradip,FOR CB-1 & CB-2,READY,MV. SINGAPORE BULKER,189.99,32.26,13.3,2026-09-07,06:18,TH.COAL,55000,2,,,32.26 13.30 07.09  0618OPGL  55000 SEA SHIPSMV. SINGAPORE BULKER 189.99 2 TH.COAL SSSR -,dtr0709.pdf,dtr2808.pdf,2026-08-27,2026-08-28,SINGAPORE BULKER
2026-09-06,2026-09-07,Paradip,FOR CB-1 & CB-2,READY,MV. APJ ANGAD 2,224.94,32.26,14.5,2026-09-07,10:18,TH.COAL,75000,3,,,32.26 14.50 07.09  1018NTECL/CLPLL  75000 BOTHRAMV. APJ ANGAD 2 224.94 3 TH.COAL JMBR -,dtr0709.pdf,dtr2808.pdf,2026-08-27,2026-08-28,APJ ANGAD 2
2026-09-06,2026-09-07,Paradip,FOR OJ,NOT READY,MT. SHIVALIK NR,225.28,36.6,11.6,2026-09-04,17:12,BUTANE/PROP,13000,1,,(B),36.60 11.60 04.09  1712IOCLD  13000 SAMSARAMT. SHIVALIK NR 225.28 1 BUTANE/PROP SAMSARA - (B),dtr0709.pdf,dtr2808.pdf,2026-08-27,2026-08-28,SHIVALIK
2026-09-06,2026-09-07,Paradip,FOR OJ,NOT READY,MT. TORM DOVER NR,183.12,32.2,0.0,2026-09-05,14:12,NAPTHA,35000,2,,(B),32.20 0.00 05.09  1412IOCLL  35000 ISIPLMT. TORM DOVER NR 183.12 2 NAPTHA ISIPL - (B),dtr0709.pdf,dtr2808.pdf,2026-08-27,2026-08-28,TORM DOVER
2026-09-06,2026-09-07,Paradip,FOR OJ,NOT READY,MT. GAS ALKHALEEJ NR,225.28,36.62,11.8,2026-09-07,09:54,BUTANE/PROP,28000,3,,(B),36.62 11.80 07.09  0954IOCLD  28000 AGSMT. GAS ALKHALEEJ NR 225.28 3 BUTANE/PROP AGS - (B),dtr0709.pdf,dtr2808.pdf,2026-08-27,2026-08-28,GAS ALKHALEEJ
2026-09-06,2026-09-07,Paradip,FOR SPM,READY,MT. OLYMPIC FLAG,273.97,47.0,15.0,2026-09-06,09:54,CRUDE OIL,124610,1,,,47.00 15.00 06.09  0954IOCL PLDD  124610 AGSMT. OLYMPIC FLAG 273.97 1 CRUDE OIL AGSR -,dtr0709.pdf,dtr2808.pdf,2026-08-27,2026-08-28,OLYMPIC FLAG
2026-09-06,2026-09-07,Paradip,FOR SPM,NOT READY,MT. AYAT NR,179.99,32.2,11.4,2026-08-26,19:30,CRUDE OIL,37861,1,,(B),32.20 11.40 26.08  1930IOCL PLDD  37861 AGSMT. AYAT NR 179.99 1 CRUDE OIL AGS - (B),dtr0709.pdf,dtr2808.pdf,2026-08-27,2026-08-28,AYAT
2026-09-06,2026-09-07,Paradip,FOR PICT,NOT READY,MV. TAN BINH 259 ICT/NR,175.53,29.4,9.5,2026-07-22,16:25,S.COIL,25391,1,,(B),29.40 9.50 22.07  1625JSLD  25391 SSSMV. TAN BINH 259 ICT/NR 175.53 1 S.COIL NK - (B),dtr0709.pdf,dtr2808.pdf,2026-08-27,2026-08-28,TAN BINH 259
2026-09-06,2026-09-07,Paradip,FOR PICT,NOT READY,MV. NEON TRADER ICT/NR,179.9,30.0,9.24,2026-09-01,17:36,S.COIL,15000,2,,(B),30.00 9.24 01.09  1736SAILL  15000 GACMV. NEON TRADER ICT/NR 179.90 2 S.COIL GAC - (B),dtr0709.pdf,dtr2808.pdf,2026-08-27,2026-08-28,NEON TRADER
2026-09-06,2026-09-07,Paradip,FOR PICT,NOT READY,MV. YPERION ICT/NR,229.0,32.26,7.25,2026-09-01,20:36,PIG IRON,66000,3,,(B),32.26 7.25 01.09  2036OMPLL  66000 J M BAXIMSPLMV. YPERION ICT/NR 229.00 3 PIG IRON J M BAXIMSPL - (B),dtr0709.pdf,dtr2808.pdf,2026-08-27,2026-08-28,YPERION
2026-09-06,2026-09-07,Paradip,FOR PICT,NOT READY,MV. DIONYSUS ICT/NR,199.9,32.26,12.35,2026-09-06,19:06,UREA,52500,4,,(B),32.26 12.35 06.09  1906BRAHMAPUTRAD  52500 SSSMV. DIONYSUS ICT/NR 199.90 4 UREA SSS - (B),dtr0709.pdf,dtr2808.pdf,2026-08-27,2026-08-28,DIONYSUS
2026-09-06,2026-09-07,Paradip,Others,NOT READY,MV. PELAGIA NR,228.99,32.26,12.86,2026-08-27,23:00,,36000,1,,(B),32.26 12.86 27.08  2300NKD  36000 ALAPMV. PELAGIA NR 228.99 1 A. SULPHATE ALAP - (B),dtr0709.pdf,dtr2808.pdf,2026-08-27,2026-08-28,PELAGIA
2026-09-06,2026-09-07,Paradip,FOR CB-1 & CB-2,READY,MV. APJ SETHU,224.86,32.26,0.0,2026-09-05,06:48,TH.COAL,75000,1,,,32.26 0.00 05.09  0648TNPGCLL  75000 SEAPORTMV. APJ SETHU 224.86 1 TH.COAL J M BAXIMSPLR - P,dtr0709.pdf,dtr2810.pdf,2025-10-27,2025-10-28,APJ SETHU
2026-09-06,2026-09-07,Paradip,FOR CB-1 & CB-2,READY,MV. SINGAPORE BULKER,189.99,32.26,13.3,2026-09-07,06:18,TH.COAL,55000,2,,,32.26 13.30 07.09  0618OPGL  55000 SEA SHIPSMV. SINGAPORE BULKER 189.99 2 TH.COAL SSSR -,dtr0709.pdf,dtr2810.pdf,2025-10-27,2025-10-28,SINGAPORE BULKER
2026-09-06,2026-09-07,Paradip,FOR CB-1 & CB-2,READY,MV. APJ ANGAD 2,224.94,32.26,14.5,2026-09-07,10:18,TH.COAL,75000,3,,,32.26 14.50 07.09  1018NTECL/CLPLL  75000 BOTHRAMV. APJ ANGAD 2 224.94 3 TH.COAL JMBR -,dtr0709.pdf,dtr2810.pdf,2025-10-27,2025-10-28,APJ ANGAD 2
2026-09-06,2026-09-07,Paradip,FOR OJ,NOT READY,MT. SHIVALIK NR,225.28,36.6,11.6,2026-09-04,17:12,BUTANE/PROP,13000,1,,(B),36.60 11.60 04.09  1712IOCLD  13000 SAMSARAMT. SHIVALIK NR 225.28 1 BUTANE/PROP SAMSARA - (B),dtr0709.pdf,dtr2810.pdf,2025-10-27,2025-10-28,SHIVALIK
2026-09-06,2026-09-07,Paradip,FOR OJ,NOT READY,MT. TORM DOVER NR,183.12,32.2,0.0,2026-09-05,14:12,NAPTHA,35000,2,,(B),32.20 0.00 05.09  1412IOCLL  35000 ISIPLMT. TORM DOVER NR 183.12 2 NAPTHA ISIPL - (B),dtr0709.pdf,dtr2810.pdf,2025-10-27,2025-10-28,TORM DOVER
2026-09-06,2026-09-07,Paradip,FOR OJ,NOT READY,MT. GAS ALKHALEEJ NR,225.28,36.62,11.8,2026-09-07,09:54,BUTANE/PROP,28000,3,,(B),36.62 11.80 07.09  0954IOCLD  28000 AGSMT. GAS ALKHALEEJ NR 225.28 3 BUTANE/PROP AGS - (B),dtr0709.pdf,dtr2810.pdf,2025-10-27,2025-10-28,GAS ALKHALEEJ
2026-09-06,2026-09-07,Paradip,FOR SPM,READY,MT. OLYMPIC FLAG,273.97,47.0,15.0,2026-09-06,09:54,CRUDE OIL,124610,1,,,47.00 15.00 06.09  0954IOCL PLDD  124610 AGSMT. OLYMPIC FLAG 273.97 1 CRUDE OIL AGSR -,dtr0709.pdf,dtr2810.pdf,2025-10-27,2025-10-28,OLYMPIC FLAG
2026-09-06,2026-09-07,Paradip,FOR SPM,NOT READY,MT. AYAT NR,179.99,32.2,11.4,2026-08-26,19:30,CRUDE OIL,37861,1,,(B),32.20 11.40 26.08  1930IOCL PLDD  37861 AGSMT. AYAT NR 179.99 1 CRUDE OIL AGS - (B),dtr0709.pdf,dtr2810.pdf,2025-10-27,2025-10-28,AYAT
2026-09-06,2026-09-07,Paradip,FOR PICT,NOT READY,MV. TAN BINH 259 ICT/NR,175.53,29.4,9.5,2026-07-22,16:25,S.COIL,25391,1,,(B),29.40 9.50 22.07  1625JSLD  25391 SSSMV. TAN BINH 259 ICT/NR 175.53 1 S.COIL NK - (B),dtr0709.pdf,dtr2810.pdf,2025-10-27,2025-10-28,TAN BINH 259
2026-09-06,2026-09-07,Paradip,FOR PICT,NOT READY,MV. NEON TRADER ICT/NR,179.9,30.0,9.24,2026-09-01,17:36,S.COIL,15000,2,,(B),30.00 9.24 01.09  1736SAILL  15000 GACMV. NEON TRADER ICT/NR 179.90 2 S.COIL GAC - (B),dtr0709.pdf,dtr2810.pdf,2025-10-27,2025-10-28,NEON TRADER
2026-09-06,2026-09-07,Paradip,FOR PICT,NOT READY,MV. YPERION ICT/NR,229.0,32.26,7.25,2026-09-01,20:36,PIG IRON,66000,3,,(B),32.26 7.25 01.09  2036OMPLL  66000 J M BAXIMSPLMV. YPERION ICT/NR 229.00 3 PIG IRON J M BAXIMSPL - (B),dtr0709.pdf,dtr2810.pdf,2025-10-27,2025-10-28,YPERION
2026-09-06,2026-09-07,Paradip,FOR PICT,NOT READY,MV. DIONYSUS ICT/NR,199.9,32.26,12.35,2026-09-06,19:06,UREA,52500,4,,(B),32.26 12.35 06.09  1906BRAHMAPUTRAD  52500 SSSMV. DIONYSUS ICT/NR 199.90 4 UREA SSS - (B),dtr0709.pdf,dtr2810.pdf,2025-10-27,2025-10-28,DIONYSUS
2026-09-06,2026-09-07,Paradip,Others,NOT READY,MV. PELAGIA NR,228.99,32.26,12.86,2026-08-27,23:00,,36000,1,,(B),32.26 12.86 27.08  2300NKD  36000 ALAPMV. PELAGIA NR 228.99 1 A. SULPHATE ALAP - (B),dtr0709.pdf,dtr2810.pdf,2025-10-27,2025-10-28,PELAGIA
2026-09-06,2026-09-07,Paradip,FOR CB-1 & CB-2,READY,MV. APJ SETHU,224.86,32.26,0.0,2026-09-05,06:48,TH.COAL,75000,1,,,32.26 0.00 05.09  0648TNPGCLL  75000 SEAPORTMV. APJ SETHU 224.86 1 TH.COAL J M BAXIMSPLR - P,dtr0709.pdf,dtr2906.pdf,2026-06-28,2026-06-29,APJ SETHU
2026-09-06,2026-09-07,Paradip,FOR CB-1 & CB-2,READY,MV. SINGAPORE BULKER,189.99,32.26,13.3,2026-09-07,06:18,TH.COAL,55000,2,,,32.26 13.30 07.09  0618OPGL  55000 SEA SHIPSMV. SINGAPORE BULKER 189.99 2 TH.COAL SSSR -,dtr0709.pdf,dtr2906.pdf,2026-06-28,2026-06-29,SINGAPORE BULKER
2026-09-06,2026-09-07,Paradip,FOR CB-1 & CB-2,READY,MV. APJ ANGAD 2,224.94,32.26,14.5,2026-09-07,10:18,TH.COAL,75000,3,,,32.26 14.50 07.09  1018NTECL/CLPLL  75000 BOTHRAMV. APJ ANGAD 2 224.94 3 TH.COAL JMBR -,dtr0709.pdf,dtr2906.pdf,2026-06-28,2026-06-29,APJ ANGAD 2
2026-09-06,2026-09-07,Paradip,FOR OJ,NOT READY,MT. SHIVALIK NR,225.28,36.6,11.6,2026-09-04,17:12,BUTANE/PROP,13000,1,,(B),36.60 11.60 04.09  1712IOCLD  13000 SAMSARAMT. SHIVALIK NR 225.28 1 BUTANE/PROP SAMSARA - (B),dtr0709.pdf,dtr2906.pdf,2026-06-28,2026-06-29,SHIVALIK
2026-09-06,2026-09-07,Paradip,FOR OJ,NOT READY,MT. TORM DOVER NR,183.12,32.2,0.0,2026-09-05,14:12,NAPTHA,35000,2,,(B),32.20 0.00 05.09  1412IOCLL  35000 ISIPLMT. TORM DOVER NR 183.12 2 NAPTHA ISIPL - (B),dtr0709.pdf,dtr2906.pdf,2026-06-28,2026-06-29,TORM DOVER
2026-09-06,2026-09-07,Paradip,FOR OJ,NOT READY,MT. GAS ALKHALEEJ NR,225.28,36.62,11.8,2026-09-07,09:54,BUTANE/PROP,28000,3,,(B),36.62 11.80 07.09  0954IOCLD  28000 AGSMT. GAS ALKHALEEJ NR 225.28 3 BUTANE/PROP AGS - (B),dtr0709.pdf,dtr2906.pdf,2026-06-28,2026-06-29,GAS ALKHALEEJ
2026-09-06,2026-09-07,Paradip,FOR SPM,READY,MT. OLYMPIC FLAG,273.97,47.0,15.0,2026-09-06,09:54,CRUDE OIL,124610,1,,,47.00 15.00 06.09  0954IOCL PLDD  124610 AGSMT. OLYMPIC FLAG 273.97 1 CRUDE OIL AGSR -,dtr0709.pdf,dtr2906.pdf,2026-06-28,2026-06-29,OLYMPIC FLAG
2026-09-06,2026-09-07,Paradip,FOR SPM,NOT READY,MT. AYAT NR,179.99,32.2,11.4,2026-08-26,19:30,CRUDE OIL,37861,1,,(B),32.20 11.40 26.08  1930IOCL PLDD  37861 AGSMT. AYAT NR 179.99 1 CRUDE OIL AGS - (B),dtr0709.pdf,dtr2906.pdf,2026-06-28,2026-06-29,AYAT
2026-09-06,2026-09-07,Paradip,FOR PICT,NOT READY,MV. TAN BINH 259 ICT/NR,175.53,29.4,9.5,2026-07-22,16:25,S.COIL,25391,1,,(B),29.40 9.50 22.07  1625JSLD  25391 SSSMV. TAN BINH 259 ICT/NR 175.53 1 S.COIL NK - (B),dtr0709.pdf,dtr2906.pdf,2026-06-28,2026-06-29,TAN BINH 259
2026-09-06,2026-09-07,Paradip,FOR PICT,NOT READY,MV. NEON TRADER ICT/NR,179.9,30.0,9.24,2026-09-01,17:36,S.COIL,15000,2,,(B),30.00 9.24 01.09  1736SAILL  15000 GACMV. NEON TRADER ICT/NR 179.90 2 S.COIL GAC - (B),dtr0709.pdf,dtr2906.pdf,2026-06-28,2026-06-29,NEON TRADER
2026-09-06,2026-09-07,Paradip,FOR PICT,NOT READY,MV. YPERION ICT/NR,229.0,32.26,7.25,2026-09-01,20:36,PIG IRON,66000,3,,(B),32.26 7.25 01.09  2036OMPLL  66000 J M BAXIMSPLMV. YPERION ICT/NR 229.00 3 PIG IRON J M BAXIMSPL - (B),dtr0709.pdf,dtr2906.pdf,2026-06-28,2026-06-29,YPERION
2026-09-06,2026-09-07,Paradip,FOR PICT,NOT READY,MV. DIONYSUS ICT/NR,199.9,32.26,12.35,2026-09-06,19:06,UREA,52500,4,,(B),32.26 12.35 06.09  1906BRAHMAPUTRAD  52500 SSSMV. DIONYSUS ICT/NR 199.90 4 UREA SSS - (B),dtr0709.pdf,dtr2906.pdf,2026-06-28,2026-06-29,DIONYSUS
2026-09-06,2026-09-07,Paradip,Others,NOT READY,MV. PELAGIA NR,228.99,32.26,12.86,2026-08-27,23:00,,36000,1,,(B),32.26 12.86 27.08  2300NKD  36000 ALAPMV. PELAGIA NR 228.99 1 A. SULPHATE ALAP - (B),dtr0709.pdf,dtr2906.pdf,2026-06-28,2026-06-29,PELAGIA
2026-09-06,2026-09-07,Paradip,FOR CB-1 & CB-2,READY,MV. APJ SETHU,224.86,32.26,0.0,2026-09-05,06:48,TH.COAL,75000,1,,,32.26 0.00 05.09  0648TNPGCLL  75000 SEAPORTMV. APJ SETHU 224.86 1 TH.COAL J M BAXIMSPLR - P,dtr0709.pdf,dtr2907.pdf,2026-07-28,2026-07-29,APJ SETHU
2026-09-06,2026-09-07,Paradip,FOR CB-1 & CB-2,READY,MV. SINGAPORE BULKER,189.99,32.26,13.3,2026-09-07,06:18,TH.COAL,55000,2,,,32.26 13.30 07.09  0618OPGL  55000 SEA SHIPSMV. SINGAPORE BULKER 189.99 2 TH.COAL SSSR -,dtr0709.pdf,dtr2907.pdf,2026-07-28,2026-07-29,SINGAPORE BULKER
2026-09-06,2026-09-07,Paradip,FOR CB-1 & CB-2,READY,MV. APJ ANGAD 2,224.94,32.26,14.5,2026-09-07,10:18,TH.COAL,75000,3,,,32.26 14.50 07.09  1018NTECL/CLPLL  75000 BOTHRAMV. APJ ANGAD 2 224.94 3 TH.COAL JMBR -,dtr0709.pdf,dtr2907.pdf,2026-07-28,2026-07-29,APJ ANGAD 2
2026-09-06,2026-09-07,Paradip,FOR OJ,NOT READY,MT. SHIVALIK NR,225.28,36.6,11.6,2026-09-04,17:12,BUTANE/PROP,13000,1,,(B),36.60 11.60 04.09  1712IOCLD  13000 SAMSARAMT. SHIVALIK NR 225.28 1 BUTANE/PROP SAMSARA - (B),dtr0709.pdf,dtr2907.pdf,2026-07-28,2026-07-29,SHIVALIK
2026-09-06,2026-09-07,Paradip,FOR OJ,NOT READY,MT. TORM DOVER NR,183.12,32.2,0.0,2026-09-05,14:12,NAPTHA,35000,2,,(B),32.20 0.00 05.09  1412IOCLL  35000 ISIPLMT. TORM DOVER NR 183.12 2 NAPTHA ISIPL - (B),dtr0709.pdf,dtr2907.pdf,2026-07-28,2026-07-29,TORM DOVER
2026-09-06,2026-09-07,Paradip,FOR OJ,NOT READY,MT. GAS ALKHALEEJ NR,225.28,36.62,11.8,2026-09-07,09:54,BUTANE/PROP,28000,3,,(B),36.62 11.80 07.09  0954IOCLD  28000 AGSMT. GAS ALKHALEEJ NR 225.28 3 BUTANE/PROP AGS - (B),dtr0709.pdf,dtr2907.pdf,2026-07-28,2026-07-29,GAS ALKHALEEJ
2026-09-06,2026-09-07,Paradip,FOR SPM,READY,MT. OLYMPIC FLAG,273.97,47.0,15.0,2026-09-06,09:54,CRUDE OIL,124610,1,,,47.00 15.00 06.09  0954IOCL PLDD  124610 AGSMT. OLYMPIC FLAG 273.97 1 CRUDE OIL AGSR -,dtr0709.pdf,dtr2907.pdf,2026-07-28,2026-07-29,OLYMPIC FLAG
2026-09-06,2026-09-07,Paradip,FOR SPM,NOT READY,MT. AYAT NR,179.99,32.2,11.4,2026-08-26,19:30,CRUDE OIL,37861,1,,(B),32.20 11.40 26.08  1930IOCL PLDD  37861 AGSMT. AYAT NR 179.99 1 CRUDE OIL AGS - (B),dtr0709.pdf,dtr2907.pdf,2026-07-28,2026-07-29,AYAT
2026-09-06,2026-09-07,Paradip,FOR PICT,NOT READY,MV. TAN BINH 259 ICT/NR,175.53,29.4,9.5,2026-07-22,16:25,S.COIL,25391,1,,(B),29.40 9.50 22.07  1625JSLD  25391 SSSMV. TAN BINH 259 ICT/NR 175.53 1 S.COIL NK - (B),dtr0709.pdf,dtr2907.pdf,2026-07-28,2026-07-29,TAN BINH 259
2026-09-06,2026-09-07,Paradip,FOR PICT,NOT READY,MV. NEON TRADER ICT/NR,179.9,30.0,9.24,2026-09-01,17:36,S.COIL,15000,2,,(B),30.00 9.24 01.09  1736SAILL  15000 GACMV. NEON TRADER ICT/NR 179.90 2 S.COIL GAC - (B),dtr0709.pdf,dtr2907.pdf,2026-07-28,2026-07-29,NEON TRADER
2026-09-06,2026-09-07,Paradip,FOR PICT,NOT READY,MV. YPERION ICT/NR,229.0,32.26,7.25,2026-09-01,20:36,PIG IRON,66000,3,,(B),32.26 7.25 01.09  2036OMPLL  66000 J M BAXIMSPLMV. YPERION ICT/NR 229.00 3 PIG IRON J M BAXIMSPL - (B),dtr0709.pdf,dtr2907.pdf,2026-07-28,2026-07-29,YPERION
2026-09-06,2026-09-07,Paradip,FOR PICT,NOT READY,MV. DIONYSUS ICT/NR,199.9,32.26,12.35,2026-09-06,19:06,UREA,52500,4,,(B),32.26 12.35 06.09  1906BRAHMAPUTRAD  52500 SSSMV. DIONYSUS ICT/NR 199.90 4 UREA SSS - (B),dtr0709.pdf,dtr2907.pdf,2026-07-28,2026-07-29,DIONYSUS
2026-09-06,2026-09-07,Paradip,Others,NOT READY,MV. PELAGIA NR,228.99,32.26,12.86,2026-08-27,23:00,,36000,1,,(B),32.26 12.86 27.08  2300NKD  36000 ALAPMV. PELAGIA NR 228.99 1 A. SULPHATE ALAP - (B),dtr0709.pdf,dtr2907.pdf,2026-07-28,2026-07-29,PELAGIA
2026-09-06,2026-09-07,Paradip,FOR CB-1 & CB-2,READY,MV. APJ SETHU,224.86,32.26,0.0,2026-09-05,06:48,TH.COAL,75000,1,,,32.26 0.00 05.09  0648TNPGCLL  75000 SEAPORTMV. APJ SETHU 224.86 1 TH.COAL J M BAXIMSPLR - P,dtr0709.pdf,dtr2908.pdf,2026-08-28,2026-08-29,APJ SETHU
2026-09-06,2026-09-07,Paradip,FOR CB-1 & CB-2,READY,MV. SINGAPORE BULKER,189.99,32.26,13.3,2026-09-07,06:18,TH.COAL,55000,2,,,32.26 13.30 07.09  0618OPGL  55000 SEA SHIPSMV. SINGAPORE BULKER 189.99 2 TH.COAL SSSR -,dtr0709.pdf,dtr2908.pdf,2026-08-28,2026-08-29,SINGAPORE BULKER
2026-09-06,2026-09-07,Paradip,FOR CB-1 & CB-2,READY,MV. APJ ANGAD 2,224.94,32.26,14.5,2026-09-07,10:18,TH.COAL,75000,3,,,32.26 14.50 07.09  1018NTECL/CLPLL  75000 BOTHRAMV. APJ ANGAD 2 224.94 3 TH.COAL JMBR -,dtr0709.pdf,dtr2908.pdf,2026-08-28,2026-08-29,APJ ANGAD 2
2026-09-06,2026-09-07,Paradip,FOR OJ,NOT READY,MT. SHIVALIK NR,225.28,36.6,11.6,2026-09-04,17:12,BUTANE/PROP,13000,1,,(B),36.60 11.60 04.09  1712IOCLD  13000 SAMSARAMT. SHIVALIK NR 225.28 1 BUTANE/PROP SAMSARA - (B),dtr0709.pdf,dtr2908.pdf,2026-08-28,2026-08-29,SHIVALIK
2026-09-06,2026-09-07,Paradip,FOR OJ,NOT READY,MT. TORM DOVER NR,183.12,32.2,0.0,2026-09-05,14:12,NAPTHA,35000,2,,(B),32.20 0.00 05.09  1412IOCLL  35000 ISIPLMT. TORM DOVER NR 183.12 2 NAPTHA ISIPL - (B),dtr0709.pdf,dtr2908.pdf,2026-08-28,2026-08-29,TORM DOVER
2026-09-06,2026-09-07,Paradip,FOR OJ,NOT READY,MT. GAS ALKHALEEJ NR,225.28,36.62,11.8,2026-09-07,09:54,BUTANE/PROP,28000,3,,(B),36.62 11.80 07.09  0954IOCLD  28000 AGSMT. GAS ALKHALEEJ NR 225.28 3 BUTANE/PROP AGS - (B),dtr0709.pdf,dtr2908.pdf,2026-08-28,2026-08-29,GAS ALKHALEEJ
2026-09-06,2026-09-07,Paradip,FOR SPM,READY,MT. OLYMPIC FLAG,273.97,47.0,15.0,2026-09-06,09:54,CRUDE OIL,124610,1,,,47.00 15.00 06.09  0954IOCL PLDD  124610 AGSMT. OLYMPIC FLAG 273.97 1 CRUDE OIL AGSR -,dtr0709.pdf,dtr2908.pdf,2026-08-28,2026-08-29,OLYMPIC FLAG
2026-09-06,2026-09-07,Paradip,FOR SPM,NOT READY,MT. AYAT NR,179.99,32.2,11.4,2026-08-26,19:30,CRUDE OIL,37861,1,,(B),32.20 11.40 26.08  1930IOCL PLDD  37861 AGSMT. AYAT NR 179.99 1 CRUDE OIL AGS - (B),dtr0709.pdf,dtr2908.pdf,2026-08-28,2026-08-29,AYAT
2026-09-06,2026-09-07,Paradip,FOR PICT,NOT READY,MV. TAN BINH 259 ICT/NR,175.53,29.4,9.5,2026-07-22,16:25,S.COIL,25391,1,,(B),29.40 9.50 22.07  1625JSLD  25391 SSSMV. TAN BINH 259 ICT/NR 175.53 1 S.COIL NK - (B),dtr0709.pdf,dtr2908.pdf,2026-08-28,2026-08-29,TAN BINH 259
2026-09-06,2026-09-07,Paradip,FOR PICT,NOT READY,MV. NEON TRADER ICT/NR,179.9,30.0,9.24,2026-09-01,17:36,S.COIL,15000,2,,(B),30.00 9.24 01.09  1736SAILL  15000 GACMV. NEON TRADER ICT/NR 179.90 2 S.COIL GAC - (B),dtr0709.pdf,dtr2908.pdf,2026-08-28,2026-08-29,NEON TRADER
2026-09-06,2026-09-07,Paradip,FOR PICT,NOT READY,MV. YPERION ICT/NR,229.0,32.26,7.25,2026-09-01,20:36,PIG IRON,66000,3,,(B),32.26 7.25 01.09  2036OMPLL  66000 J M BAXIMSPLMV. YPERION ICT/NR 229.00 3 PIG IRON J M BAXIMSPL - (B),dtr0709.pdf,dtr2908.pdf,2026-08-28,2026-08-29,YPERION
2026-09-06,2026-09-07,Paradip,FOR PICT,NOT READY,MV. DIONYSUS ICT/NR,199.9,32.26,12.35,2026-09-06,19:06,UREA,52500,4,,(B),32.26 12.35 06.09  1906BRAHMAPUTRAD  52500 SSSMV. DIONYSUS ICT/NR 199.90 4 UREA SSS - (B),dtr0709.pdf,dtr2908.pdf,2026-08-28,2026-08-29,DIONYSUS
2026-09-06,2026-09-07,Paradip,Others,NOT READY,MV. PELAGIA NR,228.99,32.26,12.86,2026-08-27,23:00,,36000,1,,(B),32.26 12.86 27.08  2300NKD  36000 ALAPMV. PELAGIA NR 228.99 1 A. SULPHATE ALAP - (B),dtr0709.pdf,dtr2908.pdf,2026-08-28,2026-08-29,PELAGIA
2026-09-06,2026-09-07,Paradip,FOR CB-1 & CB-2,READY,MV. APJ SETHU,224.86,32.26,0.0,2026-09-05,06:48,TH.COAL,75000,1,,,32.26 0.00 05.09  0648TNPGCLL  75000 SEAPORTMV. APJ SETHU 224.86 1 TH.COAL J M BAXIMSPLR - P,dtr0709.pdf,dtr2910.pdf,2025-10-28,2025-10-29,APJ SETHU
2026-09-06,2026-09-07,Paradip,FOR CB-1 & CB-2,READY,MV. SINGAPORE BULKER,189.99,32.26,13.3,2026-09-07,06:18,TH.COAL,55000,2,,,32.26 13.30 07.09  0618OPGL  55000 SEA SHIPSMV. SINGAPORE BULKER 189.99 2 TH.COAL SSSR -,dtr0709.pdf,dtr2910.pdf,2025-10-28,2025-10-29,SINGAPORE BULKER
2026-09-06,2026-09-07,Paradip,FOR CB-1 & CB-2,READY,MV. APJ ANGAD 2,224.94,32.26,14.5,2026-09-07,10:18,TH.COAL,75000,3,,,32.26 14.50 07.09  1018NTECL/CLPLL  75000 BOTHRAMV. APJ ANGAD 2 224.94 3 TH.COAL JMBR -,dtr0709.pdf,dtr2910.pdf,2025-10-28,2025-10-29,APJ ANGAD 2
2026-09-06,2026-09-07,Paradip,FOR OJ,NOT READY,MT. SHIVALIK NR,225.28,36.6,11.6,2026-09-04,17:12,BUTANE/PROP,13000,1,,(B),36.60 11.60 04.09  1712IOCLD  13000 SAMSARAMT. SHIVALIK NR 225.28 1 BUTANE/PROP SAMSARA - (B),dtr0709.pdf,dtr2910.pdf,2025-10-28,2025-10-29,SHIVALIK
2026-09-06,2026-09-07,Paradip,FOR OJ,NOT READY,MT. TORM DOVER NR,183.12,32.2,0.0,2026-09-05,14:12,NAPTHA,35000,2,,(B),32.20 0.00 05.09  1412IOCLL  35000 ISIPLMT. TORM DOVER NR 183.12 2 NAPTHA ISIPL - (B),dtr0709.pdf,dtr2910.pdf,2025-10-28,2025-10-29,TORM DOVER
2026-09-06,2026-09-07,Paradip,FOR OJ,NOT READY,MT. GAS ALKHALEEJ NR,225.28,36.62,11.8,2026-09-07,09:54,BUTANE/PROP,28000,3,,(B),36.62 11.80 07.09  0954IOCLD  28000 AGSMT. GAS ALKHALEEJ NR 225.28 3 BUTANE/PROP AGS - (B),dtr0709.pdf,dtr2910.pdf,2025-10-28,2025-10-29,GAS ALKHALEEJ
2026-09-06,2026-09-07,Paradip,FOR SPM,READY,MT. OLYMPIC FLAG,273.97,47.0,15.0,2026-09-06,09:54,CRUDE OIL,124610,1,,,47.00 15.00 06.09  0954IOCL PLDD  124610 AGSMT. OLYMPIC FLAG 273.97 1 CRUDE OIL AGSR -,dtr0709.pdf,dtr2910.pdf,2025-10-28,2025-10-29,OLYMPIC FLAG
2026-09-06,2026-09-07,Paradip,FOR SPM,NOT READY,MT. AYAT NR,179.99,32.2,11.4,2026-08-26,19:30,CRUDE OIL,37861,1,,(B),32.20 11.40 26.08  1930IOCL PLDD  37861 AGSMT. AYAT NR 179.99 1 CRUDE OIL AGS - (B),dtr0709.pdf,dtr2910.pdf,2025-10-28,2025-10-29,AYAT
2026-09-06,2026-09-07,Paradip,FOR PICT,NOT READY,MV. TAN BINH 259 ICT/NR,175.53,29.4,9.5,2026-07-22,16:25,S.COIL,25391,1,,(B),29.40 9.50 22.07  1625JSLD  25391 SSSMV. TAN BINH 259 ICT/NR 175.53 1 S.COIL NK - (B),dtr0709.pdf,dtr2910.pdf,2025-10-28,2025-10-29,TAN BINH 259
2026-09-06,2026-09-07,Paradip,FOR PICT,NOT READY,MV. NEON TRADER ICT/NR,179.9,30.0,9.24,2026-09-01,17:36,S.COIL,15000,2,,(B),30.00 9.24 01.09  1736SAILL  15000 GACMV. NEON TRADER ICT/NR 179.90 2 S.COIL GAC - (B),dtr0709.pdf,dtr2910.pdf,2025-10-28,2025-10-29,NEON TRADER
2026-09-06,2026-09-07,Paradip,FOR PICT,NOT READY,MV. YPERION ICT/NR,229.0,32.26,7.25,2026-09-01,20:36,PIG IRON,66000,3,,(B),32.26 7.25 01.09  2036OMPLL  66000 J M BAXIMSPLMV. YPERION ICT/NR 229.00 3 PIG IRON J M BAXIMSPL - (B),dtr0709.pdf,dtr2910.pdf,2025-10-28,2025-10-29,YPERION
2026-09-06,2026-09-07,Paradip,FOR PICT,NOT READY,MV. DIONYSUS ICT/NR,199.9,32.26,12.35,2026-09-06,19:06,UREA,52500,4,,(B),32.26 12.35 06.09  1906BRAHMAPUTRAD  52500 SSSMV. DIONYSUS ICT/NR 199.90 4 UREA SSS - (B),dtr0709.pdf,dtr2910.pdf,2025-10-28,2025-10-29,DIONYSUS
2026-09-06,2026-09-07,Paradip,Others,NOT READY,MV. PELAGIA NR,228.99,32.26,12.86,2026-08-27,23:00,,36000,1,,(B),32.26 12.86 27.08  2300NKD  36000 ALAPMV. PELAGIA NR 228.99 1 A. SULPHATE ALAP - (B),dtr0709.pdf,dtr2910.pdf,2025-10-28,2025-10-29,PELAGIA
2026-09-06,2026-09-07,Paradip,FOR CB-1 & CB-2,READY,MV. APJ SETHU,224.86,32.26,0.0,2026-09-05,06:48,TH.COAL,75000,1,,,32.26 0.00 05.09  0648TNPGCLL  75000 SEAPORTMV. APJ SETHU 224.86 1 TH.COAL J M BAXIMSPLR - P,dtr0709.pdf,dtr3006.pdf,2026-06-29,2026-06-30,APJ SETHU
2026-09-06,2026-09-07,Paradip,FOR CB-1 & CB-2,READY,MV. SINGAPORE BULKER,189.99,32.26,13.3,2026-09-07,06:18,TH.COAL,55000,2,,,32.26 13.30 07.09  0618OPGL  55000 SEA SHIPSMV. SINGAPORE BULKER 189.99 2 TH.COAL SSSR -,dtr0709.pdf,dtr3006.pdf,2026-06-29,2026-06-30,SINGAPORE BULKER
2026-09-06,2026-09-07,Paradip,FOR CB-1 & CB-2,READY,MV. APJ ANGAD 2,224.94,32.26,14.5,2026-09-07,10:18,TH.COAL,75000,3,,,32.26 14.50 07.09  1018NTECL/CLPLL  75000 BOTHRAMV. APJ ANGAD 2 224.94 3 TH.COAL JMBR -,dtr0709.pdf,dtr3006.pdf,2026-06-29,2026-06-30,APJ ANGAD 2
2026-09-06,2026-09-07,Paradip,FOR OJ,NOT READY,MT. SHIVALIK NR,225.28,36.6,11.6,2026-09-04,17:12,BUTANE/PROP,13000,1,,(B),36.60 11.60 04.09  1712IOCLD  13000 SAMSARAMT. SHIVALIK NR 225.28 1 BUTANE/PROP SAMSARA - (B),dtr0709.pdf,dtr3006.pdf,2026-06-29,2026-06-30,SHIVALIK
2026-09-06,2026-09-07,Paradip,FOR OJ,NOT READY,MT. TORM DOVER NR,183.12,32.2,0.0,2026-09-05,14:12,NAPTHA,35000,2,,(B),32.20 0.00 05.09  1412IOCLL  35000 ISIPLMT. TORM DOVER NR 183.12 2 NAPTHA ISIPL - (B),dtr0709.pdf,dtr3006.pdf,2026-06-29,2026-06-30,TORM DOVER
2026-09-06,2026-09-07,Paradip,FOR OJ,NOT READY,MT. GAS ALKHALEEJ NR,225.28,36.62,11.8,2026-09-07,09:54,BUTANE/PROP,28000,3,,(B),36.62 11.80 07.09  0954IOCLD  28000 AGSMT. GAS ALKHALEEJ NR 225.28 3 BUTANE/PROP AGS - (B),dtr0709.pdf,dtr3006.pdf,2026-06-29,2026-06-30,GAS ALKHALEEJ
2026-09-06,2026-09-07,Paradip,FOR SPM,READY,MT. OLYMPIC FLAG,273.97,47.0,15.0,2026-09-06,09:54,CRUDE OIL,124610,1,,,47.00 15.00 06.09  0954IOCL PLDD  124610 AGSMT. OLYMPIC FLAG 273.97 1 CRUDE OIL AGSR -,dtr0709.pdf,dtr3006.pdf,2026-06-29,2026-06-30,OLYMPIC FLAG
2026-09-06,2026-09-07,Paradip,FOR SPM,NOT READY,MT. AYAT NR,179.99,32.2,11.4,2026-08-26,19:30,CRUDE OIL,37861,1,,(B),32.20 11.40 26.08  1930IOCL PLDD  37861 AGSMT. AYAT NR 179.99 1 CRUDE OIL AGS - (B),dtr0709.pdf,dtr3006.pdf,2026-06-29,2026-06-30,AYAT
2026-09-06,2026-09-07,Paradip,FOR PICT,NOT READY,MV. TAN BINH 259 ICT/NR,175.53,29.4,9.5,2026-07-22,16:25,S.COIL,25391,1,,(B),29.40 9.50 22.07  1625JSLD  25391 SSSMV. TAN BINH 259 ICT/NR 175.53 1 S.COIL NK - (B),dtr0709.pdf,dtr3006.pdf,2026-06-29,2026-06-30,TAN BINH 259
2026-09-06,2026-09-07,Paradip,FOR PICT,NOT READY,MV. NEON TRADER ICT/NR,179.9,30.0,9.24,2026-09-01,17:36,S.COIL,15000,2,,(B),30.00 9.24 01.09  1736SAILL  15000 GACMV. NEON TRADER ICT/NR 179.90 2 S.COIL GAC - (B),dtr0709.pdf,dtr3006.pdf,2026-06-29,2026-06-30,NEON TRADER
2026-09-06,2026-09-07,Paradip,FOR PICT,NOT READY,MV. YPERION ICT/NR,229.0,32.26,7.25,2026-09-01,20:36,PIG IRON,66000,3,,(B),32.26 7.25 01.09  2036OMPLL  66000 J M BAXIMSPLMV. YPERION ICT/NR 229.00 3 PIG IRON J M BAXIMSPL - (B),dtr0709.pdf,dtr3006.pdf,2026-06-29,2026-06-30,YPERION
2026-09-06,2026-09-07,Paradip,FOR PICT,NOT READY,MV. DIONYSUS ICT/NR,199.9,32.26,12.35,2026-09-06,19:06,UREA,52500,4,,(B),32.26 12.35 06.09  1906BRAHMAPUTRAD  52500 SSSMV. DIONYSUS ICT/NR 199.90 4 UREA SSS - (B),dtr0709.pdf,dtr3006.pdf,2026-06-29,2026-06-30,DIONYSUS
2026-09-06,2026-09-07,Paradip,Others,NOT READY,MV. PELAGIA NR,228.99,32.26,12.86,2026-08-27,23:00,,36000,1,,(B),32.26 12.86 27.08  2300NKD  36000 ALAPMV. PELAGIA NR 228.99 1 A. SULPHATE ALAP - (B),dtr0709.pdf,dtr3006.pdf,2026-06-29,2026-06-30,PELAGIA
2026-09-06,2026-09-07,Paradip,FOR CB-1 & CB-2,READY,MV. APJ SETHU,224.86,32.26,0.0,2026-09-05,06:48,TH.COAL,75000,1,,,32.26 0.00 05.09  0648TNPGCLL  75000 SEAPORTMV. APJ SETHU 224.86 1 TH.COAL J M BAXIMSPLR - P,dtr0709.pdf,dtr3007-2.pdf,2026-07-29,2026-07-30,APJ SETHU
2026-09-06,2026-09-07,Paradip,FOR CB-1 & CB-2,READY,MV. SINGAPORE BULKER,189.99,32.26,13.3,2026-09-07,06:18,TH.COAL,55000,2,,,32.26 13.30 07.09  0618OPGL  55000 SEA SHIPSMV. SINGAPORE BULKER 189.99 2 TH.COAL SSSR -,dtr0709.pdf,dtr3007-2.pdf,2026-07-29,2026-07-30,SINGAPORE BULKER
2026-09-06,2026-09-07,Paradip,FOR CB-1 & CB-2,READY,MV. APJ ANGAD 2,224.94,32.26,14.5,2026-09-07,10:18,TH.COAL,75000,3,,,32.26 14.50 07.09  1018NTECL/CLPLL  75000 BOTHRAMV. APJ ANGAD 2 224.94 3 TH.COAL JMBR -,dtr0709.pdf,dtr3007-2.pdf,2026-07-29,2026-07-30,APJ ANGAD 2
2026-09-06,2026-09-07,Paradip,FOR OJ,NOT READY,MT. SHIVALIK NR,225.28,36.6,11.6,2026-09-04,17:12,BUTANE/PROP,13000,1,,(B),36.60 11.60 04.09  1712IOCLD  13000 SAMSARAMT. SHIVALIK NR 225.28 1 BUTANE/PROP SAMSARA - (B),dtr0709.pdf,dtr3007-2.pdf,2026-07-29,2026-07-30,SHIVALIK
2026-09-06,2026-09-07,Paradip,FOR OJ,NOT READY,MT. TORM DOVER NR,183.12,32.2,0.0,2026-09-05,14:12,NAPTHA,35000,2,,(B),32.20 0.00 05.09  1412IOCLL  35000 ISIPLMT. TORM DOVER NR 183.12 2 NAPTHA ISIPL - (B),dtr0709.pdf,dtr3007-2.pdf,2026-07-29,2026-07-30,TORM DOVER
2026-09-06,2026-09-07,Paradip,FOR OJ,NOT READY,MT. GAS ALKHALEEJ NR,225.28,36.62,11.8,2026-09-07,09:54,BUTANE/PROP,28000,3,,(B),36.62 11.80 07.09  0954IOCLD  28000 AGSMT. GAS ALKHALEEJ NR 225.28 3 BUTANE/PROP AGS - (B),dtr0709.pdf,dtr3007-2.pdf,2026-07-29,2026-07-30,GAS ALKHALEEJ
2026-09-06,2026-09-07,Paradip,FOR SPM,READY,MT. OLYMPIC FLAG,273.97,47.0,15.0,2026-09-06,09:54,CRUDE OIL,124610,1,,,47.00 15.00 06.09  0954IOCL PLDD  124610 AGSMT. OLYMPIC FLAG 273.97 1 CRUDE OIL AGSR -,dtr0709.pdf,dtr3007-2.pdf,2026-07-29,2026-07-30,OLYMPIC FLAG
2026-09-06,2026-09-07,Paradip,FOR SPM,NOT READY,MT. AYAT NR,179.99,32.2,11.4,2026-08-26,19:30,CRUDE OIL,37861,1,,(B),32.20 11.40 26.08  1930IOCL PLDD  37861 AGSMT. AYAT NR 179.99 1 CRUDE OIL AGS - (B),dtr0709.pdf,dtr3007-2.pdf,2026-07-29,2026-07-30,AYAT
2026-09-06,2026-09-07,Paradip,FOR PICT,NOT READY,MV. TAN BINH 259 ICT/NR,175.53,29.4,9.5,2026-07-22,16:25,S.COIL,25391,1,,(B),29.40 9.50 22.07  1625JSLD  25391 SSSMV. TAN BINH 259 ICT/NR 175.53 1 S.COIL NK - (B),dtr0709.pdf,dtr3007-2.pdf,2026-07-29,2026-07-30,TAN BINH 259
2026-09-06,2026-09-07,Paradip,FOR PICT,NOT READY,MV. NEON TRADER ICT/NR,179.9,30.0,9.24,2026-09-01,17:36,S.COIL,15000,2,,(B),30.00 9.24 01.09  1736SAILL  15000 GACMV. NEON TRADER ICT/NR 179.90 2 S.COIL GAC - (B),dtr0709.pdf,dtr3007-2.pdf,2026-07-29,2026-07-30,NEON TRADER
2026-09-06,2026-09-07,Paradip,FOR PICT,NOT READY,MV. YPERION ICT/NR,229.0,32.26,7.25,2026-09-01,20:36,PIG IRON,66000,3,,(B),32.26 7.25 01.09  2036OMPLL  66000 J M BAXIMSPLMV. YPERION ICT/NR 229.00 3 PIG IRON J M BAXIMSPL - (B),dtr0709.pdf,dtr3007-2.pdf,2026-07-29,2026-07-30,YPERION
2026-09-06,2026-09-07,Paradip,FOR PICT,NOT READY,MV. DIONYSUS ICT/NR,199.9,32.26,12.35,2026-09-06,19:06,UREA,52500,4,,(B),32.26 12.35 06.09  1906BRAHMAPUTRAD  52500 SSSMV. DIONYSUS ICT/NR 199.90 4 UREA SSS - (B),dtr0709.pdf,dtr3007-2.pdf,2026-07-29,2026-07-30,DIONYSUS
2026-09-06,2026-09-07,Paradip,Others,NOT READY,MV. PELAGIA NR,228.99,32.26,12.86,2026-08-27,23:00,,36000,1,,(B),32.26 12.86 27.08  2300NKD  36000 ALAPMV. PELAGIA NR 228.99 1 A. SULPHATE ALAP - (B),dtr0709.pdf,dtr3007-2.pdf,2026-07-29,2026-07-30,PELAGIA
2026-09-06,2026-09-07,Paradip,FOR CB-1 & CB-2,READY,MV. APJ SETHU,224.86,32.26,0.0,2026-09-05,06:48,TH.COAL,75000,1,,,32.26 0.00 05.09  0648TNPGCLL  75000 SEAPORTMV. APJ SETHU 224.86 1 TH.COAL J M BAXIMSPLR - P,dtr0709.pdf,dtr3008.pdf,2026-08-29,2026-08-30,APJ SETHU
2026-09-06,2026-09-07,Paradip,FOR CB-1 & CB-2,READY,MV. SINGAPORE BULKER,189.99,32.26,13.3,2026-09-07,06:18,TH.COAL,55000,2,,,32.26 13.30 07.09  0618OPGL  55000 SEA SHIPSMV. SINGAPORE BULKER 189.99 2 TH.COAL SSSR -,dtr0709.pdf,dtr3008.pdf,2026-08-29,2026-08-30,SINGAPORE BULKER
2026-09-06,2026-09-07,Paradip,FOR CB-1 & CB-2,READY,MV. APJ ANGAD 2,224.94,32.26,14.5,2026-09-07,10:18,TH.COAL,75000,3,,,32.26 14.50 07.09  1018NTECL/CLPLL  75000 BOTHRAMV. APJ ANGAD 2 224.94 3 TH.COAL JMBR -,dtr0709.pdf,dtr3008.pdf,2026-08-29,2026-08-30,APJ ANGAD 2
2026-09-06,2026-09-07,Paradip,FOR OJ,NOT READY,MT. SHIVALIK NR,225.28,36.6,11.6,2026-09-04,17:12,BUTANE/PROP,13000,1,,(B),36.60 11.60 04.09  1712IOCLD  13000 SAMSARAMT. SHIVALIK NR 225.28 1 BUTANE/PROP SAMSARA - (B),dtr0709.pdf,dtr3008.pdf,2026-08-29,2026-08-30,SHIVALIK
2026-09-06,2026-09-07,Paradip,FOR OJ,NOT READY,MT. TORM DOVER NR,183.12,32.2,0.0,2026-09-05,14:12,NAPTHA,35000,2,,(B),32.20 0.00 05.09  1412IOCLL  35000 ISIPLMT. TORM DOVER NR 183.12 2 NAPTHA ISIPL - (B),dtr0709.pdf,dtr3008.pdf,2026-08-29,2026-08-30,TORM DOVER
2026-09-06,2026-09-07,Paradip,FOR OJ,NOT READY,MT. GAS ALKHALEEJ NR,225.28,36.62,11.8,2026-09-07,09:54,BUTANE/PROP,28000,3,,(B),36.62 11.80 07.09  0954IOCLD  28000 AGSMT. GAS ALKHALEEJ NR 225.28 3 BUTANE/PROP AGS - (B),dtr0709.pdf,dtr3008.pdf,2026-08-29,2026-08-30,GAS ALKHALEEJ
2026-09-06,2026-09-07,Paradip,FOR SPM,READY,MT. OLYMPIC FLAG,273.97,47.0,15.0,2026-09-06,09:54,CRUDE OIL,124610,1,,,47.00 15.00 06.09  0954IOCL PLDD  124610 AGSMT. OLYMPIC FLAG 273.97 1 CRUDE OIL AGSR -,dtr0709.pdf,dtr3008.pdf,2026-08-29,2026-08-30,OLYMPIC FLAG
2026-09-06,2026-09-07,Paradip,FOR SPM,NOT READY,MT. AYAT NR,179.99,32.2,11.4,2026-08-26,19:30,CRUDE OIL,37861,1,,(B),32.20 11.40 26.08  1930IOCL PLDD  37861 AGSMT. AYAT NR 179.99 1 CRUDE OIL AGS - (B),dtr0709.pdf,dtr3008.pdf,2026-08-29,2026-08-30,AYAT
2026-09-06,2026-09-07,Paradip,FOR PICT,NOT READY,MV. TAN BINH 259 ICT/NR,175.53,29.4,9.5,2026-07-22,16:25,S.COIL,25391,1,,(B),29.40 9.50 22.07  1625JSLD  25391 SSSMV. TAN BINH 259 ICT/NR 175.53 1 S.COIL NK - (B),dtr0709.pdf,dtr3008.pdf,2026-08-29,2026-08-30,TAN BINH 259
2026-09-06,2026-09-07,Paradip,FOR PICT,NOT READY,MV. NEON TRADER ICT/NR,179.9,30.0,9.24,2026-09-01,17:36,S.COIL,15000,2,,(B),30.00 9.24 01.09  1736SAILL  15000 GACMV. NEON TRADER ICT/NR 179.90 2 S.COIL GAC - (B),dtr0709.pdf,dtr3008.pdf,2026-08-29,2026-08-30,NEON TRADER
2026-09-06,2026-09-07,Paradip,FOR PICT,NOT READY,MV. YPERION ICT/NR,229.0,32.26,7.25,2026-09-01,20:36,PIG IRON,66000,3,,(B),32.26 7.25 01.09  2036OMPLL  66000 J M BAXIMSPLMV. YPERION ICT/NR 229.00 3 PIG IRON J M BAXIMSPL - (B),dtr0709.pdf,dtr3008.pdf,2026-08-29,2026-08-30,YPERION
2026-09-06,2026-09-07,Paradip,FOR PICT,NOT READY,MV. DIONYSUS ICT/NR,199.9,32.26,12.35,2026-09-06,19:06,UREA,52500,4,,(B),32.26 12.35 06.09  1906BRAHMAPUTRAD  52500 SSSMV. DIONYSUS ICT/NR 199.90 4 UREA SSS - (B),dtr0709.pdf,dtr3008.pdf,2026-08-29,2026-08-30,DIONYSUS
2026-09-06,2026-09-07,Paradip,Others,NOT READY,MV. PELAGIA NR,228.99,32.26,12.86,2026-08-27,23:00,,36000,1,,(B),32.26 12.86 27.08  2300NKD  36000 ALAPMV. PELAGIA NR 228.99 1 A. SULPHATE ALAP - (B),dtr0709.pdf,dtr3008.pdf,2026-08-29,2026-08-30,PELAGIA
2026-09-06,2026-09-07,Paradip,FOR CB-1 & CB-2,READY,MV. APJ SETHU,224.86,32.26,0.0,2026-09-05,06:48,TH.COAL,75000,1,,,32.26 0.00 05.09  0648TNPGCLL  75000 SEAPORTMV. APJ SETHU 224.86 1 TH.COAL J M BAXIMSPLR - P,dtr0709.pdf,dtr3010.pdf,2025-10-29,2025-10-30,APJ SETHU
2026-09-06,2026-09-07,Paradip,FOR CB-1 & CB-2,READY,MV. SINGAPORE BULKER,189.99,32.26,13.3,2026-09-07,06:18,TH.COAL,55000,2,,,32.26 13.30 07.09  0618OPGL  55000 SEA SHIPSMV. SINGAPORE BULKER 189.99 2 TH.COAL SSSR -,dtr0709.pdf,dtr3010.pdf,2025-10-29,2025-10-30,SINGAPORE BULKER
2026-09-06,2026-09-07,Paradip,FOR CB-1 & CB-2,READY,MV. APJ ANGAD 2,224.94,32.26,14.5,2026-09-07,10:18,TH.COAL,75000,3,,,32.26 14.50 07.09  1018NTECL/CLPLL  75000 BOTHRAMV. APJ ANGAD 2 224.94 3 TH.COAL JMBR -,dtr0709.pdf,dtr3010.pdf,2025-10-29,2025-10-30,APJ ANGAD 2
2026-09-06,2026-09-07,Paradip,FOR OJ,NOT READY,MT. SHIVALIK NR,225.28,36.6,11.6,2026-09-04,17:12,BUTANE/PROP,13000,1,,(B),36.60 11.60 04.09  1712IOCLD  13000 SAMSARAMT. SHIVALIK NR 225.28 1 BUTANE/PROP SAMSARA - (B),dtr0709.pdf,dtr3010.pdf,2025-10-29,2025-10-30,SHIVALIK
2026-09-06,2026-09-07,Paradip,FOR OJ,NOT READY,MT. TORM DOVER NR,183.12,32.2,0.0,2026-09-05,14:12,NAPTHA,35000,2,,(B),32.20 0.00 05.09  1412IOCLL  35000 ISIPLMT. TORM DOVER NR 183.12 2 NAPTHA ISIPL - (B),dtr0709.pdf,dtr3010.pdf,2025-10-29,2025-10-30,TORM DOVER
2026-09-06,2026-09-07,Paradip,FOR OJ,NOT READY,MT. GAS ALKHALEEJ NR,225.28,36.62,11.8,2026-09-07,09:54,BUTANE/PROP,28000,3,,(B),36.62 11.80 07.09  0954IOCLD  28000 AGSMT. GAS ALKHALEEJ NR 225.28 3 BUTANE/PROP AGS - (B),dtr0709.pdf,dtr3010.pdf,2025-10-29,2025-10-30,GAS ALKHALEEJ
2026-09-06,2026-09-07,Paradip,FOR SPM,READY,MT. OLYMPIC FLAG,273.97,47.0,15.0,2026-09-06,09:54,CRUDE OIL,124610,1,,,47.00 15.00 06.09  0954IOCL PLDD  124610 AGSMT. OLYMPIC FLAG 273.97 1 CRUDE OIL AGSR -,dtr0709.pdf,dtr3010.pdf,2025-10-29,2025-10-30,OLYMPIC FLAG
2026-09-06,2026-09-07,Paradip,FOR SPM,NOT READY,MT. AYAT NR,179.99,32.2,11.4,2026-08-26,19:30,CRUDE OIL,37861,1,,(B),32.20 11.40 26.08  1930IOCL PLDD  37861 AGSMT. AYAT NR 179.99 1 CRUDE OIL AGS - (B),dtr0709.pdf,dtr3010.pdf,2025-10-29,2025-10-30,AYAT
2026-09-06,2026-09-07,Paradip,FOR PICT,NOT READY,MV. TAN BINH 259 ICT/NR,175.53,29.4,9.5,2026-07-22,16:25,S.COIL,25391,1,,(B),29.40 9.50 22.07  1625JSLD  25391 SSSMV. TAN BINH 259 ICT/NR 175.53 1 S.COIL NK - (B),dtr0709.pdf,dtr3010.pdf,2025-10-29,2025-10-30,TAN BINH 259
2026-09-06,2026-09-07,Paradip,FOR PICT,NOT READY,MV. NEON TRADER ICT/NR,179.9,30.0,9.24,2026-09-01,17:36,S.COIL,15000,2,,(B),30.00 9.24 01.09  1736SAILL  15000 GACMV. NEON TRADER ICT/NR 179.90 2 S.COIL GAC - (B),dtr0709.pdf,dtr3010.pdf,2025-10-29,2025-10-30,NEON TRADER
2026-09-06,2026-09-07,Paradip,FOR PICT,NOT READY,MV. YPERION ICT/NR,229.0,32.26,7.25,2026-09-01,20:36,PIG IRON,66000,3,,(B),32.26 7.25 01.09  2036OMPLL  66000 J M BAXIMSPLMV. YPERION ICT/NR 229.00 3 PIG IRON J M BAXIMSPL - (B),dtr0709.pdf,dtr3010.pdf,2025-10-29,2025-10-30,YPERION
2026-09-06,2026-09-07,Paradip,FOR PICT,NOT READY,MV. DIONYSUS ICT/NR,199.9,32.26,12.35,2026-09-06,19:06,UREA,52500,4,,(B),32.26 12.35 06.09  1906BRAHMAPUTRAD  52500 SSSMV. DIONYSUS ICT/NR 199.90 4 UREA SSS - (B),dtr0709.pdf,dtr3010.pdf,2025-10-29,2025-10-30,DIONYSUS
2026-09-06,2026-09-07,Paradip,Others,NOT READY,MV. PELAGIA NR,228.99,32.26,12.86,2026-08-27,23:00,,36000,1,,(B),32.26 12.86 27.08  2300NKD  36000 ALAPMV. PELAGIA NR 228.99 1 A. SULPHATE ALAP - (B),dtr0709.pdf,dtr3010.pdf,2025-10-29,2025-10-30,PELAGIA
2026-09-06,2026-09-07,Paradip,FOR CB-1 & CB-2,READY,MV. APJ SETHU,224.86,32.26,0.0,2026-09-05,06:48,TH.COAL,75000,1,,,32.26 0.00 05.09  0648TNPGCLL  75000 SEAPORTMV. APJ SETHU 224.86 1 TH.COAL J M BAXIMSPLR - P,dtr0709.pdf,dtr3107.pdf,2026-07-30,2026-07-31,APJ SETHU
2026-09-06,2026-09-07,Paradip,FOR CB-1 & CB-2,READY,MV. SINGAPORE BULKER,189.99,32.26,13.3,2026-09-07,06:18,TH.COAL,55000,2,,,32.26 13.30 07.09  0618OPGL  55000 SEA SHIPSMV. SINGAPORE BULKER 189.99 2 TH.COAL SSSR -,dtr0709.pdf,dtr3107.pdf,2026-07-30,2026-07-31,SINGAPORE BULKER
2026-09-06,2026-09-07,Paradip,FOR CB-1 & CB-2,READY,MV. APJ ANGAD 2,224.94,32.26,14.5,2026-09-07,10:18,TH.COAL,75000,3,,,32.26 14.50 07.09  1018NTECL/CLPLL  75000 BOTHRAMV. APJ ANGAD 2 224.94 3 TH.COAL JMBR -,dtr0709.pdf,dtr3107.pdf,2026-07-30,2026-07-31,APJ ANGAD 2
2026-09-06,2026-09-07,Paradip,FOR OJ,NOT READY,MT. SHIVALIK NR,225.28,36.6,11.6,2026-09-04,17:12,BUTANE/PROP,13000,1,,(B),36.60 11.60 04.09  1712IOCLD  13000 SAMSARAMT. SHIVALIK NR 225.28 1 BUTANE/PROP SAMSARA - (B),dtr0709.pdf,dtr3107.pdf,2026-07-30,2026-07-31,SHIVALIK
2026-09-06,2026-09-07,Paradip,FOR OJ,NOT READY,MT. TORM DOVER NR,183.12,32.2,0.0,2026-09-05,14:12,NAPTHA,35000,2,,(B),32.20 0.00 05.09  1412IOCLL  35000 ISIPLMT. TORM DOVER NR 183.12 2 NAPTHA ISIPL - (B),dtr0709.pdf,dtr3107.pdf,2026-07-30,2026-07-31,TORM DOVER
2026-09-06,2026-09-07,Paradip,FOR OJ,NOT READY,MT. GAS ALKHALEEJ NR,225.28,36.62,11.8,2026-09-07,09:54,BUTANE/PROP,28000,3,,(B),36.62 11.80 07.09  0954IOCLD  28000 AGSMT. GAS ALKHALEEJ NR 225.28 3 BUTANE/PROP AGS - (B),dtr0709.pdf,dtr3107.pdf,2026-07-30,2026-07-31,GAS ALKHALEEJ
2026-09-06,2026-09-07,Paradip,FOR SPM,READY,MT. OLYMPIC FLAG,273.97,47.0,15.0,2026-09-06,09:54,CRUDE OIL,124610,1,,,47.00 15.00 06.09  0954IOCL PLDD  124610 AGSMT. OLYMPIC FLAG 273.97 1 CRUDE OIL AGSR -,dtr0709.pdf,dtr3107.pdf,2026-07-30,2026-07-31,OLYMPIC FLAG
2026-09-06,2026-09-07,Paradip,FOR SPM,NOT READY,MT. AYAT NR,179.99,32.2,11.4,2026-08-26,19:30,CRUDE OIL,37861,1,,(B),32.20 11.40 26.08  1930IOCL PLDD  37861 AGSMT. AYAT NR 179.99 1 CRUDE OIL AGS - (B),dtr0709.pdf,dtr3107.pdf,2026-07-30,2026-07-31,AYAT
2026-09-06,2026-09-07,Paradip,FOR PICT,NOT READY,MV. TAN BINH 259 ICT/NR,175.53,29.4,9.5,2026-07-22,16:25,S.COIL,25391,1,,(B),29.40 9.50 22.07  1625JSLD  25391 SSSMV. TAN BINH 259 ICT/NR 175.53 1 S.COIL NK - (B),dtr0709.pdf,dtr3107.pdf,2026-07-30,2026-07-31,TAN BINH 259
2026-09-06,2026-09-07,Paradip,FOR PICT,NOT READY,MV. NEON TRADER ICT/NR,179.9,30.0,9.24,2026-09-01,17:36,S.COIL,15000,2,,(B),30.00 9.24 01.09  1736SAILL  15000 GACMV. NEON TRADER ICT/NR 179.90 2 S.COIL GAC - (B),dtr0709.pdf,dtr3107.pdf,2026-07-30,2026-07-31,NEON TRADER
2026-09-06,2026-09-07,Paradip,FOR PICT,NOT READY,MV. YPERION ICT/NR,229.0,32.26,7.25,2026-09-01,20:36,PIG IRON,66000,3,,(B),32.26 7.25 01.09  2036OMPLL  66000 J M BAXIMSPLMV. YPERION ICT/NR 229.00 3 PIG IRON J M BAXIMSPL - (B),dtr0709.pdf,dtr3107.pdf,2026-07-30,2026-07-31,YPERION
2026-09-06,2026-09-07,Paradip,FOR PICT,NOT READY,MV. DIONYSUS ICT/NR,199.9,32.26,12.35,2026-09-06,19:06,UREA,52500,4,,(B),32.26 12.35 06.09  1906BRAHMAPUTRAD  52500 SSSMV. DIONYSUS ICT/NR 199.90 4 UREA SSS - (B),dtr0709.pdf,dtr3107.pdf,2026-07-30,2026-07-31,DIONYSUS
2026-09-06,2026-09-07,Paradip,Others,NOT READY,MV. PELAGIA NR,228.99,32.26,12.86,2026-08-27,23:00,,36000,1,,(B),32.26 12.86 27.08  2300NKD  36000 ALAPMV. PELAGIA NR 228.99 1 A. SULPHATE ALAP - (B),dtr0709.pdf,dtr3107.pdf,2026-07-30,2026-07-31,PELAGIA
2026-09-06,2026-09-07,Paradip,FOR CB-1 & CB-2,READY,MV. APJ SETHU,224.86,32.26,0.0,2026-09-05,06:48,TH.COAL,75000,1,,,32.26 0.00 05.09  0648TNPGCLL  75000 SEAPORTMV. APJ SETHU 224.86 1 TH.COAL J M BAXIMSPLR - P,dtr0709.pdf,dtr3108.pdf,2026-08-30,2026-08-31,APJ SETHU
2026-09-06,2026-09-07,Paradip,FOR CB-1 & CB-2,READY,MV. SINGAPORE BULKER,189.99,32.26,13.3,2026-09-07,06:18,TH.COAL,55000,2,,,32.26 13.30 07.09  0618OPGL  55000 SEA SHIPSMV. SINGAPORE BULKER 189.99 2 TH.COAL SSSR -,dtr0709.pdf,dtr3108.pdf,2026-08-30,2026-08-31,SINGAPORE BULKER
2026-09-06,2026-09-07,Paradip,FOR CB-1 & CB-2,READY,MV. APJ ANGAD 2,224.94,32.26,14.5,2026-09-07,10:18,TH.COAL,75000,3,,,32.26 14.50 07.09  1018NTECL/CLPLL  75000 BOTHRAMV. APJ ANGAD 2 224.94 3 TH.COAL JMBR -,dtr0709.pdf,dtr3108.pdf,2026-08-30,2026-08-31,APJ ANGAD 2
2026-09-06,2026-09-07,Paradip,FOR OJ,NOT READY,MT. SHIVALIK NR,225.28,36.6,11.6,2026-09-04,17:12,BUTANE/PROP,13000,1,,(B),36.60 11.60 04.09  1712IOCLD  13000 SAMSARAMT. SHIVALIK NR 225.28 1 BUTANE/PROP SAMSARA - (B),dtr0709.pdf,dtr3108.pdf,2026-08-30,2026-08-31,SHIVALIK
2026-09-06,2026-09-07,Paradip,FOR OJ,NOT READY,MT. TORM DOVER NR,183.12,32.2,0.0,2026-09-05,14:12,NAPTHA,35000,2,,(B),32.20 0.00 05.09  1412IOCLL  35000 ISIPLMT. TORM DOVER NR 183.12 2 NAPTHA ISIPL - (B),dtr0709.pdf,dtr3108.pdf,2026-08-30,2026-08-31,TORM DOVER
2026-09-06,2026-09-07,Paradip,FOR OJ,NOT READY,MT. GAS ALKHALEEJ NR,225.28,36.62,11.8,2026-09-07,09:54,BUTANE/PROP,28000,3,,(B),36.62 11.80 07.09  0954IOCLD  28000 AGSMT. GAS ALKHALEEJ NR 225.28 3 BUTANE/PROP AGS - (B),dtr0709.pdf,dtr3108.pdf,2026-08-30,2026-08-31,GAS ALKHALEEJ
2026-09-06,2026-09-07,Paradip,FOR SPM,READY,MT. OLYMPIC FLAG,273.97,47.0,15.0,2026-09-06,09:54,CRUDE OIL,124610,1,,,47.00 15.00 06.09  0954IOCL PLDD  124610 AGSMT. OLYMPIC FLAG 273.97 1 CRUDE OIL AGSR -,dtr0709.pdf,dtr3108.pdf,2026-08-30,2026-08-31,OLYMPIC FLAG
2026-09-06,2026-09-07,Paradip,FOR SPM,NOT READY,MT. AYAT NR,179.99,32.2,11.4,2026-08-26,19:30,CRUDE OIL,37861,1,,(B),32.20 11.40 26.08  1930IOCL PLDD  37861 AGSMT. AYAT NR 179.99 1 CRUDE OIL AGS - (B),dtr0709.pdf,dtr3108.pdf,2026-08-30,2026-08-31,AYAT
2026-09-06,2026-09-07,Paradip,FOR PICT,NOT READY,MV. TAN BINH 259 ICT/NR,175.53,29.4,9.5,2026-07-22,16:25,S.COIL,25391,1,,(B),29.40 9.50 22.07  1625JSLD  25391 SSSMV. TAN BINH 259 ICT/NR 175.53 1 S.COIL NK - (B),dtr0709.pdf,dtr3108.pdf,2026-08-30,2026-08-31,TAN BINH 259
2026-09-06,2026-09-07,Paradip,FOR PICT,NOT READY,MV. NEON TRADER ICT/NR,179.9,30.0,9.24,2026-09-01,17:36,S.COIL,15000,2,,(B),30.00 9.24 01.09  1736SAILL  15000 GACMV. NEON TRADER ICT/NR 179.90 2 S.COIL GAC - (B),dtr0709.pdf,dtr3108.pdf,2026-08-30,2026-08-31,NEON TRADER
2026-09-06,2026-09-07,Paradip,FOR PICT,NOT READY,MV. YPERION ICT/NR,229.0,32.26,7.25,2026-09-01,20:36,PIG IRON,66000,3,,(B),32.26 7.25 01.09  2036OMPLL  66000 J M BAXIMSPLMV. YPERION ICT/NR 229.00 3 PIG IRON J M BAXIMSPL - (B),dtr0709.pdf,dtr3108.pdf,2026-08-30,2026-08-31,YPERION
2026-09-06,2026-09-07,Paradip,FOR PICT,NOT READY,MV. DIONYSUS ICT/NR,199.9,32.26,12.35,2026-09-06,19:06,UREA,52500,4,,(B),32.26 12.35 06.09  1906BRAHMAPUTRAD  52500 SSSMV. DIONYSUS ICT/NR 199.90 4 UREA SSS - (B),dtr0709.pdf,dtr3108.pdf,2026-08-30,2026-08-31,DIONYSUS
2026-09-06,2026-09-07,Paradip,Others,NOT READY,MV. PELAGIA NR,228.99,32.26,12.86,2026-08-27,23:00,,36000,1,,(B),32.26 12.86 27.08  2300NKD  36000 ALAPMV. PELAGIA NR 228.99 1 A. SULPHATE ALAP - (B),dtr0709.pdf,dtr3108.pdf,2026-08-30,2026-08-31,PELAGIA
2026-09-06,2026-09-07,Paradip,FOR CB-1 & CB-2,READY,MV. APJ SETHU,224.86,32.26,0.0,2026-09-05,06:48,TH.COAL,75000,1,,,32.26 0.00 05.09  0648TNPGCLL  75000 SEAPORTMV. APJ SETHU 224.86 1 TH.COAL J M BAXIMSPLR - P,dtr0709.pdf,dtr3110.pdf,2025-10-30,2025-10-31,APJ SETHU
2026-09-06,2026-09-07,Paradip,FOR CB-1 & CB-2,READY,MV. SINGAPORE BULKER,189.99,32.26,13.3,2026-09-07,06:18,TH.COAL,55000,2,,,32.26 13.30 07.09  0618OPGL  55000 SEA SHIPSMV. SINGAPORE BULKER 189.99 2 TH.COAL SSSR -,dtr0709.pdf,dtr3110.pdf,2025-10-30,2025-10-31,SINGAPORE BULKER
2026-09-06,2026-09-07,Paradip,FOR CB-1 & CB-2,READY,MV. APJ ANGAD 2,224.94,32.26,14.5,2026-09-07,10:18,TH.COAL,75000,3,,,32.26 14.50 07.09  1018NTECL/CLPLL  75000 BOTHRAMV. APJ ANGAD 2 224.94 3 TH.COAL JMBR -,dtr0709.pdf,dtr3110.pdf,2025-10-30,2025-10-31,APJ ANGAD 2
2026-09-06,2026-09-07,Paradip,FOR OJ,NOT READY,MT. SHIVALIK NR,225.28,36.6,11.6,2026-09-04,17:12,BUTANE/PROP,13000,1,,(B),36.60 11.60 04.09  1712IOCLD  13000 SAMSARAMT. SHIVALIK NR 225.28 1 BUTANE/PROP SAMSARA - (B),dtr0709.pdf,dtr3110.pdf,2025-10-30,2025-10-31,SHIVALIK
2026-09-06,2026-09-07,Paradip,FOR OJ,NOT READY,MT. TORM DOVER NR,183.12,32.2,0.0,2026-09-05,14:12,NAPTHA,35000,2,,(B),32.20 0.00 05.09  1412IOCLL  35000 ISIPLMT. TORM DOVER NR 183.12 2 NAPTHA ISIPL - (B),dtr0709.pdf,dtr3110.pdf,2025-10-30,2025-10-31,TORM DOVER
2026-09-06,2026-09-07,Paradip,FOR OJ,NOT READY,MT. GAS ALKHALEEJ NR,225.28,36.62,11.8,2026-09-07,09:54,BUTANE/PROP,28000,3,,(B),36.62 11.80 07.09  0954IOCLD  28000 AGSMT. GAS ALKHALEEJ NR 225.28 3 BUTANE/PROP AGS - (B),dtr0709.pdf,dtr3110.pdf,2025-10-30,2025-10-31,GAS ALKHALEEJ
2026-09-06,2026-09-07,Paradip,FOR SPM,READY,MT. OLYMPIC FLAG,273.97,47.0,15.0,2026-09-06,09:54,CRUDE OIL,124610,1,,,47.00 15.00 06.09  0954IOCL PLDD  124610 AGSMT. OLYMPIC FLAG 273.97 1 CRUDE OIL AGSR -,dtr0709.pdf,dtr3110.pdf,2025-10-30,2025-10-31,OLYMPIC FLAG
2026-09-06,2026-09-07,Paradip,FOR SPM,NOT READY,MT. AYAT NR,179.99,32.2,11.4,2026-08-26,19:30,CRUDE OIL,37861,1,,(B),32.20 11.40 26.08  1930IOCL PLDD  37861 AGSMT. AYAT NR 179.99 1 CRUDE OIL AGS - (B),dtr0709.pdf,dtr3110.pdf,2025-10-30,2025-10-31,AYAT
2026-09-06,2026-09-07,Paradip,FOR PICT,NOT READY,MV. TAN BINH 259 ICT/NR,175.53,29.4,9.5,2026-07-22,16:25,S.COIL,25391,1,,(B),29.40 9.50 22.07  1625JSLD  25391 SSSMV. TAN BINH 259 ICT/NR 175.53 1 S.COIL NK - (B),dtr0709.pdf,dtr3110.pdf,2025-10-30,2025-10-31,TAN BINH 259
2026-09-06,2026-09-07,Paradip,FOR PICT,NOT READY,MV. NEON TRADER ICT/NR,179.9,30.0,9.24,2026-09-01,17:36,S.COIL,15000,2,,(B),30.00 9.24 01.09  1736SAILL  15000 GACMV. NEON TRADER ICT/NR 179.90 2 S.COIL GAC - (B),dtr0709.pdf,dtr3110.pdf,2025-10-30,2025-10-31,NEON TRADER
2026-09-06,2026-09-07,Paradip,FOR PICT,NOT READY,MV. YPERION ICT/NR,229.0,32.26,7.25,2026-09-01,20:36,PIG IRON,66000,3,,(B),32.26 7.25 01.09  2036OMPLL  66000 J M BAXIMSPLMV. YPERION ICT/NR 229.00 3 PIG IRON J M BAXIMSPL - (B),dtr0709.pdf,dtr3110.pdf,2025-10-30,2025-10-31,YPERION
2026-09-06,2026-09-07,Paradip,FOR PICT,NOT READY,MV. DIONYSUS ICT/NR,199.9,32.26,12.35,2026-09-06,19:06,UREA,52500,4,,(B),32.26 12.35 06.09  1906BRAHMAPUTRAD  52500 SSSMV. DIONYSUS ICT/NR 199.90 4 UREA SSS - (B),dtr0709.pdf,dtr3110.pdf,2025-10-30,2025-10-31,DIONYSUS
2026-09-06,2026-09-07,Paradip,Others,NOT READY,MV. PELAGIA NR,228.99,32.26,12.86,2026-08-27,23:00,,36000,1,,(B),32.26 12.86 27.08  2300NKD  36000 ALAPMV. PELAGIA NR 228.99 1 A. SULPHATE ALAP - (B),dtr0709.pdf,dtr3110.pdf,2025-10-30,2025-10-31,PELAGIA
