date,portid,portname,country,ISO3,portcalls_dry_bulk,portcalls,import_dry_bulk,export_dry_bulk
2019-01-01,port1367,Visakhapatnam,India,IND,2,6,120697,0
2019-01-01,port2299,Gopalpur,India,IND,1,1,22395,22579
2019-01-01,port290,Dhamra Port,India,IND,0,0,0,0
2019-01-01,port442,Haldia,India,IND,3,6,60171,3059
2019-01-01,port883,Paradip,India,IND,2,2,53370,55139
2019-01-02,port1367,Visakhapatnam,India,IND,5,8,146329,55055
2019-01-02,port2299,Gopalpur,India,IND,0,0,0,0
2019-01-02,port290,Dhamra Port,India,IND,0,0,0,0
2019-01-02,port442,Haldia,India,IND,2,3,6743,0
2019-01-02,port883,Paradip,India,IND,4,4,145562,49790
2019-01-03,port1367,Visakhapatnam,India,IND,3,7,108708,70461
2019-01-03,port2299,Gopalpur,India,IND,1,1,22395,22579
2019-01-03,port290,Dhamra Port,India,IND,1,1,41491,19184
2019-01-03,port442,Haldia,India,IND,3,5,23295,99611
2019-01-03,port883,Paradip,India,IND,2,2,20323,54701
2019-01-04,port1367,Visakhapatnam,India,IND,4,8,138054,60091
2019-01-04,port2299,Gopalpur,India,IND,0,0,0,0
2019-01-04,port290,Dhamra Port,India,IND,0,0,0,0
2019-01-04,port442,Haldia,India,IND,3,6,76859,6118
2019-01-04,port883,Paradip,India,IND,2,2,20323,30268
2019-01-05,port1367,Visakhapatnam,India,IND,4,8,105094,103483
2019-01-05,port2299,Gopalpur,India,IND,0,0,0,0
2019-01-05,port290,Dhamra Port,India,IND,1,2,41491,19184
2019-01-05,port442,Haldia,India,IND,3,4,0,26532
2019-01-05,port883,Paradip,India,IND,2,2,69676,30268
2019-01-06,port1367,Visakhapatnam,India,IND,2,4,18807,32856
2019-01-06,port2299,Gopalpur,India,IND,1,1,22395,22579
2019-01-06,port290,Dhamra Port,India,IND,0,0,0,0
2019-01-06,port442,Haldia,India,IND,1,3,23295,3059
2019-01-06,port883,Paradip,India,IND,2,3,78590,64162
2019-01-07,port1367,Visakhapatnam,India,IND,6,8,272720,40014
2019-01-07,port2299,Gopalpur,India,IND,0,0,0,0
2019-01-07,port290,Dhamra Port,India,IND,3,3,41491,84481
2019-01-07,port442,Haldia,India,IND,5,6,76407,6118
2019-01-07,port883,Paradip,India,IND,3,4,57294,45228
2019-01-08,port1367,Visakhapatnam,India,IND,3,7,21072,33220
2019-01-08,port2299,Gopalpur,India,IND,0,0,0,0
2019-01-08,port290,Dhamra Port,India,IND,1,1,41491,19184
2019-01-08,port442,Haldia,India,IND,1,4,0,50135
2019-01-08,port883,Paradip,India,IND,2,2,69573,30268
2019-01-09,port1367,Visakhapatnam,India,IND,4,8,274806,15736
2019-01-09,port2299,Gopalpur,India,IND,0,0,0,0
2019-01-09,port290,Dhamra Port,India,IND,1,1,9583,0
2019-01-09,port442,Haldia,India,IND,1,3,0,0
2019-01-09,port883,Paradip,India,IND,1,2,0,5731
2019-01-10,port1367,Visakhapatnam,India,IND,5,8,342200,42184
2019-01-10,port2299,Gopalpur,India,IND,0,0,0,0
2019-01-10,port290,Dhamra Port,India,IND,1,1,73173,0
2019-01-10,port442,Haldia,India,IND,1,5,0,0
2019-01-10,port883,Paradip,India,IND,0,0,0,0
2019-01-11,port1367,Visakhapatnam,India,IND,4,8,131182,61057
2019-01-11,port2299,Gopalpur,India,IND,0,0,0,0
2019-01-11,port290,Dhamra Port,India,IND,1,1,41491,19184
2019-01-11,port442,Haldia,India,IND,4,5,101424,3059
2019-01-11,port883,Paradip,India,IND,4,4,139835,90806
2019-01-12,port1367,Visakhapatnam,India,IND,3,6,104422,54817
2019-01-12,port2299,Gopalpur,India,IND,0,0,0,0
2019-01-12,port290,Dhamra Port,India,IND,2,2,73324,19184
2019-01-12,port442,Haldia,India,IND,1,5,20876,0
2019-01-12,port883,Paradip,India,IND,3,3,54288,34390
2019-01-13,port1367,Visakhapatnam,India,IND,3,5,152284,3459
2019-01-13,port2299,Gopalpur,India,IND,0,0,0,0
2019-01-13,port290,Dhamra Port,India,IND,0,0,0,0
2019-01-13,port442,Haldia,India,IND,2,5,45064,3059
2019-01-13,port883,Paradip,India,IND,1,1,20323,30268
2019-01-14,port1367,Visakhapatnam,India,IND,2,6,104507,15736
2019-01-14,port2299,Gopalpur,India,IND,0,0,0,0
2019-01-14,port290,Dhamra Port,India,IND,1,1,41491,19184
2019-01-14,port442,Haldia,India,IND,4,5,69555,3059
2019-01-14,port883,Paradip,India,IND,3,4,40646,131491
2019-01-15,port1367,Visakhapatnam,India,IND,1,6,55096,0
2019-01-15,port2299,Gopalpur,India,IND,0,0,0,0
2019-01-15,port290,Dhamra Port,India,IND,1,1,41491,19184
2019-01-15,port442,Haldia,India,IND,2,4,0,81598
2019-01-15,port883,Paradip,India,IND,3,3,20323,58387
2019-01-16,port1367,Visakhapatnam,India,IND,4,5,100686,16572
2019-01-16,port2299,Gopalpur,India,IND,0,0,0,0
2019-01-16,port290,Dhamra Port,India,IND,0,0,0,0
2019-01-16,port442,Haldia,India,IND,3,5,23295,103179
2019-01-16,port883,Paradip,India,IND,2,5,72482,75368
2019-01-17,port1367,Visakhapatnam,India,IND,3,4,86730,17782
2019-01-17,port2299,Gopalpur,India,IND,0,0,0,0
2019-01-17,port290,Dhamra Port,India,IND,0,0,0,0
2019-01-17,port442,Haldia,India,IND,2,3,117328,0
2019-01-17,port883,Paradip,India,IND,1,2,18807,0
2019-01-18,port1367,Visakhapatnam,India,IND,1,2,0,47059
2019-01-18,port2299,Gopalpur,India,IND,0,0,0,0
2019-01-18,port290,Dhamra Port,India,IND,1,1,0,0
2019-01-18,port442,Haldia,India,IND,2,5,99872,3059
2019-01-18,port883,Paradip,India,IND,1,1,0,53299
2019-01-19,port1367,Visakhapatnam,India,IND,2,2,114951,15736
2019-01-19,port2299,Gopalpur,India,IND,0,0,0,0
2019-01-19,port290,Dhamra Port,India,IND,2,2,41491,48048
2019-01-19,port442,Haldia,India,IND,2,2,46591,6118
2019-01-19,port883,Paradip,India,IND,2,4,20323,105776
2019-01-20,port1367,Visakhapatnam,India,IND,1,2,160302,0
2019-01-20,port2299,Gopalpur,India,IND,1,1,13914,6854
2019-01-20,port290,Dhamra Port,India,IND,0,0,0,0
2019-01-20,port442,Haldia,India,IND,1,5,23295,3059
2019-01-20,port883,Paradip,India,IND,2,2,20323,85408
2019-01-21,port1367,Visakhapatnam,India,IND,4,5,155171,47210
2019-01-21,port2299,Gopalpur,India,IND,0,0,0,0
2019-01-21,port290,Dhamra Port,India,IND,1,1,0,18704
2019-01-21,port442,Haldia,India,IND,2,3,0,0
2019-01-21,port883,Paradip,India,IND,3,5,74539,55004
2019-01-22,port1367,Visakhapatnam,India,IND,5,6,162864,59142
2019-01-22,port2299,Gopalpur,India,IND,0,0,0,0
2019-01-22,port290,Dhamra Port,India,IND,0,0,0,0
2019-01-22,port442,Haldia,India,IND,2,2,23295,3059
2019-01-22,port883,Paradip,India,IND,2,3,0,142477
2019-01-23,port1367,Visakhapatnam,India,IND,2,3,68588,31473
2019-01-23,port2299,Gopalpur,India,IND,1,1,0,23139
2019-01-23,port290,Dhamra Port,India,IND,1,1,41491,19184
2019-01-23,port442,Haldia,India,IND,1,2,0,54494
2019-01-23,port883,Paradip,India,IND,0,0,0,0
2019-01-24,port1367,Visakhapatnam,India,IND,1,1,34294,15736
2019-01-24,port2299,Gopalpur,India,IND,0,0,0,0
2019-01-24,port290,Dhamra Port,India,IND,0,0,0,0
2019-01-24,port442,Haldia,India,IND,0,1,0,0
2019-01-24,port883,Paradip,India,IND,2,2,0,0
2019-01-25,port1367,Visakhapatnam,India,IND,1,4,51498,0
2019-01-25,port2299,Gopalpur,India,IND,0,0,0,0
2019-01-25,port290,Dhamra Port,India,IND,0,0,0,0
2019-01-25,port442,Haldia,India,IND,3,6,0,3283
2019-01-25,port883,Paradip,India,IND,3,5,47655,60537
2019-01-26,port1367,Visakhapatnam,India,IND,5,5,254483,30893
2019-01-26,port2299,Gopalpur,India,IND,0,0,0,0
2019-01-26,port290,Dhamra Port,India,IND,1,1,28628,0
2019-01-26,port442,Haldia,India,IND,4,6,93182,12237
2019-01-26,port883,Paradip,India,IND,0,0,0,0
2019-01-27,port1367,Visakhapatnam,India,IND,1,3,34294,15736
2019-01-27,port2299,Gopalpur,India,IND,0,0,0,0
2019-01-27,port290,Dhamra Port,India,IND,1,1,41491,19184
2019-01-27,port442,Haldia,India,IND,1,2,23295,3059
2019-01-27,port883,Paradip,India,IND,1,1,0,26143
2019-01-28,port1367,Visakhapatnam,India,IND,3,5,141732,15736
2019-01-28,port2299,Gopalpur,India,IND,0,0,0,0
2019-01-28,port290,Dhamra Port,India,IND,0,0,0,0
2019-01-28,port442,Haldia,India,IND,2,6,23295,3059
2019-01-28,port883,Paradip,India,IND,3,3,21383,695
2019-01-29,port1367,Visakhapatnam,India,IND,1,4,34294,15736
2019-01-29,port2299,Gopalpur,India,IND,0,0,0,0
2019-01-29,port290,Dhamra Port,India,IND,1,1,25321,0
2019-01-29,port442,Haldia,India,IND,2,2,98351,3059
2019-01-29,port883,Paradip,India,IND,2,2,139,48099
2019-01-30,port1367,Visakhapatnam,India,IND,1,2,35907,0
2019-01-30,port2299,Gopalpur,India,IND,0,0,0,0
2019-01-30,port290,Dhamra Port,India,IND,3,3,119855,72551
2019-01-30,port442,Haldia,India,IND,5,9,223741,0
2019-01-30,port883,Paradip,India,IND,4,4,177452,44855
2019-01-31,port1367,Visakhapatnam,India,IND,4,7,168244,0
2019-01-31,port2299,Gopalpur,India,IND,1,1,47642,0
2019-01-31,port290,Dhamra Port,India,IND,1,1,0,53490
2019-01-31,port442,Haldia,India,IND,2,6,0,0
2019-01-31,port883,Paradip,India,IND,1,1,0,55544
2019-02-01,port1367,Visakhapatnam,India,IND,2,2,195408,15736
2019-02-01,port2299,Gopalpur,India,IND,0,0,0,0
2019-02-01,port290,Dhamra Port,India,IND,1,1,138,0
2019-02-01,port442,Haldia,India,IND,1,4,74539,0
2019-02-01,port883,Paradip,India,IND,4,4,20323,201286
2019-02-02,port1367,Visakhapatnam,India,IND,2,5,87734,15736
2019-02-02,port2299,Gopalpur,India,IND,1,1,0,56385
2019-02-02,port290,Dhamra Port,India,IND,1,1,35789,0
2019-02-02,port442,Haldia,India,IND,5,7,130859,0
2019-02-02,port883,Paradip,India,IND,2,2,40646,60537
2019-02-03,port1367,Visakhapatnam,India,IND,2,3,55089,86577
2019-02-03,port2299,Gopalpur,India,IND,0,0,0,0
2019-02-03,port290,Dhamra Port,India,IND,1,1,0,27918
2019-02-03,port442,Haldia,India,IND,1,3,23295,3059
2019-02-03,port883,Paradip,India,IND,3,4,0,135625
2019-02-04,port1367,Visakhapatnam,India,IND,0,2,0,0
2019-02-04,port2299,Gopalpur,India,IND,0,0,0,0
2019-02-04,port290,Dhamra Port,India,IND,2,2,250995,0
2019-02-04,port442,Haldia,India,IND,2,4,23295,44546
2019-02-04,port883,Paradip,India,IND,8,8,298962,108108
2019-02-05,port1367,Visakhapatnam,India,IND,3,3,166603,15736
2019-02-05,port2299,Gopalpur,India,IND,0,0,0,0
2019-02-05,port290,Dhamra Port,India,IND,1,1,2405,0
2019-02-05,port442,Haldia,India,IND,2,6,46591,6118
2019-02-05,port883,Paradip,India,IND,1,1,0,64162
2019-02-06,port1367,Visakhapatnam,India,IND,3,4,1647,45422
2019-02-06,port2299,Gopalpur,India,IND,0,0,0,0
2019-02-06,port290,Dhamra Port,India,IND,0,0,0,0
2019-02-06,port442,Haldia,India,IND,5,5,50445,3059
2019-02-06,port883,Paradip,India,IND,1,1,0,4559
2019-02-07,port1367,Visakhapatnam,India,IND,2,2,46413,0
2019-02-07,port2299,Gopalpur,India,IND,0,0,0,0
2019-02-07,port290,Dhamra Port,India,IND,0,0,0,0
2019-02-07,port442,Haldia,India,IND,2,3,102059,3059
2019-02-07,port883,Paradip,India,IND,2,2,20323,30268
2019-02-08,port1367,Visakhapatnam,India,IND,1,1,79147,0
2019-02-08,port2299,Gopalpur,India,IND,0,0,0,0
2019-02-08,port290,Dhamra Port,India,IND,2,2,46288,55300
2019-02-08,port442,Haldia,India,IND,4,7,28248,14660
2019-02-08,port883,Paradip,India,IND,2,2,20323,30268
2019-02-09,port1367,Visakhapatnam,India,IND,2,2,34294,61969
2019-02-09,port2299,Gopalpur,India,IND,0,0,0,0
2019-02-09,port290,Dhamra Port,India,IND,1,1,77798,0
2019-02-09,port442,Haldia,India,IND,3,5,96763,3059
2019-02-09,port883,Paradip,India,IND,1,1,0,68997
2019-02-10,port1367,Visakhapatnam,India,IND,2,3,25276,2464
2019-02-10,port2299,Gopalpur,India,IND,0,0,0,0
2019-02-10,port290,Dhamra Port,India,IND,2,2,54938,54475
2019-02-10,port442,Haldia,India,IND,1,1,23295,3059
2019-02-10,port883,Paradip,India,IND,1,1,20323,30268
2019-02-11,port1367,Visakhapatnam,India,IND,4,7,175755,47210
2019-02-11,port2299,Gopalpur,India,IND,0,0,0,0
2019-02-11,port290,Dhamra Port,India,IND,1,1,0,0
2019-02-11,port442,Haldia,India,IND,5,6,103928,9178
2019-02-11,port883,Paradip,India,IND,2,2,20323,64153
2019-02-12,port1367,Visakhapatnam,India,IND,3,4,97483,50028
2019-02-12,port2299,Gopalpur,India,IND,0,0,0,0
2019-02-12,port290,Dhamra Port,India,IND,1,1,0,49856
2019-02-12,port442,Haldia,India,IND,1,4,32599,0
2019-02-12,port883,Paradip,India,IND,1,2,73237,0
2019-02-13,port1367,Visakhapatnam,India,IND,2,3,109364,15736
2019-02-13,port2299,Gopalpur,India,IND,0,0,0,0
2019-02-13,port290,Dhamra Port,India,IND,2,2,41491,58175
2019-02-13,port442,Haldia,India,IND,2,5,30745,0
2019-02-13,port883,Paradip,India,IND,0,0,0,0
2019-02-14,port1367,Visakhapatnam,India,IND,3,4,73062,13802
2019-02-14,port2299,Gopalpur,India,IND,0,0,0,0
2019-02-14,port290,Dhamra Port,India,IND,0,0,0,0
2019-02-14,port442,Haldia,India,IND,3,5,23295,8892
2019-02-14,port883,Paradip,India,IND,3,3,42511,30268
2019-02-15,port1367,Visakhapatnam,India,IND,1,2,79668,0
2019-02-15,port2299,Gopalpur,India,IND,0,0,0,0
2019-02-15,port290,Dhamra Port,India,IND,0,0,0,0
2019-02-15,port442,Haldia,India,IND,4,7,69887,9722
2019-02-15,port883,Paradip,India,IND,0,0,0,0
2019-02-16,port1367,Visakhapatnam,India,IND,3,4,103179,31473
2019-02-16,port2299,Gopalpur,India,IND,0,0,0,0
2019-02-16,port290,Dhamra Port,India,IND,0,0,0,0
2019-02-16,port442,Haldia,India,IND,1,4,37362,0
2019-02-16,port883,Paradip,India,IND,5,8,188762,148869
2019-02-17,port1367,Visakhapatnam,India,IND,1,1,78948,0
2019-02-17,port2299,Gopalpur,India,IND,1,1,0,0
2019-02-17,port290,Dhamra Port,India,IND,2,2,80781,0
2019-02-17,port442,Haldia,India,IND,1,6,0,0
2019-02-17,port883,Paradip,India,IND,3,3,90859,5560
2019-02-18,port1367,Visakhapatnam,India,IND,0,2,0,0
2019-02-18,port2299,Gopalpur,India,IND,1,1,0,50727
2019-02-18,port290,Dhamra Port,India,IND,0,0,0,0
2019-02-18,port442,Haldia,India,IND,6,6,104817,76368
2019-02-18,port883,Paradip,India,IND,2,2,78177,71422
2019-02-19,port1367,Visakhapatnam,India,IND,4,7,128043,70489
2019-02-19,port2299,Gopalpur,India,IND,0,0,0,0
2019-02-19,port290,Dhamra Port,India,IND,0,0,0,0
2019-02-19,port442,Haldia,India,IND,1,3,78816,0
2019-02-19,port883,Paradip,India,IND,2,2,20323,51415
2019-02-20,port1367,Visakhapatnam,India,IND,2,4,97205,0
2019-02-20,port2299,Gopalpur,India,IND,1,1,22395,22579
2019-02-20,port290,Dhamra Port,India,IND,1,1,0,13438
2019-02-20,port442,Haldia,India,IND,3,4,46591,6118
2019-02-20,port883,Paradip,India,IND,2,2,20323,105637
2019-02-21,port1367,Visakhapatnam,India,IND,5,11,216771,77531
2019-02-21,port2299,Gopalpur,India,IND,0,0,0,0
2019-02-21,port290,Dhamra Port,India,IND,0,0,0,0
2019-02-21,port442,Haldia,India,IND,4,5,75991,0
2019-02-21,port883,Paradip,India,IND,2,2,43069,20726
2019-02-22,port1367,Visakhapatnam,India,IND,5,7,229807,54817
2019-02-22,port2299,Gopalpur,India,IND,1,1,22395,22579
2019-02-22,port290,Dhamra Port,India,IND,1,1,79451,0
2019-02-22,port442,Haldia,India,IND,5,9,125249,6118
2019-02-22,port883,Paradip,India,IND,3,3,40646,88683
2019-02-23,port1367,Visakhapatnam,India,IND,1,4,517,0
2019-02-23,port2299,Gopalpur,India,IND,0,0,0,0
2019-02-23,port290,Dhamra Port,India,IND,1,1,41491,19184
2019-02-23,port442,Haldia,India,IND,2,5,0,53106
2019-02-23,port883,Paradip,India,IND,4,4,99984,142132
2019-02-24,port1367,Visakhapatnam,India,IND,1,5,73200,0
2019-02-24,port2299,Gopalpur,India,IND,0,0,0,0
2019-02-24,port290,Dhamra Port,India,IND,2,2,52349,0
2019-02-24,port442,Haldia,India,IND,4,5,69887,9178
2019-02-24,port883,Paradip,India,IND,1,1,78129,0
2019-02-25,port1367,Visakhapatnam,India,IND,2,2,161460,0
2019-02-25,port2299,Gopalpur,India,IND,2,2,103986,0
2019-02-25,port290,Dhamra Port,India,IND,0,0,0,0
2019-02-25,port442,Haldia,India,IND,4,7,72175,70232
2019-02-25,port883,Paradip,India,IND,3,3,20323,129401
2019-02-26,port1367,Visakhapatnam,India,IND,4,6,154743,103507
2019-02-26,port2299,Gopalpur,India,IND,0,0,0,0
2019-02-26,port290,Dhamra Port,India,IND,1,1,41491,19184
2019-02-26,port442,Haldia,India,IND,0,2,0,0
2019-02-26,port883,Paradip,India,IND,4,4,73626,133130
2019-02-27,port1367,Visakhapatnam,India,IND,2,5,25654,42372
2019-02-27,port2299,Gopalpur,India,IND,0,0,0,0
2019-02-27,port290,Dhamra Port,India,IND,1,1,28199,0
2019-02-27,port442,Haldia,India,IND,3,6,23295,3059
2019-02-27,port883,Paradip,India,IND,2,3,20323,97606
2019-02-28,port1367,Visakhapatnam,India,IND,2,6,70210,0
2019-02-28,port2299,Gopalpur,India,IND,0,0,0,0
2019-02-28,port290,Dhamra Port,India,IND,0,0,0,0
2019-02-28,port442,Haldia,India,IND,1,2,0,0
2019-02-28,port883,Paradip,India,IND,0,1,0,0
2019-03-01,port1367,Visakhapatnam,India,IND,2,7,696,44324
2019-03-01,port2299,Gopalpur,India,IND,0,0,0,0
2019-03-01,port290,Dhamra Port,India,IND,1,1,0,4756
2019-03-01,port442,Haldia,India,IND,0,4,0,0
2019-03-01,port883,Paradip,India,IND,2,2,40646,60537
2019-03-02,port1367,Visakhapatnam,India,IND,4,8,197970,0
2019-03-02,port2299,Gopalpur,India,IND,0,0,0,0
2019-03-02,port290,Dhamra Port,India,IND,0,0,0,0
2019-03-02,port442,Haldia,India,IND,3,7,107763,6118
2019-03-02,port883,Paradip,India,IND,2,2,0,56804
2019-03-03,port1367,Visakhapatnam,India,IND,3,5,83343,103483
2019-03-03,port2299,Gopalpur,India,IND,0,0,0,0
2019-03-03,port290,Dhamra Port,India,IND,0,0,0,0
2019-03-03,port442,Haldia,India,IND,1,3,23295,3059
2019-03-03,port883,Paradip,India,IND,4,5,98533,30268
2019-03-04,port1367,Visakhapatnam,India,IND,5,6,183665,69014
2019-03-04,port2299,Gopalpur,India,IND,0,0,0,0
2019-03-04,port290,Dhamra Port,India,IND,0,0,0,0
2019-03-04,port442,Haldia,India,IND,1,2,23295,3059
2019-03-04,port883,Paradip,India,IND,2,3,40646,60537
2019-03-05,port1367,Visakhapatnam,India,IND,2,6,0,91237
2019-03-05,port2299,Gopalpur,India,IND,0,0,0,0
2019-03-05,port290,Dhamra Port,India,IND,2,2,82983,38369
2019-03-05,port442,Haldia,India,IND,2,5,64138,0
2019-03-05,port883,Paradip,India,IND,4,4,25797,86453
2019-03-06,port1367,Visakhapatnam,India,IND,2,5,0,41600
2019-03-06,port2299,Gopalpur,India,IND,0,0,0,0
2019-03-06,port290,Dhamra Port,India,IND,0,0,0,0
2019-03-06,port442,Haldia,India,IND,3,5,23295,3059
2019-03-06,port883,Paradip,India,IND,1,1,0,75368
2019-03-07,port1367,Visakhapatnam,India,IND,1,7,32256,0
2019-03-07,port2299,Gopalpur,India,IND,1,1,22395,22579
2019-03-07,port290,Dhamra Port,India,IND,1,1,0,54564
2019-03-07,port442,Haldia,India,IND,3,3,0,3449
2019-03-07,port883,Paradip,India,IND,1,2,1968,0
2019-03-08,port1367,Visakhapatnam,India,IND,2,6,112909,15736
2019-03-08,port2299,Gopalpur,India,IND,0,0,0,0
2019-03-08,port290,Dhamra Port,India,IND,3,3,255629,38369
2019-03-08,port442,Haldia,India,IND,2,3,23295,3059
2019-03-08,port883,Paradip,India,IND,2,2,33486,30268
2019-03-09,port1367,Visakhapatnam,India,IND,6,7,202890,4698
2019-03-09,port2299,Gopalpur,India,IND,0,0,0,0
2019-03-09,port290,Dhamra Port,India,IND,1,1,41491,19184
2019-03-09,port442,Haldia,India,IND,1,4,43859,0
2019-03-09,port883,Paradip,India,IND,2,2,78777,24379
2019-03-10,port1367,Visakhapatnam,India,IND,2,5,41623,0
2019-03-10,port2299,Gopalpur,India,IND,0,1,0,0
2019-03-10,port290,Dhamra Port,India,IND,1,1,41491,19184
2019-03-10,port442,Haldia,India,IND,1,2,0,0
2019-03-10,port883,Paradip,India,IND,1,1,0,28628
2019-03-11,port1367,Visakhapatnam,India,IND,2,5,70995,11906
2019-03-11,port2299,Gopalpur,India,IND,0,0,0,0
2019-03-11,port290,Dhamra Port,India,IND,0,0,0,0
2019-03-11,port442,Haldia,India,IND,1,3,23295,3059
2019-03-11,port883,Paradip,India,IND,1,1,0,0
2019-03-12,port1367,Visakhapatnam,India,IND,6,13,153363,163802
2019-03-12,port2299,Gopalpur,India,IND,0,0,0,0
2019-03-12,port290,Dhamra Port,India,IND,0,0,0,0
2019-03-12,port442,Haldia,India,IND,4,7,128123,3059
2019-03-12,port883,Paradip,India,IND,5,5,265637,59412
2019-03-13,port1367,Visakhapatnam,India,IND,2,5,113857,0
2019-03-13,port2299,Gopalpur,India,IND,1,1,13914,6854
2019-03-13,port290,Dhamra Port,India,IND,2,2,128778,0
2019-03-13,port442,Haldia,India,IND,3,3,111941,26532
2019-03-13,port883,Paradip,India,IND,0,1,0,0
2019-03-14,port1367,Visakhapatnam,India,IND,5,8,201786,114894
2019-03-14,port2299,Gopalpur,India,IND,0,0,0,0
2019-03-14,port290,Dhamra Port,India,IND,1,1,41491,19184
2019-03-14,port442,Haldia,India,IND,1,2,0,0
2019-03-14,port883,Paradip,India,IND,4,4,71257,133709
2019-03-15,port1367,Visakhapatnam,India,IND,2,5,78133,74247
2019-03-15,port2299,Gopalpur,India,IND,0,0,0,0
2019-03-15,port290,Dhamra Port,India,IND,0,0,0,0
2019-03-15,port442,Haldia,India,IND,2,7,18202,406
2019-03-15,port883,Paradip,India,IND,2,3,125429,0
2019-03-16,port1367,Visakhapatnam,India,IND,2,5,45855,103507
2019-03-16,port2299,Gopalpur,India,IND,0,0,0,0
2019-03-16,port290,Dhamra Port,India,IND,1,1,0,40666
2019-03-16,port442,Haldia,India,IND,3,5,69887,9178
2019-03-16,port883,Paradip,India,IND,3,3,30128,103894
2019-03-17,port1367,Visakhapatnam,India,IND,1,2,72680,0
2019-03-17,port2299,Gopalpur,India,IND,0,0,0,0
2019-03-17,port290,Dhamra Port,India,IND,0,0,0,0
2019-03-17,port442,Haldia,India,IND,2,2,46591,6118
2019-03-17,port883,Paradip,India,IND,2,2,0,122904
2019-03-18,port1367,Visakhapatnam,India,IND,10,15,413134,33333
2019-03-18,port2299,Gopalpur,India,IND,0,0,0,0
2019-03-18,port290,Dhamra Port,India,IND,1,1,41491,19184
2019-03-18,port442,Haldia,India,IND,5,6,39885,3059
2019-03-18,port883,Paradip,India,IND,4,5,91692,146407
2019-03-19,port1367,Visakhapatnam,India,IND,3,8,149604,0
2019-03-19,port2299,Gopalpur,India,IND,0,0,0,0
2019-03-19,port290,Dhamra Port,India,IND,3,3,116502,0
2019-03-19,port442,Haldia,India,IND,3,9,73875,0
2019-03-19,port883,Paradip,India,IND,3,3,46651,126359
2019-03-20,port1367,Visakhapatnam,India,IND,5,9,202769,66970
2019-03-20,port2299,Gopalpur,India,IND,0,0,0,0
2019-03-20,port290,Dhamra Port,India,IND,0,0,0,0
2019-03-20,port442,Haldia,India,IND,3,5,94311,0
2019-03-20,port883,Paradip,India,IND,2,3,0,77593
2019-03-21,port1367,Visakhapatnam,India,IND,4,7,138339,119220
2019-03-21,port2299,Gopalpur,India,IND,1,1,0,23898
2019-03-21,port290,Dhamra Port,India,IND,0,0,0,0
2019-03-21,port442,Haldia,India,IND,2,3,0,49520
2019-03-21,port883,Paradip,India,IND,1,1,0,26448
2019-03-22,port1367,Visakhapatnam,India,IND,5,6,152477,119971
2019-03-22,port2299,Gopalpur,India,IND,0,0,0,0
2019-03-22,port290,Dhamra Port,India,IND,0,0,0,0
2019-03-22,port442,Haldia,India,IND,2,3,50566,0
2019-03-22,port883,Paradip,India,IND,4,4,256072,30268
2019-03-23,port1367,Visakhapatnam,India,IND,2,2,34294,36811
2019-03-23,port2299,Gopalpur,India,IND,0,0,0,0
2019-03-23,port290,Dhamra Port,India,IND,0,0,0,0
2019-03-23,port442,Haldia,India,IND,4,4,73865,0
2019-03-23,port883,Paradip,India,IND,3,4,73874,85408
2019-03-24,port1367,Visakhapatnam,India,IND,1,4,0,53834
2019-03-24,port2299,Gopalpur,India,IND,0,0,0,0
2019-03-24,port290,Dhamra Port,India,IND,1,1,21432,0
2019-03-24,port442,Haldia,India,IND,0,2,0,0
2019-03-24,port883,Paradip,India,IND,2,2,33388,0
2019-03-25,port1367,Visakhapatnam,India,IND,4,11,109439,54436
2019-03-25,port2299,Gopalpur,India,IND,0,0,0,0
2019-03-25,port290,Dhamra Port,India,IND,0,1,0,0
2019-03-25,port442,Haldia,India,IND,2,3,102051,3059
2019-03-25,port883,Paradip,India,IND,1,2,72315,0
2019-03-26,port1367,Visakhapatnam,India,IND,5,6,314662,31473
2019-03-26,port2299,Gopalpur,India,IND,0,0,0,0
2019-03-26,port290,Dhamra Port,India,IND,1,1,411,0
2019-03-26,port442,Haldia,India,IND,1,2,23295,3059
2019-03-26,port883,Paradip,India,IND,6,6,116951,198905
2019-03-27,port1367,Visakhapatnam,India,IND,2,6,54883,0
2019-03-27,port2299,Gopalpur,India,IND,0,0,0,0
2019-03-27,port290,Dhamra Port,India,IND,1,1,0,1659
2019-03-27,port442,Haldia,India,IND,0,2,0,0
2019-03-27,port883,Paradip,India,IND,3,4,97822,85242
2019-03-28,port1367,Visakhapatnam,India,IND,1,6,0,60433
2019-03-28,port2299,Gopalpur,India,IND,1,1,50693,0
2019-03-28,port290,Dhamra Port,India,IND,0,0,0,0
2019-03-28,port442,Haldia,India,IND,2,3,16827,0
2019-03-28,port883,Paradip,India,IND,1,1,0,0
2019-03-29,port1367,Visakhapatnam,India,IND,2,6,75119,33471
2019-03-29,port2299,Gopalpur,India,IND,0,0,0,0
2019-03-29,port290,Dhamra Port,India,IND,1,1,26712,0
2019-03-29,port442,Haldia,India,IND,5,7,133431,3059
2019-03-29,port883,Paradip,India,IND,4,4,95181,84898
2019-03-30,port1367,Visakhapatnam,India,IND,4,11,88489,15736
2019-03-30,port2299,Gopalpur,India,IND,0,0,0,0
2019-03-30,port290,Dhamra Port,India,IND,0,0,0,0
2019-03-30,port442,Haldia,India,IND,3,6,46591,6118
2019-03-30,port883,Paradip,India,IND,2,2,21779,54494
2019-03-31,port1367,Visakhapatnam,India,IND,2,6,124962,0
2019-03-31,port2299,Gopalpur,India,IND,0,0,0,0
2019-03-31,port290,Dhamra Port,India,IND,2,3,0,51823
2019-03-31,port442,Haldia,India,IND,2,5,23295,3059
2019-03-31,port883,Paradip,India,IND,1,1,0,54000
2019-04-01,port1367,Visakhapatnam,India,IND,5,6,89226,15736
2019-04-01,port2299,Gopalpur,India,IND,0,0,0,0
2019-04-01,port290,Dhamra Port,India,IND,0,0,0,0
2019-04-01,port442,Haldia,India,IND,3,4,102160,3059
2019-04-01,port883,Paradip,India,IND,2,2,99183,30268
2019-04-02,port1367,Visakhapatnam,India,IND,2,4,153235,0
2019-04-02,port2299,Gopalpur,India,IND,0,0,0,0
2019-04-02,port290,Dhamra Port,India,IND,1,1,0,51116
2019-04-02,port442,Haldia,India,IND,1,5,78640,0
2019-04-02,port883,Paradip,India,IND,1,1,0,66331
2019-04-03,port1367,Visakhapatnam,India,IND,4,10,166594,31673
2019-04-03,port2299,Gopalpur,India,IND,0,0,0,0
2019-04-03,port290,Dhamra Port,India,IND,0,0,0,0
2019-04-03,port442,Haldia,India,IND,3,4,57913,3059
2019-04-03,port883,Paradip,India,IND,2,2,58584,73626
2019-04-04,port1367,Visakhapatnam,India,IND,6,12,251994,130972
2019-04-04,port2299,Gopalpur,India,IND,0,0,0,0
2019-04-04,port290,Dhamra Port,India,IND,1,1,80255,0
2019-04-04,port442,Haldia,India,IND,1,1,0,0
2019-04-04,port883,Paradip,India,IND,1,1,24038,0
2019-04-05,port1367,Visakhapatnam,India,IND,2,5,30878,55008
2019-04-05,port2299,Gopalpur,India,IND,0,0,0,0
2019-04-05,port290,Dhamra Port,India,IND,2,2,41491,92356
2019-04-05,port442,Haldia,India,IND,2,5,46591,6118
2019-04-05,port883,Paradip,India,IND,2,2,60983,68683
2019-04-06,port1367,Visakhapatnam,India,IND,5,6,210299,89803
2019-04-06,port2299,Gopalpur,India,IND,0,0,0,0
2019-04-06,port290,Dhamra Port,India,IND,1,1,41491,19184
2019-04-06,port442,Haldia,India,IND,1,3,24804,0
2019-04-06,port883,Paradip,India,IND,0,0,0,0
2019-04-07,port1367,Visakhapatnam,India,IND,6,8,244295,71702
2019-04-07,port2299,Gopalpur,India,IND,0,0,0,0
2019-04-07,port290,Dhamra Port,India,IND,0,0,0,0
2019-04-07,port442,Haldia,India,IND,1,2,23295,3059
2019-04-07,port883,Paradip,India,IND,1,2,2071,0
2019-04-08,port1367,Visakhapatnam,India,IND,1,4,34294,15736
2019-04-08,port2299,Gopalpur,India,IND,0,0,0,0
2019-04-08,port290,Dhamra Port,India,IND,1,1,41491,19184
2019-04-08,port442,Haldia,India,IND,2,3,103747,3059
2019-04-08,port883,Paradip,India,IND,0,1,0,0
2019-04-09,port1367,Visakhapatnam,India,IND,5,8,263664,119220
2019-04-09,port2299,Gopalpur,India,IND,0,0,0,0
2019-04-09,port290,Dhamra Port,India,IND,0,0,0,0
2019-04-09,port442,Haldia,India,IND,3,4,81979,0
2019-04-09,port883,Paradip,India,IND,2,2,51322,0
2019-04-10,port1367,Visakhapatnam,India,IND,2,6,88427,0
2019-04-10,port2299,Gopalpur,India,IND,0,0,0,0
2019-04-10,port290,Dhamra Port,India,IND,0,0,0,0
2019-04-10,port442,Haldia,India,IND,2,4,23295,3059
2019-04-10,port883,Paradip,India,IND,4,4,151539,110523
2019-04-11,port1367,Visakhapatnam,India,IND,4,6,99600,129104
2019-04-11,port2299,Gopalpur,India,IND,0,0,0,0
2019-04-11,port290,Dhamra Port,India,IND,1,2,78117,0
2019-04-11,port442,Haldia,India,IND,5,6,137845,6118
2019-04-11,port883,Paradip,India,IND,1,1,0,58490
2019-04-12,port1367,Visakhapatnam,India,IND,2,5,34294,57809
2019-04-12,port2299,Gopalpur,India,IND,0,0,0,0
2019-04-12,port290,Dhamra Port,India,IND,1,1,41491,19184
2019-04-12,port442,Haldia,India,IND,1,2,23295,3059
2019-04-12,port883,Paradip,India,IND,3,4,153698,52980
2019-04-13,port1367,Visakhapatnam,India,IND,4,7,12635,74655
2019-04-13,port2299,Gopalpur,India,IND,0,0,0,0
2019-04-13,port290,Dhamra Port,India,IND,1,1,41491,19184
2019-04-13,port442,Haldia,India,IND,0,0,0,0
2019-04-13,port883,Paradip,India,IND,2,2,20323,85408
2019-04-14,port1367,Visakhapatnam,India,IND,2,5,52981,50626
2019-04-14,port2299,Gopalpur,India,IND,1,1,22395,22579
2019-04-14,port290,Dhamra Port,India,IND,0,0,0,0
2019-04-14,port442,Haldia,India,IND,1,2,23295,3059
2019-04-14,port883,Paradip,India,IND,4,4,126294,89851
2019-04-15,port1367,Visakhapatnam,India,IND,4,6,188667,85613
2019-04-15,port2299,Gopalpur,India,IND,0,0,0,0
2019-04-15,port290,Dhamra Port,India,IND,0,0,0,0
2019-04-15,port442,Haldia,India,IND,3,3,46591,6118
2019-04-15,port883,Paradip,India,IND,1,1,0,65218
2019-04-16,port1367,Visakhapatnam,India,IND,4,6,243782,103483
2019-04-16,port2299,Gopalpur,India,IND,0,0,0,0
2019-04-16,port290,Dhamra Port,India,IND,1,1,50695,0
2019-04-16,port442,Haldia,India,IND,0,0,0,0
2019-04-16,port883,Paradip,India,IND,2,2,37312,20459
2019-04-17,port1367,Visakhapatnam,India,IND,3,7,137896,73951
2019-04-17,port2299,Gopalpur,India,IND,1,1,22395,22579
2019-04-17,port290,Dhamra Port,India,IND,1,1,0,45962
2019-04-17,port442,Haldia,India,IND,3,5,69887,9178
2019-04-17,port883,Paradip,India,IND,3,3,17882,134633
2019-04-18,port1367,Visakhapatnam,India,IND,3,5,80778,15736
2019-04-18,port2299,Gopalpur,India,IND,0,0,0,0
2019-04-18,port290,Dhamra Port,India,IND,0,0,0,0
2019-04-18,port442,Haldia,India,IND,2,4,5415,0
2019-04-18,port883,Paradip,India,IND,2,3,20323,96600
2019-04-19,port1367,Visakhapatnam,India,IND,2,3,34294,16243
2019-04-19,port2299,Gopalpur,India,IND,0,0,0,0
2019-04-19,port290,Dhamra Port,India,IND,2,2,41491,90262
2019-04-19,port442,Haldia,India,IND,1,3,0,0
2019-04-19,port883,Paradip,India,IND,3,3,82330,0
2019-04-20,port1367,Visakhapatnam,India,IND,2,4,34294,19072
2019-04-20,port2299,Gopalpur,India,IND,0,0,0,0
2019-04-20,port290,Dhamra Port,India,IND,1,1,53390,0
2019-04-20,port442,Haldia,India,IND,2,3,0,5415
2019-04-20,port883,Paradip,India,IND,3,3,0,127880
2019-04-21,port1367,Visakhapatnam,India,IND,3,4,106280,67235
2019-04-21,port2299,Gopalpur,India,IND,0,0,0,0
2019-04-21,port290,Dhamra Port,India,IND,0,0,0,0
2019-04-21,port442,Haldia,India,IND,3,4,23982,3059
2019-04-21,port883,Paradip,India,IND,2,2,61098,30268
2019-04-22,port1367,Visakhapatnam,India,IND,1,2,78864,0
2019-04-22,port2299,Gopalpur,India,IND,0,0,0,0
2019-04-22,port290,Dhamra Port,India,IND,3,4,106254,52108
2019-04-22,port442,Haldia,India,IND,6,10,69887,9178
2019-04-22,port883,Paradip,India,IND,4,4,61960,116182
2019-04-23,port1367,Visakhapatnam,India,IND,5,9,157149,131330
2019-04-23,port2299,Gopalpur,India,IND,0,0,0,0
2019-04-23,port290,Dhamra Port,India,IND,0,0,0,0
2019-04-23,port442,Haldia,India,IND,3,5,84532,3059
2019-04-23,port883,Paradip,India,IND,1,2,0,53390
2019-04-24,port1367,Visakhapatnam,India,IND,3,7,160625,15736
2019-04-24,port2299,Gopalpur,India,IND,0,0,0,0
2019-04-24,port290,Dhamra Port,India,IND,0,0,0,0
2019-04-24,port442,Haldia,India,IND,1,2,78533,0
2019-04-24,port883,Paradip,India,IND,0,0,0,0
2019-04-25,port1367,Visakhapatnam,India,IND,1,3,54316,0
2019-04-25,port2299,Gopalpur,India,IND,0,1,0,0
2019-04-25,port290,Dhamra Port,India,IND,3,3,142052,19184
2019-04-25,port442,Haldia,India,IND,4,4,106851,0
2019-04-25,port883,Paradip,India,IND,4,5,81357,146134
2019-04-26,port1367,Visakhapatnam,India,IND,6,10,269133,26456
2019-04-26,port2299,Gopalpur,India,IND,0,0,0,0
2019-04-26,port290,Dhamra Port,India,IND,1,1,9933,0
2019-04-26,port442,Haldia,India,IND,3,7,2051,0
2019-04-26,port883,Paradip,India,IND,2,2,0,123196
2019-04-27,port1367,Visakhapatnam,India,IND,3,5,178544,119220
2019-04-27,port2299,Gopalpur,India,IND,0,0,0,0
2019-04-27,port290,Dhamra Port,India,IND,1,1,0,73191
2019-04-27,port442,Haldia,India,IND,1,2,23295,3059
2019-04-27,port883,Paradip,India,IND,2,3,151598,0
2019-04-28,port1367,Visakhapatnam,India,IND,2,6,50398,0
2019-04-28,port2299,Gopalpur,India,IND,0,0,0,0
2019-04-28,port290,Dhamra Port,India,IND,1,1,79447,0
2019-04-28,port442,Haldia,India,IND,1,3,23295,3059
2019-04-28,port883,Paradip,India,IND,4,4,40646,107464
2019-04-29,port1367,Visakhapatnam,India,IND,5,8,133102,0
2019-04-29,port2299,Gopalpur,India,IND,0,0,0,0
2019-04-29,port290,Dhamra Port,India,IND,1,1,0,25831
2019-04-29,port442,Haldia,India,IND,6,7,148947,66747
2019-04-29,port883,Paradip,India,IND,2,2,0,94394
2019-04-30,port1367,Visakhapatnam,India,IND,0,1,0,0
2019-04-30,port2299,Gopalpur,India,IND,0,0,0,0
2019-04-30,port290,Dhamra Port,India,IND,0,0,0,0
2019-04-30,port442,Haldia,India,IND,4,7,23295,3059
2019-04-30,port883,Paradip,India,IND,2,3,1601,67337
2019-05-01,port1367,Visakhapatnam,India,IND,0,0,0,0
2019-05-01,port2299,Gopalpur,India,IND,0,0,0,0
2019-05-01,port290,Dhamra Port,India,IND,0,0,0,0
2019-05-01,port442,Haldia,India,IND,2,4,27472,0
2019-05-01,port883,Paradip,India,IND,0,0,0,0
2019-05-02,port1367,Visakhapatnam,India,IND,0,0,0,0
2019-05-02,port2299,Gopalpur,India,IND,0,0,0,0
2019-05-02,port290,Dhamra Port,India,IND,0,0,0,0
2019-05-02,port442,Haldia,India,IND,2,3,46591,6118
2019-05-02,port883,Paradip,India,IND,0,0,0,0
2019-05-03,port1367,Visakhapatnam,India,IND,10,17,410974,147866
2019-05-03,port2299,Gopalpur,India,IND,0,0,0,0
2019-05-03,port290,Dhamra Port,India,IND,0,0,0,0
2019-05-03,port442,Haldia,India,IND,3,4,66866,6118
2019-05-03,port883,Paradip,India,IND,0,0,0,0
2019-05-04,port1367,Visakhapatnam,India,IND,5,10,260438,52550
2019-05-04,port2299,Gopalpur,India,IND,1,1,11538,0
2019-05-04,port290,Dhamra Port,India,IND,0,0,0,0
2019-05-04,port442,Haldia,India,IND,0,3,0,0
2019-05-04,port883,Paradip,India,IND,2,2,99658,0
2019-05-05,port1367,Visakhapatnam,India,IND,4,8,90206,19369
2019-05-05,port2299,Gopalpur,India,IND,0,0,0,0
2019-05-05,port290,Dhamra Port,India,IND,1,1,78678,0
2019-05-05,port442,Haldia,India,IND,2,6,0,0
2019-05-05,port883,Paradip,India,IND,1,2,20323,30268
2019-05-06,port1367,Visakhapatnam,India,IND,4,6,65938,119220
2019-05-06,port2299,Gopalpur,India,IND,0,0,0,0
2019-05-06,port290,Dhamra Port,India,IND,2,2,41491,38968
2019-05-06,port442,Haldia,India,IND,1,5,25151,0
2019-05-06,port883,Paradip,India,IND,1,1,61549,0
2019-05-07,port1367,Visakhapatnam,India,IND,2,5,116072,0
2019-05-07,port2299,Gopalpur,India,IND,1,1,0,10124
2019-05-07,port290,Dhamra Port,India,IND,3,3,118638,19184
2019-05-07,port442,Haldia,India,IND,4,8,0,63830
2019-05-07,port883,Paradip,India,IND,6,6,118499,166817
2019-05-08,port1367,Visakhapatnam,India,IND,2,5,34294,69811
2019-05-08,port2299,Gopalpur,India,IND,1,1,22395,22579
2019-05-08,port290,Dhamra Port,India,IND,1,1,25139,0
2019-05-08,port442,Haldia,India,IND,0,1,0,0
2019-05-08,port883,Paradip,India,IND,3,3,135521,30268
2019-05-09,port1367,Visakhapatnam,India,IND,2,3,74155,53407
2019-05-09,port2299,Gopalpur,India,IND,0,1,0,0
2019-05-09,port290,Dhamra Port,India,IND,0,0,0,0
2019-05-09,port442,Haldia,India,IND,1,4,4793,0
2019-05-09,port883,Paradip,India,IND,3,3,83823,138468
2019-05-10,port1367,Visakhapatnam,India,IND,2,5,239509,0
2019-05-10,port2299,Gopalpur,India,IND,0,0,0,0
2019-05-10,port290,Dhamra Port,India,IND,1,1,41491,19184
2019-05-10,port442,Haldia,India,IND,3,4,46591,6118
2019-05-10,port883,Paradip,India,IND,0,0,0,0
2019-05-11,port1367,Visakhapatnam,India,IND,1,1,25525,0
2019-05-11,port2299,Gopalpur,India,IND,1,1,22395,22579
2019-05-11,port290,Dhamra Port,India,IND,3,3,57884,1108
2019-05-11,port442,Haldia,India,IND,1,4,0,29595
2019-05-11,port883,Paradip,India,IND,1,1,0,46936
2019-05-12,port1367,Visakhapatnam,India,IND,1,2,6003,0
2019-05-12,port2299,Gopalpur,India,IND,1,1,0,50613
2019-05-12,port290,Dhamra Port,India,IND,1,1,78945,0
2019-05-12,port442,Haldia,India,IND,1,5,23295,3059
2019-05-12,port883,Paradip,India,IND,2,4,152459,0
2019-05-13,port1367,Visakhapatnam,India,IND,2,5,77134,15736
2019-05-13,port2299,Gopalpur,India,IND,0,0,0,0
2019-05-13,port290,Dhamra Port,India,IND,0,0,0,0
2019-05-13,port442,Haldia,India,IND,2,3,25497,0
2019-05-13,port883,Paradip,India,IND,1,2,0,53465
2019-05-14,port1367,Visakhapatnam,India,IND,0,2,0,0
2019-05-14,port2299,Gopalpur,India,IND,1,1,13776,0
2019-05-14,port290,Dhamra Port,India,IND,2,2,119574,19184
2019-05-14,port442,Haldia,India,IND,2,5,36910,0
2019-05-14,port883,Paradip,India,IND,3,3,21019,101255
2019-05-15,port1367,Visakhapatnam,India,IND,2,4,72326,0
2019-05-15,port2299,Gopalpur,India,IND,1,1,54606,0
2019-05-15,port290,Dhamra Port,India,IND,0,0,0,0
2019-05-15,port442,Haldia,India,IND,2,4,48636,3059
2019-05-15,port883,Paradip,India,IND,1,2,20323,30268
2019-05-16,port1367,Visakhapatnam,India,IND,5,5,223095,57636
2019-05-16,port2299,Gopalpur,India,IND,0,0,0,0
2019-05-16,port290,Dhamra Port,India,IND,1,1,45677,0
2019-05-16,port442,Haldia,India,IND,2,4,0,0
2019-05-16,port883,Paradip,India,IND,2,3,75277,11111
2019-05-17,port1367,Visakhapatnam,India,IND,3,4,117333,15736
2019-05-17,port2299,Gopalpur,India,IND,0,0,0,0
2019-05-17,port290,Dhamra Port,India,IND,2,2,98681,0
2019-05-17,port442,Haldia,India,IND,3,7,132356,3059
2019-05-17,port883,Paradip,India,IND,3,3,36237,110324
2019-05-18,port1367,Visakhapatnam,India,IND,4,5,186882,15736
2019-05-18,port2299,Gopalpur,India,IND,0,0,0,0
2019-05-18,port290,Dhamra Port,India,IND,1,1,42372,0
2019-05-18,port442,Haldia,India,IND,2,4,62055,3059
2019-05-18,port883,Paradip,India,IND,3,4,58701,60537
2019-05-19,port1367,Visakhapatnam,India,IND,2,3,225590,0
2019-05-19,port2299,Gopalpur,India,IND,0,0,0,0
2019-05-19,port290,Dhamra Port,India,IND,1,1,183408,0
2019-05-19,port442,Haldia,India,IND,5,6,48773,6118
2019-05-19,port883,Paradip,India,IND,3,3,40646,119163
2019-05-20,port1367,Visakhapatnam,India,IND,4,5,143774,31473
2019-05-20,port2299,Gopalpur,India,IND,0,0,0,0
2019-05-20,port290,Dhamra Port,India,IND,0,0,0,0
2019-05-20,port442,Haldia,India,IND,1,1,5449,0
2019-05-20,port883,Paradip,India,IND,1,1,0,51876
2019-05-21,port1367,Visakhapatnam,India,IND,2,3,27128,46812
2019-05-21,port2299,Gopalpur,India,IND,1,1,52142,0
2019-05-21,port290,Dhamra Port,India,IND,0,0,0,0
2019-05-21,port442,Haldia,India,IND,1,4,0,0
2019-05-21,port883,Paradip,India,IND,2,2,0,115946
2019-05-22,port1367,Visakhapatnam,India,IND,3,4,34294,58758
2019-05-22,port2299,Gopalpur,India,IND,0,0,0,0
2019-05-22,port290,Dhamra Port,India,IND,0,0,0,0
2019-05-22,port442,Haldia,India,IND,6,6,59520,76204
2019-05-22,port883,Paradip,India,IND,3,5,126149,30268
2019-05-23,port1367,Visakhapatnam,India,IND,5,6,119760,15736
2019-05-23,port2299,Gopalpur,India,IND,0,0,0,0
2019-05-23,port290,Dhamra Port,India,IND,2,3,41491,70235
2019-05-23,port442,Haldia,India,IND,7,9,172326,84564
2019-05-23,port883,Paradip,India,IND,3,3,0,172780
2019-05-24,port1367,Visakhapatnam,India,IND,6,8,176981,17786
2019-05-24,port2299,Gopalpur,India,IND,0,0,0,0
2019-05-24,port290,Dhamra Port,India,IND,0,0,0,0
2019-05-24,port442,Haldia,India,IND,3,7,0,78942
2019-05-24,port883,Paradip,India,IND,3,4,40646,108576
2019-05-25,port1367,Visakhapatnam,India,IND,1,1,0,54724
2019-05-25,port2299,Gopalpur,India,IND,0,0,0,0
2019-05-25,port290,Dhamra Port,India,IND,2,2,86144,54252
2019-05-25,port442,Haldia,India,IND,3,5,23295,3059
2019-05-25,port883,Paradip,India,IND,3,3,43689,123907
2019-05-26,port1367,Visakhapatnam,India,IND,4,6,191649,92491
2019-05-26,port2299,Gopalpur,India,IND,0,0,0,0
2019-05-26,port290,Dhamra Port,India,IND,0,0,0,0
2019-05-26,port442,Haldia,India,IND,2,2,88413,0
2019-05-26,port883,Paradip,India,IND,3,3,40117,1464
2019-05-27,port1367,Visakhapatnam,India,IND,2,6,137675,0
2019-05-27,port2299,Gopalpur,India,IND,0,0,0,0
2019-05-27,port290,Dhamra Port,India,IND,2,2,41551,52402
2019-05-27,port442,Haldia,India,IND,4,5,23295,84517
2019-05-27,port883,Paradip,India,IND,4,5,76832,105396
2019-05-28,port1367,Visakhapatnam,India,IND,3,3,115944,15736
2019-05-28,port2299,Gopalpur,India,IND,0,0,0,0
2019-05-28,port290,Dhamra Port,India,IND,0,0,0,0
2019-05-28,port442,Haldia,India,IND,1,1,0,73493
2019-05-28,port883,Paradip,India,IND,2,2,0,55324
2019-05-29,port1367,Visakhapatnam,India,IND,3,3,278898,15736
2019-05-29,port2299,Gopalpur,India,IND,0,0,0,0
2019-05-29,port290,Dhamra Port,India,IND,1,1,33510,0
2019-05-29,port442,Haldia,India,IND,3,4,27323,115970
2019-05-29,port883,Paradip,India,IND,2,3,0,75794
2019-05-30,port1367,Visakhapatnam,India,IND,3,4,84523,0
2019-05-30,port2299,Gopalpur,India,IND,1,1,22395,22579
2019-05-30,port290,Dhamra Port,India,IND,0,0,0,0
2019-05-30,port442,Haldia,India,IND,3,4,59567,3059
2019-05-30,port883,Paradip,India,IND,2,3,0,23834
2019-05-31,port1367,Visakhapatnam,India,IND,5,5,208043,59495
2019-05-31,port2299,Gopalpur,India,IND,0,0,0,0
2019-05-31,port290,Dhamra Port,India,IND,1,1,41641,0
2019-05-31,port442,Haldia,India,IND,3,3,23295,3059
2019-05-31,port883,Paradip,India,IND,6,6,212030,59157
2019-06-01,port1367,Visakhapatnam,India,IND,2,2,79467,2785
2019-06-01,port2299,Gopalpur,India,IND,0,0,0,0
2019-06-01,port290,Dhamra Port,India,IND,0,0,0,0
2019-06-01,port442,Haldia,India,IND,2,3,23295,3059
2019-06-01,port883,Paradip,India,IND,3,3,42503,51247
2019-06-02,port1367,Visakhapatnam,India,IND,2,2,34294,16935
2019-06-02,port2299,Gopalpur,India,IND,0,0,0,0
2019-06-02,port290,Dhamra Port,India,IND,1,1,41491,19184
2019-06-02,port442,Haldia,India,IND,0,1,0,0
2019-06-02,port883,Paradip,India,IND,3,5,47366,90857
2019-06-03,port1367,Visakhapatnam,India,IND,2,3,23624,49616
2019-06-03,port2299,Gopalpur,India,IND,0,0,0,0
2019-06-03,port290,Dhamra Port,India,IND,0,0,0,0
2019-06-03,port442,Haldia,India,IND,1,2,18955,0
2019-06-03,port883,Paradip,India,IND,2,2,47577,0
2019-06-04,port1367,Visakhapatnam,India,IND,2,4,79495,77947
2019-06-04,port2299,Gopalpur,India,IND,0,0,0,0
2019-06-04,port290,Dhamra Port,India,IND,0,0,0,0
2019-06-04,port442,Haldia,India,IND,2,4,23295,3059
2019-06-04,port883,Paradip,India,IND,2,2,53071,47324
2019-06-05,port1367,Visakhapatnam,India,IND,4,5,230649,134957
2019-06-05,port2299,Gopalpur,India,IND,0,0,0,0
2019-06-05,port290,Dhamra Port,India,IND,3,3,66972,19184
2019-06-05,port442,Haldia,India,IND,4,8,93018,6118
2019-06-05,port883,Paradip,India,IND,4,6,53378,84102
2019-06-06,port1367,Visakhapatnam,India,IND,5,7,175748,101705
2019-06-06,port2299,Gopalpur,India,IND,0,0,0,0
2019-06-06,port290,Dhamra Port,India,IND,0,0,0,0
2019-06-06,port442,Haldia,India,IND,5,8,23295,3059
2019-06-06,port883,Paradip,India,IND,2,3,102499,0
2019-06-07,port1367,Visakhapatnam,India,IND,2,4,125157,0
2019-06-07,port2299,Gopalpur,India,IND,0,0,0,0
2019-06-07,port290,Dhamra Port,India,IND,3,3,16029,49316
2019-06-07,port442,Haldia,India,IND,2,5,0,0
2019-06-07,port883,Paradip,India,IND,3,3,78196,101158
2019-06-08,port1367,Visakhapatnam,India,IND,4,5,195685,147309
2019-06-08,port2299,Gopalpur,India,IND,1,1,51226,0
2019-06-08,port290,Dhamra Port,India,IND,1,1,23186,0
2019-06-08,port442,Haldia,India,IND,3,5,128789,3059
2019-06-08,port883,Paradip,India,IND,4,4,20323,164806
2019-06-09,port1367,Visakhapatnam,India,IND,4,6,217333,31473
2019-06-09,port2299,Gopalpur,India,IND,0,0,0,0
2019-06-09,port290,Dhamra Port,India,IND,1,1,67440,0
2019-06-09,port442,Haldia,India,IND,3,3,103807,0
2019-06-09,port883,Paradip,India,IND,2,3,0,125152
2019-06-10,port1367,Visakhapatnam,India,IND,4,6,49330,98620
2019-06-10,port2299,Gopalpur,India,IND,0,1,0,0
2019-06-10,port290,Dhamra Port,India,IND,2,2,78076,0
2019-06-10,port442,Haldia,India,IND,2,5,23295,3059
2019-06-10,port883,Paradip,India,IND,2,4,20323,85115
2019-06-11,port1367,Visakhapatnam,India,IND,3,5,68588,134981
2019-06-11,port2299,Gopalpur,India,IND,0,0,0,0
2019-06-11,port290,Dhamra Port,India,IND,1,1,72713,0
2019-06-11,port442,Haldia,India,IND,3,5,60082,3059
2019-06-11,port883,Paradip,India,IND,5,6,74957,131260
2019-06-12,port1367,Visakhapatnam,India,IND,4,5,270592,15736
2019-06-12,port2299,Gopalpur,India,IND,1,1,44911,0
2019-06-12,port290,Dhamra Port,India,IND,3,3,119323,35166
2019-06-12,port442,Haldia,India,IND,3,4,122167,6118
2019-06-12,port883,Paradip,India,IND,2,2,41901,30268
2019-06-13,port1367,Visakhapatnam,India,IND,1,3,695,0
2019-06-13,port2299,Gopalpur,India,IND,0,0,0,0
2019-06-13,port290,Dhamra Port,India,IND,0,0,0,0
2019-06-13,port442,Haldia,India,IND,4,6,128313,4699
2019-06-13,port883,Paradip,India,IND,2,3,20323,30268
2019-06-14,port1367,Visakhapatnam,India,IND,3,3,143205,15736
2019-06-14,port2299,Gopalpur,India,IND,0,0,0,0
2019-06-14,port290,Dhamra Port,India,IND,0,0,0,0
2019-06-14,port442,Haldia,India,IND,0,1,0,0
2019-06-14,port883,Paradip,India,IND,4,5,150112,132377
2019-06-15,port1367,Visakhapatnam,India,IND,4,8,198405,46435
2019-06-15,port2299,Gopalpur,India,IND,1,1,12245,0
2019-06-15,port290,Dhamra Port,India,IND,2,2,41491,73749
2019-06-15,port442,Haldia,India,IND,3,7,46591,6118
2019-06-15,port883,Paradip,India,IND,3,3,42562,143794
2019-06-16,port1367,Visakhapatnam,India,IND,5,6,264624,119220
2019-06-16,port2299,Gopalpur,India,IND,0,0,0,0
2019-06-16,port290,Dhamra Port,India,IND,0,0,0,0
2019-06-16,port442,Haldia,India,IND,2,4,0,0
2019-06-16,port883,Paradip,India,IND,4,4,12184,58864
2019-06-17,port1367,Visakhapatnam,India,IND,3,4,193182,15736
2019-06-17,port2299,Gopalpur,India,IND,0,0,0,0
2019-06-17,port290,Dhamra Port,India,IND,2,2,41491,69040
2019-06-17,port442,Haldia,India,IND,6,9,48806,91935
2019-06-17,port883,Paradip,India,IND,4,5,20323,138431
2019-06-18,port1367,Visakhapatnam,India,IND,0,2,0,0
2019-06-18,port2299,Gopalpur,India,IND,0,0,0,0
2019-06-18,port290,Dhamra Port,India,IND,0,0,0,0
2019-06-18,port442,Haldia,India,IND,2,4,0,542
2019-06-18,port883,Paradip,India,IND,1,2,20323,30268
2019-06-19,port1367,Visakhapatnam,India,IND,4,8,87521,3012
2019-06-19,port2299,Gopalpur,India,IND,0,0,0,0
2019-06-19,port290,Dhamra Port,India,IND,2,2,163161,21546
2019-06-19,port442,Haldia,India,IND,2,5,0,12827
2019-06-19,port883,Paradip,India,IND,5,5,152953,113942
2019-06-20,port1367,Visakhapatnam,India,IND,1,2,0,25895
2019-06-20,port2299,Gopalpur,India,IND,0,0,0,0
2019-06-20,port290,Dhamra Port,India,IND,1,1,74367,0
2019-06-20,port442,Haldia,India,IND,3,3,23295,3059
2019-06-20,port883,Paradip,India,IND,0,0,0,0
2019-06-21,port1367,Visakhapatnam,India,IND,4,6,115362,31473
2019-06-21,port2299,Gopalpur,India,IND,2,2,22395,23136
2019-06-21,port290,Dhamra Port,India,IND,1,1,69811,0
2019-06-21,port442,Haldia,India,IND,3,5,3059,42364
2019-06-21,port883,Paradip,India,IND,3,3,112691,30268
2019-06-22,port1367,Visakhapatnam,India,IND,4,5,195563,18062
2019-06-22,port2299,Gopalpur,India,IND,1,1,22395,22579
2019-06-22,port290,Dhamra Port,India,IND,2,2,82963,19184
2019-06-22,port442,Haldia,India,IND,3,6,90981,3059
2019-06-22,port883,Paradip,India,IND,3,5,40646,111275
2019-06-23,port1367,Visakhapatnam,India,IND,3,4,102883,47210
2019-06-23,port2299,Gopalpur,India,IND,0,0,0,0
2019-06-23,port290,Dhamra Port,India,IND,0,0,0,0
2019-06-23,port442,Haldia,India,IND,2,4,28889,0
2019-06-23,port883,Paradip,India,IND,4,4,99887,103894
2019-06-24,port1367,Visakhapatnam,India,IND,2,4,0,113158
2019-06-24,port2299,Gopalpur,India,IND,0,0,0,0
2019-06-24,port290,Dhamra Port,India,IND,2,2,5991,53220
2019-06-24,port442,Haldia,India,IND,5,9,102156,3743
2019-06-24,port883,Paradip,India,IND,4,4,55225,150516
2019-06-25,port1367,Visakhapatnam,India,IND,8,8,382945,55876
2019-06-25,port2299,Gopalpur,India,IND,0,0,0,0
2019-06-25,port290,Dhamra Port,India,IND,2,2,113751,19184
2019-06-25,port442,Haldia,India,IND,4,7,98824,40174
2019-06-25,port883,Paradip,India,IND,2,2,0,105985
2019-06-26,port1367,Visakhapatnam,India,IND,4,6,139239,49545
2019-06-26,port2299,Gopalpur,India,IND,0,0,0,0
2019-06-26,port290,Dhamra Port,India,IND,1,3,64348,0
2019-06-26,port442,Haldia,India,IND,1,2,0,2226
2019-06-26,port883,Paradip,India,IND,3,3,20601,30268
2019-06-27,port1367,Visakhapatnam,India,IND,3,5,250289,0
2019-06-27,port2299,Gopalpur,India,IND,0,1,0,0
2019-06-27,port290,Dhamra Port,India,IND,1,1,41491,19184
2019-06-27,port442,Haldia,India,IND,5,8,156515,6118
2019-06-27,port883,Paradip,India,IND,6,6,173418,1112
2019-06-28,port1367,Visakhapatnam,India,IND,2,3,37951,48554
2019-06-28,port2299,Gopalpur,India,IND,1,1,0,20837
2019-06-28,port290,Dhamra Port,India,IND,1,1,0,47130
2019-06-28,port442,Haldia,India,IND,2,5,0,0
2019-06-28,port883,Paradip,India,IND,2,2,28004,55139
2019-06-29,port1367,Visakhapatnam,India,IND,3,5,116654,31473
2019-06-29,port2299,Gopalpur,India,IND,1,1,0,27542
2019-06-29,port290,Dhamra Port,India,IND,1,1,0,73495
2019-06-29,port442,Haldia,India,IND,1,5,0,0
2019-06-29,port883,Paradip,India,IND,2,2,31503,54634
2019-06-30,port1367,Visakhapatnam,India,IND,4,5,159811,6424
2019-06-30,port2299,Gopalpur,India,IND,0,0,0,0
2019-06-30,port290,Dhamra Port,India,IND,0,0,0,0
2019-06-30,port442,Haldia,India,IND,3,4,0,26383
2019-06-30,port883,Paradip,India,IND,3,3,96272,30268
2019-07-01,port1367,Visakhapatnam,India,IND,5,8,107869,134981
2019-07-01,port2299,Gopalpur,India,IND,0,0,0,0
2019-07-01,port290,Dhamra Port,India,IND,0,0,0,0
2019-07-01,port442,Haldia,India,IND,3,3,25091,7904
2019-07-01,port883,Paradip,India,IND,7,7,100429,180709
2019-07-02,port1367,Visakhapatnam,India,IND,2,3,68588,31473
2019-07-02,port2299,Gopalpur,India,IND,1,1,0,57405
2019-07-02,port290,Dhamra Port,India,IND,2,2,41491,65552
2019-07-02,port442,Haldia,India,IND,2,6,0,0
2019-07-02,port883,Paradip,India,IND,1,1,79225,0
2019-07-03,port1367,Visakhapatnam,India,IND,3,3,68588,53271
2019-07-03,port2299,Gopalpur,India,IND,0,0,0,0
2019-07-03,port290,Dhamra Port,India,IND,0,0,0,0
2019-07-03,port442,Haldia,India,IND,2,4,23295,3059
2019-07-03,port883,Paradip,India,IND,2,4,20323,30268
2019-07-04,port1367,Visakhapatnam,India,IND,2,3,34294,66662
2019-07-04,port2299,Gopalpur,India,IND,0,0,0,0
2019-07-04,port290,Dhamra Port,India,IND,2,3,120189,19184
2019-07-04,port442,Haldia,India,IND,1,2,0,37533
2019-07-04,port883,Paradip,India,IND,4,4,48427,139689
2019-07-05,port1367,Visakhapatnam,India,IND,7,8,413647,31473
2019-07-05,port2299,Gopalpur,India,IND,0,0,0,0
2019-07-05,port290,Dhamra Port,India,IND,0,0,0,0
2019-07-05,port442,Haldia,India,IND,2,3,0,37747
2019-07-05,port883,Paradip,India,IND,1,2,78855,0
2019-07-06,port1367,Visakhapatnam,India,IND,5,5,121604,134957
2019-07-06,port2299,Gopalpur,India,IND,0,0,0,0
2019-07-06,port290,Dhamra Port,India,IND,1,1,41491,19184
2019-07-06,port442,Haldia,India,IND,2,6,23295,38121
2019-07-06,port883,Paradip,India,IND,4,4,99877,166362
2019-07-07,port1367,Visakhapatnam,India,IND,3,3,90733,31473
2019-07-07,port2299,Gopalpur,India,IND,0,0,0,0
2019-07-07,port290,Dhamra Port,India,IND,1,1,78586,0
2019-07-07,port442,Haldia,India,IND,2,2,101511,3059
2019-07-07,port883,Paradip,India,IND,2,2,40646,60537
2019-07-08,port1367,Visakhapatnam,India,IND,2,3,25370,54784
2019-07-08,port2299,Gopalpur,India,IND,0,0,0,0
2019-07-08,port290,Dhamra Port,India,IND,0,0,0,0
2019-07-08,port442,Haldia,India,IND,1,3,0,0
2019-07-08,port883,Paradip,India,IND,2,2,0,71563
2019-07-09,port1367,Visakhapatnam,India,IND,3,4,68588,31473
2019-07-09,port2299,Gopalpur,India,IND,1,1,0,50737
2019-07-09,port290,Dhamra Port,India,IND,0,0,0,0
2019-07-09,port442,Haldia,India,IND,0,1,0,0
2019-07-09,port883,Paradip,India,IND,4,4,57923,154507
2019-07-10,port1367,Visakhapatnam,India,IND,2,3,68588,31473
2019-07-10,port2299,Gopalpur,India,IND,2,2,13914,57253
2019-07-10,port290,Dhamra Port,India,IND,2,2,41491,47830
2019-07-10,port442,Haldia,India,IND,3,4,46591,61147
2019-07-10,port883,Paradip,India,IND,1,1,20323,30268
2019-07-11,port1367,Visakhapatnam,India,IND,3,4,230330,31473
2019-07-11,port2299,Gopalpur,India,IND,0,0,0,0
2019-07-11,port290,Dhamra Port,India,IND,1,1,75282,0
2019-07-11,port442,Haldia,India,IND,4,5,184930,545
2019-07-11,port883,Paradip,India,IND,0,0,0,0
2019-07-12,port1367,Visakhapatnam,India,IND,5,7,313023,101462
2019-07-12,port2299,Gopalpur,India,IND,0,0,0,0
2019-07-12,port290,Dhamra Port,India,IND,2,2,3472,28111
2019-07-12,port442,Haldia,India,IND,5,5,0,0
2019-07-12,port883,Paradip,India,IND,2,2,149820,0
2019-07-13,port1367,Visakhapatnam,India,IND,5,8,132004,100706
2019-07-13,port2299,Gopalpur,India,IND,0,0,0,0
2019-07-13,port290,Dhamra Port,India,IND,1,1,41491,19184
2019-07-13,port442,Haldia,India,IND,2,6,102156,3059
2019-07-13,port883,Paradip,India,IND,5,5,116706,157721
2019-07-14,port1367,Visakhapatnam,India,IND,3,5,140356,0
2019-07-14,port2299,Gopalpur,India,IND,1,1,47823,0
2019-07-14,port290,Dhamra Port,India,IND,0,0,0,0
2019-07-14,port442,Haldia,India,IND,2,3,0,34129
2019-07-14,port883,Paradip,India,IND,0,0,0,0
2019-07-15,port1367,Visakhapatnam,India,IND,2,5,50440,22372
2019-07-15,port2299,Gopalpur,India,IND,0,0,0,0
2019-07-15,port290,Dhamra Port,India,IND,1,1,162711,0
2019-07-15,port442,Haldia,India,IND,4,4,170292,6118
2019-07-15,port883,Paradip,India,IND,5,6,245852,98522
2019-07-16,port1367,Visakhapatnam,India,IND,5,7,111759,29528
2019-07-16,port2299,Gopalpur,India,IND,0,0,0,0
2019-07-16,port290,Dhamra Port,India,IND,3,3,82983,92024
2019-07-16,port442,Haldia,India,IND,3,4,102028,3059
2019-07-16,port883,Paradip,India,IND,4,5,0,99368
2019-07-17,port1367,Visakhapatnam,India,IND,6,7,422609,31473
2019-07-17,port2299,Gopalpur,India,IND,0,0,0,0
2019-07-17,port290,Dhamra Port,India,IND,0,0,0,0
2019-07-17,port442,Haldia,India,IND,2,3,46591,6118
2019-07-17,port883,Paradip,India,IND,1,1,0,51056
2019-07-18,port1367,Visakhapatnam,India,IND,2,4,88557,15736
2019-07-18,port2299,Gopalpur,India,IND,0,0,0,0
2019-07-18,port290,Dhamra Port,India,IND,1,1,0,0
2019-07-18,port442,Haldia,India,IND,3,6,57227,53084
2019-07-18,port883,Paradip,India,IND,0,0,0,0
2019-07-19,port1367,Visakhapatnam,India,IND,6,9,108665,211185
2019-07-19,port2299,Gopalpur,India,IND,0,1,0,0
2019-07-19,port290,Dhamra Port,India,IND,2,2,95263,19184
2019-07-19,port442,Haldia,India,IND,3,5,23295,4205
2019-07-19,port883,Paradip,India,IND,2,3,71509,30268
2019-07-20,port1367,Visakhapatnam,India,IND,3,5,145701,31473
2019-07-20,port2299,Gopalpur,India,IND,1,1,22395,22579
2019-07-20,port290,Dhamra Port,India,IND,0,0,0,0
2019-07-20,port442,Haldia,India,IND,5,7,179677,3059
2019-07-20,port883,Paradip,India,IND,2,3,20323,60909
2019-07-21,port1367,Visakhapatnam,India,IND,1,3,34294,15736
2019-07-21,port2299,Gopalpur,India,IND,0,0,0,0
2019-07-21,port290,Dhamra Port,India,IND,2,2,41491,73449
2019-07-21,port442,Haldia,India,IND,1,4,23295,3059
2019-07-21,port883,Paradip,India,IND,2,2,46869,557
2019-07-22,port1367,Visakhapatnam,India,IND,2,4,68588,31473
2019-07-22,port2299,Gopalpur,India,IND,1,1,22395,22579
2019-07-22,port290,Dhamra Port,India,IND,4,4,202369,19668
2019-07-22,port442,Haldia,India,IND,3,6,57870,3059
2019-07-22,port883,Paradip,India,IND,6,6,263248,60537
2019-07-23,port1367,Visakhapatnam,India,IND,6,9,325900,79091
2019-07-23,port2299,Gopalpur,India,IND,0,0,0,0
2019-07-23,port290,Dhamra Port,India,IND,0,0,0,0
2019-07-23,port442,Haldia,India,IND,2,9,102159,3059
2019-07-23,port883,Paradip,India,IND,1,1,0,0
2019-07-24,port1367,Visakhapatnam,India,IND,2,3,74124,61108
2019-07-24,port2299,Gopalpur,India,IND,1,1,0,47823
2019-07-24,port290,Dhamra Port,India,IND,1,2,41491,19184
2019-07-24,port442,Haldia,India,IND,3,4,29478,60747
2019-07-24,port883,Paradip,India,IND,2,3,20323,77975
2019-07-25,port1367,Visakhapatnam,India,IND,6,9,204681,134957
2019-07-25,port2299,Gopalpur,India,IND,0,0,0,0
2019-07-25,port290,Dhamra Port,India,IND,0,0,0,0
2019-07-25,port442,Haldia,India,IND,3,5,132008,3059
2019-07-25,port883,Paradip,India,IND,3,4,39840,19228
2019-07-26,port1367,Visakhapatnam,India,IND,2,2,222609,0
2019-07-26,port2299,Gopalpur,India,IND,0,0,0,0
2019-07-26,port290,Dhamra Port,India,IND,0,0,0,0
2019-07-26,port442,Haldia,India,IND,3,4,32706,3059
2019-07-26,port883,Paradip,India,IND,3,4,0,100213
2019-07-27,port1367,Visakhapatnam,India,IND,6,6,141590,90509
2019-07-27,port2299,Gopalpur,India,IND,0,0,0,0
2019-07-27,port290,Dhamra Port,India,IND,2,2,111985,0
2019-07-27,port442,Haldia,India,IND,3,6,101929,3059
2019-07-27,port883,Paradip,India,IND,4,4,40646,161102
2019-07-28,port1367,Visakhapatnam,India,IND,3,4,88986,69999
2019-07-28,port2299,Gopalpur,India,IND,1,1,0,53043
2019-07-28,port290,Dhamra Port,India,IND,1,1,10641,0
2019-07-28,port442,Haldia,India,IND,1,3,0,0
2019-07-28,port883,Paradip,India,IND,1,1,0,48727
2019-07-29,port1367,Visakhapatnam,India,IND,5,5,129860,46536
2019-07-29,port2299,Gopalpur,India,IND,0,0,0,0
2019-07-29,port290,Dhamra Port,India,IND,1,1,0,26429
2019-07-29,port442,Haldia,India,IND,3,3,65728,27115
2019-07-29,port883,Paradip,India,IND,2,3,13891,59711
2019-07-30,port1367,Visakhapatnam,India,IND,3,3,107020,0
2019-07-30,port2299,Gopalpur,India,IND,0,0,0,0
2019-07-30,port290,Dhamra Port,India,IND,0,0,0,0
2019-07-30,port442,Haldia,India,IND,3,7,96768,0
2019-07-30,port883,Paradip,India,IND,1,1,0,5074
2019-07-31,port1367,Visakhapatnam,India,IND,7,9,114531,32228
2019-07-31,port2299,Gopalpur,India,IND,2,2,22395,72551
2019-07-31,port290,Dhamra Port,India,IND,3,4,77604,73302
2019-07-31,port442,Haldia,India,IND,3,4,69677,30135
2019-07-31,port883,Paradip,India,IND,1,1,0,0
2019-08-01,port1367,Visakhapatnam,India,IND,1,4,70709,0
2019-08-01,port2299,Gopalpur,India,IND,0,0,0,0
2019-08-01,port290,Dhamra Port,India,IND,1,1,0,79212
2019-08-01,port442,Haldia,India,IND,3,5,151192,3059
2019-08-01,port883,Paradip,India,IND,3,4,86695,55598
2019-08-02,port1367,Visakhapatnam,India,IND,2,3,18018,15439
2019-08-02,port2299,Gopalpur,India,IND,0,0,0,0
2019-08-02,port290,Dhamra Port,India,IND,2,2,41491,62960
2019-08-02,port442,Haldia,India,IND,1,2,68068,0
2019-08-02,port883,Paradip,India,IND,2,2,130538,0
2019-08-03,port1367,Visakhapatnam,India,IND,1,5,35174,0
2019-08-03,port2299,Gopalpur,India,IND,1,1,22395,22579
2019-08-03,port290,Dhamra Port,India,IND,1,1,0,5005
2019-08-03,port442,Haldia,India,IND,2,5,46591,6118
2019-08-03,port883,Paradip,India,IND,3,4,40799,66046
2019-08-04,port1367,Visakhapatnam,India,IND,6,7,233633,164144
2019-08-04,port2299,Gopalpur,India,IND,0,0,0,0
2019-08-04,port290,Dhamra Port,India,IND,1,1,0,404
2019-08-04,port442,Haldia,India,IND,2,4,38690,0
2019-08-04,port883,Paradip,India,IND,2,2,20323,83575
2019-08-05,port1367,Visakhapatnam,India,IND,0,2,0,0
2019-08-05,port2299,Gopalpur,India,IND,2,2,79629,0
2019-08-05,port290,Dhamra Port,India,IND,1,1,51040,0
2019-08-05,port442,Haldia,India,IND,2,3,23295,3059
2019-08-05,port883,Paradip,India,IND,3,3,0,130405
2019-08-06,port1367,Visakhapatnam,India,IND,4,6,126465,39907
2019-08-06,port2299,Gopalpur,India,IND,0,0,0,0
2019-08-06,port290,Dhamra Port,India,IND,1,1,0,70777
2019-08-06,port442,Haldia,India,IND,3,4,102508,29686
2019-08-06,port883,Paradip,India,IND,3,4,40646,99617
2019-08-07,port1367,Visakhapatnam,India,IND,0,2,0,0
2019-08-07,port2299,Gopalpur,India,IND,0,0,0,0
2019-08-07,port290,Dhamra Port,India,IND,0,0,0,0
2019-08-07,port442,Haldia,India,IND,0,0,0,0
2019-08-07,port883,Paradip,India,IND,1,1,0,27542
2019-08-08,port1367,Visakhapatnam,India,IND,2,5,38354,0
2019-08-08,port2299,Gopalpur,India,IND,1,1,22395,22579
2019-08-08,port290,Dhamra Port,India,IND,1,1,0,54304
2019-08-08,port442,Haldia,India,IND,0,3,0,0
2019-08-08,port883,Paradip,India,IND,0,0,0,0
2019-08-09,port1367,Visakhapatnam,India,IND,6,7,362098,158208
2019-08-09,port2299,Gopalpur,India,IND,1,1,0,54692
2019-08-09,port290,Dhamra Port,India,IND,3,3,103219,41798
2019-08-09,port442,Haldia,India,IND,2,5,46591,6118
2019-08-09,port883,Paradip,India,IND,5,6,118478,159720
2019-08-10,port1367,Visakhapatnam,India,IND,3,3,50301,48127
2019-08-10,port2299,Gopalpur,India,IND,0,0,0,0
2019-08-10,port290,Dhamra Port,India,IND,2,2,172244,54185
2019-08-10,port442,Haldia,India,IND,4,5,108815,0
2019-08-10,port883,Paradip,India,IND,2,3,0,137557
2019-08-11,port1367,Visakhapatnam,India,IND,1,1,77634,0
2019-08-11,port2299,Gopalpur,India,IND,0,0,0,0
2019-08-11,port290,Dhamra Port,India,IND,1,1,78940,0
2019-08-11,port442,Haldia,India,IND,2,3,23295,3059
2019-08-11,port883,Paradip,India,IND,2,4,20323,30268
2019-08-12,port1367,Visakhapatnam,India,IND,1,2,79132,0
2019-08-12,port2299,Gopalpur,India,IND,1,1,0,28628
2019-08-12,port290,Dhamra Port,India,IND,1,1,0,27514
2019-08-12,port442,Haldia,India,IND,2,3,46591,6118
2019-08-12,port883,Paradip,India,IND,1,1,0,9351
2019-08-13,port1367,Visakhapatnam,India,IND,1,5,0,27876
2019-08-13,port2299,Gopalpur,India,IND,0,0,0,0
2019-08-13,port290,Dhamra Port,India,IND,1,1,174128,0
2019-08-13,port442,Haldia,India,IND,3,4,23157,16207
2019-08-13,port883,Paradip,India,IND,3,3,20323,89984
2019-08-14,port1367,Visakhapatnam,India,IND,3,5,226153,31473
2019-08-14,port2299,Gopalpur,India,IND,1,1,0,53802
2019-08-14,port290,Dhamra Port,India,IND,1,1,41491,19184
2019-08-14,port442,Haldia,India,IND,5,9,136262,6118
2019-08-14,port883,Paradip,India,IND,4,4,72522,79391
2019-08-15,port1367,Visakhapatnam,India,IND,1,2,0,51136
2019-08-15,port2299,Gopalpur,India,IND,1,1,22395,22579
2019-08-15,port290,Dhamra Port,India,IND,1,1,31218,0
2019-08-15,port442,Haldia,India,IND,3,5,102539,3059
2019-08-15,port883,Paradip,India,IND,5,5,111165,126100
2019-08-16,port1367,Visakhapatnam,India,IND,1,2,34294,15736
2019-08-16,port2299,Gopalpur,India,IND,1,1,0,26143
2019-08-16,port290,Dhamra Port,India,IND,2,2,41491,72056
2019-08-16,port442,Haldia,India,IND,0,4,0,0
2019-08-16,port883,Paradip,India,IND,1,1,0,54736
2019-08-17,port1367,Visakhapatnam,India,IND,5,5,190847,79769
2019-08-17,port2299,Gopalpur,India,IND,0,0,0,0
2019-08-17,port290,Dhamra Port,India,IND,1,1,80147,0
2019-08-17,port442,Haldia,India,IND,1,4,75508,0
2019-08-17,port883,Paradip,India,IND,2,2,55579,52885
2019-08-18,port1367,Visakhapatnam,India,IND,0,1,0,0
2019-08-18,port2299,Gopalpur,India,IND,0,0,0,0
2019-08-18,port290,Dhamra Port,India,IND,0,0,0,0
2019-08-18,port442,Haldia,India,IND,2,3,44454,32515
2019-08-18,port883,Paradip,India,IND,4,4,108129,72450
2019-08-19,port1367,Visakhapatnam,India,IND,3,3,65159,15736
2019-08-19,port2299,Gopalpur,India,IND,0,0,0,0
2019-08-19,port290,Dhamra Port,India,IND,1,2,41491,19184
2019-08-19,port442,Haldia,India,IND,2,3,23295,3059
2019-08-19,port883,Paradip,India,IND,2,2,53527,55139
2019-08-20,port1367,Visakhapatnam,India,IND,2,4,34294,24619
2019-08-20,port2299,Gopalpur,India,IND,1,1,22395,22579
2019-08-20,port290,Dhamra Port,India,IND,2,2,85321,19184
2019-08-20,port442,Haldia,India,IND,1,3,79031,0
2019-08-20,port883,Paradip,India,IND,0,2,0,0
2019-08-21,port1367,Visakhapatnam,India,IND,0,1,0,0
2019-08-21,port2299,Gopalpur,India,IND,0,0,0,0
2019-08-21,port290,Dhamra Port,India,IND,1,1,60064,0
2019-08-21,port442,Haldia,India,IND,3,3,76141,3059
2019-08-21,port883,Paradip,India,IND,5,5,134746,109443
2019-08-22,port1367,Visakhapatnam,India,IND,2,4,164605,54319
2019-08-22,port2299,Gopalpur,India,IND,0,0,0,0
2019-08-22,port290,Dhamra Port,India,IND,0,0,0,0
2019-08-22,port442,Haldia,India,IND,2,4,95794,3059
2019-08-22,port883,Paradip,India,IND,1,1,38060,0
2019-08-23,port1367,Visakhapatnam,India,IND,4,5,1097,77031
2019-08-23,port2299,Gopalpur,India,IND,1,1,0,51166
2019-08-23,port290,Dhamra Port,India,IND,0,0,0,0
2019-08-23,port442,Haldia,India,IND,2,2,23295,3059
2019-08-23,port883,Paradip,India,IND,2,2,20323,41380
2019-08-24,port1367,Visakhapatnam,India,IND,3,4,118686,15736
2019-08-24,port2299,Gopalpur,India,IND,0,0,0,0
2019-08-24,port290,Dhamra Port,India,IND,1,1,0,15329
2019-08-24,port442,Haldia,India,IND,3,5,102154,3059
2019-08-24,port883,Paradip,India,IND,4,5,40646,187928
2019-08-25,port1367,Visakhapatnam,India,IND,5,5,247218,74945
2019-08-25,port2299,Gopalpur,India,IND,1,1,55810,0
2019-08-25,port290,Dhamra Port,India,IND,0,0,0,0
2019-08-25,port442,Haldia,India,IND,2,3,23295,3059
2019-08-25,port883,Paradip,India,IND,2,2,97403,30268
2019-08-26,port1367,Visakhapatnam,India,IND,3,5,101570,15736
2019-08-26,port2299,Gopalpur,India,IND,0,0,0,0
2019-08-26,port290,Dhamra Port,India,IND,3,3,245197,0
2019-08-26,port442,Haldia,India,IND,1,2,0,0
2019-08-26,port883,Paradip,India,IND,3,3,89769,83795
2019-08-27,port1367,Visakhapatnam,India,IND,2,3,89739,15736
2019-08-27,port2299,Gopalpur,India,IND,0,0,0,0
2019-08-27,port290,Dhamra Port,India,IND,2,2,60799,19184
2019-08-27,port442,Haldia,India,IND,1,2,0,0
2019-08-27,port883,Paradip,India,IND,2,2,73118,0
2019-08-28,port1367,Visakhapatnam,India,IND,0,1,0,0
2019-08-28,port2299,Gopalpur,India,IND,0,0,0,0
2019-08-28,port290,Dhamra Port,India,IND,1,1,0,50820
2019-08-28,port442,Haldia,India,IND,3,6,124567,6118
2019-08-28,port883,Paradip,India,IND,2,2,54771,77604
2019-08-29,port1367,Visakhapatnam,India,IND,5,7,346006,47210
2019-08-29,port2299,Gopalpur,India,IND,1,1,0,5759
2019-08-29,port290,Dhamra Port,India,IND,2,2,82983,38369
2019-08-29,port442,Haldia,India,IND,4,7,78408,27646
2019-08-29,port883,Paradip,India,IND,1,2,1655,0
2019-08-30,port1367,Visakhapatnam,India,IND,3,4,126189,31473
2019-08-30,port2299,Gopalpur,India,IND,0,0,0,0
2019-08-30,port290,Dhamra Port,India,IND,1,1,0,6299
2019-08-30,port442,Haldia,India,IND,2,3,0,0
2019-08-30,port883,Paradip,India,IND,1,1,0,75508
2019-08-31,port1367,Visakhapatnam,India,IND,1,3,0,0
2019-08-31,port2299,Gopalpur,India,IND,0,0,0,0
2019-08-31,port290,Dhamra Port,India,IND,0,0,0,0
2019-08-31,port442,Haldia,India,IND,1,5,35054,0
2019-08-31,port883,Paradip,India,IND,2,2,53568,30268
2019-09-01,port1367,Visakhapatnam,India,IND,1,1,34294,15736
2019-09-01,port2299,Gopalpur,India,IND,0,1,0,0
2019-09-01,port290,Dhamra Port,India,IND,0,0,0,0
2019-09-01,port442,Haldia,India,IND,3,3,101758,3059
2019-09-01,port883,Paradip,India,IND,2,2,79260,52903
2019-09-02,port1367,Visakhapatnam,India,IND,3,3,75427,0
2019-09-02,port2299,Gopalpur,India,IND,0,0,0,0
2019-09-02,port290,Dhamra Port,India,IND,0,0,0,0
2019-09-02,port442,Haldia,India,IND,1,2,79411,0
2019-09-02,port883,Paradip,India,IND,1,1,20323,30268
2019-09-03,port1367,Visakhapatnam,India,IND,6,6,155218,39252
2019-09-03,port2299,Gopalpur,India,IND,0,0,0,0
2019-09-03,port290,Dhamra Port,India,IND,1,2,57908,0
2019-09-03,port442,Haldia,India,IND,2,3,62334,0
2019-09-03,port883,Paradip,India,IND,2,4,98570,30268
2019-09-04,port1367,Visakhapatnam,India,IND,3,3,108754,15736
2019-09-04,port2299,Gopalpur,India,IND,0,0,0,0
2019-09-04,port290,Dhamra Port,India,IND,2,2,0,49647
2019-09-04,port442,Haldia,India,IND,2,6,46441,0
2019-09-04,port883,Paradip,India,IND,3,4,76967,60537
2019-09-05,port1367,Visakhapatnam,India,IND,5,6,96384,34805
2019-09-05,port2299,Gopalpur,India,IND,0,0,0,0
2019-09-05,port290,Dhamra Port,India,IND,1,1,0,22519
2019-09-05,port442,Haldia,India,IND,3,4,54571,0
2019-09-05,port883,Paradip,India,IND,1,2,0,25528
2019-09-06,port1367,Visakhapatnam,India,IND,1,3,34294,15736
2019-09-06,port2299,Gopalpur,India,IND,0,0,0,0
2019-09-06,port290,Dhamra Port,India,IND,1,1,41491,19184
2019-09-06,port442,Haldia,India,IND,0,1,0,0
2019-09-06,port883,Paradip,India,IND,2,2,77884,4097
2019-09-07,port1367,Visakhapatnam,India,IND,3,3,102883,47210
2019-09-07,port2299,Gopalpur,India,IND,0,0,0,0
2019-09-07,port290,Dhamra Port,India,IND,1,1,41491,19184
2019-09-07,port442,Haldia,India,IND,0,4,0,0
2019-09-07,port883,Paradip,India,IND,2,2,0,74928
2019-09-08,port1367,Visakhapatnam,India,IND,2,2,51969,15736
2019-09-08,port2299,Gopalpur,India,IND,1,1,22395,22579
2019-09-08,port290,Dhamra Port,India,IND,0,0,0,0
2019-09-08,port442,Haldia,India,IND,0,0,0,0
2019-09-08,port883,Paradip,India,IND,3,3,113290,60537
2019-09-09,port1367,Visakhapatnam,India,IND,3,4,166989,15736
2019-09-09,port2299,Gopalpur,India,IND,0,0,0,0
2019-09-09,port290,Dhamra Port,India,IND,0,0,0,0
2019-09-09,port442,Haldia,India,IND,1,2,23295,3059
2019-09-09,port883,Paradip,India,IND,0,1,0,0
2019-09-10,port1367,Visakhapatnam,India,IND,5,7,137177,118086
2019-09-10,port2299,Gopalpur,India,IND,0,0,0,0
2019-09-10,port290,Dhamra Port,India,IND,0,0,0,0
2019-09-10,port442,Haldia,India,IND,2,3,23295,5467
2019-09-10,port883,Paradip,India,IND,2,2,20323,78102
2019-09-11,port1367,Visakhapatnam,India,IND,1,2,34294,15736
2019-09-11,port2299,Gopalpur,India,IND,0,0,0,0
2019-09-11,port290,Dhamra Port,India,IND,2,2,198609,0
2019-09-11,port442,Haldia,India,IND,2,2,101881,3059
2019-09-11,port883,Paradip,India,IND,3,3,177383,0
2019-09-12,port1367,Visakhapatnam,India,IND,5,5,149020,129007
2019-09-12,port2299,Gopalpur,India,IND,1,1,25314,0
2019-09-12,port290,Dhamra Port,India,IND,0,0,0,0
2019-09-12,port442,Haldia,India,IND,1,1,75069,0
2019-09-12,port883,Paradip,India,IND,2,2,93483,30268
2019-09-13,port1367,Visakhapatnam,India,IND,6,7,266131,62947
2019-09-13,port2299,Gopalpur,India,IND,0,0,0,0
2019-09-13,port290,Dhamra Port,India,IND,2,2,53201,19184
2019-09-13,port442,Haldia,India,IND,4,5,127781,6118
2019-09-13,port883,Paradip,India,IND,4,4,68632,80404
2019-09-14,port1367,Visakhapatnam,India,IND,5,7,209739,31473
2019-09-14,port2299,Gopalpur,India,IND,0,0,0,0
2019-09-14,port290,Dhamra Port,India,IND,0,0,0,0
2019-09-14,port442,Haldia,India,IND,1,2,17605,0
2019-09-14,port883,Paradip,India,IND,2,2,50860,30268
2019-09-15,port1367,Visakhapatnam,India,IND,2,2,82181,0
2019-09-15,port2299,Gopalpur,India,IND,1,1,22395,22579
2019-09-15,port290,Dhamra Port,India,IND,1,1,0,58956
2019-09-15,port442,Haldia,India,IND,1,6,71260,0
2019-09-15,port883,Paradip,India,IND,2,2,118723,0
2019-09-16,port1367,Visakhapatnam,India,IND,3,5,113674,63169
2019-09-16,port2299,Gopalpur,India,IND,1,1,0,9546
2019-09-16,port290,Dhamra Port,India,IND,0,0,0,0
2019-09-16,port442,Haldia,India,IND,2,2,23295,3059
2019-09-16,port883,Paradip,India,IND,1,2,0,13635
2019-09-17,port1367,Visakhapatnam,India,IND,4,7,272458,31473
2019-09-17,port2299,Gopalpur,India,IND,0,0,0,0
2019-09-17,port290,Dhamra Port,India,IND,0,0,0,0
2019-09-17,port442,Haldia,India,IND,2,2,23295,3059
2019-09-17,port883,Paradip,India,IND,1,2,78188,0
2019-09-18,port1367,Visakhapatnam,India,IND,5,5,233933,31473
2019-09-18,port2299,Gopalpur,India,IND,0,0,0,0
2019-09-18,port290,Dhamra Port,India,IND,1,1,0,14007
2019-09-18,port442,Haldia,India,IND,1,3,49581,0
2019-09-18,port883,Paradip,India,IND,5,5,102187,54695
2019-09-19,port1367,Visakhapatnam,India,IND,2,3,34294,15736
2019-09-19,port2299,Gopalpur,India,IND,0,0,0,0
2019-09-19,port290,Dhamra Port,India,IND,1,1,0,51774
2019-09-19,port442,Haldia,India,IND,3,4,26945,4044
2019-09-19,port883,Paradip,India,IND,1,1,20323,30268
2019-09-20,port1367,Visakhapatnam,India,IND,2,3,87712,15736
2019-09-20,port2299,Gopalpur,India,IND,0,0,0,0
2019-09-20,port290,Dhamra Port,India,IND,1,1,41491,19184
2019-09-20,port442,Haldia,India,IND,2,5,64767,3059
2019-09-20,port883,Paradip,India,IND,4,4,139553,0
2019-09-21,port1367,Visakhapatnam,India,IND,3,5,68588,49633
2019-09-21,port2299,Gopalpur,India,IND,0,0,0,0
2019-09-21,port290,Dhamra Port,India,IND,0,0,0,0
2019-09-21,port442,Haldia,India,IND,1,3,0,0
2019-09-21,port883,Paradip,India,IND,1,1,0,0
2019-09-22,port1367,Visakhapatnam,India,IND,2,2,34294,51505
2019-09-22,port2299,Gopalpur,India,IND,0,0,0,0
2019-09-22,port290,Dhamra Port,India,IND,0,0,0,0
2019-09-22,port442,Haldia,India,IND,2,3,133673,0
2019-09-22,port883,Paradip,India,IND,0,0,0,0
2019-09-23,port1367,Visakhapatnam,India,IND,3,5,68588,31473
2019-09-23,port2299,Gopalpur,India,IND,1,1,22395,22579
2019-09-23,port290,Dhamra Port,India,IND,0,0,0,0
2019-09-23,port442,Haldia,India,IND,0,1,0,0
2019-09-23,port883,Paradip,India,IND,2,2,20323,101636
2019-09-24,port1367,Visakhapatnam,India,IND,0,3,0,0
2019-09-24,port2299,Gopalpur,India,IND,0,0,0,0
2019-09-24,port290,Dhamra Port,India,IND,1,1,0,29683
2019-09-24,port442,Haldia,India,IND,2,2,78703,0
2019-09-24,port883,Paradip,India,IND,1,3,20323,30268
2019-09-25,port1367,Visakhapatnam,India,IND,0,1,0,0
2019-09-25,port2299,Gopalpur,India,IND,0,0,0,0
2019-09-25,port290,Dhamra Port,India,IND,0,0,0,0
2019-09-25,port442,Haldia,India,IND,0,0,0,0
2019-09-25,port883,Paradip,India,IND,0,0,0,0
2019-09-26,port1367,Visakhapatnam,India,IND,2,4,68588,31473
2019-09-26,port2299,Gopalpur,India,IND,0,0,0,0
2019-09-26,port290,Dhamra Port,India,IND,2,2,82983,38369
2019-09-26,port442,Haldia,India,IND,2,3,46591,6118
2019-09-26,port883,Paradip,India,IND,4,4,116925,90806
2019-09-27,port1367,Visakhapatnam,India,IND,4,6,137177,62947
2019-09-27,port2299,Gopalpur,India,IND,0,0,0,0
2019-09-27,port290,Dhamra Port,India,IND,1,1,41491,19184
2019-09-27,port442,Haldia,India,IND,0,1,0,0
2019-09-27,port883,Paradip,India,IND,3,3,30732,86295
2019-09-28,port1367,Visakhapatnam,India,IND,4,4,110803,59174
2019-09-28,port2299,Gopalpur,India,IND,0,0,0,0
2019-09-28,port290,Dhamra Port,India,IND,2,2,82983,38369
2019-09-28,port442,Haldia,India,IND,2,5,53373,3059
2019-09-28,port883,Paradip,India,IND,2,2,20323,39285
2019-09-29,port1367,Visakhapatnam,India,IND,1,1,34294,15736
2019-09-29,port2299,Gopalpur,India,IND,0,1,0,0
2019-09-29,port290,Dhamra Port,India,IND,0,0,0,0
2019-09-29,port442,Haldia,India,IND,3,5,101251,0
2019-09-29,port883,Paradip,India,IND,2,2,54600,0
2019-09-30,port1367,Visakhapatnam,India,IND,5,7,199303,31473
2019-09-30,port2299,Gopalpur,India,IND,0,0,0,0
2019-09-30,port290,Dhamra Port,India,IND,1,1,0,29108
2019-09-30,port442,Haldia,India,IND,4,6,129978,3684
2019-09-30,port883,Paradip,India,IND,3,3,156697,24248
2019-10-01,port1367,Visakhapatnam,India,IND,0,0,0,0
2019-10-01,port2299,Gopalpur,India,IND,0,0,0,0
2019-10-01,port290,Dhamra Port,India,IND,1,1,0,11091
2019-10-01,port442,Haldia,India,IND,1,1,0,0
2019-10-01,port883,Paradip,India,IND,2,2,4224,56328
2019-10-02,port1367,Visakhapatnam,India,IND,1,2,38784,0
2019-10-02,port2299,Gopalpur,India,IND,1,1,22395,22579
2019-10-02,port290,Dhamra Port,India,IND,1,2,41491,19184
2019-10-02,port442,Haldia,India,IND,3,4,80090,3059
2019-10-02,port883,Paradip,India,IND,2,2,20323,47394
2019-10-03,port1367,Visakhapatnam,India,IND,2,5,34294,15736
2019-10-03,port2299,Gopalpur,India,IND,1,1,0,111
2019-10-03,port290,Dhamra Port,India,IND,1,1,41491,19184
2019-10-03,port442,Haldia,India,IND,1,2,0,0
2019-10-03,port883,Paradip,India,IND,1,1,20323,30268
2019-10-04,port1367,Visakhapatnam,India,IND,2,4,46352,15736
2019-10-04,port2299,Gopalpur,India,IND,0,0,0,0
2019-10-04,port290,Dhamra Port,India,IND,0,0,0,0
2019-10-04,port442,Haldia,India,IND,2,4,78644,0
2019-10-04,port883,Paradip,India,IND,4,5,122050,41918
2019-10-05,port1367,Visakhapatnam,India,IND,1,1,34294,15736
2019-10-05,port2299,Gopalpur,India,IND,0,0,0,0
2019-10-05,port290,Dhamra Port,India,IND,2,3,82983,38369
2019-10-05,port442,Haldia,India,IND,3,4,69887,9178
2019-10-05,port883,Paradip,India,IND,0,0,0,0
2019-10-06,port1367,Visakhapatnam,India,IND,1,2,0,0
2019-10-06,port2299,Gopalpur,India,IND,0,0,0,0
2019-10-06,port290,Dhamra Port,India,IND,0,0,0,0
2019-10-06,port442,Haldia,India,IND,1,3,72686,0
2019-10-06,port883,Paradip,India,IND,1,1,20323,30268
2019-10-07,port1367,Visakhapatnam,India,IND,2,4,113300,15736
2019-10-07,port2299,Gopalpur,India,IND,1,1,0,3860
2019-10-07,port290,Dhamra Port,India,IND,0,0,0,0
2019-10-07,port442,Haldia,India,IND,2,3,23295,3059
2019-10-07,port883,Paradip,India,IND,1,1,73171,0
2019-10-08,port1367,Visakhapatnam,India,IND,3,4,37224,70163
2019-10-08,port2299,Gopalpur,India,IND,0,0,0,0
2019-10-08,port290,Dhamra Port,India,IND,0,0,0,0
2019-10-08,port442,Haldia,India,IND,0,1,0,0
2019-10-08,port883,Paradip,India,IND,1,1,0,75368
2019-10-09,port1367,Visakhapatnam,India,IND,3,3,131922,36552
2019-10-09,port2299,Gopalpur,India,IND,0,0,0,0
2019-10-09,port290,Dhamra Port,India,IND,1,1,0,9899
2019-10-09,port442,Haldia,India,IND,0,2,0,0
2019-10-09,port883,Paradip,India,IND,1,3,0,13238
2019-10-10,port1367,Visakhapatnam,India,IND,1,2,78405,0
2019-10-10,port2299,Gopalpur,India,IND,0,0,0,0
2019-10-10,port290,Dhamra Port,India,IND,2,2,102378,19184
2019-10-10,port442,Haldia,India,IND,0,3,0,0
2019-10-10,port883,Paradip,India,IND,3,3,208,11208
2019-10-11,port1367,Visakhapatnam,India,IND,2,3,68588,31473
2019-10-11,port2299,Gopalpur,India,IND,0,0,0,0
2019-10-11,port290,Dhamra Port,India,IND,1,1,41491,19184
2019-10-11,port442,Haldia,India,IND,0,1,0,0
2019-10-11,port883,Paradip,India,IND,2,2,3807,21075
2019-10-12,port1367,Visakhapatnam,India,IND,3,4,96469,15736
2019-10-12,port2299,Gopalpur,India,IND,1,1,22395,22579
2019-10-12,port290,Dhamra Port,India,IND,1,1,4839,0
2019-10-12,port442,Haldia,India,IND,2,5,151797,0
2019-10-12,port883,Paradip,India,IND,4,4,20323,185249
2019-10-13,port1367,Visakhapatnam,India,IND,2,4,34294,15736
2019-10-13,port2299,Gopalpur,India,IND,0,0,0,0
2019-10-13,port290,Dhamra Port,India,IND,1,1,50215,0
2019-10-13,port442,Haldia,India,IND,3,5,64011,3059
2019-10-13,port883,Paradip,India,IND,2,2,84921,0
2019-10-14,port1367,Visakhapatnam,India,IND,3,4,68588,86049
2019-10-14,port2299,Gopalpur,India,IND,0,0,0,0
2019-10-14,port290,Dhamra Port,India,IND,0,0,0,0
2019-10-14,port442,Haldia,India,IND,3,3,23295,30135
2019-10-14,port883,Paradip,India,IND,1,4,0,28085
2019-10-15,port1367,Visakhapatnam,India,IND,1,1,77604,0
2019-10-15,port2299,Gopalpur,India,IND,1,1,22395,22579
2019-10-15,port290,Dhamra Port,India,IND,1,1,80307,0
2019-10-15,port442,Haldia,India,IND,1,5,23295,3059
2019-10-15,port883,Paradip,India,IND,0,0,0,0
2019-10-16,port1367,Visakhapatnam,India,IND,1,2,34294,15736
2019-10-16,port2299,Gopalpur,India,IND,0,0,0,0
2019-10-16,port290,Dhamra Port,India,IND,0,0,0,0
2019-10-16,port442,Haldia,India,IND,1,3,23295,3059
2019-10-16,port883,Paradip,India,IND,1,2,0,10517
2019-10-17,port1367,Visakhapatnam,India,IND,1,3,0,0
2019-10-17,port2299,Gopalpur,India,IND,0,0,0,0
2019-10-17,port290,Dhamra Port,India,IND,0,0,0,0
2019-10-17,port442,Haldia,India,IND,1,2,79411,0
2019-10-17,port883,Paradip,India,IND,3,3,44221,86653
2019-10-18,port1367,Visakhapatnam,India,IND,1,2,34294,15736
2019-10-18,port2299,Gopalpur,India,IND,0,0,0,0
2019-10-18,port290,Dhamra Port,India,IND,2,2,0,53583
2019-10-18,port442,Haldia,India,IND,2,3,35094,0
2019-10-18,port883,Paradip,India,IND,4,4,99302,51784
2019-10-19,port1367,Visakhapatnam,India,IND,1,1,34294,15736
2019-10-19,port2299,Gopalpur,India,IND,0,0,0,0
2019-10-19,port290,Dhamra Port,India,IND,0,0,0,0
2019-10-19,port442,Haldia,India,IND,1,3,52727,0
2019-10-19,port883,Paradip,India,IND,5,5,40646,207559
2019-10-20,port1367,Visakhapatnam,India,IND,2,3,39299,15736
2019-10-20,port2299,Gopalpur,India,IND,0,0,0,0
2019-10-20,port290,Dhamra Port,India,IND,0,0,0,0
2019-10-20,port442,Haldia,India,IND,2,2,46591,6118
2019-10-20,port883,Paradip,India,IND,1,1,20323,30268
2019-10-21,port1367,Visakhapatnam,India,IND,4,6,109354,1603
2019-10-21,port2299,Gopalpur,India,IND,0,1,0,0
2019-10-21,port290,Dhamra Port,India,IND,0,0,0,0
2019-10-21,port442,Haldia,India,IND,3,5,23295,3059
2019-10-21,port883,Paradip,India,IND,2,2,51284,27542
2019-10-22,port1367,Visakhapatnam,India,IND,2,2,68588,31473
2019-10-22,port2299,Gopalpur,India,IND,0,0,0,0
2019-10-22,port290,Dhamra Port,India,IND,1,1,41491,19184
2019-10-22,port442,Haldia,India,IND,2,5,73160,55139
2019-10-22,port883,Paradip,India,IND,1,1,20323,30268
2019-10-23,port1367,Visakhapatnam,India,IND,2,3,88156,15736
2019-10-23,port2299,Gopalpur,India,IND,0,0,0,0
2019-10-23,port290,Dhamra Port,India,IND,0,0,0,0
2019-10-23,port442,Haldia,India,IND,0,1,0,0
2019-10-23,port883,Paradip,India,IND,1,1,0,70953
2019-10-24,port1367,Visakhapatnam,India,IND,2,5,87481,15736
2019-10-24,port2299,Gopalpur,India,IND,0,0,0,0
2019-10-24,port290,Dhamra Port,India,IND,3,3,136595,19184
2019-10-24,port442,Haldia,India,IND,2,2,63928,0
2019-10-24,port883,Paradip,India,IND,1,3,20323,30268
2019-10-25,port1367,Visakhapatnam,India,IND,3,7,232969,31473
2019-10-25,port2299,Gopalpur,India,IND,0,0,0,0
2019-10-25,port290,Dhamra Port,India,IND,1,1,0,32718
2019-10-25,port442,Haldia,India,IND,1,1,78553,0
2019-10-25,port883,Paradip,India,IND,2,2,8458,0
2019-10-26,port1367,Visakhapatnam,India,IND,4,5,147377,32169
2019-10-26,port2299,Gopalpur,India,IND,0,0,0,0
2019-10-26,port290,Dhamra Port,India,IND,0,0,0,0
2019-10-26,port442,Haldia,India,IND,2,5,75858,0
2019-10-26,port883,Paradip,India,IND,2,2,38591,30268
2019-10-27,port1367,Visakhapatnam,India,IND,3,4,34777,45563
2019-10-27,port2299,Gopalpur,India,IND,0,0,0,0
2019-10-27,port290,Dhamra Port,India,IND,1,1,0,54397
2019-10-27,port442,Haldia,India,IND,1,2,23295,3059
2019-10-27,port883,Paradip,India,IND,1,1,72918,0
2019-10-28,port1367,Visakhapatnam,India,IND,6,7,170763,15736
2019-10-28,port2299,Gopalpur,India,IND,1,1,22395,22579
2019-10-28,port290,Dhamra Port,India,IND,0,0,0,0
2019-10-28,port442,Haldia,India,IND,3,4,23295,50669
2019-10-28,port883,Paradip,India,IND,1,1,20323,30268
2019-10-29,port1367,Visakhapatnam,India,IND,2,2,68588,31473
2019-10-29,port2299,Gopalpur,India,IND,1,1,0,25314
2019-10-29,port290,Dhamra Port,India,IND,3,3,82983,80785
2019-10-29,port442,Haldia,India,IND,2,4,0,70168
2019-10-29,port883,Paradip,India,IND,3,4,74026,74459
2019-10-30,port1367,Visakhapatnam,India,IND,2,3,45986,15508
2019-10-30,port2299,Gopalpur,India,IND,0,0,0,0
2019-10-30,port290,Dhamra Port,India,IND,0,0,0,0
2019-10-30,port442,Haldia,India,IND,4,6,185530,0
2019-10-30,port883,Paradip,India,IND,2,2,20323,40581
2019-10-31,port1367,Visakhapatnam,India,IND,4,7,129737,31473
2019-10-31,port2299,Gopalpur,India,IND,3,3,52060,57971
2019-10-31,port290,Dhamra Port,India,IND,2,2,162623,49299
2019-10-31,port442,Haldia,India,IND,0,1,0,0
2019-10-31,port883,Paradip,India,IND,3,3,0,127104
2019-11-01,port1367,Visakhapatnam,India,IND,0,1,0,0
2019-11-01,port2299,Gopalpur,India,IND,0,0,0,0
2019-11-01,port290,Dhamra Port,India,IND,1,1,41491,19184
2019-11-01,port442,Haldia,India,IND,1,6,23295,3059
2019-11-01,port883,Paradip,India,IND,2,4,40646,60537
2019-11-02,port1367,Visakhapatnam,India,IND,2,4,68588,31473
2019-11-02,port2299,Gopalpur,India,IND,0,0,0,0
2019-11-02,port290,Dhamra Port,India,IND,0,0,0,0
2019-11-02,port442,Haldia,India,IND,2,4,105505,0
2019-11-02,port883,Paradip,India,IND,2,3,40646,60537
2019-11-03,port1367,Visakhapatnam,India,IND,1,4,34294,15736
2019-11-03,port2299,Gopalpur,India,IND,0,0,0,0
2019-11-03,port290,Dhamra Port,India,IND,0,0,0,0
2019-11-03,port442,Haldia,India,IND,3,4,0,36812
2019-11-03,port883,Paradip,India,IND,1,2,0,54349
2019-11-04,port1367,Visakhapatnam,India,IND,5,7,157540,34259
2019-11-04,port2299,Gopalpur,India,IND,1,1,53306,0
2019-11-04,port290,Dhamra Port,India,IND,3,3,110368,38369
2019-11-04,port442,Haldia,India,IND,3,6,118665,3059
2019-11-04,port883,Paradip,India,IND,3,3,53439,0
2019-11-05,port1367,Visakhapatnam,India,IND,0,2,0,0
2019-11-05,port2299,Gopalpur,India,IND,0,0,0,0
2019-11-05,port290,Dhamra Port,India,IND,3,3,109483,38369
2019-11-05,port442,Haldia,India,IND,4,6,151743,3059
2019-11-05,port883,Paradip,India,IND,1,1,20323,30268
2019-11-06,port1367,Visakhapatnam,India,IND,2,2,68588,31473
2019-11-06,port2299,Gopalpur,India,IND,0,0,0,0
2019-11-06,port290,Dhamra Port,India,IND,0,0,0,0
2019-11-06,port442,Haldia,India,IND,1,3,23295,3059
2019-11-06,port883,Paradip,India,IND,4,4,58641,104405
2019-11-07,port1367,Visakhapatnam,India,IND,2,3,81342,15736
2019-11-07,port2299,Gopalpur,India,IND,0,0,0,0
2019-11-07,port290,Dhamra Port,India,IND,2,2,0,34809
2019-11-07,port442,Haldia,India,IND,1,2,5382,0
2019-11-07,port883,Paradip,India,IND,4,4,8748,82792
2019-11-08,port1367,Visakhapatnam,India,IND,3,5,34294,79716
2019-11-08,port2299,Gopalpur,India,IND,0,0,0,0
2019-11-08,port290,Dhamra Port,India,IND,0,0,0,0
2019-11-08,port442,Haldia,India,IND,1,3,23295,3059
2019-11-08,port883,Paradip,India,IND,0,0,0,0
2019-11-09,port1367,Visakhapatnam,India,IND,4,5,142293,31473
2019-11-09,port2299,Gopalpur,India,IND,0,0,0,0
2019-11-09,port290,Dhamra Port,India,IND,0,0,0,0
2019-11-09,port442,Haldia,India,IND,1,2,23295,3059
2019-11-09,port883,Paradip,India,IND,0,0,0,0
2019-11-10,port1367,Visakhapatnam,India,IND,1,2,0,5845
2019-11-10,port2299,Gopalpur,India,IND,0,0,0,0
2019-11-10,port290,Dhamra Port,India,IND,0,0,0,0
2019-11-10,port442,Haldia,India,IND,3,4,101901,10380
2019-11-10,port883,Paradip,India,IND,4,4,112452,115032
2019-11-11,port1367,Visakhapatnam,India,IND,4,4,76934,86209
2019-11-11,port2299,Gopalpur,India,IND,0,0,0,0
2019-11-11,port290,Dhamra Port,India,IND,2,2,0,83026
2019-11-11,port442,Haldia,India,IND,3,4,81759,3059
2019-11-11,port883,Paradip,India,IND,2,2,20323,32093
2019-11-12,port1367,Visakhapatnam,India,IND,3,3,107974,15736
2019-11-12,port2299,Gopalpur,India,IND,1,1,54883,0
2019-11-12,port290,Dhamra Port,India,IND,1,1,41491,19184
2019-11-12,port442,Haldia,India,IND,1,2,23295,3059
2019-11-12,port883,Paradip,India,IND,1,2,0,41353
2019-11-13,port1367,Visakhapatnam,India,IND,1,1,0,0
2019-11-13,port2299,Gopalpur,India,IND,0,0,0,0
2019-11-13,port290,Dhamra Port,India,IND,2,2,42078,19184
2019-11-13,port442,Haldia,India,IND,2,4,1668,0
2019-11-13,port883,Paradip,India,IND,3,3,20323,145892
2019-11-14,port1367,Visakhapatnam,India,IND,0,1,0,0
2019-11-14,port2299,Gopalpur,India,IND,0,0,0,0
2019-11-14,port290,Dhamra Port,India,IND,0,0,0,0
2019-11-14,port442,Haldia,India,IND,2,5,40097,16955
2019-11-14,port883,Paradip,India,IND,6,7,193920,168616
2019-11-15,port1367,Visakhapatnam,India,IND,1,2,0,46442
2019-11-15,port2299,Gopalpur,India,IND,1,1,0,49325
2019-11-15,port290,Dhamra Port,India,IND,0,0,0,0
2019-11-15,port442,Haldia,India,IND,1,1,0,0
2019-11-15,port883,Paradip,India,IND,0,1,0,0
2019-11-16,port1367,Visakhapatnam,India,IND,2,4,107213,15736
2019-11-16,port2299,Gopalpur,India,IND,0,0,0,0
2019-11-16,port290,Dhamra Port,India,IND,1,1,41491,19184
2019-11-16,port442,Haldia,India,IND,2,7,77625,0
2019-11-16,port883,Paradip,India,IND,3,3,20323,112082
2019-11-17,port1367,Visakhapatnam,India,IND,4,5,144223,31473
2019-11-17,port2299,Gopalpur,India,IND,0,0,0,0
2019-11-17,port290,Dhamra Port,India,IND,1,1,41491,19184
2019-11-17,port442,Haldia,India,IND,2,4,41446,553
2019-11-17,port883,Paradip,India,IND,2,2,93189,30268
2019-11-18,port1367,Visakhapatnam,India,IND,2,4,89337,5044
2019-11-18,port2299,Gopalpur,India,IND,0,0,0,0
2019-11-18,port290,Dhamra Port,India,IND,0,0,0,0
2019-11-18,port442,Haldia,India,IND,1,3,72591,0
2019-11-18,port883,Paradip,India,IND,2,2,55608,0
2019-11-19,port1367,Visakhapatnam,India,IND,4,4,227879,31473
2019-11-19,port2299,Gopalpur,India,IND,0,0,0,0
2019-11-19,port290,Dhamra Port,India,IND,1,1,0,8473
2019-11-19,port442,Haldia,India,IND,1,1,36288,0
2019-11-19,port883,Paradip,India,IND,4,4,74804,107739
2019-11-20,port1367,Visakhapatnam,India,IND,4,5,202673,15736
2019-11-20,port2299,Gopalpur,India,IND,0,0,0,0
2019-11-20,port290,Dhamra Port,India,IND,1,1,41491,19184
2019-11-20,port442,Haldia,India,IND,1,1,23295,3059
2019-11-20,port883,Paradip,India,IND,2,2,0,56343
2019-11-21,port1367,Visakhapatnam,India,IND,2,4,48908,103507
2019-11-21,port2299,Gopalpur,India,IND,0,0,0,0
2019-11-21,port290,Dhamra Port,India,IND,0,0,0,0
2019-11-21,port442,Haldia,India,IND,1,4,0,0
2019-11-21,port883,Paradip,India,IND,3,3,20323,111215
2019-11-22,port1367,Visakhapatnam,India,IND,2,3,82350,15736
2019-11-22,port2299,Gopalpur,India,IND,0,0,0,0
2019-11-22,port290,Dhamra Port,India,IND,0,0,0,0
2019-11-22,port442,Haldia,India,IND,2,2,43513,0
2019-11-22,port883,Paradip,India,IND,2,2,975,11418
2019-11-23,port1367,Visakhapatnam,India,IND,1,2,0,555
2019-11-23,port2299,Gopalpur,India,IND,1,1,1672,0
2019-11-23,port290,Dhamra Port,India,IND,0,0,0,0
2019-11-23,port442,Haldia,India,IND,2,4,33617,3059
2019-11-23,port883,Paradip,India,IND,1,2,79461,0
2019-11-24,port1367,Visakhapatnam,India,IND,1,1,41620,0
2019-11-24,port2299,Gopalpur,India,IND,1,1,0,12599
2019-11-24,port290,Dhamra Port,India,IND,2,2,242086,0
2019-11-24,port442,Haldia,India,IND,4,4,24004,63598
2019-11-24,port883,Paradip,India,IND,1,1,20323,30268
2019-11-25,port1367,Visakhapatnam,India,IND,2,3,16315,615
2019-11-25,port2299,Gopalpur,India,IND,0,0,0,0
2019-11-25,port290,Dhamra Port,India,IND,0,0,0,0
2019-11-25,port442,Haldia,India,IND,2,4,58386,3059
2019-11-25,port883,Paradip,India,IND,4,6,40646,186735
2019-11-26,port1367,Visakhapatnam,India,IND,4,6,160575,15736
2019-11-26,port2299,Gopalpur,India,IND,0,0,0,0
2019-11-26,port290,Dhamra Port,India,IND,1,1,0,10004
2019-11-26,port442,Haldia,India,IND,1,2,23295,3059
2019-11-26,port883,Paradip,India,IND,1,1,0,71747
2019-11-27,port1367,Visakhapatnam,India,IND,1,4,34294,15736
2019-11-27,port2299,Gopalpur,India,IND,1,1,22395,22579
2019-11-27,port290,Dhamra Port,India,IND,0,0,0,0
2019-11-27,port442,Haldia,India,IND,1,2,23295,3059
2019-11-27,port883,Paradip,India,IND,3,3,69462,53325
2019-11-28,port1367,Visakhapatnam,India,IND,2,3,34294,17518
2019-11-28,port2299,Gopalpur,India,IND,0,1,0,0
2019-11-28,port290,Dhamra Port,India,IND,0,0,0,0
2019-11-28,port442,Haldia,India,IND,2,4,23295,3059
2019-11-28,port883,Paradip,India,IND,0,1,0,0
2019-11-29,port1367,Visakhapatnam,India,IND,3,5,100917,15736
2019-11-29,port2299,Gopalpur,India,IND,2,2,22395,74429
2019-11-29,port290,Dhamra Port,India,IND,1,2,78625,0
2019-11-29,port442,Haldia,India,IND,1,2,0,39862
2019-11-29,port883,Paradip,India,IND,7,8,248540,145230
2019-11-30,port1367,Visakhapatnam,India,IND,4,4,207611,15736
2019-11-30,port2299,Gopalpur,India,IND,1,1,22395,22579
2019-11-30,port290,Dhamra Port,India,IND,1,1,41491,19184
2019-11-30,port442,Haldia,India,IND,3,5,85994,6118
2019-11-30,port883,Paradip,India,IND,2,2,40646,60537
2019-12-01,port1367,Visakhapatnam,India,IND,4,5,224941,31473
2019-12-01,port2299,Gopalpur,India,IND,0,0,0,0
2019-12-01,port290,Dhamra Port,India,IND,1,1,0,54564
2019-12-01,port442,Haldia,India,IND,2,4,46591,6118
2019-12-01,port883,Paradip,India,IND,1,1,20323,30268
2019-12-02,port1367,Visakhapatnam,India,IND,3,3,120570,71324
2019-12-02,port2299,Gopalpur,India,IND,0,0,0,0
2019-12-02,port290,Dhamra Port,India,IND,1,2,41491,19184
2019-12-02,port442,Haldia,India,IND,0,0,0,0
2019-12-02,port883,Paradip,India,IND,2,3,20323,52810
2019-12-03,port1367,Visakhapatnam,India,IND,4,5,173860,31473
2019-12-03,port2299,Gopalpur,India,IND,0,0,0,0
2019-12-03,port290,Dhamra Port,India,IND,1,1,0,0
2019-12-03,port442,Haldia,India,IND,5,5,99209,12237
2019-12-03,port883,Paradip,India,IND,2,2,75959,30268
2019-12-04,port1367,Visakhapatnam,India,IND,1,1,0,32992
2019-12-04,port2299,Gopalpur,India,IND,0,0,0,0
2019-12-04,port290,Dhamra Port,India,IND,0,0,0,0
2019-12-04,port442,Haldia,India,IND,2,2,46591,6118
2019-12-04,port883,Paradip,India,IND,3,3,20323,36121
2019-12-05,port1367,Visakhapatnam,India,IND,3,5,146040,15736
2019-12-05,port2299,Gopalpur,India,IND,0,0,0,0
2019-12-05,port290,Dhamra Port,India,IND,0,0,0,0
2019-12-05,port442,Haldia,India,IND,1,1,23295,3059
2019-12-05,port883,Paradip,India,IND,1,1,20323,30268
2019-12-06,port1367,Visakhapatnam,India,IND,7,8,187239,64233
2019-12-06,port2299,Gopalpur,India,IND,0,0,0,0
2019-12-06,port290,Dhamra Port,India,IND,2,2,90269,0
2019-12-06,port442,Haldia,India,IND,2,4,113897,0
2019-12-06,port883,Paradip,India,IND,0,1,0,0
2019-12-07,port1367,Visakhapatnam,India,IND,4,5,121582,41990
2019-12-07,port2299,Gopalpur,India,IND,1,1,0,25748
2019-12-07,port290,Dhamra Port,India,IND,0,0,0,0
2019-12-07,port442,Haldia,India,IND,1,4,0,0
2019-12-07,port883,Paradip,India,IND,0,0,0,0
2019-12-08,port1367,Visakhapatnam,India,IND,1,2,8843,0
2019-12-08,port2299,Gopalpur,India,IND,0,0,0,0
2019-12-08,port290,Dhamra Port,India,IND,0,0,0,0
2019-12-08,port442,Haldia,India,IND,4,6,188962,0
2019-12-08,port883,Paradip,India,IND,0,0,0,0
2019-12-09,port1367,Visakhapatnam,India,IND,1,1,34294,15736
2019-12-09,port2299,Gopalpur,India,IND,0,0,0,0
2019-12-09,port290,Dhamra Port,India,IND,1,1,0,55776
2019-12-09,port442,Haldia,India,IND,1,1,23295,3059
2019-12-09,port883,Paradip,India,IND,3,4,177473,30268
2019-12-10,port1367,Visakhapatnam,India,IND,2,2,4387,0
2019-12-10,port2299,Gopalpur,India,IND,0,0,0,0
2019-12-10,port290,Dhamra Port,India,IND,1,1,41491,19184
2019-12-10,port442,Haldia,India,IND,1,3,0,0
2019-12-10,port883,Paradip,India,IND,0,0,0,0
2019-12-11,port1367,Visakhapatnam,India,IND,2,3,87706,15736
2019-12-11,port2299,Gopalpur,India,IND,0,0,0,0
2019-12-11,port290,Dhamra Port,India,IND,1,1,41491,19184
2019-12-11,port442,Haldia,India,IND,1,4,23295,3059
2019-12-11,port883,Paradip,India,IND,1,1,21808,0
2019-12-12,port1367,Visakhapatnam,India,IND,1,2,34294,15736
2019-12-12,port2299,Gopalpur,India,IND,0,0,0,0
2019-12-12,port290,Dhamra Port,India,IND,0,0,0,0
2019-12-12,port442,Haldia,India,IND,0,1,0,0
2019-12-12,port883,Paradip,India,IND,2,2,0,58381
2019-12-13,port1367,Visakhapatnam,India,IND,1,2,34294,15736
2019-12-13,port2299,Gopalpur,India,IND,0,0,0,0
2019-12-13,port290,Dhamra Port,India,IND,0,0,0,0
2019-12-13,port442,Haldia,India,IND,1,1,0,26532
2019-12-13,port883,Paradip,India,IND,3,4,60969,90806
2019-12-14,port1367,Visakhapatnam,India,IND,2,3,68588,31473
2019-12-14,port2299,Gopalpur,India,IND,0,0,0,0
2019-12-14,port290,Dhamra Port,India,IND,0,0,0,0
2019-12-14,port442,Haldia,India,IND,2,4,37835,3059
2019-12-14,port883,Paradip,India,IND,3,3,60969,90806
2019-12-15,port1367,Visakhapatnam,India,IND,2,2,133408,0
2019-12-15,port2299,Gopalpur,India,IND,0,0,0,0
2019-12-15,port290,Dhamra Port,India,IND,1,1,41491,19184
2019-12-15,port442,Haldia,India,IND,3,6,23295,3059
2019-12-15,port883,Paradip,India,IND,2,3,20323,31938
2019-12-16,port1367,Visakhapatnam,India,IND,1,2,55664,0
2019-12-16,port2299,Gopalpur,India,IND,0,0,0,0
2019-12-16,port290,Dhamra Port,India,IND,1,1,41491,19184
2019-12-16,port442,Haldia,India,IND,0,0,0,0
2019-12-16,port883,Paradip,India,IND,3,4,60969,90806
2019-12-17,port1367,Visakhapatnam,India,IND,4,4,102883,49141
2019-12-17,port2299,Gopalpur,India,IND,0,0,0,0
2019-12-17,port290,Dhamra Port,India,IND,2,2,41491,73260
2019-12-17,port442,Haldia,India,IND,2,4,46591,6118
2019-12-17,port883,Paradip,India,IND,2,2,57038,30268
2019-12-18,port1367,Visakhapatnam,India,IND,5,8,68588,95454
2019-12-18,port2299,Gopalpur,India,IND,0,0,0,0
2019-12-18,port290,Dhamra Port,India,IND,2,2,70990,19184
2019-12-18,port442,Haldia,India,IND,2,3,23295,3059
2019-12-18,port883,Paradip,India,IND,4,4,154269,85408
2019-12-19,port1367,Visakhapatnam,India,IND,2,3,166538,15736
2019-12-19,port2299,Gopalpur,India,IND,1,1,22395,22579
2019-12-19,port290,Dhamra Port,India,IND,2,2,0,85776
2019-12-19,port442,Haldia,India,IND,0,2,0,0
2019-12-19,port883,Paradip,India,IND,1,3,20323,30268
2019-12-20,port1367,Visakhapatnam,India,IND,2,4,68588,31473
2019-12-20,port2299,Gopalpur,India,IND,1,1,22395,22579
2019-12-20,port290,Dhamra Port,India,IND,1,1,41491,19184
2019-12-20,port442,Haldia,India,IND,1,2,23295,3059
2019-12-20,port883,Paradip,India,IND,4,4,99412,60537
2019-12-21,port1367,Visakhapatnam,India,IND,1,2,34294,15736
2019-12-21,port2299,Gopalpur,India,IND,0,0,0,0
2019-12-21,port290,Dhamra Port,India,IND,2,2,41491,75637
2019-12-21,port442,Haldia,India,IND,3,5,69887,9178
2019-12-21,port883,Paradip,India,IND,5,5,96991,145244
2019-12-22,port1367,Visakhapatnam,India,IND,1,2,34294,15736
2019-12-22,port2299,Gopalpur,India,IND,0,0,0,0
2019-12-22,port290,Dhamra Port,India,IND,0,0,0,0
2019-12-22,port442,Haldia,India,IND,1,1,39410,0
2019-12-22,port883,Paradip,India,IND,1,1,0,53439
2019-12-23,port1367,Visakhapatnam,India,IND,1,4,55167,0
2019-12-23,port2299,Gopalpur,India,IND,1,1,0,19109
2019-12-23,port290,Dhamra Port,India,IND,2,2,4059,6004
2019-12-23,port442,Haldia,India,IND,3,4,69609,6118
2019-12-23,port883,Paradip,India,IND,1,1,0,0
2019-12-24,port1367,Visakhapatnam,India,IND,5,5,181562,101705
2019-12-24,port2299,Gopalpur,India,IND,0,0,0,0
2019-12-24,port290,Dhamra Port,India,IND,1,1,79642,0
2019-12-24,port442,Haldia,India,IND,2,3,46591,6118
2019-12-24,port883,Paradip,India,IND,4,5,117937,60537
2019-12-25,port1367,Visakhapatnam,India,IND,3,4,72521,119220
2019-12-25,port2299,Gopalpur,India,IND,1,1,25314,0
2019-12-25,port290,Dhamra Port,India,IND,2,2,41491,41616
2019-12-25,port442,Haldia,India,IND,3,5,98725,6118
2019-12-25,port883,Paradip,India,IND,4,4,100204,130102
2019-12-26,port1367,Visakhapatnam,India,IND,3,4,102883,47210
2019-12-26,port2299,Gopalpur,India,IND,0,1,0,0
2019-12-26,port290,Dhamra Port,India,IND,0,0,0,0
2019-12-26,port442,Haldia,India,IND,2,4,46591,6118
2019-12-26,port883,Paradip,India,IND,1,1,0,0
2019-12-27,port1367,Visakhapatnam,India,IND,2,3,34294,119220
2019-12-27,port2299,Gopalpur,India,IND,0,0,0,0
2019-12-27,port290,Dhamra Port,India,IND,2,2,41491,50542
2019-12-27,port442,Haldia,India,IND,4,5,46591,47980
2019-12-27,port883,Paradip,India,IND,3,3,61853,60537
2019-12-28,port1367,Visakhapatnam,India,IND,4,5,113562,52831
2019-12-28,port2299,Gopalpur,India,IND,1,1,0,0
2019-12-28,port290,Dhamra Port,India,IND,1,1,74401,0
2019-12-28,port442,Haldia,India,IND,2,6,39713,3059
2019-12-28,port883,Paradip,India,IND,1,2,0,29128
2019-12-29,port1367,Visakhapatnam,India,IND,0,0,0,0
2019-12-29,port2299,Gopalpur,India,IND,0,0,0,0
2019-12-29,port290,Dhamra Port,India,IND,0,0,0,0
2019-12-29,port442,Haldia,India,IND,1,4,0,0
2019-12-29,port883,Paradip,India,IND,1,2,24181,0
2019-12-30,port1367,Visakhapatnam,India,IND,5,6,81781,30641
2019-12-30,port2299,Gopalpur,India,IND,1,1,0,7334
2019-12-30,port290,Dhamra Port,India,IND,1,1,0,54475
2019-12-30,port442,Haldia,India,IND,5,5,180231,27511
2019-12-30,port883,Paradip,India,IND,5,5,56737,173836
2019-12-31,port1367,Visakhapatnam,India,IND,6,7,217478,62947
2019-12-31,port2299,Gopalpur,India,IND,0,0,0,0
2019-12-31,port290,Dhamra Port,India,IND,0,0,0,0
2019-12-31,port442,Haldia,India,IND,3,3,23295,56382
2019-12-31,port883,Paradip,India,IND,2,2,40646,60537
2020-01-01,port1367,Visakhapatnam,India,IND,2,3,68588,31473
2020-01-01,port2299,Gopalpur,India,IND,0,0,0,0
2020-01-01,port290,Dhamra Port,India,IND,2,2,41491,60508
2020-01-01,port442,Haldia,India,IND,2,4,23295,3059
2020-01-01,port883,Paradip,India,IND,3,3,80352,30268
2020-01-02,port1367,Visakhapatnam,India,IND,0,2,0,0
2020-01-02,port2299,Gopalpur,India,IND,0,0,0,0
2020-01-02,port290,Dhamra Port,India,IND,1,1,41491,19184
2020-01-02,port442,Haldia,India,IND,2,5,46591,6118
2020-01-02,port883,Paradip,India,IND,1,2,0,68135
2020-01-03,port1367,Visakhapatnam,India,IND,2,3,68588,31473
2020-01-03,port2299,Gopalpur,India,IND,0,0,0,0
2020-01-03,port290,Dhamra Port,India,IND,0,0,0,0
2020-01-03,port442,Haldia,India,IND,1,2,23295,3059
2020-01-03,port883,Paradip,India,IND,4,6,170637,30268
2020-01-04,port1367,Visakhapatnam,India,IND,5,8,137177,69319
2020-01-04,port2299,Gopalpur,India,IND,0,0,0,0
2020-01-04,port290,Dhamra Port,India,IND,1,1,2223,0
2020-01-04,port442,Haldia,India,IND,2,3,95802,3059
2020-01-04,port883,Paradip,India,IND,5,5,115878,211448
2020-01-05,port1367,Visakhapatnam,India,IND,1,3,34294,15736
2020-01-05,port2299,Gopalpur,India,IND,0,0,0,0
2020-01-05,port290,Dhamra Port,India,IND,1,1,0,55057
2020-01-05,port442,Haldia,India,IND,2,6,95114,3059
2020-01-05,port883,Paradip,India,IND,2,2,0,59082
2020-01-06,port1367,Visakhapatnam,India,IND,3,4,95291,31473
2020-01-06,port2299,Gopalpur,India,IND,0,0,0,0
2020-01-06,port290,Dhamra Port,India,IND,1,1,41491,19184
2020-01-06,port442,Haldia,India,IND,2,2,73198,6836
2020-01-06,port883,Paradip,India,IND,2,2,0,108097
2020-01-07,port1367,Visakhapatnam,India,IND,2,4,162020,55139
2020-01-07,port2299,Gopalpur,India,IND,0,0,0,0
2020-01-07,port290,Dhamra Port,India,IND,2,2,41491,75200
2020-01-07,port442,Haldia,India,IND,3,3,46591,6118
2020-01-07,port883,Paradip,India,IND,3,3,134643,30268
2020-01-08,port1367,Visakhapatnam,India,IND,4,5,68700,42389
2020-01-08,port2299,Gopalpur,India,IND,0,0,0,0
2020-01-08,port290,Dhamra Port,India,IND,0,0,0,0
2020-01-08,port442,Haldia,India,IND,2,2,35728,0
2020-01-08,port883,Paradip,India,IND,3,3,40646,132284
2020-01-09,port1367,Visakhapatnam,India,IND,5,5,163726,102977
2020-01-09,port2299,Gopalpur,India,IND,0,0,0,0
2020-01-09,port290,Dhamra Port,India,IND,0,0,0,0
2020-01-09,port442,Haldia,India,IND,1,3,23295,3059
2020-01-09,port883,Paradip,India,IND,1,1,0,73626
2020-01-10,port1367,Visakhapatnam,India,IND,5,6,144339,65705
2020-01-10,port2299,Gopalpur,India,IND,1,1,22395,22579
2020-01-10,port290,Dhamra Port,India,IND,3,3,82983,83791
2020-01-10,port442,Haldia,India,IND,3,5,46591,6118
2020-01-10,port883,Paradip,India,IND,1,1,20323,30268
2020-01-11,port1367,Visakhapatnam,India,IND,4,6,137177,62947
2020-01-11,port2299,Gopalpur,India,IND,0,0,0,0
2020-01-11,port290,Dhamra Port,India,IND,0,0,0,0
2020-01-11,port442,Haldia,India,IND,5,8,93182,79575
2020-01-11,port883,Paradip,India,IND,5,6,40391,99790
2020-01-12,port1367,Visakhapatnam,India,IND,0,3,0,0
2020-01-12,port2299,Gopalpur,India,IND,0,0,0,0
2020-01-12,port290,Dhamra Port,India,IND,0,0,0,0
2020-01-12,port442,Haldia,India,IND,3,5,60336,3059
2020-01-12,port883,Paradip,India,IND,0,1,0,0
2020-01-13,port1367,Visakhapatnam,India,IND,1,1,34294,15736
2020-01-13,port2299,Gopalpur,India,IND,1,1,6305,0
2020-01-13,port290,Dhamra Port,India,IND,0,0,0,0
2020-01-13,port442,Haldia,India,IND,4,6,82592,56780
2020-01-13,port883,Paradip,India,IND,0,1,0,0
2020-01-14,port1367,Visakhapatnam,India,IND,3,3,69409,15736
2020-01-14,port2299,Gopalpur,India,IND,0,0,0,0
2020-01-14,port290,Dhamra Port,India,IND,1,1,0,54215
2020-01-14,port442,Haldia,India,IND,4,6,169252,3059
2020-01-14,port883,Paradip,India,IND,2,2,22373,30268
2020-01-15,port1367,Visakhapatnam,India,IND,3,3,90607,76744
2020-01-15,port2299,Gopalpur,India,IND,0,0,0,0
2020-01-15,port290,Dhamra Port,India,IND,2,2,41491,19184
2020-01-15,port442,Haldia,India,IND,3,4,29597,61329
2020-01-15,port883,Paradip,India,IND,2,3,73306,6175
2020-01-16,port1367,Visakhapatnam,India,IND,2,3,68588,31473
2020-01-16,port2299,Gopalpur,India,IND,0,1,0,0
2020-01-16,port290,Dhamra Port,India,IND,1,1,75556,0
2020-01-16,port442,Haldia,India,IND,3,7,79564,0
2020-01-16,port883,Paradip,India,IND,5,5,101615,151343
2020-01-17,port1367,Visakhapatnam,India,IND,2,2,68588,31473
2020-01-17,port2299,Gopalpur,India,IND,0,0,0,0
2020-01-17,port290,Dhamra Port,India,IND,1,1,41491,19184
2020-01-17,port442,Haldia,India,IND,3,6,64442,0
2020-01-17,port883,Paradip,India,IND,1,1,20323,30268
2020-01-18,port1367,Visakhapatnam,India,IND,1,1,0,54229
2020-01-18,port2299,Gopalpur,India,IND,0,0,0,0
2020-01-18,port290,Dhamra Port,India,IND,1,2,0,0
2020-01-18,port442,Haldia,India,IND,1,5,23295,3059
2020-01-18,port883,Paradip,India,IND,2,3,0,80942
2020-01-19,port1367,Visakhapatnam,India,IND,3,5,143394,31473
2020-01-19,port2299,Gopalpur,India,IND,1,1,22395,22579
2020-01-19,port290,Dhamra Port,India,IND,2,2,41491,71560
2020-01-19,port442,Haldia,India,IND,0,1,0,0
2020-01-19,port883,Paradip,India,IND,2,3,20323,107208
2020-01-20,port1367,Visakhapatnam,India,IND,6,6,171472,78684
2020-01-20,port2299,Gopalpur,India,IND,0,0,0,0
2020-01-20,port290,Dhamra Port,India,IND,1,1,41491,19184
2020-01-20,port442,Haldia,India,IND,3,6,23295,3059
2020-01-20,port883,Paradip,India,IND,2,3,0,25105
2020-01-21,port1367,Visakhapatnam,India,IND,5,5,165719,62947
2020-01-21,port2299,Gopalpur,India,IND,0,0,0,0
2020-01-21,port290,Dhamra Port,India,IND,1,1,0,26620
2020-01-21,port442,Haldia,India,IND,3,5,53604,15914
2020-01-21,port883,Paradip,India,IND,3,3,99667,103795
2020-01-22,port1367,Visakhapatnam,India,IND,0,0,0,0
2020-01-22,port2299,Gopalpur,India,IND,0,0,0,0
2020-01-22,port290,Dhamra Port,India,IND,2,2,120178,19184
2020-01-22,port442,Haldia,India,IND,2,4,121918,0
2020-01-22,port883,Paradip,India,IND,4,5,40646,185992
2020-01-23,port1367,Visakhapatnam,India,IND,7,8,163023,74701
2020-01-23,port2299,Gopalpur,India,IND,1,1,72918,0
2020-01-23,port290,Dhamra Port,India,IND,3,3,124475,57554
2020-01-23,port442,Haldia,India,IND,4,5,157887,27076
2020-01-23,port883,Paradip,India,IND,3,3,49187,131405
2020-01-24,port1367,Visakhapatnam,India,IND,1,1,34294,15736
2020-01-24,port2299,Gopalpur,India,IND,0,0,0,0
2020-01-24,port290,Dhamra Port,India,IND,0,0,0,0
2020-01-24,port442,Haldia,India,IND,3,4,74985,6118
2020-01-24,port883,Paradip,India,IND,1,2,20323,30268
2020-01-25,port1367,Visakhapatnam,India,IND,4,6,214049,31473
2020-01-25,port2299,Gopalpur,India,IND,0,0,0,0
2020-01-25,port290,Dhamra Port,India,IND,1,1,41491,19184
2020-01-25,port442,Haldia,India,IND,1,3,23295,3059
2020-01-25,port883,Paradip,India,IND,2,3,20323,77426
2020-01-26,port1367,Visakhapatnam,India,IND,1,2,34294,15736
2020-01-26,port2299,Gopalpur,India,IND,0,0,0,0
2020-01-26,port290,Dhamra Port,India,IND,2,2,16179,668
2020-01-26,port442,Haldia,India,IND,3,4,106045,0
2020-01-26,port883,Paradip,India,IND,1,2,0,55415
2020-01-27,port1367,Visakhapatnam,India,IND,1,2,103384,0
2020-01-27,port2299,Gopalpur,India,IND,0,0,0,0
2020-01-27,port290,Dhamra Port,India,IND,1,1,41491,19184
2020-01-27,port442,Haldia,India,IND,3,4,125414,6118
2020-01-27,port883,Paradip,India,IND,5,5,90707,190534
2020-01-28,port1367,Visakhapatnam,India,IND,4,4,68755,32709
2020-01-28,port2299,Gopalpur,India,IND,0,0,0,0
2020-01-28,port290,Dhamra Port,India,IND,1,1,0,969
2020-01-28,port442,Haldia,India,IND,2,3,60566,21317
2020-01-28,port883,Paradip,India,IND,2,3,0,115521
2020-01-29,port1367,Visakhapatnam,India,IND,7,9,210174,63702
2020-01-29,port2299,Gopalpur,India,IND,0,0,0,0
2020-01-29,port290,Dhamra Port,India,IND,0,0,0,0
2020-01-29,port442,Haldia,India,IND,3,4,150081,0
2020-01-29,port883,Paradip,India,IND,1,2,0,0
2020-01-30,port1367,Visakhapatnam,India,IND,3,5,70466,165420
2020-01-30,port2299,Gopalpur,India,IND,0,0,0,0
2020-01-30,port290,Dhamra Port,India,IND,0,0,0,0
2020-01-30,port442,Haldia,India,IND,7,8,189679,9178
2020-01-30,port883,Paradip,India,IND,3,3,0,125231
2020-01-31,port1367,Visakhapatnam,India,IND,1,4,79928,0
2020-01-31,port2299,Gopalpur,India,IND,0,1,0,0
2020-01-31,port290,Dhamra Port,India,IND,1,1,34903,0
2020-01-31,port442,Haldia,India,IND,4,6,23295,22565
2020-01-31,port883,Paradip,India,IND,2,2,87315,0
2020-02-01,port1367,Visakhapatnam,India,IND,2,2,25441,46855
2020-02-01,port2299,Gopalpur,India,IND,0,0,0,0
2020-02-01,port290,Dhamra Port,India,IND,0,0,0,0
2020-02-01,port442,Haldia,India,IND,5,7,224048,3059
2020-02-01,port883,Paradip,India,IND,1,2,20323,30268
2020-02-02,port1367,Visakhapatnam,India,IND,1,2,20999,0
2020-02-02,port2299,Gopalpur,India,IND,1,1,13914,6854
2020-02-02,port290,Dhamra Port,India,IND,0,0,0,0
2020-02-02,port442,Haldia,India,IND,2,5,151549,0
2020-02-02,port883,Paradip,India,IND,1,1,0,0
2020-02-03,port1367,Visakhapatnam,India,IND,0,1,0,0
2020-02-03,port2299,Gopalpur,India,IND,0,0,0,0
2020-02-03,port290,Dhamra Port,India,IND,2,2,173123,11806
2020-02-03,port442,Haldia,India,IND,3,5,124196,6118
2020-02-03,port883,Paradip,India,IND,4,4,48944,114758
2020-02-04,port1367,Visakhapatnam,India,IND,2,3,34294,52176
2020-02-04,port2299,Gopalpur,India,IND,0,0,0,0
2020-02-04,port290,Dhamra Port,India,IND,1,1,0,49420
2020-02-04,port442,Haldia,India,IND,1,3,0,25988
2020-02-04,port883,Paradip,India,IND,0,1,0,0
2020-02-05,port1367,Visakhapatnam,India,IND,5,5,159148,46977
2020-02-05,port2299,Gopalpur,India,IND,0,0,0,0
2020-02-05,port290,Dhamra Port,India,IND,1,1,0,1113
2020-02-05,port442,Haldia,India,IND,4,6,124276,6118
2020-02-05,port883,Paradip,India,IND,1,1,78244,0
2020-02-06,port1367,Visakhapatnam,India,IND,1,3,0,42793
2020-02-06,port2299,Gopalpur,India,IND,1,1,22395,22579
2020-02-06,port290,Dhamra Port,India,IND,1,1,158546,0
2020-02-06,port442,Haldia,India,IND,2,6,49162,3059
2020-02-06,port883,Paradip,India,IND,2,3,55105,0
2020-02-07,port1367,Visakhapatnam,India,IND,0,3,0,0
2020-02-07,port2299,Gopalpur,India,IND,0,0,0,0
2020-02-07,port290,Dhamra Port,India,IND,1,1,79504,0
2020-02-07,port442,Haldia,India,IND,4,6,153779,3059
2020-02-07,port883,Paradip,India,IND,2,2,53250,76562
2020-02-08,port1367,Visakhapatnam,India,IND,0,0,0,0
2020-02-08,port2299,Gopalpur,India,IND,0,0,0,0
2020-02-08,port290,Dhamra Port,India,IND,0,0,0,0
2020-02-08,port442,Haldia,India,IND,1,4,21516,0
2020-02-08,port883,Paradip,India,IND,2,3,20323,60176
2020-02-09,port1367,Visakhapatnam,India,IND,1,1,0,54308
2020-02-09,port2299,Gopalpur,India,IND,0,0,0,0
2020-02-09,port290,Dhamra Port,India,IND,2,2,150772,19184
2020-02-09,port442,Haldia,India,IND,1,3,0,0
2020-02-09,port883,Paradip,India,IND,1,1,20323,30268
2020-02-10,port1367,Visakhapatnam,India,IND,0,0,0,0
2020-02-10,port2299,Gopalpur,India,IND,1,1,22395,22579
2020-02-10,port290,Dhamra Port,India,IND,1,1,0,46923
2020-02-10,port442,Haldia,India,IND,4,5,66704,0
2020-02-10,port883,Paradip,India,IND,4,5,33199,208126
2020-02-11,port1367,Visakhapatnam,India,IND,4,7,55542,70876
2020-02-11,port2299,Gopalpur,India,IND,0,0,0,0
2020-02-11,port290,Dhamra Port,India,IND,0,0,0,0
2020-02-11,port442,Haldia,India,IND,2,4,78551,0
2020-02-11,port883,Paradip,India,IND,2,2,79461,54499
2020-02-12,port1367,Visakhapatnam,India,IND,4,7,115529,0
2020-02-12,port2299,Gopalpur,India,IND,0,0,0,0
2020-02-12,port290,Dhamra Port,India,IND,1,1,78499,0
2020-02-12,port442,Haldia,India,IND,4,6,76954,33939
2020-02-12,port883,Paradip,India,IND,3,3,75759,90834
2020-02-13,port1367,Visakhapatnam,India,IND,5,8,190298,110923
2020-02-13,port2299,Gopalpur,India,IND,0,0,0,0
2020-02-13,port290,Dhamra Port,India,IND,1,1,41491,19184
2020-02-13,port442,Haldia,India,IND,3,6,113420,0
2020-02-13,port883,Paradip,India,IND,2,3,20323,101226
2020-02-14,port1367,Visakhapatnam,India,IND,2,5,75238,0
2020-02-14,port2299,Gopalpur,India,IND,2,2,44791,45159
2020-02-14,port290,Dhamra Port,India,IND,1,1,41491,19184
2020-02-14,port442,Haldia,India,IND,4,5,23295,5117
2020-02-14,port883,Paradip,India,IND,2,3,79153,71054
2020-02-15,port1367,Visakhapatnam,India,IND,7,8,69917,125282
2020-02-15,port2299,Gopalpur,India,IND,0,0,0,0
2020-02-15,port290,Dhamra Port,India,IND,1,1,0,30694
2020-02-15,port442,Haldia,India,IND,1,6,0,0
2020-02-15,port883,Paradip,India,IND,4,5,35543,97745
2020-02-16,port1367,Visakhapatnam,India,IND,6,7,261234,103513
2020-02-16,port2299,Gopalpur,India,IND,0,0,0,0
2020-02-16,port290,Dhamra Port,India,IND,0,0,0,0
2020-02-16,port442,Haldia,India,IND,4,6,180924,3059
2020-02-16,port883,Paradip,India,IND,3,4,86272,60537
2020-02-17,port1367,Visakhapatnam,India,IND,1,3,34294,15736
2020-02-17,port2299,Gopalpur,India,IND,1,1,0,54363
2020-02-17,port290,Dhamra Port,India,IND,1,2,41491,19184
2020-02-17,port442,Haldia,India,IND,5,7,147193,21917
2020-02-17,port883,Paradip,India,IND,1,1,20323,30268
2020-02-18,port1367,Visakhapatnam,India,IND,3,4,107953,76184
2020-02-18,port2299,Gopalpur,India,IND,1,1,53220,0
2020-02-18,port290,Dhamra Port,India,IND,1,1,41491,19184
2020-02-18,port442,Haldia,India,IND,3,4,43421,54266
2020-02-18,port883,Paradip,India,IND,3,4,20323,135810
2020-02-19,port1367,Visakhapatnam,India,IND,3,6,102883,47210
2020-02-19,port2299,Gopalpur,India,IND,0,0,0,0
2020-02-19,port290,Dhamra Port,India,IND,2,2,41491,48466
2020-02-19,port442,Haldia,India,IND,1,6,0,0
2020-02-19,port883,Paradip,India,IND,1,3,31213,0
2020-02-20,port1367,Visakhapatnam,India,IND,6,8,139031,100171
2020-02-20,port2299,Gopalpur,India,IND,1,1,77439,0
2020-02-20,port290,Dhamra Port,India,IND,1,1,41491,19184
2020-02-20,port442,Haldia,India,IND,5,9,50290,142600
2020-02-20,port883,Paradip,India,IND,1,1,0,63550
2020-02-21,port1367,Visakhapatnam,India,IND,4,6,33525,122738
2020-02-21,port2299,Gopalpur,India,IND,0,0,0,0
2020-02-21,port290,Dhamra Port,India,IND,1,1,79198,0
2020-02-21,port442,Haldia,India,IND,0,1,0,0
2020-02-21,port883,Paradip,India,IND,4,4,119908,30268
2020-02-22,port1367,Visakhapatnam,India,IND,1,5,34294,15736
2020-02-22,port2299,Gopalpur,India,IND,0,0,0,0
2020-02-22,port290,Dhamra Port,India,IND,0,0,0,0
2020-02-22,port442,Haldia,India,IND,2,7,23295,3059
2020-02-22,port883,Paradip,India,IND,6,6,131567,144016
2020-02-23,port1367,Visakhapatnam,India,IND,2,6,68588,31473
2020-02-23,port2299,Gopalpur,India,IND,0,0,0,0
2020-02-23,port290,Dhamra Port,India,IND,2,3,41491,62618
2020-02-23,port442,Haldia,India,IND,4,9,89096,3059
2020-02-23,port883,Paradip,India,IND,2,3,96337,30268
2020-02-24,port1367,Visakhapatnam,India,IND,1,2,76040,0
2020-02-24,port2299,Gopalpur,India,IND,0,0,0,0
2020-02-24,port290,Dhamra Port,India,IND,0,0,0,0
2020-02-24,port442,Haldia,India,IND,5,7,143003,11097
2020-02-24,port883,Paradip,India,IND,4,4,53046,84763
2020-02-25,port1367,Visakhapatnam,India,IND,1,1,34294,15736
2020-02-25,port2299,Gopalpur,India,IND,0,0,0,0
2020-02-25,port290,Dhamra Port,India,IND,1,1,41491,19184
2020-02-25,port442,Haldia,India,IND,2,2,23295,3269
2020-02-25,port883,Paradip,India,IND,3,3,62479,86035
2020-02-26,port1367,Visakhapatnam,India,IND,8,12,140736,235334
2020-02-26,port2299,Gopalpur,India,IND,0,0,0,0
2020-02-26,port290,Dhamra Port,India,IND,0,0,0,0
2020-02-26,port442,Haldia,India,IND,2,4,0,0
2020-02-26,port883,Paradip,India,IND,2,2,72937,60666
2020-02-27,port1367,Visakhapatnam,India,IND,3,5,236505,31473
2020-02-27,port2299,Gopalpur,India,IND,0,0,0,0
2020-02-27,port290,Dhamra Port,India,IND,0,0,0,0
2020-02-27,port442,Haldia,India,IND,3,4,130710,0
2020-02-27,port883,Paradip,India,IND,5,5,98092,186909
2020-02-28,port1367,Visakhapatnam,India,IND,6,8,69146,84923
2020-02-28,port2299,Gopalpur,India,IND,0,0,0,0
2020-02-28,port290,Dhamra Port,India,IND,1,1,41491,19184
2020-02-28,port442,Haldia,India,IND,3,4,61509,0
2020-02-28,port883,Paradip,India,IND,2,2,117661,0
2020-02-29,port1367,Visakhapatnam,India,IND,5,8,145165,115498
2020-02-29,port2299,Gopalpur,India,IND,0,0,0,0
2020-02-29,port290,Dhamra Port,India,IND,1,1,41491,19184
2020-02-29,port442,Haldia,India,IND,4,7,101918,3059
2020-02-29,port883,Paradip,India,IND,0,1,0,0
2020-03-01,port1367,Visakhapatnam,India,IND,1,4,0,20461
2020-03-01,port2299,Gopalpur,India,IND,0,0,0,0
2020-03-01,port290,Dhamra Port,India,IND,1,1,41491,19184
2020-03-01,port442,Haldia,India,IND,3,7,151429,0
2020-03-01,port883,Paradip,India,IND,1,1,0,0
2020-03-02,port1367,Visakhapatnam,India,IND,9,16,270340,152675
2020-03-02,port2299,Gopalpur,India,IND,0,0,0,0
2020-03-02,port290,Dhamra Port,India,IND,1,1,0,54158
2020-03-02,port442,Haldia,India,IND,4,4,150338,9178
2020-03-02,port883,Paradip,India,IND,3,5,40646,80150
2020-03-03,port1367,Visakhapatnam,India,IND,3,5,109862,51195
2020-03-03,port2299,Gopalpur,India,IND,1,1,24191,0
2020-03-03,port290,Dhamra Port,India,IND,1,1,41491,19184
2020-03-03,port442,Haldia,India,IND,2,3,52650,0
2020-03-03,port883,Paradip,India,IND,2,2,44062,71664
2020-03-04,port1367,Visakhapatnam,India,IND,2,7,101328,50052
2020-03-04,port2299,Gopalpur,India,IND,0,0,0,0
2020-03-04,port290,Dhamra Port,India,IND,0,0,0,0
2020-03-04,port442,Haldia,India,IND,2,2,0,0
2020-03-04,port883,Paradip,India,IND,2,2,54606,53551
2020-03-05,port1367,Visakhapatnam,India,IND,8,12,196544,138644
2020-03-05,port2299,Gopalpur,India,IND,0,0,0,0
2020-03-05,port290,Dhamra Port,India,IND,0,0,0,0
2020-03-05,port442,Haldia,India,IND,4,6,79875,6118
2020-03-05,port883,Paradip,India,IND,2,4,29344,71054
2020-03-06,port1367,Visakhapatnam,India,IND,2,8,112993,15736
2020-03-06,port2299,Gopalpur,India,IND,1,1,22395,22579
2020-03-06,port290,Dhamra Port,India,IND,1,1,22649,0
2020-03-06,port442,Haldia,India,IND,4,7,23295,70397
2020-03-06,port883,Paradip,India,IND,4,4,101503,60537
2020-03-07,port1367,Visakhapatnam,India,IND,6,7,203302,0
2020-03-07,port2299,Gopalpur,India,IND,1,1,0,0
2020-03-07,port290,Dhamra Port,India,IND,1,1,41491,19184
2020-03-07,port442,Haldia,India,IND,6,7,234659,9178
2020-03-07,port883,Paradip,India,IND,3,3,81367,75368
2020-03-08,port1367,Visakhapatnam,India,IND,1,3,0,31950
2020-03-08,port2299,Gopalpur,India,IND,1,1,22395,22579
2020-03-08,port290,Dhamra Port,India,IND,0,0,0,0
2020-03-08,port442,Haldia,India,IND,2,5,151381,0
2020-03-08,port883,Paradip,India,IND,4,4,60969,166711
2020-03-09,port1367,Visakhapatnam,India,IND,3,5,130614,0
2020-03-09,port2299,Gopalpur,India,IND,0,0,0,0
2020-03-09,port290,Dhamra Port,India,IND,2,2,82983,38369
2020-03-09,port442,Haldia,India,IND,3,4,23295,23013
2020-03-09,port883,Paradip,India,IND,4,5,119667,116159
2020-03-10,port1367,Visakhapatnam,India,IND,6,6,425478,87500
2020-03-10,port2299,Gopalpur,India,IND,2,2,71476,53658
2020-03-10,port290,Dhamra Port,India,IND,1,1,0,3514
2020-03-10,port442,Haldia,India,IND,4,5,30790,24350
2020-03-10,port883,Paradip,India,IND,2,3,78277,77604
2020-03-11,port1367,Visakhapatnam,India,IND,4,6,87218,97226
2020-03-11,port2299,Gopalpur,India,IND,0,0,0,0
2020-03-11,port290,Dhamra Port,India,IND,1,1,6049,0
2020-03-11,port442,Haldia,India,IND,3,4,125915,6118
2020-03-11,port883,Paradip,India,IND,2,3,40646,60537
2020-03-12,port1367,Visakhapatnam,India,IND,5,8,158585,85992
2020-03-12,port2299,Gopalpur,India,IND,1,1,0,0
2020-03-12,port290,Dhamra Port,India,IND,0,0,0,0
2020-03-12,port442,Haldia,India,IND,2,6,23295,3059
2020-03-12,port883,Paradip,India,IND,0,0,0,0
2020-03-13,port1367,Visakhapatnam,India,IND,5,11,351096,0
2020-03-13,port2299,Gopalpur,India,IND,1,1,22395,22579
2020-03-13,port290,Dhamra Port,India,IND,1,1,166468,0
2020-03-13,port442,Haldia,India,IND,2,3,30611,0
2020-03-13,port883,Paradip,India,IND,3,3,21506,101932
2020-03-14,port1367,Visakhapatnam,India,IND,2,6,163646,50533
2020-03-14,port2299,Gopalpur,India,IND,0,0,0,0
2020-03-14,port290,Dhamra Port,India,IND,0,0,0,0
2020-03-14,port442,Haldia,India,IND,1,2,0,0
2020-03-14,port883,Paradip,India,IND,0,0,0,0
2020-03-15,port1367,Visakhapatnam,India,IND,2,2,0,149875
2020-03-15,port2299,Gopalpur,India,IND,1,1,0,61010
2020-03-15,port290,Dhamra Port,India,IND,1,1,54430,0
2020-03-15,port442,Haldia,India,IND,4,8,149825,0
2020-03-15,port883,Paradip,India,IND,3,3,20323,148577
2020-03-16,port1367,Visakhapatnam,India,IND,3,6,60447,62549
2020-03-16,port2299,Gopalpur,India,IND,0,0,0,0
2020-03-16,port290,Dhamra Port,India,IND,3,3,259376,19184
2020-03-16,port442,Haldia,India,IND,0,2,0,0
2020-03-16,port883,Paradip,India,IND,4,4,93100,89851
2020-03-17,port1367,Visakhapatnam,India,IND,4,9,112036,68062
2020-03-17,port2299,Gopalpur,India,IND,0,0,0,0
2020-03-17,port290,Dhamra Port,India,IND,0,0,0,0
2020-03-17,port442,Haldia,India,IND,5,9,48663,3059
2020-03-17,port883,Paradip,India,IND,2,2,24892,29125
2020-03-18,port1367,Visakhapatnam,India,IND,2,4,165255,54827
2020-03-18,port2299,Gopalpur,India,IND,1,1,53315,0
2020-03-18,port290,Dhamra Port,India,IND,2,2,41491,50951
2020-03-18,port442,Haldia,India,IND,1,1,79261,0
2020-03-18,port883,Paradip,India,IND,4,5,137490,79890
2020-03-19,port1367,Visakhapatnam,India,IND,6,9,83188,217405
2020-03-19,port2299,Gopalpur,India,IND,0,0,0,0
2020-03-19,port290,Dhamra Port,India,IND,0,0,0,0
2020-03-19,port442,Haldia,India,IND,3,5,23295,3059
2020-03-19,port883,Paradip,India,IND,3,3,0,50795
2020-03-20,port1367,Visakhapatnam,India,IND,2,5,107324,15736
2020-03-20,port2299,Gopalpur,India,IND,2,2,22395,73375
2020-03-20,port290,Dhamra Port,India,IND,1,1,41491,19184
2020-03-20,port442,Haldia,India,IND,2,6,79225,1446
2020-03-20,port883,Paradip,India,IND,1,2,0,10821
2020-03-21,port1367,Visakhapatnam,India,IND,2,4,60671,53646
2020-03-21,port2299,Gopalpur,India,IND,0,0,0,0
2020-03-21,port290,Dhamra Port,India,IND,0,1,0,0
2020-03-21,port442,Haldia,India,IND,3,5,54237,0
2020-03-21,port883,Paradip,India,IND,1,1,20323,30268
2020-03-22,port1367,Visakhapatnam,India,IND,3,6,166707,108002
2020-03-22,port2299,Gopalpur,India,IND,0,0,0,0
2020-03-22,port290,Dhamra Port,India,IND,1,1,0,21273
2020-03-22,port442,Haldia,India,IND,1,3,78514,0
2020-03-22,port883,Paradip,India,IND,0,1,0,0
2020-03-23,port1367,Visakhapatnam,India,IND,6,8,214152,136643
2020-03-23,port2299,Gopalpur,India,IND,1,1,11538,0
2020-03-23,port290,Dhamra Port,India,IND,1,1,0,49878
2020-03-23,port442,Haldia,India,IND,2,2,79532,0
2020-03-23,port883,Paradip,India,IND,4,4,112310,131615
2020-03-24,port1367,Visakhapatnam,India,IND,2,2,96570,0
2020-03-24,port2299,Gopalpur,India,IND,2,2,84977,0
2020-03-24,port290,Dhamra Port,India,IND,1,1,0,53869
2020-03-24,port442,Haldia,India,IND,1,5,23295,3059
2020-03-24,port883,Paradip,India,IND,1,1,0,60473
2020-03-25,port1367,Visakhapatnam,India,IND,5,8,334867,15736
2020-03-25,port2299,Gopalpur,India,IND,0,0,0,0
2020-03-25,port290,Dhamra Port,India,IND,0,0,0,0
2020-03-25,port442,Haldia,India,IND,1,3,54375,0
2020-03-25,port883,Paradip,India,IND,1,2,20323,30268
2020-03-26,port1367,Visakhapatnam,India,IND,3,7,120176,15736
2020-03-26,port2299,Gopalpur,India,IND,0,0,0,0
2020-03-26,port290,Dhamra Port,India,IND,2,2,41491,19184
2020-03-26,port442,Haldia,India,IND,3,7,0,0
2020-03-26,port883,Paradip,India,IND,4,4,193494,0
2020-03-27,port1367,Visakhapatnam,India,IND,2,2,44741,15736
2020-03-27,port2299,Gopalpur,India,IND,1,1,0,49620
2020-03-27,port290,Dhamra Port,India,IND,2,2,78349,43992
2020-03-27,port442,Haldia,India,IND,0,4,0,0
2020-03-27,port883,Paradip,India,IND,4,4,96639,159386
2020-03-28,port1367,Visakhapatnam,India,IND,2,5,84298,15736
2020-03-28,port2299,Gopalpur,India,IND,0,0,0,0
2020-03-28,port290,Dhamra Port,India,IND,0,0,0,0
2020-03-28,port442,Haldia,India,IND,1,1,0,26532
2020-03-28,port883,Paradip,India,IND,2,2,40646,60537
2020-03-29,port1367,Visakhapatnam,India,IND,2,3,72326,51272
2020-03-29,port2299,Gopalpur,India,IND,1,1,54482,0
2020-03-29,port290,Dhamra Port,India,IND,0,0,0,0
2020-03-29,port442,Haldia,India,IND,1,1,36277,0
2020-03-29,port883,Paradip,India,IND,0,0,0,0
2020-03-30,port1367,Visakhapatnam,India,IND,5,8,102903,112597
2020-03-30,port2299,Gopalpur,India,IND,1,1,22395,22579
2020-03-30,port290,Dhamra Port,India,IND,1,1,0,37424
2020-03-30,port442,Haldia,India,IND,1,4,0,50135
2020-03-30,port883,Paradip,India,IND,2,3,0,91224
2020-03-31,port1367,Visakhapatnam,India,IND,5,7,310890,68640
2020-03-31,port2299,Gopalpur,India,IND,0,0,0,0
2020-03-31,port290,Dhamra Port,India,IND,3,3,198029,19184
2020-03-31,port442,Haldia,India,IND,2,4,23295,3059
2020-03-31,port883,Paradip,India,IND,5,5,51299,61885
2020-04-01,port1367,Visakhapatnam,India,IND,1,4,34294,15736
2020-04-01,port2299,Gopalpur,India,IND,0,0,0,0
2020-04-01,port290,Dhamra Port,India,IND,0,0,0,0
2020-04-01,port442,Haldia,India,IND,2,5,29089,0
2020-04-01,port883,Paradip,India,IND,4,5,93646,115124
2020-04-02,port1367,Visakhapatnam,India,IND,3,4,88668,15736
2020-04-02,port2299,Gopalpur,India,IND,0,0,0,0
2020-04-02,port290,Dhamra Port,India,IND,1,1,0,53842
2020-04-02,port442,Haldia,India,IND,0,0,0,0
2020-04-02,port883,Paradip,India,IND,3,3,91730,29234
2020-04-03,port1367,Visakhapatnam,India,IND,3,5,52540,61325
2020-04-03,port2299,Gopalpur,India,IND,0,0,0,0
2020-04-03,port290,Dhamra Port,India,IND,0,0,0,0
2020-04-03,port442,Haldia,India,IND,2,3,0,37857
2020-04-03,port883,Paradip,India,IND,1,1,48645,0
2020-04-04,port1367,Visakhapatnam,India,IND,1,3,11342,0
2020-04-04,port2299,Gopalpur,India,IND,1,1,0,49841
2020-04-04,port290,Dhamra Port,India,IND,2,2,0,50427
2020-04-04,port442,Haldia,India,IND,0,0,0,0
2020-04-04,port883,Paradip,India,IND,2,2,20323,84809
2020-04-05,port1367,Visakhapatnam,India,IND,3,6,35544,70331
2020-04-05,port2299,Gopalpur,India,IND,0,0,0,0
2020-04-05,port290,Dhamra Port,India,IND,2,2,153139,0
2020-04-05,port442,Haldia,India,IND,0,6,0,0
2020-04-05,port883,Paradip,India,IND,2,2,92290,30268
2020-04-06,port1367,Visakhapatnam,India,IND,2,5,122157,0
2020-04-06,port2299,Gopalpur,India,IND,0,0,0,0
2020-04-06,port290,Dhamra Port,India,IND,3,3,120326,72409
2020-04-06,port442,Haldia,India,IND,1,4,0,0
2020-04-06,port883,Paradip,India,IND,2,3,54138,53222
2020-04-07,port1367,Visakhapatnam,India,IND,0,1,0,0
2020-04-07,port2299,Gopalpur,India,IND,0,0,0,0
2020-04-07,port290,Dhamra Port,India,IND,0,0,0,0
2020-04-07,port442,Haldia,India,IND,1,1,0,0
2020-04-07,port883,Paradip,India,IND,0,1,0,0
2020-04-08,port1367,Visakhapatnam,India,IND,5,6,332677,8499
2020-04-08,port2299,Gopalpur,India,IND,0,0,0,0
2020-04-08,port290,Dhamra Port,India,IND,0,0,0,0
2020-04-08,port442,Haldia,India,IND,0,2,0,0
2020-04-08,port883,Paradip,India,IND,2,2,98903,30268
2020-04-09,port1367,Visakhapatnam,India,IND,5,9,93430,32665
2020-04-09,port2299,Gopalpur,India,IND,1,1,22395,22579
2020-04-09,port290,Dhamra Port,India,IND,2,2,156675,0
2020-04-09,port442,Haldia,India,IND,2,3,46591,6118
2020-04-09,port883,Paradip,India,IND,1,1,0,25891
2020-04-10,port1367,Visakhapatnam,India,IND,3,6,206067,0
2020-04-10,port2299,Gopalpur,India,IND,0,0,0,0
2020-04-10,port290,Dhamra Port,India,IND,0,0,0,0
2020-04-10,port442,Haldia,India,IND,2,3,0,0
2020-04-10,port883,Paradip,India,IND,3,3,108569,53162
2020-04-11,port1367,Visakhapatnam,India,IND,1,3,158035,0
2020-04-11,port2299,Gopalpur,India,IND,0,0,0,0
2020-04-11,port290,Dhamra Port,India,IND,1,1,78922,0
2020-04-11,port442,Haldia,India,IND,1,4,29303,0
2020-04-11,port883,Paradip,India,IND,2,2,78447,0
2020-04-12,port1367,Visakhapatnam,India,IND,2,4,79512,15736
2020-04-12,port2299,Gopalpur,India,IND,0,0,0,0
2020-04-12,port290,Dhamra Port,India,IND,1,1,54475,0
2020-04-12,port442,Haldia,India,IND,1,5,0,0
2020-04-12,port883,Paradip,India,IND,4,4,96171,85086
2020-04-13,port1367,Visakhapatnam,India,IND,3,6,89046,21026
2020-04-13,port2299,Gopalpur,India,IND,1,1,22395,22579
2020-04-13,port290,Dhamra Port,India,IND,1,1,78898,0
2020-04-13,port442,Haldia,India,IND,3,4,23295,40247
2020-04-13,port883,Paradip,India,IND,7,7,207098,191183
2020-04-14,port1367,Visakhapatnam,India,IND,1,2,0,1384
2020-04-14,port2299,Gopalpur,India,IND,0,0,0,0
2020-04-14,port290,Dhamra Port,India,IND,1,1,41491,19184
2020-04-14,port442,Haldia,India,IND,0,1,0,0
2020-04-14,port883,Paradip,India,IND,2,2,75047,30268
2020-04-15,port1367,Visakhapatnam,India,IND,2,2,72301,56317
2020-04-15,port2299,Gopalpur,India,IND,0,0,0,0
2020-04-15,port290,Dhamra Port,India,IND,0,0,0,0
2020-04-15,port442,Haldia,India,IND,1,2,0,0
2020-04-15,port883,Paradip,India,IND,2,2,20323,101932
2020-04-16,port1367,Visakhapatnam,India,IND,2,2,34792,51195
2020-04-16,port2299,Gopalpur,India,IND,0,0,0,0
2020-04-16,port290,Dhamra Port,India,IND,2,2,78806,51691
2020-04-16,port442,Haldia,India,IND,2,3,0,0
2020-04-16,port883,Paradip,India,IND,5,5,148634,134456
2020-04-17,port1367,Visakhapatnam,India,IND,4,5,112308,73024
2020-04-17,port2299,Gopalpur,India,IND,0,0,0,0
2020-04-17,port290,Dhamra Port,India,IND,2,2,118990,19184
2020-04-17,port442,Haldia,India,IND,2,3,535,0
2020-04-17,port883,Paradip,India,IND,1,2,20323,30268
2020-04-18,port1367,Visakhapatnam,India,IND,5,8,191880,35439
2020-04-18,port2299,Gopalpur,India,IND,0,0,0,0
2020-04-18,port290,Dhamra Port,India,IND,2,2,82983,38369
2020-04-18,port442,Haldia,India,IND,3,5,23295,3059
2020-04-18,port883,Paradip,India,IND,6,6,199507,155834
2020-04-19,port1367,Visakhapatnam,India,IND,2,4,87372,15736
2020-04-19,port2299,Gopalpur,India,IND,0,0,0,0
2020-04-19,port290,Dhamra Port,India,IND,1,1,0,0
2020-04-19,port442,Haldia,India,IND,2,4,39112,0
2020-04-19,port883,Paradip,India,IND,0,1,0,0
2020-04-20,port1367,Visakhapatnam,India,IND,4,5,156479,47210
2020-04-20,port2299,Gopalpur,India,IND,1,1,0,49624
2020-04-20,port290,Dhamra Port,India,IND,0,0,0,0
2020-04-20,port442,Haldia,India,IND,3,6,47992,3059
2020-04-20,port883,Paradip,India,IND,2,2,0,124619
2020-04-21,port1367,Visakhapatnam,India,IND,1,2,103483,0
2020-04-21,port2299,Gopalpur,India,IND,1,1,0,14417
2020-04-21,port290,Dhamra Port,India,IND,1,1,161505,0
2020-04-21,port442,Haldia,India,IND,3,3,0,51498
2020-04-21,port883,Paradip,India,IND,0,0,0,0
2020-04-22,port1367,Visakhapatnam,India,IND,3,4,88824,15736
2020-04-22,port2299,Gopalpur,India,IND,1,1,47256,0
2020-04-22,port290,Dhamra Port,India,IND,2,2,82983,38369
2020-04-22,port442,Haldia,India,IND,2,3,0,0
2020-04-22,port883,Paradip,India,IND,7,8,92115,279074
2020-04-23,port1367,Visakhapatnam,India,IND,4,5,102883,47210
2020-04-23,port2299,Gopalpur,India,IND,0,0,0,0
2020-04-23,port290,Dhamra Port,India,IND,1,1,41491,19184
2020-04-23,port442,Haldia,India,IND,0,2,0,0
2020-04-23,port883,Paradip,India,IND,3,4,62202,91059
2020-04-24,port1367,Visakhapatnam,India,IND,2,2,112804,15736
2020-04-24,port2299,Gopalpur,India,IND,0,0,0,0
2020-04-24,port290,Dhamra Port,India,IND,0,0,0,0
2020-04-24,port442,Haldia,India,IND,1,1,0,0
2020-04-24,port883,Paradip,India,IND,0,1,0,0
2020-04-25,port1367,Visakhapatnam,India,IND,1,1,27212,0
2020-04-25,port2299,Gopalpur,India,IND,0,0,0,0
2020-04-25,port290,Dhamra Port,India,IND,2,2,58380,23786
2020-04-25,port442,Haldia,India,IND,1,3,78903,0
2020-04-25,port883,Paradip,India,IND,5,5,61024,132515
2020-04-26,port1367,Visakhapatnam,India,IND,1,2,55227,0
2020-04-26,port2299,Gopalpur,India,IND,0,1,0,0
2020-04-26,port290,Dhamra Port,India,IND,1,1,41491,19184
2020-04-26,port442,Haldia,India,IND,2,3,20999,58948
2020-04-26,port883,Paradip,India,IND,2,2,55288,54724
2020-04-27,port1367,Visakhapatnam,India,IND,7,10,159177,59341
2020-04-27,port2299,Gopalpur,India,IND,0,0,0,0
2020-04-27,port290,Dhamra Port,India,IND,3,3,41491,92293
2020-04-27,port442,Haldia,India,IND,0,2,0,0
2020-04-27,port883,Paradip,India,IND,4,4,71273,126636
2020-04-28,port1367,Visakhapatnam,India,IND,4,8,106365,26980
2020-04-28,port2299,Gopalpur,India,IND,0,0,0,0
2020-04-28,port290,Dhamra Port,India,IND,1,1,41491,19184
2020-04-28,port442,Haldia,India,IND,5,7,121976,0
2020-04-28,port883,Paradip,India,IND,0,0,0,0
2020-04-29,port1367,Visakhapatnam,India,IND,4,8,50880,126954
2020-04-29,port2299,Gopalpur,India,IND,0,0,0,0
2020-04-29,port290,Dhamra Port,India,IND,0,0,0,0
2020-04-29,port442,Haldia,India,IND,0,2,0,0
2020-04-29,port883,Paradip,India,IND,3,3,20323,136782
2020-04-30,port1367,Visakhapatnam,India,IND,0,0,0,0
2020-04-30,port2299,Gopalpur,India,IND,0,0,0,0
2020-04-30,port290,Dhamra Port,India,IND,2,2,41491,67624
2020-04-30,port442,Haldia,India,IND,2,4,0,0
2020-04-30,port883,Paradip,India,IND,2,2,42546,30268
2020-05-01,port1367,Visakhapatnam,India,IND,3,5,34294,115047
2020-05-01,port2299,Gopalpur,India,IND,0,0,0,0
2020-05-01,port290,Dhamra Port,India,IND,0,0,0,0
2020-05-01,port442,Haldia,India,IND,1,2,23295,3059
2020-05-01,port883,Paradip,India,IND,1,1,389,0
2020-05-02,port1367,Visakhapatnam,India,IND,7,9,297854,117576
2020-05-02,port2299,Gopalpur,India,IND,0,1,0,0
2020-05-02,port290,Dhamra Port,India,IND,1,1,41491,19184
2020-05-02,port442,Haldia,India,IND,1,2,0,546
2020-05-02,port883,Paradip,India,IND,3,4,76114,30268
2020-05-03,port1367,Visakhapatnam,India,IND,1,4,34294,15736
2020-05-03,port2299,Gopalpur,India,IND,0,0,0,0
2020-05-03,port290,Dhamra Port,India,IND,1,1,79449,0
2020-05-03,port442,Haldia,India,IND,5,6,83053,3059
2020-05-03,port883,Paradip,India,IND,5,5,106340,143061
2020-05-04,port1367,Visakhapatnam,India,IND,3,5,113306,63422
2020-05-04,port2299,Gopalpur,India,IND,0,0,0,0
2020-05-04,port290,Dhamra Port,India,IND,1,1,0,20637
2020-05-04,port442,Haldia,India,IND,3,4,134846,3059
2020-05-04,port883,Paradip,India,IND,3,3,20323,140907
2020-05-05,port1367,Visakhapatnam,India,IND,1,2,0,73160
2020-05-05,port2299,Gopalpur,India,IND,1,1,22395,22579
2020-05-05,port290,Dhamra Port,India,IND,0,0,0,0
2020-05-05,port442,Haldia,India,IND,2,3,76881,19741
2020-05-05,port883,Paradip,India,IND,5,5,72568,191848
2020-05-06,port1367,Visakhapatnam,India,IND,1,1,0,55455
2020-05-06,port2299,Gopalpur,India,IND,0,0,0,0
2020-05-06,port290,Dhamra Port,India,IND,1,1,78100,0
2020-05-06,port442,Haldia,India,IND,1,1,0,26016
2020-05-06,port883,Paradip,India,IND,1,1,0,71664
2020-05-07,port1367,Visakhapatnam,India,IND,3,4,0,117153
2020-05-07,port2299,Gopalpur,India,IND,0,0,0,0
2020-05-07,port290,Dhamra Port,India,IND,1,1,0,53123
2020-05-07,port442,Haldia,India,IND,3,4,61873,21658
2020-05-07,port883,Paradip,India,IND,1,1,0,50097
2020-05-08,port1367,Visakhapatnam,India,IND,7,11,171148,170778
2020-05-08,port2299,Gopalpur,India,IND,0,0,0,0
2020-05-08,port290,Dhamra Port,India,IND,3,3,41491,61474
2020-05-08,port442,Haldia,India,IND,4,6,102490,24696
2020-05-08,port883,Paradip,India,IND,2,3,70953,33199
2020-05-09,port1367,Visakhapatnam,India,IND,2,5,68588,31473
2020-05-09,port2299,Gopalpur,India,IND,1,1,0,53228
2020-05-09,port290,Dhamra Port,India,IND,1,1,835,0
2020-05-09,port442,Haldia,India,IND,3,7,24245,25309
2020-05-09,port883,Paradip,India,IND,5,5,23231,119783
2020-05-10,port1367,Visakhapatnam,India,IND,1,2,79187,0
2020-05-10,port2299,Gopalpur,India,IND,0,0,0,0
2020-05-10,port290,Dhamra Port,India,IND,1,1,103540,0
2020-05-10,port442,Haldia,India,IND,3,4,0,27076
2020-05-10,port883,Paradip,India,IND,3,3,74968,47688
2020-05-11,port1367,Visakhapatnam,India,IND,4,4,80489,107596
2020-05-11,port2299,Gopalpur,India,IND,0,0,0,0
2020-05-11,port290,Dhamra Port,India,IND,2,2,0,77341
2020-05-11,port442,Haldia,India,IND,1,7,0,0
2020-05-11,port883,Paradip,India,IND,3,3,20323,106245
2020-05-12,port1367,Visakhapatnam,India,IND,5,8,179630,99546
2020-05-12,port2299,Gopalpur,India,IND,0,0,0,0
2020-05-12,port290,Dhamra Port,India,IND,2,2,105315,0
2020-05-12,port442,Haldia,India,IND,1,3,0,0
2020-05-12,port883,Paradip,India,IND,3,3,0,71819
2020-05-13,port1367,Visakhapatnam,India,IND,3,7,144917,15736
2020-05-13,port2299,Gopalpur,India,IND,0,0,0,0
2020-05-13,port290,Dhamra Port,India,IND,0,0,0,0
2020-05-13,port442,Haldia,India,IND,2,2,23295,3059
2020-05-13,port883,Paradip,India,IND,0,1,0,0
2020-05-14,port1367,Visakhapatnam,India,IND,4,5,133093,30892
2020-05-14,port2299,Gopalpur,India,IND,0,0,0,0
2020-05-14,port290,Dhamra Port,India,IND,0,0,0,0
2020-05-14,port442,Haldia,India,IND,2,3,23295,3059
2020-05-14,port883,Paradip,India,IND,2,2,20323,84582
2020-05-15,port1367,Visakhapatnam,India,IND,3,6,113562,44427
2020-05-15,port2299,Gopalpur,India,IND,1,1,0,49786
2020-05-15,port290,Dhamra Port,India,IND,1,1,0,30437
2020-05-15,port442,Haldia,India,IND,2,2,23295,7802
2020-05-15,port883,Paradip,India,IND,3,3,20323,113948
2020-05-16,port1367,Visakhapatnam,India,IND,6,8,204655,47512
2020-05-16,port2299,Gopalpur,India,IND,1,1,0,55344
2020-05-16,port290,Dhamra Port,India,IND,2,2,0,51216
2020-05-16,port442,Haldia,India,IND,4,4,0,80434
2020-05-16,port883,Paradip,India,IND,2,3,73275,75368
2020-05-17,port1367,Visakhapatnam,India,IND,2,5,12087,15621
2020-05-17,port2299,Gopalpur,India,IND,0,0,0,0
2020-05-17,port290,Dhamra Port,India,IND,1,1,41491,19184
2020-05-17,port442,Haldia,India,IND,2,3,0,54494
2020-05-17,port883,Paradip,India,IND,6,7,99178,138800
2020-05-18,port1367,Visakhapatnam,India,IND,3,5,70724,104169
2020-05-18,port2299,Gopalpur,India,IND,0,0,0,0
2020-05-18,port290,Dhamra Port,India,IND,0,0,0,0
2020-05-18,port442,Haldia,India,IND,1,4,23295,3059
2020-05-18,port883,Paradip,India,IND,0,0,0,0
2020-05-19,port1367,Visakhapatnam,India,IND,1,1,0,59055
2020-05-19,port2299,Gopalpur,India,IND,0,0,0,0
2020-05-19,port290,Dhamra Port,India,IND,0,0,0,0
2020-05-19,port442,Haldia,India,IND,2,3,26246,0
2020-05-19,port883,Paradip,India,IND,0,0,0,0
2020-05-20,port1367,Visakhapatnam,India,IND,8,10,303298,125504
2020-05-20,port2299,Gopalpur,India,IND,0,0,0,0
2020-05-20,port290,Dhamra Port,India,IND,0,0,0,0
2020-05-20,port442,Haldia,India,IND,0,0,0,0
2020-05-20,port883,Paradip,India,IND,0,0,0,0
2020-05-21,port1367,Visakhapatnam,India,IND,4,5,80638,101813
2020-05-21,port2299,Gopalpur,India,IND,1,2,0,21475
2020-05-21,port290,Dhamra Port,India,IND,2,2,78986,54406
2020-05-21,port442,Haldia,India,IND,0,0,0,0
2020-05-21,port883,Paradip,India,IND,7,7,62513,146321
2020-05-22,port1367,Visakhapatnam,India,IND,3,5,144672,31473
2020-05-22,port2299,Gopalpur,India,IND,0,0,0,0
2020-05-22,port290,Dhamra Port,India,IND,1,1,22654,0
2020-05-22,port442,Haldia,India,IND,1,1,0,23467
2020-05-22,port883,Paradip,India,IND,2,3,43871,54489
2020-05-23,port1367,Visakhapatnam,India,IND,1,2,0,4006
2020-05-23,port2299,Gopalpur,India,IND,0,0,0,0
2020-05-23,port290,Dhamra Port,India,IND,1,1,53398,0
2020-05-23,port442,Haldia,India,IND,5,7,23295,57370
2020-05-23,port883,Paradip,India,IND,3,3,20323,143586
2020-05-24,port1367,Visakhapatnam,India,IND,1,3,35992,0
2020-05-24,port2299,Gopalpur,India,IND,0,0,0,0
2020-05-24,port290,Dhamra Port,India,IND,2,2,0,89601
2020-05-24,port442,Haldia,India,IND,0,3,0,0
2020-05-24,port883,Paradip,India,IND,2,2,0,104207
2020-05-25,port1367,Visakhapatnam,India,IND,3,3,0,138036
2020-05-25,port2299,Gopalpur,India,IND,0,1,0,0
2020-05-25,port290,Dhamra Port,India,IND,1,1,77215,0
2020-05-25,port442,Haldia,India,IND,4,4,71724,6118
2020-05-25,port883,Paradip,India,IND,1,3,20323,30268
2020-05-26,port1367,Visakhapatnam,India,IND,1,4,77786,0
2020-05-26,port2299,Gopalpur,India,IND,1,1,22395,22579
2020-05-26,port290,Dhamra Port,India,IND,1,1,0,0
2020-05-26,port442,Haldia,India,IND,2,4,32871,0
2020-05-26,port883,Paradip,India,IND,2,2,20323,60475
2020-05-27,port1367,Visakhapatnam,India,IND,4,7,98914,51205
2020-05-27,port2299,Gopalpur,India,IND,1,1,0,26092
2020-05-27,port290,Dhamra Port,India,IND,1,1,79851,0
2020-05-27,port442,Haldia,India,IND,2,3,0,22653
2020-05-27,port883,Paradip,India,IND,4,4,108728,72312
2020-05-28,port1367,Visakhapatnam,India,IND,5,6,202978,25879
2020-05-28,port2299,Gopalpur,India,IND,0,0,0,0
2020-05-28,port290,Dhamra Port,India,IND,1,1,0,76853
2020-05-28,port442,Haldia,India,IND,3,4,38088,79364
2020-05-28,port883,Paradip,India,IND,5,6,835,116639
2020-05-29,port1367,Visakhapatnam,India,IND,2,4,54885,53089
2020-05-29,port2299,Gopalpur,India,IND,1,1,0,2862
2020-05-29,port290,Dhamra Port,India,IND,1,1,61718,0
2020-05-29,port442,Haldia,India,IND,0,4,0,0
2020-05-29,port883,Paradip,India,IND,0,3,0,0
2020-05-30,port1367,Visakhapatnam,India,IND,2,6,9287,75938
2020-05-30,port2299,Gopalpur,India,IND,1,1,0,48487
2020-05-30,port290,Dhamra Port,India,IND,2,2,41524,12352
2020-05-30,port442,Haldia,India,IND,3,5,23295,3059
2020-05-30,port883,Paradip,India,IND,4,4,107677,67880
2020-05-31,port1367,Visakhapatnam,India,IND,4,8,60964,119460
2020-05-31,port2299,Gopalpur,India,IND,1,1,0,0
2020-05-31,port290,Dhamra Port,India,IND,0,0,0,0
2020-05-31,port442,Haldia,India,IND,1,2,0,26267
2020-05-31,port883,Paradip,India,IND,3,3,53739,60998
2020-06-01,port1367,Visakhapatnam,India,IND,6,8,142203,107495
2020-06-01,port2299,Gopalpur,India,IND,1,1,0,68709
2020-06-01,port290,Dhamra Port,India,IND,0,0,0,0
2020-06-01,port442,Haldia,India,IND,2,4,23295,29708
2020-06-01,port883,Paradip,India,IND,3,3,20323,77013
2020-06-02,port1367,Visakhapatnam,India,IND,5,6,234136,71513
2020-06-02,port2299,Gopalpur,India,IND,0,0,0,0
2020-06-02,port290,Dhamra Port,India,IND,1,1,0,36609
2020-06-02,port442,Haldia,India,IND,2,3,23295,3059
2020-06-02,port883,Paradip,India,IND,6,7,208988,158920
2020-06-03,port1367,Visakhapatnam,India,IND,3,5,15853,80372
2020-06-03,port2299,Gopalpur,India,IND,0,0,0,0
2020-06-03,port290,Dhamra Port,India,IND,1,1,1149,0
2020-06-03,port442,Haldia,India,IND,1,6,0,6056
2020-06-03,port883,Paradip,India,IND,3,4,108086,51046
2020-06-04,port1367,Visakhapatnam,India,IND,3,5,51304,50888
2020-06-04,port2299,Gopalpur,India,IND,0,0,0,0
2020-06-04,port290,Dhamra Port,India,IND,1,1,41491,19184
2020-06-04,port442,Haldia,India,IND,3,3,46591,6118
2020-06-04,port883,Paradip,India,IND,1,1,0,55766
2020-06-05,port1367,Visakhapatnam,India,IND,5,7,0,150283
2020-06-05,port2299,Gopalpur,India,IND,0,0,0,0
2020-06-05,port290,Dhamra Port,India,IND,0,0,0,0
2020-06-05,port442,Haldia,India,IND,2,3,0,35390
2020-06-05,port883,Paradip,India,IND,7,7,54305,120552
2020-06-06,port1367,Visakhapatnam,India,IND,6,9,179875,72989
2020-06-06,port2299,Gopalpur,India,IND,1,1,22395,22579
2020-06-06,port290,Dhamra Port,India,IND,2,2,41491,67443
2020-06-06,port442,Haldia,India,IND,3,6,46944,6118
2020-06-06,port883,Paradip,India,IND,5,5,97105,113385
2020-06-07,port1367,Visakhapatnam,India,IND,4,7,99387,114909
2020-06-07,port2299,Gopalpur,India,IND,0,0,0,0
2020-06-07,port290,Dhamra Port,India,IND,1,1,0,37108
2020-06-07,port442,Haldia,India,IND,3,6,35714,31029
2020-06-07,port883,Paradip,India,IND,3,3,20323,129499
2020-06-08,port1367,Visakhapatnam,India,IND,5,5,215602,62947
2020-06-08,port2299,Gopalpur,India,IND,0,0,0,0
2020-06-08,port290,Dhamra Port,India,IND,1,1,0,0
2020-06-08,port442,Haldia,India,IND,4,7,23295,53195
2020-06-08,port883,Paradip,India,IND,5,6,140250,110716
2020-06-09,port1367,Visakhapatnam,India,IND,0,0,0,0
2020-06-09,port2299,Gopalpur,India,IND,2,2,22395,72436
2020-06-09,port290,Dhamra Port,India,IND,1,1,41491,19184
2020-06-09,port442,Haldia,India,IND,2,7,46591,6118
2020-06-09,port883,Paradip,India,IND,4,5,40646,114612
2020-06-10,port1367,Visakhapatnam,India,IND,1,2,0,56054
2020-06-10,port2299,Gopalpur,India,IND,0,0,0,0
2020-06-10,port290,Dhamra Port,India,IND,2,2,41491,71673
2020-06-10,port442,Haldia,India,IND,3,6,0,29305
2020-06-10,port883,Paradip,India,IND,2,3,0,81365
2020-06-11,port1367,Visakhapatnam,India,IND,3,4,213758,86543
2020-06-11,port2299,Gopalpur,India,IND,1,1,0,24409
2020-06-11,port290,Dhamra Port,India,IND,3,3,91615,19184
2020-06-11,port442,Haldia,India,IND,0,1,0,0
2020-06-11,port883,Paradip,India,IND,3,3,72885,53500
2020-06-12,port1367,Visakhapatnam,India,IND,3,6,115889,65937
2020-06-12,port2299,Gopalpur,India,IND,0,0,0,0
2020-06-12,port290,Dhamra Port,India,IND,0,0,0,0
2020-06-12,port442,Haldia,India,IND,2,4,99796,0
2020-06-12,port883,Paradip,India,IND,5,5,60969,203478
2020-06-13,port1367,Visakhapatnam,India,IND,1,2,50600,0
2020-06-13,port2299,Gopalpur,India,IND,0,0,0,0
2020-06-13,port290,Dhamra Port,India,IND,1,1,0,49768
2020-06-13,port442,Haldia,India,IND,2,3,46591,6118
2020-06-13,port883,Paradip,India,IND,4,4,98466,52700
2020-06-14,port1367,Visakhapatnam,India,IND,4,4,90296,22227
2020-06-14,port2299,Gopalpur,India,IND,2,2,67867,6854
2020-06-14,port290,Dhamra Port,India,IND,2,2,165650,30647
2020-06-14,port442,Haldia,India,IND,1,3,0,0
2020-06-14,port883,Paradip,India,IND,3,5,103514,69682
2020-06-15,port1367,Visakhapatnam,India,IND,3,4,34294,100046
2020-06-15,port2299,Gopalpur,India,IND,0,0,0,0
2020-06-15,port290,Dhamra Port,India,IND,1,1,79928,0
2020-06-15,port442,Haldia,India,IND,0,2,0,0
2020-06-15,port883,Paradip,India,IND,3,3,20323,57197
2020-06-16,port1367,Visakhapatnam,India,IND,7,8,102711,185692
2020-06-16,port2299,Gopalpur,India,IND,1,1,0,0
2020-06-16,port290,Dhamra Port,India,IND,1,1,0,0
2020-06-16,port442,Haldia,India,IND,4,5,52084,30730
2020-06-16,port883,Paradip,India,IND,3,5,54617,132626
2020-06-17,port1367,Visakhapatnam,India,IND,2,2,11673,0
2020-06-17,port2299,Gopalpur,India,IND,1,1,0,60738
2020-06-17,port290,Dhamra Port,India,IND,2,2,41491,48896
2020-06-17,port442,Haldia,India,IND,3,5,46591,6118
2020-06-17,port883,Paradip,India,IND,6,7,56181,123157
2020-06-18,port1367,Visakhapatnam,India,IND,2,5,87879,15736
2020-06-18,port2299,Gopalpur,India,IND,2,2,22395,75887
2020-06-18,port290,Dhamra Port,India,IND,1,1,0,30594
2020-06-18,port442,Haldia,India,IND,2,3,81768,3059
2020-06-18,port883,Paradip,India,IND,2,2,20323,86035
2020-06-19,port1367,Visakhapatnam,India,IND,2,4,0,27070
2020-06-19,port2299,Gopalpur,India,IND,0,0,0,0
2020-06-19,port290,Dhamra Port,India,IND,0,0,0,0
2020-06-19,port442,Haldia,India,IND,1,3,0,22162
2020-06-19,port883,Paradip,India,IND,2,2,0,126093
2020-06-20,port1367,Visakhapatnam,India,IND,2,4,34294,65600
2020-06-20,port2299,Gopalpur,India,IND,0,0,0,0
2020-06-20,port290,Dhamra Port,India,IND,0,0,0,0
2020-06-20,port442,Haldia,India,IND,3,5,23295,3059
2020-06-20,port883,Paradip,India,IND,2,2,0,31074
2020-06-21,port1367,Visakhapatnam,India,IND,1,2,34294,15736
2020-06-21,port2299,Gopalpur,India,IND,1,1,0,55639
2020-06-21,port290,Dhamra Port,India,IND,3,3,118479,19184
2020-06-21,port442,Haldia,India,IND,5,7,124806,37973
2020-06-21,port883,Paradip,India,IND,1,1,0,0
2020-06-22,port1367,Visakhapatnam,India,IND,4,5,52483,138694
2020-06-22,port2299,Gopalpur,India,IND,2,2,22395,82113
2020-06-22,port290,Dhamra Port,India,IND,1,1,73662,0
2020-06-22,port442,Haldia,India,IND,2,4,62653,3059
2020-06-22,port883,Paradip,India,IND,4,4,148660,113413
2020-06-23,port1367,Visakhapatnam,India,IND,1,3,34294,15736
2020-06-23,port2299,Gopalpur,India,IND,0,0,0,0
2020-06-23,port290,Dhamra Port,India,IND,1,1,0,52371
2020-06-23,port442,Haldia,India,IND,2,7,0,0
2020-06-23,port883,Paradip,India,IND,2,3,65373,30268
2020-06-24,port1367,Visakhapatnam,India,IND,4,7,14583,112206
2020-06-24,port2299,Gopalpur,India,IND,1,1,0,54993
2020-06-24,port290,Dhamra Port,India,IND,1,1,0,78462
2020-06-24,port442,Haldia,India,IND,3,4,23295,3059
2020-06-24,port883,Paradip,India,IND,4,6,58536,103786
2020-06-25,port1367,Visakhapatnam,India,IND,2,3,164901,0
2020-06-25,port2299,Gopalpur,India,IND,0,0,0,0
2020-06-25,port290,Dhamra Port,India,IND,3,4,41491,67458
2020-06-25,port442,Haldia,India,IND,1,3,0,0
2020-06-25,port883,Paradip,India,IND,2,3,20323,63468
2020-06-26,port1367,Visakhapatnam,India,IND,5,11,34294,184326
2020-06-26,port2299,Gopalpur,India,IND,0,0,0,0
2020-06-26,port290,Dhamra Port,India,IND,1,1,0,20973
2020-06-26,port442,Haldia,India,IND,8,10,109683,28447
2020-06-26,port883,Paradip,India,IND,4,4,40646,186684
2020-06-27,port1367,Visakhapatnam,India,IND,2,2,163990,2916
2020-06-27,port2299,Gopalpur,India,IND,3,3,44791,106080
2020-06-27,port290,Dhamra Port,India,IND,1,1,0,49082
2020-06-27,port442,Haldia,India,IND,2,5,78042,0
2020-06-27,port883,Paradip,India,IND,4,4,0,169742
2020-06-28,port1367,Visakhapatnam,India,IND,3,3,17363,97478
2020-06-28,port2299,Gopalpur,India,IND,0,1,0,0
2020-06-28,port290,Dhamra Port,India,IND,2,2,90080,19184
2020-06-28,port442,Haldia,India,IND,0,1,0,0
2020-06-28,port883,Paradip,India,IND,4,5,62072,166140
2020-06-29,port1367,Visakhapatnam,India,IND,7,10,118184,195548
2020-06-29,port2299,Gopalpur,India,IND,0,0,0,0
2020-06-29,port290,Dhamra Port,India,IND,2,2,166237,44010
2020-06-29,port442,Haldia,India,IND,3,7,42466,0
2020-06-29,port883,Paradip,India,IND,2,2,0,104110
2020-06-30,port1367,Visakhapatnam,India,IND,2,3,53834,50064
2020-06-30,port2299,Gopalpur,India,IND,1,1,0,6675
2020-06-30,port290,Dhamra Port,India,IND,0,0,0,0
2020-06-30,port442,Haldia,India,IND,1,3,43060,0
2020-06-30,port883,Paradip,India,IND,4,4,20323,110372
2020-07-01,port1367,Visakhapatnam,India,IND,5,5,153080,76555
2020-07-01,port2299,Gopalpur,India,IND,0,0,0,0
2020-07-01,port290,Dhamra Port,India,IND,0,0,0,0
2020-07-01,port442,Haldia,India,IND,5,7,31527,40016
2020-07-01,port883,Paradip,India,IND,3,3,170103,30268
2020-07-02,port1367,Visakhapatnam,India,IND,3,5,22626,49392
2020-07-02,port2299,Gopalpur,India,IND,0,0,0,0
2020-07-02,port290,Dhamra Port,India,IND,2,2,78860,48704
2020-07-02,port442,Haldia,India,IND,2,7,46591,6118
2020-07-02,port883,Paradip,India,IND,1,1,0,55475
2020-07-03,port1367,Visakhapatnam,India,IND,4,5,34294,153416
2020-07-03,port2299,Gopalpur,India,IND,0,0,0,0
2020-07-03,port290,Dhamra Port,India,IND,1,1,103569,0
2020-07-03,port442,Haldia,India,IND,3,5,51256,3059
2020-07-03,port883,Paradip,India,IND,1,2,20323,30268
2020-07-04,port1367,Visakhapatnam,India,IND,4,6,122801,85854
2020-07-04,port2299,Gopalpur,India,IND,2,2,22395,83344
2020-07-04,port290,Dhamra Port,India,IND,2,2,10925,48927
2020-07-04,port442,Haldia,India,IND,3,5,46591,15935
2020-07-04,port883,Paradip,India,IND,4,5,74099,83546
2020-07-05,port1367,Visakhapatnam,India,IND,1,2,34294,15736
2020-07-05,port2299,Gopalpur,India,IND,0,0,0,0
2020-07-05,port290,Dhamra Port,India,IND,0,0,0,0
2020-07-05,port442,Haldia,India,IND,1,4,0,23310
2020-07-05,port883,Paradip,India,IND,6,6,100117,203126
2020-07-06,port1367,Visakhapatnam,India,IND,8,16,116628,178440
2020-07-06,port2299,Gopalpur,India,IND,0,0,0,0
2020-07-06,port290,Dhamra Port,India,IND,0,0,0,0
2020-07-06,port442,Haldia,India,IND,5,7,69887,30048
2020-07-06,port883,Paradip,India,IND,2,3,20323,84637
2020-07-07,port1367,Visakhapatnam,India,IND,5,6,116195,100771
2020-07-07,port2299,Gopalpur,India,IND,0,0,0,0
2020-07-07,port290,Dhamra Port,India,IND,1,1,0,58626
2020-07-07,port442,Haldia,India,IND,2,3,0,19687
2020-07-07,port883,Paradip,India,IND,5,5,73464,114465
2020-07-08,port1367,Visakhapatnam,India,IND,2,3,0,31279
2020-07-08,port2299,Gopalpur,India,IND,0,0,0,0
2020-07-08,port290,Dhamra Port,India,IND,2,2,162771,0
2020-07-08,port442,Haldia,India,IND,3,5,43464,44731
2020-07-08,port883,Paradip,India,IND,3,3,79090,81675
2020-07-09,port1367,Visakhapatnam,India,IND,4,6,182983,95771
2020-07-09,port2299,Gopalpur,India,IND,1,1,0,51163
2020-07-09,port290,Dhamra Port,India,IND,1,1,0,53490
2020-07-09,port442,Haldia,India,IND,2,3,68490,20512
2020-07-09,port883,Paradip,India,IND,7,8,160039,133251
2020-07-10,port1367,Visakhapatnam,India,IND,5,9,208763,102700
2020-07-10,port2299,Gopalpur,India,IND,1,2,0,54375
2020-07-10,port290,Dhamra Port,India,IND,1,1,41491,19184
2020-07-10,port442,Haldia,India,IND,0,4,0,0
2020-07-10,port883,Paradip,India,IND,1,2,20323,30268
2020-07-11,port1367,Visakhapatnam,India,IND,2,2,77329,0
2020-07-11,port2299,Gopalpur,India,IND,1,1,0,27241
2020-07-11,port290,Dhamra Port,India,IND,0,0,0,0
2020-07-11,port442,Haldia,India,IND,2,3,23295,4146
2020-07-11,port883,Paradip,India,IND,2,3,0,72978
2020-07-12,port1367,Visakhapatnam,India,IND,3,4,93776,105218
2020-07-12,port2299,Gopalpur,India,IND,2,2,22395,34118
2020-07-12,port290,Dhamra Port,India,IND,1,1,41491,19184
2020-07-12,port442,Haldia,India,IND,2,5,27864,19020
2020-07-12,port883,Paradip,India,IND,3,3,78511,58316
2020-07-13,port1367,Visakhapatnam,India,IND,2,7,16600,25462
2020-07-13,port2299,Gopalpur,India,IND,0,0,0,0
2020-07-13,port290,Dhamra Port,India,IND,1,1,0,30252
2020-07-13,port442,Haldia,India,IND,3,5,23295,3059
2020-07-13,port883,Paradip,India,IND,2,3,1847,75368
2020-07-14,port1367,Visakhapatnam,India,IND,4,9,201010,31473
2020-07-14,port2299,Gopalpur,India,IND,1,1,0,51226
2020-07-14,port290,Dhamra Port,India,IND,1,1,3272,0
2020-07-14,port442,Haldia,India,IND,3,6,27022,76305
2020-07-14,port883,Paradip,India,IND,2,3,0,71026
2020-07-15,port1367,Visakhapatnam,India,IND,6,7,105143,212101
2020-07-15,port2299,Gopalpur,India,IND,1,1,0,27397
2020-07-15,port290,Dhamra Port,India,IND,1,1,0,544
2020-07-15,port442,Haldia,India,IND,2,5,0,571
2020-07-15,port883,Paradip,India,IND,3,3,47579,84068
2020-07-16,port1367,Visakhapatnam,India,IND,3,6,89662,43946
2020-07-16,port2299,Gopalpur,India,IND,2,2,40696,0
2020-07-16,port290,Dhamra Port,India,IND,0,0,0,0
2020-07-16,port442,Haldia,India,IND,3,5,59240,3059
2020-07-16,port883,Paradip,India,IND,1,1,78435,0
2020-07-17,port1367,Visakhapatnam,India,IND,3,4,40675,87133
2020-07-17,port2299,Gopalpur,India,IND,1,1,1146,0
2020-07-17,port290,Dhamra Port,India,IND,1,1,0,49065
2020-07-17,port442,Haldia,India,IND,1,2,0,0
2020-07-17,port883,Paradip,India,IND,5,5,176684,86035
2020-07-18,port1367,Visakhapatnam,India,IND,6,6,246583,111522
2020-07-18,port2299,Gopalpur,India,IND,0,0,0,0
2020-07-18,port290,Dhamra Port,India,IND,2,2,82983,38369
2020-07-18,port442,Haldia,India,IND,2,4,0,25482
2020-07-18,port883,Paradip,India,IND,3,5,20323,119084
2020-07-19,port1367,Visakhapatnam,India,IND,2,6,54101,52470
2020-07-19,port2299,Gopalpur,India,IND,1,1,56862,0
2020-07-19,port290,Dhamra Port,India,IND,1,1,41491,19184
2020-07-19,port442,Haldia,India,IND,0,3,0,0
2020-07-19,port883,Paradip,India,IND,2,4,40646,60537
2020-07-20,port1367,Visakhapatnam,India,IND,4,6,68588,84803
2020-07-20,port2299,Gopalpur,India,IND,1,1,32468,0
2020-07-20,port290,Dhamra Port,India,IND,0,0,0,0
2020-07-20,port442,Haldia,India,IND,1,3,23295,3059
2020-07-20,port883,Paradip,India,IND,1,1,0,48279
2020-07-21,port1367,Visakhapatnam,India,IND,5,6,105683,50091
2020-07-21,port2299,Gopalpur,India,IND,1,1,0,56387
2020-07-21,port290,Dhamra Port,India,IND,2,2,0,105658
2020-07-21,port442,Haldia,India,IND,3,5,46591,13099
2020-07-21,port883,Paradip,India,IND,4,4,118272,60537
2020-07-22,port1367,Visakhapatnam,India,IND,4,7,95751,31473
2020-07-22,port2299,Gopalpur,India,IND,0,0,0,0
2020-07-22,port290,Dhamra Port,India,IND,0,1,0,0
2020-07-22,port442,Haldia,India,IND,3,3,0,20129
2020-07-22,port883,Paradip,India,IND,2,4,40646,60537
2020-07-23,port1367,Visakhapatnam,India,IND,3,4,152725,0
2020-07-23,port2299,Gopalpur,India,IND,0,0,0,0
2020-07-23,port290,Dhamra Port,India,IND,0,0,0,0
2020-07-23,port442,Haldia,India,IND,0,1,0,0
2020-07-23,port883,Paradip,India,IND,0,0,0,0
2020-07-24,port1367,Visakhapatnam,India,IND,3,4,34294,77004
2020-07-24,port2299,Gopalpur,India,IND,0,0,0,0
2020-07-24,port290,Dhamra Port,India,IND,2,2,41491,49622
2020-07-24,port442,Haldia,India,IND,1,3,0,1721
2020-07-24,port883,Paradip,India,IND,1,2,29798,0
2020-07-25,port1367,Visakhapatnam,India,IND,5,7,35933,201553
2020-07-25,port2299,Gopalpur,India,IND,2,2,0,90622
2020-07-25,port290,Dhamra Port,India,IND,1,1,66224,0
2020-07-25,port442,Haldia,India,IND,3,5,28857,3059
2020-07-25,port883,Paradip,India,IND,5,5,149091,116851
2020-07-26,port1367,Visakhapatnam,India,IND,5,7,106770,140919
2020-07-26,port2299,Gopalpur,India,IND,1,1,0,46273
2020-07-26,port290,Dhamra Port,India,IND,0,1,0,0
2020-07-26,port442,Haldia,India,IND,1,2,669,0
2020-07-26,port883,Paradip,India,IND,2,3,94394,30268
2020-07-27,port1367,Visakhapatnam,India,IND,4,7,0,142169
2020-07-27,port2299,Gopalpur,India,IND,0,0,0,0
2020-07-27,port290,Dhamra Port,India,IND,2,2,41491,97235
2020-07-27,port442,Haldia,India,IND,1,2,23295,3059
2020-07-27,port883,Paradip,India,IND,3,4,78605,71791
2020-07-28,port1367,Visakhapatnam,India,IND,2,5,77958,0
2020-07-28,port2299,Gopalpur,India,IND,0,0,0,0
2020-07-28,port290,Dhamra Port,India,IND,1,1,164166,0
2020-07-28,port442,Haldia,India,IND,4,8,23295,52385
2020-07-28,port883,Paradip,India,IND,3,3,0,87912
2020-07-29,port1367,Visakhapatnam,India,IND,3,6,54121,47195
2020-07-29,port2299,Gopalpur,India,IND,1,1,0,54349
2020-07-29,port290,Dhamra Port,India,IND,2,2,0,55842
2020-07-29,port442,Haldia,India,IND,2,5,23295,25074
2020-07-29,port883,Paradip,India,IND,3,3,16171,21447
2020-07-30,port1367,Visakhapatnam,India,IND,5,6,54070,126255
2020-07-30,port2299,Gopalpur,India,IND,0,0,0,0
2020-07-30,port290,Dhamra Port,India,IND,0,0,0,0
2020-07-30,port442,Haldia,India,IND,2,4,23295,30972
2020-07-30,port883,Paradip,India,IND,1,2,0,58649
2020-07-31,port1367,Visakhapatnam,India,IND,5,9,228029,15736
2020-07-31,port2299,Gopalpur,India,IND,0,0,0,0
2020-07-31,port290,Dhamra Port,India,IND,1,1,0,50738
2020-07-31,port442,Haldia,India,IND,1,2,0,0
2020-07-31,port883,Paradip,India,IND,6,7,156189,82325
2020-08-01,port1367,Visakhapatnam,India,IND,5,6,63242,206895
2020-08-01,port2299,Gopalpur,India,IND,2,2,91130,22579
2020-08-01,port290,Dhamra Port,India,IND,2,2,42372,1013
2020-08-01,port442,Haldia,India,IND,3,7,150967,0
2020-08-01,port883,Paradip,India,IND,3,3,20323,61586
2020-08-02,port1367,Visakhapatnam,India,IND,3,4,53672,0
2020-08-02,port2299,Gopalpur,India,IND,1,1,22395,22579
2020-08-02,port290,Dhamra Port,India,IND,3,3,76613,84223
2020-08-02,port442,Haldia,India,IND,2,3,23295,3059
2020-08-02,port883,Paradip,India,IND,4,4,20323,160108
2020-08-03,port1367,Visakhapatnam,India,IND,1,2,0,51073
2020-08-03,port2299,Gopalpur,India,IND,1,1,0,24259
2020-08-03,port290,Dhamra Port,India,IND,2,2,71353,55080
2020-08-03,port442,Haldia,India,IND,2,6,36318,0
2020-08-03,port883,Paradip,India,IND,3,4,81288,60537
2020-08-04,port1367,Visakhapatnam,India,IND,2,5,34294,69202
2020-08-04,port2299,Gopalpur,India,IND,0,0,0,0
2020-08-04,port290,Dhamra Port,India,IND,0,0,0,0
2020-08-04,port442,Haldia,India,IND,5,5,69666,35924
2020-08-04,port883,Paradip,India,IND,6,6,73205,253496
2020-08-05,port1367,Visakhapatnam,India,IND,2,4,0,53800
2020-08-05,port2299,Gopalpur,India,IND,2,2,22395,50152
2020-08-05,port290,Dhamra Port,India,IND,0,0,0,0
2020-08-05,port442,Haldia,India,IND,0,3,0,0
2020-08-05,port883,Paradip,India,IND,2,2,0,87965
2020-08-06,port1367,Visakhapatnam,India,IND,7,11,75578,159809
2020-08-06,port2299,Gopalpur,India,IND,0,0,0,0
2020-08-06,port290,Dhamra Port,India,IND,1,1,85585,0
2020-08-06,port442,Haldia,India,IND,1,3,0,0
2020-08-06,port883,Paradip,India,IND,2,3,0,97324
2020-08-07,port1367,Visakhapatnam,India,IND,3,4,47324,104778
2020-08-07,port2299,Gopalpur,India,IND,0,0,0,0
2020-08-07,port290,Dhamra Port,India,IND,1,1,41491,19184
2020-08-07,port442,Haldia,India,IND,2,4,73480,0
2020-08-07,port883,Paradip,India,IND,4,4,0,208645
2020-08-08,port1367,Visakhapatnam,India,IND,1,3,0,77813
2020-08-08,port2299,Gopalpur,India,IND,1,1,22395,22579
2020-08-08,port290,Dhamra Port,India,IND,0,0,0,0
2020-08-08,port442,Haldia,India,IND,2,3,42310,0
2020-08-08,port883,Paradip,India,IND,2,2,60661,45927
2020-08-09,port1367,Visakhapatnam,India,IND,4,7,130395,70472
2020-08-09,port2299,Gopalpur,India,IND,0,0,0,0
2020-08-09,port290,Dhamra Port,India,IND,3,3,111459,84958
2020-08-09,port442,Haldia,India,IND,1,2,0,20895
2020-08-09,port883,Paradip,India,IND,3,3,132960,52882
2020-08-10,port1367,Visakhapatnam,India,IND,2,3,34294,41408
2020-08-10,port2299,Gopalpur,India,IND,1,1,0,24952
2020-08-10,port290,Dhamra Port,India,IND,0,0,0,0
2020-08-10,port442,Haldia,India,IND,5,6,22150,19458
2020-08-10,port883,Paradip,India,IND,3,3,20323,146815
2020-08-11,port1367,Visakhapatnam,India,IND,6,9,226566,80322
2020-08-11,port2299,Gopalpur,India,IND,0,0,0,0
2020-08-11,port290,Dhamra Port,India,IND,0,0,0,0
2020-08-11,port442,Haldia,India,IND,0,4,0,0
2020-08-11,port883,Paradip,India,IND,3,4,57965,89324
2020-08-12,port1367,Visakhapatnam,India,IND,5,9,271327,15736
2020-08-12,port2299,Gopalpur,India,IND,0,0,0,0
2020-08-12,port290,Dhamra Port,India,IND,4,4,103665,69007
2020-08-12,port442,Haldia,India,IND,2,5,0,2804
2020-08-12,port883,Paradip,India,IND,1,3,0,0
2020-08-13,port1367,Visakhapatnam,India,IND,1,5,0,92426
2020-08-13,port2299,Gopalpur,India,IND,0,0,0,0
2020-08-13,port290,Dhamra Port,India,IND,2,2,101512,19184
2020-08-13,port442,Haldia,India,IND,0,2,0,0
2020-08-13,port883,Paradip,India,IND,3,3,0,191889
2020-08-14,port1367,Visakhapatnam,India,IND,2,5,156320,0
2020-08-14,port2299,Gopalpur,India,IND,0,0,0,0
2020-08-14,port290,Dhamra Port,India,IND,0,0,0,0
2020-08-14,port442,Haldia,India,IND,3,4,46591,6118
2020-08-14,port883,Paradip,India,IND,5,6,114027,174961
2020-08-15,port1367,Visakhapatnam,India,IND,2,5,0,98522
2020-08-15,port2299,Gopalpur,India,IND,0,1,0,0
2020-08-15,port290,Dhamra Port,India,IND,1,1,42839,0
2020-08-15,port442,Haldia,India,IND,3,3,158270,0
2020-08-15,port883,Paradip,India,IND,1,1,75368,0
2020-08-16,port1367,Visakhapatnam,India,IND,4,5,101059,36797
2020-08-16,port2299,Gopalpur,India,IND,0,0,0,0
2020-08-16,port290,Dhamra Port,India,IND,1,1,46475,0
2020-08-16,port442,Haldia,India,IND,0,1,0,0
2020-08-16,port883,Paradip,India,IND,2,2,0,54111
2020-08-17,port1367,Visakhapatnam,India,IND,4,6,134386,69445
2020-08-17,port2299,Gopalpur,India,IND,1,1,22395,22579
2020-08-17,port290,Dhamra Port,India,IND,1,1,0,0
2020-08-17,port442,Haldia,India,IND,3,5,109167,7537
2020-08-17,port883,Paradip,India,IND,5,6,29997,149209
2020-08-18,port1367,Visakhapatnam,India,IND,8,9,400961,66636
2020-08-18,port2299,Gopalpur,India,IND,1,1,0,60076
2020-08-18,port290,Dhamra Port,India,IND,3,3,78467,94752
2020-08-18,port442,Haldia,India,IND,1,3,76866,0
2020-08-18,port883,Paradip,India,IND,3,3,40646,115354
2020-08-19,port1367,Visakhapatnam,India,IND,5,6,45699,156153
2020-08-19,port2299,Gopalpur,India,IND,0,0,0,0
2020-08-19,port290,Dhamra Port,India,IND,0,0,0,0
2020-08-19,port442,Haldia,India,IND,0,2,0,0
2020-08-19,port883,Paradip,India,IND,1,3,63104,0
2020-08-20,port1367,Visakhapatnam,India,IND,3,3,83937,0
2020-08-20,port2299,Gopalpur,India,IND,2,2,0,83292
2020-08-20,port290,Dhamra Port,India,IND,1,1,41491,19184
2020-08-20,port442,Haldia,India,IND,2,4,21060,0
2020-08-20,port883,Paradip,India,IND,3,3,98809,62088
2020-08-21,port1367,Visakhapatnam,India,IND,4,5,48425,149709
2020-08-21,port2299,Gopalpur,India,IND,1,1,13914,6854
2020-08-21,port290,Dhamra Port,India,IND,1,1,162340,0
2020-08-21,port442,Haldia,India,IND,1,3,0,36423
2020-08-21,port883,Paradip,India,IND,4,4,124373,99012
2020-08-22,port1367,Visakhapatnam,India,IND,4,5,34724,161937
2020-08-22,port2299,Gopalpur,India,IND,0,0,0,0
2020-08-22,port290,Dhamra Port,India,IND,1,1,0,53407
2020-08-22,port442,Haldia,India,IND,2,5,53596,24813
2020-08-22,port883,Paradip,India,IND,4,4,71054,158678
2020-08-23,port1367,Visakhapatnam,India,IND,2,3,80583,15736
2020-08-23,port2299,Gopalpur,India,IND,1,1,0,60598
2020-08-23,port290,Dhamra Port,India,IND,0,0,0,0
2020-08-23,port442,Haldia,India,IND,5,6,119430,3059
2020-08-23,port883,Paradip,India,IND,1,1,20323,30268
2020-08-24,port1367,Visakhapatnam,India,IND,8,11,395223,151227
2020-08-24,port2299,Gopalpur,India,IND,2,2,25314,59730
2020-08-24,port290,Dhamra Port,India,IND,2,2,96498,19184
2020-08-24,port442,Haldia,India,IND,2,3,34195,0
2020-08-24,port883,Paradip,India,IND,2,2,40646,60537
2020-08-25,port1367,Visakhapatnam,India,IND,4,8,139481,51368
2020-08-25,port2299,Gopalpur,India,IND,0,0,0,0
2020-08-25,port290,Dhamra Port,India,IND,0,0,0,0
2020-08-25,port442,Haldia,India,IND,2,4,23295,3059
2020-08-25,port883,Paradip,India,IND,0,1,0,0
2020-08-26,port1367,Visakhapatnam,India,IND,2,6,68588,31473
2020-08-26,port2299,Gopalpur,India,IND,0,0,0,0
2020-08-26,port290,Dhamra Port,India,IND,0,0,0,0
2020-08-26,port442,Haldia,India,IND,0,0,0,0
2020-08-26,port883,Paradip,India,IND,0,0,0,0
2020-08-27,port1367,Visakhapatnam,India,IND,5,7,56361,132793
2020-08-27,port2299,Gopalpur,India,IND,0,0,0,0
2020-08-27,port290,Dhamra Port,India,IND,2,2,204422,19184
2020-08-27,port442,Haldia,India,IND,1,3,42154,0
2020-08-27,port883,Paradip,India,IND,5,5,101628,137740
2020-08-28,port1367,Visakhapatnam,India,IND,7,9,187516,102344
2020-08-28,port2299,Gopalpur,India,IND,2,2,0,43910
2020-08-28,port290,Dhamra Port,India,IND,0,0,0,0
2020-08-28,port442,Haldia,India,IND,1,4,0,0
2020-08-28,port883,Paradip,India,IND,5,5,0,156449
2020-08-29,port1367,Visakhapatnam,India,IND,3,6,33546,83982
2020-08-29,port2299,Gopalpur,India,IND,0,0,0,0
2020-08-29,port290,Dhamra Port,India,IND,1,1,41491,19184
2020-08-29,port442,Haldia,India,IND,2,5,23295,3744
2020-08-29,port883,Paradip,India,IND,3,3,40646,95549
2020-08-30,port1367,Visakhapatnam,India,IND,1,6,27039,0
2020-08-30,port2299,Gopalpur,India,IND,1,1,0,42241
2020-08-30,port290,Dhamra Port,India,IND,1,1,41491,19184
2020-08-30,port442,Haldia,India,IND,3,6,82063,27601
2020-08-30,port883,Paradip,India,IND,6,6,58375,178646
2020-08-31,port1367,Visakhapatnam,India,IND,3,6,54652,67009
2020-08-31,port2299,Gopalpur,India,IND,1,1,22395,22579
2020-08-31,port290,Dhamra Port,India,IND,0,0,0,0
2020-08-31,port442,Haldia,India,IND,3,5,101575,3059
2020-08-31,port883,Paradip,India,IND,3,3,61763,34928
2020-09-01,port1367,Visakhapatnam,India,IND,2,5,68588,31473
2020-09-01,port2299,Gopalpur,India,IND,1,1,22395,22579
2020-09-01,port290,Dhamra Port,India,IND,2,2,151439,0
2020-09-01,port442,Haldia,India,IND,1,2,23295,3059
2020-09-01,port883,Paradip,India,IND,2,4,56737,30268
2020-09-02,port1367,Visakhapatnam,India,IND,4,9,113341,26570
2020-09-02,port2299,Gopalpur,India,IND,1,1,31586,0
2020-09-02,port290,Dhamra Port,India,IND,1,1,696,0
2020-09-02,port442,Haldia,India,IND,5,6,124720,64649
2020-09-02,port883,Paradip,India,IND,3,3,40646,105953
2020-09-03,port1367,Visakhapatnam,India,IND,4,6,71183,161533
2020-09-03,port2299,Gopalpur,India,IND,0,0,0,0
2020-09-03,port290,Dhamra Port,India,IND,1,1,0,26584
2020-09-03,port442,Haldia,India,IND,2,3,78447,0
2020-09-03,port883,Paradip,India,IND,2,3,0,106876
2020-09-04,port1367,Visakhapatnam,India,IND,8,11,210292,78559
2020-09-04,port2299,Gopalpur,India,IND,1,1,55375,0
2020-09-04,port290,Dhamra Port,India,IND,1,1,0,50213
2020-09-04,port442,Haldia,India,IND,3,5,96193,25174
2020-09-04,port883,Paradip,India,IND,4,4,99642,76123
2020-09-05,port1367,Visakhapatnam,India,IND,3,3,35933,60825
2020-09-05,port2299,Gopalpur,India,IND,0,0,0,0
2020-09-05,port290,Dhamra Port,India,IND,0,0,0,0
2020-09-05,port442,Haldia,India,IND,3,6,59965,29755
2020-09-05,port883,Paradip,India,IND,0,0,0,0
2020-09-06,port1367,Visakhapatnam,India,IND,2,4,76040,31259
2020-09-06,port2299,Gopalpur,India,IND,1,1,0,54876
2020-09-06,port290,Dhamra Port,India,IND,3,3,124475,57554
2020-09-06,port442,Haldia,India,IND,1,2,0,0
2020-09-06,port883,Paradip,India,IND,2,3,20323,83753
2020-09-07,port1367,Visakhapatnam,India,IND,7,10,181832,121098
2020-09-07,port2299,Gopalpur,India,IND,0,1,0,0
2020-09-07,port290,Dhamra Port,India,IND,0,0,0,0
2020-09-07,port442,Haldia,India,IND,3,3,46591,6118
2020-09-07,port883,Paradip,India,IND,4,4,99851,84112
2020-09-08,port1367,Visakhapatnam,India,IND,3,4,115266,30960
2020-09-08,port2299,Gopalpur,India,IND,0,0,0,0
2020-09-08,port290,Dhamra Port,India,IND,2,2,41491,69752
2020-09-08,port442,Haldia,India,IND,2,2,36073,0
2020-09-08,port883,Paradip,India,IND,2,2,0,28606
2020-09-09,port1367,Visakhapatnam,India,IND,3,8,4084,32580
2020-09-09,port2299,Gopalpur,India,IND,2,2,78202,22579
2020-09-09,port290,Dhamra Port,India,IND,2,2,42848,19184
2020-09-09,port442,Haldia,India,IND,3,4,101424,3059
2020-09-09,port883,Paradip,India,IND,7,7,98730,170581
2020-09-10,port1367,Visakhapatnam,India,IND,2,3,53583,0
2020-09-10,port2299,Gopalpur,India,IND,0,0,0,0
2020-09-10,port290,Dhamra Port,India,IND,2,2,41491,92051
2020-09-10,port442,Haldia,India,IND,1,3,78780,0
2020-09-10,port883,Paradip,India,IND,2,3,20323,99700
2020-09-11,port1367,Visakhapatnam,India,IND,3,5,89595,93095
2020-09-11,port2299,Gopalpur,India,IND,0,0,0,0
2020-09-11,port290,Dhamra Port,India,IND,0,0,0,0
2020-09-11,port442,Haldia,India,IND,3,4,56165,3059
2020-09-11,port883,Paradip,India,IND,1,1,0,56036
2020-09-12,port1367,Visakhapatnam,India,IND,10,10,252625,181789
2020-09-12,port2299,Gopalpur,India,IND,1,1,71487,0
2020-09-12,port290,Dhamra Port,India,IND,1,1,0,19012
2020-09-12,port442,Haldia,India,IND,2,5,112546,0
2020-09-12,port883,Paradip,India,IND,1,2,0,49866
2020-09-13,port1367,Visakhapatnam,India,IND,2,4,95291,0
2020-09-13,port2299,Gopalpur,India,IND,0,0,0,0
2020-09-13,port290,Dhamra Port,India,IND,1,1,158272,0
2020-09-13,port442,Haldia,India,IND,1,1,0,38391
2020-09-13,port883,Paradip,India,IND,4,4,154254,60537
2020-09-14,port1367,Visakhapatnam,India,IND,7,8,182715,105100
2020-09-14,port2299,Gopalpur,India,IND,0,0,0,0
2020-09-14,port290,Dhamra Port,India,IND,3,3,136429,38369
2020-09-14,port442,Haldia,India,IND,2,3,103747,3059
2020-09-14,port883,Paradip,India,IND,1,1,73183,0
2020-09-15,port1367,Visakhapatnam,India,IND,4,6,106816,49557
2020-09-15,port2299,Gopalpur,India,IND,1,1,0,56226
2020-09-15,port290,Dhamra Port,India,IND,0,0,0,0
2020-09-15,port442,Haldia,India,IND,3,4,72891,6118
2020-09-15,port883,Paradip,India,IND,1,3,0,54277
2020-09-16,port1367,Visakhapatnam,India,IND,1,7,55028,0
2020-09-16,port2299,Gopalpur,India,IND,0,0,0,0
2020-09-16,port290,Dhamra Port,India,IND,2,2,185373,0
2020-09-16,port442,Haldia,India,IND,1,2,0,684
2020-09-16,port883,Paradip,India,IND,2,2,39409,0
2020-09-17,port1367,Visakhapatnam,India,IND,6,9,215732,135640
2020-09-17,port2299,Gopalpur,India,IND,1,2,36222,0
2020-09-17,port290,Dhamra Port,India,IND,1,1,73173,0
2020-09-17,port442,Haldia,India,IND,3,3,104896,0
2020-09-17,port883,Paradip,India,IND,3,3,38723,126133
2020-09-18,port1367,Visakhapatnam,India,IND,4,9,49078,86920
2020-09-18,port2299,Gopalpur,India,IND,1,1,0,0
2020-09-18,port290,Dhamra Port,India,IND,1,1,41491,19184
2020-09-18,port442,Haldia,India,IND,5,7,80860,28619
2020-09-18,port883,Paradip,India,IND,5,6,0,188579
2020-09-19,port1367,Visakhapatnam,India,IND,5,7,255355,85926
2020-09-19,port2299,Gopalpur,India,IND,0,0,0,0
2020-09-19,port290,Dhamra Port,India,IND,0,0,0,0
2020-09-19,port442,Haldia,India,IND,3,4,46591,6118
2020-09-19,port883,Paradip,India,IND,0,1,0,0
2020-09-20,port1367,Visakhapatnam,India,IND,3,5,54327,48950
2020-09-20,port2299,Gopalpur,India,IND,1,1,0,0
2020-09-20,port290,Dhamra Port,India,IND,1,1,27426,0
2020-09-20,port442,Haldia,India,IND,2,4,0,18728
2020-09-20,port883,Paradip,India,IND,3,6,20323,83820
2020-09-21,port1367,Visakhapatnam,India,IND,2,8,66132,15736
2020-09-21,port2299,Gopalpur,India,IND,0,0,0,0
2020-09-21,port290,Dhamra Port,India,IND,2,2,41491,54383
2020-09-21,port442,Haldia,India,IND,1,3,29452,0
2020-09-21,port883,Paradip,India,IND,4,4,74421,160151
2020-09-22,port1367,Visakhapatnam,India,IND,6,8,147929,134985
2020-09-22,port2299,Gopalpur,India,IND,0,0,0,0
2020-09-22,port290,Dhamra Port,India,IND,2,2,241225,0
2020-09-22,port442,Haldia,India,IND,3,4,23295,22150
2020-09-22,port883,Paradip,India,IND,2,2,41775,55089
2020-09-23,port1367,Visakhapatnam,India,IND,2,5,85189,15736
2020-09-23,port2299,Gopalpur,India,IND,2,2,103483,53142
2020-09-23,port290,Dhamra Port,India,IND,0,0,0,0
2020-09-23,port442,Haldia,India,IND,3,5,72094,55139
2020-09-23,port883,Paradip,India,IND,2,3,78165,0
2020-09-24,port1367,Visakhapatnam,India,IND,2,3,78240,28326
2020-09-24,port2299,Gopalpur,India,IND,0,0,0,0
2020-09-24,port290,Dhamra Port,India,IND,1,1,41491,19184
2020-09-24,port442,Haldia,India,IND,3,6,78625,48764
2020-09-24,port883,Paradip,India,IND,3,4,54548,60537
2020-09-25,port1367,Visakhapatnam,India,IND,5,10,103778,89416
2020-09-25,port2299,Gopalpur,India,IND,0,0,0,0
2020-09-25,port290,Dhamra Port,India,IND,0,1,0,0
2020-09-25,port442,Haldia,India,IND,2,6,52715,3059
2020-09-25,port883,Paradip,India,IND,4,5,115313,75587
2020-09-26,port1367,Visakhapatnam,India,IND,7,10,181516,69852
2020-09-26,port2299,Gopalpur,India,IND,0,0,0,0
2020-09-26,port290,Dhamra Port,India,IND,1,1,0,46381
2020-09-26,port442,Haldia,India,IND,5,6,40879,53133
2020-09-26,port883,Paradip,India,IND,4,4,35041,69239
2020-09-27,port1367,Visakhapatnam,India,IND,6,8,408568,0
2020-09-27,port2299,Gopalpur,India,IND,0,0,0,0
2020-09-27,port290,Dhamra Port,India,IND,0,0,0,0
2020-09-27,port442,Haldia,India,IND,3,5,57227,3059
2020-09-27,port883,Paradip,India,IND,0,0,0,0
2020-09-28,port1367,Visakhapatnam,India,IND,4,7,198201,126598
2020-09-28,port2299,Gopalpur,India,IND,0,0,0,0
2020-09-28,port290,Dhamra Port,India,IND,1,1,41491,19184
2020-09-28,port442,Haldia,India,IND,6,6,101643,6118
2020-09-28,port883,Paradip,India,IND,3,3,101781,60537
2020-09-29,port1367,Visakhapatnam,India,IND,6,7,190626,117260
2020-09-29,port2299,Gopalpur,India,IND,1,1,0,30346
2020-09-29,port290,Dhamra Port,India,IND,0,0,0,0
2020-09-29,port442,Haldia,India,IND,2,3,0,18999
2020-09-29,port883,Paradip,India,IND,1,1,0,56469
2020-09-30,port1367,Visakhapatnam,India,IND,1,7,72562,0
2020-09-30,port2299,Gopalpur,India,IND,2,2,41459,53966
2020-09-30,port290,Dhamra Port,India,IND,2,2,223688,0
2020-09-30,port442,Haldia,India,IND,3,5,159883,0
2020-09-30,port883,Paradip,India,IND,4,5,103894,55091
2020-10-01,port1367,Visakhapatnam,India,IND,3,6,149948,15736
2020-10-01,port2299,Gopalpur,India,IND,0,1,0,0
2020-10-01,port290,Dhamra Port,India,IND,2,2,87780,19184
2020-10-01,port442,Haldia,India,IND,3,3,78250,0
2020-10-01,port883,Paradip,India,IND,3,3,42429,108855
2020-10-02,port1367,Visakhapatnam,India,IND,4,8,31679,185550
2020-10-02,port2299,Gopalpur,India,IND,1,1,22395,22579
2020-10-02,port290,Dhamra Port,India,IND,1,1,26051,0
2020-10-02,port442,Haldia,India,IND,2,2,118309,0
2020-10-02,port883,Paradip,India,IND,2,3,72582,30268
2020-10-03,port1367,Visakhapatnam,India,IND,5,5,193129,70303
2020-10-03,port2299,Gopalpur,India,IND,0,0,0,0
2020-10-03,port290,Dhamra Port,India,IND,0,0,0,0
2020-10-03,port442,Haldia,India,IND,1,4,0,21258
2020-10-03,port883,Paradip,India,IND,1,1,0,0
2020-10-04,port1367,Visakhapatnam,India,IND,5,6,145779,73255
2020-10-04,port2299,Gopalpur,India,IND,0,0,0,0
2020-10-04,port290,Dhamra Port,India,IND,1,1,41491,19184
2020-10-04,port442,Haldia,India,IND,4,4,34934,0
2020-10-04,port883,Paradip,India,IND,1,1,27076,0
2020-10-05,port1367,Visakhapatnam,India,IND,4,7,269209,0
2020-10-05,port2299,Gopalpur,India,IND,0,0,0,0
2020-10-05,port290,Dhamra Port,India,IND,1,1,0,53620
2020-10-05,port442,Haldia,India,IND,2,4,46591,6118
2020-10-05,port883,Paradip,India,IND,4,4,55691,108439
2020-10-06,port1367,Visakhapatnam,India,IND,4,6,102883,100416
2020-10-06,port2299,Gopalpur,India,IND,0,0,0,0
2020-10-06,port290,Dhamra Port,India,IND,2,2,119886,19184
2020-10-06,port442,Haldia,India,IND,4,4,23295,3059
2020-10-06,port883,Paradip,India,IND,5,7,254779,81823
2020-10-07,port1367,Visakhapatnam,India,IND,7,11,294687,171660
2020-10-07,port2299,Gopalpur,India,IND,1,1,70986,0
2020-10-07,port290,Dhamra Port,India,IND,3,3,149640,0
2020-10-07,port442,Haldia,India,IND,1,1,78492,0
2020-10-07,port883,Paradip,India,IND,3,3,69530,30268
2020-10-08,port1367,Visakhapatnam,India,IND,5,5,262577,0
2020-10-08,port2299,Gopalpur,India,IND,0,0,0,0
2020-10-08,port290,Dhamra Port,India,IND,1,1,26510,0
2020-10-08,port442,Haldia,India,IND,2,2,23295,3059
2020-10-08,port883,Paradip,India,IND,2,2,20323,83358
2020-10-09,port1367,Visakhapatnam,India,IND,4,8,101520,64275
2020-10-09,port2299,Gopalpur,India,IND,2,2,0,53631
2020-10-09,port290,Dhamra Port,India,IND,2,2,159322,45886
2020-10-09,port442,Haldia,India,IND,0,1,0,0
2020-10-09,port883,Paradip,India,IND,3,4,20323,60521
2020-10-10,port1367,Visakhapatnam,India,IND,5,9,190046,90033
2020-10-10,port2299,Gopalpur,India,IND,0,0,0,0
2020-10-10,port290,Dhamra Port,India,IND,3,3,102889,65458
2020-10-10,port442,Haldia,India,IND,7,9,72197,31886
2020-10-10,port883,Paradip,India,IND,4,5,111714,139291
2020-10-11,port1367,Visakhapatnam,India,IND,3,6,81402,65917
2020-10-11,port2299,Gopalpur,India,IND,1,1,22395,22579
2020-10-11,port290,Dhamra Port,India,IND,0,0,0,0
2020-10-11,port442,Haldia,India,IND,0,3,0,0
2020-10-11,port883,Paradip,India,IND,2,4,40646,60537
2020-10-12,port1367,Visakhapatnam,India,IND,1,1,22859,0
2020-10-12,port2299,Gopalpur,India,IND,0,0,0,0
2020-10-12,port290,Dhamra Port,India,IND,1,1,41491,19184
2020-10-12,port442,Haldia,India,IND,7,9,120922,39795
2020-10-12,port883,Paradip,India,IND,4,4,134824,60537
2020-10-13,port1367,Visakhapatnam,India,IND,3,4,51359,107727
2020-10-13,port2299,Gopalpur,India,IND,1,1,22395,22579
2020-10-13,port290,Dhamra Port,India,IND,1,1,41491,19184
2020-10-13,port442,Haldia,India,IND,2,3,23295,3059
2020-10-13,port883,Paradip,India,IND,1,1,20323,30268
2020-10-14,port1367,Visakhapatnam,India,IND,2,3,37382,0
2020-10-14,port2299,Gopalpur,India,IND,0,0,0,0
2020-10-14,port290,Dhamra Port,India,IND,2,2,52724,74334
2020-10-14,port442,Haldia,India,IND,1,3,0,0
2020-10-14,port883,Paradip,India,IND,0,0,0,0
2020-10-15,port1367,Visakhapatnam,India,IND,2,3,34294,47055
2020-10-15,port2299,Gopalpur,India,IND,0,0,0,0
2020-10-15,port290,Dhamra Port,India,IND,1,1,41491,19184
2020-10-15,port442,Haldia,India,IND,3,5,0,91650
2020-10-15,port883,Paradip,India,IND,0,0,0,0
2020-10-16,port1367,Visakhapatnam,India,IND,6,12,297430,63720
2020-10-16,port2299,Gopalpur,India,IND,1,1,22395,22579
2020-10-16,port290,Dhamra Port,India,IND,1,1,41491,19184
2020-10-16,port442,Haldia,India,IND,7,8,148628,19941
2020-10-16,port883,Paradip,India,IND,6,8,102680,186688
2020-10-17,port1367,Visakhapatnam,India,IND,3,8,147473,0
2020-10-17,port2299,Gopalpur,India,IND,0,0,0,0
2020-10-17,port290,Dhamra Port,India,IND,1,1,0,39290
2020-10-17,port442,Haldia,India,IND,1,1,27252,0
2020-10-17,port883,Paradip,India,IND,2,2,78618,23180
2020-10-18,port1367,Visakhapatnam,India,IND,2,4,0,114033
2020-10-18,port2299,Gopalpur,India,IND,1,1,22395,22579
2020-10-18,port290,Dhamra Port,India,IND,1,1,0,54591
2020-10-18,port442,Haldia,India,IND,4,5,78776,3059
2020-10-18,port883,Paradip,India,IND,1,1,0,53664
2020-10-19,port1367,Visakhapatnam,India,IND,5,8,173935,57428
2020-10-19,port2299,Gopalpur,India,IND,0,0,0,0
2020-10-19,port290,Dhamra Port,India,IND,0,0,0,0
2020-10-19,port442,Haldia,India,IND,2,4,0,38181
2020-10-19,port883,Paradip,India,IND,2,2,0,2319
2020-10-20,port1367,Visakhapatnam,India,IND,4,7,131000,15736
2020-10-20,port2299,Gopalpur,India,IND,1,1,52962,0
2020-10-20,port290,Dhamra Port,India,IND,0,0,0,0
2020-10-20,port442,Haldia,India,IND,3,6,132110,0
2020-10-20,port883,Paradip,India,IND,3,4,80984,52923
2020-10-21,port1367,Visakhapatnam,India,IND,2,4,3742,0
2020-10-21,port2299,Gopalpur,India,IND,0,0,0,0
2020-10-21,port290,Dhamra Port,India,IND,1,1,161414,0
2020-10-21,port442,Haldia,India,IND,1,4,23295,3059
2020-10-21,port883,Paradip,India,IND,1,2,26907,0
2020-10-22,port1367,Visakhapatnam,India,IND,8,13,188329,172328
2020-10-22,port2299,Gopalpur,India,IND,0,0,0,0
2020-10-22,port290,Dhamra Port,India,IND,1,1,6050,0
2020-10-22,port442,Haldia,India,IND,3,7,160257,3059
2020-10-22,port883,Paradip,India,IND,0,0,0,0
2020-10-23,port1367,Visakhapatnam,India,IND,3,6,44268,130155
2020-10-23,port2299,Gopalpur,India,IND,2,2,0,71763
2020-10-23,port290,Dhamra Port,India,IND,0,0,0,0
2020-10-23,port442,Haldia,India,IND,6,7,78501,64015
2020-10-23,port883,Paradip,India,IND,4,4,97653,162077
2020-10-24,port1367,Visakhapatnam,India,IND,5,6,335451,15736
2020-10-24,port2299,Gopalpur,India,IND,0,0,0,0
2020-10-24,port290,Dhamra Port,India,IND,1,1,83520,0
2020-10-24,port442,Haldia,India,IND,1,5,79143,0
2020-10-24,port883,Paradip,India,IND,1,3,20323,30268
2020-10-25,port1367,Visakhapatnam,India,IND,3,6,121759,25982
2020-10-25,port2299,Gopalpur,India,IND,0,0,0,0
2020-10-25,port290,Dhamra Port,India,IND,1,1,4097,0
2020-10-25,port442,Haldia,India,IND,2,4,6549,25966
2020-10-25,port883,Paradip,India,IND,5,5,123680,49775
2020-10-26,port1367,Visakhapatnam,India,IND,7,11,208117,15736
2020-10-26,port2299,Gopalpur,India,IND,0,0,0,0
2020-10-26,port290,Dhamra Port,India,IND,2,2,204308,19184
2020-10-26,port442,Haldia,India,IND,4,4,89650,59670
2020-10-26,port883,Paradip,India,IND,3,3,40646,119120
2020-10-27,port1367,Visakhapatnam,India,IND,3,6,34294,68112
2020-10-27,port2299,Gopalpur,India,IND,0,0,0,0
2020-10-27,port290,Dhamra Port,India,IND,2,2,41491,65002
2020-10-27,port442,Haldia,India,IND,2,7,37811,0
2020-10-27,port883,Paradip,India,IND,1,2,20323,30268
2020-10-28,port1367,Visakhapatnam,India,IND,3,7,222892,15736
2020-10-28,port2299,Gopalpur,India,IND,1,1,0,30543
2020-10-28,port290,Dhamra Port,India,IND,0,0,0,0
2020-10-28,port442,Haldia,India,IND,5,6,90817,6118
2020-10-28,port883,Paradip,India,IND,2,2,42156,54133
2020-10-29,port1367,Visakhapatnam,India,IND,6,9,184886,78042
2020-10-29,port2299,Gopalpur,India,IND,0,0,0,0
2020-10-29,port290,Dhamra Port,India,IND,1,1,0,0
2020-10-29,port442,Haldia,India,IND,3,4,98122,3059
2020-10-29,port883,Paradip,India,IND,3,3,84586,60537
2020-10-30,port1367,Visakhapatnam,India,IND,5,8,131867,149741
2020-10-30,port2299,Gopalpur,India,IND,0,0,0,0
2020-10-30,port290,Dhamra Port,India,IND,1,1,162416,0
2020-10-30,port442,Haldia,India,IND,2,5,114405,0
2020-10-30,port883,Paradip,India,IND,5,5,99203,160185
2020-10-31,port1367,Visakhapatnam,India,IND,3,5,81290,68981
2020-10-31,port2299,Gopalpur,India,IND,2,2,36698,24369
2020-10-31,port290,Dhamra Port,India,IND,1,1,73275,0
2020-10-31,port442,Haldia,India,IND,4,7,96132,32259
2020-10-31,port883,Paradip,India,IND,4,4,61125,91097
2020-11-01,port1367,Visakhapatnam,India,IND,3,4,89046,59857
2020-11-01,port2299,Gopalpur,India,IND,1,1,0,0
2020-11-01,port290,Dhamra Port,India,IND,1,1,58,0
2020-11-01,port442,Haldia,India,IND,1,5,23295,3059
2020-11-01,port883,Paradip,India,IND,6,6,88284,215423
2020-11-02,port1367,Visakhapatnam,India,IND,5,6,389332,15736
2020-11-02,port2299,Gopalpur,India,IND,2,2,77785,54211
2020-11-02,port290,Dhamra Port,India,IND,1,1,41491,19184
2020-11-02,port442,Haldia,India,IND,2,3,73021,0
2020-11-02,port883,Paradip,India,IND,1,1,78050,0
2020-11-03,port1367,Visakhapatnam,India,IND,2,5,112013,15736
2020-11-03,port2299,Gopalpur,India,IND,1,1,22395,22579
2020-11-03,port290,Dhamra Port,India,IND,0,0,0,0
2020-11-03,port442,Haldia,India,IND,1,2,37393,0
2020-11-03,port883,Paradip,India,IND,4,4,60163,142789
2020-11-04,port1367,Visakhapatnam,India,IND,5,7,102883,175069
2020-11-04,port2299,Gopalpur,India,IND,0,0,0,0
2020-11-04,port290,Dhamra Port,India,IND,0,0,0,0
2020-11-04,port442,Haldia,India,IND,3,4,101321,11157
2020-11-04,port883,Paradip,India,IND,3,4,20323,134198
2020-11-05,port1367,Visakhapatnam,India,IND,4,5,110777,58533
2020-11-05,port2299,Gopalpur,India,IND,0,0,0,0
2020-11-05,port290,Dhamra Port,India,IND,2,2,78277,70197
2020-11-05,port442,Haldia,India,IND,5,7,125116,7211
2020-11-05,port883,Paradip,India,IND,4,4,137359,84803
2020-11-06,port1367,Visakhapatnam,India,IND,6,7,381409,54752
2020-11-06,port2299,Gopalpur,India,IND,0,0,0,0
2020-11-06,port290,Dhamra Port,India,IND,1,1,39416,0
2020-11-06,port442,Haldia,India,IND,1,3,78678,0
2020-11-06,port883,Paradip,India,IND,1,1,78802,0
2020-11-07,port1367,Visakhapatnam,India,IND,5,7,120734,77609
2020-11-07,port2299,Gopalpur,India,IND,0,0,0,0
2020-11-07,port290,Dhamra Port,India,IND,1,1,162327,0
2020-11-07,port442,Haldia,India,IND,4,6,0,0
2020-11-07,port883,Paradip,India,IND,4,6,182168,54328
2020-11-08,port1367,Visakhapatnam,India,IND,3,4,77490,66068
2020-11-08,port2299,Gopalpur,India,IND,1,1,103483,0
2020-11-08,port290,Dhamra Port,India,IND,2,2,128859,0
2020-11-08,port442,Haldia,India,IND,2,3,79091,0
2020-11-08,port883,Paradip,India,IND,2,3,132165,0
2020-11-09,port1367,Visakhapatnam,India,IND,2,4,100867,0
2020-11-09,port2299,Gopalpur,India,IND,1,1,0,24795
2020-11-09,port290,Dhamra Port,India,IND,1,1,0,49524
2020-11-09,port442,Haldia,India,IND,2,4,29069,38846
2020-11-09,port883,Paradip,India,IND,1,1,0,55766
2020-11-10,port1367,Visakhapatnam,India,IND,5,7,261865,94333
2020-11-10,port2299,Gopalpur,India,IND,2,2,44791,45159
2020-11-10,port290,Dhamra Port,India,IND,2,2,117066,19184
2020-11-10,port442,Haldia,India,IND,2,4,77201,0
2020-11-10,port883,Paradip,India,IND,0,0,0,0
2020-11-11,port1367,Visakhapatnam,India,IND,7,10,283763,86257
2020-11-11,port2299,Gopalpur,India,IND,1,1,22395,22579
2020-11-11,port290,Dhamra Port,India,IND,2,2,1201,28617
2020-11-11,port442,Haldia,India,IND,5,9,83213,14346
2020-11-11,port883,Paradip,India,IND,2,2,40646,60537
2020-11-12,port1367,Visakhapatnam,India,IND,3,8,109016,119220
2020-11-12,port2299,Gopalpur,India,IND,0,0,0,0
2020-11-12,port290,Dhamra Port,India,IND,0,0,0,0
2020-11-12,port442,Haldia,India,IND,3,8,76107,49069
2020-11-12,port883,Paradip,India,IND,2,2,78612,67264
2020-11-13,port1367,Visakhapatnam,India,IND,6,7,166263,79367
2020-11-13,port2299,Gopalpur,India,IND,2,2,94362,22579
2020-11-13,port290,Dhamra Port,India,IND,2,2,119273,19184
2020-11-13,port442,Haldia,India,IND,2,3,36600,0
2020-11-13,port883,Paradip,India,IND,0,0,0,0
2020-11-14,port1367,Visakhapatnam,India,IND,0,5,0,0
2020-11-14,port2299,Gopalpur,India,IND,0,0,0,0
2020-11-14,port290,Dhamra Port,India,IND,1,1,41491,19184
2020-11-14,port442,Haldia,India,IND,1,3,0,0
2020-11-14,port883,Paradip,India,IND,3,3,40646,115991
2020-11-15,port1367,Visakhapatnam,India,IND,3,7,21535,158251
2020-11-15,port2299,Gopalpur,India,IND,0,0,0,0
2020-11-15,port290,Dhamra Port,India,IND,0,0,0,0
2020-11-15,port442,Haldia,India,IND,3,3,100189,0
2020-11-15,port883,Paradip,India,IND,1,1,75474,0
2020-11-16,port1367,Visakhapatnam,India,IND,6,8,292202,68715
2020-11-16,port2299,Gopalpur,India,IND,0,0,0,0
2020-11-16,port290,Dhamra Port,India,IND,0,0,0,0
2020-11-16,port442,Haldia,India,IND,2,5,44119,0
2020-11-16,port883,Paradip,India,IND,3,3,20323,123483
2020-11-17,port1367,Visakhapatnam,India,IND,7,10,249046,69368
2020-11-17,port2299,Gopalpur,India,IND,2,2,102501,7018
2020-11-17,port290,Dhamra Port,India,IND,1,1,8197,0
2020-11-17,port442,Haldia,India,IND,3,7,98873,0
2020-11-17,port883,Paradip,India,IND,4,5,20323,89292
2020-11-18,port1367,Visakhapatnam,India,IND,3,7,246766,70939
2020-11-18,port2299,Gopalpur,India,IND,1,1,0,54438
2020-11-18,port290,Dhamra Port,India,IND,2,2,41491,96801
2020-11-18,port442,Haldia,India,IND,0,3,0,0
2020-11-18,port883,Paradip,India,IND,5,5,183275,53780
2020-11-19,port1367,Visakhapatnam,India,IND,1,2,34294,15736
2020-11-19,port2299,Gopalpur,India,IND,0,0,0,0
2020-11-19,port290,Dhamra Port,India,IND,0,0,0,0
2020-11-19,port442,Haldia,India,IND,4,6,99511,3059
2020-11-19,port883,Paradip,India,IND,4,6,98697,85113
2020-11-20,port1367,Visakhapatnam,India,IND,4,7,68588,162039
2020-11-20,port2299,Gopalpur,India,IND,1,1,22395,22579
2020-11-20,port290,Dhamra Port,India,IND,0,0,0,0
2020-11-20,port442,Haldia,India,IND,2,5,102194,3059
2020-11-20,port883,Paradip,India,IND,7,8,332641,72866
2020-11-21,port1367,Visakhapatnam,India,IND,3,4,34294,68991
2020-11-21,port2299,Gopalpur,India,IND,2,2,0,103823
2020-11-21,port290,Dhamra Port,India,IND,1,2,41491,19184
2020-11-21,port442,Haldia,India,IND,4,4,152845,0
2020-11-21,port883,Paradip,India,IND,2,2,62215,0
2020-11-22,port1367,Visakhapatnam,India,IND,5,7,176832,48633
2020-11-22,port2299,Gopalpur,India,IND,0,0,0,0
2020-11-22,port290,Dhamra Port,India,IND,1,1,0,0
2020-11-22,port442,Haldia,India,IND,2,4,23295,3059
2020-11-22,port883,Paradip,India,IND,4,4,112701,76536
2020-11-23,port1367,Visakhapatnam,India,IND,6,8,321072,0
2020-11-23,port2299,Gopalpur,India,IND,0,1,0,0
2020-11-23,port290,Dhamra Port,India,IND,0,0,0,0
2020-11-23,port442,Haldia,India,IND,3,7,0,0
2020-11-23,port883,Paradip,India,IND,3,3,73891,54329
2020-11-24,port1367,Visakhapatnam,India,IND,4,5,105804,124844
2020-11-24,port2299,Gopalpur,India,IND,2,2,31397,60667
2020-11-24,port290,Dhamra Port,India,IND,1,1,78860,0
2020-11-24,port442,Haldia,India,IND,3,4,23295,40855
2020-11-24,port883,Paradip,India,IND,1,2,76329,0
2020-11-25,port1367,Visakhapatnam,India,IND,9,12,343673,78684
2020-11-25,port2299,Gopalpur,India,IND,1,1,22395,22579
2020-11-25,port290,Dhamra Port,India,IND,1,1,0,72145
2020-11-25,port442,Haldia,India,IND,4,4,102194,3059
2020-11-25,port883,Paradip,India,IND,3,4,77284,122948
2020-11-26,port1367,Visakhapatnam,India,IND,2,8,66647,0
2020-11-26,port2299,Gopalpur,India,IND,0,0,0,0
2020-11-26,port290,Dhamra Port,India,IND,0,0,0,0
2020-11-26,port442,Haldia,India,IND,4,4,23295,19699
2020-11-26,port883,Paradip,India,IND,5,6,173205,109042
2020-11-27,port1367,Visakhapatnam,India,IND,2,4,34294,94493
2020-11-27,port2299,Gopalpur,India,IND,1,1,0,26308
2020-11-27,port290,Dhamra Port,India,IND,0,0,0,0
2020-11-27,port442,Haldia,India,IND,2,4,981,0
2020-11-27,port883,Paradip,India,IND,3,4,74798,60776
2020-11-28,port1367,Visakhapatnam,India,IND,2,8,75740,15736
2020-11-28,port2299,Gopalpur,India,IND,2,2,0,79570
2020-11-28,port290,Dhamra Port,India,IND,1,1,25218,0
2020-11-28,port442,Haldia,India,IND,3,3,23295,40504
2020-11-28,port883,Paradip,India,IND,2,2,20323,106334
2020-11-29,port1367,Visakhapatnam,India,IND,6,9,186952,134981
2020-11-29,port2299,Gopalpur,India,IND,0,0,0,0
2020-11-29,port290,Dhamra Port,India,IND,0,0,0,0
2020-11-29,port442,Haldia,India,IND,2,2,23295,3965
2020-11-29,port883,Paradip,India,IND,0,2,0,0
2020-11-30,port1367,Visakhapatnam,India,IND,5,7,225981,46812
2020-11-30,port2299,Gopalpur,India,IND,0,0,0,0
2020-11-30,port290,Dhamra Port,India,IND,1,1,41254,0
2020-11-30,port442,Haldia,India,IND,5,8,10867,79197
2020-11-30,port883,Paradip,India,IND,0,1,0,0
2020-12-01,port1367,Visakhapatnam,India,IND,11,16,362555,144235
2020-12-01,port2299,Gopalpur,India,IND,0,0,0,0
2020-12-01,port290,Dhamra Port,India,IND,0,0,0,0
2020-12-01,port442,Haldia,India,IND,3,5,80644,0
2020-12-01,port883,Paradip,India,IND,3,3,40646,87314
2020-12-02,port1367,Visakhapatnam,India,IND,1,5,0,0
2020-12-02,port2299,Gopalpur,India,IND,1,1,0,51476
2020-12-02,port290,Dhamra Port,India,IND,1,1,78126,0
2020-12-02,port442,Haldia,India,IND,4,8,62201,0
2020-12-02,port883,Paradip,India,IND,2,2,0,126803
2020-12-03,port1367,Visakhapatnam,India,IND,3,10,132575,15736
2020-12-03,port2299,Gopalpur,India,IND,0,0,0,0
2020-12-03,port290,Dhamra Port,India,IND,2,2,206778,19184
2020-12-03,port442,Haldia,India,IND,0,2,0,0
2020-12-03,port883,Paradip,India,IND,3,4,153189,55766
2020-12-04,port1367,Visakhapatnam,India,IND,7,10,217356,136696
2020-12-04,port2299,Gopalpur,India,IND,1,1,22395,22579
2020-12-04,port290,Dhamra Port,India,IND,1,1,49112,0
2020-12-04,port442,Haldia,India,IND,2,3,1090,453
2020-12-04,port883,Paradip,India,IND,2,2,54926,15678
2020-12-05,port1367,Visakhapatnam,India,IND,3,6,40714,103483
2020-12-05,port2299,Gopalpur,India,IND,0,0,0,0
2020-12-05,port290,Dhamra Port,India,IND,2,2,204445,0
2020-12-05,port442,Haldia,India,IND,3,6,93780,0
2020-12-05,port883,Paradip,India,IND,3,3,20323,55829
2020-12-06,port1367,Visakhapatnam,India,IND,1,4,82225,0
2020-12-06,port2299,Gopalpur,India,IND,0,0,0,0
2020-12-06,port290,Dhamra Port,India,IND,0,0,0,0
2020-12-06,port442,Haldia,India,IND,2,5,38811,0
2020-12-06,port883,Paradip,India,IND,2,2,104322,0
2020-12-07,port1367,Visakhapatnam,India,IND,4,7,264787,31473
2020-12-07,port2299,Gopalpur,India,IND,2,2,0,58616
2020-12-07,port290,Dhamra Port,India,IND,1,1,0,48796
2020-12-07,port442,Haldia,India,IND,4,5,46591,46878
2020-12-07,port883,Paradip,India,IND,1,2,0,49132
2020-12-08,port1367,Visakhapatnam,India,IND,6,8,244061,72077
2020-12-08,port2299,Gopalpur,India,IND,0,0,0,0
2020-12-08,port290,Dhamra Port,India,IND,1,1,72865,0
2020-12-08,port442,Haldia,India,IND,2,3,0,0
2020-12-08,port883,Paradip,India,IND,6,6,150279,150900
2020-12-09,port1367,Visakhapatnam,India,IND,7,8,345190,108268
2020-12-09,port2299,Gopalpur,India,IND,0,0,0,0
2020-12-09,port290,Dhamra Port,India,IND,2,2,158802,0
2020-12-09,port442,Haldia,India,IND,2,5,69689,0
2020-12-09,port883,Paradip,India,IND,0,1,0,0
2020-12-10,port1367,Visakhapatnam,India,IND,3,8,82587,54369
2020-12-10,port2299,Gopalpur,India,IND,0,0,0,0
2020-12-10,port290,Dhamra Port,India,IND,0,0,0,0
2020-12-10,port442,Haldia,India,IND,1,2,36774,0
2020-12-10,port883,Paradip,India,IND,4,4,127287,102176
2020-12-11,port1367,Visakhapatnam,India,IND,1,3,17876,0
2020-12-11,port2299,Gopalpur,India,IND,0,0,0,0
2020-12-11,port290,Dhamra Port,India,IND,1,1,78915,0
2020-12-11,port442,Haldia,India,IND,4,5,70432,9178
2020-12-11,port883,Paradip,India,IND,3,3,40646,60537
2020-12-12,port1367,Visakhapatnam,India,IND,6,6,228934,101787
2020-12-12,port2299,Gopalpur,India,IND,0,1,0,0
2020-12-12,port290,Dhamra Port,India,IND,0,0,0,0
2020-12-12,port442,Haldia,India,IND,3,8,55934,37245
2020-12-12,port883,Paradip,India,IND,1,3,37334,0
2020-12-13,port1367,Visakhapatnam,India,IND,7,13,160168,140816
2020-12-13,port2299,Gopalpur,India,IND,2,2,0,55123
2020-12-13,port290,Dhamra Port,India,IND,4,4,290223,43093
2020-12-13,port442,Haldia,India,IND,1,4,3647,0
2020-12-13,port883,Paradip,India,IND,4,4,99017,156742
2020-12-14,port1367,Visakhapatnam,India,IND,4,8,34294,126436
2020-12-14,port2299,Gopalpur,India,IND,0,0,0,0
2020-12-14,port290,Dhamra Port,India,IND,0,0,0,0
2020-12-14,port442,Haldia,India,IND,2,5,0,0
2020-12-14,port883,Paradip,India,IND,3,3,137001,53528
2020-12-15,port1367,Visakhapatnam,India,IND,4,7,307481,15736
2020-12-15,port2299,Gopalpur,India,IND,0,0,0,0
2020-12-15,port290,Dhamra Port,India,IND,1,1,78447,0
2020-12-15,port442,Haldia,India,IND,4,4,26155,38667
2020-12-15,port883,Paradip,India,IND,2,4,0,80183
2020-12-16,port1367,Visakhapatnam,India,IND,5,9,213374,35572
2020-12-16,port2299,Gopalpur,India,IND,1,1,0,79107
2020-12-16,port290,Dhamra Port,India,IND,0,0,0,0
2020-12-16,port442,Haldia,India,IND,2,3,36968,0
2020-12-16,port883,Paradip,India,IND,4,4,186712,30268
2020-12-17,port1367,Visakhapatnam,India,IND,4,6,84602,25227
2020-12-17,port2299,Gopalpur,India,IND,0,0,0,0
2020-12-17,port290,Dhamra Port,India,IND,0,0,0,0
2020-12-17,port442,Haldia,India,IND,2,4,23295,3059
2020-12-17,port883,Paradip,India,IND,4,4,40646,108174
2020-12-18,port1367,Visakhapatnam,India,IND,5,8,300105,109693
2020-12-18,port2299,Gopalpur,India,IND,1,1,0,32642
2020-12-18,port290,Dhamra Port,India,IND,1,1,0,58649
2020-12-18,port442,Haldia,India,IND,1,2,0,7829
2020-12-18,port883,Paradip,India,IND,3,3,177521,30268
2020-12-19,port1367,Visakhapatnam,India,IND,5,10,136431,82277
2020-12-19,port2299,Gopalpur,India,IND,0,0,0,0
2020-12-19,port290,Dhamra Port,India,IND,1,1,41491,19184
2020-12-19,port442,Haldia,India,IND,6,8,46591,6118
2020-12-19,port883,Paradip,India,IND,3,3,73266,85273
2020-12-20,port1367,Visakhapatnam,India,IND,6,7,202899,86899
2020-12-20,port2299,Gopalpur,India,IND,1,1,22395,22579
2020-12-20,port290,Dhamra Port,India,IND,1,1,81583,0
2020-12-20,port442,Haldia,India,IND,2,4,26929,0
2020-12-20,port883,Paradip,India,IND,1,1,78724,0
2020-12-21,port1367,Visakhapatnam,India,IND,5,9,253560,92417
2020-12-21,port2299,Gopalpur,India,IND,0,0,0,0
2020-12-21,port290,Dhamra Port,India,IND,0,0,0,0
2020-12-21,port442,Haldia,India,IND,3,4,35938,0
2020-12-21,port883,Paradip,India,IND,1,2,0,73198
2020-12-22,port1367,Visakhapatnam,India,IND,4,8,78854,145267
2020-12-22,port2299,Gopalpur,India,IND,1,1,0,57623
2020-12-22,port290,Dhamra Port,India,IND,1,1,163251,0
2020-12-22,port442,Haldia,India,IND,3,5,72258,0
2020-12-22,port883,Paradip,India,IND,2,2,78763,54724
2020-12-23,port1367,Visakhapatnam,India,IND,3,7,63383,81878
2020-12-23,port2299,Gopalpur,India,IND,0,0,0,0
2020-12-23,port290,Dhamra Port,India,IND,1,1,0,55569
2020-12-23,port442,Haldia,India,IND,2,5,30455,0
2020-12-23,port883,Paradip,India,IND,2,4,40646,60537
2020-12-24,port1367,Visakhapatnam,India,IND,4,7,208462,31473
2020-12-24,port2299,Gopalpur,India,IND,1,1,22395,22579
2020-12-24,port290,Dhamra Port,India,IND,1,1,41491,19184
2020-12-24,port442,Haldia,India,IND,3,6,23843,3059
2020-12-24,port883,Paradip,India,IND,3,3,20461,106173
2020-12-25,port1367,Visakhapatnam,India,IND,3,9,78644,81003
2020-12-25,port2299,Gopalpur,India,IND,1,1,0,23371
2020-12-25,port290,Dhamra Port,India,IND,1,1,0,0
2020-12-25,port442,Haldia,India,IND,3,7,34208,0
2020-12-25,port883,Paradip,India,IND,3,3,49631,83250
2020-12-26,port1367,Visakhapatnam,India,IND,7,10,226542,173551
2020-12-26,port2299,Gopalpur,India,IND,1,1,45400,0
2020-12-26,port290,Dhamra Port,India,IND,1,1,0,37631
2020-12-26,port442,Haldia,India,IND,1,5,73198,0
2020-12-26,port883,Paradip,India,IND,0,0,0,0
2020-12-27,port1367,Visakhapatnam,India,IND,4,9,325230,31473
2020-12-27,port2299,Gopalpur,India,IND,0,1,0,0
2020-12-27,port290,Dhamra Port,India,IND,1,1,162501,0
2020-12-27,port442,Haldia,India,IND,1,1,29666,0
2020-12-27,port883,Paradip,India,IND,2,2,40646,60537
2020-12-28,port1367,Visakhapatnam,India,IND,1,5,34294,15736
2020-12-28,port2299,Gopalpur,India,IND,1,1,0,59730
2020-12-28,port290,Dhamra Port,India,IND,1,1,0,0
2020-12-28,port442,Haldia,India,IND,2,5,0,0
2020-12-28,port883,Paradip,India,IND,2,2,155492,0
2020-12-29,port1367,Visakhapatnam,India,IND,4,7,79093,139862
2020-12-29,port2299,Gopalpur,India,IND,1,1,0,25314
2020-12-29,port290,Dhamra Port,India,IND,0,0,0,0
2020-12-29,port442,Haldia,India,IND,3,8,151931,27501
2020-12-29,port883,Paradip,India,IND,1,1,33926,0
2020-12-30,port1367,Visakhapatnam,India,IND,0,4,0,0
2020-12-30,port2299,Gopalpur,India,IND,1,1,4021,0
2020-12-30,port290,Dhamra Port,India,IND,1,1,162708,0
2020-12-30,port442,Haldia,India,IND,4,7,23295,4154
2020-12-30,port883,Paradip,India,IND,4,4,99302,60724
2020-12-31,port1367,Visakhapatnam,India,IND,6,7,417400,77505
2020-12-31,port2299,Gopalpur,India,IND,0,0,0,0
2020-12-31,port290,Dhamra Port,India,IND,3,3,41555,50707
2020-12-31,port442,Haldia,India,IND,2,6,0,0
2020-12-31,port883,Paradip,India,IND,1,2,0,0
2021-01-01,port1367,Visakhapatnam,India,IND,2,3,0,64476
2021-01-01,port2299,Gopalpur,India,IND,0,2,0,0
2021-01-01,port290,Dhamra Port,India,IND,0,0,0,0
2021-01-01,port442,Haldia,India,IND,5,8,79554,0
2021-01-01,port883,Paradip,India,IND,5,7,101929,141458
2021-01-02,port1367,Visakhapatnam,India,IND,7,8,227260,115282
2021-01-02,port2299,Gopalpur,India,IND,1,1,0,54380
2021-01-02,port290,Dhamra Port,India,IND,3,3,82983,87254
2021-01-02,port442,Haldia,India,IND,0,0,0,0
2021-01-02,port883,Paradip,India,IND,2,3,80196,0
2021-01-03,port1367,Visakhapatnam,India,IND,2,3,34294,42356
2021-01-03,port2299,Gopalpur,India,IND,0,0,0,0
2021-01-03,port290,Dhamra Port,India,IND,2,2,78860,12705
2021-01-03,port442,Haldia,India,IND,2,4,23295,3059
2021-01-03,port883,Paradip,India,IND,1,1,0,56552
2021-01-04,port1367,Visakhapatnam,India,IND,4,6,196309,0
2021-01-04,port2299,Gopalpur,India,IND,1,1,78470,0
2021-01-04,port290,Dhamra Port,India,IND,0,0,0,0
2021-01-04,port442,Haldia,India,IND,1,2,26717,0
2021-01-04,port883,Paradip,India,IND,5,6,166398,119929
2021-01-05,port1367,Visakhapatnam,India,IND,5,7,199723,42140
2021-01-05,port2299,Gopalpur,India,IND,0,0,0,0
2021-01-05,port290,Dhamra Port,India,IND,2,2,82983,38369
2021-01-05,port442,Haldia,India,IND,3,5,26766,0
2021-01-05,port883,Paradip,India,IND,3,3,95629,60537
2021-01-06,port1367,Visakhapatnam,India,IND,5,7,146667,83281
2021-01-06,port2299,Gopalpur,India,IND,0,0,0,0
2021-01-06,port290,Dhamra Port,India,IND,1,1,162715,0
2021-01-06,port442,Haldia,India,IND,6,6,105158,0
2021-01-06,port883,Paradip,India,IND,2,2,20323,83527
2021-01-07,port1367,Visakhapatnam,India,IND,4,7,220452,0
2021-01-07,port2299,Gopalpur,India,IND,1,1,77837,0
2021-01-07,port290,Dhamra Port,India,IND,1,1,41491,19184
2021-01-07,port442,Haldia,India,IND,1,4,38087,0
2021-01-07,port883,Paradip,India,IND,7,7,61647,304445
2021-01-08,port1367,Visakhapatnam,India,IND,4,7,46337,45518
2021-01-08,port2299,Gopalpur,India,IND,1,1,103507,0
2021-01-08,port290,Dhamra Port,India,IND,0,0,0,0
2021-01-08,port442,Haldia,India,IND,3,5,28037,0
2021-01-08,port883,Paradip,India,IND,0,2,0,0
2021-01-09,port1367,Visakhapatnam,India,IND,0,2,0,0
2021-01-09,port2299,Gopalpur,India,IND,0,0,0,0
2021-01-09,port290,Dhamra Port,India,IND,0,0,0,0
2021-01-09,port442,Haldia,India,IND,3,5,112753,23644
2021-01-09,port883,Paradip,India,IND,3,4,43504,79172
2021-01-10,port1367,Visakhapatnam,India,IND,6,9,331506,54576
2021-01-10,port2299,Gopalpur,India,IND,0,0,0,0
2021-01-10,port290,Dhamra Port,India,IND,1,1,0,54983
2021-01-10,port442,Haldia,India,IND,3,6,102937,3059
2021-01-10,port883,Paradip,India,IND,2,2,62426,70367
2021-01-11,port1367,Visakhapatnam,India,IND,3,8,63377,84867
2021-01-11,port2299,Gopalpur,India,IND,1,1,0,43604
2021-01-11,port290,Dhamra Port,India,IND,0,0,0,0
2021-01-11,port442,Haldia,India,IND,1,1,23295,3059
2021-01-11,port883,Paradip,India,IND,3,3,60969,90806
2021-01-12,port1367,Visakhapatnam,India,IND,2,3,89940,15736
2021-01-12,port2299,Gopalpur,India,IND,0,0,0,0
2021-01-12,port290,Dhamra Port,India,IND,0,0,0,0
2021-01-12,port442,Haldia,India,IND,1,1,0,0
2021-01-12,port883,Paradip,India,IND,2,2,0,148390
2021-01-13,port1367,Visakhapatnam,India,IND,5,7,167255,80049
2021-01-13,port2299,Gopalpur,India,IND,1,1,0,0
2021-01-13,port290,Dhamra Port,India,IND,0,0,0,0
2021-01-13,port442,Haldia,India,IND,3,5,111200,0
2021-01-13,port883,Paradip,India,IND,3,4,118701,60537
2021-01-14,port1367,Visakhapatnam,India,IND,3,5,150183,31473
2021-01-14,port2299,Gopalpur,India,IND,0,0,0,0
2021-01-14,port290,Dhamra Port,India,IND,0,0,0,0
2021-01-14,port442,Haldia,India,IND,1,4,23295,3059
2021-01-14,port883,Paradip,India,IND,0,0,0,0
2021-01-15,port1367,Visakhapatnam,India,IND,0,1,0,0
2021-01-15,port2299,Gopalpur,India,IND,0,0,0,0
2021-01-15,port290,Dhamra Port,India,IND,0,0,0,0
2021-01-15,port442,Haldia,India,IND,2,3,0,0
2021-01-15,port883,Paradip,India,IND,2,4,90775,0
2021-01-16,port1367,Visakhapatnam,India,IND,5,6,247149,67198
2021-01-16,port2299,Gopalpur,India,IND,0,0,0,0
2021-01-16,port290,Dhamra Port,India,IND,1,1,0,53799
2021-01-16,port442,Haldia,India,IND,5,7,160709,36519
2021-01-16,port883,Paradip,India,IND,3,4,60969,90806
2021-01-17,port1367,Visakhapatnam,India,IND,6,10,204039,156454
2021-01-17,port2299,Gopalpur,India,IND,0,0,0,0
2021-01-17,port290,Dhamra Port,India,IND,1,1,79067,0
2021-01-17,port442,Haldia,India,IND,1,3,18655,0
2021-01-17,port883,Paradip,India,IND,1,1,0,71664
2021-01-18,port1367,Visakhapatnam,India,IND,9,15,461955,54440
2021-01-18,port2299,Gopalpur,India,IND,0,0,0,0
2021-01-18,port290,Dhamra Port,India,IND,1,1,41491,19184
2021-01-18,port442,Haldia,India,IND,3,6,130305,0
2021-01-18,port883,Paradip,India,IND,1,1,20323,30268
2021-01-19,port1367,Visakhapatnam,India,IND,6,8,173853,142492
2021-01-19,port2299,Gopalpur,India,IND,0,0,0,0
2021-01-19,port290,Dhamra Port,India,IND,0,0,0,0
2021-01-19,port442,Haldia,India,IND,3,5,46591,6118
2021-01-19,port883,Paradip,India,IND,5,6,176557,110816
2021-01-20,port1367,Visakhapatnam,India,IND,5,5,78713,102528
2021-01-20,port2299,Gopalpur,India,IND,1,1,0,27542
2021-01-20,port290,Dhamra Port,India,IND,0,0,0,0
2021-01-20,port442,Haldia,India,IND,1,3,55253,0
2021-01-20,port883,Paradip,India,IND,5,6,40646,153680
2021-01-21,port1367,Visakhapatnam,India,IND,4,6,181429,47210
2021-01-21,port2299,Gopalpur,India,IND,0,0,0,0
2021-01-21,port290,Dhamra Port,India,IND,0,0,0,0
2021-01-21,port442,Haldia,India,IND,4,5,0,107816
2021-01-21,port883,Paradip,India,IND,2,2,0,127382
2021-01-22,port1367,Visakhapatnam,India,IND,5,7,68588,191592
2021-01-22,port2299,Gopalpur,India,IND,1,1,22395,22579
2021-01-22,port290,Dhamra Port,India,IND,0,0,0,0
2021-01-22,port442,Haldia,India,IND,4,6,100702,3059
2021-01-22,port883,Paradip,India,IND,6,7,191949,119328
2021-01-23,port1367,Visakhapatnam,India,IND,1,2,34294,15736
2021-01-23,port2299,Gopalpur,India,IND,0,0,0,0
2021-01-23,port290,Dhamra Port,India,IND,2,2,74737,19184
2021-01-23,port442,Haldia,India,IND,1,5,0,0
2021-01-23,port883,Paradip,India,IND,3,3,40646,127875
2021-01-24,port1367,Visakhapatnam,India,IND,0,1,0,0
2021-01-24,port2299,Gopalpur,India,IND,0,0,0,0
2021-01-24,port290,Dhamra Port,India,IND,0,0,0,0
2021-01-24,port442,Haldia,India,IND,1,2,0,0
2021-01-24,port883,Paradip,India,IND,1,2,0,54447
2021-01-25,port1367,Visakhapatnam,India,IND,3,4,170270,53430
2021-01-25,port2299,Gopalpur,India,IND,2,2,58378,60783
2021-01-25,port290,Dhamra Port,India,IND,1,1,0,53419
2021-01-25,port442,Haldia,India,IND,2,4,23295,3059
2021-01-25,port883,Paradip,India,IND,1,2,42156,0
2021-01-26,port1367,Visakhapatnam,India,IND,3,5,34294,118253
2021-01-26,port2299,Gopalpur,India,IND,1,1,55395,0
2021-01-26,port290,Dhamra Port,India,IND,0,0,0,0
2021-01-26,port442,Haldia,India,IND,3,5,54144,0
2021-01-26,port883,Paradip,India,IND,3,4,20323,110803
2021-01-27,port1367,Visakhapatnam,India,IND,5,5,124115,77417
2021-01-27,port2299,Gopalpur,India,IND,0,0,0,0
2021-01-27,port290,Dhamra Port,India,IND,3,3,246612,0
2021-01-27,port442,Haldia,India,IND,5,8,102463,3059
2021-01-27,port883,Paradip,India,IND,2,2,18450,33686
2021-01-28,port1367,Visakhapatnam,India,IND,3,4,232936,31473
2021-01-28,port2299,Gopalpur,India,IND,0,0,0,0
2021-01-28,port290,Dhamra Port,India,IND,2,2,0,87623
2021-01-28,port442,Haldia,India,IND,1,4,78729,0
2021-01-28,port883,Paradip,India,IND,3,3,957,52410
2021-01-29,port1367,Visakhapatnam,India,IND,0,1,0,0
2021-01-29,port2299,Gopalpur,India,IND,0,1,0,0
2021-01-29,port290,Dhamra Port,India,IND,0,0,0,0
2021-01-29,port442,Haldia,India,IND,2,5,60274,3059
2021-01-29,port883,Paradip,India,IND,2,3,40646,60537
2021-01-30,port1367,Visakhapatnam,India,IND,5,5,73154,143693
2021-01-30,port2299,Gopalpur,India,IND,0,0,0,0
2021-01-30,port290,Dhamra Port,India,IND,1,1,0,60570
2021-01-30,port442,Haldia,India,IND,1,4,78051,0
2021-01-30,port883,Paradip,India,IND,4,4,0,156821
2021-01-31,port1367,Visakhapatnam,India,IND,4,7,101788,54680
2021-01-31,port2299,Gopalpur,India,IND,0,0,0,0
2021-01-31,port290,Dhamra Port,India,IND,1,1,41491,19184
2021-01-31,port442,Haldia,India,IND,1,5,0,0
2021-01-31,port883,Paradip,India,IND,4,4,96363,83306
2021-02-01,port1367,Visakhapatnam,India,IND,1,1,34294,15736
2021-02-01,port2299,Gopalpur,India,IND,0,0,0,0
2021-02-01,port290,Dhamra Port,India,IND,0,0,0,0
2021-02-01,port442,Haldia,India,IND,2,4,27622,0
2021-02-01,port883,Paradip,India,IND,2,3,40646,60537
2021-02-02,port1367,Visakhapatnam,India,IND,7,7,250320,78684
2021-02-02,port2299,Gopalpur,India,IND,0,0,0,0
2021-02-02,port290,Dhamra Port,India,IND,1,1,78489,0
2021-02-02,port442,Haldia,India,IND,1,3,75967,0
2021-02-02,port883,Paradip,India,IND,1,1,71615,0
2021-02-03,port1367,Visakhapatnam,India,IND,2,3,77771,47893
2021-02-03,port2299,Gopalpur,India,IND,2,2,0,108049
2021-02-03,port290,Dhamra Port,India,IND,0,0,0,0
2021-02-03,port442,Haldia,India,IND,4,6,102058,3059
2021-02-03,port883,Paradip,India,IND,4,4,40646,138213
2021-02-04,port1367,Visakhapatnam,India,IND,3,3,113600,15736
2021-02-04,port2299,Gopalpur,India,IND,0,0,0,0
2021-02-04,port290,Dhamra Port,India,IND,0,0,0,0
2021-02-04,port442,Haldia,India,IND,2,5,101468,3059
2021-02-04,port883,Paradip,India,IND,1,1,54392,0
2021-02-05,port1367,Visakhapatnam,India,IND,3,4,102883,47210
2021-02-05,port2299,Gopalpur,India,IND,0,0,0,0
2021-02-05,port290,Dhamra Port,India,IND,1,1,29768,0
2021-02-05,port442,Haldia,India,IND,0,1,0,0
2021-02-05,port883,Paradip,India,IND,3,6,105896,30268
2021-02-06,port1367,Visakhapatnam,India,IND,4,5,68588,153726
2021-02-06,port2299,Gopalpur,India,IND,1,1,0,48294
2021-02-06,port290,Dhamra Port,India,IND,2,2,83598,0
2021-02-06,port442,Haldia,India,IND,2,4,79205,0
2021-02-06,port883,Paradip,India,IND,2,3,20323,101932
2021-02-07,port1367,Visakhapatnam,India,IND,2,2,199691,15736
2021-02-07,port2299,Gopalpur,India,IND,0,0,0,0
2021-02-07,port290,Dhamra Port,India,IND,0,0,0,0
2021-02-07,port442,Haldia,India,IND,2,6,19067,0
2021-02-07,port883,Paradip,India,IND,2,2,0,123639
2021-02-08,port1367,Visakhapatnam,India,IND,5,5,153645,47210
2021-02-08,port2299,Gopalpur,India,IND,0,0,0,0
2021-02-08,port290,Dhamra Port,India,IND,1,1,41491,19184
2021-02-08,port442,Haldia,India,IND,3,5,52891,3059
2021-02-08,port883,Paradip,India,IND,3,3,0,120376
2021-02-09,port1367,Visakhapatnam,India,IND,4,5,496392,0
2021-02-09,port2299,Gopalpur,India,IND,0,0,0,0
2021-02-09,port290,Dhamra Port,India,IND,1,1,41491,19184
2021-02-09,port442,Haldia,India,IND,4,7,66253,0
2021-02-09,port883,Paradip,India,IND,4,5,97669,154940
2021-02-10,port1367,Visakhapatnam,India,IND,3,3,108820,0
2021-02-10,port2299,Gopalpur,India,IND,1,1,22395,22579
2021-02-10,port290,Dhamra Port,India,IND,2,2,41491,48889
2021-02-10,port442,Haldia,India,IND,2,3,23295,3059
2021-02-10,port883,Paradip,India,IND,3,5,39678,30268
2021-02-11,port1367,Visakhapatnam,India,IND,4,6,266960,15736
2021-02-11,port2299,Gopalpur,India,IND,1,1,0,0
2021-02-11,port290,Dhamra Port,India,IND,2,2,41491,24437
2021-02-11,port442,Haldia,India,IND,2,5,156860,0
2021-02-11,port883,Paradip,India,IND,1,1,20323,30268
2021-02-12,port1367,Visakhapatnam,India,IND,1,3,51168,0
2021-02-12,port2299,Gopalpur,India,IND,0,0,0,0
2021-02-12,port290,Dhamra Port,India,IND,0,0,0,0
2021-02-12,port442,Haldia,India,IND,0,1,0,0
2021-02-12,port883,Paradip,India,IND,1,1,20323,30268
2021-02-13,port1367,Visakhapatnam,India,IND,3,3,236254,31473
2021-02-13,port2299,Gopalpur,India,IND,0,0,0,0
2021-02-13,port290,Dhamra Port,India,IND,1,1,41491,19184
2021-02-13,port442,Haldia,India,IND,3,5,78860,51800
2021-02-13,port883,Paradip,India,IND,4,4,20323,77076
2021-02-14,port1367,Visakhapatnam,India,IND,3,5,35505,70366
2021-02-14,port2299,Gopalpur,India,IND,1,1,22395,22579
2021-02-14,port290,Dhamra Port,India,IND,1,1,0,28868
2021-02-14,port442,Haldia,India,IND,2,8,79495,0
2021-02-14,port883,Paradip,India,IND,1,1,20323,30268
2021-02-15,port1367,Visakhapatnam,India,IND,1,4,0,54817
2021-02-15,port2299,Gopalpur,India,IND,1,1,22395,22579
2021-02-15,port290,Dhamra Port,India,IND,0,0,0,0
2021-02-15,port442,Haldia,India,IND,1,3,0,0
2021-02-15,port883,Paradip,India,IND,3,4,40646,114996
2021-02-16,port1367,Visakhapatnam,India,IND,2,2,77611,46812
2021-02-16,port2299,Gopalpur,India,IND,1,1,22395,22579
2021-02-16,port290,Dhamra Port,India,IND,1,1,0,52064
2021-02-16,port442,Haldia,India,IND,2,4,812,0
2021-02-16,port883,Paradip,India,IND,6,6,119015,119439
2021-02-17,port1367,Visakhapatnam,India,IND,3,4,146193,31473
2021-02-17,port2299,Gopalpur,India,IND,1,1,0,0
2021-02-17,port290,Dhamra Port,India,IND,0,0,0,0
2021-02-17,port442,Haldia,India,IND,2,4,78978,0
2021-02-17,port883,Paradip,India,IND,1,2,78249,0
2021-02-18,port1367,Visakhapatnam,India,IND,4,4,161421,0
2021-02-18,port2299,Gopalpur,India,IND,1,1,0,0
2021-02-18,port290,Dhamra Port,India,IND,0,0,0,0
2021-02-18,port442,Haldia,India,IND,3,5,127672,3059
2021-02-18,port883,Paradip,India,IND,2,2,0,78082
2021-02-19,port1367,Visakhapatnam,India,IND,2,3,34294,56591
2021-02-19,port2299,Gopalpur,India,IND,0,0,0,0
2021-02-19,port290,Dhamra Port,India,IND,0,0,0,0
2021-02-19,port442,Haldia,India,IND,1,3,0,0
2021-02-19,port883,Paradip,India,IND,3,3,134936,49032
2021-02-20,port1367,Visakhapatnam,India,IND,1,1,34294,15736
2021-02-20,port2299,Gopalpur,India,IND,0,0,0,0
2021-02-20,port290,Dhamra Port,India,IND,1,1,41491,19184
2021-02-20,port442,Haldia,India,IND,0,0,0,0
2021-02-20,port883,Paradip,India,IND,0,0,0,0
2021-02-21,port1367,Visakhapatnam,India,IND,4,5,111535,65688
2021-02-21,port2299,Gopalpur,India,IND,0,0,0,0
2021-02-21,port290,Dhamra Port,India,IND,2,2,41491,79524
2021-02-21,port442,Haldia,India,IND,2,3,60921,0
2021-02-21,port883,Paradip,India,IND,2,3,0,128261
2021-02-22,port1367,Visakhapatnam,India,IND,2,2,34294,50265
2021-02-22,port2299,Gopalpur,India,IND,0,0,0,0
2021-02-22,port290,Dhamra Port,India,IND,1,1,0,46863
2021-02-22,port442,Haldia,India,IND,3,3,42105,670
2021-02-22,port883,Paradip,India,IND,3,3,35959,76866
2021-02-23,port1367,Visakhapatnam,India,IND,0,0,0,0
2021-02-23,port2299,Gopalpur,India,IND,0,0,0,0
2021-02-23,port290,Dhamra Port,India,IND,0,0,0,0
2021-02-23,port442,Haldia,India,IND,2,4,0,0
2021-02-23,port883,Paradip,India,IND,3,3,126157,30268
2021-02-24,port1367,Visakhapatnam,India,IND,3,4,114596,22472
2021-02-24,port2299,Gopalpur,India,IND,1,1,25314,0
2021-02-24,port290,Dhamra Port,India,IND,1,1,41938,0
2021-02-24,port442,Haldia,India,IND,3,6,24932,0
2021-02-24,port883,Paradip,India,IND,5,5,143810,158340
2021-02-25,port1367,Visakhapatnam,India,IND,2,2,0,90915
2021-02-25,port2299,Gopalpur,India,IND,0,0,0,0
2021-02-25,port290,Dhamra Port,India,IND,2,2,79881,54207
2021-02-25,port442,Haldia,India,IND,2,6,0,88952
2021-02-25,port883,Paradip,India,IND,3,4,151181,26622
2021-02-26,port1367,Visakhapatnam,India,IND,6,7,212521,101581
2021-02-26,port2299,Gopalpur,India,IND,1,1,0,54577
2021-02-26,port290,Dhamra Port,India,IND,1,1,0,0
2021-02-26,port442,Haldia,India,IND,3,6,52757,18764
2021-02-26,port883,Paradip,India,IND,8,10,179161,199319
2021-02-27,port1367,Visakhapatnam,India,IND,1,1,0,0
2021-02-27,port2299,Gopalpur,India,IND,1,1,0,60935
2021-02-27,port290,Dhamra Port,India,IND,0,0,0,0
2021-02-27,port442,Haldia,India,IND,1,4,0,0
2021-02-27,port883,Paradip,India,IND,1,2,0,75518
2021-02-28,port1367,Visakhapatnam,India,IND,1,1,79730,0
2021-02-28,port2299,Gopalpur,India,IND,1,1,0,53658
2021-02-28,port290,Dhamra Port,India,IND,1,1,0,71747
2021-02-28,port442,Haldia,India,IND,2,7,0,0
2021-02-28,port883,Paradip,India,IND,3,3,25557,75439
2021-03-01,port1367,Visakhapatnam,India,IND,4,5,231702,15736
2021-03-01,port2299,Gopalpur,India,IND,0,0,0,0
2021-03-01,port290,Dhamra Port,India,IND,0,0,0,0
2021-03-01,port442,Haldia,India,IND,1,4,0,0
2021-03-01,port883,Paradip,India,IND,4,5,74658,169859
2021-03-02,port1367,Visakhapatnam,India,IND,3,5,190372,15736
2021-03-02,port2299,Gopalpur,India,IND,0,0,0,0
2021-03-02,port290,Dhamra Port,India,IND,0,0,0,0
2021-03-02,port442,Haldia,India,IND,1,3,78763,0
2021-03-02,port883,Paradip,India,IND,1,1,0,55475
2021-03-03,port1367,Visakhapatnam,India,IND,0,1,0,0
2021-03-03,port2299,Gopalpur,India,IND,1,1,103507,0
2021-03-03,port290,Dhamra Port,India,IND,1,1,41491,19184
2021-03-03,port442,Haldia,India,IND,3,8,69887,9178
2021-03-03,port883,Paradip,India,IND,3,4,78228,52882
2021-03-04,port1367,Visakhapatnam,India,IND,1,3,162313,0
2021-03-04,port2299,Gopalpur,India,IND,0,0,0,0
2021-03-04,port290,Dhamra Port,India,IND,2,2,163594,73171
2021-03-04,port442,Haldia,India,IND,2,7,35665,0
2021-03-04,port883,Paradip,India,IND,2,3,70367,51517
2021-03-05,port1367,Visakhapatnam,India,IND,4,4,149698,110339
2021-03-05,port2299,Gopalpur,India,IND,0,0,0,0
2021-03-05,port290,Dhamra Port,India,IND,0,0,0,0
2021-03-05,port442,Haldia,India,IND,0,0,0,0
2021-03-05,port883,Paradip,India,IND,3,4,40646,109852
2021-03-06,port1367,Visakhapatnam,India,IND,2,2,62351,15736
2021-03-06,port2299,Gopalpur,India,IND,0,0,0,0
2021-03-06,port290,Dhamra Port,India,IND,2,2,242085,0
2021-03-06,port442,Haldia,India,IND,1,4,0,53299
2021-03-06,port883,Paradip,India,IND,3,5,60969,90806
2021-03-07,port1367,Visakhapatnam,India,IND,1,2,34294,15736
2021-03-07,port2299,Gopalpur,India,IND,1,1,0,62344
2021-03-07,port290,Dhamra Port,India,IND,0,0,0,0
2021-03-07,port442,Haldia,India,IND,1,3,0,25500
2021-03-07,port883,Paradip,India,IND,2,2,0,79565
2021-03-08,port1367,Visakhapatnam,India,IND,3,3,92186,67961
2021-03-08,port2299,Gopalpur,India,IND,1,1,22395,22579
2021-03-08,port290,Dhamra Port,India,IND,2,2,121806,19184
2021-03-08,port442,Haldia,India,IND,4,5,78756,27607
2021-03-08,port883,Paradip,India,IND,5,5,97653,174586
2021-03-09,port1367,Visakhapatnam,India,IND,2,2,60791,15736
2021-03-09,port2299,Gopalpur,India,IND,0,0,0,0
2021-03-09,port290,Dhamra Port,India,IND,0,0,0,0
2021-03-09,port442,Haldia,India,IND,2,3,23295,43554
2021-03-09,port883,Paradip,India,IND,2,3,4283,31493
2021-03-10,port1367,Visakhapatnam,India,IND,2,2,89009,15736
2021-03-10,port2299,Gopalpur,India,IND,0,0,0,0
2021-03-10,port290,Dhamra Port,India,IND,0,0,0,0
2021-03-10,port442,Haldia,India,IND,0,1,0,0
2021-03-10,port883,Paradip,India,IND,4,5,203286,30268
2021-03-11,port1367,Visakhapatnam,India,IND,1,4,51807,0
2021-03-11,port2299,Gopalpur,India,IND,0,0,0,0
2021-03-11,port290,Dhamra Port,India,IND,1,1,0,49856
2021-03-11,port442,Haldia,India,IND,3,4,85021,3059
2021-03-11,port883,Paradip,India,IND,1,1,0,22612
2021-03-12,port1367,Visakhapatnam,India,IND,4,5,106269,62035
2021-03-12,port2299,Gopalpur,India,IND,0,0,0,0
2021-03-12,port290,Dhamra Port,India,IND,0,0,0,0
2021-03-12,port442,Haldia,India,IND,2,5,102014,3059
2021-03-12,port883,Paradip,India,IND,4,5,88211,53283
2021-03-13,port1367,Visakhapatnam,India,IND,0,1,0,0
2021-03-13,port2299,Gopalpur,India,IND,0,0,0,0
2021-03-13,port290,Dhamra Port,India,IND,0,0,0,0
2021-03-13,port442,Haldia,India,IND,4,6,146165,9178
2021-03-13,port883,Paradip,India,IND,0,0,0,0
2021-03-14,port1367,Visakhapatnam,India,IND,2,2,60205,15736
2021-03-14,port2299,Gopalpur,India,IND,0,0,0,0
2021-03-14,port290,Dhamra Port,India,IND,0,0,0,0
2021-03-14,port442,Haldia,India,IND,2,5,23131,29348
2021-03-14,port883,Paradip,India,IND,3,3,20323,97924
2021-03-15,port1367,Visakhapatnam,India,IND,4,6,36985,100328
2021-03-15,port2299,Gopalpur,India,IND,1,1,0,53618
2021-03-15,port290,Dhamra Port,India,IND,0,0,0,0
2021-03-15,port442,Haldia,India,IND,3,6,228851,0
2021-03-15,port883,Paradip,India,IND,3,3,3421,61753
2021-03-16,port1367,Visakhapatnam,India,IND,4,4,107132,87668
2021-03-16,port2299,Gopalpur,India,IND,0,0,0,0
2021-03-16,port290,Dhamra Port,India,IND,0,0,0,0
2021-03-16,port442,Haldia,India,IND,2,5,73231,0
2021-03-16,port883,Paradip,India,IND,3,5,79335,155377
2021-03-17,port1367,Visakhapatnam,India,IND,1,1,34294,15736
2021-03-17,port2299,Gopalpur,India,IND,1,1,22395,22579
2021-03-17,port290,Dhamra Port,India,IND,2,2,0,82511
2021-03-17,port442,Haldia,India,IND,3,5,96185,19251
2021-03-17,port883,Paradip,India,IND,4,5,91138,202678
2021-03-18,port1367,Visakhapatnam,India,IND,4,5,161783,68210
2021-03-18,port2299,Gopalpur,India,IND,0,0,0,0
2021-03-18,port290,Dhamra Port,India,IND,1,1,0,14084
2021-03-18,port442,Haldia,India,IND,2,4,23295,3059
2021-03-18,port883,Paradip,India,IND,2,2,20323,55636
2021-03-19,port1367,Visakhapatnam,India,IND,1,2,0,60683
2021-03-19,port2299,Gopalpur,India,IND,0,0,0,0
2021-03-19,port290,Dhamra Port,India,IND,1,1,0,31420
2021-03-19,port442,Haldia,India,IND,4,6,46591,6118
2021-03-19,port883,Paradip,India,IND,5,7,70872,193171
2021-03-20,port1367,Visakhapatnam,India,IND,3,3,34294,69459
2021-03-20,port2299,Gopalpur,India,IND,0,0,0,0
2021-03-20,port290,Dhamra Port,India,IND,0,0,0,0
2021-03-20,port442,Haldia,India,IND,2,3,79049,0
2021-03-20,port883,Paradip,India,IND,1,1,29120,0
2021-03-21,port1367,Visakhapatnam,India,IND,0,2,0,0
2021-03-21,port2299,Gopalpur,India,IND,2,2,22395,83432
2021-03-21,port290,Dhamra Port,India,IND,1,1,83681,0
2021-03-21,port442,Haldia,India,IND,3,4,27542,24880
2021-03-21,port883,Paradip,India,IND,6,6,98085,177469
2021-03-22,port1367,Visakhapatnam,India,IND,5,6,121159,52755
2021-03-22,port2299,Gopalpur,India,IND,1,1,0,60638
2021-03-22,port290,Dhamra Port,India,IND,1,1,41491,19184
2021-03-22,port442,Haldia,India,IND,2,5,23295,3059
2021-03-22,port883,Paradip,India,IND,3,4,20323,141619
2021-03-23,port1367,Visakhapatnam,India,IND,0,2,0,0
2021-03-23,port2299,Gopalpur,India,IND,1,1,22395,22579
2021-03-23,port290,Dhamra Port,India,IND,2,2,0,83828
2021-03-23,port442,Haldia,India,IND,0,2,0,0
2021-03-23,port883,Paradip,India,IND,1,1,0,27434
2021-03-24,port1367,Visakhapatnam,India,IND,3,3,198138,72156
2021-03-24,port2299,Gopalpur,India,IND,1,1,22395,22579
2021-03-24,port290,Dhamra Port,India,IND,1,1,0,0
2021-03-24,port442,Haldia,India,IND,1,4,0,20668
2021-03-24,port883,Paradip,India,IND,3,4,0,182449
2021-03-25,port1367,Visakhapatnam,India,IND,5,7,124906,89091
2021-03-25,port2299,Gopalpur,India,IND,2,2,22395,74429
2021-03-25,port290,Dhamra Port,India,IND,0,0,0,0
2021-03-25,port442,Haldia,India,IND,1,5,0,26829
2021-03-25,port883,Paradip,India,IND,4,6,76974,161547
2021-03-26,port1367,Visakhapatnam,India,IND,7,8,201952,173660
2021-03-26,port2299,Gopalpur,India,IND,1,1,0,48874
2021-03-26,port290,Dhamra Port,India,IND,1,1,161412,0
2021-03-26,port442,Haldia,India,IND,3,7,140650,0
2021-03-26,port883,Paradip,India,IND,1,1,40507,0
2021-03-27,port1367,Visakhapatnam,India,IND,3,3,112896,61366
2021-03-27,port2299,Gopalpur,India,IND,0,0,0,0
2021-03-27,port290,Dhamra Port,India,IND,4,4,42652,166036
2021-03-27,port442,Haldia,India,IND,3,3,99695,3059
2021-03-27,port883,Paradip,India,IND,5,5,99606,189385
2021-03-28,port1367,Visakhapatnam,India,IND,4,4,125047,79259
2021-03-28,port2299,Gopalpur,India,IND,1,1,54215,0
2021-03-28,port290,Dhamra Port,India,IND,1,1,73173,0
2021-03-28,port442,Haldia,India,IND,1,4,0,6863
2021-03-28,port883,Paradip,India,IND,2,2,58559,49977
2021-03-29,port1367,Visakhapatnam,India,IND,5,6,222599,95313
2021-03-29,port2299,Gopalpur,India,IND,1,1,0,26097
2021-03-29,port290,Dhamra Port,India,IND,2,2,121738,0
2021-03-29,port442,Haldia,India,IND,3,7,36874,29561
2021-03-29,port883,Paradip,India,IND,3,4,20323,131856
2021-03-30,port1367,Visakhapatnam,India,IND,6,8,111648,100847
2021-03-30,port2299,Gopalpur,India,IND,0,1,0,0
2021-03-30,port290,Dhamra Port,India,IND,1,1,46426,0
2021-03-30,port442,Haldia,India,IND,3,5,0,35162
2021-03-30,port883,Paradip,India,IND,7,7,337130,144735
2021-03-31,port1367,Visakhapatnam,India,IND,6,8,279264,112672
2021-03-31,port2299,Gopalpur,India,IND,1,1,0,53220
2021-03-31,port290,Dhamra Port,India,IND,1,1,41491,19184
2021-03-31,port442,Haldia,India,IND,1,5,0,24903
2021-03-31,port883,Paradip,India,IND,2,2,6178,45908
2021-04-01,port1367,Visakhapatnam,India,IND,7,8,126462,223134
2021-04-01,port2299,Gopalpur,India,IND,2,2,35802,50707
2021-04-01,port290,Dhamra Port,India,IND,1,1,41491,19184
2021-04-01,port442,Haldia,India,IND,3,5,13203,27956
2021-04-01,port883,Paradip,India,IND,2,2,0,100200
2021-04-02,port1367,Visakhapatnam,India,IND,3,3,114288,15736
2021-04-02,port2299,Gopalpur,India,IND,0,0,0,0
2021-04-02,port290,Dhamra Port,India,IND,0,0,0,0
2021-04-02,port442,Haldia,India,IND,6,6,161854,3059
2021-04-02,port883,Paradip,India,IND,2,2,79146,30268
2021-04-03,port1367,Visakhapatnam,India,IND,2,4,196044,15736
2021-04-03,port2299,Gopalpur,India,IND,0,0,0,0
2021-04-03,port290,Dhamra Port,India,IND,3,3,119582,11646
2021-04-03,port442,Haldia,India,IND,3,5,107517,18550
2021-04-03,port883,Paradip,India,IND,4,6,120138,155619
2021-04-04,port1367,Visakhapatnam,India,IND,5,9,142141,75072
2021-04-04,port2299,Gopalpur,India,IND,0,0,0,0
2021-04-04,port290,Dhamra Port,India,IND,1,1,0,55874
2021-04-04,port442,Haldia,India,IND,1,2,0,0
2021-04-04,port883,Paradip,India,IND,2,2,26953,53242
2021-04-05,port1367,Visakhapatnam,India,IND,2,4,54382,15736
2021-04-05,port2299,Gopalpur,India,IND,0,0,0,0
2021-04-05,port290,Dhamra Port,India,IND,2,3,241097,0
2021-04-05,port442,Haldia,India,IND,2,6,0,44746
2021-04-05,port883,Paradip,India,IND,1,2,20323,30268
2021-04-06,port1367,Visakhapatnam,India,IND,4,4,40602,76896
2021-04-06,port2299,Gopalpur,India,IND,2,2,44791,45159
2021-04-06,port290,Dhamra Port,India,IND,3,3,41491,117179
2021-04-06,port442,Haldia,India,IND,2,4,0,0
2021-04-06,port883,Paradip,India,IND,3,4,20323,31355
2021-04-07,port1367,Visakhapatnam,India,IND,1,2,0,51323
2021-04-07,port2299,Gopalpur,India,IND,0,0,0,0
2021-04-07,port290,Dhamra Port,India,IND,1,1,71395,0
2021-04-07,port442,Haldia,India,IND,2,6,23295,53050
2021-04-07,port883,Paradip,India,IND,2,2,77256,30551
2021-04-08,port1367,Visakhapatnam,India,IND,6,7,255581,102225
2021-04-08,port2299,Gopalpur,India,IND,0,0,0,0
2021-04-08,port290,Dhamra Port,India,IND,0,0,0,0
2021-04-08,port442,Haldia,India,IND,1,3,0,0
2021-04-08,port883,Paradip,India,IND,4,4,40646,122352
2021-04-09,port1367,Visakhapatnam,India,IND,4,9,66966,131342
2021-04-09,port2299,Gopalpur,India,IND,1,1,94524,0
2021-04-09,port290,Dhamra Port,India,IND,0,0,0,0
2021-04-09,port442,Haldia,India,IND,3,4,83348,0
2021-04-09,port883,Paradip,India,IND,5,8,133134,107569
2021-04-10,port1367,Visakhapatnam,India,IND,4,5,0,100230
2021-04-10,port2299,Gopalpur,India,IND,1,1,132281,0
2021-04-10,port290,Dhamra Port,India,IND,1,1,0,33593
2021-04-10,port442,Haldia,India,IND,2,4,67859,3059
2021-04-10,port883,Paradip,India,IND,2,2,78777,52805
2021-04-11,port1367,Visakhapatnam,India,IND,6,8,186863,86694
2021-04-11,port2299,Gopalpur,India,IND,0,0,0,0
2021-04-11,port290,Dhamra Port,India,IND,0,0,0,0
2021-04-11,port442,Haldia,India,IND,3,4,97709,3059
2021-04-11,port883,Paradip,India,IND,3,3,71664,102316
2021-04-12,port1367,Visakhapatnam,India,IND,2,5,0,26076
2021-04-12,port2299,Gopalpur,India,IND,1,1,22395,22579
2021-04-12,port290,Dhamra Port,India,IND,0,0,0,0
2021-04-12,port442,Haldia,India,IND,3,5,50216,0
2021-04-12,port883,Paradip,India,IND,5,6,128934,198119
2021-04-13,port1367,Visakhapatnam,India,IND,5,7,189127,86113
2021-04-13,port2299,Gopalpur,India,IND,0,0,0,0
2021-04-13,port290,Dhamra Port,India,IND,0,0,0,0
2021-04-13,port442,Haldia,India,IND,5,6,36828,0
2021-04-13,port883,Paradip,India,IND,3,3,99258,30268
2021-04-14,port1367,Visakhapatnam,India,IND,4,7,46475,156370
2021-04-14,port2299,Gopalpur,India,IND,1,1,22395,22579
2021-04-14,port290,Dhamra Port,India,IND,1,1,41491,19184
2021-04-14,port442,Haldia,India,IND,3,6,46591,6118
2021-04-14,port883,Paradip,India,IND,4,4,20323,134035
2021-04-15,port1367,Visakhapatnam,India,IND,5,7,106682,68426
2021-04-15,port2299,Gopalpur,India,IND,1,1,0,25525
2021-04-15,port290,Dhamra Port,India,IND,0,0,0,0
2021-04-15,port442,Haldia,India,IND,1,1,0,0
2021-04-15,port883,Paradip,India,IND,4,5,20323,115089
2021-04-16,port1367,Visakhapatnam,India,IND,5,8,51868,106063
2021-04-16,port2299,Gopalpur,India,IND,0,0,0,0
2021-04-16,port290,Dhamra Port,India,IND,0,0,0,0
2021-04-16,port442,Haldia,India,IND,4,4,144341,0
2021-04-16,port883,Paradip,India,IND,1,2,34223,0
2021-04-17,port1367,Visakhapatnam,India,IND,4,5,148569,2921
2021-04-17,port2299,Gopalpur,India,IND,0,0,0,0
2021-04-17,port290,Dhamra Port,India,IND,1,1,0,73171
2021-04-17,port442,Haldia,India,IND,4,6,0,0
2021-04-17,port883,Paradip,India,IND,2,2,41141,54304
2021-04-18,port1367,Visakhapatnam,India,IND,3,6,80109,76329
2021-04-18,port2299,Gopalpur,India,IND,0,0,0,0
2021-04-18,port290,Dhamra Port,India,IND,0,0,0,0
2021-04-18,port442,Haldia,India,IND,2,6,0,20346
2021-04-18,port883,Paradip,India,IND,1,2,0,56015
2021-04-19,port1367,Visakhapatnam,India,IND,3,5,0,244117
2021-04-19,port2299,Gopalpur,India,IND,1,1,13914,6854
2021-04-19,port290,Dhamra Port,India,IND,1,1,162180,0
2021-04-19,port442,Haldia,India,IND,2,3,0,0
2021-04-19,port883,Paradip,India,IND,4,6,79503,105675
2021-04-20,port1367,Visakhapatnam,India,IND,7,11,279771,128658
2021-04-20,port2299,Gopalpur,India,IND,0,0,0,0
2021-04-20,port290,Dhamra Port,India,IND,1,1,41491,19184
2021-04-20,port442,Haldia,India,IND,1,2,0,0
2021-04-20,port883,Paradip,India,IND,3,3,20323,146676
2021-04-21,port1367,Visakhapatnam,India,IND,3,10,66261,54817
2021-04-21,port2299,Gopalpur,India,IND,0,0,0,0
2021-04-21,port290,Dhamra Port,India,IND,0,0,0,0
2021-04-21,port442,Haldia,India,IND,2,5,0,0
2021-04-21,port883,Paradip,India,IND,6,7,84970,186421
2021-04-22,port1367,Visakhapatnam,India,IND,2,3,164735,25856
2021-04-22,port2299,Gopalpur,India,IND,0,0,0,0
2021-04-22,port290,Dhamra Port,India,IND,0,0,0,0
2021-04-22,port442,Haldia,India,IND,4,6,23295,39722
2021-04-22,port883,Paradip,India,IND,5,5,96241,119466
2021-04-23,port1367,Visakhapatnam,India,IND,4,6,88933,76718
2021-04-23,port2299,Gopalpur,India,IND,0,1,0,0
2021-04-23,port290,Dhamra Port,India,IND,1,1,0,41262
2021-04-23,port442,Haldia,India,IND,2,3,78913,0
2021-04-23,port883,Paradip,India,IND,1,2,30877,0
2021-04-24,port1367,Visakhapatnam,India,IND,3,5,0,95042
2021-04-24,port2299,Gopalpur,India,IND,2,2,35369,30991
2021-04-24,port290,Dhamra Port,India,IND,3,3,121667,30437
2021-04-24,port442,Haldia,India,IND,3,7,23295,38731
2021-04-24,port883,Paradip,India,IND,3,3,36828,127169
2021-04-25,port1367,Visakhapatnam,India,IND,7,11,245136,47853
2021-04-25,port2299,Gopalpur,India,IND,1,1,0,51167
2021-04-25,port290,Dhamra Port,India,IND,2,2,74909,48532
2021-04-25,port442,Haldia,India,IND,3,5,96108,3059
2021-04-25,port883,Paradip,India,IND,3,4,40646,115704
2021-04-26,port1367,Visakhapatnam,India,IND,4,6,276082,15736
2021-04-26,port2299,Gopalpur,India,IND,0,0,0,0
2021-04-26,port290,Dhamra Port,India,IND,0,0,0,0
2021-04-26,port442,Haldia,India,IND,2,4,35748,0
2021-04-26,port883,Paradip,India,IND,4,6,20323,109048
2021-04-27,port1367,Visakhapatnam,India,IND,4,7,157948,0
2021-04-27,port2299,Gopalpur,India,IND,1,1,0,57612
2021-04-27,port290,Dhamra Port,India,IND,1,1,43531,0
2021-04-27,port442,Haldia,India,IND,1,4,0,0
2021-04-27,port883,Paradip,India,IND,1,1,20323,30268
2021-04-28,port1367,Visakhapatnam,India,IND,2,6,197165,0
2021-04-28,port2299,Gopalpur,India,IND,0,0,0,0
2021-04-28,port290,Dhamra Port,India,IND,1,2,0,62592
2021-04-28,port442,Haldia,India,IND,2,3,0,0
2021-04-28,port883,Paradip,India,IND,4,5,79143,192356
2021-04-29,port1367,Visakhapatnam,India,IND,2,5,167754,67498
2021-04-29,port2299,Gopalpur,India,IND,0,0,0,0
2021-04-29,port290,Dhamra Port,India,IND,1,1,41491,19184
2021-04-29,port442,Haldia,India,IND,3,6,23295,3743
2021-04-29,port883,Paradip,India,IND,3,5,0,136390
2021-04-30,port1367,Visakhapatnam,India,IND,4,8,58883,105730
2021-04-30,port2299,Gopalpur,India,IND,1,1,108634,0
2021-04-30,port290,Dhamra Port,India,IND,2,2,120167,19184
2021-04-30,port442,Haldia,India,IND,3,4,102058,3059
2021-04-30,port883,Paradip,India,IND,5,5,20323,155837
2021-05-01,port1367,Visakhapatnam,India,IND,3,6,172790,0
2021-05-01,port2299,Gopalpur,India,IND,0,0,0,0
2021-05-01,port290,Dhamra Port,India,IND,1,1,0,2503
2021-05-01,port442,Haldia,India,IND,2,3,101735,3059
2021-05-01,port883,Paradip,India,IND,3,3,0,95314
2021-05-02,port1367,Visakhapatnam,India,IND,7,9,167309,101792
2021-05-02,port2299,Gopalpur,India,IND,0,0,0,0
2021-05-02,port290,Dhamra Port,India,IND,0,0,0,0
2021-05-02,port442,Haldia,India,IND,2,4,7430,36987
2021-05-02,port883,Paradip,India,IND,2,4,20323,84382
2021-05-03,port1367,Visakhapatnam,India,IND,7,13,203160,166461
2021-05-03,port2299,Gopalpur,India,IND,0,0,0,0
2021-05-03,port290,Dhamra Port,India,IND,2,2,164721,0
2021-05-03,port442,Haldia,India,IND,0,2,0,0
2021-05-03,port883,Paradip,India,IND,5,5,0,230037
2021-05-04,port1367,Visakhapatnam,India,IND,5,8,95704,110874
2021-05-04,port2299,Gopalpur,India,IND,0,0,0,0
2021-05-04,port290,Dhamra Port,India,IND,0,0,0,0
2021-05-04,port442,Haldia,India,IND,2,4,7218,0
2021-05-04,port883,Paradip,India,IND,2,2,98545,30268
2021-05-05,port1367,Visakhapatnam,India,IND,5,6,174706,39041
2021-05-05,port2299,Gopalpur,India,IND,0,0,0,0
2021-05-05,port290,Dhamra Port,India,IND,2,2,68509,19184
2021-05-05,port442,Haldia,India,IND,0,2,0,0
2021-05-05,port883,Paradip,India,IND,2,3,0,73626
2021-05-06,port1367,Visakhapatnam,India,IND,4,7,234621,35335
2021-05-06,port2299,Gopalpur,India,IND,0,0,0,0
2021-05-06,port290,Dhamra Port,India,IND,0,0,0,0
2021-05-06,port442,Haldia,India,IND,3,3,116820,0
2021-05-06,port883,Paradip,India,IND,3,3,0,153855
2021-05-07,port1367,Visakhapatnam,India,IND,4,6,191582,103635
2021-05-07,port2299,Gopalpur,India,IND,0,0,0,0
2021-05-07,port290,Dhamra Port,India,IND,0,0,0,0
2021-05-07,port442,Haldia,India,IND,1,5,0,0
2021-05-07,port883,Paradip,India,IND,2,2,0,79482
2021-05-08,port1367,Visakhapatnam,India,IND,2,5,16415,0
2021-05-08,port2299,Gopalpur,India,IND,1,1,1131,0
2021-05-08,port290,Dhamra Port,India,IND,3,4,162931,76061
2021-05-08,port442,Haldia,India,IND,3,4,99707,3059
2021-05-08,port883,Paradip,India,IND,5,5,0,237126
2021-05-09,port1367,Visakhapatnam,India,IND,4,7,166292,68918
2021-05-09,port2299,Gopalpur,India,IND,0,0,0,0
2021-05-09,port290,Dhamra Port,India,IND,2,2,78756,385
2021-05-09,port442,Haldia,India,IND,1,5,23295,3059
2021-05-09,port883,Paradip,India,IND,3,3,20323,69288
2021-05-10,port1367,Visakhapatnam,India,IND,5,9,125965,94349
2021-05-10,port2299,Gopalpur,India,IND,0,0,0,0
2021-05-10,port290,Dhamra Port,India,IND,1,1,0,60459
2021-05-10,port442,Haldia,India,IND,3,4,101243,3059
2021-05-10,port883,Paradip,India,IND,3,3,40646,111601
2021-05-11,port1367,Visakhapatnam,India,IND,4,6,183253,27042
2021-05-11,port2299,Gopalpur,India,IND,0,0,0,0
2021-05-11,port290,Dhamra Port,India,IND,1,1,76812,0
2021-05-11,port442,Haldia,India,IND,0,3,0,0
2021-05-11,port883,Paradip,India,IND,5,6,80023,88732
2021-05-12,port1367,Visakhapatnam,India,IND,5,10,168045,87264
2021-05-12,port2299,Gopalpur,India,IND,0,0,0,0
2021-05-12,port290,Dhamra Port,India,IND,1,1,41491,19184
2021-05-12,port442,Haldia,India,IND,3,4,74230,6118
2021-05-12,port883,Paradip,India,IND,2,2,83491,30268
2021-05-13,port1367,Visakhapatnam,India,IND,3,6,49721,144051
2021-05-13,port2299,Gopalpur,India,IND,0,0,0,0
2021-05-13,port290,Dhamra Port,India,IND,0,0,0,0
2021-05-13,port442,Haldia,India,IND,1,3,0,0
2021-05-13,port883,Paradip,India,IND,2,3,0,19332
2021-05-14,port1367,Visakhapatnam,India,IND,4,7,179621,53869
2021-05-14,port2299,Gopalpur,India,IND,1,1,22395,22579
2021-05-14,port290,Dhamra Port,India,IND,1,1,0,28628
2021-05-14,port442,Haldia,India,IND,1,4,31141,0
2021-05-14,port883,Paradip,India,IND,4,4,74597,53990
2021-05-15,port1367,Visakhapatnam,India,IND,3,5,113957,63650
2021-05-15,port2299,Gopalpur,India,IND,0,0,0,0
2021-05-15,port290,Dhamra Port,India,IND,1,1,0,40701
2021-05-15,port442,Haldia,India,IND,2,5,0,26500
2021-05-15,port883,Paradip,India,IND,5,5,34703,34699
2021-05-16,port1367,Visakhapatnam,India,IND,3,7,80735,64438
2021-05-16,port2299,Gopalpur,India,IND,1,1,0,125429
2021-05-16,port290,Dhamra Port,India,IND,1,1,103483,0
2021-05-16,port442,Haldia,India,IND,0,2,0,0
2021-05-16,port883,Paradip,India,IND,4,5,210650,30268
2021-05-17,port1367,Visakhapatnam,India,IND,3,6,64002,151208
2021-05-17,port2299,Gopalpur,India,IND,1,1,22395,22579
2021-05-17,port290,Dhamra Port,India,IND,1,1,0,48923
2021-05-17,port442,Haldia,India,IND,0,0,0,0
2021-05-17,port883,Paradip,India,IND,4,5,40646,74132
2021-05-18,port1367,Visakhapatnam,India,IND,6,11,209837,150414
2021-05-18,port2299,Gopalpur,India,IND,0,1,0,0
2021-05-18,port290,Dhamra Port,India,IND,2,2,49068,0
2021-05-18,port442,Haldia,India,IND,2,3,101783,3059
2021-05-18,port883,Paradip,India,IND,3,3,79071,34022
2021-05-19,port1367,Visakhapatnam,India,IND,4,7,287424,52141
2021-05-19,port2299,Gopalpur,India,IND,2,2,83178,58643
2021-05-19,port290,Dhamra Port,India,IND,1,1,0,29788
2021-05-19,port442,Haldia,India,IND,2,5,65026,0
2021-05-19,port883,Paradip,India,IND,3,4,20323,59271
2021-05-20,port1367,Visakhapatnam,India,IND,2,5,0,117952
2021-05-20,port2299,Gopalpur,India,IND,0,0,0,0
2021-05-20,port290,Dhamra Port,India,IND,1,1,30632,0
2021-05-20,port442,Haldia,India,IND,2,3,101323,0
2021-05-20,port883,Paradip,India,IND,4,5,81118,121724
2021-05-21,port1367,Visakhapatnam,India,IND,6,8,281385,88813
2021-05-21,port2299,Gopalpur,India,IND,1,1,20995,0
2021-05-21,port290,Dhamra Port,India,IND,0,0,0,0
2021-05-21,port442,Haldia,India,IND,2,4,98824,3059
2021-05-21,port883,Paradip,India,IND,0,0,0,0
2021-05-22,port1367,Visakhapatnam,India,IND,3,7,43587,113449
2021-05-22,port2299,Gopalpur,India,IND,0,0,0,0
2021-05-22,port290,Dhamra Port,India,IND,2,2,1210,48742
2021-05-22,port442,Haldia,India,IND,5,10,102975,0
2021-05-22,port883,Paradip,India,IND,5,5,55566,195534
2021-05-23,port1367,Visakhapatnam,India,IND,2,5,42156,18122
2021-05-23,port2299,Gopalpur,India,IND,0,0,0,0
2021-05-23,port290,Dhamra Port,India,IND,0,0,0,0
2021-05-23,port442,Haldia,India,IND,3,4,62480,3059
2021-05-23,port883,Paradip,India,IND,1,1,0,58490
2021-05-24,port1367,Visakhapatnam,India,IND,1,3,0,0
2021-05-24,port2299,Gopalpur,India,IND,0,0,0,0
2021-05-24,port290,Dhamra Port,India,IND,0,0,0,0
2021-05-24,port442,Haldia,India,IND,0,0,0,0
2021-05-24,port883,Paradip,India,IND,0,0,0,0
2021-05-25,port1367,Visakhapatnam,India,IND,2,3,38699,4998
2021-05-25,port2299,Gopalpur,India,IND,0,0,0,0
2021-05-25,port290,Dhamra Port,India,IND,0,0,0,0
2021-05-25,port442,Haldia,India,IND,0,0,0,0
2021-05-25,port883,Paradip,India,IND,0,0,0,0
2021-05-26,port1367,Visakhapatnam,India,IND,5,9,166666,196479
2021-05-26,port2299,Gopalpur,India,IND,1,1,32630,0
2021-05-26,port290,Dhamra Port,India,IND,0,0,0,0
2021-05-26,port442,Haldia,India,IND,0,1,0,0
2021-05-26,port883,Paradip,India,IND,0,0,0,0
2021-05-27,port1367,Visakhapatnam,India,IND,5,8,172762,67440
2021-05-27,port2299,Gopalpur,India,IND,1,1,22395,22579
2021-05-27,port290,Dhamra Port,India,IND,1,1,0,51286
2021-05-27,port442,Haldia,India,IND,0,0,0,0
2021-05-27,port883,Paradip,India,IND,5,6,20323,229891
2021-05-28,port1367,Visakhapatnam,India,IND,2,7,28397,51242
2021-05-28,port2299,Gopalpur,India,IND,1,1,0,54494
2021-05-28,port290,Dhamra Port,India,IND,1,1,40763,0
2021-05-28,port442,Haldia,India,IND,2,2,0,30452
2021-05-28,port883,Paradip,India,IND,3,3,20323,171690
2021-05-29,port1367,Visakhapatnam,India,IND,5,9,151875,28629
2021-05-29,port2299,Gopalpur,India,IND,2,2,0,135049
2021-05-29,port290,Dhamra Port,India,IND,2,2,71395,28131
2021-05-29,port442,Haldia,India,IND,2,9,36583,0
2021-05-29,port883,Paradip,India,IND,6,7,252720,148792
2021-05-30,port1367,Visakhapatnam,India,IND,3,4,61877,50634
2021-05-30,port2299,Gopalpur,India,IND,0,0,0,0
2021-05-30,port290,Dhamra Port,India,IND,0,1,0,0
2021-05-30,port442,Haldia,India,IND,1,4,15647,0
2021-05-30,port883,Paradip,India,IND,3,3,20323,179501
2021-05-31,port1367,Visakhapatnam,India,IND,4,10,199982,0
2021-05-31,port2299,Gopalpur,India,IND,1,1,0,58535
2021-05-31,port290,Dhamra Port,India,IND,1,1,0,36041
2021-05-31,port442,Haldia,India,IND,4,8,175930,3059
2021-05-31,port883,Paradip,India,IND,6,7,91147,100975
2021-06-01,port1367,Visakhapatnam,India,IND,4,7,239835,53384
2021-06-01,port2299,Gopalpur,India,IND,2,2,22395,76317
2021-06-01,port290,Dhamra Port,India,IND,3,3,63603,103866
2021-06-01,port442,Haldia,India,IND,3,7,0,0
2021-06-01,port883,Paradip,India,IND,2,4,72258,79071
2021-06-02,port1367,Visakhapatnam,India,IND,4,7,54592,70461
2021-06-02,port2299,Gopalpur,India,IND,0,0,0,0
2021-06-02,port290,Dhamra Port,India,IND,0,0,0,0
2021-06-02,port442,Haldia,India,IND,4,7,16299,0
2021-06-02,port883,Paradip,India,IND,2,2,20323,91064
2021-06-03,port1367,Visakhapatnam,India,IND,2,5,31958,69614
2021-06-03,port2299,Gopalpur,India,IND,0,0,0,0
2021-06-03,port290,Dhamra Port,India,IND,1,1,41491,19184
2021-06-03,port442,Haldia,India,IND,0,2,0,0
2021-06-03,port883,Paradip,India,IND,4,6,165748,30268
2021-06-04,port1367,Visakhapatnam,India,IND,5,9,134955,100096
2021-06-04,port2299,Gopalpur,India,IND,2,2,0,36986
2021-06-04,port290,Dhamra Port,India,IND,2,2,41491,89506
2021-06-04,port442,Haldia,India,IND,4,7,150623,0
2021-06-04,port883,Paradip,India,IND,5,5,0,237986
2021-06-05,port1367,Visakhapatnam,India,IND,7,9,190570,167259
2021-06-05,port2299,Gopalpur,India,IND,0,1,0,0
2021-06-05,port290,Dhamra Port,India,IND,3,3,205568,19184
2021-06-05,port442,Haldia,India,IND,0,2,0,0
2021-06-05,port883,Paradip,India,IND,1,1,0,52885
2021-06-06,port1367,Visakhapatnam,India,IND,0,4,0,0
2021-06-06,port2299,Gopalpur,India,IND,0,0,0,0
2021-06-06,port290,Dhamra Port,India,IND,1,1,0,55598
2021-06-06,port442,Haldia,India,IND,3,5,109268,3059
2021-06-06,port883,Paradip,India,IND,5,5,684,221668
2021-06-07,port1367,Visakhapatnam,India,IND,5,8,333324,181799
2021-06-07,port2299,Gopalpur,India,IND,0,0,0,0
2021-06-07,port290,Dhamra Port,India,IND,2,2,145214,19184
2021-06-07,port442,Haldia,India,IND,1,3,0,28992
2021-06-07,port883,Paradip,India,IND,6,6,211859,84505
2021-06-08,port1367,Visakhapatnam,India,IND,4,7,276195,22093
2021-06-08,port2299,Gopalpur,India,IND,0,0,0,0
2021-06-08,port290,Dhamra Port,India,IND,2,2,41491,72731
2021-06-08,port442,Haldia,India,IND,2,3,25991,0
2021-06-08,port883,Paradip,India,IND,4,4,104876,118528
2021-06-09,port1367,Visakhapatnam,India,IND,3,6,5537,29344
2021-06-09,port2299,Gopalpur,India,IND,0,0,0,0
2021-06-09,port290,Dhamra Port,India,IND,1,1,0,29282
2021-06-09,port442,Haldia,India,IND,3,3,80083,0
2021-06-09,port883,Paradip,India,IND,1,1,0,64785
2021-06-10,port1367,Visakhapatnam,India,IND,3,6,72367,103495
2021-06-10,port2299,Gopalpur,India,IND,1,1,13914,6854
2021-06-10,port290,Dhamra Port,India,IND,1,1,14935,0
2021-06-10,port442,Haldia,India,IND,1,3,20363,0
2021-06-10,port883,Paradip,India,IND,2,2,95767,0
2021-06-11,port1367,Visakhapatnam,India,IND,5,6,224667,102888
2021-06-11,port2299,Gopalpur,India,IND,0,0,0,0
2021-06-11,port290,Dhamra Port,India,IND,1,1,41491,19184
2021-06-11,port442,Haldia,India,IND,3,8,125318,6118
2021-06-11,port883,Paradip,India,IND,3,3,40646,90799
2021-06-12,port1367,Visakhapatnam,India,IND,4,9,113193,138906
2021-06-12,port2299,Gopalpur,India,IND,1,1,22395,22579
2021-06-12,port290,Dhamra Port,India,IND,1,1,0,53671
2021-06-12,port442,Haldia,India,IND,1,2,79711,0
2021-06-12,port883,Paradip,India,IND,3,3,40646,60537
2021-06-13,port1367,Visakhapatnam,India,IND,4,6,121586,13306
2021-06-13,port2299,Gopalpur,India,IND,1,1,0,29254
2021-06-13,port290,Dhamra Port,India,IND,2,2,42690,19184
2021-06-13,port442,Haldia,India,IND,1,2,0,0
2021-06-13,port883,Paradip,India,IND,2,3,20323,97606
2021-06-14,port1367,Visakhapatnam,India,IND,5,8,68588,107134
2021-06-14,port2299,Gopalpur,India,IND,0,0,0,0
2021-06-14,port290,Dhamra Port,India,IND,2,2,78883,0
2021-06-14,port442,Haldia,India,IND,3,5,63664,3059
2021-06-14,port883,Paradip,India,IND,4,5,93754,238720
2021-06-15,port1367,Visakhapatnam,India,IND,3,7,34294,94333
2021-06-15,port2299,Gopalpur,India,IND,2,2,44791,45159
2021-06-15,port290,Dhamra Port,India,IND,1,1,167251,0
2021-06-15,port442,Haldia,India,IND,3,6,77632,3059
2021-06-15,port883,Paradip,India,IND,3,4,152461,30268
2021-06-16,port1367,Visakhapatnam,India,IND,2,5,74303,0
2021-06-16,port2299,Gopalpur,India,IND,0,0,0,0
2021-06-16,port290,Dhamra Port,India,IND,2,2,162314,47180
2021-06-16,port442,Haldia,India,IND,2,6,23295,3059
2021-06-16,port883,Paradip,India,IND,4,4,678,128875
2021-06-17,port1367,Visakhapatnam,India,IND,5,7,114636,70055
2021-06-17,port2299,Gopalpur,India,IND,0,0,0,0
2021-06-17,port290,Dhamra Port,India,IND,1,1,0,60910
2021-06-17,port442,Haldia,India,IND,1,3,0,0
2021-06-17,port883,Paradip,India,IND,3,3,0,91775
2021-06-18,port1367,Visakhapatnam,India,IND,9,10,352423,136041
2021-06-18,port2299,Gopalpur,India,IND,0,0,0,0
2021-06-18,port290,Dhamra Port,India,IND,1,1,0,65199
2021-06-18,port442,Haldia,India,IND,1,2,0,0
2021-06-18,port883,Paradip,India,IND,4,4,40646,114609
2021-06-19,port1367,Visakhapatnam,India,IND,4,8,27573,130955
2021-06-19,port2299,Gopalpur,India,IND,1,1,22395,22579
2021-06-19,port290,Dhamra Port,India,IND,0,0,0,0
2021-06-19,port442,Haldia,India,IND,0,4,0,0
2021-06-19,port883,Paradip,India,IND,3,3,20323,127032
2021-06-20,port1367,Visakhapatnam,India,IND,2,3,0,60725
2021-06-20,port2299,Gopalpur,India,IND,2,2,22395,80760
2021-06-20,port290,Dhamra Port,India,IND,1,1,0,14565
2021-06-20,port442,Haldia,India,IND,2,4,23295,39701
2021-06-20,port883,Paradip,India,IND,6,6,156882,164432
2021-06-21,port1367,Visakhapatnam,India,IND,4,7,78873,72615
2021-06-21,port2299,Gopalpur,India,IND,1,1,72932,0
2021-06-21,port290,Dhamra Port,India,IND,1,1,41491,19184
2021-06-21,port442,Haldia,India,IND,0,2,0,0
2021-06-21,port883,Paradip,India,IND,3,4,78337,46736
2021-06-22,port1367,Visakhapatnam,India,IND,2,4,68588,31473
2021-06-22,port2299,Gopalpur,India,IND,0,1,0,0
2021-06-22,port290,Dhamra Port,India,IND,0,0,0,0
2021-06-22,port442,Haldia,India,IND,1,4,23295,3059
2021-06-22,port883,Paradip,India,IND,3,3,0,157041
2021-06-23,port1367,Visakhapatnam,India,IND,3,7,78847,97773
2021-06-23,port2299,Gopalpur,India,IND,1,1,0,56565
2021-06-23,port290,Dhamra Port,India,IND,2,2,41491,91397
2021-06-23,port442,Haldia,India,IND,2,4,78066,6193
2021-06-23,port883,Paradip,India,IND,5,6,106031,71054
2021-06-24,port1367,Visakhapatnam,India,IND,3,5,63305,0
2021-06-24,port2299,Gopalpur,India,IND,1,1,42838,0
2021-06-24,port290,Dhamra Port,India,IND,1,1,79192,0
2021-06-24,port442,Haldia,India,IND,2,2,23295,3059
2021-06-24,port883,Paradip,India,IND,2,3,1366,54993
2021-06-25,port1367,Visakhapatnam,India,IND,5,6,228582,4814
2021-06-25,port2299,Gopalpur,India,IND,2,2,0,124781
2021-06-25,port290,Dhamra Port,India,IND,2,2,65478,19184
2021-06-25,port442,Haldia,India,IND,1,2,4152,0
2021-06-25,port883,Paradip,India,IND,3,3,20323,79821
2021-06-26,port1367,Visakhapatnam,India,IND,4,6,76952,99603
2021-06-26,port2299,Gopalpur,India,IND,0,0,0,0
2021-06-26,port290,Dhamra Port,India,IND,0,1,0,0
2021-06-26,port442,Haldia,India,IND,1,2,41528,0
2021-06-26,port883,Paradip,India,IND,0,1,0,0
2021-06-27,port1367,Visakhapatnam,India,IND,6,8,185028,111945
2021-06-27,port2299,Gopalpur,India,IND,0,0,0,0
2021-06-27,port290,Dhamra Port,India,IND,0,0,0,0
2021-06-27,port442,Haldia,India,IND,4,8,123389,3059
2021-06-27,port883,Paradip,India,IND,3,3,93391,30268
2021-06-28,port1367,Visakhapatnam,India,IND,1,4,0,11437
2021-06-28,port2299,Gopalpur,India,IND,1,1,0,58747
2021-06-28,port290,Dhamra Port,India,IND,3,3,203820,80179
2021-06-28,port442,Haldia,India,IND,1,2,0,0
2021-06-28,port883,Paradip,India,IND,5,6,71859,158785
2021-06-29,port1367,Visakhapatnam,India,IND,4,6,225576,0
2021-06-29,port2299,Gopalpur,India,IND,1,1,0,11812
2021-06-29,port290,Dhamra Port,India,IND,1,1,35288,0
2021-06-29,port442,Haldia,India,IND,1,1,79500,0
2021-06-29,port883,Paradip,India,IND,4,4,58151,81989
2021-06-30,port1367,Visakhapatnam,India,IND,9,13,147308,209968
2021-06-30,port2299,Gopalpur,India,IND,1,1,22395,22579
2021-06-30,port290,Dhamra Port,India,IND,1,1,0,2343
2021-06-30,port442,Haldia,India,IND,4,5,186389,0
2021-06-30,port883,Paradip,India,IND,5,6,92394,210020
2021-07-01,port1367,Visakhapatnam,India,IND,5,8,274430,84853
2021-07-01,port2299,Gopalpur,India,IND,0,0,0,0
2021-07-01,port290,Dhamra Port,India,IND,1,1,41491,19184
2021-07-01,port442,Haldia,India,IND,4,5,47105,9133
2021-07-01,port883,Paradip,India,IND,2,2,20323,91229
2021-07-02,port1367,Visakhapatnam,India,IND,5,7,224364,122488
2021-07-02,port2299,Gopalpur,India,IND,0,0,0,0
2021-07-02,port290,Dhamra Port,India,IND,2,2,157852,51209
2021-07-02,port442,Haldia,India,IND,2,3,13896,0
2021-07-02,port883,Paradip,India,IND,5,5,40646,163015
2021-07-03,port1367,Visakhapatnam,India,IND,3,3,114020,23037
2021-07-03,port2299,Gopalpur,India,IND,0,0,0,0
2021-07-03,port290,Dhamra Port,India,IND,0,0,0,0
2021-07-03,port442,Haldia,India,IND,4,9,184079,0
2021-07-03,port883,Paradip,India,IND,3,3,22328,125367
2021-07-04,port1367,Visakhapatnam,India,IND,1,3,0,55766
2021-07-04,port2299,Gopalpur,India,IND,0,0,0,0
2021-07-04,port290,Dhamra Port,India,IND,0,0,0,0
2021-07-04,port442,Haldia,India,IND,0,4,0,0
2021-07-04,port883,Paradip,India,IND,2,2,0,58573
2021-07-05,port1367,Visakhapatnam,India,IND,6,11,220159,126460
2021-07-05,port2299,Gopalpur,India,IND,0,0,0,0
2021-07-05,port290,Dhamra Port,India,IND,3,3,225404,19184
2021-07-05,port442,Haldia,India,IND,3,3,102118,3059
2021-07-05,port883,Paradip,India,IND,5,7,80721,140044
2021-07-06,port1367,Visakhapatnam,India,IND,4,9,140900,67062
2021-07-06,port2299,Gopalpur,India,IND,2,2,0,0
2021-07-06,port290,Dhamra Port,India,IND,1,1,0,1209
2021-07-06,port442,Haldia,India,IND,2,5,79481,0
2021-07-06,port883,Paradip,India,IND,5,6,143738,959
2021-07-07,port1367,Visakhapatnam,India,IND,3,5,263070,15736
2021-07-07,port2299,Gopalpur,India,IND,1,1,0,56205
2021-07-07,port290,Dhamra Port,India,IND,1,1,0,51591
2021-07-07,port442,Haldia,India,IND,2,3,107786,0
2021-07-07,port883,Paradip,India,IND,6,6,75474,126273
2021-07-08,port1367,Visakhapatnam,India,IND,4,9,138185,7660
2021-07-08,port2299,Gopalpur,India,IND,0,0,0,0
2021-07-08,port290,Dhamra Port,India,IND,0,0,0,0
2021-07-08,port442,Haldia,India,IND,2,4,57423,0
2021-07-08,port883,Paradip,India,IND,2,2,74036,16551
2021-07-09,port1367,Visakhapatnam,India,IND,4,6,77215,80543
2021-07-09,port2299,Gopalpur,India,IND,0,0,0,0
2021-07-09,port290,Dhamra Port,India,IND,1,1,91105,0
2021-07-09,port442,Haldia,India,IND,1,4,23295,3059
2021-07-09,port883,Paradip,India,IND,3,4,0,117763
2021-07-10,port1367,Visakhapatnam,India,IND,1,4,134082,0
2021-07-10,port2299,Gopalpur,India,IND,0,0,0,0
2021-07-10,port290,Dhamra Port,India,IND,3,3,210201,19184
2021-07-10,port442,Haldia,India,IND,2,5,57870,3059
2021-07-10,port883,Paradip,India,IND,6,6,72304,188914
2021-07-11,port1367,Visakhapatnam,India,IND,7,9,297498,68435
2021-07-11,port2299,Gopalpur,India,IND,1,1,0,74827
2021-07-11,port290,Dhamra Port,India,IND,1,1,0,17581
2021-07-11,port442,Haldia,India,IND,0,1,0,0
2021-07-11,port883,Paradip,India,IND,3,3,28566,124193
2021-07-12,port1367,Visakhapatnam,India,IND,2,4,0,50135
2021-07-12,port2299,Gopalpur,India,IND,1,1,0,23971
2021-07-12,port290,Dhamra Port,India,IND,0,0,0,0
2021-07-12,port442,Haldia,India,IND,2,3,2071,0
2021-07-12,port883,Paradip,India,IND,4,4,20323,143018
2021-07-13,port1367,Visakhapatnam,India,IND,3,6,113542,66036
2021-07-13,port2299,Gopalpur,India,IND,0,0,0,0
2021-07-13,port290,Dhamra Port,India,IND,1,1,41491,19184
2021-07-13,port442,Haldia,India,IND,3,3,60128,5755
2021-07-13,port883,Paradip,India,IND,3,4,29813,71862
2021-07-14,port1367,Visakhapatnam,India,IND,4,6,72993,84088
2021-07-14,port2299,Gopalpur,India,IND,0,0,0,0
2021-07-14,port290,Dhamra Port,India,IND,1,1,41491,19184
2021-07-14,port442,Haldia,India,IND,3,5,124526,6118
2021-07-14,port883,Paradip,India,IND,4,4,81292,121074
2021-07-15,port1367,Visakhapatnam,India,IND,3,6,72205,127489
2021-07-15,port2299,Gopalpur,India,IND,1,1,169232,0
2021-07-15,port290,Dhamra Port,India,IND,2,2,115184,0
2021-07-15,port442,Haldia,India,IND,2,3,102275,3059
2021-07-15,port883,Paradip,India,IND,1,1,20323,30268
2021-07-16,port1367,Visakhapatnam,India,IND,6,8,78277,199746
2021-07-16,port2299,Gopalpur,India,IND,1,1,22395,22579
2021-07-16,port290,Dhamra Port,India,IND,0,0,0,0
2021-07-16,port442,Haldia,India,IND,2,3,6690,411
2021-07-16,port883,Paradip,India,IND,1,1,20323,30268
2021-07-17,port1367,Visakhapatnam,India,IND,5,5,104857,79116
2021-07-17,port2299,Gopalpur,India,IND,0,0,0,0
2021-07-17,port290,Dhamra Port,India,IND,1,1,0,51064
2021-07-17,port442,Haldia,India,IND,1,4,32777,0
2021-07-17,port883,Paradip,India,IND,2,2,21279,30268
2021-07-18,port1367,Visakhapatnam,India,IND,5,8,133284,64372
2021-07-18,port2299,Gopalpur,India,IND,1,1,0,9407
2021-07-18,port290,Dhamra Port,India,IND,2,2,59818,19184
2021-07-18,port442,Haldia,India,IND,0,1,0,0
2021-07-18,port883,Paradip,India,IND,6,7,173718,182213
2021-07-19,port1367,Visakhapatnam,India,IND,0,0,0,0
2021-07-19,port2299,Gopalpur,India,IND,0,0,0,0
2021-07-19,port290,Dhamra Port,India,IND,1,1,41491,19184
2021-07-19,port442,Haldia,India,IND,1,2,0,0
2021-07-19,port883,Paradip,India,IND,1,1,78369,0
2021-07-20,port1367,Visakhapatnam,India,IND,4,8,185183,7791
2021-07-20,port2299,Gopalpur,India,IND,0,0,0,0
2021-07-20,port290,Dhamra Port,India,IND,1,1,41491,19184
2021-07-20,port442,Haldia,India,IND,1,4,0,38846
2021-07-20,port883,Paradip,India,IND,4,4,4453,100930
2021-07-21,port1367,Visakhapatnam,India,IND,7,11,12893,366661
2021-07-21,port2299,Gopalpur,India,IND,1,1,22395,22579
2021-07-21,port290,Dhamra Port,India,IND,2,2,84848,0
2021-07-21,port442,Haldia,India,IND,2,3,38932,26421
2021-07-21,port883,Paradip,India,IND,2,3,90952,0
2021-07-22,port1367,Visakhapatnam,India,IND,3,5,0,109790
2021-07-22,port2299,Gopalpur,India,IND,0,0,0,0
2021-07-22,port290,Dhamra Port,India,IND,2,2,163990,51604
2021-07-22,port442,Haldia,India,IND,2,3,23860,3059
2021-07-22,port883,Paradip,India,IND,3,3,20323,84937
2021-07-23,port1367,Visakhapatnam,India,IND,4,4,99134,15736
2021-07-23,port2299,Gopalpur,India,IND,0,0,0,0
2021-07-23,port290,Dhamra Port,India,IND,3,3,19967,29802
2021-07-23,port442,Haldia,India,IND,2,5,6001,0
2021-07-23,port883,Paradip,India,IND,4,5,78303,112186
2021-07-24,port1367,Visakhapatnam,India,IND,6,10,82403,223082
2021-07-24,port2299,Gopalpur,India,IND,1,1,0,76935
2021-07-24,port290,Dhamra Port,India,IND,0,0,0,0
2021-07-24,port442,Haldia,India,IND,1,3,0,0
2021-07-24,port883,Paradip,India,IND,3,3,0,122997
2021-07-25,port1367,Visakhapatnam,India,IND,1,3,80530,0
2021-07-25,port2299,Gopalpur,India,IND,0,0,0,0
2021-07-25,port290,Dhamra Port,India,IND,1,1,41802,0
2021-07-25,port442,Haldia,India,IND,1,3,27261,0
2021-07-25,port883,Paradip,India,IND,5,5,40646,224429
2021-07-26,port1367,Visakhapatnam,India,IND,3,6,347745,0
2021-07-26,port2299,Gopalpur,India,IND,2,2,22395,66675
2021-07-26,port290,Dhamra Port,India,IND,2,2,170229,27829
2021-07-26,port442,Haldia,India,IND,1,2,40782,0
2021-07-26,port883,Paradip,India,IND,0,0,0,0
2021-07-27,port1367,Visakhapatnam,India,IND,5,10,0,190368
2021-07-27,port2299,Gopalpur,India,IND,0,0,0,0
2021-07-27,port290,Dhamra Port,India,IND,1,1,0,55779
2021-07-27,port442,Haldia,India,IND,0,3,0,0
2021-07-27,port883,Paradip,India,IND,5,5,59859,86463
2021-07-28,port1367,Visakhapatnam,India,IND,2,4,51165,48618
2021-07-28,port2299,Gopalpur,India,IND,2,2,103507,27946
2021-07-28,port290,Dhamra Port,India,IND,2,2,187267,19184
2021-07-28,port442,Haldia,India,IND,1,3,78381,0
2021-07-28,port883,Paradip,India,IND,2,2,48510,30268
2021-07-29,port1367,Visakhapatnam,India,IND,4,8,138885,69473
2021-07-29,port2299,Gopalpur,India,IND,0,0,0,0
2021-07-29,port290,Dhamra Port,India,IND,0,0,0,0
2021-07-29,port442,Haldia,India,IND,0,1,0,0
2021-07-29,port883,Paradip,India,IND,3,5,99183,39726
2021-07-30,port1367,Visakhapatnam,India,IND,3,5,80487,54576
2021-07-30,port2299,Gopalpur,India,IND,0,0,0,0
2021-07-30,port290,Dhamra Port,India,IND,1,1,0,71549
2021-07-30,port442,Haldia,India,IND,1,4,0,0
2021-07-30,port883,Paradip,India,IND,4,5,40646,162791
2021-07-31,port1367,Visakhapatnam,India,IND,2,3,34294,15736
2021-07-31,port2299,Gopalpur,India,IND,2,2,47710,22579
2021-07-31,port290,Dhamra Port,India,IND,1,1,0,17019
2021-07-31,port442,Haldia,India,IND,3,5,62885,3059
2021-07-31,port883,Paradip,India,IND,3,4,72040,0
2021-08-01,port1367,Visakhapatnam,India,IND,2,6,58564,29810
2021-08-01,port2299,Gopalpur,India,IND,1,1,0,22315
2021-08-01,port290,Dhamra Port,India,IND,0,0,0,0
2021-08-01,port442,Haldia,India,IND,0,1,0,0
2021-08-01,port883,Paradip,India,IND,2,2,78912,72897
2021-08-02,port1367,Visakhapatnam,India,IND,4,5,193704,36817
2021-08-02,port2299,Gopalpur,India,IND,0,0,0,0
2021-08-02,port290,Dhamra Port,India,IND,1,1,42692,0
2021-08-02,port442,Haldia,India,IND,2,3,5474,0
2021-08-02,port883,Paradip,India,IND,3,4,37492,79374
2021-08-03,port1367,Visakhapatnam,India,IND,2,6,0,79590
2021-08-03,port2299,Gopalpur,India,IND,0,0,0,0
2021-08-03,port290,Dhamra Port,India,IND,1,1,0,49967
2021-08-03,port442,Haldia,India,IND,2,2,112724,0
2021-08-03,port883,Paradip,India,IND,4,4,40646,60537
2021-08-04,port1367,Visakhapatnam,India,IND,1,5,44181,0
2021-08-04,port2299,Gopalpur,India,IND,1,1,22395,22579
2021-08-04,port290,Dhamra Port,India,IND,1,1,54134,0
2021-08-04,port442,Haldia,India,IND,1,3,35560,0
2021-08-04,port883,Paradip,India,IND,4,4,212235,60909
2021-08-05,port1367,Visakhapatnam,India,IND,5,10,34294,152472
2021-08-05,port2299,Gopalpur,India,IND,0,0,0,0
2021-08-05,port290,Dhamra Port,India,IND,0,0,0,0
2021-08-05,port442,Haldia,India,IND,3,5,111009,3059
2021-08-05,port883,Paradip,India,IND,3,3,20323,78759
2021-08-06,port1367,Visakhapatnam,India,IND,3,3,34294,107849
2021-08-06,port2299,Gopalpur,India,IND,0,0,0,0
2021-08-06,port290,Dhamra Port,India,IND,0,0,0,0
2021-08-06,port442,Haldia,India,IND,1,2,0,0
2021-08-06,port883,Paradip,India,IND,4,5,141791,62787
2021-08-07,port1367,Visakhapatnam,India,IND,4,9,159860,58139
2021-08-07,port2299,Gopalpur,India,IND,0,0,0,0
2021-08-07,port290,Dhamra Port,India,IND,2,2,43911,19184
2021-08-07,port442,Haldia,India,IND,2,3,50747,3059
2021-08-07,port883,Paradip,India,IND,2,2,20323,101323
2021-08-08,port1367,Visakhapatnam,India,IND,3,4,57660,65398
2021-08-08,port2299,Gopalpur,India,IND,0,0,0,0
2021-08-08,port290,Dhamra Port,India,IND,0,0,0,0
2021-08-08,port442,Haldia,India,IND,0,1,0,0
2021-08-08,port883,Paradip,India,IND,3,3,3485,41326
2021-08-09,port1367,Visakhapatnam,India,IND,2,6,78827,53299
2021-08-09,port2299,Gopalpur,India,IND,0,0,0,0
2021-08-09,port290,Dhamra Port,India,IND,2,2,41491,73319
2021-08-09,port442,Haldia,India,IND,1,3,0,0
2021-08-09,port883,Paradip,India,IND,2,2,60806,71664
2021-08-10,port1367,Visakhapatnam,India,IND,5,7,162416,149409
2021-08-10,port2299,Gopalpur,India,IND,0,0,0,0
2021-08-10,port290,Dhamra Port,India,IND,0,0,0,0
2021-08-10,port442,Haldia,India,IND,1,5,77987,0
2021-08-10,port883,Paradip,India,IND,3,4,13855,19413
2021-08-11,port1367,Visakhapatnam,India,IND,2,6,188667,0
2021-08-11,port2299,Gopalpur,India,IND,1,1,136980,0
2021-08-11,port290,Dhamra Port,India,IND,2,2,41491,54976
2021-08-11,port442,Haldia,India,IND,1,3,78198,0
2021-08-11,port883,Paradip,India,IND,4,4,60969,160858
2021-08-12,port1367,Visakhapatnam,India,IND,3,4,82262,0
2021-08-12,port2299,Gopalpur,India,IND,0,0,0,0
2021-08-12,port290,Dhamra Port,India,IND,1,1,77734,0
2021-08-12,port442,Haldia,India,IND,0,2,0,0
2021-08-12,port883,Paradip,India,IND,2,3,94557,49420
2021-08-13,port1367,Visakhapatnam,India,IND,3,7,88175,54363
2021-08-13,port2299,Gopalpur,India,IND,0,0,0,0
2021-08-13,port290,Dhamra Port,India,IND,0,0,0,0
2021-08-13,port442,Haldia,India,IND,1,3,41705,0
2021-08-13,port883,Paradip,India,IND,2,2,98154,30268
2021-08-14,port1367,Visakhapatnam,India,IND,3,5,27152,30193
2021-08-14,port2299,Gopalpur,India,IND,2,2,125728,54362
2021-08-14,port290,Dhamra Port,India,IND,2,2,143759,19184
2021-08-14,port442,Haldia,India,IND,2,4,23295,3059
2021-08-14,port883,Paradip,India,IND,3,3,9992,117142
2021-08-15,port1367,Visakhapatnam,India,IND,5,9,133898,60072
2021-08-15,port2299,Gopalpur,India,IND,0,0,0,0
2021-08-15,port290,Dhamra Port,India,IND,0,0,0,0
2021-08-15,port442,Haldia,India,IND,1,3,23295,3059
2021-08-15,port883,Paradip,India,IND,1,1,20323,30268
2021-08-16,port1367,Visakhapatnam,India,IND,5,5,119819,117762
2021-08-16,port2299,Gopalpur,India,IND,0,0,0,0
2021-08-16,port290,Dhamra Port,India,IND,1,1,41491,19184
2021-08-16,port442,Haldia,India,IND,4,6,89647,6118
2021-08-16,port883,Paradip,India,IND,0,1,0,0
2021-08-17,port1367,Visakhapatnam,India,IND,5,9,111122,137104
2021-08-17,port2299,Gopalpur,India,IND,0,0,0,0
2021-08-17,port290,Dhamra Port,India,IND,1,1,41491,19184
2021-08-17,port442,Haldia,India,IND,1,3,0,0
2021-08-17,port883,Paradip,India,IND,1,1,0,32228
2021-08-18,port1367,Visakhapatnam,India,IND,4,7,56842,79520
2021-08-18,port2299,Gopalpur,India,IND,0,0,0,0
2021-08-18,port290,Dhamra Port,India,IND,0,0,0,0
2021-08-18,port442,Haldia,India,IND,1,3,78860,0
2021-08-18,port883,Paradip,India,IND,2,2,20323,76031
2021-08-19,port1367,Visakhapatnam,India,IND,2,5,129515,51106
2021-08-19,port2299,Gopalpur,India,IND,0,0,0,0
2021-08-19,port290,Dhamra Port,India,IND,2,2,56161,0
2021-08-19,port442,Haldia,India,IND,3,3,122202,0
2021-08-19,port883,Paradip,India,IND,3,4,62479,103440
2021-08-20,port1367,Visakhapatnam,India,IND,5,9,34294,149977
2021-08-20,port2299,Gopalpur,India,IND,0,0,0,0
2021-08-20,port290,Dhamra Port,India,IND,1,1,55566,0
2021-08-20,port442,Haldia,India,IND,2,7,23295,30215
2021-08-20,port883,Paradip,India,IND,3,4,171933,30268
2021-08-21,port1367,Visakhapatnam,India,IND,2,5,52758,57600
2021-08-21,port2299,Gopalpur,India,IND,0,0,0,0
2021-08-21,port290,Dhamra Port,India,IND,1,1,41491,19184
2021-08-21,port442,Haldia,India,IND,4,5,63259,17826
2021-08-21,port883,Paradip,India,IND,1,1,0,6691
2021-08-22,port1367,Visakhapatnam,India,IND,5,6,74769,69055
2021-08-22,port2299,Gopalpur,India,IND,0,0,0,0
2021-08-22,port290,Dhamra Port,India,IND,0,0,0,0
2021-08-22,port442,Haldia,India,IND,0,3,0,0
2021-08-22,port883,Paradip,India,IND,1,1,49043,0
2021-08-23,port1367,Visakhapatnam,India,IND,3,4,0,68260
2021-08-23,port2299,Gopalpur,India,IND,0,0,0,0
2021-08-23,port290,Dhamra Port,India,IND,1,1,78065,0
2021-08-23,port442,Haldia,India,IND,3,4,84799,0
2021-08-23,port883,Paradip,India,IND,4,4,111509,125299
2021-08-24,port1367,Visakhapatnam,India,IND,1,2,0,69473
2021-08-24,port2299,Gopalpur,India,IND,0,0,0,0
2021-08-24,port290,Dhamra Port,India,IND,0,0,0,0
2021-08-24,port442,Haldia,India,IND,1,1,23295,3059
2021-08-24,port883,Paradip,India,IND,2,2,59052,30268
2021-08-25,port1367,Visakhapatnam,India,IND,3,8,75766,15736
2021-08-25,port2299,Gopalpur,India,IND,1,1,1947,0
2021-08-25,port290,Dhamra Port,India,IND,0,0,0,0
2021-08-25,port442,Haldia,India,IND,0,1,0,0
2021-08-25,port883,Paradip,India,IND,1,1,0,32613
2021-08-26,port1367,Visakhapatnam,India,IND,3,5,238748,15736
2021-08-26,port2299,Gopalpur,India,IND,0,0,0,0
2021-08-26,port290,Dhamra Port,India,IND,2,2,160968,52492
2021-08-26,port442,Haldia,India,IND,3,3,45329,35584
2021-08-26,port883,Paradip,India,IND,3,4,99880,41014
2021-08-27,port1367,Visakhapatnam,India,IND,1,2,0,74490
2021-08-27,port2299,Gopalpur,India,IND,0,1,0,0
2021-08-27,port290,Dhamra Port,India,IND,1,1,41491,19184
2021-08-27,port442,Haldia,India,IND,1,4,33597,0
2021-08-27,port883,Paradip,India,IND,3,3,42156,25007
2021-08-28,port1367,Visakhapatnam,India,IND,1,3,46976,0
2021-08-28,port2299,Gopalpur,India,IND,0,0,0,0
2021-08-28,port290,Dhamra Port,India,IND,2,2,41491,92356
2021-08-28,port442,Haldia,India,IND,3,6,75106,0
2021-08-28,port883,Paradip,India,IND,3,4,0,162536
2021-08-29,port1367,Visakhapatnam,India,IND,1,3,0,53229
2021-08-29,port2299,Gopalpur,India,IND,0,0,0,0
2021-08-29,port290,Dhamra Port,India,IND,0,0,0,0
2021-08-29,port442,Haldia,India,IND,3,6,90460,6118
2021-08-29,port883,Paradip,India,IND,3,3,0,172198
2021-08-30,port1367,Visakhapatnam,India,IND,3,6,34294,64205
2021-08-30,port2299,Gopalpur,India,IND,0,0,0,0
2021-08-30,port290,Dhamra Port,India,IND,0,0,0,0
2021-08-30,port442,Haldia,India,IND,2,2,60274,3059
2021-08-30,port883,Paradip,India,IND,3,4,60890,148481
2021-08-31,port1367,Visakhapatnam,India,IND,4,6,68588,141852
2021-08-31,port2299,Gopalpur,India,IND,0,0,0,0
2021-08-31,port290,Dhamra Port,India,IND,2,2,0,32800
2021-08-31,port442,Haldia,India,IND,0,1,0,0
2021-08-31,port883,Paradip,India,IND,4,4,40646,166536
2021-09-01,port1367,Visakhapatnam,India,IND,5,6,278925,29241
2021-09-01,port2299,Gopalpur,India,IND,1,1,2378,0
2021-09-01,port290,Dhamra Port,India,IND,1,1,0,16002
2021-09-01,port442,Haldia,India,IND,3,5,55848,3059
2021-09-01,port883,Paradip,India,IND,2,3,20323,81315
2021-09-02,port1367,Visakhapatnam,India,IND,3,5,0,122894
2021-09-02,port2299,Gopalpur,India,IND,0,0,0,0
2021-09-02,port290,Dhamra Port,India,IND,2,2,324802,0
2021-09-02,port442,Haldia,India,IND,1,2,0,0
2021-09-02,port883,Paradip,India,IND,3,5,94719,71747
2021-09-03,port1367,Visakhapatnam,India,IND,7,9,129287,118727
2021-09-03,port2299,Gopalpur,India,IND,0,0,0,0
2021-09-03,port290,Dhamra Port,India,IND,1,1,0,32242
2021-09-03,port442,Haldia,India,IND,2,3,100162,3059
2021-09-03,port883,Paradip,India,IND,1,2,20323,30268
2021-09-04,port1367,Visakhapatnam,India,IND,2,6,132324,0
2021-09-04,port2299,Gopalpur,India,IND,0,0,0,0
2021-09-04,port290,Dhamra Port,India,IND,2,2,92649,0
2021-09-04,port442,Haldia,India,IND,1,3,79642,0
2021-09-04,port883,Paradip,India,IND,4,4,81433,84376
2021-09-05,port1367,Visakhapatnam,India,IND,4,5,166650,31473
2021-09-05,port2299,Gopalpur,India,IND,2,2,22395,129811
2021-09-05,port290,Dhamra Port,India,IND,1,1,41491,19184
2021-09-05,port442,Haldia,India,IND,2,3,23295,3744
2021-09-05,port883,Paradip,India,IND,4,4,60969,160858
2021-09-06,port1367,Visakhapatnam,India,IND,7,9,126106,191836
2021-09-06,port2299,Gopalpur,India,IND,1,1,130043,0
2021-09-06,port290,Dhamra Port,India,IND,0,1,0,0
2021-09-06,port442,Haldia,India,IND,2,4,36645,0
2021-09-06,port883,Paradip,India,IND,3,3,20323,147073
2021-09-07,port1367,Visakhapatnam,India,IND,4,5,139970,80749
2021-09-07,port2299,Gopalpur,India,IND,0,0,0,0
2021-09-07,port290,Dhamra Port,India,IND,2,2,151959,19184
2021-09-07,port442,Haldia,India,IND,3,5,197526,0
2021-09-07,port883,Paradip,India,IND,2,3,0,51064
2021-09-08,port1367,Visakhapatnam,India,IND,1,4,167754,0
2021-09-08,port2299,Gopalpur,India,IND,0,0,0,0
2021-09-08,port290,Dhamra Port,India,IND,1,1,0,0
2021-09-08,port442,Haldia,India,IND,2,3,83169,0
2021-09-08,port883,Paradip,India,IND,2,2,39735,23681
2021-09-09,port1367,Visakhapatnam,India,IND,3,6,50146,26138
2021-09-09,port2299,Gopalpur,India,IND,0,0,0,0
2021-09-09,port290,Dhamra Port,India,IND,1,1,0,0
2021-09-09,port442,Haldia,India,IND,4,5,142195,3059
2021-09-09,port883,Paradip,India,IND,1,1,67271,0
2021-09-10,port1367,Visakhapatnam,India,IND,1,5,36253,0
2021-09-10,port2299,Gopalpur,India,IND,1,1,22395,22579
2021-09-10,port290,Dhamra Port,India,IND,0,0,0,0
2021-09-10,port442,Haldia,India,IND,1,4,0,5993
2021-09-10,port883,Paradip,India,IND,4,4,76292,71054
2021-09-11,port1367,Visakhapatnam,India,IND,3,6,194451,28283
2021-09-11,port2299,Gopalpur,India,IND,0,0,0,0
2021-09-11,port290,Dhamra Port,India,IND,1,1,41491,19184
2021-09-11,port442,Haldia,India,IND,3,3,46591,6118
2021-09-11,port883,Paradip,India,IND,2,3,20323,30268
2021-09-12,port1367,Visakhapatnam,India,IND,5,7,190517,42666
2021-09-12,port2299,Gopalpur,India,IND,0,0,0,0
2021-09-12,port290,Dhamra Port,India,IND,3,3,103931,78411
2021-09-12,port442,Haldia,India,IND,0,3,0,0
2021-09-12,port883,Paradip,India,IND,1,1,0,69682
2021-09-13,port1367,Visakhapatnam,India,IND,4,4,279816,0
2021-09-13,port2299,Gopalpur,India,IND,1,1,22395,22579
2021-09-13,port290,Dhamra Port,India,IND,1,1,31865,0
2021-09-13,port442,Haldia,India,IND,2,5,0,0
2021-09-13,port883,Paradip,India,IND,1,1,20323,30268
2021-09-14,port1367,Visakhapatnam,India,IND,0,2,0,0
2021-09-14,port2299,Gopalpur,India,IND,0,0,0,0
2021-09-14,port290,Dhamra Port,India,IND,0,0,0,0
2021-09-14,port442,Haldia,India,IND,1,1,0,15853
2021-09-14,port883,Paradip,India,IND,4,4,20323,220489
2021-09-15,port1367,Visakhapatnam,India,IND,2,7,61067,15736
2021-09-15,port2299,Gopalpur,India,IND,1,1,0,0
2021-09-15,port290,Dhamra Port,India,IND,2,2,41491,19184
2021-09-15,port442,Haldia,India,IND,2,5,23295,3059
2021-09-15,port883,Paradip,India,IND,1,1,0,18042
2021-09-16,port1367,Visakhapatnam,India,IND,3,3,151541,0
2021-09-16,port2299,Gopalpur,India,IND,0,0,0,0
2021-09-16,port290,Dhamra Port,India,IND,0,0,0,0
2021-09-16,port442,Haldia,India,IND,2,4,23295,3059
2021-09-16,port883,Paradip,India,IND,1,1,0,71664
2021-09-17,port1367,Visakhapatnam,India,IND,2,8,38489,0
2021-09-17,port2299,Gopalpur,India,IND,2,2,22395,71104
2021-09-17,port290,Dhamra Port,India,IND,2,2,0,74818
2021-09-17,port442,Haldia,India,IND,3,5,46591,6118
2021-09-17,port883,Paradip,India,IND,4,5,99562,52110
2021-09-18,port1367,Visakhapatnam,India,IND,2,3,57684,15736
2021-09-18,port2299,Gopalpur,India,IND,0,0,0,0
2021-09-18,port290,Dhamra Port,India,IND,2,2,46909,19184
2021-09-18,port442,Haldia,India,IND,3,5,69771,3059
2021-09-18,port883,Paradip,India,IND,1,1,78908,0
2021-09-19,port1367,Visakhapatnam,India,IND,3,5,158316,68517
2021-09-19,port2299,Gopalpur,India,IND,1,1,47559,0
2021-09-19,port290,Dhamra Port,India,IND,0,0,0,0
2021-09-19,port442,Haldia,India,IND,1,2,23295,3059
2021-09-19,port883,Paradip,India,IND,2,2,51170,71747
2021-09-20,port1367,Visakhapatnam,India,IND,3,7,156260,1086
2021-09-20,port2299,Gopalpur,India,IND,0,0,0,0
2021-09-20,port290,Dhamra Port,India,IND,3,3,119668,39625
2021-09-20,port442,Haldia,India,IND,3,7,52980,3059
2021-09-20,port883,Paradip,India,IND,1,4,54328,0
2021-09-21,port1367,Visakhapatnam,India,IND,3,4,0,90874
2021-09-21,port2299,Gopalpur,India,IND,0,0,0,0
2021-09-21,port290,Dhamra Port,India,IND,2,2,161135,28734
2021-09-21,port442,Haldia,India,IND,0,2,0,0
2021-09-21,port883,Paradip,India,IND,0,0,0,0
2021-09-22,port1367,Visakhapatnam,India,IND,2,3,43391,0
2021-09-22,port2299,Gopalpur,India,IND,1,1,25314,0
2021-09-22,port290,Dhamra Port,India,IND,1,1,41491,19184
2021-09-22,port442,Haldia,India,IND,1,3,8056,0
2021-09-22,port883,Paradip,India,IND,4,4,80774,105905
2021-09-23,port1367,Visakhapatnam,India,IND,7,11,283690,144148
2021-09-23,port2299,Gopalpur,India,IND,0,0,0,0
2021-09-23,port290,Dhamra Port,India,IND,0,0,0,0
2021-09-23,port442,Haldia,India,IND,2,3,54958,34064
2021-09-23,port883,Paradip,India,IND,1,1,23056,0
2021-09-24,port1367,Visakhapatnam,India,IND,2,7,68588,31473
2021-09-24,port2299,Gopalpur,India,IND,0,0,0,0
2021-09-24,port290,Dhamra Port,India,IND,2,2,200908,19184
2021-09-24,port442,Haldia,India,IND,2,3,46591,6118
2021-09-24,port883,Paradip,India,IND,2,2,74071,27029
2021-09-25,port1367,Visakhapatnam,India,IND,6,8,217864,73673
2021-09-25,port2299,Gopalpur,India,IND,0,0,0,0
2021-09-25,port290,Dhamra Port,India,IND,0,0,0,0
2021-09-25,port442,Haldia,India,IND,2,3,0,24917
2021-09-25,port883,Paradip,India,IND,3,5,54539,105760
2021-09-26,port1367,Visakhapatnam,India,IND,2,2,63799,45302
2021-09-26,port2299,Gopalpur,India,IND,0,0,0,0
2021-09-26,port290,Dhamra Port,India,IND,0,0,0,0
2021-09-26,port442,Haldia,India,IND,1,4,0,0
2021-09-26,port883,Paradip,India,IND,1,1,80579,0
2021-09-27,port1367,Visakhapatnam,India,IND,6,9,152965,42317
2021-09-27,port2299,Gopalpur,India,IND,0,0,0,0
2021-09-27,port290,Dhamra Port,India,IND,2,2,70953,0
2021-09-27,port442,Haldia,India,IND,1,3,0,0
2021-09-27,port883,Paradip,India,IND,5,5,113832,70367
2021-09-28,port1367,Visakhapatnam,India,IND,2,7,34749,47256
2021-09-28,port2299,Gopalpur,India,IND,1,1,0,0
2021-09-28,port290,Dhamra Port,India,IND,1,1,0,9733
2021-09-28,port442,Haldia,India,IND,2,5,0,0
2021-09-28,port883,Paradip,India,IND,3,4,52632,30268
2021-09-29,port1367,Visakhapatnam,India,IND,5,7,110079,71325
2021-09-29,port2299,Gopalpur,India,IND,0,0,0,0
2021-09-29,port290,Dhamra Port,India,IND,1,1,41491,19184
2021-09-29,port442,Haldia,India,IND,1,2,0,0
2021-09-29,port883,Paradip,India,IND,2,2,20323,84961
2021-09-30,port1367,Visakhapatnam,India,IND,3,5,34294,43194
2021-09-30,port2299,Gopalpur,India,IND,1,1,115542,0
2021-09-30,port290,Dhamra Port,India,IND,0,0,0,0
2021-09-30,port442,Haldia,India,IND,2,4,37988,0
2021-09-30,port883,Paradip,India,IND,1,2,0,50135
2021-10-01,port1367,Visakhapatnam,India,IND,5,6,184120,68473
2021-10-01,port2299,Gopalpur,India,IND,0,1,0,0
2021-10-01,port290,Dhamra Port,India,IND,0,0,0,0
2021-10-01,port442,Haldia,India,IND,2,5,0,0
2021-10-01,port883,Paradip,India,IND,4,4,169066,101323
2021-10-02,port1367,Visakhapatnam,India,IND,6,6,157940,170288
2021-10-02,port2299,Gopalpur,India,IND,0,0,0,0
2021-10-02,port290,Dhamra Port,India,IND,0,0,0,0
2021-10-02,port442,Haldia,India,IND,3,5,46591,6118
2021-10-02,port883,Paradip,India,IND,1,1,0,0
2021-10-03,port1367,Visakhapatnam,India,IND,1,2,25352,0
2021-10-03,port2299,Gopalpur,India,IND,0,0,0,0
2021-10-03,port290,Dhamra Port,India,IND,1,1,38047,0
2021-10-03,port442,Haldia,India,IND,0,1,0,0
2021-10-03,port883,Paradip,India,IND,3,3,106813,27514
2021-10-04,port1367,Visakhapatnam,India,IND,3,3,6063,69602
2021-10-04,port2299,Gopalpur,India,IND,0,0,0,0
2021-10-04,port290,Dhamra Port,India,IND,1,1,162771,0
2021-10-04,port442,Haldia,India,IND,3,3,135527,0
2021-10-04,port883,Paradip,India,IND,2,3,20323,83291
2021-10-05,port1367,Visakhapatnam,India,IND,1,2,34294,15736
2021-10-05,port2299,Gopalpur,India,IND,1,1,36316,0
2021-10-05,port290,Dhamra Port,India,IND,1,1,43150,0
2021-10-05,port442,Haldia,India,IND,2,5,29430,0
2021-10-05,port883,Paradip,India,IND,5,5,99553,177547
2021-10-06,port1367,Visakhapatnam,India,IND,3,3,68588,31473
2021-10-06,port2299,Gopalpur,India,IND,0,0,0,0
2021-10-06,port290,Dhamra Port,India,IND,0,0,0,0
2021-10-06,port442,Haldia,India,IND,1,4,0,31141
2021-10-06,port883,Paradip,India,IND,3,3,40646,81296
2021-10-07,port1367,Visakhapatnam,India,IND,6,6,130523,77137
2021-10-07,port2299,Gopalpur,India,IND,1,1,22395,22579
2021-10-07,port290,Dhamra Port,India,IND,0,0,0,0
2021-10-07,port442,Haldia,India,IND,2,5,54524,684
2021-10-07,port883,Paradip,India,IND,4,4,139034,30268
2021-10-08,port1367,Visakhapatnam,India,IND,5,9,146483,31935
2021-10-08,port2299,Gopalpur,India,IND,0,0,0,0
2021-10-08,port290,Dhamra Port,India,IND,3,3,209439,19184
2021-10-08,port442,Haldia,India,IND,3,4,85338,0
2021-10-08,port883,Paradip,India,IND,4,5,125270,103894
2021-10-09,port1367,Visakhapatnam,India,IND,3,3,34294,102194
2021-10-09,port2299,Gopalpur,India,IND,0,0,0,0
2021-10-09,port290,Dhamra Port,India,IND,0,0,0,0
2021-10-09,port442,Haldia,India,IND,2,3,78637,0
2021-10-09,port883,Paradip,India,IND,2,2,104418,0
2021-10-10,port1367,Visakhapatnam,India,IND,0,1,0,0
2021-10-10,port2299,Gopalpur,India,IND,0,0,0,0
2021-10-10,port290,Dhamra Port,India,IND,0,0,0,0
2021-10-10,port442,Haldia,India,IND,1,4,0,683
2021-10-10,port883,Paradip,India,IND,0,1,0,0
2021-10-11,port1367,Visakhapatnam,India,IND,2,2,28221,31509
2021-10-11,port2299,Gopalpur,India,IND,0,0,0,0
2021-10-11,port290,Dhamra Port,India,IND,3,3,88081,39982
2021-10-11,port442,Haldia,India,IND,1,3,52003,0
2021-10-11,port883,Paradip,India,IND,4,5,151033,39700
2021-10-12,port1367,Visakhapatnam,India,IND,2,2,79440,57382
2021-10-12,port2299,Gopalpur,India,IND,0,0,0,0
2021-10-12,port290,Dhamra Port,India,IND,1,1,41491,19184
2021-10-12,port442,Haldia,India,IND,1,4,23295,3059
2021-10-12,port883,Paradip,India,IND,3,3,99001,109289
2021-10-13,port1367,Visakhapatnam,India,IND,5,8,97819,59313
2021-10-13,port2299,Gopalpur,India,IND,0,0,0,0
2021-10-13,port290,Dhamra Port,India,IND,1,1,37361,0
2021-10-13,port442,Haldia,India,IND,2,3,79467,0
2021-10-13,port883,Paradip,India,IND,6,6,104997,166968
2021-10-14,port1367,Visakhapatnam,India,IND,5,10,164815,0
2021-10-14,port2299,Gopalpur,India,IND,1,1,66439,0
2021-10-14,port290,Dhamra Port,India,IND,0,0,0,0
2021-10-14,port442,Haldia,India,IND,1,3,79049,0
2021-10-14,port883,Paradip,India,IND,2,3,29409,30268
2021-10-15,port1367,Visakhapatnam,India,IND,3,3,34294,139485
2021-10-15,port2299,Gopalpur,India,IND,0,0,0,0
2021-10-15,port290,Dhamra Port,India,IND,2,3,79527,30737
2021-10-15,port442,Haldia,India,IND,2,3,36743,0
2021-10-15,port883,Paradip,India,IND,2,3,20323,101691
2021-10-16,port1367,Visakhapatnam,India,IND,6,8,188868,12449
2021-10-16,port2299,Gopalpur,India,IND,0,0,0,0
2021-10-16,port290,Dhamra Port,India,IND,1,1,41491,19184
2021-10-16,port442,Haldia,India,IND,1,4,78860,0
2021-10-16,port883,Paradip,India,IND,4,4,60969,162470
2021-10-17,port1367,Visakhapatnam,India,IND,4,8,162640,0
2021-10-17,port2299,Gopalpur,India,IND,0,0,0,0
2021-10-17,port290,Dhamra Port,India,IND,1,1,78782,0
2021-10-17,port442,Haldia,India,IND,0,0,0,0
2021-10-17,port883,Paradip,India,IND,2,2,20323,41233
2021-10-18,port1367,Visakhapatnam,India,IND,3,6,226967,15736
2021-10-18,port2299,Gopalpur,India,IND,0,0,0,0
2021-10-18,port290,Dhamra Port,India,IND,0,0,0,0
2021-10-18,port442,Haldia,India,IND,1,1,0,0
2021-10-18,port883,Paradip,India,IND,5,6,40646,251007
2021-10-19,port1367,Visakhapatnam,India,IND,1,4,37300,0
2021-10-19,port2299,Gopalpur,India,IND,1,1,0,908
2021-10-19,port290,Dhamra Port,India,IND,3,3,165844,67746
2021-10-19,port442,Haldia,India,IND,0,1,0,0
2021-10-19,port883,Paradip,India,IND,0,0,0,0
2021-10-20,port1367,Visakhapatnam,India,IND,2,3,107486,15736
2021-10-20,port2299,Gopalpur,India,IND,0,0,0,0
2021-10-20,port290,Dhamra Port,India,IND,1,1,0,23757
2021-10-20,port442,Haldia,India,IND,3,4,64817,0
2021-10-20,port883,Paradip,India,IND,2,3,20323,62754
2021-10-21,port1367,Visakhapatnam,India,IND,4,5,172066,32898
2021-10-21,port2299,Gopalpur,India,IND,2,2,684,78134
2021-10-21,port290,Dhamra Port,India,IND,1,1,41491,19184
2021-10-21,port442,Haldia,India,IND,2,5,60919,3059
2021-10-21,port883,Paradip,India,IND,5,6,269847,99950
2021-10-22,port1367,Visakhapatnam,India,IND,5,6,83341,2400
2021-10-22,port2299,Gopalpur,India,IND,0,0,0,0
2021-10-22,port290,Dhamra Port,India,IND,1,1,41491,19184
2021-10-22,port442,Haldia,India,IND,2,3,35836,0
2021-10-22,port883,Paradip,India,IND,1,1,0,0
2021-10-23,port1367,Visakhapatnam,India,IND,8,12,210250,88745
2021-10-23,port2299,Gopalpur,India,IND,0,0,0,0
2021-10-23,port290,Dhamra Port,India,IND,1,1,3613,0
2021-10-23,port442,Haldia,India,IND,1,2,36318,0
2021-10-23,port883,Paradip,India,IND,4,4,98572,121700
2021-10-24,port1367,Visakhapatnam,India,IND,4,5,145489,0
2021-10-24,port2299,Gopalpur,India,IND,0,0,0,0
2021-10-24,port290,Dhamra Port,India,IND,1,1,0,46532
2021-10-24,port442,Haldia,India,IND,2,3,77134,3059
2021-10-24,port883,Paradip,India,IND,3,3,73412,108226
2021-10-25,port1367,Visakhapatnam,India,IND,3,4,0,138498
2021-10-25,port2299,Gopalpur,India,IND,1,1,0,22397
2021-10-25,port290,Dhamra Port,India,IND,0,0,0,0
2021-10-25,port442,Haldia,India,IND,1,1,0,0
2021-10-25,port883,Paradip,India,IND,6,6,99413,250648
2021-10-26,port1367,Visakhapatnam,India,IND,5,7,224254,69621
2021-10-26,port2299,Gopalpur,India,IND,0,0,0,0
2021-10-26,port290,Dhamra Port,India,IND,3,3,4789,85891
2021-10-26,port442,Haldia,India,IND,0,2,0,0
2021-10-26,port883,Paradip,India,IND,3,3,20532,105965
2021-10-27,port1367,Visakhapatnam,India,IND,5,7,74096,72458
2021-10-27,port2299,Gopalpur,India,IND,0,0,0,0
2021-10-27,port290,Dhamra Port,India,IND,1,1,53396,0
2021-10-27,port442,Haldia,India,IND,0,2,0,0
2021-10-27,port883,Paradip,India,IND,2,3,100020,0
2021-10-28,port1367,Visakhapatnam,India,IND,11,17,170717,203791
2021-10-28,port2299,Gopalpur,India,IND,0,0,0,0
2021-10-28,port290,Dhamra Port,India,IND,0,0,0,0
2021-10-28,port442,Haldia,India,IND,1,5,79524,0
2021-10-28,port883,Paradip,India,IND,6,7,99425,256240
2021-10-29,port1367,Visakhapatnam,India,IND,2,3,113108,15736
2021-10-29,port2299,Gopalpur,India,IND,0,0,0,0
2021-10-29,port290,Dhamra Port,India,IND,2,2,122325,19184
2021-10-29,port442,Haldia,India,IND,3,5,23295,25084
2021-10-29,port883,Paradip,India,IND,0,1,0,0
2021-10-30,port1367,Visakhapatnam,India,IND,3,6,149033,0
2021-10-30,port2299,Gopalpur,India,IND,1,1,57874,0
2021-10-30,port290,Dhamra Port,India,IND,0,0,0,0
2021-10-30,port442,Haldia,India,IND,1,3,78459,0
2021-10-30,port883,Paradip,India,IND,2,2,20323,101691
2021-10-31,port1367,Visakhapatnam,India,IND,7,9,281743,118267
2021-10-31,port2299,Gopalpur,India,IND,0,0,0,0
2021-10-31,port290,Dhamra Port,India,IND,3,3,213727,0
2021-10-31,port442,Haldia,India,IND,1,3,23295,3059
2021-10-31,port883,Paradip,India,IND,5,5,206198,0
2021-11-01,port1367,Visakhapatnam,India,IND,4,8,170489,31473
2021-11-01,port2299,Gopalpur,India,IND,0,0,0,0
2021-11-01,port290,Dhamra Port,India,IND,1,1,41491,19184
2021-11-01,port442,Haldia,India,IND,1,1,39454,0
2021-11-01,port883,Paradip,India,IND,4,4,77120,131592
2021-11-02,port1367,Visakhapatnam,India,IND,2,5,164376,50822
2021-11-02,port2299,Gopalpur,India,IND,0,0,0,0
2021-11-02,port290,Dhamra Port,India,IND,1,1,78265,0
2021-11-02,port442,Haldia,India,IND,3,4,85506,0
2021-11-02,port883,Paradip,India,IND,1,3,0,1392
2021-11-03,port1367,Visakhapatnam,India,IND,3,8,81782,73732
2021-11-03,port2299,Gopalpur,India,IND,0,0,0,0
2021-11-03,port290,Dhamra Port,India,IND,2,2,72492,20646
2021-11-03,port442,Haldia,India,IND,2,4,23295,3059
2021-11-03,port883,Paradip,India,IND,3,4,20323,101932
2021-11-04,port1367,Visakhapatnam,India,IND,3,4,0,130177
2021-11-04,port2299,Gopalpur,India,IND,0,0,0,0
2021-11-04,port290,Dhamra Port,India,IND,0,0,0,0
2021-11-04,port442,Haldia,India,IND,0,4,0,0
2021-11-04,port883,Paradip,India,IND,2,4,0,73005
2021-11-05,port1367,Visakhapatnam,India,IND,8,12,315676,58264
2021-11-05,port2299,Gopalpur,India,IND,0,0,0,0
2021-11-05,port290,Dhamra Port,India,IND,2,2,105927,0
2021-11-05,port442,Haldia,India,IND,1,3,684,0
2021-11-05,port883,Paradip,India,IND,2,5,20323,109140
2021-11-06,port1367,Visakhapatnam,India,IND,5,5,297671,85223
2021-11-06,port2299,Gopalpur,India,IND,1,1,77604,0
2021-11-06,port290,Dhamra Port,India,IND,0,0,0,0
2021-11-06,port442,Haldia,India,IND,3,6,74937,0
2021-11-06,port883,Paradip,India,IND,5,5,137675,107196
2021-11-07,port1367,Visakhapatnam,India,IND,0,3,0,0
2021-11-07,port2299,Gopalpur,India,IND,0,0,0,0
2021-11-07,port290,Dhamra Port,India,IND,1,1,41491,19184
2021-11-07,port442,Haldia,India,IND,1,5,27016,0
2021-11-07,port883,Paradip,India,IND,2,3,75919,0
2021-11-08,port1367,Visakhapatnam,India,IND,2,5,86195,15736
2021-11-08,port2299,Gopalpur,India,IND,0,0,0,0
2021-11-08,port290,Dhamra Port,India,IND,2,2,78682,576
2021-11-08,port442,Haldia,India,IND,3,5,140506,17874
2021-11-08,port883,Paradip,India,IND,3,3,68632,51711
2021-11-09,port1367,Visakhapatnam,India,IND,1,2,34294,15736
2021-11-09,port2299,Gopalpur,India,IND,0,0,0,0
2021-11-09,port290,Dhamra Port,India,IND,1,1,0,7265
2021-11-09,port442,Haldia,India,IND,4,9,36895,0
2021-11-09,port883,Paradip,India,IND,2,3,133988,0
2021-11-10,port1367,Visakhapatnam,India,IND,2,3,48190,15736
2021-11-10,port2299,Gopalpur,India,IND,0,0,0,0
2021-11-10,port290,Dhamra Port,India,IND,1,1,78864,0
2021-11-10,port442,Haldia,India,IND,5,8,175596,54881
2021-11-10,port883,Paradip,India,IND,6,7,71499,105834
2021-11-11,port1367,Visakhapatnam,India,IND,6,8,111549,120562
2021-11-11,port2299,Gopalpur,India,IND,0,0,0,0
2021-11-11,port290,Dhamra Port,India,IND,1,1,16638,0
2021-11-11,port442,Haldia,India,IND,0,3,0,0
2021-11-11,port883,Paradip,India,IND,2,3,40646,60537
2021-11-12,port1367,Visakhapatnam,India,IND,1,1,26314,0
2021-11-12,port2299,Gopalpur,India,IND,1,1,78403,0
2021-11-12,port290,Dhamra Port,India,IND,1,1,91679,0
2021-11-12,port442,Haldia,India,IND,3,6,15358,0
2021-11-12,port883,Paradip,India,IND,7,8,104136,211289
2021-11-13,port1367,Visakhapatnam,India,IND,3,5,186856,0
2021-11-13,port2299,Gopalpur,India,IND,0,0,0,0
2021-11-13,port290,Dhamra Port,India,IND,1,1,162684,0
2021-11-13,port442,Haldia,India,IND,0,1,0,0
2021-11-13,port883,Paradip,India,IND,2,3,80189,27971
2021-11-14,port1367,Visakhapatnam,India,IND,3,6,83675,15736
2021-11-14,port2299,Gopalpur,India,IND,0,0,0,0
2021-11-14,port290,Dhamra Port,India,IND,0,0,0,0
2021-11-14,port442,Haldia,India,IND,3,5,193855,0
2021-11-14,port883,Paradip,India,IND,2,3,42163,50135
2021-11-15,port1367,Visakhapatnam,India,IND,5,7,68588,162306
2021-11-15,port2299,Gopalpur,India,IND,2,2,0,11164
2021-11-15,port290,Dhamra Port,India,IND,1,1,58679,0
2021-11-15,port442,Haldia,India,IND,4,6,87148,0
2021-11-15,port883,Paradip,India,IND,2,2,20323,79208
2021-11-16,port1367,Visakhapatnam,India,IND,2,2,86452,15736
2021-11-16,port2299,Gopalpur,India,IND,0,0,0,0
2021-11-16,port290,Dhamra Port,India,IND,1,1,0,25103
2021-11-16,port442,Haldia,India,IND,1,4,22093,0
2021-11-16,port883,Paradip,India,IND,3,4,47558,102177
2021-11-17,port1367,Visakhapatnam,India,IND,5,6,181009,115645
2021-11-17,port2299,Gopalpur,India,IND,0,0,0,0
2021-11-17,port290,Dhamra Port,India,IND,2,2,149713,0
2021-11-17,port442,Haldia,India,IND,3,5,6869,41466
2021-11-17,port883,Paradip,India,IND,3,4,20323,103894
2021-11-18,port1367,Visakhapatnam,India,IND,0,4,0,0
2021-11-18,port2299,Gopalpur,India,IND,0,0,0,0
2021-11-18,port290,Dhamra Port,India,IND,0,0,0,0
2021-11-18,port442,Haldia,India,IND,0,5,0,0
2021-11-18,port883,Paradip,India,IND,2,2,0,70367
2021-11-19,port1367,Visakhapatnam,India,IND,3,3,107111,15736
2021-11-19,port2299,Gopalpur,India,IND,1,1,133611,0
2021-11-19,port290,Dhamra Port,India,IND,0,0,0,0
2021-11-19,port442,Haldia,India,IND,1,1,41003,0
2021-11-19,port883,Paradip,India,IND,0,1,0,0
2021-11-20,port1367,Visakhapatnam,India,IND,5,5,311330,42348
2021-11-20,port2299,Gopalpur,India,IND,0,0,0,0
2021-11-20,port290,Dhamra Port,India,IND,1,1,160825,0
2021-11-20,port442,Haldia,India,IND,1,5,0,0
2021-11-20,port883,Paradip,India,IND,5,7,79431,133837
2021-11-21,port1367,Visakhapatnam,India,IND,1,1,24379,0
2021-11-21,port2299,Gopalpur,India,IND,0,0,0,0
2021-11-21,port290,Dhamra Port,India,IND,0,0,0,0
2021-11-21,port442,Haldia,India,IND,1,4,0,42822
2021-11-21,port883,Paradip,India,IND,2,4,20323,63468
2021-11-22,port1367,Visakhapatnam,India,IND,3,6,73140,83599
2021-11-22,port2299,Gopalpur,India,IND,0,0,0,0
2021-11-22,port290,Dhamra Port,India,IND,1,1,0,31626
2021-11-22,port442,Haldia,India,IND,2,3,23295,3059
2021-11-22,port883,Paradip,India,IND,3,3,167751,30268
2021-11-23,port1367,Visakhapatnam,India,IND,4,6,102883,47210
2021-11-23,port2299,Gopalpur,India,IND,0,0,0,0
2021-11-23,port290,Dhamra Port,India,IND,0,0,0,0
2021-11-23,port442,Haldia,India,IND,0,3,0,0
2021-11-23,port883,Paradip,India,IND,2,4,20323,101222
2021-11-24,port1367,Visakhapatnam,India,IND,4,5,148984,87167
2021-11-24,port2299,Gopalpur,India,IND,0,0,0,0
2021-11-24,port290,Dhamra Port,India,IND,0,0,0,0
2021-11-24,port442,Haldia,India,IND,1,2,42372,0
2021-11-24,port883,Paradip,India,IND,1,5,0,131328
2021-11-25,port1367,Visakhapatnam,India,IND,0,1,0,0
2021-11-25,port2299,Gopalpur,India,IND,0,0,0,0
2021-11-25,port290,Dhamra Port,India,IND,0,0,0,0
2021-11-25,port442,Haldia,India,IND,1,3,0,0
2021-11-25,port883,Paradip,India,IND,3,5,79495,120767
2021-11-26,port1367,Visakhapatnam,India,IND,3,4,55707,92951
2021-11-26,port2299,Gopalpur,India,IND,0,0,0,0
2021-11-26,port290,Dhamra Port,India,IND,1,1,79245,0
2021-11-26,port442,Haldia,India,IND,0,2,0,0
2021-11-26,port883,Paradip,India,IND,5,6,70946,126069
2021-11-27,port1367,Visakhapatnam,India,IND,1,1,0,39687
2021-11-27,port2299,Gopalpur,India,IND,0,0,0,0
2021-11-27,port290,Dhamra Port,India,IND,1,1,51286,0
2021-11-27,port442,Haldia,India,IND,4,8,101359,6118
2021-11-27,port883,Paradip,India,IND,3,3,0,186771
2021-11-28,port1367,Visakhapatnam,India,IND,2,3,6881,27784
2021-11-28,port2299,Gopalpur,India,IND,0,0,0,0
2021-11-28,port290,Dhamra Port,India,IND,0,0,0,0
2021-11-28,port442,Haldia,India,IND,0,2,0,0
2021-11-28,port883,Paradip,India,IND,7,9,272615,143170
2021-11-29,port1367,Visakhapatnam,India,IND,3,3,76944,16085
2021-11-29,port2299,Gopalpur,India,IND,0,0,0,0
2021-11-29,port290,Dhamra Port,India,IND,2,2,0,8066
2021-11-29,port442,Haldia,India,IND,2,4,16725,0
2021-11-29,port883,Paradip,India,IND,1,1,0,24924
2021-11-30,port1367,Visakhapatnam,India,IND,4,5,110534,33628
2021-11-30,port2299,Gopalpur,India,IND,0,0,0,0
2021-11-30,port290,Dhamra Port,India,IND,3,3,158330,0
2021-11-30,port442,Haldia,India,IND,2,4,37951,0
2021-11-30,port883,Paradip,India,IND,4,6,92083,75425
2021-12-01,port1367,Visakhapatnam,India,IND,0,2,0,0
2021-12-01,port2299,Gopalpur,India,IND,0,1,0,0
2021-12-01,port290,Dhamra Port,India,IND,0,0,0,0
2021-12-01,port442,Haldia,India,IND,2,6,30144,0
2021-12-01,port883,Paradip,India,IND,4,6,39423,167061
2021-12-02,port1367,Visakhapatnam,India,IND,3,3,102883,47210
2021-12-02,port2299,Gopalpur,India,IND,0,0,0,0
2021-12-02,port290,Dhamra Port,India,IND,0,0,0,0
2021-12-02,port442,Haldia,India,IND,1,3,23295,3059
2021-12-02,port883,Paradip,India,IND,3,5,39444,30268
2021-12-03,port1367,Visakhapatnam,India,IND,2,3,181959,0
2021-12-03,port2299,Gopalpur,India,IND,0,0,0,0
2021-12-03,port290,Dhamra Port,India,IND,2,2,82983,38369
2021-12-03,port442,Haldia,India,IND,2,5,78979,0
2021-12-03,port883,Paradip,India,IND,1,3,0,60443
2021-12-04,port1367,Visakhapatnam,India,IND,1,2,61096,0
2021-12-04,port2299,Gopalpur,India,IND,0,0,0,0
2021-12-04,port290,Dhamra Port,India,IND,0,0,0,0
2021-12-04,port442,Haldia,India,IND,2,2,94458,0
2021-12-04,port883,Paradip,India,IND,0,0,0,0
2021-12-05,port1367,Visakhapatnam,India,IND,4,6,112776,15736
2021-12-05,port2299,Gopalpur,India,IND,0,0,0,0
2021-12-05,port290,Dhamra Port,India,IND,0,0,0,0
2021-12-05,port442,Haldia,India,IND,0,1,0,0
2021-12-05,port883,Paradip,India,IND,0,0,0,0
2021-12-06,port1367,Visakhapatnam,India,IND,0,0,0,0
2021-12-06,port2299,Gopalpur,India,IND,0,1,0,0
2021-12-06,port290,Dhamra Port,India,IND,1,1,41491,19184
2021-12-06,port442,Haldia,India,IND,3,5,58778,0
2021-12-06,port883,Paradip,India,IND,9,13,218522,157538
2021-12-07,port1367,Visakhapatnam,India,IND,2,3,67681,0
2021-12-07,port2299,Gopalpur,India,IND,0,1,0,0
2021-12-07,port290,Dhamra Port,India,IND,2,2,41491,31687
2021-12-07,port442,Haldia,India,IND,0,2,0,0
2021-12-07,port883,Paradip,India,IND,4,5,131283,84036
2021-12-08,port1367,Visakhapatnam,India,IND,9,10,387568,47210
2021-12-08,port2299,Gopalpur,India,IND,0,0,0,0
2021-12-08,port290,Dhamra Port,India,IND,0,1,0,0
2021-12-08,port442,Haldia,India,IND,3,5,118264,0
2021-12-08,port883,Paradip,India,IND,3,5,98869,99950
2021-12-09,port1367,Visakhapatnam,India,IND,2,3,34294,50545
2021-12-09,port2299,Gopalpur,India,IND,2,2,148146,22579
2021-12-09,port290,Dhamra Port,India,IND,3,3,215877,28228
2021-12-09,port442,Haldia,India,IND,0,0,0,0
2021-12-09,port883,Paradip,India,IND,3,6,78562,104583
2021-12-10,port1367,Visakhapatnam,India,IND,3,7,85560,79014
2021-12-10,port2299,Gopalpur,India,IND,0,0,0,0
2021-12-10,port290,Dhamra Port,India,IND,1,1,73171,0
2021-12-10,port442,Haldia,India,IND,1,2,36033,0
2021-12-10,port883,Paradip,India,IND,2,5,78228,54817
2021-12-11,port1367,Visakhapatnam,India,IND,3,4,198894,15736
2021-12-11,port2299,Gopalpur,India,IND,0,0,0,0
2021-12-11,port290,Dhamra Port,India,IND,1,1,1209,0
2021-12-11,port442,Haldia,India,IND,1,5,44089,0
2021-12-11,port883,Paradip,India,IND,6,7,115260,222626
2021-12-12,port1367,Visakhapatnam,India,IND,2,2,34294,16902
2021-12-12,port2299,Gopalpur,India,IND,1,1,72644,0
2021-12-12,port290,Dhamra Port,India,IND,1,1,41491,19184
2021-12-12,port442,Haldia,India,IND,4,6,123598,0
2021-12-12,port883,Paradip,India,IND,3,4,150787,55766
2021-12-13,port1367,Visakhapatnam,India,IND,3,4,110181,65113
2021-12-13,port2299,Gopalpur,India,IND,0,0,0,0
2021-12-13,port290,Dhamra Port,India,IND,0,0,0,0
2021-12-13,port442,Haldia,India,IND,0,6,0,0
2021-12-13,port883,Paradip,India,IND,4,7,0,231811
2021-12-14,port1367,Visakhapatnam,India,IND,3,4,62922,65872
2021-12-14,port2299,Gopalpur,India,IND,0,1,0,0
2021-12-14,port290,Dhamra Port,India,IND,1,1,0,72531
2021-12-14,port442,Haldia,India,IND,2,2,27298,0
2021-12-14,port883,Paradip,India,IND,4,6,153850,101323
2021-12-15,port1367,Visakhapatnam,India,IND,0,1,0,0
2021-12-15,port2299,Gopalpur,India,IND,0,0,0,0
2021-12-15,port290,Dhamra Port,India,IND,1,1,79658,0
2021-12-15,port442,Haldia,India,IND,4,6,148174,0
2021-12-15,port883,Paradip,India,IND,2,2,70657,77441
2021-12-16,port1367,Visakhapatnam,India,IND,5,6,105276,50530
2021-12-16,port2299,Gopalpur,India,IND,0,0,0,0
2021-12-16,port290,Dhamra Port,India,IND,2,2,167190,50913
2021-12-16,port442,Haldia,India,IND,2,5,69584,3059
2021-12-16,port883,Paradip,India,IND,3,4,61935,30268
2021-12-17,port1367,Visakhapatnam,India,IND,6,6,243183,31473
2021-12-17,port2299,Gopalpur,India,IND,0,0,0,0
2021-12-17,port290,Dhamra Port,India,IND,0,0,0,0
2021-12-17,port442,Haldia,India,IND,2,3,23295,3059
2021-12-17,port883,Paradip,India,IND,4,5,20323,223027
2021-12-18,port1367,Visakhapatnam,India,IND,6,8,209568,69606
2021-12-18,port2299,Gopalpur,India,IND,0,0,0,0
2021-12-18,port290,Dhamra Port,India,IND,1,1,41491,19184
2021-12-18,port442,Haldia,India,IND,1,4,47709,0
2021-12-18,port883,Paradip,India,IND,3,5,57194,14137
2021-12-19,port1367,Visakhapatnam,India,IND,1,1,45460,0
2021-12-19,port2299,Gopalpur,India,IND,0,0,0,0
2021-12-19,port290,Dhamra Port,India,IND,1,1,41491,19184
2021-12-19,port442,Haldia,India,IND,1,5,0,17891
2021-12-19,port883,Paradip,India,IND,5,6,150514,220913
2021-12-20,port1367,Visakhapatnam,India,IND,4,5,136115,15736
2021-12-20,port2299,Gopalpur,India,IND,0,0,0,0
2021-12-20,port290,Dhamra Port,India,IND,2,2,74252,41718
2021-12-20,port442,Haldia,India,IND,2,4,24563,3059
2021-12-20,port883,Paradip,India,IND,3,4,51721,127222
2021-12-21,port1367,Visakhapatnam,India,IND,1,3,26352,0
2021-12-21,port2299,Gopalpur,India,IND,0,0,0,0
2021-12-21,port290,Dhamra Port,India,IND,1,1,103507,0
2021-12-21,port442,Haldia,India,IND,0,1,0,0
2021-12-21,port883,Paradip,India,IND,6,7,128254,202349
2021-12-22,port1367,Visakhapatnam,India,IND,3,8,203118,59319
2021-12-22,port2299,Gopalpur,India,IND,0,0,0,0
2021-12-22,port290,Dhamra Port,India,IND,1,1,164665,0
2021-12-22,port442,Haldia,India,IND,3,4,51142,3059
2021-12-22,port883,Paradip,India,IND,4,7,78706,193643
2021-12-23,port1367,Visakhapatnam,India,IND,1,1,34294,15736
2021-12-23,port2299,Gopalpur,India,IND,0,0,0,0
2021-12-23,port290,Dhamra Port,India,IND,0,0,0,0
2021-12-23,port442,Haldia,India,IND,2,3,28957,0
2021-12-23,port883,Paradip,India,IND,3,4,33284,144125
2021-12-24,port1367,Visakhapatnam,India,IND,6,8,352671,54046
2021-12-24,port2299,Gopalpur,India,IND,3,3,153398,10748
2021-12-24,port290,Dhamra Port,India,IND,1,1,103482,0
2021-12-24,port442,Haldia,India,IND,1,3,0,0
2021-12-24,port883,Paradip,India,IND,2,5,0,131649
2021-12-25,port1367,Visakhapatnam,India,IND,0,0,0,0
2021-12-25,port2299,Gopalpur,India,IND,0,0,0,0
2021-12-25,port290,Dhamra Port,India,IND,0,0,0,0
2021-12-25,port442,Haldia,India,IND,4,9,78489,3059
2021-12-25,port883,Paradip,India,IND,2,5,0,112892
2021-12-26,port1367,Visakhapatnam,India,IND,1,1,0,0
2021-12-26,port2299,Gopalpur,India,IND,0,0,0,0
2021-12-26,port290,Dhamra Port,India,IND,1,1,49967,0
2021-12-26,port442,Haldia,India,IND,0,2,0,0
2021-12-26,port883,Paradip,India,IND,5,6,45425,165201
2021-12-27,port1367,Visakhapatnam,India,IND,3,5,61294,51236
2021-12-27,port2299,Gopalpur,India,IND,0,0,0,0
2021-12-27,port290,Dhamra Port,India,IND,0,0,0,0
2021-12-27,port442,Haldia,India,IND,2,3,23295,3059
2021-12-27,port883,Paradip,India,IND,4,7,99330,148425
2021-12-28,port1367,Visakhapatnam,India,IND,2,2,25402,51344
2021-12-28,port2299,Gopalpur,India,IND,1,1,0,5244
2021-12-28,port290,Dhamra Port,India,IND,1,1,41491,19184
2021-12-28,port442,Haldia,India,IND,1,2,27608,0
2021-12-28,port883,Paradip,India,IND,3,4,139242,30268
2021-12-29,port1367,Visakhapatnam,India,IND,1,4,34294,15736
2021-12-29,port2299,Gopalpur,India,IND,1,1,0,21807
2021-12-29,port290,Dhamra Port,India,IND,2,2,40832,73626
2021-12-29,port442,Haldia,India,IND,0,4,0,0
2021-12-29,port883,Paradip,India,IND,3,3,0,108855
2021-12-30,port1367,Visakhapatnam,India,IND,3,3,26433,54427
2021-12-30,port2299,Gopalpur,India,IND,0,0,0,0
2021-12-30,port290,Dhamra Port,India,IND,0,0,0,0
2021-12-30,port442,Haldia,India,IND,2,3,55406,0
2021-12-30,port883,Paradip,India,IND,6,7,132815,152643
2021-12-31,port1367,Visakhapatnam,India,IND,3,4,34294,107638
2021-12-31,port2299,Gopalpur,India,IND,0,0,0,0
2021-12-31,port290,Dhamra Port,India,IND,2,2,239395,0
2021-12-31,port442,Haldia,India,IND,3,4,104987,0
2021-12-31,port883,Paradip,India,IND,4,6,96357,131159
2022-01-01,port1367,Visakhapatnam,India,IND,3,7,112241,18134
2022-01-01,port2299,Gopalpur,India,IND,0,0,0,0
2022-01-01,port290,Dhamra Port,India,IND,0,0,0,0
2022-01-01,port442,Haldia,India,IND,1,3,1084,0
2022-01-01,port883,Paradip,India,IND,6,9,78777,238876
2022-01-02,port1367,Visakhapatnam,India,IND,3,5,88350,119372
2022-01-02,port2299,Gopalpur,India,IND,0,0,0,0
2022-01-02,port290,Dhamra Port,India,IND,1,1,41491,19184
2022-01-02,port442,Haldia,India,IND,0,1,0,0
2022-01-02,port883,Paradip,India,IND,6,8,64800,104920
2022-01-03,port1367,Visakhapatnam,India,IND,1,1,170125,0
2022-01-03,port2299,Gopalpur,India,IND,0,1,0,0
2022-01-03,port290,Dhamra Port,India,IND,1,1,41491,19184
2022-01-03,port442,Haldia,India,IND,3,4,120866,0
2022-01-03,port883,Paradip,India,IND,3,3,145628,71664
2022-01-04,port1367,Visakhapatnam,India,IND,4,4,34294,93506
2022-01-04,port2299,Gopalpur,India,IND,0,0,0,0
2022-01-04,port290,Dhamra Port,India,IND,0,0,0,0
2022-01-04,port442,Haldia,India,IND,1,4,42163,0
2022-01-04,port883,Paradip,India,IND,3,5,60514,77654
2022-01-05,port1367,Visakhapatnam,India,IND,1,2,0,37217
2022-01-05,port2299,Gopalpur,India,IND,1,1,86587,0
2022-01-05,port290,Dhamra Port,India,IND,0,0,0,0
2022-01-05,port442,Haldia,India,IND,1,4,72629,0
2022-01-05,port883,Paradip,India,IND,5,6,0,202337
2022-01-06,port1367,Visakhapatnam,India,IND,2,3,38644,15736
2022-01-06,port2299,Gopalpur,India,IND,0,0,0,0
2022-01-06,port290,Dhamra Port,India,IND,3,3,101703,90932
2022-01-06,port442,Haldia,India,IND,0,2,0,0
2022-01-06,port883,Paradip,India,IND,4,6,192708,55704
2022-01-07,port1367,Visakhapatnam,India,IND,4,4,68588,56320
2022-01-07,port2299,Gopalpur,India,IND,0,0,0,0
2022-01-07,port290,Dhamra Port,India,IND,1,1,41491,19184
2022-01-07,port442,Haldia,India,IND,1,6,0,0
2022-01-07,port883,Paradip,India,IND,5,7,109655,134842
2022-01-08,port1367,Visakhapatnam,India,IND,0,0,0,0
2022-01-08,port2299,Gopalpur,India,IND,0,0,0,0
2022-01-08,port290,Dhamra Port,India,IND,1,1,41491,19184
2022-01-08,port442,Haldia,India,IND,1,5,78945,0
2022-01-08,port883,Paradip,India,IND,5,6,0,296546
2022-01-09,port1367,Visakhapatnam,India,IND,1,2,34294,15736
2022-01-09,port2299,Gopalpur,India,IND,0,0,0,0
2022-01-09,port290,Dhamra Port,India,IND,0,0,0,0
2022-01-09,port442,Haldia,India,IND,1,3,0,0
2022-01-09,port883,Paradip,India,IND,4,7,230724,72866
2022-01-10,port1367,Visakhapatnam,India,IND,9,14,334405,31311
2022-01-10,port2299,Gopalpur,India,IND,0,0,0,0
2022-01-10,port290,Dhamra Port,India,IND,0,0,0,0
2022-01-10,port442,Haldia,India,IND,3,5,80956,0
2022-01-10,port883,Paradip,India,IND,6,7,67102,173291
2022-01-11,port1367,Visakhapatnam,India,IND,3,5,0,158301
2022-01-11,port2299,Gopalpur,India,IND,1,1,72326,0
2022-01-11,port290,Dhamra Port,India,IND,1,1,40871,0
2022-01-11,port442,Haldia,India,IND,0,2,0,0
2022-01-11,port883,Paradip,India,IND,5,7,24983,201731
2022-01-12,port1367,Visakhapatnam,India,IND,4,6,104896,15736
2022-01-12,port2299,Gopalpur,India,IND,0,0,0,0
2022-01-12,port290,Dhamra Port,India,IND,0,0,0,0
2022-01-12,port442,Haldia,India,IND,2,4,96467,3059
2022-01-12,port883,Paradip,India,IND,5,7,210356,72629
2022-01-13,port1367,Visakhapatnam,India,IND,2,4,34294,36620
2022-01-13,port2299,Gopalpur,India,IND,0,0,0,0
2022-01-13,port290,Dhamra Port,India,IND,2,2,29772,56315
2022-01-13,port442,Haldia,India,IND,1,3,0,544
2022-01-13,port883,Paradip,India,IND,1,4,20323,30268
2022-01-14,port1367,Visakhapatnam,India,IND,3,5,220613,0
2022-01-14,port2299,Gopalpur,India,IND,1,1,0,0
2022-01-14,port290,Dhamra Port,India,IND,0,0,0,0
2022-01-14,port442,Haldia,India,IND,2,6,0,0
2022-01-14,port883,Paradip,India,IND,3,4,20323,170904
2022-01-15,port1367,Visakhapatnam,India,IND,3,6,193506,15736
2022-01-15,port2299,Gopalpur,India,IND,0,0,0,0
2022-01-15,port290,Dhamra Port,India,IND,0,0,0,0
2022-01-15,port442,Haldia,India,IND,2,4,85003,0
2022-01-15,port883,Paradip,India,IND,1,4,0,54767
2022-01-16,port1367,Visakhapatnam,India,IND,3,3,78389,8896
2022-01-16,port2299,Gopalpur,India,IND,2,2,0,83813
2022-01-16,port290,Dhamra Port,India,IND,1,1,0,78773
2022-01-16,port442,Haldia,India,IND,3,4,29999,0
2022-01-16,port883,Paradip,India,IND,2,2,0,113220
2022-01-17,port1367,Visakhapatnam,India,IND,4,6,105969,34004
2022-01-17,port2299,Gopalpur,India,IND,0,0,0,0
2022-01-17,port290,Dhamra Port,India,IND,0,0,0,0
2022-01-17,port442,Haldia,India,IND,3,9,77595,3059
2022-01-17,port883,Paradip,India,IND,4,5,15133,107843
2022-01-18,port1367,Visakhapatnam,India,IND,5,6,164075,31473
2022-01-18,port2299,Gopalpur,India,IND,1,1,0,54692
2022-01-18,port290,Dhamra Port,India,IND,2,2,41491,20023
2022-01-18,port442,Haldia,India,IND,1,1,14291,0
2022-01-18,port883,Paradip,India,IND,5,6,230641,88788
2022-01-19,port1367,Visakhapatnam,India,IND,3,4,180673,31068
2022-01-19,port2299,Gopalpur,India,IND,0,0,0,0
2022-01-19,port290,Dhamra Port,India,IND,1,1,0,60806
2022-01-19,port442,Haldia,India,IND,3,5,25426,0
2022-01-19,port883,Paradip,India,IND,3,5,0,67305
2022-01-20,port1367,Visakhapatnam,India,IND,10,11,198644,179280
2022-01-20,port2299,Gopalpur,India,IND,0,0,0,0
2022-01-20,port290,Dhamra Port,India,IND,3,3,312290,0
2022-01-20,port442,Haldia,India,IND,2,6,42847,36211
2022-01-20,port883,Paradip,India,IND,3,3,0,181670
2022-01-21,port1367,Visakhapatnam,India,IND,3,3,121180,31473
2022-01-21,port2299,Gopalpur,India,IND,0,0,0,0
2022-01-21,port290,Dhamra Port,India,IND,1,2,93189,0
2022-01-21,port442,Haldia,India,IND,2,4,39180,0
2022-01-21,port883,Paradip,India,IND,5,7,156936,175115
2022-01-22,port1367,Visakhapatnam,India,IND,2,2,79444,0
2022-01-22,port2299,Gopalpur,India,IND,0,0,0,0
2022-01-22,port290,Dhamra Port,India,IND,2,2,0,68026
2022-01-22,port442,Haldia,India,IND,1,6,0,0
2022-01-22,port883,Paradip,India,IND,3,4,54825,90415
2022-01-23,port1367,Visakhapatnam,India,IND,3,4,112222,39118
2022-01-23,port2299,Gopalpur,India,IND,0,0,0,0
2022-01-23,port290,Dhamra Port,India,IND,1,1,0,13088
2022-01-23,port442,Haldia,India,IND,1,2,0,7581
2022-01-23,port883,Paradip,India,IND,5,6,31699,299612
2022-01-24,port1367,Visakhapatnam,India,IND,2,4,0,155512
2022-01-24,port2299,Gopalpur,India,IND,0,0,0,0
2022-01-24,port290,Dhamra Port,India,IND,1,1,41491,19184
2022-01-24,port442,Haldia,India,IND,2,5,23295,3059
2022-01-24,port883,Paradip,India,IND,4,5,110549,124226
2022-01-25,port1367,Visakhapatnam,India,IND,1,1,34294,15736
2022-01-25,port2299,Gopalpur,India,IND,0,0,0,0
2022-01-25,port290,Dhamra Port,India,IND,0,0,0,0
2022-01-25,port442,Haldia,India,IND,1,4,0,0
2022-01-25,port883,Paradip,India,IND,4,5,49166,190515
2022-01-26,port1367,Visakhapatnam,India,IND,7,9,148426,84273
2022-01-26,port2299,Gopalpur,India,IND,0,0,0,0
2022-01-26,port290,Dhamra Port,India,IND,3,3,164599,26247
2022-01-26,port442,Haldia,India,IND,3,5,25070,1338
2022-01-26,port883,Paradip,India,IND,4,7,585,180484
2022-01-27,port1367,Visakhapatnam,India,IND,1,2,0,31773
2022-01-27,port2299,Gopalpur,India,IND,0,0,0,0
2022-01-27,port290,Dhamra Port,India,IND,1,1,41491,19184
2022-01-27,port442,Haldia,India,IND,1,4,0,0
2022-01-27,port883,Paradip,India,IND,6,7,96123,198429
2022-01-28,port1367,Visakhapatnam,India,IND,5,7,333954,56279
2022-01-28,port2299,Gopalpur,India,IND,1,1,22395,22579
2022-01-28,port290,Dhamra Port,India,IND,0,0,0,0
2022-01-28,port442,Haldia,India,IND,3,4,52418,0
2022-01-28,port883,Paradip,India,IND,1,2,0,67855
2022-01-29,port1367,Visakhapatnam,India,IND,4,7,167859,54481
2022-01-29,port2299,Gopalpur,India,IND,1,1,21797,0
2022-01-29,port290,Dhamra Port,India,IND,2,2,41491,92376
2022-01-29,port442,Haldia,India,IND,0,2,0,0
2022-01-29,port883,Paradip,India,IND,3,4,0,136300
2022-01-30,port1367,Visakhapatnam,India,IND,4,4,50419,148478
2022-01-30,port2299,Gopalpur,India,IND,0,0,0,0
2022-01-30,port290,Dhamra Port,India,IND,2,2,82983,38369
2022-01-30,port442,Haldia,India,IND,2,3,37913,0
2022-01-30,port883,Paradip,India,IND,5,6,117851,208248
2022-01-31,port1367,Visakhapatnam,India,IND,1,3,34294,15736
2022-01-31,port2299,Gopalpur,India,IND,0,0,0,0
2022-01-31,port290,Dhamra Port,India,IND,1,1,78225,0
2022-01-31,port442,Haldia,India,IND,3,4,110822,36003
2022-01-31,port883,Paradip,India,IND,4,6,58494,180745
2022-02-01,port1367,Visakhapatnam,India,IND,4,4,71142,47602
2022-02-01,port2299,Gopalpur,India,IND,0,0,0,0
2022-02-01,port290,Dhamra Port,India,IND,1,1,103477,0
2022-02-01,port442,Haldia,India,IND,1,3,78356,0
2022-02-01,port883,Paradip,India,IND,3,6,0,158435
2022-02-02,port1367,Visakhapatnam,India,IND,1,3,51286,0
2022-02-02,port2299,Gopalpur,India,IND,0,0,0,0
2022-02-02,port290,Dhamra Port,India,IND,1,1,42251,0
2022-02-02,port442,Haldia,India,IND,2,4,40899,0
2022-02-02,port883,Paradip,India,IND,3,6,40646,136399
2022-02-03,port1367,Visakhapatnam,India,IND,4,6,115530,14246
2022-02-03,port2299,Gopalpur,India,IND,0,0,0,0
2022-02-03,port290,Dhamra Port,India,IND,1,1,0,73626
2022-02-03,port442,Haldia,India,IND,1,1,0,0
2022-02-03,port883,Paradip,India,IND,5,6,122544,217254
2022-02-04,port1367,Visakhapatnam,India,IND,6,10,192108,125130
2022-02-04,port2299,Gopalpur,India,IND,1,1,0,27862
2022-02-04,port290,Dhamra Port,India,IND,1,1,158274,0
2022-02-04,port442,Haldia,India,IND,2,5,16403,0
2022-02-04,port883,Paradip,India,IND,2,4,0,108039
2022-02-05,port1367,Visakhapatnam,India,IND,1,2,41879,0
2022-02-05,port2299,Gopalpur,India,IND,1,1,0,23369
2022-02-05,port290,Dhamra Port,India,IND,0,0,0,0
2022-02-05,port442,Haldia,India,IND,2,5,36774,0
2022-02-05,port883,Paradip,India,IND,4,4,28085,133174
2022-02-06,port1367,Visakhapatnam,India,IND,4,6,169615,0
2022-02-06,port2299,Gopalpur,India,IND,0,0,0,0
2022-02-06,port290,Dhamra Port,India,IND,0,1,0,0
2022-02-06,port442,Haldia,India,IND,0,8,0,0
2022-02-06,port883,Paradip,India,IND,4,7,79537,199190
2022-02-07,port1367,Visakhapatnam,India,IND,2,5,51896,89480
2022-02-07,port2299,Gopalpur,India,IND,0,0,0,0
2022-02-07,port290,Dhamra Port,India,IND,1,1,0,32424
2022-02-07,port442,Haldia,India,IND,2,4,909,0
2022-02-07,port883,Paradip,India,IND,3,4,98344,70953
2022-02-08,port1367,Visakhapatnam,India,IND,5,6,176377,49976
2022-02-08,port2299,Gopalpur,India,IND,0,0,0,0
2022-02-08,port290,Dhamra Port,India,IND,0,0,0,0
2022-02-08,port442,Haldia,India,IND,2,7,46591,6118
2022-02-08,port883,Paradip,India,IND,3,4,71834,98722
2022-02-09,port1367,Visakhapatnam,India,IND,3,6,102665,114354
2022-02-09,port2299,Gopalpur,India,IND,1,1,110922,0
2022-02-09,port290,Dhamra Port,India,IND,2,2,0,78256
2022-02-09,port442,Haldia,India,IND,1,4,0,0
2022-02-09,port883,Paradip,India,IND,7,8,197471,175036
2022-02-10,port1367,Visakhapatnam,India,IND,5,6,76450,140371
2022-02-10,port2299,Gopalpur,India,IND,1,1,0,21537
2022-02-10,port290,Dhamra Port,India,IND,1,1,0,23836
2022-02-10,port442,Haldia,India,IND,1,6,23295,3059
2022-02-10,port883,Paradip,India,IND,2,5,78899,64162
2022-02-11,port1367,Visakhapatnam,India,IND,1,6,0,20904
2022-02-11,port2299,Gopalpur,India,IND,0,0,0,0
2022-02-11,port290,Dhamra Port,India,IND,1,1,41491,19184
2022-02-11,port442,Haldia,India,IND,5,8,28088,96736
2022-02-11,port883,Paradip,India,IND,5,5,20323,156262
2022-02-12,port1367,Visakhapatnam,India,IND,4,5,91959,130383
2022-02-12,port2299,Gopalpur,India,IND,0,0,0,0
2022-02-12,port290,Dhamra Port,India,IND,2,2,42187,19184
2022-02-12,port442,Haldia,India,IND,3,10,0,564
2022-02-12,port883,Paradip,India,IND,2,4,20323,35223
2022-02-13,port1367,Visakhapatnam,India,IND,1,5,34294,15736
2022-02-13,port2299,Gopalpur,India,IND,2,2,22395,27965
2022-02-13,port290,Dhamra Port,India,IND,2,2,229640,0
2022-02-13,port442,Haldia,India,IND,3,7,78913,0
2022-02-13,port883,Paradip,India,IND,6,6,176437,201063
2022-02-14,port1367,Visakhapatnam,India,IND,3,5,39837,152187
2022-02-14,port2299,Gopalpur,India,IND,0,0,0,0
2022-02-14,port290,Dhamra Port,India,IND,2,2,139871,0
2022-02-14,port442,Haldia,India,IND,3,6,79630,49671
2022-02-14,port883,Paradip,India,IND,4,6,40646,150525
2022-02-15,port1367,Visakhapatnam,India,IND,5,8,178986,50135
2022-02-15,port2299,Gopalpur,India,IND,0,0,0,0
2022-02-15,port290,Dhamra Port,India,IND,1,1,0,56015
2022-02-15,port442,Haldia,India,IND,1,6,0,0
2022-02-15,port883,Paradip,India,IND,3,5,0,244270
2022-02-16,port1367,Visakhapatnam,India,IND,3,8,68107,0
2022-02-16,port2299,Gopalpur,India,IND,2,2,69417,0
2022-02-16,port290,Dhamra Port,India,IND,0,0,0,0
2022-02-16,port442,Haldia,India,IND,0,3,0,0
2022-02-16,port883,Paradip,India,IND,3,4,56494,84333
2022-02-17,port1367,Visakhapatnam,India,IND,5,6,168560,119219
2022-02-17,port2299,Gopalpur,India,IND,0,0,0,0
2022-02-17,port290,Dhamra Port,India,IND,2,2,163409,7644
2022-02-17,port442,Haldia,India,IND,1,3,78699,0
2022-02-17,port883,Paradip,India,IND,6,8,219096,69682
2022-02-18,port1367,Visakhapatnam,India,IND,3,9,73627,15736
2022-02-18,port2299,Gopalpur,India,IND,0,0,0,0
2022-02-18,port290,Dhamra Port,India,IND,0,0,0,0
2022-02-18,port442,Haldia,India,IND,2,4,33199,0
2022-02-18,port883,Paradip,India,IND,2,4,0,101140
2022-02-19,port1367,Visakhapatnam,India,IND,4,6,161769,94949
2022-02-19,port2299,Gopalpur,India,IND,0,0,0,0
2022-02-19,port290,Dhamra Port,India,IND,1,1,74345,0
2022-02-19,port442,Haldia,India,IND,2,3,0,0
2022-02-19,port883,Paradip,India,IND,1,5,0,71054
2022-02-20,port1367,Visakhapatnam,India,IND,6,7,166943,55766
2022-02-20,port2299,Gopalpur,India,IND,0,0,0,0
2022-02-20,port290,Dhamra Port,India,IND,1,1,41491,19184
2022-02-20,port442,Haldia,India,IND,2,5,25747,3059
2022-02-20,port883,Paradip,India,IND,5,5,0,221679
2022-02-21,port1367,Visakhapatnam,India,IND,6,9,257372,67419
2022-02-21,port2299,Gopalpur,India,IND,0,0,0,0
2022-02-21,port290,Dhamra Port,India,IND,1,1,81640,0
2022-02-21,port442,Haldia,India,IND,1,6,23295,3059
2022-02-21,port883,Paradip,India,IND,6,6,79210,273518
2022-02-22,port1367,Visakhapatnam,India,IND,6,7,136940,100558
2022-02-22,port2299,Gopalpur,India,IND,0,0,0,0
2022-02-22,port290,Dhamra Port,India,IND,1,1,0,0
2022-02-22,port442,Haldia,India,IND,2,3,17958,0
2022-02-22,port883,Paradip,India,IND,5,5,161918,93849
2022-02-23,port1367,Visakhapatnam,India,IND,0,1,0,0
2022-02-23,port2299,Gopalpur,India,IND,0,0,0,0
2022-02-23,port290,Dhamra Port,India,IND,1,1,43812,0
2022-02-23,port442,Haldia,India,IND,0,6,0,0
2022-02-23,port883,Paradip,India,IND,2,4,23373,60741
2022-02-24,port1367,Visakhapatnam,India,IND,1,1,34294,15736
2022-02-24,port2299,Gopalpur,India,IND,0,0,0,0
2022-02-24,port290,Dhamra Port,India,IND,2,2,163591,29012
2022-02-24,port442,Haldia,India,IND,3,7,71008,0
2022-02-24,port883,Paradip,India,IND,8,11,127126,301324
2022-02-25,port1367,Visakhapatnam,India,IND,2,2,18976,51792
2022-02-25,port2299,Gopalpur,India,IND,0,0,0,0
2022-02-25,port290,Dhamra Port,India,IND,1,1,0,39113
2022-02-25,port442,Haldia,India,IND,1,3,0,0
2022-02-25,port883,Paradip,India,IND,2,2,20323,80321
2022-02-26,port1367,Visakhapatnam,India,IND,3,5,173608,102530
2022-02-26,port2299,Gopalpur,India,IND,0,0,0,0
2022-02-26,port290,Dhamra Port,India,IND,2,2,75827,0
2022-02-26,port442,Haldia,India,IND,3,9,38103,0
2022-02-26,port883,Paradip,India,IND,4,5,133302,105540
2022-02-27,port1367,Visakhapatnam,India,IND,3,5,206808,9711
2022-02-27,port2299,Gopalpur,India,IND,0,0,0,0
2022-02-27,port290,Dhamra Port,India,IND,2,2,41491,72163
2022-02-27,port442,Haldia,India,IND,2,4,23295,3059
2022-02-27,port883,Paradip,India,IND,5,6,165682,179799
2022-02-28,port1367,Visakhapatnam,India,IND,3,5,124907,0
2022-02-28,port2299,Gopalpur,India,IND,0,0,0,0
2022-02-28,port290,Dhamra Port,India,IND,1,1,42355,0
2022-02-28,port442,Haldia,India,IND,1,4,40787,0
2022-02-28,port883,Paradip,India,IND,5,6,77215,210160
2022-03-01,port1367,Visakhapatnam,India,IND,2,4,14770,27609
2022-03-01,port2299,Gopalpur,India,IND,0,0,0,0
2022-03-01,port290,Dhamra Port,India,IND,1,1,109287,0
2022-03-01,port442,Haldia,India,IND,1,5,0,0
2022-03-01,port883,Paradip,India,IND,4,7,78003,240007
2022-03-02,port1367,Visakhapatnam,India,IND,4,5,78843,169356
2022-03-02,port2299,Gopalpur,India,IND,1,1,104542,0
2022-03-02,port290,Dhamra Port,India,IND,1,1,0,7636
2022-03-02,port442,Haldia,India,IND,4,5,115216,684
2022-03-02,port883,Paradip,India,IND,5,7,172038,78644
2022-03-03,port1367,Visakhapatnam,India,IND,3,3,127023,31473
2022-03-03,port2299,Gopalpur,India,IND,0,0,0,0
2022-03-03,port290,Dhamra Port,India,IND,3,3,183070,71747
2022-03-03,port442,Haldia,India,IND,0,2,0,0
2022-03-03,port883,Paradip,India,IND,3,5,78134,105095
2022-03-04,port1367,Visakhapatnam,India,IND,3,4,59662,67175
2022-03-04,port2299,Gopalpur,India,IND,0,0,0,0
2022-03-04,port290,Dhamra Port,India,IND,1,1,159123,0
2022-03-04,port442,Haldia,India,IND,1,2,0,0
2022-03-04,port883,Paradip,India,IND,6,6,107161,249177
2022-03-05,port1367,Visakhapatnam,India,IND,2,2,19443,320
2022-03-05,port2299,Gopalpur,India,IND,0,0,0,0
2022-03-05,port290,Dhamra Port,India,IND,1,1,0,58591
2022-03-05,port442,Haldia,India,IND,1,4,0,0
2022-03-05,port883,Paradip,India,IND,3,7,0,273483
2022-03-06,port1367,Visakhapatnam,India,IND,2,2,166122,49918
2022-03-06,port2299,Gopalpur,India,IND,0,0,0,0
2022-03-06,port290,Dhamra Port,India,IND,0,0,0,0
2022-03-06,port442,Haldia,India,IND,0,1,0,0
2022-03-06,port883,Paradip,India,IND,3,3,20639,170502
2022-03-07,port1367,Visakhapatnam,India,IND,5,6,80411,108533
2022-03-07,port2299,Gopalpur,India,IND,0,0,0,0
2022-03-07,port290,Dhamra Port,India,IND,2,2,122989,19184
2022-03-07,port442,Haldia,India,IND,3,7,29127,1376
2022-03-07,port883,Paradip,India,IND,6,7,268176,60698
2022-03-08,port1367,Visakhapatnam,India,IND,5,5,281778,13082
2022-03-08,port2299,Gopalpur,India,IND,0,0,0,0
2022-03-08,port290,Dhamra Port,India,IND,1,1,78188,0
2022-03-08,port442,Haldia,India,IND,1,6,0,0
2022-03-08,port883,Paradip,India,IND,5,5,137376,130638
2022-03-09,port1367,Visakhapatnam,India,IND,2,2,167158,46273
2022-03-09,port2299,Gopalpur,India,IND,1,1,125751,0
2022-03-09,port290,Dhamra Port,India,IND,0,0,0,0
2022-03-09,port442,Haldia,India,IND,4,5,49410,28484
2022-03-09,port883,Paradip,India,IND,3,5,54373,149406
2022-03-10,port1367,Visakhapatnam,India,IND,1,3,34294,15736
2022-03-10,port2299,Gopalpur,India,IND,0,0,0,0
2022-03-10,port290,Dhamra Port,India,IND,0,0,0,0
2022-03-10,port442,Haldia,India,IND,1,1,0,0
2022-03-10,port883,Paradip,India,IND,4,5,153200,41523
2022-03-11,port1367,Visakhapatnam,India,IND,4,4,79401,157272
2022-03-11,port2299,Gopalpur,India,IND,1,1,0,0
2022-03-11,port290,Dhamra Port,India,IND,4,4,167754,126716
2022-03-11,port442,Haldia,India,IND,3,3,23295,3059
2022-03-11,port883,Paradip,India,IND,6,8,49697,291288
2022-03-12,port1367,Visakhapatnam,India,IND,4,4,228652,0
2022-03-12,port2299,Gopalpur,India,IND,0,0,0,0
2022-03-12,port290,Dhamra Port,India,IND,1,1,41479,0
2022-03-12,port442,Haldia,India,IND,1,4,37622,0
2022-03-12,port883,Paradip,India,IND,4,4,108898,80321
2022-03-13,port1367,Visakhapatnam,India,IND,3,3,43561,119244
2022-03-13,port2299,Gopalpur,India,IND,0,0,0,0
2022-03-13,port290,Dhamra Port,India,IND,0,0,0,0
2022-03-13,port442,Haldia,India,IND,2,6,0,21608
2022-03-13,port883,Paradip,India,IND,4,5,66066,202549
2022-03-14,port1367,Visakhapatnam,India,IND,4,4,114429,41923
2022-03-14,port2299,Gopalpur,India,IND,1,1,0,60298
2022-03-14,port290,Dhamra Port,India,IND,2,2,0,28784
2022-03-14,port442,Haldia,India,IND,2,5,28313,0
2022-03-14,port883,Paradip,India,IND,6,9,191892,256752
2022-03-15,port1367,Visakhapatnam,India,IND,4,6,140960,98811
2022-03-15,port2299,Gopalpur,India,IND,1,1,129460,0
2022-03-15,port290,Dhamra Port,India,IND,0,0,0,0
2022-03-15,port442,Haldia,India,IND,2,4,65125,3059
2022-03-15,port883,Paradip,India,IND,2,2,0,143324
2022-03-16,port1367,Visakhapatnam,India,IND,12,13,505105,257181
2022-03-16,port2299,Gopalpur,India,IND,0,0,0,0
2022-03-16,port290,Dhamra Port,India,IND,2,2,66444,19184
2022-03-16,port442,Haldia,India,IND,5,5,62530,27591
2022-03-16,port883,Paradip,India,IND,4,4,33193,133717
2022-03-17,port1367,Visakhapatnam,India,IND,2,5,140378,54752
2022-03-17,port2299,Gopalpur,India,IND,0,1,0,0
2022-03-17,port290,Dhamra Port,India,IND,1,1,160601,0
2022-03-17,port442,Haldia,India,IND,2,7,27903,29300
2022-03-17,port883,Paradip,India,IND,5,8,0,286083
2022-03-18,port1367,Visakhapatnam,India,IND,1,5,52323,0
2022-03-18,port2299,Gopalpur,India,IND,0,0,0,0
2022-03-18,port290,Dhamra Port,India,IND,2,2,41491,33603
2022-03-18,port442,Haldia,India,IND,4,6,36863,0
2022-03-18,port883,Paradip,India,IND,7,7,60400,211298
2022-03-19,port1367,Visakhapatnam,India,IND,3,3,106947,32125
2022-03-19,port2299,Gopalpur,India,IND,0,0,0,0
2022-03-19,port290,Dhamra Port,India,IND,1,1,173756,0
2022-03-19,port442,Haldia,India,IND,2,5,54744,0
2022-03-19,port883,Paradip,India,IND,2,5,39235,70953
2022-03-20,port1367,Visakhapatnam,India,IND,4,6,165423,53302
2022-03-20,port2299,Gopalpur,India,IND,0,0,0,0
2022-03-20,port290,Dhamra Port,India,IND,2,2,23417,0
2022-03-20,port442,Haldia,India,IND,3,5,42333,0
2022-03-20,port883,Paradip,India,IND,4,6,79403,132934
2022-03-21,port1367,Visakhapatnam,India,IND,5,7,218470,0
2022-03-21,port2299,Gopalpur,India,IND,0,0,0,0
2022-03-21,port290,Dhamra Port,India,IND,0,0,0,0
2022-03-21,port442,Haldia,India,IND,1,2,40511,0
2022-03-21,port883,Paradip,India,IND,4,6,77604,107094
2022-03-22,port1367,Visakhapatnam,India,IND,3,4,192843,102530
2022-03-22,port2299,Gopalpur,India,IND,0,0,0,0
2022-03-22,port290,Dhamra Port,India,IND,1,1,29031,0
2022-03-22,port442,Haldia,India,IND,2,6,0,0
2022-03-22,port883,Paradip,India,IND,4,6,26103,289128
2022-03-23,port1367,Visakhapatnam,India,IND,2,2,21538,27542
2022-03-23,port2299,Gopalpur,India,IND,1,1,126635,0
2022-03-23,port290,Dhamra Port,India,IND,0,0,0,0
2022-03-23,port442,Haldia,India,IND,2,3,0,0
2022-03-23,port883,Paradip,India,IND,2,4,94014,30268
2022-03-24,port1367,Visakhapatnam,India,IND,8,9,344474,139343
2022-03-24,port2299,Gopalpur,India,IND,0,0,0,0
2022-03-24,port290,Dhamra Port,India,IND,2,2,64774,0
2022-03-24,port442,Haldia,India,IND,3,6,0,21288
2022-03-24,port883,Paradip,India,IND,7,9,78913,305425
2022-03-25,port1367,Visakhapatnam,India,IND,4,6,145231,0
2022-03-25,port2299,Gopalpur,India,IND,0,0,0,0
2022-03-25,port290,Dhamra Port,India,IND,0,0,0,0
2022-03-25,port442,Haldia,India,IND,2,5,23295,3059
2022-03-25,port883,Paradip,India,IND,2,4,0,103600
2022-03-26,port1367,Visakhapatnam,India,IND,2,3,47365,15736
2022-03-26,port2299,Gopalpur,India,IND,0,0,0,0
2022-03-26,port290,Dhamra Port,India,IND,2,2,0,70657
2022-03-26,port442,Haldia,India,IND,0,2,0,0
2022-03-26,port883,Paradip,India,IND,6,9,222521,193776
2022-03-27,port1367,Visakhapatnam,India,IND,2,2,34294,70212
2022-03-27,port2299,Gopalpur,India,IND,0,0,0,0
2022-03-27,port290,Dhamra Port,India,IND,1,1,0,77943
2022-03-27,port442,Haldia,India,IND,3,5,30980,0
2022-03-27,port883,Paradip,India,IND,7,7,93205,320903
2022-03-28,port1367,Visakhapatnam,India,IND,2,3,61384,0
2022-03-28,port2299,Gopalpur,India,IND,0,0,0,0
2022-03-28,port290,Dhamra Port,India,IND,2,2,241803,0
2022-03-28,port442,Haldia,India,IND,2,4,0,0
2022-03-28,port883,Paradip,India,IND,1,2,0,53349
2022-03-29,port1367,Visakhapatnam,India,IND,9,13,223392,58887
2022-03-29,port2299,Gopalpur,India,IND,2,2,126635,22666
2022-03-29,port290,Dhamra Port,India,IND,2,2,79131,49881
2022-03-29,port442,Haldia,India,IND,1,6,35687,0
2022-03-29,port883,Paradip,India,IND,6,9,88168,274453
2022-03-30,port1367,Visakhapatnam,India,IND,8,13,337937,122197
2022-03-30,port2299,Gopalpur,India,IND,1,1,585,0
2022-03-30,port290,Dhamra Port,India,IND,0,0,0,0
2022-03-30,port442,Haldia,India,IND,3,6,37148,0
2022-03-30,port883,Paradip,India,IND,3,4,177531,30268
2022-03-31,port1367,Visakhapatnam,India,IND,5,5,271402,131853
2022-03-31,port2299,Gopalpur,India,IND,0,0,0,0
2022-03-31,port290,Dhamra Port,India,IND,2,2,27830,58822
2022-03-31,port442,Haldia,India,IND,2,3,0,0
2022-03-31,port883,Paradip,India,IND,2,3,0,105325
2022-04-01,port1367,Visakhapatnam,India,IND,1,4,74036,0
2022-04-01,port2299,Gopalpur,India,IND,0,0,0,0
2022-04-01,port290,Dhamra Port,India,IND,0,0,0,0
2022-04-01,port442,Haldia,India,IND,1,2,5487,0
2022-04-01,port883,Paradip,India,IND,4,6,2785,228328
2022-04-02,port1367,Visakhapatnam,India,IND,5,7,210742,82340
2022-04-02,port2299,Gopalpur,India,IND,0,0,0,0
2022-04-02,port290,Dhamra Port,India,IND,2,3,212484,0
2022-04-02,port442,Haldia,India,IND,0,2,0,0
2022-04-02,port883,Paradip,India,IND,4,5,73651,113129
2022-04-03,port1367,Visakhapatnam,India,IND,5,6,108139,184454
2022-04-03,port2299,Gopalpur,India,IND,1,1,0,60707
2022-04-03,port290,Dhamra Port,India,IND,1,1,0,33204
2022-04-03,port442,Haldia,India,IND,1,4,28218,0
2022-04-03,port883,Paradip,India,IND,6,6,112570,261425
2022-04-04,port1367,Visakhapatnam,India,IND,6,8,341361,26868
2022-04-04,port2299,Gopalpur,India,IND,1,1,22395,22579
2022-04-04,port290,Dhamra Port,India,IND,0,0,0,0
2022-04-04,port442,Haldia,India,IND,1,2,0,0
2022-04-04,port883,Paradip,India,IND,4,6,0,185938
2022-04-05,port1367,Visakhapatnam,India,IND,4,7,116591,93612
2022-04-05,port2299,Gopalpur,India,IND,0,0,0,0
2022-04-05,port290,Dhamra Port,India,IND,1,1,0,69465
2022-04-05,port442,Haldia,India,IND,2,4,37202,0
2022-04-05,port883,Paradip,India,IND,6,6,229250,59952
2022-04-06,port1367,Visakhapatnam,India,IND,6,6,346081,99706
2022-04-06,port2299,Gopalpur,India,IND,0,0,0,0
2022-04-06,port290,Dhamra Port,India,IND,2,2,0,71747
2022-04-06,port442,Haldia,India,IND,1,4,25549,0
2022-04-06,port883,Paradip,India,IND,2,3,0,124318
2022-04-07,port1367,Visakhapatnam,India,IND,7,9,217661,184934
2022-04-07,port2299,Gopalpur,India,IND,0,0,0,0
2022-04-07,port290,Dhamra Port,India,IND,0,0,0,0
2022-04-07,port442,Haldia,India,IND,2,2,0,0
2022-04-07,port883,Paradip,India,IND,5,6,120672,142215
2022-04-08,port1367,Visakhapatnam,India,IND,5,5,157071,108409
2022-04-08,port2299,Gopalpur,India,IND,0,0,0,0
2022-04-08,port290,Dhamra Port,India,IND,3,3,95981,42730
2022-04-08,port442,Haldia,India,IND,1,1,0,0
2022-04-08,port883,Paradip,India,IND,7,8,120288,148478
2022-04-09,port1367,Visakhapatnam,India,IND,3,5,95566,15736
2022-04-09,port2299,Gopalpur,India,IND,2,2,78041,22579
2022-04-09,port290,Dhamra Port,India,IND,0,0,0,0
2022-04-09,port442,Haldia,India,IND,3,5,46591,6118
2022-04-09,port883,Paradip,India,IND,4,6,15376,188045
2022-04-10,port1367,Visakhapatnam,India,IND,3,4,166539,15736
2022-04-10,port2299,Gopalpur,India,IND,1,1,0,20300
2022-04-10,port290,Dhamra Port,India,IND,2,2,0,122191
2022-04-10,port442,Haldia,India,IND,1,6,0,0
2022-04-10,port883,Paradip,India,IND,3,4,77438,39251
2022-04-11,port1367,Visakhapatnam,India,IND,1,1,0,49971
2022-04-11,port2299,Gopalpur,India,IND,1,1,0,0
2022-04-11,port290,Dhamra Port,India,IND,1,1,41491,19184
2022-04-11,port442,Haldia,India,IND,1,4,35279,0
2022-04-11,port883,Paradip,India,IND,3,5,0,271764
2022-04-12,port1367,Visakhapatnam,India,IND,5,8,269166,47564
2022-04-12,port2299,Gopalpur,India,IND,0,0,0,0
2022-04-12,port290,Dhamra Port,India,IND,3,3,306755,73626
2022-04-12,port442,Haldia,India,IND,3,6,29218,0
2022-04-12,port883,Paradip,India,IND,7,7,157341,200226
2022-04-13,port1367,Visakhapatnam,India,IND,5,6,23183,142383
2022-04-13,port2299,Gopalpur,India,IND,0,0,0,0
2022-04-13,port290,Dhamra Port,India,IND,1,1,0,56352
2022-04-13,port442,Haldia,India,IND,3,4,0,0
2022-04-13,port883,Paradip,India,IND,3,4,0,264563
2022-04-14,port1367,Visakhapatnam,India,IND,6,12,178411,123702
2022-04-14,port2299,Gopalpur,India,IND,1,1,0,0
2022-04-14,port290,Dhamra Port,India,IND,0,0,0,0
2022-04-14,port442,Haldia,India,IND,3,4,37548,0
2022-04-14,port883,Paradip,India,IND,5,5,172275,171399
2022-04-15,port1367,Visakhapatnam,India,IND,5,8,143147,82690
2022-04-15,port2299,Gopalpur,India,IND,1,1,0,24379
2022-04-15,port290,Dhamra Port,India,IND,2,2,49700,30655
2022-04-15,port442,Haldia,India,IND,1,5,3794,0
2022-04-15,port883,Paradip,India,IND,1,3,20323,30268
2022-04-16,port1367,Visakhapatnam,India,IND,4,5,254144,61146
2022-04-16,port2299,Gopalpur,India,IND,0,0,0,0
2022-04-16,port290,Dhamra Port,India,IND,1,1,0,84341
2022-04-16,port442,Haldia,India,IND,3,6,80364,0
2022-04-16,port883,Paradip,India,IND,5,8,132071,199619
2022-04-17,port1367,Visakhapatnam,India,IND,8,13,241267,158861
2022-04-17,port2299,Gopalpur,India,IND,0,0,0,0
2022-04-17,port290,Dhamra Port,India,IND,1,1,78849,0
2022-04-17,port442,Haldia,India,IND,0,0,0,0
2022-04-17,port883,Paradip,India,IND,4,4,68577,185041
2022-04-18,port1367,Visakhapatnam,India,IND,3,3,104657,15736
2022-04-18,port2299,Gopalpur,India,IND,1,1,49091,0
2022-04-18,port290,Dhamra Port,India,IND,1,1,78633,0
2022-04-18,port442,Haldia,India,IND,3,6,63754,0
2022-04-18,port883,Paradip,India,IND,7,8,198897,241416
2022-04-19,port1367,Visakhapatnam,India,IND,4,7,86150,267398
2022-04-19,port2299,Gopalpur,India,IND,0,0,0,0
2022-04-19,port290,Dhamra Port,India,IND,3,3,261650,53242
2022-04-19,port442,Haldia,India,IND,1,3,0,0
2022-04-19,port883,Paradip,India,IND,4,6,20323,205057
2022-04-20,port1367,Visakhapatnam,India,IND,3,6,193678,54629
2022-04-20,port2299,Gopalpur,India,IND,0,1,0,0
2022-04-20,port290,Dhamra Port,India,IND,0,0,0,0
2022-04-20,port442,Haldia,India,IND,1,3,0,0
2022-04-20,port883,Paradip,India,IND,5,5,193351,162197
2022-04-21,port1367,Visakhapatnam,India,IND,3,3,97665,15736
2022-04-21,port2299,Gopalpur,India,IND,1,1,0,28504
2022-04-21,port290,Dhamra Port,India,IND,0,0,0,0
2022-04-21,port442,Haldia,India,IND,3,5,26498,0
2022-04-21,port883,Paradip,India,IND,6,7,118135,161888
2022-04-22,port1367,Visakhapatnam,India,IND,4,7,97111,15634
2022-04-22,port2299,Gopalpur,India,IND,0,0,0,0
2022-04-22,port290,Dhamra Port,India,IND,1,1,78706,0
2022-04-22,port442,Haldia,India,IND,0,1,0,0
2022-04-22,port883,Paradip,India,IND,5,8,99696,222638
2022-04-23,port1367,Visakhapatnam,India,IND,4,6,87415,175615
2022-04-23,port2299,Gopalpur,India,IND,0,0,0,0
2022-04-23,port290,Dhamra Port,India,IND,1,1,0,29225
2022-04-23,port442,Haldia,India,IND,2,4,27947,0
2022-04-23,port883,Paradip,India,IND,2,2,0,117872
2022-04-24,port1367,Visakhapatnam,India,IND,4,7,157063,95469
2022-04-24,port2299,Gopalpur,India,IND,2,2,0,76094
2022-04-24,port290,Dhamra Port,India,IND,0,0,0,0
2022-04-24,port442,Haldia,India,IND,2,2,0,1634
2022-04-24,port883,Paradip,India,IND,7,9,115205,263995
2022-04-25,port1367,Visakhapatnam,India,IND,4,8,0,173796
2022-04-25,port2299,Gopalpur,India,IND,0,0,0,0
2022-04-25,port290,Dhamra Port,India,IND,1,1,41491,19184
2022-04-25,port442,Haldia,India,IND,0,4,0,0
2022-04-25,port883,Paradip,India,IND,6,7,99021,215163
2022-04-26,port1367,Visakhapatnam,India,IND,5,8,247858,39863
2022-04-26,port2299,Gopalpur,India,IND,0,0,0,0
2022-04-26,port290,Dhamra Port,India,IND,0,0,0,0
2022-04-26,port442,Haldia,India,IND,1,3,20740,0
2022-04-26,port883,Paradip,India,IND,2,5,0,101431
2022-04-27,port1367,Visakhapatnam,India,IND,6,10,185630,107199
2022-04-27,port2299,Gopalpur,India,IND,1,1,128513,0
2022-04-27,port290,Dhamra Port,India,IND,3,3,167555,86410
2022-04-27,port442,Haldia,India,IND,2,3,58903,0
2022-04-27,port883,Paradip,India,IND,8,9,241175,296506
2022-04-28,port1367,Visakhapatnam,India,IND,4,6,129560,69438
2022-04-28,port2299,Gopalpur,India,IND,0,0,0,0
2022-04-28,port290,Dhamra Port,India,IND,2,2,26911,22256
2022-04-28,port442,Haldia,India,IND,3,6,0,0
2022-04-28,port883,Paradip,India,IND,4,9,99180,184257
2022-04-29,port1367,Visakhapatnam,India,IND,6,7,90971,240744
2022-04-29,port2299,Gopalpur,India,IND,0,0,0,0
2022-04-29,port290,Dhamra Port,India,IND,2,2,78441,55879
2022-04-29,port442,Haldia,India,IND,1,3,0,0
2022-04-29,port883,Paradip,India,IND,4,4,133982,128402
2022-04-30,port1367,Visakhapatnam,India,IND,2,4,212088,0
2022-04-30,port2299,Gopalpur,India,IND,0,0,0,0
2022-04-30,port290,Dhamra Port,India,IND,2,2,177483,19184
2022-04-30,port442,Haldia,India,IND,1,2,0,0
2022-04-30,port883,Paradip,India,IND,6,8,74708,239015
2022-05-01,port1367,Visakhapatnam,India,IND,3,4,205371,0
2022-05-01,port2299,Gopalpur,India,IND,0,0,0,0
2022-05-01,port290,Dhamra Port,India,IND,2,2,40787,28465
2022-05-01,port442,Haldia,India,IND,4,5,59462,3059
2022-05-01,port883,Paradip,India,IND,4,4,71065,177402
2022-05-02,port1367,Visakhapatnam,India,IND,2,8,54752,32316
2022-05-02,port2299,Gopalpur,India,IND,0,0,0,0
2022-05-02,port290,Dhamra Port,India,IND,1,1,0,54653
2022-05-02,port442,Haldia,India,IND,2,7,25310,0
2022-05-02,port883,Paradip,India,IND,5,7,107971,72569
2022-05-03,port1367,Visakhapatnam,India,IND,12,14,555165,230122
2022-05-03,port2299,Gopalpur,India,IND,1,1,0,111
2022-05-03,port290,Dhamra Port,India,IND,2,2,189149,0
2022-05-03,port442,Haldia,India,IND,3,5,37961,0
2022-05-03,port883,Paradip,India,IND,2,3,0,121296
2022-05-04,port1367,Visakhapatnam,India,IND,1,3,0,0
2022-05-04,port2299,Gopalpur,India,IND,1,1,22395,22579
2022-05-04,port290,Dhamra Port,India,IND,1,1,160237,0
2022-05-04,port442,Haldia,India,IND,0,1,0,0
2022-05-04,port883,Paradip,India,IND,3,5,155701,128674
2022-05-05,port1367,Visakhapatnam,India,IND,2,2,36424,0
2022-05-05,port2299,Gopalpur,India,IND,0,0,0,0
2022-05-05,port290,Dhamra Port,India,IND,0,0,0,0
2022-05-05,port442,Haldia,India,IND,5,9,59747,0
2022-05-05,port883,Paradip,India,IND,3,5,78619,148001
2022-05-06,port1367,Visakhapatnam,India,IND,4,7,108036,38651
2022-05-06,port2299,Gopalpur,India,IND,0,0,0,0
2022-05-06,port290,Dhamra Port,India,IND,1,1,0,3428
2022-05-06,port442,Haldia,India,IND,2,5,14511,0
2022-05-06,port883,Paradip,India,IND,6,7,159149,284323
2022-05-07,port1367,Visakhapatnam,India,IND,4,7,54335,72121
2022-05-07,port2299,Gopalpur,India,IND,1,1,0,33884
2022-05-07,port290,Dhamra Port,India,IND,1,1,103482,0
2022-05-07,port442,Haldia,India,IND,2,6,0,0
2022-05-07,port883,Paradip,India,IND,4,4,47565,209758
2022-05-08,port1367,Visakhapatnam,India,IND,5,7,195064,48051
2022-05-08,port2299,Gopalpur,India,IND,1,1,0,0
2022-05-08,port290,Dhamra Port,India,IND,2,2,380,202021
2022-05-08,port442,Haldia,India,IND,2,6,31425,0
2022-05-08,port883,Paradip,India,IND,2,4,0,67337
2022-05-09,port1367,Visakhapatnam,India,IND,1,2,0,35150
2022-05-09,port2299,Gopalpur,India,IND,0,0,0,0
2022-05-09,port290,Dhamra Port,India,IND,3,3,237299,77533
2022-05-09,port442,Haldia,India,IND,2,2,23295,3059
2022-05-09,port883,Paradip,India,IND,8,10,194191,173659
2022-05-10,port1367,Visakhapatnam,India,IND,0,0,0,0
2022-05-10,port2299,Gopalpur,India,IND,0,0,0,0
2022-05-10,port290,Dhamra Port,India,IND,1,1,78853,0
2022-05-10,port442,Haldia,India,IND,1,5,0,0
2022-05-10,port883,Paradip,India,IND,4,7,20323,168735
2022-05-11,port1367,Visakhapatnam,India,IND,4,4,129240,25337
2022-05-11,port2299,Gopalpur,India,IND,0,0,0,0
2022-05-11,port290,Dhamra Port,India,IND,0,0,0,0
2022-05-11,port442,Haldia,India,IND,0,1,0,0
2022-05-11,port883,Paradip,India,IND,2,3,0,83199
2022-05-12,port1367,Visakhapatnam,India,IND,11,21,592103,136656
2022-05-12,port2299,Gopalpur,India,IND,1,1,18797,0
2022-05-12,port290,Dhamra Port,India,IND,0,0,0,0
2022-05-12,port442,Haldia,India,IND,2,5,43537,0
2022-05-12,port883,Paradip,India,IND,2,3,57176,0
2022-05-13,port1367,Visakhapatnam,India,IND,8,9,206806,71269
2022-05-13,port2299,Gopalpur,India,IND,0,0,0,0
2022-05-13,port290,Dhamra Port,India,IND,3,3,210803,72700
2022-05-13,port442,Haldia,India,IND,1,5,23295,3059
2022-05-13,port883,Paradip,India,IND,8,9,99674,401789
2022-05-14,port1367,Visakhapatnam,India,IND,3,6,89559,75924
2022-05-14,port2299,Gopalpur,India,IND,0,0,0,0
2022-05-14,port290,Dhamra Port,India,IND,1,1,41491,19184
2022-05-14,port442,Haldia,India,IND,4,5,73815,0
2022-05-14,port883,Paradip,India,IND,1,5,0,33974
2022-05-15,port1367,Visakhapatnam,India,IND,4,11,84915,68517
2022-05-15,port2299,Gopalpur,India,IND,0,0,0,0
2022-05-15,port290,Dhamra Port,India,IND,1,1,0,0
2022-05-15,port442,Haldia,India,IND,2,3,35597,0
2022-05-15,port883,Paradip,India,IND,2,3,60396,71078
2022-05-16,port1367,Visakhapatnam,India,IND,5,6,214811,25573
2022-05-16,port2299,Gopalpur,India,IND,0,1,0,0
2022-05-16,port290,Dhamra Port,India,IND,1,1,71489,0
2022-05-16,port442,Haldia,India,IND,0,3,0,0
2022-05-16,port883,Paradip,India,IND,5,7,80859,181536
2022-05-17,port1367,Visakhapatnam,India,IND,6,10,282680,224001
2022-05-17,port2299,Gopalpur,India,IND,0,0,0,0
2022-05-17,port290,Dhamra Port,India,IND,1,1,78570,0
2022-05-17,port442,Haldia,India,IND,3,5,68889,0
2022-05-17,port883,Paradip,India,IND,3,3,6122,61872
2022-05-18,port1367,Visakhapatnam,India,IND,3,5,0,187552
2022-05-18,port2299,Gopalpur,India,IND,1,1,22395,22579
2022-05-18,port290,Dhamra Port,India,IND,2,2,0,82165
2022-05-18,port442,Haldia,India,IND,4,7,86818,0
2022-05-18,port883,Paradip,India,IND,6,9,96723,283117
2022-05-19,port1367,Visakhapatnam,India,IND,2,3,108595,41622
2022-05-19,port2299,Gopalpur,India,IND,1,1,74458,0
2022-05-19,port290,Dhamra Port,India,IND,1,1,78624,0
2022-05-19,port442,Haldia,India,IND,3,4,27431,0
2022-05-19,port883,Paradip,India,IND,1,1,24259,0
2022-05-20,port1367,Visakhapatnam,India,IND,5,9,465056,30610
2022-05-20,port2299,Gopalpur,India,IND,0,0,0,0
2022-05-20,port290,Dhamra Port,India,IND,2,2,121793,72429
2022-05-20,port442,Haldia,India,IND,1,3,0,0
2022-05-20,port883,Paradip,India,IND,7,9,20323,451290
2022-05-21,port1367,Visakhapatnam,India,IND,3,6,94780,74412
2022-05-21,port2299,Gopalpur,India,IND,0,0,0,0
2022-05-21,port290,Dhamra Port,India,IND,1,1,162251,0
2022-05-21,port442,Haldia,India,IND,2,6,0,0
2022-05-21,port883,Paradip,India,IND,2,2,53692,54629
2022-05-22,port1367,Visakhapatnam,India,IND,5,6,150182,49168
2022-05-22,port2299,Gopalpur,India,IND,1,1,0,56371
2022-05-22,port290,Dhamra Port,India,IND,0,0,0,0
2022-05-22,port442,Haldia,India,IND,2,5,9562,0
2022-05-22,port883,Paradip,India,IND,3,5,16187,144431
2022-05-23,port1367,Visakhapatnam,India,IND,3,5,41076,81313
2022-05-23,port2299,Gopalpur,India,IND,1,1,127037,0
2022-05-23,port290,Dhamra Port,India,IND,2,2,115140,19184
2022-05-23,port442,Haldia,India,IND,2,5,28891,0
2022-05-23,port883,Paradip,India,IND,3,4,28834,124122
2022-05-24,port1367,Visakhapatnam,India,IND,3,5,55734,24405
2022-05-24,port2299,Gopalpur,India,IND,0,0,0,0
2022-05-24,port290,Dhamra Port,India,IND,1,1,31536,0
2022-05-24,port442,Haldia,India,IND,1,3,0,0
2022-05-24,port883,Paradip,India,IND,4,6,28139,73553
2022-05-25,port1367,Visakhapatnam,India,IND,6,11,111478,89052
2022-05-25,port2299,Gopalpur,India,IND,0,0,0,0
2022-05-25,port290,Dhamra Port,India,IND,0,0,0,0
2022-05-25,port442,Haldia,India,IND,1,4,2282,0
2022-05-25,port883,Paradip,India,IND,6,7,81553,275631
2022-05-26,port1367,Visakhapatnam,India,IND,4,5,113799,117352
2022-05-26,port2299,Gopalpur,India,IND,1,2,0,18578
2022-05-26,port290,Dhamra Port,India,IND,2,2,150053,0
2022-05-26,port442,Haldia,India,IND,2,3,29164,0
2022-05-26,port883,Paradip,India,IND,6,8,167449,162553
2022-05-27,port1367,Visakhapatnam,India,IND,5,8,128290,35491
2022-05-27,port2299,Gopalpur,India,IND,0,0,0,0
2022-05-27,port290,Dhamra Port,India,IND,0,0,0,0
2022-05-27,port442,Haldia,India,IND,1,6,0,0
2022-05-27,port883,Paradip,India,IND,5,6,114526,95770
2022-05-28,port1367,Visakhapatnam,India,IND,4,5,150518,65316
2022-05-28,port2299,Gopalpur,India,IND,0,0,0,0
2022-05-28,port290,Dhamra Port,India,IND,4,4,321394,38369
2022-05-28,port442,Haldia,India,IND,5,8,82841,0
2022-05-28,port883,Paradip,India,IND,5,7,4580,198634
2022-05-29,port1367,Visakhapatnam,India,IND,5,6,189062,67485
2022-05-29,port2299,Gopalpur,India,IND,2,2,76712,0
2022-05-29,port290,Dhamra Port,India,IND,1,1,0,70201
2022-05-29,port442,Haldia,India,IND,2,5,23295,3059
2022-05-29,port883,Paradip,India,IND,3,4,167171,0
2022-05-30,port1367,Visakhapatnam,India,IND,3,4,167064,0
2022-05-30,port2299,Gopalpur,India,IND,0,0,0,0
2022-05-30,port290,Dhamra Port,India,IND,2,2,41491,19184
2022-05-30,port442,Haldia,India,IND,1,3,23295,3059
2022-05-30,port883,Paradip,India,IND,4,4,55285,116563
2022-05-31,port1367,Visakhapatnam,India,IND,4,7,53309,100152
2022-05-31,port2299,Gopalpur,India,IND,0,0,0,0
2022-05-31,port290,Dhamra Port,India,IND,3,3,161316,72700
2022-05-31,port442,Haldia,India,IND,2,5,35016,0
2022-05-31,port883,Paradip,India,IND,6,7,128243,155715
2022-06-01,port1367,Visakhapatnam,India,IND,5,9,323577,105891
2022-06-01,port2299,Gopalpur,India,IND,0,0,0,0
2022-06-01,port290,Dhamra Port,India,IND,1,1,0,10591
2022-06-01,port442,Haldia,India,IND,1,4,78898,0
2022-06-01,port883,Paradip,India,IND,4,4,79374,168434
2022-06-02,port1367,Visakhapatnam,India,IND,2,6,133537,0
2022-06-02,port2299,Gopalpur,India,IND,0,0,0,0
2022-06-02,port290,Dhamra Port,India,IND,2,2,77880,3631
2022-06-02,port442,Haldia,India,IND,3,6,29153,0
2022-06-02,port883,Paradip,India,IND,6,7,160734,163640
2022-06-03,port1367,Visakhapatnam,India,IND,2,6,34294,82265
2022-06-03,port2299,Gopalpur,India,IND,1,1,71834,0
2022-06-03,port290,Dhamra Port,India,IND,3,3,106493,43992
2022-06-03,port442,Haldia,India,IND,3,5,27183,70246
2022-06-03,port883,Paradip,India,IND,4,5,135008,75355
2022-06-04,port1367,Visakhapatnam,India,IND,5,6,153649,0
2022-06-04,port2299,Gopalpur,India,IND,2,2,61287,22579
2022-06-04,port290,Dhamra Port,India,IND,0,0,0,0
2022-06-04,port442,Haldia,India,IND,3,7,0,0
2022-06-04,port883,Paradip,India,IND,5,7,151945,173085
2022-06-05,port1367,Visakhapatnam,India,IND,7,12,465804,76017
2022-06-05,port2299,Gopalpur,India,IND,0,0,0,0
2022-06-05,port290,Dhamra Port,India,IND,2,2,135296,0
2022-06-05,port442,Haldia,India,IND,3,3,27977,0
2022-06-05,port883,Paradip,India,IND,9,12,32322,344820
2022-06-06,port1367,Visakhapatnam,India,IND,3,6,113520,15736
2022-06-06,port2299,Gopalpur,India,IND,1,1,24804,0
2022-06-06,port290,Dhamra Port,India,IND,2,2,212717,0
2022-06-06,port442,Haldia,India,IND,3,4,64037,537
2022-06-06,port883,Paradip,India,IND,5,8,189493,140572
2022-06-07,port1367,Visakhapatnam,India,IND,2,7,47020,54752
2022-06-07,port2299,Gopalpur,India,IND,2,2,22395,42837
2022-06-07,port290,Dhamra Port,India,IND,1,1,0,23709
2022-06-07,port442,Haldia,India,IND,1,2,0,0
2022-06-07,port883,Paradip,India,IND,4,5,0,240618
2022-06-08,port1367,Visakhapatnam,India,IND,5,5,188057,28293
2022-06-08,port2299,Gopalpur,India,IND,0,0,0,0
2022-06-08,port290,Dhamra Port,India,IND,0,0,0,0
2022-06-08,port442,Haldia,India,IND,0,3,0,0
2022-06-08,port883,Paradip,India,IND,3,4,180727,4602
2022-06-09,port1367,Visakhapatnam,India,IND,5,10,66009,71107
2022-06-09,port2299,Gopalpur,India,IND,1,1,51625,0
2022-06-09,port290,Dhamra Port,India,IND,0,0,0,0
2022-06-09,port442,Haldia,India,IND,2,3,38500,0
2022-06-09,port883,Paradip,India,IND,4,5,55825,129672
2022-06-10,port1367,Visakhapatnam,India,IND,5,6,252295,42047
2022-06-10,port2299,Gopalpur,India,IND,1,1,25503,0
2022-06-10,port290,Dhamra Port,India,IND,2,2,238743,0
2022-06-10,port442,Haldia,India,IND,1,6,0,0
2022-06-10,port883,Paradip,India,IND,4,4,78759,177669
2022-06-11,port1367,Visakhapatnam,India,IND,6,11,235278,94382
2022-06-11,port2299,Gopalpur,India,IND,1,1,0,50350
2022-06-11,port290,Dhamra Port,India,IND,3,3,84493,28457
2022-06-11,port442,Haldia,India,IND,1,2,57502,0
2022-06-11,port883,Paradip,India,IND,3,5,161381,70321
2022-06-12,port1367,Visakhapatnam,India,IND,2,4,198153,0
2022-06-12,port2299,Gopalpur,India,IND,0,0,0,0
2022-06-12,port290,Dhamra Port,India,IND,0,0,0,0
2022-06-12,port442,Haldia,India,IND,2,8,23295,29300
2022-06-12,port883,Paradip,India,IND,4,6,103529,146263
2022-06-13,port1367,Visakhapatnam,India,IND,7,11,323585,76529
2022-06-13,port2299,Gopalpur,India,IND,0,0,0,0
2022-06-13,port290,Dhamra Port,India,IND,3,3,219255,72700
2022-06-13,port442,Haldia,India,IND,2,5,0,0
2022-06-13,port883,Paradip,India,IND,4,4,56198,54629
2022-06-14,port1367,Visakhapatnam,India,IND,6,10,234665,0
2022-06-14,port2299,Gopalpur,India,IND,1,1,22395,22579
2022-06-14,port290,Dhamra Port,India,IND,0,0,0,0
2022-06-14,port442,Haldia,India,IND,3,4,32099,35621
2022-06-14,port883,Paradip,India,IND,6,7,20323,315776
2022-06-15,port1367,Visakhapatnam,India,IND,3,7,206631,53270
2022-06-15,port2299,Gopalpur,India,IND,0,0,0,0
2022-06-15,port290,Dhamra Port,India,IND,0,0,0,0
2022-06-15,port442,Haldia,India,IND,3,5,53300,6486
2022-06-15,port883,Paradip,India,IND,4,5,73125,201553
2022-06-16,port1367,Visakhapatnam,India,IND,4,5,113175,122268
2022-06-16,port2299,Gopalpur,India,IND,0,0,0,0
2022-06-16,port290,Dhamra Port,India,IND,1,1,27827,0
2022-06-16,port442,Haldia,India,IND,3,6,64531,0
2022-06-16,port883,Paradip,India,IND,2,4,26004,77786
2022-06-17,port1367,Visakhapatnam,India,IND,3,9,44094,79204
2022-06-17,port2299,Gopalpur,India,IND,0,0,0,0
2022-06-17,port290,Dhamra Port,India,IND,2,2,48372,30038
2022-06-17,port442,Haldia,India,IND,3,5,0,26243
2022-06-17,port883,Paradip,India,IND,5,8,115935,157200
2022-06-18,port1367,Visakhapatnam,India,IND,5,6,285398,104949
2022-06-18,port2299,Gopalpur,India,IND,1,1,43752,0
2022-06-18,port290,Dhamra Port,India,IND,2,2,119257,19184
2022-06-18,port442,Haldia,India,IND,2,7,27596,0
2022-06-18,port883,Paradip,India,IND,3,4,142067,17581
2022-06-19,port1367,Visakhapatnam,India,IND,6,8,230929,41349
2022-06-19,port2299,Gopalpur,India,IND,0,0,0,0
2022-06-19,port290,Dhamra Port,India,IND,1,1,0,71747
2022-06-19,port442,Haldia,India,IND,2,4,34852,0
2022-06-19,port883,Paradip,India,IND,3,5,56375,128674
2022-06-20,port1367,Visakhapatnam,India,IND,6,10,171838,127229
2022-06-20,port2299,Gopalpur,India,IND,0,0,0,0
2022-06-20,port290,Dhamra Port,India,IND,1,1,157495,0
2022-06-20,port442,Haldia,India,IND,5,10,101367,43938
2022-06-20,port883,Paradip,India,IND,1,1,0,9628
2022-06-21,port1367,Visakhapatnam,India,IND,1,4,168303,0
2022-06-21,port2299,Gopalpur,India,IND,0,0,0,0
2022-06-21,port290,Dhamra Port,India,IND,1,1,0,47945
2022-06-21,port442,Haldia,India,IND,0,4,0,0
2022-06-21,port883,Paradip,India,IND,6,8,161556,281796
2022-06-22,port1367,Visakhapatnam,India,IND,3,7,206422,46391
2022-06-22,port2299,Gopalpur,India,IND,0,1,0,0
2022-06-22,port290,Dhamra Port,India,IND,1,1,0,34135
2022-06-22,port442,Haldia,India,IND,1,2,30038,0
2022-06-22,port883,Paradip,India,IND,6,6,95812,186912
2022-06-23,port1367,Visakhapatnam,India,IND,7,10,236675,93295
2022-06-23,port2299,Gopalpur,India,IND,1,1,42372,0
2022-06-23,port290,Dhamra Port,India,IND,0,0,0,0
2022-06-23,port442,Haldia,India,IND,2,6,36141,0
2022-06-23,port883,Paradip,India,IND,3,5,0,193044
2022-06-24,port1367,Visakhapatnam,India,IND,5,9,240703,75545
2022-06-24,port2299,Gopalpur,India,IND,0,0,0,0
2022-06-24,port290,Dhamra Port,India,IND,1,1,103482,0
2022-06-24,port442,Haldia,India,IND,2,3,34776,3059
2022-06-24,port883,Paradip,India,IND,3,4,43534,151678
2022-06-25,port1367,Visakhapatnam,India,IND,3,5,79091,99955
2022-06-25,port2299,Gopalpur,India,IND,0,0,0,0
2022-06-25,port290,Dhamra Port,India,IND,0,0,0,0
2022-06-25,port442,Haldia,India,IND,2,4,33431,4797
2022-06-25,port883,Paradip,India,IND,1,4,78873,0
2022-06-26,port1367,Visakhapatnam,India,IND,3,5,128286,51139
2022-06-26,port2299,Gopalpur,India,IND,0,0,0,0
2022-06-26,port290,Dhamra Port,India,IND,1,1,0,31581
2022-06-26,port442,Haldia,India,IND,4,5,58572,6484
2022-06-26,port883,Paradip,India,IND,4,6,40529,171755
2022-06-27,port1367,Visakhapatnam,India,IND,4,4,150516,66529
2022-06-27,port2299,Gopalpur,India,IND,0,0,0,0
2022-06-27,port290,Dhamra Port,India,IND,3,3,169499,30584
2022-06-27,port442,Haldia,India,IND,1,6,0,0
2022-06-27,port883,Paradip,India,IND,3,4,106690,0
2022-06-28,port1367,Visakhapatnam,India,IND,4,7,262133,0
2022-06-28,port2299,Gopalpur,India,IND,0,0,0,0
2022-06-28,port290,Dhamra Port,India,IND,2,2,40049,0
2022-06-28,port442,Haldia,India,IND,3,6,38772,0
2022-06-28,port883,Paradip,India,IND,5,7,107685,230949
2022-06-29,port1367,Visakhapatnam,India,IND,6,8,211984,1661
2022-06-29,port2299,Gopalpur,India,IND,0,0,0,0
2022-06-29,port290,Dhamra Port,India,IND,0,0,0,0
2022-06-29,port442,Haldia,India,IND,0,5,0,0
2022-06-29,port883,Paradip,India,IND,4,4,77363,182472
2022-06-30,port1367,Visakhapatnam,India,IND,5,8,151452,0
2022-06-30,port2299,Gopalpur,India,IND,1,1,113394,0
2022-06-30,port290,Dhamra Port,India,IND,3,3,245277,19184
2022-06-30,port442,Haldia,India,IND,4,6,33429,546
2022-06-30,port883,Paradip,India,IND,5,6,117830,167039
2022-07-01,port1367,Visakhapatnam,India,IND,4,9,215838,81605
2022-07-01,port2299,Gopalpur,India,IND,0,0,0,0
2022-07-01,port290,Dhamra Port,India,IND,1,1,77629,0
2022-07-01,port442,Haldia,India,IND,1,4,0,0
2022-07-01,port883,Paradip,India,IND,4,6,104656,108140
2022-07-02,port1367,Visakhapatnam,India,IND,6,8,131561,53557
2022-07-02,port2299,Gopalpur,India,IND,1,1,26193,0
2022-07-02,port290,Dhamra Port,India,IND,2,2,0,0
2022-07-02,port442,Haldia,India,IND,1,3,0,0
2022-07-02,port883,Paradip,India,IND,3,6,35249,196652
2022-07-03,port1367,Visakhapatnam,India,IND,5,6,348317,15736
2022-07-03,port2299,Gopalpur,India,IND,0,0,0,0
2022-07-03,port290,Dhamra Port,India,IND,2,2,110976,0
2022-07-03,port442,Haldia,India,IND,3,4,0,0
2022-07-03,port883,Paradip,India,IND,5,6,80317,143646
2022-07-04,port1367,Visakhapatnam,India,IND,4,7,170068,15736
2022-07-04,port2299,Gopalpur,India,IND,0,0,0,0
2022-07-04,port290,Dhamra Port,India,IND,2,2,124509,0
2022-07-04,port442,Haldia,India,IND,2,6,0,0
2022-07-04,port883,Paradip,India,IND,6,8,101053,214014
2022-07-05,port1367,Visakhapatnam,India,IND,6,9,156311,34719
2022-07-05,port2299,Gopalpur,India,IND,2,2,0,2608
2022-07-05,port290,Dhamra Port,India,IND,1,1,66930,0
2022-07-05,port442,Haldia,India,IND,3,5,66460,0
2022-07-05,port883,Paradip,India,IND,3,4,78076,79451
2022-07-06,port1367,Visakhapatnam,India,IND,5,6,309993,99908
2022-07-06,port2299,Gopalpur,India,IND,0,0,0,0
2022-07-06,port290,Dhamra Port,India,IND,1,1,71083,0
2022-07-06,port442,Haldia,India,IND,2,4,23295,4678
2022-07-06,port883,Paradip,India,IND,4,4,162510,83662
2022-07-07,port1367,Visakhapatnam,India,IND,6,8,279803,55766
2022-07-07,port2299,Gopalpur,India,IND,0,0,0,0
2022-07-07,port290,Dhamra Port,India,IND,2,2,48174,35665
2022-07-07,port442,Haldia,India,IND,4,7,37631,0
2022-07-07,port883,Paradip,India,IND,2,4,0,199628
2022-07-08,port1367,Visakhapatnam,India,IND,1,3,0,43125
2022-07-08,port2299,Gopalpur,India,IND,1,1,19904,0
2022-07-08,port290,Dhamra Port,India,IND,1,1,66024,0
2022-07-08,port442,Haldia,India,IND,4,9,29206,4112
2022-07-08,port883,Paradip,India,IND,6,6,114261,153220
2022-07-09,port1367,Visakhapatnam,India,IND,3,7,73027,64359
2022-07-09,port2299,Gopalpur,India,IND,0,0,0,0
2022-07-09,port290,Dhamra Port,India,IND,0,0,0,0
2022-07-09,port442,Haldia,India,IND,1,4,0,0
2022-07-09,port883,Paradip,India,IND,2,7,63163,30268
2022-07-10,port1367,Visakhapatnam,India,IND,5,6,182238,65885
2022-07-10,port2299,Gopalpur,India,IND,0,0,0,0
2022-07-10,port290,Dhamra Port,India,IND,0,0,0,0
2022-07-10,port442,Haldia,India,IND,2,5,23295,3059
2022-07-10,port883,Paradip,India,IND,4,6,78953,148647
2022-07-11,port1367,Visakhapatnam,India,IND,7,9,375219,47474
2022-07-11,port2299,Gopalpur,India,IND,0,0,0,0
2022-07-11,port290,Dhamra Port,India,IND,1,1,41491,19184
2022-07-11,port442,Haldia,India,IND,3,5,137212,3059
2022-07-11,port883,Paradip,India,IND,2,5,0,94156
2022-07-12,port1367,Visakhapatnam,India,IND,2,3,105156,0
2022-07-12,port2299,Gopalpur,India,IND,0,0,0,0
2022-07-12,port290,Dhamra Port,India,IND,2,2,202405,19184
2022-07-12,port442,Haldia,India,IND,3,7,71598,0
2022-07-12,port883,Paradip,India,IND,5,5,188604,157539
2022-07-13,port1367,Visakhapatnam,India,IND,2,4,113165,15736
2022-07-13,port2299,Gopalpur,India,IND,0,0,0,0
2022-07-13,port290,Dhamra Port,India,IND,0,0,0,0
2022-07-13,port442,Haldia,India,IND,2,6,39421,0
2022-07-13,port883,Paradip,India,IND,6,9,138701,228116
2022-07-14,port1367,Visakhapatnam,India,IND,5,6,118546,98901
2022-07-14,port2299,Gopalpur,India,IND,0,0,0,0
2022-07-14,port290,Dhamra Port,India,IND,1,1,72498,0
2022-07-14,port442,Haldia,India,IND,2,4,39984,3059
2022-07-14,port883,Paradip,India,IND,2,3,4750,77625
2022-07-15,port1367,Visakhapatnam,India,IND,5,9,185343,9570
2022-07-15,port2299,Gopalpur,India,IND,0,0,0,0
2022-07-15,port290,Dhamra Port,India,IND,0,0,0,0
2022-07-15,port442,Haldia,India,IND,2,4,23295,3059
2022-07-15,port883,Paradip,India,IND,2,5,0,54240
2022-07-16,port1367,Visakhapatnam,India,IND,3,3,226803,67475
2022-07-16,port2299,Gopalpur,India,IND,0,0,0,0
2022-07-16,port290,Dhamra Port,India,IND,1,1,41491,19184
2022-07-16,port442,Haldia,India,IND,4,8,69177,0
2022-07-16,port883,Paradip,India,IND,1,1,23736,0
2022-07-17,port1367,Visakhapatnam,India,IND,7,8,284398,101795
2022-07-17,port2299,Gopalpur,India,IND,0,0,0,0
2022-07-17,port290,Dhamra Port,India,IND,1,1,156353,0
2022-07-17,port442,Haldia,India,IND,0,4,0,0
2022-07-17,port883,Paradip,India,IND,6,7,155805,162174
2022-07-18,port1367,Visakhapatnam,India,IND,4,4,257510,0
2022-07-18,port2299,Gopalpur,India,IND,1,1,127814,0
2022-07-18,port290,Dhamra Port,India,IND,1,1,19040,0
2022-07-18,port442,Haldia,India,IND,2,4,2726,0
2022-07-18,port883,Paradip,India,IND,2,6,0,44676
2022-07-19,port1367,Visakhapatnam,India,IND,8,11,348944,15736
2022-07-19,port2299,Gopalpur,India,IND,2,2,0,103378
2022-07-19,port290,Dhamra Port,India,IND,1,1,67271,0
2022-07-19,port442,Haldia,India,IND,3,4,0,0
2022-07-19,port883,Paradip,India,IND,2,3,0,58600
2022-07-20,port1367,Visakhapatnam,India,IND,3,6,152874,15736
2022-07-20,port2299,Gopalpur,India,IND,0,0,0,0
2022-07-20,port290,Dhamra Port,India,IND,1,1,67023,0
2022-07-20,port442,Haldia,India,IND,2,4,0,0
2022-07-20,port883,Paradip,India,IND,4,5,45036,132083
2022-07-21,port1367,Visakhapatnam,India,IND,3,3,142617,39980
2022-07-21,port2299,Gopalpur,India,IND,0,0,0,0
2022-07-21,port290,Dhamra Port,India,IND,2,2,121873,19184
2022-07-21,port442,Haldia,India,IND,2,4,0,0
2022-07-21,port883,Paradip,India,IND,2,4,35242,72498
2022-07-22,port1367,Visakhapatnam,India,IND,5,6,185056,54436
2022-07-22,port2299,Gopalpur,India,IND,1,1,22654,0
2022-07-22,port290,Dhamra Port,India,IND,0,0,0,0
2022-07-22,port442,Haldia,India,IND,2,2,114164,0
2022-07-22,port883,Paradip,India,IND,3,4,29293,97337
2022-07-23,port1367,Visakhapatnam,India,IND,9,9,338941,155100
2022-07-23,port2299,Gopalpur,India,IND,0,0,0,0
2022-07-23,port290,Dhamra Port,India,IND,2,2,162053,33037
2022-07-23,port442,Haldia,India,IND,1,3,0,0
2022-07-23,port883,Paradip,India,IND,5,5,217966,124956
2022-07-24,port1367,Visakhapatnam,India,IND,7,7,251978,20358
2022-07-24,port2299,Gopalpur,India,IND,2,2,64777,0
2022-07-24,port290,Dhamra Port,India,IND,0,0,0,0
2022-07-24,port442,Haldia,India,IND,2,6,26675,0
2022-07-24,port883,Paradip,India,IND,5,6,137681,101134
2022-07-25,port1367,Visakhapatnam,India,IND,6,10,317830,83176
2022-07-25,port2299,Gopalpur,India,IND,0,0,0,0
2022-07-25,port290,Dhamra Port,India,IND,2,2,42564,0
2022-07-25,port442,Haldia,India,IND,2,5,0,1353
2022-07-25,port883,Paradip,India,IND,3,4,78788,126599
2022-07-26,port1367,Visakhapatnam,India,IND,3,6,254129,0
2022-07-26,port2299,Gopalpur,India,IND,0,0,0,0
2022-07-26,port290,Dhamra Port,India,IND,1,1,41491,19184
2022-07-26,port442,Haldia,India,IND,4,10,74452,0
2022-07-26,port883,Paradip,India,IND,5,6,127083,147420
2022-07-27,port1367,Visakhapatnam,India,IND,4,6,103362,82587
2022-07-27,port2299,Gopalpur,India,IND,1,1,84344,0
2022-07-27,port290,Dhamra Port,India,IND,2,2,163591,0
2022-07-27,port442,Haldia,India,IND,3,5,76773,0
2022-07-27,port883,Paradip,India,IND,2,4,78753,72500
2022-07-28,port1367,Visakhapatnam,India,IND,3,5,175971,0
2022-07-28,port2299,Gopalpur,India,IND,0,0,0,0
2022-07-28,port290,Dhamra Port,India,IND,2,2,157143,26139
2022-07-28,port442,Haldia,India,IND,4,8,65679,0
2022-07-28,port883,Paradip,India,IND,4,5,41827,243521
2022-07-29,port1367,Visakhapatnam,India,IND,4,6,170819,15736
2022-07-29,port2299,Gopalpur,India,IND,0,0,0,0
2022-07-29,port290,Dhamra Port,India,IND,0,0,0,0
2022-07-29,port442,Haldia,India,IND,3,5,36334,0
2022-07-29,port883,Paradip,India,IND,5,5,97832,170356
2022-07-30,port1367,Visakhapatnam,India,IND,7,7,399000,28881
2022-07-30,port2299,Gopalpur,India,IND,0,0,0,0
2022-07-30,port290,Dhamra Port,India,IND,2,2,256304,0
2022-07-30,port442,Haldia,India,IND,1,3,0,0
2022-07-30,port883,Paradip,India,IND,1,2,37032,0
2022-07-31,port1367,Visakhapatnam,India,IND,1,2,0,0
2022-07-31,port2299,Gopalpur,India,IND,0,0,0,0
2022-07-31,port290,Dhamra Port,India,IND,1,1,80165,0
2022-07-31,port442,Haldia,India,IND,3,3,64520,0
2022-07-31,port883,Paradip,India,IND,8,9,98905,313526
2022-08-01,port1367,Visakhapatnam,India,IND,3,4,196670,60126
2022-08-01,port2299,Gopalpur,India,IND,0,0,0,0
2022-08-01,port290,Dhamra Port,India,IND,1,1,79091,0
2022-08-01,port442,Haldia,India,IND,1,6,0,0
2022-08-01,port883,Paradip,India,IND,4,6,156266,71664
2022-08-02,port1367,Visakhapatnam,India,IND,3,6,98181,15736
2022-08-02,port2299,Gopalpur,India,IND,1,1,78467,0
2022-08-02,port290,Dhamra Port,India,IND,2,2,149339,0
2022-08-02,port442,Haldia,India,IND,3,5,36186,0
2022-08-02,port883,Paradip,India,IND,7,7,167158,152154
2022-08-03,port1367,Visakhapatnam,India,IND,3,4,43960,54752
2022-08-03,port2299,Gopalpur,India,IND,1,1,22395,22579
2022-08-03,port290,Dhamra Port,India,IND,0,0,0,0
2022-08-03,port442,Haldia,India,IND,3,9,0,0
2022-08-03,port883,Paradip,India,IND,3,3,99085,114613
2022-08-04,port1367,Visakhapatnam,India,IND,4,9,269038,15736
2022-08-04,port2299,Gopalpur,India,IND,0,0,0,0
2022-08-04,port290,Dhamra Port,India,IND,0,0,0,0
2022-08-04,port442,Haldia,India,IND,2,3,0,0
2022-08-04,port883,Paradip,India,IND,3,4,89027,0
2022-08-05,port1367,Visakhapatnam,India,IND,4,4,102883,95821
2022-08-05,port2299,Gopalpur,India,IND,0,0,0,0
2022-08-05,port290,Dhamra Port,India,IND,1,1,0,24798
2022-08-05,port442,Haldia,India,IND,2,5,35102,0
2022-08-05,port883,Paradip,India,IND,4,4,38839,152231
2022-08-06,port1367,Visakhapatnam,India,IND,7,10,411034,37094
2022-08-06,port2299,Gopalpur,India,IND,0,0,0,0
2022-08-06,port290,Dhamra Port,India,IND,3,3,202116,142078
2022-08-06,port442,Haldia,India,IND,4,7,31339,0
2022-08-06,port883,Paradip,India,IND,6,8,76730,273153
2022-08-07,port1367,Visakhapatnam,India,IND,0,2,0,0
2022-08-07,port2299,Gopalpur,India,IND,0,0,0,0
2022-08-07,port290,Dhamra Port,India,IND,1,1,104326,0
2022-08-07,port442,Haldia,India,IND,2,4,0,0
2022-08-07,port883,Paradip,India,IND,4,4,102826,70737
2022-08-08,port1367,Visakhapatnam,India,IND,6,6,162826,79689
2022-08-08,port2299,Gopalpur,India,IND,2,2,98620,0
2022-08-08,port290,Dhamra Port,India,IND,1,1,42649,0
2022-08-08,port442,Haldia,India,IND,2,3,63558,3059
2022-08-08,port883,Paradip,India,IND,4,6,0,362502
2022-08-09,port1367,Visakhapatnam,India,IND,2,5,200656,15736
2022-08-09,port2299,Gopalpur,India,IND,1,1,22395,22579
2022-08-09,port290,Dhamra Port,India,IND,1,1,158313,0
2022-08-09,port442,Haldia,India,IND,0,2,0,0
2022-08-09,port883,Paradip,India,IND,0,0,0,0
2022-08-10,port1367,Visakhapatnam,India,IND,4,9,243306,70279
2022-08-10,port2299,Gopalpur,India,IND,0,0,0,0
2022-08-10,port290,Dhamra Port,India,IND,2,2,3540,35665
2022-08-10,port442,Haldia,India,IND,1,3,9608,0
2022-08-10,port883,Paradip,India,IND,1,1,0,35738
2022-08-11,port1367,Visakhapatnam,India,IND,5,6,178659,40915
2022-08-11,port2299,Gopalpur,India,IND,0,0,0,0
2022-08-11,port290,Dhamra Port,India,IND,0,0,0,0
2022-08-11,port442,Haldia,India,IND,3,6,106398,0
2022-08-11,port883,Paradip,India,IND,8,11,52117,348852
2022-08-12,port1367,Visakhapatnam,India,IND,7,9,388242,100112
2022-08-12,port2299,Gopalpur,India,IND,0,0,0,0
2022-08-12,port290,Dhamra Port,India,IND,1,1,78868,0
2022-08-12,port442,Haldia,India,IND,3,7,101979,0
2022-08-12,port883,Paradip,India,IND,4,5,45275,102976
2022-08-13,port1367,Visakhapatnam,India,IND,4,6,147576,81947
2022-08-13,port2299,Gopalpur,India,IND,0,0,0,0
2022-08-13,port290,Dhamra Port,India,IND,0,0,0,0
2022-08-13,port442,Haldia,India,IND,2,4,54489,0
2022-08-13,port883,Paradip,India,IND,1,3,0,22041
2022-08-14,port1367,Visakhapatnam,India,IND,4,4,162650,31473
2022-08-14,port2299,Gopalpur,India,IND,0,0,0,0
2022-08-14,port290,Dhamra Port,India,IND,1,1,78588,0
2022-08-14,port442,Haldia,India,IND,3,4,79710,0
2022-08-14,port883,Paradip,India,IND,5,5,98378,184942
2022-08-15,port1367,Visakhapatnam,India,IND,8,11,223576,114650
2022-08-15,port2299,Gopalpur,India,IND,1,1,37900,0
2022-08-15,port290,Dhamra Port,India,IND,3,3,72096,58867
2022-08-15,port442,Haldia,India,IND,3,3,42105,0
2022-08-15,port883,Paradip,India,IND,4,5,76641,143736
2022-08-16,port1367,Visakhapatnam,India,IND,4,10,106487,92345
2022-08-16,port2299,Gopalpur,India,IND,0,0,0,0
2022-08-16,port290,Dhamra Port,India,IND,1,1,157356,0
2022-08-16,port442,Haldia,India,IND,2,5,35665,0
2022-08-16,port883,Paradip,India,IND,2,2,0,80999
2022-08-17,port1367,Visakhapatnam,India,IND,5,8,351603,0
2022-08-17,port2299,Gopalpur,India,IND,0,0,0,0
2022-08-17,port290,Dhamra Port,India,IND,1,1,0,35309
2022-08-17,port442,Haldia,India,IND,1,4,0,0
2022-08-17,port883,Paradip,India,IND,4,7,171675,49602
2022-08-18,port1367,Visakhapatnam,India,IND,3,5,148064,0
2022-08-18,port2299,Gopalpur,India,IND,0,0,0,0
2022-08-18,port290,Dhamra Port,India,IND,1,1,162433,0
2022-08-18,port442,Haldia,India,IND,2,5,75201,0
2022-08-18,port883,Paradip,India,IND,7,7,97127,179094
2022-08-19,port1367,Visakhapatnam,India,IND,8,10,149317,80407
2022-08-19,port2299,Gopalpur,India,IND,1,1,25385,0
2022-08-19,port290,Dhamra Port,India,IND,0,0,0,0
2022-08-19,port442,Haldia,India,IND,1,2,23295,3059
2022-08-19,port883,Paradip,India,IND,1,1,33110,0
2022-08-20,port1367,Visakhapatnam,India,IND,1,1,7265,0
2022-08-20,port2299,Gopalpur,India,IND,0,0,0,0
2022-08-20,port290,Dhamra Port,India,IND,1,1,41491,19184
2022-08-20,port442,Haldia,India,IND,3,4,38480,59994
2022-08-20,port883,Paradip,India,IND,5,8,78235,134528
2022-08-21,port1367,Visakhapatnam,India,IND,3,3,109865,31473
2022-08-21,port2299,Gopalpur,India,IND,0,0,0,0
2022-08-21,port290,Dhamra Port,India,IND,1,1,103477,0
2022-08-21,port442,Haldia,India,IND,0,0,0,0
2022-08-21,port883,Paradip,India,IND,7,7,133741,205499
2022-08-22,port1367,Visakhapatnam,India,IND,7,13,355140,72909
2022-08-22,port2299,Gopalpur,India,IND,0,0,0,0
2022-08-22,port290,Dhamra Port,India,IND,2,2,44417,0
2022-08-22,port442,Haldia,India,IND,2,5,27683,0
2022-08-22,port883,Paradip,India,IND,0,1,0,0
2022-08-23,port1367,Visakhapatnam,India,IND,4,5,173910,47210
2022-08-23,port2299,Gopalpur,India,IND,0,0,0,0
2022-08-23,port290,Dhamra Port,India,IND,1,1,0,37313
2022-08-23,port442,Haldia,India,IND,2,5,35656,0
2022-08-23,port883,Paradip,India,IND,4,5,161085,78067
2022-08-24,port1367,Visakhapatnam,India,IND,4,7,224918,31473
2022-08-24,port2299,Gopalpur,India,IND,1,1,78777,0
2022-08-24,port290,Dhamra Port,India,IND,3,3,176890,53315
2022-08-24,port442,Haldia,India,IND,3,8,91091,3059
2022-08-24,port883,Paradip,India,IND,6,7,224080,67572
2022-08-25,port1367,Visakhapatnam,India,IND,3,4,34294,61932
2022-08-25,port2299,Gopalpur,India,IND,1,1,26675,0
2022-08-25,port290,Dhamra Port,India,IND,1,1,74338,0
2022-08-25,port442,Haldia,India,IND,3,5,23295,3059
2022-08-25,port883,Paradip,India,IND,4,5,20323,188742
2022-08-26,port1367,Visakhapatnam,India,IND,1,1,55721,0
2022-08-26,port2299,Gopalpur,India,IND,0,0,0,0
2022-08-26,port290,Dhamra Port,India,IND,2,2,0,63082
2022-08-26,port442,Haldia,India,IND,4,6,105463,685
2022-08-26,port883,Paradip,India,IND,1,1,0,70000
2022-08-27,port1367,Visakhapatnam,India,IND,5,7,186073,65061
2022-08-27,port2299,Gopalpur,India,IND,0,0,0,0
2022-08-27,port290,Dhamra Port,India,IND,0,0,0,0
2022-08-27,port442,Haldia,India,IND,2,4,74771,701
2022-08-27,port883,Paradip,India,IND,7,10,156938,133618
2022-08-28,port1367,Visakhapatnam,India,IND,4,7,141084,31473
2022-08-28,port2299,Gopalpur,India,IND,0,0,0,0
2022-08-28,port290,Dhamra Port,India,IND,2,2,78399,0
2022-08-28,port442,Haldia,India,IND,1,6,0,0
2022-08-28,port883,Paradip,India,IND,4,5,61793,157238
2022-08-29,port1367,Visakhapatnam,India,IND,9,11,239807,176076
2022-08-29,port2299,Gopalpur,India,IND,0,0,0,0
2022-08-29,port290,Dhamra Port,India,IND,2,2,135782,1375
2022-08-29,port442,Haldia,India,IND,2,5,31304,0
2022-08-29,port883,Paradip,India,IND,1,1,0,52066
2022-08-30,port1367,Visakhapatnam,India,IND,2,5,108750,15736
2022-08-30,port2299,Gopalpur,India,IND,0,0,0,0
2022-08-30,port290,Dhamra Port,India,IND,1,1,0,76313
2022-08-30,port442,Haldia,India,IND,2,2,102777,0
2022-08-30,port883,Paradip,India,IND,5,5,78651,207793
2022-08-31,port1367,Visakhapatnam,India,IND,4,6,144659,65774
2022-08-31,port2299,Gopalpur,India,IND,0,1,0,0
2022-08-31,port290,Dhamra Port,India,IND,2,2,118387,19184
2022-08-31,port442,Haldia,India,IND,4,5,36992,0
2022-08-31,port883,Paradip,India,IND,2,4,112070,58257
2022-09-01,port1367,Visakhapatnam,India,IND,4,4,166623,47210
2022-09-01,port2299,Gopalpur,India,IND,0,0,0,0
2022-09-01,port290,Dhamra Port,India,IND,1,1,28201,0
2022-09-01,port442,Haldia,India,IND,2,6,11036,0
2022-09-01,port883,Paradip,India,IND,5,6,53058,235076
2022-09-02,port1367,Visakhapatnam,India,IND,4,6,221613,15736
2022-09-02,port2299,Gopalpur,India,IND,0,0,0,0
2022-09-02,port290,Dhamra Port,India,IND,1,1,93643,0
2022-09-02,port442,Haldia,India,IND,1,4,0,35119
2022-09-02,port883,Paradip,India,IND,4,4,180602,60537
2022-09-03,port1367,Visakhapatnam,India,IND,5,6,189874,134981
2022-09-03,port2299,Gopalpur,India,IND,0,0,0,0
2022-09-03,port290,Dhamra Port,India,IND,0,0,0,0
2022-09-03,port442,Haldia,India,IND,1,4,5326,0
2022-09-03,port883,Paradip,India,IND,2,3,72695,54240
2022-09-04,port1367,Visakhapatnam,India,IND,4,5,168715,15736
2022-09-04,port2299,Gopalpur,India,IND,0,0,0,0
2022-09-04,port290,Dhamra Port,India,IND,2,2,113555,19184
2022-09-04,port442,Haldia,India,IND,0,4,0,0
2022-09-04,port883,Paradip,India,IND,2,2,73654,75262
2022-09-05,port1367,Visakhapatnam,India,IND,4,6,31725,61374
2022-09-05,port2299,Gopalpur,India,IND,0,0,0,0
2022-09-05,port290,Dhamra Port,India,IND,2,2,102267,50983
2022-09-05,port442,Haldia,India,IND,0,0,0,0
2022-09-05,port883,Paradip,India,IND,2,2,0,145177
2022-09-06,port1367,Visakhapatnam,India,IND,3,4,106607,0
2022-09-06,port2299,Gopalpur,India,IND,0,0,0,0
2022-09-06,port290,Dhamra Port,India,IND,1,1,41491,19184
2022-09-06,port442,Haldia,India,IND,2,5,42838,0
2022-09-06,port883,Paradip,India,IND,0,1,0,0
2022-09-07,port1367,Visakhapatnam,India,IND,4,4,94032,154318
2022-09-07,port2299,Gopalpur,India,IND,1,1,121921,0
2022-09-07,port290,Dhamra Port,India,IND,1,1,0,1209
2022-09-07,port442,Haldia,India,IND,4,9,23295,9401
2022-09-07,port883,Paradip,India,IND,5,6,73171,219613
2022-09-08,port1367,Visakhapatnam,India,IND,2,3,54355,15736
2022-09-08,port2299,Gopalpur,India,IND,0,0,0,0
2022-09-08,port290,Dhamra Port,India,IND,1,1,162775,0
2022-09-08,port442,Haldia,India,IND,3,4,70805,0
2022-09-08,port883,Paradip,India,IND,2,2,79938,51233
2022-09-09,port1367,Visakhapatnam,India,IND,6,7,228787,31473
2022-09-09,port2299,Gopalpur,India,IND,0,0,0,0
2022-09-09,port290,Dhamra Port,India,IND,0,0,0,0
2022-09-09,port442,Haldia,India,IND,1,3,0,0
2022-09-09,port883,Paradip,India,IND,4,6,110151,70052
2022-09-10,port1367,Visakhapatnam,India,IND,6,7,39435,49274
2022-09-10,port2299,Gopalpur,India,IND,0,0,0,0
2022-09-10,port290,Dhamra Port,India,IND,2,2,41491,54154
2022-09-10,port442,Haldia,India,IND,2,3,61701,0
2022-09-10,port883,Paradip,India,IND,5,5,150550,134699
2022-09-11,port1367,Visakhapatnam,India,IND,2,3,77404,0
2022-09-11,port2299,Gopalpur,India,IND,0,0,0,0
2022-09-11,port290,Dhamra Port,India,IND,0,0,0,0
2022-09-11,port442,Haldia,India,IND,1,6,0,0
2022-09-11,port883,Paradip,India,IND,4,4,111925,91344
2022-09-12,port1367,Visakhapatnam,India,IND,0,1,0,0
2022-09-12,port2299,Gopalpur,India,IND,0,0,0,0
2022-09-12,port290,Dhamra Port,India,IND,1,1,139196,0
2022-09-12,port442,Haldia,India,IND,3,4,144833,0
2022-09-12,port883,Paradip,India,IND,2,3,117985,0
2022-09-13,port1367,Visakhapatnam,India,IND,1,6,34294,15736
2022-09-13,port2299,Gopalpur,India,IND,0,0,0,0
2022-09-13,port290,Dhamra Port,India,IND,1,1,135123,0
2022-09-13,port442,Haldia,India,IND,3,5,75189,6175
2022-09-13,port883,Paradip,India,IND,1,1,56247,0
2022-09-14,port1367,Visakhapatnam,India,IND,7,10,278179,199130
2022-09-14,port2299,Gopalpur,India,IND,1,1,36673,0
2022-09-14,port290,Dhamra Port,India,IND,0,0,0,0
2022-09-14,port442,Haldia,India,IND,2,7,36569,0
2022-09-14,port883,Paradip,India,IND,2,2,84839,126969
2022-09-15,port1367,Visakhapatnam,India,IND,5,5,165459,15736
2022-09-15,port2299,Gopalpur,India,IND,0,0,0,0
2022-09-15,port290,Dhamra Port,India,IND,0,0,0,0
2022-09-15,port442,Haldia,India,IND,2,4,23295,3059
2022-09-15,port883,Paradip,India,IND,3,5,80688,101932
2022-09-16,port1367,Visakhapatnam,India,IND,5,8,313578,73357
2022-09-16,port2299,Gopalpur,India,IND,0,0,0,0
2022-09-16,port290,Dhamra Port,India,IND,1,1,157746,0
2022-09-16,port442,Haldia,India,IND,2,5,54211,3059
2022-09-16,port883,Paradip,India,IND,4,4,58891,37987
2022-09-17,port1367,Visakhapatnam,India,IND,2,2,34294,15736
2022-09-17,port2299,Gopalpur,India,IND,1,1,0,49845
2022-09-17,port290,Dhamra Port,India,IND,0,0,0,0
2022-09-17,port442,Haldia,India,IND,2,3,62633,3059
2022-09-17,port883,Paradip,India,IND,4,6,48508,30811
2022-09-18,port1367,Visakhapatnam,India,IND,3,7,237968,0
2022-09-18,port2299,Gopalpur,India,IND,0,0,0,0
2022-09-18,port290,Dhamra Port,India,IND,4,4,156585,96510
2022-09-18,port442,Haldia,India,IND,3,6,49186,0
2022-09-18,port883,Paradip,India,IND,4,4,152101,44053
2022-09-19,port1367,Visakhapatnam,India,IND,8,12,253131,181503
2022-09-19,port2299,Gopalpur,India,IND,1,1,24948,0
2022-09-19,port290,Dhamra Port,India,IND,0,0,0,0
2022-09-19,port442,Haldia,India,IND,5,8,93155,45267
2022-09-19,port883,Paradip,India,IND,5,5,141402,128683
2022-09-20,port1367,Visakhapatnam,India,IND,4,4,295137,15736
2022-09-20,port2299,Gopalpur,India,IND,0,0,0,0
2022-09-20,port290,Dhamra Port,India,IND,0,1,0,0
2022-09-20,port442,Haldia,India,IND,3,3,62959,0
2022-09-20,port883,Paradip,India,IND,2,3,75731,54240
2022-09-21,port1367,Visakhapatnam,India,IND,4,10,68588,139281
2022-09-21,port2299,Gopalpur,India,IND,1,1,0,0
2022-09-21,port290,Dhamra Port,India,IND,1,1,39418,0
2022-09-21,port442,Haldia,India,IND,2,8,0,0
2022-09-21,port883,Paradip,India,IND,3,5,95654,30268
2022-09-22,port1367,Visakhapatnam,India,IND,9,12,479535,29152
2022-09-22,port2299,Gopalpur,India,IND,0,0,0,0
2022-09-22,port290,Dhamra Port,India,IND,2,2,160369,36044
2022-09-22,port442,Haldia,India,IND,5,7,61720,4357
2022-09-22,port883,Paradip,India,IND,1,2,0,78613
2022-09-23,port1367,Visakhapatnam,India,IND,3,4,133570,15736
2022-09-23,port2299,Gopalpur,India,IND,0,0,0,0
2022-09-23,port290,Dhamra Port,India,IND,0,0,0,0
2022-09-23,port442,Haldia,India,IND,2,6,46591,6118
2022-09-23,port883,Paradip,India,IND,9,9,193249,245559
2022-09-24,port1367,Visakhapatnam,India,IND,4,4,149282,54310
2022-09-24,port2299,Gopalpur,India,IND,0,0,0,0
2022-09-24,port290,Dhamra Port,India,IND,2,2,79755,37706
2022-09-24,port442,Haldia,India,IND,2,5,53851,0
2022-09-24,port883,Paradip,India,IND,2,2,72322,0
2022-09-25,port1367,Visakhapatnam,India,IND,4,4,78975,72054
2022-09-25,port2299,Gopalpur,India,IND,0,0,0,0
2022-09-25,port290,Dhamra Port,India,IND,0,0,0,0
2022-09-25,port442,Haldia,India,IND,1,1,0,0
2022-09-25,port883,Paradip,India,IND,2,3,63720,0
2022-09-26,port1367,Visakhapatnam,India,IND,3,4,69572,0
2022-09-26,port2299,Gopalpur,India,IND,0,0,0,0
2022-09-26,port290,Dhamra Port,India,IND,1,1,104326,0
2022-09-26,port442,Haldia,India,IND,4,7,82263,0
2022-09-26,port883,Paradip,India,IND,6,6,161701,170841
2022-09-27,port1367,Visakhapatnam,India,IND,6,10,117291,141884
2022-09-27,port2299,Gopalpur,India,IND,0,0,0,0
2022-09-27,port290,Dhamra Port,India,IND,4,4,83022,70849
2022-09-27,port442,Haldia,India,IND,2,3,60913,3059
2022-09-27,port883,Paradip,India,IND,3,4,174701,0
2022-09-28,port1367,Visakhapatnam,India,IND,4,9,190532,0
2022-09-28,port2299,Gopalpur,India,IND,0,0,0,0
2022-09-28,port290,Dhamra Port,India,IND,0,0,0,0
2022-09-28,port442,Haldia,India,IND,6,10,37100,25966
2022-09-28,port883,Paradip,India,IND,6,6,137115,135616
2022-09-29,port1367,Visakhapatnam,India,IND,4,7,0,37347
2022-09-29,port2299,Gopalpur,India,IND,0,0,0,0
2022-09-29,port290,Dhamra Port,India,IND,1,1,41491,19184
2022-09-29,port442,Haldia,India,IND,4,5,156824,0
2022-09-29,port883,Paradip,India,IND,2,3,53333,71527
2022-09-30,port1367,Visakhapatnam,India,IND,3,7,244718,0
2022-09-30,port2299,Gopalpur,India,IND,1,1,25418,0
2022-09-30,port290,Dhamra Port,India,IND,2,2,96537,19184
2022-09-30,port442,Haldia,India,IND,3,6,59862,3059
2022-09-30,port883,Paradip,India,IND,6,6,154686,234187
2022-10-01,port1367,Visakhapatnam,India,IND,3,6,67724,36036
2022-10-01,port2299,Gopalpur,India,IND,0,0,0,0
2022-10-01,port290,Dhamra Port,India,IND,0,0,0,0
2022-10-01,port442,Haldia,India,IND,4,8,64983,0
2022-10-01,port883,Paradip,India,IND,2,2,53266,73202
2022-10-02,port1367,Visakhapatnam,India,IND,2,3,45731,103507
2022-10-02,port2299,Gopalpur,India,IND,0,0,0,0
2022-10-02,port290,Dhamra Port,India,IND,1,1,41491,19184
2022-10-02,port442,Haldia,India,IND,4,5,20785,53333
2022-10-02,port883,Paradip,India,IND,3,3,55672,118674
2022-10-03,port1367,Visakhapatnam,India,IND,3,6,75137,0
2022-10-03,port2299,Gopalpur,India,IND,0,0,0,0
2022-10-03,port290,Dhamra Port,India,IND,0,0,0,0
2022-10-03,port442,Haldia,India,IND,2,2,23295,3059
2022-10-03,port883,Paradip,India,IND,3,3,71165,69956
2022-10-04,port1367,Visakhapatnam,India,IND,2,6,75069,48796
2022-10-04,port2299,Gopalpur,India,IND,0,0,0,0
2022-10-04,port290,Dhamra Port,India,IND,0,0,0,0
2022-10-04,port442,Haldia,India,IND,1,3,0,0
2022-10-04,port883,Paradip,India,IND,2,2,9895,54240
2022-10-05,port1367,Visakhapatnam,India,IND,3,7,67353,29014
2022-10-05,port2299,Gopalpur,India,IND,0,0,0,0
2022-10-05,port290,Dhamra Port,India,IND,2,2,119916,19184
2022-10-05,port442,Haldia,India,IND,5,7,62356,0
2022-10-05,port883,Paradip,India,IND,2,2,87150,0
2022-10-06,port1367,Visakhapatnam,India,IND,1,4,34294,15736
2022-10-06,port2299,Gopalpur,India,IND,0,0,0,0
2022-10-06,port290,Dhamra Port,India,IND,1,1,41491,19184
2022-10-06,port442,Haldia,India,IND,5,7,118490,3059
2022-10-06,port883,Paradip,India,IND,1,1,0,73140
2022-10-07,port1367,Visakhapatnam,India,IND,1,3,0,78159
2022-10-07,port2299,Gopalpur,India,IND,1,1,25553,0
2022-10-07,port290,Dhamra Port,India,IND,1,1,41491,19184
2022-10-07,port442,Haldia,India,IND,3,6,20966,0
2022-10-07,port883,Paradip,India,IND,3,3,98497,99206
2022-10-08,port1367,Visakhapatnam,India,IND,5,9,268055,26130
2022-10-08,port2299,Gopalpur,India,IND,0,0,0,0
2022-10-08,port290,Dhamra Port,India,IND,1,1,41491,19184
2022-10-08,port442,Haldia,India,IND,3,4,146875,0
2022-10-08,port883,Paradip,India,IND,2,3,20323,50490
2022-10-09,port1367,Visakhapatnam,India,IND,3,3,139340,0
2022-10-09,port2299,Gopalpur,India,IND,0,0,0,0
2022-10-09,port290,Dhamra Port,India,IND,0,0,0,0
2022-10-09,port442,Haldia,India,IND,2,5,78423,49897
2022-10-09,port883,Paradip,India,IND,3,3,78487,73171
2022-10-10,port1367,Visakhapatnam,India,IND,1,4,17708,0
2022-10-10,port2299,Gopalpur,India,IND,0,0,0,0
2022-10-10,port290,Dhamra Port,India,IND,1,1,0,8477
2022-10-10,port442,Haldia,India,IND,2,5,41003,0
2022-10-10,port883,Paradip,India,IND,3,4,37741,133534
2022-10-11,port1367,Visakhapatnam,India,IND,4,7,239154,0
2022-10-11,port2299,Gopalpur,India,IND,0,0,0,0
2022-10-11,port290,Dhamra Port,India,IND,2,2,78577,53381
2022-10-11,port442,Haldia,India,IND,4,6,81245,3059
2022-10-11,port883,Paradip,India,IND,4,4,78151,158428
2022-10-12,port1367,Visakhapatnam,India,IND,0,4,0,0
2022-10-12,port2299,Gopalpur,India,IND,0,0,0,0
2022-10-12,port290,Dhamra Port,India,IND,0,0,0,0
2022-10-12,port442,Haldia,India,IND,2,5,34804,0
2022-10-12,port883,Paradip,India,IND,5,5,111091,681
2022-10-13,port1367,Visakhapatnam,India,IND,2,6,0,31205
2022-10-13,port2299,Gopalpur,India,IND,1,1,59040,0
2022-10-13,port290,Dhamra Port,India,IND,1,1,0,13557
2022-10-13,port442,Haldia,India,IND,2,3,36393,0
2022-10-13,port883,Paradip,India,IND,5,6,114185,155638
2022-10-14,port1367,Visakhapatnam,India,IND,1,3,48049,0
2022-10-14,port2299,Gopalpur,India,IND,0,0,0,0
2022-10-14,port290,Dhamra Port,India,IND,0,0,0,0
2022-10-14,port442,Haldia,India,IND,3,3,73508,0
2022-10-14,port883,Paradip,India,IND,0,1,0,0
2022-10-15,port1367,Visakhapatnam,India,IND,4,8,53091,91394
2022-10-15,port2299,Gopalpur,India,IND,0,0,0,0
2022-10-15,port290,Dhamra Port,India,IND,1,1,41491,19184
2022-10-15,port442,Haldia,India,IND,1,3,22009,0
2022-10-15,port883,Paradip,India,IND,2,2,25647,0
2022-10-16,port1367,Visakhapatnam,India,IND,2,3,38706,24277
2022-10-16,port2299,Gopalpur,India,IND,0,0,0,0
2022-10-16,port290,Dhamra Port,India,IND,0,0,0,0
2022-10-16,port442,Haldia,India,IND,1,2,0,0
2022-10-16,port883,Paradip,India,IND,4,5,113929,184079
2022-10-17,port1367,Visakhapatnam,India,IND,6,8,278007,47210
2022-10-17,port2299,Gopalpur,India,IND,0,0,0,0
2022-10-17,port290,Dhamra Port,India,IND,1,1,41491,19184
2022-10-17,port442,Haldia,India,IND,0,4,0,0
2022-10-17,port883,Paradip,India,IND,4,4,80622,105578
2022-10-18,port1367,Visakhapatnam,India,IND,3,9,0,273767
2022-10-18,port2299,Gopalpur,India,IND,0,0,0,0
2022-10-18,port290,Dhamra Port,India,IND,3,3,227036,0
2022-10-18,port442,Haldia,India,IND,0,1,0,0
2022-10-18,port883,Paradip,India,IND,0,2,0,0
2022-10-19,port1367,Visakhapatnam,India,IND,4,6,197320,0
2022-10-19,port2299,Gopalpur,India,IND,0,0,0,0
2022-10-19,port290,Dhamra Port,India,IND,0,0,0,0
2022-10-19,port442,Haldia,India,IND,0,1,0,0
2022-10-19,port883,Paradip,India,IND,5,5,34914,227549
2022-10-20,port1367,Visakhapatnam,India,IND,2,5,73759,0
2022-10-20,port2299,Gopalpur,India,IND,2,2,94008,0
2022-10-20,port290,Dhamra Port,India,IND,1,1,41491,19184
2022-10-20,port442,Haldia,India,IND,3,8,0,0
2022-10-20,port883,Paradip,India,IND,3,3,54168,109176
2022-10-21,port1367,Visakhapatnam,India,IND,1,3,0,25433
2022-10-21,port2299,Gopalpur,India,IND,0,0,0,0
2022-10-21,port290,Dhamra Port,India,IND,0,0,0,0
2022-10-21,port442,Haldia,India,IND,2,6,36205,0
2022-10-21,port883,Paradip,India,IND,2,2,55690,54724
2022-10-22,port1367,Visakhapatnam,India,IND,6,7,184902,87065
2022-10-22,port2299,Gopalpur,India,IND,0,0,0,0
2022-10-22,port290,Dhamra Port,India,IND,1,1,77754,0
2022-10-22,port442,Haldia,India,IND,3,8,36325,0
2022-10-22,port883,Paradip,India,IND,2,2,45702,30268
2022-10-23,port1367,Visakhapatnam,India,IND,5,5,198896,119244
2022-10-23,port2299,Gopalpur,India,IND,1,1,38736,0
2022-10-23,port290,Dhamra Port,India,IND,1,1,75506,0
2022-10-23,port442,Haldia,India,IND,1,5,33085,0
2022-10-23,port883,Paradip,India,IND,1,3,41827,0
2022-10-24,port1367,Visakhapatnam,India,IND,2,6,112871,15736
2022-10-24,port2299,Gopalpur,India,IND,0,0,0,0
2022-10-24,port290,Dhamra Port,India,IND,1,1,102267,0
2022-10-24,port442,Haldia,India,IND,1,1,0,0
2022-10-24,port883,Paradip,India,IND,2,2,140187,0
2022-10-25,port1367,Visakhapatnam,India,IND,3,7,83218,48349
2022-10-25,port2299,Gopalpur,India,IND,0,0,0,0
2022-10-25,port290,Dhamra Port,India,IND,2,2,41436,22283
2022-10-25,port442,Haldia,India,IND,2,3,0,0
2022-10-25,port883,Paradip,India,IND,3,3,72030,87440
2022-10-26,port1367,Visakhapatnam,India,IND,5,8,221517,15736
2022-10-26,port2299,Gopalpur,India,IND,0,0,0,0
2022-10-26,port290,Dhamra Port,India,IND,2,2,103635,49167
2022-10-26,port442,Haldia,India,IND,2,5,37387,0
2022-10-26,port883,Paradip,India,IND,1,1,1189,0
2022-10-27,port1367,Visakhapatnam,India,IND,3,5,168974,0
2022-10-27,port2299,Gopalpur,India,IND,0,0,0,0
2022-10-27,port290,Dhamra Port,India,IND,0,0,0,0
2022-10-27,port442,Haldia,India,IND,3,6,68390,3059
2022-10-27,port883,Paradip,India,IND,4,4,80259,39419
2022-10-28,port1367,Visakhapatnam,India,IND,4,7,126319,3865
2022-10-28,port2299,Gopalpur,India,IND,0,0,0,0
2022-10-28,port290,Dhamra Port,India,IND,2,2,835,0
2022-10-28,port442,Haldia,India,IND,3,7,108239,0
2022-10-28,port883,Paradip,India,IND,4,4,89575,110256
2022-10-29,port1367,Visakhapatnam,India,IND,5,6,263717,0
2022-10-29,port2299,Gopalpur,India,IND,0,0,0,0
2022-10-29,port290,Dhamra Port,India,IND,0,0,0,0
2022-10-29,port442,Haldia,India,IND,1,3,0,0
2022-10-29,port883,Paradip,India,IND,5,6,125865,158165
2022-10-30,port1367,Visakhapatnam,India,IND,2,7,72742,28784
2022-10-30,port2299,Gopalpur,India,IND,0,0,0,0
2022-10-30,port290,Dhamra Port,India,IND,0,0,0,0
2022-10-30,port442,Haldia,India,IND,2,3,36538,0
2022-10-30,port883,Paradip,India,IND,2,3,0,122264
2022-10-31,port1367,Visakhapatnam,India,IND,4,6,271036,102267
2022-10-31,port2299,Gopalpur,India,IND,0,0,0,0
2022-10-31,port290,Dhamra Port,India,IND,1,1,78947,0
2022-10-31,port442,Haldia,India,IND,2,4,21191,0
2022-10-31,port883,Paradip,India,IND,2,3,55142,30268
2022-11-01,port1367,Visakhapatnam,India,IND,7,8,211880,15736
2022-11-01,port2299,Gopalpur,India,IND,0,0,0,0
2022-11-01,port290,Dhamra Port,India,IND,2,2,41491,109877
2022-11-01,port442,Haldia,India,IND,2,4,0,0
2022-11-01,port883,Paradip,India,IND,3,3,79324,196557
2022-11-02,port1367,Visakhapatnam,India,IND,2,6,26776,73089
2022-11-02,port2299,Gopalpur,India,IND,0,0,0,0
2022-11-02,port290,Dhamra Port,India,IND,1,1,44260,0
2022-11-02,port442,Haldia,India,IND,2,7,0,42562
2022-11-02,port883,Paradip,India,IND,2,3,151499,0
2022-11-03,port1367,Visakhapatnam,India,IND,2,4,90284,0
2022-11-03,port2299,Gopalpur,India,IND,0,0,0,0
2022-11-03,port290,Dhamra Port,India,IND,1,1,0,9681
2022-11-03,port442,Haldia,India,IND,3,4,35935,37872
2022-11-03,port883,Paradip,India,IND,2,3,0,77604
2022-11-04,port1367,Visakhapatnam,India,IND,4,7,107135,56633
2022-11-04,port2299,Gopalpur,India,IND,0,0,0,0
2022-11-04,port290,Dhamra Port,India,IND,1,1,41004,0
2022-11-04,port442,Haldia,India,IND,1,4,0,0
2022-11-04,port883,Paradip,India,IND,4,4,127293,95530
2022-11-05,port1367,Visakhapatnam,India,IND,3,5,83993,50135
2022-11-05,port2299,Gopalpur,India,IND,0,0,0,0
2022-11-05,port290,Dhamra Port,India,IND,0,0,0,0
2022-11-05,port442,Haldia,India,IND,3,5,48708,0
2022-11-05,port883,Paradip,India,IND,4,6,20323,212423
2022-11-06,port1367,Visakhapatnam,India,IND,4,8,149631,103635
2022-11-06,port2299,Gopalpur,India,IND,0,0,0,0
2022-11-06,port290,Dhamra Port,India,IND,0,0,0,0
2022-11-06,port442,Haldia,India,IND,2,6,60167,3059
2022-11-06,port883,Paradip,India,IND,4,4,43360,34569
2022-11-07,port1367,Visakhapatnam,India,IND,3,8,133339,15736
2022-11-07,port2299,Gopalpur,India,IND,0,0,0,0
2022-11-07,port290,Dhamra Port,India,IND,0,0,0,0
2022-11-07,port442,Haldia,India,IND,1,2,40248,0
2022-11-07,port883,Paradip,India,IND,2,4,50435,0
2022-11-08,port1367,Visakhapatnam,India,IND,7,11,287357,0
2022-11-08,port2299,Gopalpur,India,IND,0,0,0,0
2022-11-08,port290,Dhamra Port,India,IND,1,1,157974,0
2022-11-08,port442,Haldia,India,IND,1,1,54493,0
2022-11-08,port883,Paradip,India,IND,2,4,61802,30268
2022-11-09,port1367,Visakhapatnam,India,IND,3,4,78835,194020
2022-11-09,port2299,Gopalpur,India,IND,0,0,0,0
2022-11-09,port290,Dhamra Port,India,IND,0,0,0,0
2022-11-09,port442,Haldia,India,IND,2,2,0,60084
2022-11-09,port883,Paradip,India,IND,4,4,71520,113209
2022-11-10,port1367,Visakhapatnam,India,IND,2,4,77778,55604
2022-11-10,port2299,Gopalpur,India,IND,1,1,22395,22579
2022-11-10,port290,Dhamra Port,India,IND,1,1,42951,0
2022-11-10,port442,Haldia,India,IND,0,2,0,0
2022-11-10,port883,Paradip,India,IND,3,3,71014,108557
2022-11-11,port1367,Visakhapatnam,India,IND,1,5,0,47529
2022-11-11,port2299,Gopalpur,India,IND,0,0,0,0
2022-11-11,port290,Dhamra Port,India,IND,0,0,0,0
2022-11-11,port442,Haldia,India,IND,1,4,24230,0
2022-11-11,port883,Paradip,India,IND,3,3,63852,60537
2022-11-12,port1367,Visakhapatnam,India,IND,2,2,76688,12045
2022-11-12,port2299,Gopalpur,India,IND,1,1,75721,0
2022-11-12,port290,Dhamra Port,India,IND,0,0,0,0
2022-11-12,port442,Haldia,India,IND,4,6,93403,0
2022-11-12,port883,Paradip,India,IND,1,1,20323,30268
2022-11-13,port1367,Visakhapatnam,India,IND,7,9,241006,168384
2022-11-13,port2299,Gopalpur,India,IND,0,0,0,0
2022-11-13,port290,Dhamra Port,India,IND,0,0,0,0
2022-11-13,port442,Haldia,India,IND,0,2,0,0
2022-11-13,port883,Paradip,India,IND,0,1,0,0
2022-11-14,port1367,Visakhapatnam,India,IND,4,8,76386,73426
2022-11-14,port2299,Gopalpur,India,IND,0,0,0,0
2022-11-14,port290,Dhamra Port,India,IND,1,1,63676,0
2022-11-14,port442,Haldia,India,IND,1,4,0,18004
2022-11-14,port883,Paradip,India,IND,4,5,298231,0
2022-11-15,port1367,Visakhapatnam,India,IND,6,9,202141,15736
2022-11-15,port2299,Gopalpur,India,IND,0,0,0,0
2022-11-15,port290,Dhamra Port,India,IND,1,1,78910,0
2022-11-15,port442,Haldia,India,IND,2,4,5445,0
2022-11-15,port883,Paradip,India,IND,3,3,33199,87532
2022-11-16,port1367,Visakhapatnam,India,IND,4,6,255817,31473
2022-11-16,port2299,Gopalpur,India,IND,0,0,0,0
2022-11-16,port290,Dhamra Port,India,IND,1,1,41491,19184
2022-11-16,port442,Haldia,India,IND,1,3,0,0
2022-11-16,port883,Paradip,India,IND,2,3,43490,148279
2022-11-17,port1367,Visakhapatnam,India,IND,2,4,62335,15736
2022-11-17,port2299,Gopalpur,India,IND,0,0,0,0
2022-11-17,port290,Dhamra Port,India,IND,0,0,0,0
2022-11-17,port442,Haldia,India,IND,2,6,32415,0
2022-11-17,port883,Paradip,India,IND,2,2,98422,0
2022-11-18,port1367,Visakhapatnam,India,IND,3,3,100348,30126
2022-11-18,port2299,Gopalpur,India,IND,0,0,0,0
2022-11-18,port290,Dhamra Port,India,IND,1,1,38731,0
2022-11-18,port442,Haldia,India,IND,2,2,0,0
2022-11-18,port883,Paradip,India,IND,6,6,26135,274567
2022-11-19,port1367,Visakhapatnam,India,IND,9,11,301457,119220
2022-11-19,port2299,Gopalpur,India,IND,0,0,0,0
2022-11-19,port290,Dhamra Port,India,IND,0,0,0,0
2022-11-19,port442,Haldia,India,IND,3,4,61044,3059
2022-11-19,port883,Paradip,India,IND,1,1,137547,0
2022-11-20,port1367,Visakhapatnam,India,IND,2,2,63502,0
2022-11-20,port2299,Gopalpur,India,IND,0,0,0,0
2022-11-20,port290,Dhamra Port,India,IND,3,3,47541,50422
2022-11-20,port442,Haldia,India,IND,3,6,23295,3744
2022-11-20,port883,Paradip,India,IND,1,1,57121,0
2022-11-21,port1367,Visakhapatnam,India,IND,2,4,47316,25433
2022-11-21,port2299,Gopalpur,India,IND,1,1,26141,0
2022-11-21,port290,Dhamra Port,India,IND,2,2,72865,9689
2022-11-21,port442,Haldia,India,IND,1,3,0,0
2022-11-21,port883,Paradip,India,IND,5,5,40757,181757
2022-11-22,port1367,Visakhapatnam,India,IND,4,8,34547,32407
2022-11-22,port2299,Gopalpur,India,IND,0,0,0,0
2022-11-22,port290,Dhamra Port,India,IND,0,0,0,0
2022-11-22,port442,Haldia,India,IND,0,3,0,0
2022-11-22,port883,Paradip,India,IND,6,6,120983,180001
2022-11-23,port1367,Visakhapatnam,India,IND,2,7,0,79017
2022-11-23,port2299,Gopalpur,India,IND,0,0,0,0
2022-11-23,port290,Dhamra Port,India,IND,0,0,0,0
2022-11-23,port442,Haldia,India,IND,2,4,43087,0
2022-11-23,port883,Paradip,India,IND,1,2,0,64844
2022-11-24,port1367,Visakhapatnam,India,IND,1,4,0,2932
2022-11-24,port2299,Gopalpur,India,IND,0,0,0,0
2022-11-24,port290,Dhamra Port,India,IND,0,0,0,0
2022-11-24,port442,Haldia,India,IND,2,4,34596,0
2022-11-24,port883,Paradip,India,IND,3,3,0,81773
2022-11-25,port1367,Visakhapatnam,India,IND,2,5,0,101052
2022-11-25,port2299,Gopalpur,India,IND,1,1,0,55882
2022-11-25,port290,Dhamra Port,India,IND,2,2,208154,0
2022-11-25,port442,Haldia,India,IND,1,6,0,0
2022-11-25,port883,Paradip,India,IND,2,2,74643,33199
2022-11-26,port1367,Visakhapatnam,India,IND,2,5,79073,103635
2022-11-26,port2299,Gopalpur,India,IND,0,0,0,0
2022-11-26,port290,Dhamra Port,India,IND,1,1,43634,0
2022-11-26,port442,Haldia,India,IND,0,5,0,0
2022-11-26,port883,Paradip,India,IND,7,7,104805,253825
2022-11-27,port1367,Visakhapatnam,India,IND,0,1,0,0
2022-11-27,port2299,Gopalpur,India,IND,1,1,0,69856
2022-11-27,port290,Dhamra Port,India,IND,1,1,39840,0
2022-11-27,port442,Haldia,India,IND,0,0,0,0
2022-11-27,port883,Paradip,India,IND,2,3,78676,128592
2022-11-28,port1367,Visakhapatnam,India,IND,3,7,101457,102530
2022-11-28,port2299,Gopalpur,India,IND,0,0,0,0
2022-11-28,port290,Dhamra Port,India,IND,2,2,77762,60735
2022-11-28,port442,Haldia,India,IND,3,6,59362,0
2022-11-28,port883,Paradip,India,IND,2,2,73165,73171
2022-11-29,port1367,Visakhapatnam,India,IND,1,4,34294,15736
2022-11-29,port2299,Gopalpur,India,IND,1,1,22395,22579
2022-11-29,port290,Dhamra Port,India,IND,0,0,0,0
2022-11-29,port442,Haldia,India,IND,3,4,46591,31466
2022-11-29,port883,Paradip,India,IND,2,3,39106,0
2022-11-30,port1367,Visakhapatnam,India,IND,7,13,293437,16189
2022-11-30,port2299,Gopalpur,India,IND,0,0,0,0
2022-11-30,port290,Dhamra Port,India,IND,1,1,0,49674
2022-11-30,port442,Haldia,India,IND,2,5,46591,6118
2022-11-30,port883,Paradip,India,IND,2,3,117,73626
2022-12-01,port1367,Visakhapatnam,India,IND,3,5,201127,15736
2022-12-01,port2299,Gopalpur,India,IND,0,0,0,0
2022-12-01,port290,Dhamra Port,India,IND,0,0,0,0
2022-12-01,port442,Haldia,India,IND,2,3,0,0
2022-12-01,port883,Paradip,India,IND,1,1,0,58448
2022-12-02,port1367,Visakhapatnam,India,IND,3,4,84289,0
2022-12-02,port2299,Gopalpur,India,IND,1,1,55478,0
2022-12-02,port290,Dhamra Port,India,IND,0,0,0,0
2022-12-02,port442,Haldia,India,IND,0,1,0,0
2022-12-02,port883,Paradip,India,IND,4,4,98898,84024
2022-12-03,port1367,Visakhapatnam,India,IND,2,6,11739,113
2022-12-03,port2299,Gopalpur,India,IND,1,1,0,73165
2022-12-03,port290,Dhamra Port,India,IND,2,2,41491,53069
2022-12-03,port442,Haldia,India,IND,2,3,95797,3059
2022-12-03,port883,Paradip,India,IND,2,2,66294,0
2022-12-04,port1367,Visakhapatnam,India,IND,1,1,0,51535
2022-12-04,port2299,Gopalpur,India,IND,0,0,0,0
2022-12-04,port290,Dhamra Port,India,IND,0,0,0,0
2022-12-04,port442,Haldia,India,IND,2,6,94335,0
2022-12-04,port883,Paradip,India,IND,3,3,0,56339
2022-12-05,port1367,Visakhapatnam,India,IND,3,7,23245,154313
2022-12-05,port2299,Gopalpur,India,IND,0,0,0,0
2022-12-05,port290,Dhamra Port,India,IND,1,1,41491,19184
2022-12-05,port442,Haldia,India,IND,2,3,78745,0
2022-12-05,port883,Paradip,India,IND,4,5,142653,60537
2022-12-06,port1367,Visakhapatnam,India,IND,10,12,321395,158367
2022-12-06,port2299,Gopalpur,India,IND,0,0,0,0
2022-12-06,port290,Dhamra Port,India,IND,1,1,37904,0
2022-12-06,port442,Haldia,India,IND,1,5,33463,0
2022-12-06,port883,Paradip,India,IND,4,4,1630,165881
2022-12-07,port1367,Visakhapatnam,India,IND,2,5,68588,31473
2022-12-07,port2299,Gopalpur,India,IND,0,0,0,0
2022-12-07,port290,Dhamra Port,India,IND,1,1,0,29255
2022-12-07,port442,Haldia,India,IND,2,4,23583,0
2022-12-07,port883,Paradip,India,IND,4,5,40646,135798
2022-12-08,port1367,Visakhapatnam,India,IND,1,4,34294,15736
2022-12-08,port2299,Gopalpur,India,IND,0,0,0,0
2022-12-08,port290,Dhamra Port,India,IND,3,3,174733,53970
2022-12-08,port442,Haldia,India,IND,0,3,0,0
2022-12-08,port883,Paradip,India,IND,5,7,74461,103440
2022-12-09,port1367,Visakhapatnam,India,IND,6,7,141426,222885
2022-12-09,port2299,Gopalpur,India,IND,0,0,0,0
2022-12-09,port290,Dhamra Port,India,IND,1,1,78323,0
2022-12-09,port442,Haldia,India,IND,4,5,76885,0
2022-12-09,port883,Paradip,India,IND,2,3,20323,30268
2022-12-10,port1367,Visakhapatnam,India,IND,1,1,23590,0
2022-12-10,port2299,Gopalpur,India,IND,0,0,0,0
2022-12-10,port290,Dhamra Port,India,IND,3,3,94840,55117
2022-12-10,port442,Haldia,India,IND,1,5,80451,0
2022-12-10,port883,Paradip,India,IND,3,3,40646,119000
2022-12-11,port1367,Visakhapatnam,India,IND,2,5,34294,69977
2022-12-11,port2299,Gopalpur,India,IND,0,0,0,0
2022-12-11,port290,Dhamra Port,India,IND,0,0,0,0
2022-12-11,port442,Haldia,India,IND,1,3,39161,0
2022-12-11,port883,Paradip,India,IND,2,2,73268,30268
2022-12-12,port1367,Visakhapatnam,India,IND,9,12,320204,22764
2022-12-12,port2299,Gopalpur,India,IND,1,1,55092,0
2022-12-12,port290,Dhamra Port,India,IND,1,1,31342,0
2022-12-12,port442,Haldia,India,IND,5,6,60595,3059
2022-12-12,port883,Paradip,India,IND,6,8,187671,220391
2022-12-13,port1367,Visakhapatnam,India,IND,9,12,242071,131624
2022-12-13,port2299,Gopalpur,India,IND,0,0,0,0
2022-12-13,port290,Dhamra Port,India,IND,0,0,0,0
2022-12-13,port442,Haldia,India,IND,0,3,0,0
2022-12-13,port883,Paradip,India,IND,5,6,172008,78698
2022-12-14,port1367,Visakhapatnam,India,IND,1,5,34294,15736
2022-12-14,port2299,Gopalpur,India,IND,0,0,0,0
2022-12-14,port290,Dhamra Port,India,IND,0,0,0,0
2022-12-14,port442,Haldia,India,IND,4,6,86596,0
2022-12-14,port883,Paradip,India,IND,3,3,98572,100635
2022-12-15,port1367,Visakhapatnam,India,IND,4,7,280335,46392
2022-12-15,port2299,Gopalpur,India,IND,0,0,0,0
2022-12-15,port290,Dhamra Port,India,IND,0,0,0,0
2022-12-15,port442,Haldia,India,IND,0,3,0,0
2022-12-15,port883,Paradip,India,IND,2,3,20323,83602
2022-12-16,port1367,Visakhapatnam,India,IND,5,7,56241,191295
2022-12-16,port2299,Gopalpur,India,IND,0,0,0,0
2022-12-16,port290,Dhamra Port,India,IND,0,0,0,0
2022-12-16,port442,Haldia,India,IND,3,5,23295,3059
2022-12-16,port883,Paradip,India,IND,1,2,0,82332
2022-12-17,port1367,Visakhapatnam,India,IND,3,6,60251,29483
2022-12-17,port2299,Gopalpur,India,IND,0,0,0,0
2022-12-17,port290,Dhamra Port,India,IND,0,0,0,0
2022-12-17,port442,Haldia,India,IND,2,5,55441,0
2022-12-17,port883,Paradip,India,IND,3,3,20323,88530
2022-12-18,port1367,Visakhapatnam,India,IND,3,3,83931,15736
2022-12-18,port2299,Gopalpur,India,IND,1,1,0,51916
2022-12-18,port290,Dhamra Port,India,IND,0,0,0,0
2022-12-18,port442,Haldia,India,IND,3,3,46591,6118
2022-12-18,port883,Paradip,India,IND,4,5,112286,60756
2022-12-19,port1367,Visakhapatnam,India,IND,6,10,218579,103497
2022-12-19,port2299,Gopalpur,India,IND,1,1,22395,22579
2022-12-19,port290,Dhamra Port,India,IND,1,1,161509,0
2022-12-19,port442,Haldia,India,IND,3,4,126309,3059
2022-12-19,port883,Paradip,India,IND,7,8,192888,192200
2022-12-20,port1367,Visakhapatnam,India,IND,6,7,142976,101333
2022-12-20,port2299,Gopalpur,India,IND,0,0,0,0
2022-12-20,port290,Dhamra Port,India,IND,1,1,0,48845
2022-12-20,port442,Haldia,India,IND,3,4,58672,545
2022-12-20,port883,Paradip,India,IND,3,3,79881,151259
2022-12-21,port1367,Visakhapatnam,India,IND,5,9,126249,66964
2022-12-21,port2299,Gopalpur,India,IND,0,0,0,0
2022-12-21,port290,Dhamra Port,India,IND,0,0,0,0
2022-12-21,port442,Haldia,India,IND,2,5,23295,3059
2022-12-21,port883,Paradip,India,IND,5,5,129819,180103
2022-12-22,port1367,Visakhapatnam,India,IND,4,9,88165,31417
2022-12-22,port2299,Gopalpur,India,IND,1,1,0,893
2022-12-22,port290,Dhamra Port,India,IND,1,1,2411,0
2022-12-22,port442,Haldia,India,IND,2,4,78627,0
2022-12-22,port883,Paradip,India,IND,4,6,120560,60537
2022-12-23,port1367,Visakhapatnam,India,IND,3,8,98172,103635
2022-12-23,port2299,Gopalpur,India,IND,2,2,74165,51883
2022-12-23,port290,Dhamra Port,India,IND,1,1,41491,19184
2022-12-23,port442,Haldia,India,IND,3,6,23295,37249
2022-12-23,port883,Paradip,India,IND,4,5,174503,111091
2022-12-24,port1367,Visakhapatnam,India,IND,5,5,149827,15736
2022-12-24,port2299,Gopalpur,India,IND,0,0,0,0
2022-12-24,port290,Dhamra Port,India,IND,1,1,12088,0
2022-12-24,port442,Haldia,India,IND,2,4,23295,3744
2022-12-24,port883,Paradip,India,IND,5,6,71538,91297
2022-12-25,port1367,Visakhapatnam,India,IND,3,6,133276,54240
2022-12-25,port2299,Gopalpur,India,IND,0,0,0,0
2022-12-25,port290,Dhamra Port,India,IND,1,1,0,15924
2022-12-25,port442,Haldia,India,IND,4,5,94333,31544
2022-12-25,port883,Paradip,India,IND,3,3,0,179498
2022-12-26,port1367,Visakhapatnam,India,IND,5,8,262974,0
2022-12-26,port2299,Gopalpur,India,IND,0,0,0,0
2022-12-26,port290,Dhamra Port,India,IND,2,2,157471,0
2022-12-26,port442,Haldia,India,IND,1,7,23295,3059
2022-12-26,port883,Paradip,India,IND,5,5,73488,286837
2022-12-27,port1367,Visakhapatnam,India,IND,5,6,21799,93310
2022-12-27,port2299,Gopalpur,India,IND,0,0,0,0
2022-12-27,port290,Dhamra Port,India,IND,1,1,103483,0
2022-12-27,port442,Haldia,India,IND,4,9,68190,3059
2022-12-27,port883,Paradip,India,IND,3,5,192327,71422
2022-12-28,port1367,Visakhapatnam,India,IND,2,7,0,80304
2022-12-28,port2299,Gopalpur,India,IND,1,1,22395,22579
2022-12-28,port290,Dhamra Port,India,IND,0,0,0,0
2022-12-28,port442,Haldia,India,IND,4,6,158717,0
2022-12-28,port883,Paradip,India,IND,3,3,78713,66955
2022-12-29,port1367,Visakhapatnam,India,IND,3,4,201348,0
2022-12-29,port2299,Gopalpur,India,IND,0,0,0,0
2022-12-29,port290,Dhamra Port,India,IND,0,0,0,0
2022-12-29,port442,Haldia,India,IND,2,2,80517,35093
2022-12-29,port883,Paradip,India,IND,3,3,40646,93736
2022-12-30,port1367,Visakhapatnam,India,IND,5,8,171084,64314
2022-12-30,port2299,Gopalpur,India,IND,0,0,0,0
2022-12-30,port290,Dhamra Port,India,IND,1,1,79192,0
2022-12-30,port442,Haldia,India,IND,4,7,30226,0
2022-12-30,port883,Paradip,India,IND,2,3,0,106545
2022-12-31,port1367,Visakhapatnam,India,IND,5,7,142345,172222
2022-12-31,port2299,Gopalpur,India,IND,0,0,0,0
2022-12-31,port290,Dhamra Port,India,IND,1,1,0,55064
2022-12-31,port442,Haldia,India,IND,3,4,0,0
2022-12-31,port883,Paradip,India,IND,2,2,20323,106732
2023-01-01,port1367,Visakhapatnam,India,IND,3,5,115549,0
2023-01-01,port2299,Gopalpur,India,IND,0,0,0,0
2023-01-01,port290,Dhamra Port,India,IND,1,1,41491,19184
2023-01-01,port442,Haldia,India,IND,1,2,0,2274
2023-01-01,port883,Paradip,India,IND,4,4,164055,78424
2023-01-02,port1367,Visakhapatnam,India,IND,10,13,447872,46392
2023-01-02,port2299,Gopalpur,India,IND,0,0,0,0
2023-01-02,port290,Dhamra Port,India,IND,1,1,41491,19184
2023-01-02,port442,Haldia,India,IND,4,8,133664,3059
2023-01-02,port883,Paradip,India,IND,4,5,176987,82654
2023-01-03,port1367,Visakhapatnam,India,IND,1,3,127269,0
2023-01-03,port2299,Gopalpur,India,IND,0,0,0,0
2023-01-03,port290,Dhamra Port,India,IND,0,0,0,0
2023-01-03,port442,Haldia,India,IND,2,4,79674,0
2023-01-03,port883,Paradip,India,IND,2,2,36966,30268
2023-01-04,port1367,Visakhapatnam,India,IND,10,12,278997,229777
2023-01-04,port2299,Gopalpur,India,IND,1,1,0,0
2023-01-04,port290,Dhamra Port,India,IND,1,1,0,54534
2023-01-04,port442,Haldia,India,IND,2,5,73159,0
2023-01-04,port883,Paradip,India,IND,6,8,20323,229331
2023-01-05,port1367,Visakhapatnam,India,IND,5,8,53942,61726
2023-01-05,port2299,Gopalpur,India,IND,0,0,0,0
2023-01-05,port290,Dhamra Port,India,IND,1,1,0,582
2023-01-05,port442,Haldia,India,IND,2,3,57584,0
2023-01-05,port883,Paradip,India,IND,2,3,77037,53165
2023-01-06,port1367,Visakhapatnam,India,IND,3,7,215600,0
2023-01-06,port2299,Gopalpur,India,IND,2,2,22395,42682
2023-01-06,port290,Dhamra Port,India,IND,0,0,0,0
2023-01-06,port442,Haldia,India,IND,3,4,32332,0
2023-01-06,port883,Paradip,India,IND,4,5,85159,87919
2023-01-07,port1367,Visakhapatnam,India,IND,4,4,93242,54092
2023-01-07,port2299,Gopalpur,India,IND,0,0,0,0
2023-01-07,port290,Dhamra Port,India,IND,2,2,82983,38369
2023-01-07,port442,Haldia,India,IND,2,6,32337,0
2023-01-07,port883,Paradip,India,IND,4,5,101270,81452
2023-01-08,port1367,Visakhapatnam,India,IND,3,6,17811,106733
2023-01-08,port2299,Gopalpur,India,IND,0,0,0,0
2023-01-08,port290,Dhamra Port,India,IND,0,0,0,0
2023-01-08,port442,Haldia,India,IND,1,3,0,0
2023-01-08,port883,Paradip,India,IND,4,4,79115,41018
2023-01-09,port1367,Visakhapatnam,India,IND,4,5,71548,122772
2023-01-09,port2299,Gopalpur,India,IND,2,2,77719,54494
2023-01-09,port290,Dhamra Port,India,IND,2,2,208895,0
2023-01-09,port442,Haldia,India,IND,1,5,0,254
2023-01-09,port883,Paradip,India,IND,5,6,210424,60851
2023-01-10,port1367,Visakhapatnam,India,IND,2,6,34294,22620
2023-01-10,port2299,Gopalpur,India,IND,0,0,0,0
2023-01-10,port290,Dhamra Port,India,IND,1,1,78575,0
2023-01-10,port442,Haldia,India,IND,2,4,64214,0
2023-01-10,port883,Paradip,India,IND,5,5,228695,108746
2023-01-11,port1367,Visakhapatnam,India,IND,6,10,198849,191072
2023-01-11,port2299,Gopalpur,India,IND,1,1,0,60790
2023-01-11,port290,Dhamra Port,India,IND,1,1,161655,0
2023-01-11,port442,Haldia,India,IND,1,4,0,0
2023-01-11,port883,Paradip,India,IND,3,3,0,109430
2023-01-12,port1367,Visakhapatnam,India,IND,2,6,98780,0
2023-01-12,port2299,Gopalpur,India,IND,0,0,0,0
2023-01-12,port290,Dhamra Port,India,IND,0,0,0,0
2023-01-12,port442,Haldia,India,IND,4,6,25206,0
2023-01-12,port883,Paradip,India,IND,3,4,79073,146037
2023-01-13,port1367,Visakhapatnam,India,IND,2,8,46145,51214
2023-01-13,port2299,Gopalpur,India,IND,1,1,0,53038
2023-01-13,port290,Dhamra Port,India,IND,1,1,5950,0
2023-01-13,port442,Haldia,India,IND,1,5,0,0
2023-01-13,port883,Paradip,India,IND,3,3,73550,89035
2023-01-14,port1367,Visakhapatnam,India,IND,3,5,69773,31473
2023-01-14,port2299,Gopalpur,India,IND,1,1,78759,0
2023-01-14,port290,Dhamra Port,India,IND,2,2,96184,19184
2023-01-14,port442,Haldia,India,IND,3,9,46591,6118
2023-01-14,port883,Paradip,India,IND,4,4,0,279878
2023-01-15,port1367,Visakhapatnam,India,IND,5,7,58501,128569
2023-01-15,port2299,Gopalpur,India,IND,0,0,0,0
2023-01-15,port290,Dhamra Port,India,IND,2,2,41491,79294
2023-01-15,port442,Haldia,India,IND,0,3,0,0
2023-01-15,port883,Paradip,India,IND,3,3,68763,63468
2023-01-16,port1367,Visakhapatnam,India,IND,4,5,290887,0
2023-01-16,port2299,Gopalpur,India,IND,1,1,106262,0
2023-01-16,port290,Dhamra Port,India,IND,1,1,25964,0
2023-01-16,port442,Haldia,India,IND,1,6,28493,0
2023-01-16,port883,Paradip,India,IND,4,5,134486,99585
2023-01-17,port1367,Visakhapatnam,India,IND,0,2,0,0
2023-01-17,port2299,Gopalpur,India,IND,0,0,0,0
2023-01-17,port290,Dhamra Port,India,IND,1,1,0,78067
2023-01-17,port442,Haldia,India,IND,2,2,79291,0
2023-01-17,port883,Paradip,India,IND,4,5,20323,207805
2023-01-18,port1367,Visakhapatnam,India,IND,6,9,134693,107421
2023-01-18,port2299,Gopalpur,India,IND,1,1,0,8189
2023-01-18,port290,Dhamra Port,India,IND,2,2,42161,20751
2023-01-18,port442,Haldia,India,IND,2,6,17334,0
2023-01-18,port883,Paradip,India,IND,3,3,0,154109
2023-01-19,port1367,Visakhapatnam,India,IND,6,7,297557,50135
2023-01-19,port2299,Gopalpur,India,IND,0,0,0,0
2023-01-19,port290,Dhamra Port,India,IND,0,0,0,0
2023-01-19,port442,Haldia,India,IND,2,6,29801,5484
2023-01-19,port883,Paradip,India,IND,8,9,156894,159483
2023-01-20,port1367,Visakhapatnam,India,IND,4,9,64406,172737
2023-01-20,port2299,Gopalpur,India,IND,0,0,0,0
2023-01-20,port290,Dhamra Port,India,IND,1,1,0,0
2023-01-20,port442,Haldia,India,IND,4,9,45551,0
2023-01-20,port883,Paradip,India,IND,4,4,61955,104254
2023-01-21,port1367,Visakhapatnam,India,IND,5,8,237196,0
2023-01-21,port2299,Gopalpur,India,IND,0,0,0,0
2023-01-21,port290,Dhamra Port,India,IND,2,2,121585,0
2023-01-21,port442,Haldia,India,IND,1,4,0,0
2023-01-21,port883,Paradip,India,IND,6,6,41688,139042
2023-01-22,port1367,Visakhapatnam,India,IND,5,9,115812,237091
2023-01-22,port2299,Gopalpur,India,IND,0,0,0,0
2023-01-22,port290,Dhamra Port,India,IND,0,0,0,0
2023-01-22,port442,Haldia,India,IND,0,0,0,0
2023-01-22,port883,Paradip,India,IND,1,1,0,51233
2023-01-23,port1367,Visakhapatnam,India,IND,5,8,225012,15736
2023-01-23,port2299,Gopalpur,India,IND,1,1,22395,22579
2023-01-23,port290,Dhamra Port,India,IND,1,1,73171,0
2023-01-23,port442,Haldia,India,IND,4,7,69271,0
2023-01-23,port883,Paradip,India,IND,5,5,68782,181578
2023-01-24,port1367,Visakhapatnam,India,IND,3,7,124489,0
2023-01-24,port2299,Gopalpur,India,IND,0,0,0,0
2023-01-24,port290,Dhamra Port,India,IND,0,0,0,0
2023-01-24,port442,Haldia,India,IND,4,5,74838,0
2023-01-24,port883,Paradip,India,IND,3,4,93194,0
2023-01-25,port1367,Visakhapatnam,India,IND,2,6,146294,0
2023-01-25,port2299,Gopalpur,India,IND,0,0,0,0
2023-01-25,port290,Dhamra Port,India,IND,1,1,0,27501
2023-01-25,port442,Haldia,India,IND,2,3,32430,0
2023-01-25,port883,Paradip,India,IND,4,5,109169,81518
2023-01-26,port1367,Visakhapatnam,India,IND,3,6,46946,77075
2023-01-26,port2299,Gopalpur,India,IND,1,1,0,0
2023-01-26,port290,Dhamra Port,India,IND,1,1,0,53476
2023-01-26,port442,Haldia,India,IND,3,6,25251,0
2023-01-26,port883,Paradip,India,IND,5,5,166224,80032
2023-01-27,port1367,Visakhapatnam,India,IND,2,3,82213,0
2023-01-27,port2299,Gopalpur,India,IND,0,0,0,0
2023-01-27,port290,Dhamra Port,India,IND,0,0,0,0
2023-01-27,port442,Haldia,India,IND,4,9,50842,30504
2023-01-27,port883,Paradip,India,IND,3,4,30356,120945
2023-01-28,port1367,Visakhapatnam,India,IND,6,8,131300,165485
2023-01-28,port2299,Gopalpur,India,IND,0,0,0,0
2023-01-28,port290,Dhamra Port,India,IND,0,0,0,0
2023-01-28,port442,Haldia,India,IND,3,5,104637,3059
2023-01-28,port883,Paradip,India,IND,3,4,139430,55629
2023-01-29,port1367,Visakhapatnam,India,IND,2,2,26080,0
2023-01-29,port2299,Gopalpur,India,IND,0,0,0,0
2023-01-29,port290,Dhamra Port,India,IND,1,1,1195,0
2023-01-29,port442,Haldia,India,IND,2,5,78982,20718
2023-01-29,port883,Paradip,India,IND,6,9,151505,158757
2023-01-30,port1367,Visakhapatnam,India,IND,2,4,74700,0
2023-01-30,port2299,Gopalpur,India,IND,2,2,0,104787
2023-01-30,port290,Dhamra Port,India,IND,1,1,103635,0
2023-01-30,port442,Haldia,India,IND,3,6,23295,3059
2023-01-30,port883,Paradip,India,IND,3,4,78860,88946
2023-01-31,port1367,Visakhapatnam,India,IND,3,5,60502,78081
2023-01-31,port2299,Gopalpur,India,IND,0,1,0,0
2023-01-31,port290,Dhamra Port,India,IND,0,0,0,0
2023-01-31,port442,Haldia,India,IND,2,2,0,78577
2023-01-31,port883,Paradip,India,IND,2,3,0,70131
2023-02-01,port1367,Visakhapatnam,India,IND,2,4,34294,71057
2023-02-01,port2299,Gopalpur,India,IND,0,0,0,0
2023-02-01,port290,Dhamra Port,India,IND,2,2,140637,55170
2023-02-01,port442,Haldia,India,IND,3,5,46591,6118
2023-02-01,port883,Paradip,India,IND,4,6,168624,135701
2023-02-02,port1367,Visakhapatnam,India,IND,4,5,99667,47686
2023-02-02,port2299,Gopalpur,India,IND,2,2,25347,8228
2023-02-02,port290,Dhamra Port,India,IND,1,1,0,56373
2023-02-02,port442,Haldia,India,IND,3,5,0,0
2023-02-02,port883,Paradip,India,IND,1,2,0,71881
2023-02-03,port1367,Visakhapatnam,India,IND,2,4,80044,54767
2023-02-03,port2299,Gopalpur,India,IND,0,0,0,0
2023-02-03,port290,Dhamra Port,India,IND,1,1,160080,0
2023-02-03,port442,Haldia,India,IND,3,4,51403,0
2023-02-03,port883,Paradip,India,IND,10,10,154781,256525
2023-02-04,port1367,Visakhapatnam,India,IND,3,5,0,55413
2023-02-04,port2299,Gopalpur,India,IND,0,0,0,0
2023-02-04,port290,Dhamra Port,India,IND,0,0,0,0
2023-02-04,port442,Haldia,India,IND,2,5,102401,3059
2023-02-04,port883,Paradip,India,IND,2,2,74141,70367
2023-02-05,port1367,Visakhapatnam,India,IND,7,7,150554,42122
2023-02-05,port2299,Gopalpur,India,IND,0,0,0,0
2023-02-05,port290,Dhamra Port,India,IND,0,0,0,0
2023-02-05,port442,Haldia,India,IND,3,5,30207,4247
2023-02-05,port883,Paradip,India,IND,3,3,0,168439
2023-02-06,port1367,Visakhapatnam,India,IND,3,3,26440,112978
2023-02-06,port2299,Gopalpur,India,IND,1,1,53206,0
2023-02-06,port290,Dhamra Port,India,IND,1,1,41491,19184
2023-02-06,port442,Haldia,India,IND,2,5,0,37467
2023-02-06,port883,Paradip,India,IND,3,3,137329,28628
2023-02-07,port1367,Visakhapatnam,India,IND,3,6,78593,23536
2023-02-07,port2299,Gopalpur,India,IND,0,0,0,0
2023-02-07,port290,Dhamra Port,India,IND,1,1,0,1369
2023-02-07,port442,Haldia,India,IND,3,5,23997,57894
2023-02-07,port883,Paradip,India,IND,2,2,0,168355
2023-02-08,port1367,Visakhapatnam,India,IND,4,4,96830,180519
2023-02-08,port2299,Gopalpur,India,IND,0,0,0,0
2023-02-08,port290,Dhamra Port,India,IND,0,0,0,0
2023-02-08,port442,Haldia,India,IND,1,5,55622,0
2023-02-08,port883,Paradip,India,IND,4,4,48034,164447
2023-02-09,port1367,Visakhapatnam,India,IND,0,1,0,0
2023-02-09,port2299,Gopalpur,India,IND,1,1,0,26433
2023-02-09,port290,Dhamra Port,India,IND,0,0,0,0
2023-02-09,port442,Haldia,India,IND,2,2,0,0
2023-02-09,port883,Paradip,India,IND,2,5,22428,55673
2023-02-10,port1367,Visakhapatnam,India,IND,3,4,78571,31675
2023-02-10,port2299,Gopalpur,India,IND,0,0,0,0
2023-02-10,port290,Dhamra Port,India,IND,0,0,0,0
2023-02-10,port442,Haldia,India,IND,3,5,0,0
2023-02-10,port883,Paradip,India,IND,1,3,0,50822
2023-02-11,port1367,Visakhapatnam,India,IND,1,1,57915,0
2023-02-11,port2299,Gopalpur,India,IND,0,0,0,0
2023-02-11,port290,Dhamra Port,India,IND,1,1,160820,0
2023-02-11,port442,Haldia,India,IND,2,4,20202,0
2023-02-11,port883,Paradip,India,IND,4,5,71378,198412
2023-02-12,port1367,Visakhapatnam,India,IND,3,7,63187,31460
2023-02-12,port2299,Gopalpur,India,IND,0,0,0,0
2023-02-12,port290,Dhamra Port,India,IND,2,2,82983,38369
2023-02-12,port442,Haldia,India,IND,2,4,0,0
2023-02-12,port883,Paradip,India,IND,2,2,98534,30268
2023-02-13,port1367,Visakhapatnam,India,IND,7,11,217514,90233
2023-02-13,port2299,Gopalpur,India,IND,0,0,0,0
2023-02-13,port290,Dhamra Port,India,IND,1,1,0,53608
2023-02-13,port442,Haldia,India,IND,1,4,543,0
2023-02-13,port883,Paradip,India,IND,4,4,104463,101507
2023-02-14,port1367,Visakhapatnam,India,IND,4,8,147454,83196
2023-02-14,port2299,Gopalpur,India,IND,0,0,0,0
2023-02-14,port290,Dhamra Port,India,IND,0,0,0,0
2023-02-14,port442,Haldia,India,IND,3,4,224370,0
2023-02-14,port883,Paradip,India,IND,2,4,76408,51082
2023-02-15,port1367,Visakhapatnam,India,IND,1,3,0,70131
2023-02-15,port2299,Gopalpur,India,IND,0,0,0,0
2023-02-15,port290,Dhamra Port,India,IND,0,1,0,0
2023-02-15,port442,Haldia,India,IND,1,2,0,0
2023-02-15,port883,Paradip,India,IND,4,4,148394,0
2023-02-16,port1367,Visakhapatnam,India,IND,6,7,190630,123113
2023-02-16,port2299,Gopalpur,India,IND,0,0,0,0
2023-02-16,port290,Dhamra Port,India,IND,2,2,41505,54617
2023-02-16,port442,Haldia,India,IND,2,2,29743,0
2023-02-16,port883,Paradip,India,IND,1,1,0,78783
2023-02-17,port1367,Visakhapatnam,India,IND,3,5,61861,36905
2023-02-17,port2299,Gopalpur,India,IND,0,0,0,0
2023-02-17,port290,Dhamra Port,India,IND,1,1,78898,0
2023-02-17,port442,Haldia,India,IND,2,4,102439,3059
2023-02-17,port883,Paradip,India,IND,2,2,42372,56415
2023-02-18,port1367,Visakhapatnam,India,IND,4,4,157876,0
2023-02-18,port2299,Gopalpur,India,IND,1,1,0,61207
2023-02-18,port290,Dhamra Port,India,IND,0,0,0,0
2023-02-18,port442,Haldia,India,IND,2,8,37749,0
2023-02-18,port883,Paradip,India,IND,2,4,15513,31141
2023-02-19,port1367,Visakhapatnam,India,IND,3,5,79411,55062
2023-02-19,port2299,Gopalpur,India,IND,0,0,0,0
2023-02-19,port290,Dhamra Port,India,IND,1,1,41491,19184
2023-02-19,port442,Haldia,India,IND,2,4,0,89645
2023-02-19,port883,Paradip,India,IND,2,3,91378,30268
2023-02-20,port1367,Visakhapatnam,India,IND,3,3,59966,15736
2023-02-20,port2299,Gopalpur,India,IND,0,0,0,0
2023-02-20,port290,Dhamra Port,India,IND,0,0,0,0
2023-02-20,port442,Haldia,India,IND,3,5,29713,39801
2023-02-20,port883,Paradip,India,IND,3,3,73912,124107
2023-02-21,port1367,Visakhapatnam,India,IND,3,4,125035,0
2023-02-21,port2299,Gopalpur,India,IND,0,0,0,0
2023-02-21,port290,Dhamra Port,India,IND,0,0,0,0
2023-02-21,port442,Haldia,India,IND,1,3,36338,0
2023-02-21,port883,Paradip,India,IND,6,6,194236,106304
2023-02-22,port1367,Visakhapatnam,India,IND,1,3,34294,15736
2023-02-22,port2299,Gopalpur,India,IND,0,0,0,0
2023-02-22,port290,Dhamra Port,India,IND,1,1,0,7230
2023-02-22,port442,Haldia,India,IND,4,4,109760,0
2023-02-22,port883,Paradip,India,IND,7,8,149315,275831
2023-02-23,port1367,Visakhapatnam,India,IND,2,3,71449,0
2023-02-23,port2299,Gopalpur,India,IND,1,1,0,27518
2023-02-23,port290,Dhamra Port,India,IND,2,2,41491,54996
2023-02-23,port442,Haldia,India,IND,3,6,55481,0
2023-02-23,port883,Paradip,India,IND,1,1,0,69682
2023-02-24,port1367,Visakhapatnam,India,IND,4,5,102037,138206
2023-02-24,port2299,Gopalpur,India,IND,1,1,0,53215
2023-02-24,port290,Dhamra Port,India,IND,0,0,0,0
2023-02-24,port442,Haldia,India,IND,2,5,45036,3059
2023-02-24,port883,Paradip,India,IND,2,2,0,79744
2023-02-25,port1367,Visakhapatnam,India,IND,1,1,160398,0
2023-02-25,port2299,Gopalpur,India,IND,0,0,0,0
2023-02-25,port290,Dhamra Port,India,IND,1,1,0,36603
2023-02-25,port442,Haldia,India,IND,4,6,66834,66906
2023-02-25,port883,Paradip,India,IND,2,2,150669,0
2023-02-26,port1367,Visakhapatnam,India,IND,2,3,44920,0
2023-02-26,port2299,Gopalpur,India,IND,0,0,0,0
2023-02-26,port290,Dhamra Port,India,IND,2,2,78646,0
2023-02-26,port442,Haldia,India,IND,2,4,38710,0
2023-02-26,port883,Paradip,India,IND,3,4,54333,84509
2023-02-27,port1367,Visakhapatnam,India,IND,1,1,0,0
2023-02-27,port2299,Gopalpur,India,IND,0,0,0,0
2023-02-27,port290,Dhamra Port,India,IND,0,0,0,0
2023-02-27,port442,Haldia,India,IND,2,6,37831,0
2023-02-27,port883,Paradip,India,IND,1,1,20323,30268
2023-02-28,port1367,Visakhapatnam,India,IND,4,6,62424,89827
2023-02-28,port2299,Gopalpur,India,IND,0,0,0,0
2023-02-28,port290,Dhamra Port,India,IND,1,1,41491,19184
2023-02-28,port442,Haldia,India,IND,5,6,0,31541
2023-02-28,port883,Paradip,India,IND,2,4,0,54339
2023-03-01,port1367,Visakhapatnam,India,IND,5,6,128825,119372
2023-03-01,port2299,Gopalpur,India,IND,0,0,0,0
2023-03-01,port290,Dhamra Port,India,IND,2,2,182587,19184
2023-03-01,port442,Haldia,India,IND,1,2,0,0
2023-03-01,port883,Paradip,India,IND,2,2,73548,2003
2023-03-02,port1367,Visakhapatnam,India,IND,3,5,87565,72516
2023-03-02,port2299,Gopalpur,India,IND,1,1,22395,22579
2023-03-02,port290,Dhamra Port,India,IND,0,0,0,0
2023-03-02,port442,Haldia,India,IND,0,1,0,0
2023-03-02,port883,Paradip,India,IND,3,3,75363,98256
2023-03-03,port1367,Visakhapatnam,India,IND,2,3,113154,15736
2023-03-03,port2299,Gopalpur,India,IND,0,0,0,0
2023-03-03,port290,Dhamra Port,India,IND,1,1,136807,0
2023-03-03,port442,Haldia,India,IND,1,2,0,0
2023-03-03,port883,Paradip,India,IND,2,3,71395,73171
2023-03-04,port1367,Visakhapatnam,India,IND,6,6,166315,112719
2023-03-04,port2299,Gopalpur,India,IND,0,0,0,0
2023-03-04,port290,Dhamra Port,India,IND,1,1,0,54299
2023-03-04,port442,Haldia,India,IND,4,7,79712,0
2023-03-04,port883,Paradip,India,IND,3,4,78953,123374
2023-03-05,port1367,Visakhapatnam,India,IND,2,4,163925,0
2023-03-05,port2299,Gopalpur,India,IND,0,0,0,0
2023-03-05,port290,Dhamra Port,India,IND,0,0,0,0
2023-03-05,port442,Haldia,India,IND,3,4,23295,47529
2023-03-05,port883,Paradip,India,IND,1,2,0,24605
2023-03-06,port1367,Visakhapatnam,India,IND,7,9,153302,128419
2023-03-06,port2299,Gopalpur,India,IND,0,0,0,0
2023-03-06,port290,Dhamra Port,India,IND,0,0,0,0
2023-03-06,port442,Haldia,India,IND,2,4,0,0
2023-03-06,port883,Paradip,India,IND,5,5,53506,218911
2023-03-07,port1367,Visakhapatnam,India,IND,4,6,39289,109236
2023-03-07,port2299,Gopalpur,India,IND,1,1,0,53419
2023-03-07,port290,Dhamra Port,India,IND,2,2,66181,60593
2023-03-07,port442,Haldia,India,IND,3,4,58268,0
2023-03-07,port883,Paradip,India,IND,1,1,0,77370
2023-03-08,port1367,Visakhapatnam,India,IND,0,0,0,0
2023-03-08,port2299,Gopalpur,India,IND,0,0,0,0
2023-03-08,port290,Dhamra Port,India,IND,0,0,0,0
2023-03-08,port442,Haldia,India,IND,1,5,0,0
2023-03-08,port883,Paradip,India,IND,4,4,147362,128460
2023-03-09,port1367,Visakhapatnam,India,IND,2,2,79851,23274
2023-03-09,port2299,Gopalpur,India,IND,0,0,0,0
2023-03-09,port290,Dhamra Port,India,IND,1,1,76985,0
2023-03-09,port442,Haldia,India,IND,0,2,0,0
2023-03-09,port883,Paradip,India,IND,4,5,105781,128282
2023-03-10,port1367,Visakhapatnam,India,IND,1,4,0,52113
2023-03-10,port2299,Gopalpur,India,IND,0,0,0,0
2023-03-10,port290,Dhamra Port,India,IND,0,0,0,0
2023-03-10,port442,Haldia,India,IND,4,5,174530,3059
2023-03-10,port883,Paradip,India,IND,3,3,40646,89165
2023-03-11,port1367,Visakhapatnam,India,IND,3,4,79349,101546
2023-03-11,port2299,Gopalpur,India,IND,0,0,0,0
2023-03-11,port290,Dhamra Port,India,IND,3,3,264698,0
2023-03-11,port442,Haldia,India,IND,1,3,0,0
2023-03-11,port883,Paradip,India,IND,0,0,0,0
2023-03-12,port1367,Visakhapatnam,India,IND,3,4,34294,84642
2023-03-12,port2299,Gopalpur,India,IND,1,1,22395,22579
2023-03-12,port290,Dhamra Port,India,IND,0,0,0,0
2023-03-12,port442,Haldia,India,IND,2,3,102549,3059
2023-03-12,port883,Paradip,India,IND,1,1,146928,0
2023-03-13,port1367,Visakhapatnam,India,IND,4,4,88656,70172
2023-03-13,port2299,Gopalpur,India,IND,0,0,0,0
2023-03-13,port290,Dhamra Port,India,IND,2,2,163379,158739
2023-03-13,port442,Haldia,India,IND,1,6,77230,0
2023-03-13,port883,Paradip,India,IND,2,2,20323,155225
2023-03-14,port1367,Visakhapatnam,India,IND,2,3,90855,0
2023-03-14,port2299,Gopalpur,India,IND,1,1,78860,0
2023-03-14,port290,Dhamra Port,India,IND,0,0,0,0
2023-03-14,port442,Haldia,India,IND,1,6,0,0
2023-03-14,port883,Paradip,India,IND,5,6,77763,159216
2023-03-15,port1367,Visakhapatnam,India,IND,2,2,34294,119214
2023-03-15,port2299,Gopalpur,India,IND,0,0,0,0
2023-03-15,port290,Dhamra Port,India,IND,1,1,0,54462
2023-03-15,port442,Haldia,India,IND,2,3,0,78424
2023-03-15,port883,Paradip,India,IND,3,5,0,153369
2023-03-16,port1367,Visakhapatnam,India,IND,2,3,146719,0
2023-03-16,port2299,Gopalpur,India,IND,0,0,0,0
2023-03-16,port290,Dhamra Port,India,IND,1,1,0,61002
2023-03-16,port442,Haldia,India,IND,3,6,78198,0
2023-03-16,port883,Paradip,India,IND,4,4,8924,183679
2023-03-17,port1367,Visakhapatnam,India,IND,3,3,100984,31473
2023-03-17,port2299,Gopalpur,India,IND,1,1,0,0
2023-03-17,port290,Dhamra Port,India,IND,1,1,166237,0
2023-03-17,port442,Haldia,India,IND,1,2,23295,3059
2023-03-17,port883,Paradip,India,IND,0,1,0,0
2023-03-18,port1367,Visakhapatnam,India,IND,3,4,77437,31473
2023-03-18,port2299,Gopalpur,India,IND,1,1,0,54036
2023-03-18,port290,Dhamra Port,India,IND,0,0,0,0
2023-03-18,port442,Haldia,India,IND,3,3,134519,0
2023-03-18,port883,Paradip,India,IND,1,3,60608,0
2023-03-19,port1367,Visakhapatnam,India,IND,3,7,105618,0
2023-03-19,port2299,Gopalpur,India,IND,0,0,0,0
2023-03-19,port290,Dhamra Port,India,IND,1,1,25014,0
2023-03-19,port442,Haldia,India,IND,4,8,113203,6118
2023-03-19,port883,Paradip,India,IND,6,6,60969,243611
2023-03-20,port1367,Visakhapatnam,India,IND,3,5,61398,103876
2023-03-20,port2299,Gopalpur,India,IND,0,0,0,0
2023-03-20,port290,Dhamra Port,India,IND,1,1,0,53220
2023-03-20,port442,Haldia,India,IND,0,1,0,0
2023-03-20,port883,Paradip,India,IND,0,1,0,0
2023-03-21,port1367,Visakhapatnam,India,IND,2,3,119076,15736
2023-03-21,port2299,Gopalpur,India,IND,0,0,0,0
2023-03-21,port290,Dhamra Port,India,IND,0,0,0,0
2023-03-21,port442,Haldia,India,IND,3,3,78423,0
2023-03-21,port883,Paradip,India,IND,1,1,20323,30268
2023-03-22,port1367,Visakhapatnam,India,IND,4,4,181931,16843
2023-03-22,port2299,Gopalpur,India,IND,0,0,0,0
2023-03-22,port290,Dhamra Port,India,IND,3,3,43056,57791
2023-03-22,port442,Haldia,India,IND,4,8,52049,546
2023-03-22,port883,Paradip,India,IND,1,2,0,60566
2023-03-23,port1367,Visakhapatnam,India,IND,4,5,94897,186381
2023-03-23,port2299,Gopalpur,India,IND,1,1,0,59084
2023-03-23,port290,Dhamra Port,India,IND,2,2,78789,54350
2023-03-23,port442,Haldia,India,IND,2,5,37096,29425
2023-03-23,port883,Paradip,India,IND,3,3,178095,30268
2023-03-24,port1367,Visakhapatnam,India,IND,3,4,92952,70112
2023-03-24,port2299,Gopalpur,India,IND,0,0,0,0
2023-03-24,port290,Dhamra Port,India,IND,1,1,73171,0
2023-03-24,port442,Haldia,India,IND,1,2,35680,0
2023-03-24,port883,Paradip,India,IND,3,4,99065,0
2023-03-25,port1367,Visakhapatnam,India,IND,4,6,68588,168777
2023-03-25,port2299,Gopalpur,India,IND,0,0,0,0
2023-03-25,port290,Dhamra Port,India,IND,0,0,0,0
2023-03-25,port442,Haldia,India,IND,3,5,46591,6118
2023-03-25,port883,Paradip,India,IND,2,2,0,147929
2023-03-26,port1367,Visakhapatnam,India,IND,2,2,50393,79318
2023-03-26,port2299,Gopalpur,India,IND,1,1,37327,0
2023-03-26,port290,Dhamra Port,India,IND,1,1,78898,0
2023-03-26,port442,Haldia,India,IND,3,6,57015,0
2023-03-26,port883,Paradip,India,IND,2,2,27051,47931
2023-03-27,port1367,Visakhapatnam,India,IND,1,2,34294,15736
2023-03-27,port2299,Gopalpur,India,IND,1,1,0,29037
2023-03-27,port290,Dhamra Port,India,IND,0,0,0,0
2023-03-27,port442,Haldia,India,IND,3,6,116289,0
2023-03-27,port883,Paradip,India,IND,2,2,20323,130391
2023-03-28,port1367,Visakhapatnam,India,IND,5,8,186547,75809
2023-03-28,port2299,Gopalpur,India,IND,0,0,0,0
2023-03-28,port290,Dhamra Port,India,IND,0,0,0,0
2023-03-28,port442,Haldia,India,IND,3,5,63254,3059
2023-03-28,port883,Paradip,India,IND,3,3,77221,30268
2023-03-29,port1367,Visakhapatnam,India,IND,3,5,61147,15736
2023-03-29,port2299,Gopalpur,India,IND,1,1,0,53268
2023-03-29,port290,Dhamra Port,India,IND,1,1,0,0
2023-03-29,port442,Haldia,India,IND,4,6,98636,77311
2023-03-29,port883,Paradip,India,IND,4,4,99920,78478
2023-03-30,port1367,Visakhapatnam,India,IND,5,5,159475,31473
2023-03-30,port2299,Gopalpur,India,IND,0,0,0,0
2023-03-30,port290,Dhamra Port,India,IND,0,0,0,0
2023-03-30,port442,Haldia,India,IND,1,1,0,0
2023-03-30,port883,Paradip,India,IND,3,5,0,204728
2023-03-31,port1367,Visakhapatnam,India,IND,2,3,115048,0
2023-03-31,port2299,Gopalpur,India,IND,1,1,27876,0
2023-03-31,port290,Dhamra Port,India,IND,0,0,0,0
2023-03-31,port442,Haldia,India,IND,1,2,0,0
2023-03-31,port883,Paradip,India,IND,1,1,72581,0
2023-04-01,port1367,Visakhapatnam,India,IND,2,2,133003,0
2023-04-01,port2299,Gopalpur,India,IND,1,1,0,25542
2023-04-01,port290,Dhamra Port,India,IND,1,1,41491,19184
2023-04-01,port442,Haldia,India,IND,2,3,0,0
2023-04-01,port883,Paradip,India,IND,2,2,0,127911
2023-04-02,port1367,Visakhapatnam,India,IND,2,4,54947,0
2023-04-02,port2299,Gopalpur,India,IND,1,1,55944,0
2023-04-02,port290,Dhamra Port,India,IND,0,0,0,0
2023-04-02,port442,Haldia,India,IND,2,4,28195,0
2023-04-02,port883,Paradip,India,IND,2,3,0,98166
2023-04-03,port1367,Visakhapatnam,India,IND,3,3,131519,0
2023-04-03,port2299,Gopalpur,India,IND,1,1,0,60506
2023-04-03,port290,Dhamra Port,India,IND,2,2,164728,0
2023-04-03,port442,Haldia,India,IND,3,4,26084,28774
2023-04-03,port883,Paradip,India,IND,4,4,136482,58706
2023-04-04,port1367,Visakhapatnam,India,IND,3,5,128008,46904
2023-04-04,port2299,Gopalpur,India,IND,0,0,0,0
2023-04-04,port290,Dhamra Port,India,IND,1,1,161409,0
2023-04-04,port442,Haldia,India,IND,2,5,10839,0
2023-04-04,port883,Paradip,India,IND,2,2,105152,0
2023-04-05,port1367,Visakhapatnam,India,IND,4,6,34294,58322
2023-04-05,port2299,Gopalpur,India,IND,0,0,0,0
2023-04-05,port290,Dhamra Port,India,IND,1,1,0,24952
2023-04-05,port442,Haldia,India,IND,2,5,0,0
2023-04-05,port883,Paradip,India,IND,1,2,54788,0
2023-04-06,port1367,Visakhapatnam,India,IND,3,7,164284,0
2023-04-06,port2299,Gopalpur,India,IND,0,0,0,0
2023-04-06,port290,Dhamra Port,India,IND,3,3,176196,19184
2023-04-06,port442,Haldia,India,IND,1,2,35469,0
2023-04-06,port883,Paradip,India,IND,5,6,156560,172863
2023-04-07,port1367,Visakhapatnam,India,IND,2,3,68588,31473
2023-04-07,port2299,Gopalpur,India,IND,2,2,0,100305
2023-04-07,port290,Dhamra Port,India,IND,0,0,0,0
2023-04-07,port442,Haldia,India,IND,2,3,0,0
2023-04-07,port883,Paradip,India,IND,1,1,78337,0
2023-04-08,port1367,Visakhapatnam,India,IND,1,2,78928,0
2023-04-08,port2299,Gopalpur,India,IND,1,1,0,54237
2023-04-08,port290,Dhamra Port,India,IND,2,2,237989,0
2023-04-08,port442,Haldia,India,IND,2,3,23295,3059
2023-04-08,port883,Paradip,India,IND,2,3,20323,103134
2023-04-09,port1367,Visakhapatnam,India,IND,5,7,240138,82488
2023-04-09,port2299,Gopalpur,India,IND,1,1,73436,0
2023-04-09,port290,Dhamra Port,India,IND,0,0,0,0
2023-04-09,port442,Haldia,India,IND,0,2,0,0
2023-04-09,port883,Paradip,India,IND,4,5,153051,73055
2023-04-10,port1367,Visakhapatnam,India,IND,3,4,43665,132402
2023-04-10,port2299,Gopalpur,India,IND,1,1,0,53645
2023-04-10,port290,Dhamra Port,India,IND,0,0,0,0
2023-04-10,port442,Haldia,India,IND,5,6,0,53070
2023-04-10,port883,Paradip,India,IND,2,3,53280,0
2023-04-11,port1367,Visakhapatnam,India,IND,4,5,163819,65872
2023-04-11,port2299,Gopalpur,India,IND,1,1,0,55609
2023-04-11,port290,Dhamra Port,India,IND,2,2,60120,19184
2023-04-11,port442,Haldia,India,IND,2,4,0,36095
2023-04-11,port883,Paradip,India,IND,2,3,0,136183
2023-04-12,port1367,Visakhapatnam,India,IND,1,2,33894,0
2023-04-12,port2299,Gopalpur,India,IND,0,0,0,0
2023-04-12,port290,Dhamra Port,India,IND,1,1,0,175925
2023-04-12,port442,Haldia,India,IND,2,4,0,5989
2023-04-12,port883,Paradip,India,IND,3,3,14598,71881
2023-04-13,port1367,Visakhapatnam,India,IND,2,2,75180,55580
2023-04-13,port2299,Gopalpur,India,IND,1,1,56982,0
2023-04-13,port290,Dhamra Port,India,IND,0,0,0,0
2023-04-13,port442,Haldia,India,IND,2,3,43310,0
2023-04-13,port883,Paradip,India,IND,6,6,108343,244869
2023-04-14,port1367,Visakhapatnam,India,IND,5,6,79023,62529
2023-04-14,port2299,Gopalpur,India,IND,1,1,22395,22579
2023-04-14,port290,Dhamra Port,India,IND,2,2,46089,61198
2023-04-14,port442,Haldia,India,IND,0,3,0,0
2023-04-14,port883,Paradip,India,IND,2,2,0,128004
2023-04-15,port1367,Visakhapatnam,India,IND,1,1,0,36009
2023-04-15,port2299,Gopalpur,India,IND,1,1,0,7579
2023-04-15,port290,Dhamra Port,India,IND,0,0,0,0
2023-04-15,port442,Haldia,India,IND,1,4,0,0
2023-04-15,port883,Paradip,India,IND,1,2,0,55567
2023-04-16,port1367,Visakhapatnam,India,IND,2,3,252268,0
2023-04-16,port2299,Gopalpur,India,IND,1,1,22395,22579
2023-04-16,port290,Dhamra Port,India,IND,1,1,0,53291
2023-04-16,port442,Haldia,India,IND,4,6,26582,0
2023-04-16,port883,Paradip,India,IND,4,5,20323,197908
2023-04-17,port1367,Visakhapatnam,India,IND,5,5,243177,15736
2023-04-17,port2299,Gopalpur,India,IND,1,1,0,58891
2023-04-17,port290,Dhamra Port,India,IND,1,1,78164,0
2023-04-17,port442,Haldia,India,IND,2,5,36723,0
2023-04-17,port883,Paradip,India,IND,1,1,0,69844
2023-04-18,port1367,Visakhapatnam,India,IND,5,8,136497,0
2023-04-18,port2299,Gopalpur,India,IND,2,2,55055,32466
2023-04-18,port290,Dhamra Port,India,IND,2,2,2361,2423
2023-04-18,port442,Haldia,India,IND,0,2,0,0
2023-04-18,port883,Paradip,India,IND,3,3,99308,83539
2023-04-19,port1367,Visakhapatnam,India,IND,2,2,2736,53204
2023-04-19,port2299,Gopalpur,India,IND,1,1,0,54091
2023-04-19,port290,Dhamra Port,India,IND,1,1,103477,0
2023-04-19,port442,Haldia,India,IND,2,4,26322,0
2023-04-19,port883,Paradip,India,IND,3,3,20323,133675
2023-04-20,port1367,Visakhapatnam,India,IND,1,4,36936,0
2023-04-20,port2299,Gopalpur,India,IND,1,1,0,52932
2023-04-20,port290,Dhamra Port,India,IND,0,0,0,0
2023-04-20,port442,Haldia,India,IND,2,3,0,0
2023-04-20,port883,Paradip,India,IND,2,2,78598,53420
2023-04-21,port1367,Visakhapatnam,India,IND,1,3,0,0
2023-04-21,port2299,Gopalpur,India,IND,0,0,0,0
2023-04-21,port290,Dhamra Port,India,IND,0,0,0,0
2023-04-21,port442,Haldia,India,IND,1,2,0,0
2023-04-21,port883,Paradip,India,IND,2,2,31141,50822
2023-04-22,port1367,Visakhapatnam,India,IND,3,5,78708,105751
2023-04-22,port2299,Gopalpur,India,IND,1,1,27338,0
2023-04-22,port290,Dhamra Port,India,IND,2,2,79274,0
2023-04-22,port442,Haldia,India,IND,1,3,0,0
2023-04-22,port883,Paradip,India,IND,5,5,78898,185545
2023-04-23,port1367,Visakhapatnam,India,IND,3,5,115486,15736
2023-04-23,port2299,Gopalpur,India,IND,0,0,0,0
2023-04-23,port290,Dhamra Port,India,IND,1,1,0,4681
2023-04-23,port442,Haldia,India,IND,1,4,0,0
2023-04-23,port883,Paradip,India,IND,2,3,74223,348
2023-04-24,port1367,Visakhapatnam,India,IND,3,3,34433,94949
2023-04-24,port2299,Gopalpur,India,IND,1,1,0,53258
2023-04-24,port290,Dhamra Port,India,IND,0,0,0,0
2023-04-24,port442,Haldia,India,IND,3,3,0,0
2023-04-24,port883,Paradip,India,IND,5,5,70617,126072
2023-04-25,port1367,Visakhapatnam,India,IND,4,5,222955,63095
2023-04-25,port2299,Gopalpur,India,IND,0,0,0,0
2023-04-25,port290,Dhamra Port,India,IND,0,0,0,0
2023-04-25,port442,Haldia,India,IND,1,5,0,40543
2023-04-25,port883,Paradip,India,IND,4,5,84926,102150
2023-04-26,port1367,Visakhapatnam,India,IND,6,9,172173,110272
2023-04-26,port2299,Gopalpur,India,IND,1,1,1147,0
2023-04-26,port290,Dhamra Port,India,IND,1,1,1216,0
2023-04-26,port442,Haldia,India,IND,5,8,131072,3059
2023-04-26,port883,Paradip,India,IND,4,4,191885,53517
2023-04-27,port1367,Visakhapatnam,India,IND,4,4,34294,193435
2023-04-27,port2299,Gopalpur,India,IND,1,1,26099,0
2023-04-27,port290,Dhamra Port,India,IND,1,1,0,28059
2023-04-27,port442,Haldia,India,IND,5,6,23295,3059
2023-04-27,port883,Paradip,India,IND,5,7,119845,174072
2023-04-28,port1367,Visakhapatnam,India,IND,8,8,300695,169132
2023-04-28,port2299,Gopalpur,India,IND,1,1,0,52845
2023-04-28,port290,Dhamra Port,India,IND,1,1,78424,0
2023-04-28,port442,Haldia,India,IND,1,2,0,0
2023-04-28,port883,Paradip,India,IND,4,4,81078,117637
2023-04-29,port1367,Visakhapatnam,India,IND,2,3,57591,0
2023-04-29,port2299,Gopalpur,India,IND,0,0,0,0
2023-04-29,port290,Dhamra Port,India,IND,1,1,0,55333
2023-04-29,port442,Haldia,India,IND,2,4,23295,3059
2023-04-29,port883,Paradip,India,IND,1,1,0,31141
2023-04-30,port1367,Visakhapatnam,India,IND,2,5,106115,15736
2023-04-30,port2299,Gopalpur,India,IND,0,0,0,0
2023-04-30,port290,Dhamra Port,India,IND,0,1,0,0
2023-04-30,port442,Haldia,India,IND,3,3,111751,6118
2023-04-30,port883,Paradip,India,IND,3,3,57145,112210
2023-05-01,port1367,Visakhapatnam,India,IND,2,3,0,4406
2023-05-01,port2299,Gopalpur,India,IND,1,1,0,54613
2023-05-01,port290,Dhamra Port,India,IND,0,0,0,0
2023-05-01,port442,Haldia,India,IND,2,6,91436,0
2023-05-01,port883,Paradip,India,IND,3,4,20323,106852
2023-05-02,port1367,Visakhapatnam,India,IND,3,4,60412,50822
2023-05-02,port2299,Gopalpur,India,IND,1,1,22395,22579
2023-05-02,port290,Dhamra Port,India,IND,0,0,0,0
2023-05-02,port442,Haldia,India,IND,2,2,0,58983
2023-05-02,port883,Paradip,India,IND,1,1,0,29146
2023-05-03,port1367,Visakhapatnam,India,IND,2,5,15381,139
2023-05-03,port2299,Gopalpur,India,IND,0,0,0,0
2023-05-03,port290,Dhamra Port,India,IND,0,0,0,0
2023-05-03,port442,Haldia,India,IND,2,2,77134,0
2023-05-03,port883,Paradip,India,IND,3,3,60570,51015
2023-05-04,port1367,Visakhapatnam,India,IND,1,4,34294,15736
2023-05-04,port2299,Gopalpur,India,IND,0,0,0,0
2023-05-04,port290,Dhamra Port,India,IND,1,1,29084,0
2023-05-04,port442,Haldia,India,IND,0,5,0,0
2023-05-04,port883,Paradip,India,IND,1,3,78665,0
2023-05-05,port1367,Visakhapatnam,India,IND,3,5,88665,20529
2023-05-05,port2299,Gopalpur,India,IND,0,0,0,0
2023-05-05,port290,Dhamra Port,India,IND,1,1,162053,0
2023-05-05,port442,Haldia,India,IND,0,1,0,0
2023-05-05,port883,Paradip,India,IND,3,3,164334,30268
2023-05-06,port1367,Visakhapatnam,India,IND,2,2,34990,15736
2023-05-06,port2299,Gopalpur,India,IND,0,0,0,0
2023-05-06,port290,Dhamra Port,India,IND,1,1,166459,0
2023-05-06,port442,Haldia,India,IND,6,8,122632,0
2023-05-06,port883,Paradip,India,IND,1,1,20323,30268
2023-05-07,port1367,Visakhapatnam,India,IND,6,9,142370,130103
2023-05-07,port2299,Gopalpur,India,IND,0,0,0,0
2023-05-07,port290,Dhamra Port,India,IND,1,1,0,56375
2023-05-07,port442,Haldia,India,IND,2,4,0,0
2023-05-07,port883,Paradip,India,IND,3,3,181617,0
2023-05-08,port1367,Visakhapatnam,India,IND,2,2,243519,0
2023-05-08,port2299,Gopalpur,India,IND,0,0,0,0
2023-05-08,port290,Dhamra Port,India,IND,1,1,117531,0
2023-05-08,port442,Haldia,India,IND,3,5,28115,303
2023-05-08,port883,Paradip,India,IND,1,1,35922,0
2023-05-09,port1367,Visakhapatnam,India,IND,3,6,43826,90831
2023-05-09,port2299,Gopalpur,India,IND,1,1,53579,0
2023-05-09,port290,Dhamra Port,India,IND,2,2,49398,52885
2023-05-09,port442,Haldia,India,IND,1,4,78848,0
2023-05-09,port883,Paradip,India,IND,2,2,20323,90241
2023-05-10,port1367,Visakhapatnam,India,IND,4,4,40257,78167
2023-05-10,port2299,Gopalpur,India,IND,1,1,22395,22579
2023-05-10,port290,Dhamra Port,India,IND,1,1,41491,19184
2023-05-10,port442,Haldia,India,IND,1,3,0,75938
2023-05-10,port883,Paradip,India,IND,2,2,71580,79074
2023-05-11,port1367,Visakhapatnam,India,IND,2,3,63414,0
2023-05-11,port2299,Gopalpur,India,IND,1,1,22395,22579
2023-05-11,port290,Dhamra Port,India,IND,2,2,41491,81229
2023-05-11,port442,Haldia,India,IND,1,2,0,0
2023-05-11,port883,Paradip,India,IND,6,7,127395,203118
2023-05-12,port1367,Visakhapatnam,India,IND,2,5,68588,31473
2023-05-12,port2299,Gopalpur,India,IND,0,0,0,0
2023-05-12,port290,Dhamra Port,India,IND,0,0,0,0
2023-05-12,port442,Haldia,India,IND,4,4,3878,3426
2023-05-12,port883,Paradip,India,IND,1,2,0,0
2023-05-13,port1367,Visakhapatnam,India,IND,2,2,0,128375
2023-05-13,port2299,Gopalpur,India,IND,0,0,0,0
2023-05-13,port290,Dhamra Port,India,IND,1,1,27784,0
2023-05-13,port442,Haldia,India,IND,3,5,108366,0
2023-05-13,port883,Paradip,India,IND,1,2,72581,0
2023-05-14,port1367,Visakhapatnam,India,IND,2,2,0,40879
2023-05-14,port2299,Gopalpur,India,IND,0,0,0,0
2023-05-14,port290,Dhamra Port,India,IND,0,0,0,0
2023-05-14,port442,Haldia,India,IND,1,2,0,0
2023-05-14,port883,Paradip,India,IND,0,1,0,0
2023-05-15,port1367,Visakhapatnam,India,IND,3,4,290751,0
2023-05-15,port2299,Gopalpur,India,IND,0,0,0,0
2023-05-15,port290,Dhamra Port,India,IND,0,0,0,0
2023-05-15,port442,Haldia,India,IND,3,3,48763,3059
2023-05-15,port883,Paradip,India,IND,2,2,20323,79068
2023-05-16,port1367,Visakhapatnam,India,IND,1,1,55418,0
2023-05-16,port2299,Gopalpur,India,IND,0,0,0,0
2023-05-16,port290,Dhamra Port,India,IND,0,0,0,0
2023-05-16,port442,Haldia,India,IND,1,2,1715,0
2023-05-16,port883,Paradip,India,IND,1,1,72030,0
2023-05-17,port1367,Visakhapatnam,India,IND,1,5,6262,0
2023-05-17,port2299,Gopalpur,India,IND,0,0,0,0
2023-05-17,port290,Dhamra Port,India,IND,2,2,205440,19184
2023-05-17,port442,Haldia,India,IND,2,5,23295,3059
2023-05-17,port883,Paradip,India,IND,2,2,0,41321
2023-05-18,port1367,Visakhapatnam,India,IND,2,2,138677,0
2023-05-18,port2299,Gopalpur,India,IND,0,0,0,0
2023-05-18,port290,Dhamra Port,India,IND,1,1,0,22176
2023-05-18,port442,Haldia,India,IND,0,1,0,0
2023-05-18,port883,Paradip,India,IND,4,5,0,77731
2023-05-19,port1367,Visakhapatnam,India,IND,1,1,55026,0
2023-05-19,port2299,Gopalpur,India,IND,0,0,0,0
2023-05-19,port290,Dhamra Port,India,IND,1,1,155798,0
2023-05-19,port442,Haldia,India,IND,3,4,102557,30960
2023-05-19,port883,Paradip,India,IND,3,3,40646,110490
2023-05-20,port1367,Visakhapatnam,India,IND,2,2,60601,51334
2023-05-20,port2299,Gopalpur,India,IND,1,1,22395,22579
2023-05-20,port290,Dhamra Port,India,IND,1,1,41491,19184
2023-05-20,port442,Haldia,India,IND,0,0,0,0
2023-05-20,port883,Paradip,India,IND,3,4,101678,78896
2023-05-21,port1367,Visakhapatnam,India,IND,1,3,34294,15736
2023-05-21,port2299,Gopalpur,India,IND,0,0,0,0
2023-05-21,port290,Dhamra Port,India,IND,3,3,176875,52978
2023-05-21,port442,Haldia,India,IND,3,4,35944,0
2023-05-21,port883,Paradip,India,IND,0,1,0,0
2023-05-22,port1367,Visakhapatnam,India,IND,6,8,309338,125325
2023-05-22,port2299,Gopalpur,India,IND,2,2,72865,24973
2023-05-22,port290,Dhamra Port,India,IND,0,0,0,0
2023-05-22,port442,Haldia,India,IND,2,3,78019,0
2023-05-22,port883,Paradip,India,IND,3,4,153134,0
2023-05-23,port1367,Visakhapatnam,India,IND,3,8,120267,15736
2023-05-23,port2299,Gopalpur,India,IND,2,2,28117,49882
2023-05-23,port290,Dhamra Port,India,IND,0,0,0,0
2023-05-23,port442,Haldia,India,IND,5,8,0,2739
2023-05-23,port883,Paradip,India,IND,1,2,0,54103
2023-05-24,port1367,Visakhapatnam,India,IND,2,4,76079,51451
2023-05-24,port2299,Gopalpur,India,IND,1,1,0,58477
2023-05-24,port290,Dhamra Port,India,IND,1,1,0,25891
2023-05-24,port442,Haldia,India,IND,2,3,0,0
2023-05-24,port883,Paradip,India,IND,6,8,184087,162151
2023-05-25,port1367,Visakhapatnam,India,IND,4,5,127041,35500
2023-05-25,port2299,Gopalpur,India,IND,0,0,0,0
2023-05-25,port290,Dhamra Port,India,IND,1,1,0,0
2023-05-25,port442,Haldia,India,IND,1,2,23295,3059
2023-05-25,port883,Paradip,India,IND,4,4,40646,202101
2023-05-26,port1367,Visakhapatnam,India,IND,5,5,123488,44228
2023-05-26,port2299,Gopalpur,India,IND,1,1,487,0
2023-05-26,port290,Dhamra Port,India,IND,1,1,41491,19184
2023-05-26,port442,Haldia,India,IND,1,2,37086,0
2023-05-26,port883,Paradip,India,IND,5,6,78917,299979
2023-05-27,port1367,Visakhapatnam,India,IND,5,7,138407,80457
2023-05-27,port2299,Gopalpur,India,IND,0,0,0,0
2023-05-27,port290,Dhamra Port,India,IND,2,2,207395,19184
2023-05-27,port442,Haldia,India,IND,3,5,23295,3059
2023-05-27,port883,Paradip,India,IND,2,2,0,113808
2023-05-28,port1367,Visakhapatnam,India,IND,5,7,174363,0
2023-05-28,port2299,Gopalpur,India,IND,1,1,22395,22579
2023-05-28,port290,Dhamra Port,India,IND,2,2,3618,12122
2023-05-28,port442,Haldia,India,IND,2,4,78017,0
2023-05-28,port883,Paradip,India,IND,3,5,20323,194003
2023-05-29,port1367,Visakhapatnam,India,IND,2,2,171104,46915
2023-05-29,port2299,Gopalpur,India,IND,0,0,0,0
2023-05-29,port290,Dhamra Port,India,IND,1,1,166221,0
2023-05-29,port442,Haldia,India,IND,2,4,157695,0
2023-05-29,port883,Paradip,India,IND,2,3,78039,73171
2023-05-30,port1367,Visakhapatnam,India,IND,2,3,200697,15736
2023-05-30,port2299,Gopalpur,India,IND,0,0,0,0
2023-05-30,port290,Dhamra Port,India,IND,0,0,0,0
2023-05-30,port442,Haldia,India,IND,3,6,11036,0
2023-05-30,port883,Paradip,India,IND,1,1,20323,30268
2023-05-31,port1367,Visakhapatnam,India,IND,3,5,159894,0
2023-05-31,port2299,Gopalpur,India,IND,0,0,0,0
2023-05-31,port290,Dhamra Port,India,IND,0,0,0,0
2023-05-31,port442,Haldia,India,IND,1,4,44274,0
2023-05-31,port883,Paradip,India,IND,3,5,29772,151164
2023-06-01,port1367,Visakhapatnam,India,IND,3,5,54183,133226
2023-06-01,port2299,Gopalpur,India,IND,2,2,46235,22579
2023-06-01,port290,Dhamra Port,India,IND,1,1,83731,0
2023-06-01,port442,Haldia,India,IND,3,6,46591,6118
2023-06-01,port883,Paradip,India,IND,3,3,105121,0
2023-06-02,port1367,Visakhapatnam,India,IND,1,2,0,51252
2023-06-02,port2299,Gopalpur,India,IND,1,1,22395,22579
2023-06-02,port290,Dhamra Port,India,IND,1,1,0,58801
2023-06-02,port442,Haldia,India,IND,1,6,3432,0
2023-06-02,port883,Paradip,India,IND,3,4,52522,111080
2023-06-03,port1367,Visakhapatnam,India,IND,2,6,47748,15736
2023-06-03,port2299,Gopalpur,India,IND,0,0,0,0
2023-06-03,port290,Dhamra Port,India,IND,2,2,201655,19184
2023-06-03,port442,Haldia,India,IND,3,4,31216,571
2023-06-03,port883,Paradip,India,IND,3,3,56047,64577
2023-06-04,port1367,Visakhapatnam,India,IND,3,6,98204,0
2023-06-04,port2299,Gopalpur,India,IND,0,0,0,0
2023-06-04,port290,Dhamra Port,India,IND,1,1,0,53280
2023-06-04,port442,Haldia,India,IND,2,4,23295,3059
2023-06-04,port883,Paradip,India,IND,3,4,203969,68997
2023-06-05,port1367,Visakhapatnam,India,IND,6,8,70117,81609
2023-06-05,port2299,Gopalpur,India,IND,0,0,0,0
2023-06-05,port290,Dhamra Port,India,IND,1,1,23090,0
2023-06-05,port442,Haldia,India,IND,3,5,34615,0
2023-06-05,port883,Paradip,India,IND,2,3,28557,59874
2023-06-06,port1367,Visakhapatnam,India,IND,3,6,76104,1816
2023-06-06,port2299,Gopalpur,India,IND,0,0,0,0
2023-06-06,port290,Dhamra Port,India,IND,1,1,41491,19184
2023-06-06,port442,Haldia,India,IND,3,5,27527,2799
2023-06-06,port883,Paradip,India,IND,3,4,57993,71402
2023-06-07,port1367,Visakhapatnam,India,IND,6,6,231733,92779
2023-06-07,port2299,Gopalpur,India,IND,0,0,0,0
2023-06-07,port290,Dhamra Port,India,IND,1,1,168805,0
2023-06-07,port442,Haldia,India,IND,1,4,0,0
2023-06-07,port883,Paradip,India,IND,2,3,0,48486
2023-06-08,port1367,Visakhapatnam,India,IND,5,6,171125,85449
2023-06-08,port2299,Gopalpur,India,IND,1,1,22395,22579
2023-06-08,port290,Dhamra Port,India,IND,0,0,0,0
2023-06-08,port442,Haldia,India,IND,2,3,31502,0
2023-06-08,port883,Paradip,India,IND,2,3,20323,55909
2023-06-09,port1367,Visakhapatnam,India,IND,6,8,167304,153424
2023-06-09,port2299,Gopalpur,India,IND,0,0,0,0
2023-06-09,port290,Dhamra Port,India,IND,0,0,0,0
2023-06-09,port442,Haldia,India,IND,3,5,35760,0
2023-06-09,port883,Paradip,India,IND,1,1,78577,0
2023-06-10,port1367,Visakhapatnam,India,IND,5,6,255312,17533
2023-06-10,port2299,Gopalpur,India,IND,0,0,0,0
2023-06-10,port290,Dhamra Port,India,IND,1,1,79288,0
2023-06-10,port442,Haldia,India,IND,2,5,10308,28072
2023-06-10,port883,Paradip,India,IND,0,1,0,0
2023-06-11,port1367,Visakhapatnam,India,IND,2,4,68588,31473
2023-06-11,port2299,Gopalpur,India,IND,1,1,0,0
2023-06-11,port290,Dhamra Port,India,IND,0,0,0,0
2023-06-11,port442,Haldia,India,IND,3,5,74653,0
2023-06-11,port883,Paradip,India,IND,1,1,0,74468
2023-06-12,port1367,Visakhapatnam,India,IND,4,6,93319,20502
2023-06-12,port2299,Gopalpur,India,IND,2,2,77292,54250
2023-06-12,port290,Dhamra Port,India,IND,0,0,0,0
2023-06-12,port442,Haldia,India,IND,2,4,5445,9499
2023-06-12,port883,Paradip,India,IND,6,7,288462,27132
2023-06-13,port1367,Visakhapatnam,India,IND,1,3,0,0
2023-06-13,port2299,Gopalpur,India,IND,0,0,0,0
2023-06-13,port290,Dhamra Port,India,IND,1,1,103482,0
2023-06-13,port442,Haldia,India,IND,3,5,26583,3059
2023-06-13,port883,Paradip,India,IND,3,4,0,193117
2023-06-14,port1367,Visakhapatnam,India,IND,2,4,0,83410
2023-06-14,port2299,Gopalpur,India,IND,0,0,0,0
2023-06-14,port290,Dhamra Port,India,IND,2,2,41491,19184
2023-06-14,port442,Haldia,India,IND,0,3,0,0
2023-06-14,port883,Paradip,India,IND,1,2,42166,0
2023-06-15,port1367,Visakhapatnam,India,IND,7,8,227719,82538
2023-06-15,port2299,Gopalpur,India,IND,0,0,0,0
2023-06-15,port290,Dhamra Port,India,IND,1,1,41491,19184
2023-06-15,port442,Haldia,India,IND,0,2,0,0
2023-06-15,port883,Paradip,India,IND,4,4,144577,104922
2023-06-16,port1367,Visakhapatnam,India,IND,4,5,146087,31473
2023-06-16,port2299,Gopalpur,India,IND,0,0,0,0
2023-06-16,port290,Dhamra Port,India,IND,1,1,0,73171
2023-06-16,port442,Haldia,India,IND,1,3,38219,0
2023-06-16,port883,Paradip,India,IND,4,4,30313,179282
2023-06-17,port1367,Visakhapatnam,India,IND,5,7,267631,77316
2023-06-17,port2299,Gopalpur,India,IND,1,2,78605,0
2023-06-17,port290,Dhamra Port,India,IND,1,1,76872,0
2023-06-17,port442,Haldia,India,IND,4,4,94987,0
2023-06-17,port883,Paradip,India,IND,4,4,121124,89571
2023-06-18,port1367,Visakhapatnam,India,IND,3,3,0,140190
2023-06-18,port2299,Gopalpur,India,IND,0,0,0,0
2023-06-18,port290,Dhamra Port,India,IND,0,0,0,0
2023-06-18,port442,Haldia,India,IND,2,4,0,0
2023-06-18,port883,Paradip,India,IND,0,0,0,0
2023-06-19,port1367,Visakhapatnam,India,IND,3,7,40055,56171
2023-06-19,port2299,Gopalpur,India,IND,0,0,0,0
2023-06-19,port290,Dhamra Port,India,IND,2,2,0,115332
2023-06-19,port442,Haldia,India,IND,3,4,92939,3059
2023-06-19,port883,Paradip,India,IND,7,8,103615,230957
2023-06-20,port1367,Visakhapatnam,India,IND,2,3,163842,0
2023-06-20,port2299,Gopalpur,India,IND,0,0,0,0
2023-06-20,port290,Dhamra Port,India,IND,1,1,36985,0
2023-06-20,port442,Haldia,India,IND,1,4,26853,0
2023-06-20,port883,Paradip,India,IND,5,5,78678,168971
2023-06-21,port1367,Visakhapatnam,India,IND,3,8,99898,31473
2023-06-21,port2299,Gopalpur,India,IND,0,0,0,0
2023-06-21,port290,Dhamra Port,India,IND,1,1,41491,19184
2023-06-21,port442,Haldia,India,IND,5,5,33974,0
2023-06-21,port883,Paradip,India,IND,3,5,20323,157533
2023-06-22,port1367,Visakhapatnam,India,IND,5,6,102385,81437
2023-06-22,port2299,Gopalpur,India,IND,0,0,0,0
2023-06-22,port290,Dhamra Port,India,IND,0,0,0,0
2023-06-22,port442,Haldia,India,IND,0,4,0,0
2023-06-22,port883,Paradip,India,IND,4,5,51349,88850
2023-06-23,port1367,Visakhapatnam,India,IND,3,4,74323,65073
2023-06-23,port2299,Gopalpur,India,IND,0,0,0,0
2023-06-23,port290,Dhamra Port,India,IND,1,1,0,52979
2023-06-23,port442,Haldia,India,IND,1,2,78710,0
2023-06-23,port883,Paradip,India,IND,3,4,116245,67271
2023-06-24,port1367,Visakhapatnam,India,IND,6,8,96303,136617
2023-06-24,port2299,Gopalpur,India,IND,0,0,0,0
2023-06-24,port290,Dhamra Port,India,IND,0,0,0,0
2023-06-24,port442,Haldia,India,IND,1,3,23295,3059
2023-06-24,port883,Paradip,India,IND,3,4,20323,159501
2023-06-25,port1367,Visakhapatnam,India,IND,5,8,201812,45005
2023-06-25,port2299,Gopalpur,India,IND,0,1,0,0
2023-06-25,port290,Dhamra Port,India,IND,1,1,41491,19184
2023-06-25,port442,Haldia,India,IND,3,4,40224,3059
2023-06-25,port883,Paradip,India,IND,1,1,20323,30268
2023-06-26,port1367,Visakhapatnam,India,IND,4,4,211072,73603
2023-06-26,port2299,Gopalpur,India,IND,1,1,33248,0
2023-06-26,port290,Dhamra Port,India,IND,2,2,78514,54298
2023-06-26,port442,Haldia,India,IND,1,1,23295,3059
2023-06-26,port883,Paradip,India,IND,1,1,87033,0
2023-06-27,port1367,Visakhapatnam,India,IND,1,2,0,36704
2023-06-27,port2299,Gopalpur,India,IND,1,1,0,1011
2023-06-27,port290,Dhamra Port,India,IND,1,1,41491,19184
2023-06-27,port442,Haldia,India,IND,2,3,5495,0
2023-06-27,port883,Paradip,India,IND,1,2,0,54395
2023-06-28,port1367,Visakhapatnam,India,IND,6,7,82024,30002
2023-06-28,port2299,Gopalpur,India,IND,0,0,0,0
2023-06-28,port290,Dhamra Port,India,IND,0,0,0,0
2023-06-28,port442,Haldia,India,IND,1,2,0,0
2023-06-28,port883,Paradip,India,IND,4,5,87876,83986
2023-06-29,port1367,Visakhapatnam,India,IND,5,7,200807,80758
2023-06-29,port2299,Gopalpur,India,IND,1,1,25653,0
2023-06-29,port290,Dhamra Port,India,IND,0,0,0,0
2023-06-29,port442,Haldia,India,IND,3,5,31910,0
2023-06-29,port883,Paradip,India,IND,3,3,60518,100635
2023-06-30,port1367,Visakhapatnam,India,IND,8,10,280241,172991
2023-06-30,port2299,Gopalpur,India,IND,0,0,0,0
2023-06-30,port290,Dhamra Port,India,IND,2,2,41491,68846
2023-06-30,port442,Haldia,India,IND,3,4,78108,1717
2023-06-30,port883,Paradip,India,IND,7,7,139382,230995
2023-07-01,port1367,Visakhapatnam,India,IND,6,7,213927,32523
2023-07-01,port2299,Gopalpur,India,IND,0,0,0,0
2023-07-01,port290,Dhamra Port,India,IND,1,1,27647,0
2023-07-01,port442,Haldia,India,IND,5,7,33226,101521
2023-07-01,port883,Paradip,India,IND,2,2,78821,71881
2023-07-02,port1367,Visakhapatnam,India,IND,3,3,71097,103483
2023-07-02,port2299,Gopalpur,India,IND,0,0,0,0
2023-07-02,port290,Dhamra Port,India,IND,0,0,0,0
2023-07-02,port442,Haldia,India,IND,2,3,0,0
2023-07-02,port883,Paradip,India,IND,2,2,0,80251
2023-07-03,port1367,Visakhapatnam,India,IND,3,3,50000,69713
2023-07-03,port2299,Gopalpur,India,IND,1,1,22395,22579
2023-07-03,port290,Dhamra Port,India,IND,2,2,73235,0
2023-07-03,port442,Haldia,India,IND,5,5,33581,0
2023-07-03,port883,Paradip,India,IND,1,1,0,29406
2023-07-04,port1367,Visakhapatnam,India,IND,6,7,147684,141316
2023-07-04,port2299,Gopalpur,India,IND,1,1,55455,0
2023-07-04,port290,Dhamra Port,India,IND,2,2,215341,0
2023-07-04,port442,Haldia,India,IND,1,3,0,0
2023-07-04,port883,Paradip,India,IND,7,7,224781,181660
2023-07-05,port1367,Visakhapatnam,India,IND,3,4,114143,0
2023-07-05,port2299,Gopalpur,India,IND,0,0,0,0
2023-07-05,port290,Dhamra Port,India,IND,2,2,30077,51536
2023-07-05,port442,Haldia,India,IND,1,2,6863,0
2023-07-05,port883,Paradip,India,IND,6,7,63564,142257
2023-07-06,port1367,Visakhapatnam,India,IND,6,9,336987,53901
2023-07-06,port2299,Gopalpur,India,IND,1,1,79001,0
2023-07-06,port290,Dhamra Port,India,IND,1,1,66161,0
2023-07-06,port442,Haldia,India,IND,3,6,70328,0
2023-07-06,port883,Paradip,India,IND,2,4,20323,104695
2023-07-07,port1367,Visakhapatnam,India,IND,1,1,77273,0
2023-07-07,port2299,Gopalpur,India,IND,0,0,0,0
2023-07-07,port290,Dhamra Port,India,IND,2,2,165858,14625
2023-07-07,port442,Haldia,India,IND,2,4,0,0
2023-07-07,port883,Paradip,India,IND,4,5,252123,30268
2023-07-08,port1367,Visakhapatnam,India,IND,1,4,41383,0
2023-07-08,port2299,Gopalpur,India,IND,0,0,0,0
2023-07-08,port290,Dhamra Port,India,IND,1,1,0,53227
2023-07-08,port442,Haldia,India,IND,2,6,37213,39825
2023-07-08,port883,Paradip,India,IND,3,3,72591,147715
2023-07-09,port1367,Visakhapatnam,India,IND,7,10,217586,157435
2023-07-09,port2299,Gopalpur,India,IND,0,0,0,0
2023-07-09,port290,Dhamra Port,India,IND,0,0,0,0
2023-07-09,port442,Haldia,India,IND,3,5,60711,0
2023-07-09,port883,Paradip,India,IND,3,3,20323,173142
2023-07-10,port1367,Visakhapatnam,India,IND,3,5,133806,0
2023-07-10,port2299,Gopalpur,India,IND,2,2,79027,61338
2023-07-10,port290,Dhamra Port,India,IND,2,2,137901,67433
2023-07-10,port442,Haldia,India,IND,5,7,62593,3059
2023-07-10,port883,Paradip,India,IND,2,2,41968,72430
2023-07-11,port1367,Visakhapatnam,India,IND,2,5,20451,49160
2023-07-11,port2299,Gopalpur,India,IND,0,0,0,0
2023-07-11,port290,Dhamra Port,India,IND,0,0,0,0
2023-07-11,port442,Haldia,India,IND,1,3,23295,3059
2023-07-11,port883,Paradip,India,IND,4,4,140208,155225
2023-07-12,port1367,Visakhapatnam,India,IND,2,3,53662,0
2023-07-12,port2299,Gopalpur,India,IND,0,0,0,0
2023-07-12,port290,Dhamra Port,India,IND,1,1,73177,0
2023-07-12,port442,Haldia,India,IND,1,3,0,0
2023-07-12,port883,Paradip,India,IND,6,6,90333,269187
2023-07-13,port1367,Visakhapatnam,India,IND,3,3,230494,15736
2023-07-13,port2299,Gopalpur,India,IND,1,1,0,40592
2023-07-13,port290,Dhamra Port,India,IND,1,1,174664,0
2023-07-13,port442,Haldia,India,IND,1,4,36702,0
2023-07-13,port883,Paradip,India,IND,3,3,40646,136752
2023-07-14,port1367,Visakhapatnam,India,IND,4,5,102883,47210
2023-07-14,port2299,Gopalpur,India,IND,0,0,0,0
2023-07-14,port290,Dhamra Port,India,IND,1,1,0,60813
2023-07-14,port442,Haldia,India,IND,4,6,0,684
2023-07-14,port883,Paradip,India,IND,3,3,73707,119646
2023-07-15,port1367,Visakhapatnam,India,IND,4,5,124344,19901
2023-07-15,port2299,Gopalpur,India,IND,0,0,0,0
2023-07-15,port290,Dhamra Port,India,IND,1,1,41806,0
2023-07-15,port442,Haldia,India,IND,3,3,65886,0
2023-07-15,port883,Paradip,India,IND,2,3,0,70131
2023-07-16,port1367,Visakhapatnam,India,IND,3,5,239694,15736
2023-07-16,port2299,Gopalpur,India,IND,0,0,0,0
2023-07-16,port290,Dhamra Port,India,IND,1,1,0,49563
2023-07-16,port442,Haldia,India,IND,3,4,60049,3059
2023-07-16,port883,Paradip,India,IND,2,3,20323,56869
2023-07-17,port1367,Visakhapatnam,India,IND,3,4,68588,101186
2023-07-17,port2299,Gopalpur,India,IND,1,1,22395,22579
2023-07-17,port290,Dhamra Port,India,IND,0,0,0,0
2023-07-17,port442,Haldia,India,IND,2,3,0,0
2023-07-17,port883,Paradip,India,IND,2,2,0,81689
2023-07-18,port1367,Visakhapatnam,India,IND,1,2,0,53156
2023-07-18,port2299,Gopalpur,India,IND,1,1,0,0
2023-07-18,port290,Dhamra Port,India,IND,1,1,0,167
2023-07-18,port442,Haldia,India,IND,2,5,95402,3059
2023-07-18,port883,Paradip,India,IND,2,3,44926,30268
2023-07-19,port1367,Visakhapatnam,India,IND,5,9,173004,103635
2023-07-19,port2299,Gopalpur,India,IND,0,0,0,0
2023-07-19,port290,Dhamra Port,India,IND,1,1,41491,19184
2023-07-19,port442,Haldia,India,IND,1,1,0,0
2023-07-19,port883,Paradip,India,IND,5,6,54410,164230
2023-07-20,port1367,Visakhapatnam,India,IND,6,6,324419,31473
2023-07-20,port2299,Gopalpur,India,IND,1,1,0,54121
2023-07-20,port290,Dhamra Port,India,IND,0,0,0,0
2023-07-20,port442,Haldia,India,IND,2,5,23295,3059
2023-07-20,port883,Paradip,India,IND,4,6,116735,107107
2023-07-21,port1367,Visakhapatnam,India,IND,3,5,90834,31473
2023-07-21,port2299,Gopalpur,India,IND,1,1,0,54646
2023-07-21,port290,Dhamra Port,India,IND,1,1,103477,0
2023-07-21,port442,Haldia,India,IND,3,3,79522,0
2023-07-21,port883,Paradip,India,IND,2,2,49806,24270
2023-07-22,port1367,Visakhapatnam,India,IND,2,5,155087,0
2023-07-22,port2299,Gopalpur,India,IND,1,1,30367,0
2023-07-22,port290,Dhamra Port,India,IND,0,0,0,0
2023-07-22,port442,Haldia,India,IND,3,5,93689,3059
2023-07-22,port883,Paradip,India,IND,1,2,20323,30268
2023-07-23,port1367,Visakhapatnam,India,IND,3,5,15154,104245
2023-07-23,port2299,Gopalpur,India,IND,1,1,56448,0
2023-07-23,port290,Dhamra Port,India,IND,0,0,0,0
2023-07-23,port442,Haldia,India,IND,1,2,0,0
2023-07-23,port883,Paradip,India,IND,0,1,0,0
2023-07-24,port1367,Visakhapatnam,India,IND,4,4,147190,31473
2023-07-24,port2299,Gopalpur,India,IND,0,0,0,0
2023-07-24,port290,Dhamra Port,India,IND,0,0,0,0
2023-07-24,port442,Haldia,India,IND,4,6,0,78211
2023-07-24,port883,Paradip,India,IND,5,6,51470,117744
2023-07-25,port1367,Visakhapatnam,India,IND,3,5,25638,116142
2023-07-25,port2299,Gopalpur,India,IND,0,0,0,0
2023-07-25,port290,Dhamra Port,India,IND,1,1,0,35944
2023-07-25,port442,Haldia,India,IND,2,3,29746,0
2023-07-25,port883,Paradip,India,IND,1,2,20323,30268
2023-07-26,port1367,Visakhapatnam,India,IND,5,6,204236,15736
2023-07-26,port2299,Gopalpur,India,IND,1,1,35958,0
2023-07-26,port290,Dhamra Port,India,IND,0,0,0,0
2023-07-26,port442,Haldia,India,IND,0,2,0,0
2023-07-26,port883,Paradip,India,IND,3,3,85807,71881
2023-07-27,port1367,Visakhapatnam,India,IND,1,3,47820,0
2023-07-27,port2299,Gopalpur,India,IND,0,0,0,0
2023-07-27,port290,Dhamra Port,India,IND,1,1,0,12202
2023-07-27,port442,Haldia,India,IND,1,3,8085,0
2023-07-27,port883,Paradip,India,IND,1,1,0,71054
2023-07-28,port1367,Visakhapatnam,India,IND,3,5,35492,119214
2023-07-28,port2299,Gopalpur,India,IND,2,2,22395,44673
2023-07-28,port290,Dhamra Port,India,IND,3,3,82668,61504
2023-07-28,port442,Haldia,India,IND,0,1,0,0
2023-07-28,port883,Paradip,India,IND,3,4,35711,119154
2023-07-29,port1367,Visakhapatnam,India,IND,5,7,83154,105045
2023-07-29,port2299,Gopalpur,India,IND,0,0,0,0
2023-07-29,port290,Dhamra Port,India,IND,0,0,0,0
2023-07-29,port442,Haldia,India,IND,3,7,41731,0
2023-07-29,port883,Paradip,India,IND,5,5,42396,122015
2023-07-30,port1367,Visakhapatnam,India,IND,2,8,156723,0
2023-07-30,port2299,Gopalpur,India,IND,0,0,0,0
2023-07-30,port290,Dhamra Port,India,IND,1,1,170527,0
2023-07-30,port442,Haldia,India,IND,1,1,0,0
2023-07-30,port883,Paradip,India,IND,3,6,62723,88081
2023-07-31,port1367,Visakhapatnam,India,IND,2,4,84418,0
2023-07-31,port2299,Gopalpur,India,IND,0,0,0,0
2023-07-31,port290,Dhamra Port,India,IND,1,2,0,61109
2023-07-31,port442,Haldia,India,IND,1,2,0,0
2023-07-31,port883,Paradip,India,IND,2,3,11828,70367
2023-08-01,port1367,Visakhapatnam,India,IND,4,7,307824,2876
2023-08-01,port2299,Gopalpur,India,IND,0,0,0,0
2023-08-01,port290,Dhamra Port,India,IND,1,1,78067,0
2023-08-01,port442,Haldia,India,IND,2,4,36873,22742
2023-08-01,port883,Paradip,India,IND,1,2,0,73055
2023-08-02,port1367,Visakhapatnam,India,IND,1,1,0,57926
2023-08-02,port2299,Gopalpur,India,IND,0,0,0,0
2023-08-02,port290,Dhamra Port,India,IND,0,0,0,0
2023-08-02,port442,Haldia,India,IND,1,4,0,0
2023-08-02,port883,Paradip,India,IND,3,4,46531,79790
2023-08-03,port1367,Visakhapatnam,India,IND,1,1,58338,0
2023-08-03,port2299,Gopalpur,India,IND,0,0,0,0
2023-08-03,port290,Dhamra Port,India,IND,1,1,41491,19184
2023-08-03,port442,Haldia,India,IND,1,3,35113,0
2023-08-03,port883,Paradip,India,IND,2,2,131747,0
2023-08-04,port1367,Visakhapatnam,India,IND,5,8,116111,99046
2023-08-04,port2299,Gopalpur,India,IND,1,1,22395,22579
2023-08-04,port290,Dhamra Port,India,IND,1,1,26347,0
2023-08-04,port442,Haldia,India,IND,0,4,0,0
2023-08-04,port883,Paradip,India,IND,3,4,115986,0
2023-08-05,port1367,Visakhapatnam,India,IND,3,4,139984,31473
2023-08-05,port2299,Gopalpur,India,IND,0,0,0,0
2023-08-05,port290,Dhamra Port,India,IND,1,1,0,53123
2023-08-05,port442,Haldia,India,IND,3,5,23295,3059
2023-08-05,port883,Paradip,India,IND,3,3,20323,162850
2023-08-06,port1367,Visakhapatnam,India,IND,0,1,0,0
2023-08-06,port2299,Gopalpur,India,IND,0,0,0,0
2023-08-06,port290,Dhamra Port,India,IND,0,0,0,0
2023-08-06,port442,Haldia,India,IND,2,3,50526,0
2023-08-06,port883,Paradip,India,IND,1,1,83657,0
2023-08-07,port1367,Visakhapatnam,India,IND,5,6,133794,171813
2023-08-07,port2299,Gopalpur,India,IND,0,0,0,0
2023-08-07,port290,Dhamra Port,India,IND,1,1,73125,0
2023-08-07,port442,Haldia,India,IND,3,5,0,0
2023-08-07,port883,Paradip,India,IND,3,3,0,133305
2023-08-08,port1367,Visakhapatnam,India,IND,3,3,110714,31473
2023-08-08,port2299,Gopalpur,India,IND,0,0,0,0
2023-08-08,port290,Dhamra Port,India,IND,0,0,0,0
2023-08-08,port442,Haldia,India,IND,1,5,0,0
2023-08-08,port883,Paradip,India,IND,2,3,80889,0
2023-08-09,port1367,Visakhapatnam,India,IND,4,6,222057,15736
2023-08-09,port2299,Gopalpur,India,IND,0,0,0,0
2023-08-09,port290,Dhamra Port,India,IND,0,0,0,0
2023-08-09,port442,Haldia,India,IND,3,5,0,0
2023-08-09,port883,Paradip,India,IND,4,4,20323,292322
2023-08-10,port1367,Visakhapatnam,India,IND,1,4,166521,0
2023-08-10,port2299,Gopalpur,India,IND,0,0,0,0
2023-08-10,port290,Dhamra Port,India,IND,0,0,0,0
2023-08-10,port442,Haldia,India,IND,2,2,0,0
2023-08-10,port883,Paradip,India,IND,5,5,52289,220997
2023-08-11,port1367,Visakhapatnam,India,IND,3,3,139332,15736
2023-08-11,port2299,Gopalpur,India,IND,0,0,0,0
2023-08-11,port290,Dhamra Port,India,IND,0,0,0,0
2023-08-11,port442,Haldia,India,IND,2,4,1369,0
2023-08-11,port883,Paradip,India,IND,1,1,0,68997
2023-08-12,port1367,Visakhapatnam,India,IND,3,3,177851,15736
2023-08-12,port2299,Gopalpur,India,IND,0,0,0,0
2023-08-12,port290,Dhamra Port,India,IND,1,1,0,13560
2023-08-12,port442,Haldia,India,IND,0,4,0,0
2023-08-12,port883,Paradip,India,IND,5,5,40646,279986
2023-08-13,port1367,Visakhapatnam,India,IND,2,2,21563,11111
2023-08-13,port2299,Gopalpur,India,IND,0,0,0,0
2023-08-13,port290,Dhamra Port,India,IND,2,2,41491,74121
2023-08-13,port442,Haldia,India,IND,1,3,23295,3059
2023-08-13,port883,Paradip,India,IND,1,2,0,55766
2023-08-14,port1367,Visakhapatnam,India,IND,3,4,112648,37930
2023-08-14,port2299,Gopalpur,India,IND,1,1,0,58665
2023-08-14,port290,Dhamra Port,India,IND,2,2,323556,0
2023-08-14,port442,Haldia,India,IND,2,4,78547,0
2023-08-14,port883,Paradip,India,IND,3,3,23942,30474
2023-08-15,port1367,Visakhapatnam,India,IND,3,5,38056,9887
2023-08-15,port2299,Gopalpur,India,IND,0,0,0,0
2023-08-15,port290,Dhamra Port,India,IND,0,0,0,0
2023-08-15,port442,Haldia,India,IND,1,3,73019,0
2023-08-15,port883,Paradip,India,IND,2,2,0,128567
2023-08-16,port1367,Visakhapatnam,India,IND,3,6,83996,3632
2023-08-16,port2299,Gopalpur,India,IND,0,0,0,0
2023-08-16,port290,Dhamra Port,India,IND,0,0,0,0
2023-08-16,port442,Haldia,India,IND,2,3,0,7788
2023-08-16,port883,Paradip,India,IND,1,1,0,48671
2023-08-17,port1367,Visakhapatnam,India,IND,2,4,81818,0
2023-08-17,port2299,Gopalpur,India,IND,1,1,0,54798
2023-08-17,port290,Dhamra Port,India,IND,0,0,0,0
2023-08-17,port442,Haldia,India,IND,1,4,0,0
2023-08-17,port883,Paradip,India,IND,5,8,94939,171639
2023-08-18,port1367,Visakhapatnam,India,IND,5,7,97558,210923
2023-08-18,port2299,Gopalpur,India,IND,0,0,0,0
2023-08-18,port290,Dhamra Port,India,IND,0,0,0,0
2023-08-18,port442,Haldia,India,IND,1,3,34038,0
2023-08-18,port883,Paradip,India,IND,4,5,0,148944
2023-08-19,port1367,Visakhapatnam,India,IND,0,2,0,0
2023-08-19,port2299,Gopalpur,India,IND,0,0,0,0
2023-08-19,port290,Dhamra Port,India,IND,0,0,0,0
2023-08-19,port442,Haldia,India,IND,1,2,78546,0
2023-08-19,port883,Paradip,India,IND,2,2,20323,102015
2023-08-20,port1367,Visakhapatnam,India,IND,1,2,0,103477
2023-08-20,port2299,Gopalpur,India,IND,0,0,0,0
2023-08-20,port290,Dhamra Port,India,IND,2,2,0,58455
2023-08-20,port442,Haldia,India,IND,3,6,0,0
2023-08-20,port883,Paradip,India,IND,2,3,0,1167
2023-08-21,port1367,Visakhapatnam,India,IND,0,3,0,0
2023-08-21,port2299,Gopalpur,India,IND,0,0,0,0
2023-08-21,port290,Dhamra Port,India,IND,0,0,0,0
2023-08-21,port442,Haldia,India,IND,1,2,36021,0
2023-08-21,port883,Paradip,India,IND,2,2,20323,99950
2023-08-22,port1367,Visakhapatnam,India,IND,3,5,43062,16318
2023-08-22,port2299,Gopalpur,India,IND,0,0,0,0
2023-08-22,port290,Dhamra Port,India,IND,1,1,79522,0
2023-08-22,port442,Haldia,India,IND,2,2,23295,3059
2023-08-22,port883,Paradip,India,IND,2,3,59398,52177
2023-08-23,port1367,Visakhapatnam,India,IND,2,3,0,164414
2023-08-23,port2299,Gopalpur,India,IND,0,0,0,0
2023-08-23,port290,Dhamra Port,India,IND,0,0,0,0
2023-08-23,port442,Haldia,India,IND,3,4,50276,3059
2023-08-23,port883,Paradip,India,IND,4,4,48032,104928
2023-08-24,port1367,Visakhapatnam,India,IND,4,5,77502,47930
2023-08-24,port2299,Gopalpur,India,IND,0,0,0,0
2023-08-24,port290,Dhamra Port,India,IND,2,2,0,60961
2023-08-24,port442,Haldia,India,IND,2,4,23295,3059
2023-08-24,port883,Paradip,India,IND,2,3,0,87029
2023-08-25,port1367,Visakhapatnam,India,IND,2,4,89838,15736
2023-08-25,port2299,Gopalpur,India,IND,1,1,0,53677
2023-08-25,port290,Dhamra Port,India,IND,0,0,0,0
2023-08-25,port442,Haldia,India,IND,4,6,47913,0
2023-08-25,port883,Paradip,India,IND,1,3,0,55766
2023-08-26,port1367,Visakhapatnam,India,IND,3,4,34880,37741
2023-08-26,port2299,Gopalpur,India,IND,0,0,0,0
2023-08-26,port290,Dhamra Port,India,IND,1,1,155798,0
2023-08-26,port442,Haldia,India,IND,1,3,0,0
2023-08-26,port883,Paradip,India,IND,3,3,40646,133387
2023-08-27,port1367,Visakhapatnam,India,IND,3,6,167145,15736
2023-08-27,port2299,Gopalpur,India,IND,0,0,0,0
2023-08-27,port290,Dhamra Port,India,IND,1,1,41491,19184
2023-08-27,port442,Haldia,India,IND,1,2,0,0
2023-08-27,port883,Paradip,India,IND,1,1,0,59222
2023-08-28,port1367,Visakhapatnam,India,IND,3,4,85379,110167
2023-08-28,port2299,Gopalpur,India,IND,0,0,0,0
2023-08-28,port290,Dhamra Port,India,IND,1,1,41491,19184
2023-08-28,port442,Haldia,India,IND,0,2,0,0
2023-08-28,port883,Paradip,India,IND,3,3,87574,70882
2023-08-29,port1367,Visakhapatnam,India,IND,1,2,37371,0
2023-08-29,port2299,Gopalpur,India,IND,1,1,103483,0
2023-08-29,port290,Dhamra Port,India,IND,0,0,0,0
2023-08-29,port442,Haldia,India,IND,3,5,60638,0
2023-08-29,port883,Paradip,India,IND,3,3,74412,71881
2023-08-30,port1367,Visakhapatnam,India,IND,3,5,146898,0
2023-08-30,port2299,Gopalpur,India,IND,0,0,0,0
2023-08-30,port290,Dhamra Port,India,IND,2,2,59010,59583
2023-08-30,port442,Haldia,India,IND,3,4,69757,3059
2023-08-30,port883,Paradip,India,IND,2,3,0,88707
2023-08-31,port1367,Visakhapatnam,India,IND,0,2,0,0
2023-08-31,port2299,Gopalpur,India,IND,0,0,0,0
2023-08-31,port290,Dhamra Port,India,IND,1,1,0,0
2023-08-31,port442,Haldia,India,IND,1,4,23295,3059
2023-08-31,port883,Paradip,India,IND,5,5,73541,201813
2023-09-01,port1367,Visakhapatnam,India,IND,5,5,68588,138293
2023-09-01,port2299,Gopalpur,India,IND,0,0,0,0
2023-09-01,port290,Dhamra Port,India,IND,1,1,41491,19184
2023-09-01,port442,Haldia,India,IND,3,5,33303,0
2023-09-01,port883,Paradip,India,IND,2,3,78434,69682
2023-09-02,port1367,Visakhapatnam,India,IND,5,5,117744,111
2023-09-02,port2299,Gopalpur,India,IND,2,2,0,75812
2023-09-02,port290,Dhamra Port,India,IND,0,0,0,0
2023-09-02,port442,Haldia,India,IND,2,5,0,3441
2023-09-02,port883,Paradip,India,IND,2,2,0,110522
2023-09-03,port1367,Visakhapatnam,India,IND,2,3,108676,0
2023-09-03,port2299,Gopalpur,India,IND,0,0,0,0
2023-09-03,port290,Dhamra Port,India,IND,2,2,41331,54767
2023-09-03,port442,Haldia,India,IND,2,2,27019,0
2023-09-03,port883,Paradip,India,IND,6,6,122177,217434
2023-09-04,port1367,Visakhapatnam,India,IND,2,2,54916,0
2023-09-04,port2299,Gopalpur,India,IND,0,0,0,0
2023-09-04,port290,Dhamra Port,India,IND,1,1,85337,0
2023-09-04,port442,Haldia,India,IND,0,1,0,0
2023-09-04,port883,Paradip,India,IND,4,4,76757,248758
2023-09-05,port1367,Visakhapatnam,India,IND,2,4,37837,51246
2023-09-05,port2299,Gopalpur,India,IND,2,2,464,23105
2023-09-05,port290,Dhamra Port,India,IND,1,1,0,73171
2023-09-05,port442,Haldia,India,IND,1,4,26630,0
2023-09-05,port883,Paradip,India,IND,3,3,20323,118891
2023-09-06,port1367,Visakhapatnam,India,IND,6,6,122525,119220
2023-09-06,port2299,Gopalpur,India,IND,1,1,1170,0
2023-09-06,port290,Dhamra Port,India,IND,2,2,65139,53496
2023-09-06,port442,Haldia,India,IND,3,6,0,0
2023-09-06,port883,Paradip,India,IND,1,1,79329,0
2023-09-07,port1367,Visakhapatnam,India,IND,0,1,0,0
2023-09-07,port2299,Gopalpur,India,IND,0,0,0,0
2023-09-07,port290,Dhamra Port,India,IND,0,0,0,0
2023-09-07,port442,Haldia,India,IND,1,3,0,21669
2023-09-07,port883,Paradip,India,IND,3,4,135303,71881
2023-09-08,port1367,Visakhapatnam,India,IND,2,3,34294,170050
2023-09-08,port2299,Gopalpur,India,IND,0,0,0,0
2023-09-08,port290,Dhamra Port,India,IND,2,2,41491,77458
2023-09-08,port442,Haldia,India,IND,2,2,37742,0
2023-09-08,port883,Paradip,India,IND,3,4,27828,53391
2023-09-09,port1367,Visakhapatnam,India,IND,6,7,265916,59911
2023-09-09,port2299,Gopalpur,India,IND,0,0,0,0
2023-09-09,port290,Dhamra Port,India,IND,0,0,0,0
2023-09-09,port442,Haldia,India,IND,3,5,57674,0
2023-09-09,port883,Paradip,India,IND,5,5,74926,143334
2023-09-10,port1367,Visakhapatnam,India,IND,0,3,0,0
2023-09-10,port2299,Gopalpur,India,IND,1,1,0,53442
2023-09-10,port290,Dhamra Port,India,IND,2,2,39683,51227
2023-09-10,port442,Haldia,India,IND,2,6,78491,0
2023-09-10,port883,Paradip,India,IND,1,2,0,70367
2023-09-11,port1367,Visakhapatnam,India,IND,2,4,0,23660
2023-09-11,port2299,Gopalpur,India,IND,2,2,0,136804
2023-09-11,port290,Dhamra Port,India,IND,2,2,113697,0
2023-09-11,port442,Haldia,India,IND,2,4,5459,0
2023-09-11,port883,Paradip,India,IND,2,3,0,110837
2023-09-12,port1367,Visakhapatnam,India,IND,2,3,55411,20745
2023-09-12,port2299,Gopalpur,India,IND,0,0,0,0
2023-09-12,port290,Dhamra Port,India,IND,1,1,66012,0
2023-09-12,port442,Haldia,India,IND,4,8,177573,3059
2023-09-12,port883,Paradip,India,IND,2,3,54006,71664
2023-09-13,port1367,Visakhapatnam,India,IND,9,11,348492,194234
2023-09-13,port2299,Gopalpur,India,IND,1,1,22395,22579
2023-09-13,port290,Dhamra Port,India,IND,0,0,0,0
2023-09-13,port442,Haldia,India,IND,2,5,69387,0
2023-09-13,port883,Paradip,India,IND,2,2,0,178189
2023-09-14,port1367,Visakhapatnam,India,IND,2,4,78031,0
2023-09-14,port2299,Gopalpur,India,IND,0,0,0,0
2023-09-14,port290,Dhamra Port,India,IND,1,1,0,51853
2023-09-14,port442,Haldia,India,IND,1,1,23295,3059
2023-09-14,port883,Paradip,India,IND,1,1,0,28460
2023-09-15,port1367,Visakhapatnam,India,IND,2,4,150643,0
2023-09-15,port2299,Gopalpur,India,IND,0,0,0,0
2023-09-15,port290,Dhamra Port,India,IND,1,1,0,0
2023-09-15,port442,Haldia,India,IND,2,3,0,41533
2023-09-15,port883,Paradip,India,IND,3,3,53165,146944
2023-09-16,port1367,Visakhapatnam,India,IND,2,3,79480,0
2023-09-16,port2299,Gopalpur,India,IND,0,0,0,0
2023-09-16,port290,Dhamra Port,India,IND,0,0,0,0
2023-09-16,port442,Haldia,India,IND,3,4,1095,0
2023-09-16,port883,Paradip,India,IND,2,3,20323,64243
2023-09-17,port1367,Visakhapatnam,India,IND,1,2,26311,0
2023-09-17,port2299,Gopalpur,India,IND,1,1,0,0
2023-09-17,port290,Dhamra Port,India,IND,0,0,0,0
2023-09-17,port442,Haldia,India,IND,1,4,0,0
2023-09-17,port883,Paradip,India,IND,1,1,974,0
2023-09-18,port1367,Visakhapatnam,India,IND,1,3,34294,15736
2023-09-18,port2299,Gopalpur,India,IND,1,1,22395,22579
2023-09-18,port290,Dhamra Port,India,IND,1,1,0,55680
2023-09-18,port442,Haldia,India,IND,1,3,78334,0
2023-09-18,port883,Paradip,India,IND,0,2,0,0
2023-09-19,port1367,Visakhapatnam,India,IND,4,6,113931,102530
2023-09-19,port2299,Gopalpur,India,IND,0,0,0,0
2023-09-19,port290,Dhamra Port,India,IND,0,0,0,0
2023-09-19,port442,Haldia,India,IND,2,5,78762,0
2023-09-19,port883,Paradip,India,IND,1,2,0,71051
2023-09-20,port1367,Visakhapatnam,India,IND,3,4,167757,15736
2023-09-20,port2299,Gopalpur,India,IND,0,0,0,0
2023-09-20,port290,Dhamra Port,India,IND,0,0,0,0
2023-09-20,port442,Haldia,India,IND,1,3,34846,0
2023-09-20,port883,Paradip,India,IND,3,3,81562,126399
2023-09-21,port1367,Visakhapatnam,India,IND,2,3,166144,26076
2023-09-21,port2299,Gopalpur,India,IND,0,0,0,0
2023-09-21,port290,Dhamra Port,India,IND,1,1,41491,19184
2023-09-21,port442,Haldia,India,IND,0,4,0,0
2023-09-21,port883,Paradip,India,IND,2,3,0,131849
2023-09-22,port1367,Visakhapatnam,India,IND,4,5,104993,15736
2023-09-22,port2299,Gopalpur,India,IND,0,0,0,0
2023-09-22,port290,Dhamra Port,India,IND,0,0,0,0
2023-09-22,port442,Haldia,India,IND,1,2,29641,0
2023-09-22,port883,Paradip,India,IND,4,4,109332,109130
2023-09-23,port1367,Visakhapatnam,India,IND,3,3,91728,31473
2023-09-23,port2299,Gopalpur,India,IND,0,0,0,0
2023-09-23,port290,Dhamra Port,India,IND,1,1,78286,0
2023-09-23,port442,Haldia,India,IND,1,5,0,0
2023-09-23,port883,Paradip,India,IND,2,2,40646,60537
2023-09-24,port1367,Visakhapatnam,India,IND,6,9,218170,80108
2023-09-24,port2299,Gopalpur,India,IND,1,1,22395,22579
2023-09-24,port290,Dhamra Port,India,IND,1,1,0,26497
2023-09-24,port442,Haldia,India,IND,0,1,0,0
2023-09-24,port883,Paradip,India,IND,0,0,0,0
2023-09-25,port1367,Visakhapatnam,India,IND,3,5,147607,0
2023-09-25,port2299,Gopalpur,India,IND,0,0,0,0
2023-09-25,port290,Dhamra Port,India,IND,3,3,41491,70074
2023-09-25,port442,Haldia,India,IND,2,5,77511,0
2023-09-25,port883,Paradip,India,IND,3,3,82814,54280
2023-09-26,port1367,Visakhapatnam,India,IND,2,5,108903,0
2023-09-26,port2299,Gopalpur,India,IND,0,0,0,0
2023-09-26,port290,Dhamra Port,India,IND,0,0,0,0
2023-09-26,port442,Haldia,India,IND,1,2,0,0
2023-09-26,port883,Paradip,India,IND,3,3,120102,30268
2023-09-27,port1367,Visakhapatnam,India,IND,2,5,75790,29025
2023-09-27,port2299,Gopalpur,India,IND,0,0,0,0
2023-09-27,port290,Dhamra Port,India,IND,1,1,25053,0
2023-09-27,port442,Haldia,India,IND,2,3,76818,0
2023-09-27,port883,Paradip,India,IND,2,2,20323,155225
2023-09-28,port1367,Visakhapatnam,India,IND,5,5,138069,104505
2023-09-28,port2299,Gopalpur,India,IND,2,2,72932,79524
2023-09-28,port290,Dhamra Port,India,IND,0,0,0,0
2023-09-28,port442,Haldia,India,IND,3,4,91258,0
2023-09-28,port883,Paradip,India,IND,1,3,0,27542
2023-09-29,port1367,Visakhapatnam,India,IND,5,6,213605,15736
2023-09-29,port2299,Gopalpur,India,IND,0,0,0,0
2023-09-29,port290,Dhamra Port,India,IND,0,0,0,0
2023-09-29,port442,Haldia,India,IND,2,4,109772,0
2023-09-29,port883,Paradip,India,IND,5,6,93656,170627
2023-09-30,port1367,Visakhapatnam,India,IND,3,3,96818,1361
2023-09-30,port2299,Gopalpur,India,IND,0,0,0,0
2023-09-30,port290,Dhamra Port,India,IND,0,0,0,0
2023-09-30,port442,Haldia,India,IND,2,4,0,686
2023-09-30,port883,Paradip,India,IND,3,3,43620,70034
2023-10-01,port1367,Visakhapatnam,India,IND,1,1,77781,0
2023-10-01,port2299,Gopalpur,India,IND,0,0,0,0
2023-10-01,port290,Dhamra Port,India,IND,1,1,0,52882
2023-10-01,port442,Haldia,India,IND,2,4,23295,3059
2023-10-01,port883,Paradip,India,IND,3,3,58657,61380
2023-10-02,port1367,Visakhapatnam,India,IND,2,4,112650,0
2023-10-02,port2299,Gopalpur,India,IND,0,0,0,0
2023-10-02,port290,Dhamra Port,India,IND,1,1,41491,19184
2023-10-02,port442,Haldia,India,IND,3,4,101238,3059
2023-10-02,port883,Paradip,India,IND,0,0,0,0
2023-10-03,port1367,Visakhapatnam,India,IND,3,5,102883,47210
2023-10-03,port2299,Gopalpur,India,IND,0,0,0,0
2023-10-03,port290,Dhamra Port,India,IND,0,0,0,0
2023-10-03,port442,Haldia,India,IND,1,2,18317,0
2023-10-03,port883,Paradip,India,IND,1,1,54845,0
2023-10-04,port1367,Visakhapatnam,India,IND,1,4,0,585
2023-10-04,port2299,Gopalpur,India,IND,0,0,0,0
2023-10-04,port290,Dhamra Port,India,IND,2,2,31877,58860
2023-10-04,port442,Haldia,India,IND,0,1,0,0
2023-10-04,port883,Paradip,India,IND,2,2,59561,42219
2023-10-05,port1367,Visakhapatnam,India,IND,3,4,57328,76243
2023-10-05,port2299,Gopalpur,India,IND,1,1,0,58894
2023-10-05,port290,Dhamra Port,India,IND,0,0,0,0
2023-10-05,port442,Haldia,India,IND,1,1,72231,0
2023-10-05,port883,Paradip,India,IND,2,3,40646,60537
2023-10-06,port1367,Visakhapatnam,India,IND,4,6,119777,85802
2023-10-06,port2299,Gopalpur,India,IND,0,0,0,0
2023-10-06,port290,Dhamra Port,India,IND,1,1,0,54213
2023-10-06,port442,Haldia,India,IND,1,3,23295,3059
2023-10-06,port883,Paradip,India,IND,2,2,20323,86064
2023-10-07,port1367,Visakhapatnam,India,IND,2,2,197172,0
2023-10-07,port2299,Gopalpur,India,IND,1,1,0,53446
2023-10-07,port290,Dhamra Port,India,IND,1,1,41491,19184
2023-10-07,port442,Haldia,India,IND,2,2,29153,0
2023-10-07,port883,Paradip,India,IND,0,0,0,0
2023-10-08,port1367,Visakhapatnam,India,IND,2,4,164476,0
2023-10-08,port2299,Gopalpur,India,IND,0,0,0,0
2023-10-08,port290,Dhamra Port,India,IND,3,3,100352,56298
2023-10-08,port442,Haldia,India,IND,3,6,23295,3059
2023-10-08,port883,Paradip,India,IND,1,1,20323,30268
2023-10-09,port1367,Visakhapatnam,India,IND,3,4,104486,9053
2023-10-09,port2299,Gopalpur,India,IND,0,0,0,0
2023-10-09,port290,Dhamra Port,India,IND,2,2,0,56291
2023-10-09,port442,Haldia,India,IND,3,5,56495,3059
2023-10-09,port883,Paradip,India,IND,1,1,0,70367
2023-10-10,port1367,Visakhapatnam,India,IND,7,9,322729,41079
2023-10-10,port2299,Gopalpur,India,IND,0,0,0,0
2023-10-10,port290,Dhamra Port,India,IND,1,1,162326,0
2023-10-10,port442,Haldia,India,IND,2,5,2291,0
2023-10-10,port883,Paradip,India,IND,3,6,20323,130958
2023-10-11,port1367,Visakhapatnam,India,IND,4,7,70885,172548
2023-10-11,port2299,Gopalpur,India,IND,1,1,22395,22579
2023-10-11,port290,Dhamra Port,India,IND,1,1,0,61338
2023-10-11,port442,Haldia,India,IND,5,6,96309,6118
2023-10-11,port883,Paradip,India,IND,1,2,0,60885
2023-10-12,port1367,Visakhapatnam,India,IND,1,2,78877,0
2023-10-12,port2299,Gopalpur,India,IND,0,0,0,0
2023-10-12,port290,Dhamra Port,India,IND,1,1,41491,19184
2023-10-12,port442,Haldia,India,IND,2,5,53370,3059
2023-10-12,port883,Paradip,India,IND,4,4,176897,127838
2023-10-13,port1367,Visakhapatnam,India,IND,4,4,142985,85581
2023-10-13,port2299,Gopalpur,India,IND,0,0,0,0
2023-10-13,port290,Dhamra Port,India,IND,2,2,82983,38369
2023-10-13,port442,Haldia,India,IND,1,4,54370,0
2023-10-13,port883,Paradip,India,IND,2,2,25381,18071
2023-10-14,port1367,Visakhapatnam,India,IND,4,5,263042,15736
2023-10-14,port2299,Gopalpur,India,IND,0,0,0,0
2023-10-14,port290,Dhamra Port,India,IND,0,0,0,0
2023-10-14,port442,Haldia,India,IND,2,3,38233,0
2023-10-14,port883,Paradip,India,IND,2,2,77182,53037
2023-10-15,port1367,Visakhapatnam,India,IND,7,9,214799,131414
2023-10-15,port2299,Gopalpur,India,IND,1,1,50521,0
2023-10-15,port290,Dhamra Port,India,IND,1,1,89549,0
2023-10-15,port442,Haldia,India,IND,4,6,48579,3059
2023-10-15,port883,Paradip,India,IND,2,2,30260,0
2023-10-16,port1367,Visakhapatnam,India,IND,1,1,0,103477
2023-10-16,port2299,Gopalpur,India,IND,1,1,29010,0
2023-10-16,port290,Dhamra Port,India,IND,0,0,0,0
2023-10-16,port442,Haldia,India,IND,2,3,99316,0
2023-10-16,port883,Paradip,India,IND,3,4,906,88640
2023-10-17,port1367,Visakhapatnam,India,IND,3,6,113009,15736
2023-10-17,port2299,Gopalpur,India,IND,0,0,0,0
2023-10-17,port290,Dhamra Port,India,IND,3,3,204849,58541
2023-10-17,port442,Haldia,India,IND,2,4,52446,3059
2023-10-17,port883,Paradip,India,IND,2,2,0,135296
2023-10-18,port1367,Visakhapatnam,India,IND,5,6,188017,15736
2023-10-18,port2299,Gopalpur,India,IND,0,0,0,0
2023-10-18,port290,Dhamra Port,India,IND,0,0,0,0
2023-10-18,port442,Haldia,India,IND,3,5,36538,0
2023-10-18,port883,Paradip,India,IND,3,3,0,83739
2023-10-19,port1367,Visakhapatnam,India,IND,1,2,55352,0
2023-10-19,port2299,Gopalpur,India,IND,0,0,0,0
2023-10-19,port290,Dhamra Port,India,IND,3,3,124136,28628
2023-10-19,port442,Haldia,India,IND,1,3,39040,0
2023-10-19,port883,Paradip,India,IND,3,4,73994,84763
2023-10-20,port1367,Visakhapatnam,India,IND,4,5,129253,47210
2023-10-20,port2299,Gopalpur,India,IND,0,0,0,0
2023-10-20,port290,Dhamra Port,India,IND,3,3,80510,71490
2023-10-20,port442,Haldia,India,IND,1,4,28042,0
2023-10-20,port883,Paradip,India,IND,1,1,20323,30268
2023-10-21,port1367,Visakhapatnam,India,IND,2,3,53671,556
2023-10-21,port2299,Gopalpur,India,IND,1,1,0,54034
2023-10-21,port290,Dhamra Port,India,IND,1,1,139,0
2023-10-21,port442,Haldia,India,IND,1,2,0,2055
2023-10-21,port883,Paradip,India,IND,4,4,80136,91503
2023-10-22,port1367,Visakhapatnam,India,IND,4,5,239071,15736
2023-10-22,port2299,Gopalpur,India,IND,0,0,0,0
2023-10-22,port290,Dhamra Port,India,IND,0,0,0,0
2023-10-22,port442,Haldia,India,IND,3,4,233030,0
2023-10-22,port883,Paradip,India,IND,1,2,0,55603
2023-10-23,port1367,Visakhapatnam,India,IND,2,4,0,54239
2023-10-23,port2299,Gopalpur,India,IND,0,0,0,0
2023-10-23,port290,Dhamra Port,India,IND,1,1,0,91640
2023-10-23,port442,Haldia,India,IND,1,2,23295,3059
2023-10-23,port883,Paradip,India,IND,0,1,0,0
2023-10-24,port1367,Visakhapatnam,India,IND,2,3,79461,0
2023-10-24,port2299,Gopalpur,India,IND,0,0,0,0
2023-10-24,port290,Dhamra Port,India,IND,0,0,0,0
2023-10-24,port442,Haldia,India,IND,0,2,0,0
2023-10-24,port883,Paradip,India,IND,4,4,118191,60537
2023-10-25,port1367,Visakhapatnam,India,IND,3,5,107864,15736
2023-10-25,port2299,Gopalpur,India,IND,1,1,22395,22579
2023-10-25,port290,Dhamra Port,India,IND,0,0,0,0
2023-10-25,port442,Haldia,India,IND,3,5,153087,0
2023-10-25,port883,Paradip,India,IND,2,2,109176,0
2023-10-26,port1367,Visakhapatnam,India,IND,2,3,32733,53671
2023-10-26,port2299,Gopalpur,India,IND,0,0,0,0
2023-10-26,port290,Dhamra Port,India,IND,2,2,156996,5119
2023-10-26,port442,Haldia,India,IND,2,3,73131,0
2023-10-26,port883,Paradip,India,IND,0,0,0,0
2023-10-27,port1367,Visakhapatnam,India,IND,3,4,87993,48936
2023-10-27,port2299,Gopalpur,India,IND,1,1,0,19354
2023-10-27,port290,Dhamra Port,India,IND,1,1,41491,19184
2023-10-27,port442,Haldia,India,IND,1,2,0,0
2023-10-27,port883,Paradip,India,IND,5,6,206145,80419
2023-10-28,port1367,Visakhapatnam,India,IND,0,1,0,0
2023-10-28,port2299,Gopalpur,India,IND,1,1,79374,0
2023-10-28,port290,Dhamra Port,India,IND,0,0,0,0
2023-10-28,port442,Haldia,India,IND,1,1,24423,0
2023-10-28,port883,Paradip,India,IND,1,2,0,49744
2023-10-29,port1367,Visakhapatnam,India,IND,2,5,34294,40012
2023-10-29,port2299,Gopalpur,India,IND,0,0,0,0
2023-10-29,port290,Dhamra Port,India,IND,1,1,0,51381
2023-10-29,port442,Haldia,India,IND,3,5,116454,0
2023-10-29,port883,Paradip,India,IND,4,4,0,179231
2023-10-30,port1367,Visakhapatnam,India,IND,4,5,167032,158130
2023-10-30,port2299,Gopalpur,India,IND,0,0,0,0
2023-10-30,port290,Dhamra Port,India,IND,1,1,41491,19184
2023-10-30,port442,Haldia,India,IND,3,4,28438,0
2023-10-30,port883,Paradip,India,IND,1,2,0,78424
2023-10-31,port1367,Visakhapatnam,India,IND,4,4,34294,92146
2023-10-31,port2299,Gopalpur,India,IND,0,0,0,0
2023-10-31,port290,Dhamra Port,India,IND,1,1,0,26322
2023-10-31,port442,Haldia,India,IND,3,5,114761,0
2023-10-31,port883,Paradip,India,IND,2,3,0,49795
2023-11-01,port1367,Visakhapatnam,India,IND,2,5,154132,0
2023-11-01,port2299,Gopalpur,India,IND,0,0,0,0
2023-11-01,port290,Dhamra Port,India,IND,1,1,0,35209
2023-11-01,port442,Haldia,India,IND,1,5,0,0
2023-11-01,port883,Paradip,India,IND,3,3,20323,108336
2023-11-02,port1367,Visakhapatnam,India,IND,4,6,277819,18773
2023-11-02,port2299,Gopalpur,India,IND,1,1,0,0
2023-11-02,port290,Dhamra Port,India,IND,0,0,0,0
2023-11-02,port442,Haldia,India,IND,2,2,0,0
2023-11-02,port883,Paradip,India,IND,2,2,150637,0
2023-11-03,port1367,Visakhapatnam,India,IND,3,5,128705,0
2023-11-03,port2299,Gopalpur,India,IND,0,0,0,0
2023-11-03,port290,Dhamra Port,India,IND,1,1,0,53753
2023-11-03,port442,Haldia,India,IND,1,4,7982,0
2023-11-03,port883,Paradip,India,IND,2,2,99221,30268
2023-11-04,port1367,Visakhapatnam,India,IND,4,5,35394,72089
2023-11-04,port2299,Gopalpur,India,IND,1,1,22395,22579
2023-11-04,port290,Dhamra Port,India,IND,0,0,0,0
2023-11-04,port442,Haldia,India,IND,2,4,0,0
2023-11-04,port883,Paradip,India,IND,1,1,31474,0
2023-11-05,port1367,Visakhapatnam,India,IND,4,5,185930,15736
2023-11-05,port2299,Gopalpur,India,IND,0,0,0,0
2023-11-05,port290,Dhamra Port,India,IND,2,2,0,102730
2023-11-05,port442,Haldia,India,IND,0,0,0,0
2023-11-05,port883,Paradip,India,IND,1,1,0,54513
2023-11-06,port1367,Visakhapatnam,India,IND,3,5,81646,103477
2023-11-06,port2299,Gopalpur,India,IND,1,1,41470,0
2023-11-06,port290,Dhamra Port,India,IND,1,1,0,26433
2023-11-06,port442,Haldia,India,IND,3,5,3812,18624
2023-11-06,port883,Paradip,India,IND,5,5,132784,175688
2023-11-07,port1367,Visakhapatnam,India,IND,4,4,106989,102732
2023-11-07,port2299,Gopalpur,India,IND,0,0,0,0
2023-11-07,port290,Dhamra Port,India,IND,1,1,0,70113
2023-11-07,port442,Haldia,India,IND,1,1,0,0
2023-11-07,port883,Paradip,India,IND,3,4,58994,25702
2023-11-08,port1367,Visakhapatnam,India,IND,1,3,53916,0
2023-11-08,port2299,Gopalpur,India,IND,1,1,25837,0
2023-11-08,port290,Dhamra Port,India,IND,1,1,18202,0
2023-11-08,port442,Haldia,India,IND,1,2,0,0
2023-11-08,port883,Paradip,India,IND,4,4,109605,125137
2023-11-09,port1367,Visakhapatnam,India,IND,4,4,242135,15736
2023-11-09,port2299,Gopalpur,India,IND,0,0,0,0
2023-11-09,port290,Dhamra Port,India,IND,2,2,0,113375
2023-11-09,port442,Haldia,India,IND,3,4,65421,3059
2023-11-09,port883,Paradip,India,IND,3,4,76549,30268
2023-11-10,port1367,Visakhapatnam,India,IND,7,9,181238,101423
2023-11-10,port2299,Gopalpur,India,IND,0,0,0,0
2023-11-10,port290,Dhamra Port,India,IND,2,2,41491,73674
2023-11-10,port442,Haldia,India,IND,3,4,98520,0
2023-11-10,port883,Paradip,India,IND,3,3,34725,54428
2023-11-11,port1367,Visakhapatnam,India,IND,3,3,84922,0
2023-11-11,port2299,Gopalpur,India,IND,1,1,23913,0
2023-11-11,port290,Dhamra Port,India,IND,2,2,203441,19184
2023-11-11,port442,Haldia,India,IND,3,5,72424,0
2023-11-11,port883,Paradip,India,IND,6,8,78474,200928
2023-11-12,port1367,Visakhapatnam,India,IND,4,4,68588,84936
2023-11-12,port2299,Gopalpur,India,IND,1,1,77803,0
2023-11-12,port290,Dhamra Port,India,IND,0,0,0,0
2023-11-12,port442,Haldia,India,IND,2,4,0,0
2023-11-12,port883,Paradip,India,IND,2,2,20323,99034
2023-11-13,port1367,Visakhapatnam,India,IND,5,5,318668,0
2023-11-13,port2299,Gopalpur,India,IND,1,1,22395,22579
2023-11-13,port290,Dhamra Port,India,IND,0,0,0,0
2023-11-13,port442,Haldia,India,IND,3,4,145458,0
2023-11-13,port883,Paradip,India,IND,3,4,129351,71664
2023-11-14,port1367,Visakhapatnam,India,IND,3,5,34294,118403
2023-11-14,port2299,Gopalpur,India,IND,0,0,0,0
2023-11-14,port290,Dhamra Port,India,IND,0,0,0,0
2023-11-14,port442,Haldia,India,IND,4,5,46591,6118
2023-11-14,port883,Paradip,India,IND,2,2,39010,30268
2023-11-15,port1367,Visakhapatnam,India,IND,2,5,50743,0
2023-11-15,port2299,Gopalpur,India,IND,0,0,0,0
2023-11-15,port290,Dhamra Port,India,IND,1,1,0,50726
2023-11-15,port442,Haldia,India,IND,1,3,78711,0
2023-11-15,port883,Paradip,India,IND,0,0,0,0
2023-11-16,port1367,Visakhapatnam,India,IND,4,4,148047,31019
2023-11-16,port2299,Gopalpur,India,IND,2,2,22395,76937
2023-11-16,port290,Dhamra Port,India,IND,2,2,41491,80233
2023-11-16,port442,Haldia,India,IND,2,5,64746,0
2023-11-16,port883,Paradip,India,IND,4,4,82094,60537
2023-11-17,port1367,Visakhapatnam,India,IND,4,5,122328,107179
2023-11-17,port2299,Gopalpur,India,IND,1,1,0,58707
2023-11-17,port290,Dhamra Port,India,IND,1,1,56308,0
2023-11-17,port442,Haldia,India,IND,1,2,39776,0
2023-11-17,port883,Paradip,India,IND,2,2,20323,84597
2023-11-18,port1367,Visakhapatnam,India,IND,2,3,55305,0
2023-11-18,port2299,Gopalpur,India,IND,1,1,0,53574
2023-11-18,port290,Dhamra Port,India,IND,2,2,0,36482
2023-11-18,port442,Haldia,India,IND,2,2,12133,0
2023-11-18,port883,Paradip,India,IND,7,8,117999,234712
2023-11-19,port1367,Visakhapatnam,India,IND,1,1,28145,0
2023-11-19,port2299,Gopalpur,India,IND,0,1,0,0
2023-11-19,port290,Dhamra Port,India,IND,2,2,41491,79968
2023-11-19,port442,Haldia,India,IND,1,3,18797,0
2023-11-19,port883,Paradip,India,IND,2,3,72840,103507
2023-11-20,port1367,Visakhapatnam,India,IND,1,4,0,76204
2023-11-20,port2299,Gopalpur,India,IND,0,0,0,0
2023-11-20,port290,Dhamra Port,India,IND,2,2,82983,38369
2023-11-20,port442,Haldia,India,IND,2,6,76741,0
2023-11-20,port883,Paradip,India,IND,2,2,0,33890
2023-11-21,port1367,Visakhapatnam,India,IND,1,1,0,54313
2023-11-21,port2299,Gopalpur,India,IND,0,0,0,0
2023-11-21,port290,Dhamra Port,India,IND,2,2,41491,75269
2023-11-21,port442,Haldia,India,IND,3,7,97096,0
2023-11-21,port883,Paradip,India,IND,3,5,81130,102089
2023-11-22,port1367,Visakhapatnam,India,IND,5,7,116224,155500
2023-11-22,port2299,Gopalpur,India,IND,1,1,41442,0
2023-11-22,port290,Dhamra Port,India,IND,1,1,41491,19184
2023-11-22,port442,Haldia,India,IND,2,2,0,71484
2023-11-22,port883,Paradip,India,IND,1,2,0,56308
2023-11-23,port1367,Visakhapatnam,India,IND,7,11,235233,157430
2023-11-23,port2299,Gopalpur,India,IND,0,0,0,0
2023-11-23,port290,Dhamra Port,India,IND,2,2,41491,74538
2023-11-23,port442,Haldia,India,IND,1,2,33140,0
2023-11-23,port883,Paradip,India,IND,5,6,112920,219307
2023-11-24,port1367,Visakhapatnam,India,IND,1,2,0,103477
2023-11-24,port2299,Gopalpur,India,IND,1,1,0,55284
2023-11-24,port290,Dhamra Port,India,IND,2,2,13072,0
2023-11-24,port442,Haldia,India,IND,2,5,0,0
2023-11-24,port883,Paradip,India,IND,3,4,20323,139278
2023-11-25,port1367,Visakhapatnam,India,IND,4,6,104358,23773
2023-11-25,port2299,Gopalpur,India,IND,1,1,22395,22579
2023-11-25,port290,Dhamra Port,India,IND,2,2,0,113099
2023-11-25,port442,Haldia,India,IND,3,5,120851,0
2023-11-25,port883,Paradip,India,IND,4,5,191004,81990
2023-11-26,port1367,Visakhapatnam,India,IND,3,7,100836,60652
2023-11-26,port2299,Gopalpur,India,IND,1,1,76032,0
2023-11-26,port290,Dhamra Port,India,IND,2,2,41472,70797
2023-11-26,port442,Haldia,India,IND,4,6,118012,55642
2023-11-26,port883,Paradip,India,IND,3,3,42533,108055
2023-11-27,port1367,Visakhapatnam,India,IND,4,5,161799,102530
2023-11-27,port2299,Gopalpur,India,IND,1,1,0,27862
2023-11-27,port290,Dhamra Port,India,IND,1,1,41491,19184
2023-11-27,port442,Haldia,India,IND,1,1,23224,0
2023-11-27,port883,Paradip,India,IND,2,3,0,157415
2023-11-28,port1367,Visakhapatnam,India,IND,3,5,115388,46625
2023-11-28,port2299,Gopalpur,India,IND,0,0,0,0
2023-11-28,port290,Dhamra Port,India,IND,0,0,0,0
2023-11-28,port442,Haldia,India,IND,1,3,20514,0
2023-11-28,port883,Paradip,India,IND,3,4,66526,0
2023-11-29,port1367,Visakhapatnam,India,IND,3,4,0,54817
2023-11-29,port2299,Gopalpur,India,IND,2,2,44791,45159
2023-11-29,port290,Dhamra Port,India,IND,1,1,0,49340
2023-11-29,port442,Haldia,India,IND,3,5,89456,0
2023-11-29,port883,Paradip,India,IND,4,5,140364,0
2023-11-30,port1367,Visakhapatnam,India,IND,3,4,105955,53671
2023-11-30,port2299,Gopalpur,India,IND,1,1,0,51344
2023-11-30,port290,Dhamra Port,India,IND,2,2,0,131204
2023-11-30,port442,Haldia,India,IND,3,4,103872,3059
2023-11-30,port883,Paradip,India,IND,3,3,54767,145153
2023-12-01,port1367,Visakhapatnam,India,IND,1,1,0,54420
2023-12-01,port2299,Gopalpur,India,IND,0,0,0,0
2023-12-01,port290,Dhamra Port,India,IND,2,2,197645,19184
2023-12-01,port442,Haldia,India,IND,2,3,23295,3059
2023-12-01,port883,Paradip,India,IND,3,3,75705,30268
2023-12-02,port1367,Visakhapatnam,India,IND,4,4,100078,0
2023-12-02,port2299,Gopalpur,India,IND,1,1,0,59355
2023-12-02,port290,Dhamra Port,India,IND,0,0,0,0
2023-12-02,port442,Haldia,India,IND,7,10,78987,38744
2023-12-02,port883,Paradip,India,IND,1,1,27706,0
2023-12-03,port1367,Visakhapatnam,India,IND,3,4,89557,31473
2023-12-03,port2299,Gopalpur,India,IND,0,0,0,0
2023-12-03,port290,Dhamra Port,India,IND,0,0,0,0
2023-12-03,port442,Haldia,India,IND,1,3,0,0
2023-12-03,port883,Paradip,India,IND,5,5,137692,108963
2023-12-04,port1367,Visakhapatnam,India,IND,0,0,0,0
2023-12-04,port2299,Gopalpur,India,IND,0,0,0,0
2023-12-04,port290,Dhamra Port,India,IND,1,1,0,56015
2023-12-04,port442,Haldia,India,IND,4,4,102306,56455
2023-12-04,port883,Paradip,India,IND,3,3,25075,91640
2023-12-05,port1367,Visakhapatnam,India,IND,1,2,78860,0
2023-12-05,port2299,Gopalpur,India,IND,0,0,0,0
2023-12-05,port290,Dhamra Port,India,IND,1,1,0,25642
2023-12-05,port442,Haldia,India,IND,3,4,97625,3059
2023-12-05,port883,Paradip,India,IND,4,5,61701,138112
2023-12-06,port1367,Visakhapatnam,India,IND,4,8,74981,70720
2023-12-06,port2299,Gopalpur,India,IND,0,0,0,0
2023-12-06,port290,Dhamra Port,India,IND,0,0,0,0
2023-12-06,port442,Haldia,India,IND,1,2,0,26576
2023-12-06,port883,Paradip,India,IND,1,1,20323,30268
2023-12-07,port1367,Visakhapatnam,India,IND,2,4,119610,0
2023-12-07,port2299,Gopalpur,India,IND,1,1,3871,0
2023-12-07,port290,Dhamra Port,India,IND,3,3,130788,38369
2023-12-07,port442,Haldia,India,IND,1,2,2283,0
2023-12-07,port883,Paradip,India,IND,1,1,0,77604
2023-12-08,port1367,Visakhapatnam,India,IND,5,5,217475,173710
2023-12-08,port2299,Gopalpur,India,IND,0,0,0,0
2023-12-08,port290,Dhamra Port,India,IND,0,0,0,0
2023-12-08,port442,Haldia,India,IND,1,1,26882,0
2023-12-08,port883,Paradip,India,IND,0,1,0,0
2023-12-09,port1367,Visakhapatnam,India,IND,1,2,166670,0
2023-12-09,port2299,Gopalpur,India,IND,1,1,42237,0
2023-12-09,port290,Dhamra Port,India,IND,2,2,74070,7740
2023-12-09,port442,Haldia,India,IND,4,5,105385,0
2023-12-09,port883,Paradip,India,IND,2,3,20323,57974
2023-12-10,port1367,Visakhapatnam,India,IND,1,2,28053,0
2023-12-10,port2299,Gopalpur,India,IND,0,0,0,0
2023-12-10,port290,Dhamra Port,India,IND,1,1,71752,0
2023-12-10,port442,Haldia,India,IND,0,1,0,0
2023-12-10,port883,Paradip,India,IND,4,5,53242,130912
2023-12-11,port1367,Visakhapatnam,India,IND,3,3,184935,30195
2023-12-11,port2299,Gopalpur,India,IND,0,0,0,0
2023-12-11,port290,Dhamra Port,India,IND,3,3,159123,19184
2023-12-11,port442,Haldia,India,IND,3,3,117317,6551
2023-12-11,port883,Paradip,India,IND,4,4,194121,68997
2023-12-12,port1367,Visakhapatnam,India,IND,0,4,0,0
2023-12-12,port2299,Gopalpur,India,IND,0,0,0,0
2023-12-12,port290,Dhamra Port,India,IND,0,0,0,0
2023-12-12,port442,Haldia,India,IND,2,4,78625,0
2023-12-12,port883,Paradip,India,IND,1,2,0,72713
2023-12-13,port1367,Visakhapatnam,India,IND,3,4,148484,0
2023-12-13,port2299,Gopalpur,India,IND,2,2,22395,49166
2023-12-13,port290,Dhamra Port,India,IND,2,2,134902,19184
2023-12-13,port442,Haldia,India,IND,1,6,0,11626
2023-12-13,port883,Paradip,India,IND,4,5,0,225646
2023-12-14,port1367,Visakhapatnam,India,IND,1,3,0,69844
2023-12-14,port2299,Gopalpur,India,IND,0,0,0,0
2023-12-14,port290,Dhamra Port,India,IND,0,0,0,0
2023-12-14,port442,Haldia,India,IND,3,4,0,8720
2023-12-14,port883,Paradip,India,IND,1,1,2773,0
2023-12-15,port1367,Visakhapatnam,India,IND,7,8,374236,23375
2023-12-15,port2299,Gopalpur,India,IND,1,2,0,15731
2023-12-15,port290,Dhamra Port,India,IND,3,3,118099,19184
2023-12-15,port442,Haldia,India,IND,1,3,8176,0
2023-12-15,port883,Paradip,India,IND,5,5,63785,101928
2023-12-16,port1367,Visakhapatnam,India,IND,2,3,37470,23617
2023-12-16,port2299,Gopalpur,India,IND,1,1,0,63473
2023-12-16,port290,Dhamra Port,India,IND,3,3,76742,56323
2023-12-16,port442,Haldia,India,IND,3,3,78605,0
2023-12-16,port883,Paradip,India,IND,2,2,20323,103324
2023-12-17,port1367,Visakhapatnam,India,IND,3,3,276801,15736
2023-12-17,port2299,Gopalpur,India,IND,0,0,0,0
2023-12-17,port290,Dhamra Port,India,IND,2,2,107911,60646
2023-12-17,port442,Haldia,India,IND,2,4,63495,0
2023-12-17,port883,Paradip,India,IND,2,2,20323,133751
2023-12-18,port1367,Visakhapatnam,India,IND,0,3,0,0
2023-12-18,port2299,Gopalpur,India,IND,0,0,0,0
2023-12-18,port290,Dhamra Port,India,IND,0,0,0,0
2023-12-18,port442,Haldia,India,IND,3,6,60469,3059
2023-12-18,port883,Paradip,India,IND,1,1,0,0
2023-12-19,port1367,Visakhapatnam,India,IND,4,4,34294,264385
2023-12-19,port2299,Gopalpur,India,IND,0,0,0,0
2023-12-19,port290,Dhamra Port,India,IND,1,1,41454,0
2023-12-19,port442,Haldia,India,IND,1,1,72468,0
2023-12-19,port883,Paradip,India,IND,2,2,77629,33199
2023-12-20,port1367,Visakhapatnam,India,IND,2,2,0,90207
2023-12-20,port2299,Gopalpur,India,IND,0,0,0,0
2023-12-20,port290,Dhamra Port,India,IND,4,4,41491,156426
2023-12-20,port442,Haldia,India,IND,5,7,57470,3059
2023-12-20,port883,Paradip,India,IND,2,4,20323,88331
2023-12-21,port1367,Visakhapatnam,India,IND,4,5,130441,0
2023-12-21,port2299,Gopalpur,India,IND,0,0,0,0
2023-12-21,port290,Dhamra Port,India,IND,0,0,0,0
2023-12-21,port442,Haldia,India,IND,2,4,79282,0
2023-12-21,port883,Paradip,India,IND,0,0,0,0
2023-12-22,port1367,Visakhapatnam,India,IND,3,7,232777,0
2023-12-22,port2299,Gopalpur,India,IND,0,0,0,0
2023-12-22,port290,Dhamra Port,India,IND,1,1,0,54236
2023-12-22,port442,Haldia,India,IND,4,5,99852,0
2023-12-22,port883,Paradip,India,IND,5,5,32508,219221
2023-12-23,port1367,Visakhapatnam,India,IND,1,1,79730,0
2023-12-23,port2299,Gopalpur,India,IND,0,0,0,0
2023-12-23,port290,Dhamra Port,India,IND,2,2,109426,19184
2023-12-23,port442,Haldia,India,IND,3,5,23295,41419
2023-12-23,port883,Paradip,India,IND,5,5,93334,89757
2023-12-24,port1367,Visakhapatnam,India,IND,5,6,240651,0
2023-12-24,port2299,Gopalpur,India,IND,0,0,0,0
2023-12-24,port290,Dhamra Port,India,IND,1,1,79591,0
2023-12-24,port442,Haldia,India,IND,3,6,23295,3059
2023-12-24,port883,Paradip,India,IND,2,2,33918,68295
2023-12-25,port1367,Visakhapatnam,India,IND,3,3,150395,15736
2023-12-25,port2299,Gopalpur,India,IND,0,0,0,0
2023-12-25,port290,Dhamra Port,India,IND,3,3,159391,115040
2023-12-25,port442,Haldia,India,IND,4,6,51152,9923
2023-12-25,port883,Paradip,India,IND,5,5,69932,185260
2023-12-26,port1367,Visakhapatnam,India,IND,3,6,191997,0
2023-12-26,port2299,Gopalpur,India,IND,0,0,0,0
2023-12-26,port290,Dhamra Port,India,IND,1,1,0,53233
2023-12-26,port442,Haldia,India,IND,2,3,26498,3059
2023-12-26,port883,Paradip,India,IND,4,4,63163,157427
2023-12-27,port1367,Visakhapatnam,India,IND,3,3,64646,56385
2023-12-27,port2299,Gopalpur,India,IND,2,2,0,107977
2023-12-27,port290,Dhamra Port,India,IND,0,0,0,0
2023-12-27,port442,Haldia,India,IND,4,8,133585,3059
2023-12-27,port883,Paradip,India,IND,3,4,28275,119085
2023-12-28,port1367,Visakhapatnam,India,IND,4,5,113211,100837
2023-12-28,port2299,Gopalpur,India,IND,0,0,0,0
2023-12-28,port290,Dhamra Port,India,IND,2,2,78646,0
2023-12-28,port442,Haldia,India,IND,3,4,46591,6118
2023-12-28,port883,Paradip,India,IND,3,3,97343,28488
2023-12-29,port1367,Visakhapatnam,India,IND,4,6,242594,53071
2023-12-29,port2299,Gopalpur,India,IND,0,0,0,0
2023-12-29,port290,Dhamra Port,India,IND,0,0,0,0
2023-12-29,port442,Haldia,India,IND,1,4,23295,3059
2023-12-29,port883,Paradip,India,IND,2,3,0,123037
2023-12-30,port1367,Visakhapatnam,India,IND,5,6,101219,119372
2023-12-30,port2299,Gopalpur,India,IND,1,1,0,0
2023-12-30,port290,Dhamra Port,India,IND,1,1,0,54339
2023-12-30,port442,Haldia,India,IND,3,6,50671,3059
2023-12-30,port883,Paradip,India,IND,4,6,224195,30268
2023-12-31,port1367,Visakhapatnam,India,IND,3,3,71412,0
2023-12-31,port2299,Gopalpur,India,IND,1,1,0,53227
2023-12-31,port290,Dhamra Port,India,IND,1,1,0,0
2023-12-31,port442,Haldia,India,IND,1,1,5653,0
2023-12-31,port883,Paradip,India,IND,2,3,78890,58726
2024-01-01,port1367,Visakhapatnam,India,IND,1,2,0,75438
2024-01-01,port2299,Gopalpur,India,IND,0,0,0,0
2024-01-01,port290,Dhamra Port,India,IND,1,1,0,0
2024-01-01,port442,Haldia,India,IND,2,4,80265,0
2024-01-01,port883,Paradip,India,IND,7,7,223724,218572
2024-01-02,port1367,Visakhapatnam,India,IND,4,5,192681,15736
2024-01-02,port2299,Gopalpur,India,IND,1,1,22395,22579
2024-01-02,port290,Dhamra Port,India,IND,1,1,0,0
2024-01-02,port442,Haldia,India,IND,1,2,0,22887
2024-01-02,port883,Paradip,India,IND,3,4,0,162472
2024-01-03,port1367,Visakhapatnam,India,IND,4,6,26711,108931
2024-01-03,port2299,Gopalpur,India,IND,0,0,0,0
2024-01-03,port290,Dhamra Port,India,IND,2,2,41491,72816
2024-01-03,port442,Haldia,India,IND,2,3,47107,3059
2024-01-03,port883,Paradip,India,IND,2,3,73165,103477
2024-01-04,port1367,Visakhapatnam,India,IND,3,4,152543,31473
2024-01-04,port2299,Gopalpur,India,IND,2,3,0,28403
2024-01-04,port290,Dhamra Port,India,IND,1,1,73125,0
2024-01-04,port442,Haldia,India,IND,4,5,0,34173
2024-01-04,port883,Paradip,India,IND,3,3,61379,81439
2024-01-05,port1367,Visakhapatnam,India,IND,3,3,153338,15736
2024-01-05,port2299,Gopalpur,India,IND,0,0,0,0
2024-01-05,port290,Dhamra Port,India,IND,0,0,0,0
2024-01-05,port442,Haldia,India,IND,1,6,0,0
2024-01-05,port883,Paradip,India,IND,2,3,0,98496
2024-01-06,port1367,Visakhapatnam,India,IND,3,4,85314,15736
2024-01-06,port2299,Gopalpur,India,IND,1,1,22395,22579
2024-01-06,port290,Dhamra Port,India,IND,1,1,165250,0
2024-01-06,port442,Haldia,India,IND,2,5,0,25957
2024-01-06,port883,Paradip,India,IND,8,9,76267,241857
2024-01-07,port1367,Visakhapatnam,India,IND,6,6,242784,28491
2024-01-07,port2299,Gopalpur,India,IND,0,0,0,0
2024-01-07,port290,Dhamra Port,India,IND,1,1,0,58816
2024-01-07,port442,Haldia,India,IND,1,3,0,0
2024-01-07,port883,Paradip,India,IND,2,3,20323,90856
2024-01-08,port1367,Visakhapatnam,India,IND,4,4,188123,56415
2024-01-08,port2299,Gopalpur,India,IND,2,2,44791,45159
2024-01-08,port290,Dhamra Port,India,IND,2,2,72944,60830
2024-01-08,port442,Haldia,India,IND,3,4,23295,63759
2024-01-08,port883,Paradip,India,IND,5,5,110961,137202
2024-01-09,port1367,Visakhapatnam,India,IND,4,6,113227,138830
2024-01-09,port2299,Gopalpur,India,IND,0,0,0,0
2024-01-09,port290,Dhamra Port,India,IND,2,2,41827,71329
2024-01-09,port442,Haldia,India,IND,4,6,88077,3059
2024-01-09,port883,Paradip,India,IND,6,7,52691,212108
2024-01-10,port1367,Visakhapatnam,India,IND,5,7,289083,15736
2024-01-10,port2299,Gopalpur,India,IND,0,0,0,0
2024-01-10,port290,Dhamra Port,India,IND,0,0,0,0
2024-01-10,port442,Haldia,India,IND,1,2,0,543
2024-01-10,port883,Paradip,India,IND,3,3,76743,71664
2024-01-11,port1367,Visakhapatnam,India,IND,4,4,72791,70504
2024-01-11,port2299,Gopalpur,India,IND,2,2,113937,54396
2024-01-11,port290,Dhamra Port,India,IND,0,0,0,0
2024-01-11,port442,Haldia,India,IND,3,6,2671,684
2024-01-11,port883,Paradip,India,IND,4,4,61813,145470
2024-01-12,port1367,Visakhapatnam,India,IND,5,6,144218,114486
2024-01-12,port2299,Gopalpur,India,IND,0,0,0,0
2024-01-12,port290,Dhamra Port,India,IND,2,2,0,109285
2024-01-12,port442,Haldia,India,IND,4,4,84743,6118
2024-01-12,port883,Paradip,India,IND,2,3,35654,72441
2024-01-13,port1367,Visakhapatnam,India,IND,2,3,47604,15736
2024-01-13,port2299,Gopalpur,India,IND,2,2,44791,45159
2024-01-13,port290,Dhamra Port,India,IND,0,0,0,0
2024-01-13,port442,Haldia,India,IND,1,2,0,35192
2024-01-13,port883,Paradip,India,IND,4,4,20323,200507
2024-01-14,port1367,Visakhapatnam,India,IND,1,2,0,33190
2024-01-14,port2299,Gopalpur,India,IND,0,0,0,0
2024-01-14,port290,Dhamra Port,India,IND,3,3,38079,64279
2024-01-14,port442,Haldia,India,IND,2,3,25526,0
2024-01-14,port883,Paradip,India,IND,3,4,131775,34569
2024-01-15,port1367,Visakhapatnam,India,IND,3,3,199307,64874
2024-01-15,port2299,Gopalpur,India,IND,0,0,0,0
2024-01-15,port290,Dhamra Port,India,IND,0,0,0,0
2024-01-15,port442,Haldia,India,IND,5,5,62371,45899
2024-01-15,port883,Paradip,India,IND,2,2,20323,65309
2024-01-16,port1367,Visakhapatnam,India,IND,3,4,85681,51226
2024-01-16,port2299,Gopalpur,India,IND,0,0,0,0
2024-01-16,port290,Dhamra Port,India,IND,2,2,0,85709
2024-01-16,port442,Haldia,India,IND,2,4,32421,0
2024-01-16,port883,Paradip,India,IND,4,5,21897,150060
2024-01-17,port1367,Visakhapatnam,India,IND,0,2,0,0
2024-01-17,port2299,Gopalpur,India,IND,1,1,22395,22579
2024-01-17,port290,Dhamra Port,India,IND,0,0,0,0
2024-01-17,port442,Haldia,India,IND,4,4,65428,6118
2024-01-17,port883,Paradip,India,IND,3,3,20323,127553
2024-01-18,port1367,Visakhapatnam,India,IND,2,4,0,102813
2024-01-18,port2299,Gopalpur,India,IND,0,0,0,0
2024-01-18,port290,Dhamra Port,India,IND,0,0,0,0
2024-01-18,port442,Haldia,India,IND,2,2,157226,0
2024-01-18,port883,Paradip,India,IND,1,1,23339,0
2024-01-19,port1367,Visakhapatnam,India,IND,6,8,325225,31473
2024-01-19,port2299,Gopalpur,India,IND,0,0,0,0
2024-01-19,port290,Dhamra Port,India,IND,0,0,0,0
2024-01-19,port442,Haldia,India,IND,0,4,0,0
2024-01-19,port883,Paradip,India,IND,2,2,0,149119
2024-01-20,port1367,Visakhapatnam,India,IND,4,5,24835,188633
2024-01-20,port2299,Gopalpur,India,IND,1,1,0,53699
2024-01-20,port290,Dhamra Port,India,IND,2,2,0,72577
2024-01-20,port442,Haldia,India,IND,1,2,23295,3059
2024-01-20,port883,Paradip,India,IND,1,2,20323,30268
2024-01-21,port1367,Visakhapatnam,India,IND,1,1,34294,15736
2024-01-21,port2299,Gopalpur,India,IND,0,0,0,0
2024-01-21,port290,Dhamra Port,India,IND,1,1,41491,19184
2024-01-21,port442,Haldia,India,IND,4,5,182893,6118
2024-01-21,port883,Paradip,India,IND,2,2,40646,60537
2024-01-22,port1367,Visakhapatnam,India,IND,2,3,148024,0
2024-01-22,port2299,Gopalpur,India,IND,1,1,0,53707
2024-01-22,port290,Dhamra Port,India,IND,0,0,0,0
2024-01-22,port442,Haldia,India,IND,3,6,49870,0
2024-01-22,port883,Paradip,India,IND,3,4,40646,103025
2024-01-23,port1367,Visakhapatnam,India,IND,4,5,410601,0
2024-01-23,port2299,Gopalpur,India,IND,0,0,0,0
2024-01-23,port290,Dhamra Port,India,IND,0,0,0,0
2024-01-23,port442,Haldia,India,IND,1,3,0,0
2024-01-23,port883,Paradip,India,IND,3,4,33889,127001
2024-01-24,port1367,Visakhapatnam,India,IND,3,5,166518,103477
2024-01-24,port2299,Gopalpur,India,IND,0,0,0,0
2024-01-24,port290,Dhamra Port,India,IND,3,3,41491,71301
2024-01-24,port442,Haldia,India,IND,1,3,39716,0
2024-01-24,port883,Paradip,India,IND,2,3,40646,60537
2024-01-25,port1367,Visakhapatnam,India,IND,4,4,84721,82709
2024-01-25,port2299,Gopalpur,India,IND,0,0,0,0
2024-01-25,port290,Dhamra Port,India,IND,0,0,0,0
2024-01-25,port442,Haldia,India,IND,2,6,78424,0
2024-01-25,port883,Paradip,India,IND,3,3,40646,151601
2024-01-26,port1367,Visakhapatnam,India,IND,2,2,113851,15736
2024-01-26,port2299,Gopalpur,India,IND,1,1,0,30279
2024-01-26,port290,Dhamra Port,India,IND,0,0,0,0
2024-01-26,port442,Haldia,India,IND,4,7,157635,0
2024-01-26,port883,Paradip,India,IND,0,0,0,0
2024-01-27,port1367,Visakhapatnam,India,IND,2,3,0,54438
2024-01-27,port2299,Gopalpur,India,IND,1,1,22395,22579
2024-01-27,port290,Dhamra Port,India,IND,0,0,0,0
2024-01-27,port442,Haldia,India,IND,3,5,46591,9292
2024-01-27,port883,Paradip,India,IND,5,5,155035,189124
2024-01-28,port1367,Visakhapatnam,India,IND,0,1,0,0
2024-01-28,port2299,Gopalpur,India,IND,0,0,0,0
2024-01-28,port290,Dhamra Port,India,IND,3,3,82983,62085
2024-01-28,port442,Haldia,India,IND,1,3,78921,0
2024-01-28,port883,Paradip,India,IND,2,2,0,147587
2024-01-29,port1367,Visakhapatnam,India,IND,5,7,90118,84411
2024-01-29,port2299,Gopalpur,India,IND,0,0,0,0
2024-01-29,port290,Dhamra Port,India,IND,0,0,0,0
2024-01-29,port442,Haldia,India,IND,2,4,112483,0
2024-01-29,port883,Paradip,India,IND,4,5,99396,163187
2024-01-30,port1367,Visakhapatnam,India,IND,2,3,34294,86619
2024-01-30,port2299,Gopalpur,India,IND,0,0,0,0
2024-01-30,port290,Dhamra Port,India,IND,1,1,0,58886
2024-01-30,port442,Haldia,India,IND,2,5,83173,3059
2024-01-30,port883,Paradip,India,IND,1,1,20323,30268
2024-01-31,port1367,Visakhapatnam,India,IND,2,6,34294,118267
2024-01-31,port2299,Gopalpur,India,IND,1,1,22395,22579
2024-01-31,port290,Dhamra Port,India,IND,0,0,0,0
2024-01-31,port442,Haldia,India,IND,3,6,52333,5862
2024-01-31,port883,Paradip,India,IND,3,3,30277,30268
2024-02-01,port1367,Visakhapatnam,India,IND,2,2,68588,31473
2024-02-01,port2299,Gopalpur,India,IND,0,0,0,0
2024-02-01,port290,Dhamra Port,India,IND,0,0,0,0
2024-02-01,port442,Haldia,India,IND,1,2,23295,3059
2024-02-01,port883,Paradip,India,IND,5,6,81292,164145
2024-02-02,port1367,Visakhapatnam,India,IND,3,3,99654,13695
2024-02-02,port2299,Gopalpur,India,IND,0,0,0,0
2024-02-02,port290,Dhamra Port,India,IND,0,0,0,0
2024-02-02,port442,Haldia,India,IND,1,2,23295,3059
2024-02-02,port883,Paradip,India,IND,5,5,98312,133251
2024-02-03,port1367,Visakhapatnam,India,IND,0,2,0,0
2024-02-03,port2299,Gopalpur,India,IND,3,3,22395,128693
2024-02-03,port290,Dhamra Port,India,IND,0,0,0,0
2024-02-03,port442,Haldia,India,IND,3,5,69887,9178
2024-02-03,port883,Paradip,India,IND,2,2,20323,58093
2024-02-04,port1367,Visakhapatnam,India,IND,1,2,34294,15736
2024-02-04,port2299,Gopalpur,India,IND,0,0,0,0
2024-02-04,port290,Dhamra Port,India,IND,2,2,82983,38369
2024-02-04,port442,Haldia,India,IND,2,4,133619,0
2024-02-04,port883,Paradip,India,IND,3,4,40646,114932
2024-02-05,port1367,Visakhapatnam,India,IND,0,1,0,0
2024-02-05,port2299,Gopalpur,India,IND,0,0,0,0
2024-02-05,port290,Dhamra Port,India,IND,1,1,79093,0
2024-02-05,port442,Haldia,India,IND,1,3,0,0
2024-02-05,port883,Paradip,India,IND,1,2,61593,0
2024-02-06,port1367,Visakhapatnam,India,IND,2,2,72889,15736
2024-02-06,port2299,Gopalpur,India,IND,1,1,1059,0
2024-02-06,port290,Dhamra Port,India,IND,1,1,41491,19184
2024-02-06,port442,Haldia,India,IND,3,4,128782,0
2024-02-06,port883,Paradip,India,IND,4,4,149291,108336
2024-02-07,port1367,Visakhapatnam,India,IND,1,1,0,103635
2024-02-07,port2299,Gopalpur,India,IND,2,2,0,54430
2024-02-07,port290,Dhamra Port,India,IND,1,1,41491,19184
2024-02-07,port442,Haldia,India,IND,2,2,78119,0
2024-02-07,port883,Paradip,India,IND,6,6,81977,175568
2024-02-08,port1367,Visakhapatnam,India,IND,1,2,81986,0
2024-02-08,port2299,Gopalpur,India,IND,0,0,0,0
2024-02-08,port290,Dhamra Port,India,IND,2,2,0,117424
2024-02-08,port442,Haldia,India,IND,2,3,56167,3059
2024-02-08,port883,Paradip,India,IND,3,3,20323,197877
2024-02-09,port1367,Visakhapatnam,India,IND,4,5,78982,115077
2024-02-09,port2299,Gopalpur,India,IND,1,1,22395,22579
2024-02-09,port290,Dhamra Port,India,IND,0,0,0,0
2024-02-09,port442,Haldia,India,IND,3,3,179468,3059
2024-02-09,port883,Paradip,India,IND,2,2,40646,60537
2024-02-10,port1367,Visakhapatnam,India,IND,2,4,78926,15736
2024-02-10,port2299,Gopalpur,India,IND,1,1,50056,0
2024-02-10,port290,Dhamra Port,India,IND,1,1,0,22011
2024-02-10,port442,Haldia,India,IND,1,3,23295,3059
2024-02-10,port883,Paradip,India,IND,4,5,117441,683
2024-02-11,port1367,Visakhapatnam,India,IND,3,4,236875,31473
2024-02-11,port2299,Gopalpur,India,IND,0,0,0,0
2024-02-11,port290,Dhamra Port,India,IND,3,3,161624,115409
2024-02-11,port442,Haldia,India,IND,1,4,23295,3059
2024-02-11,port883,Paradip,India,IND,4,4,40646,176825
2024-02-12,port1367,Visakhapatnam,India,IND,4,4,214081,69844
2024-02-12,port2299,Gopalpur,India,IND,1,1,77929,0
2024-02-12,port290,Dhamra Port,India,IND,0,0,0,0
2024-02-12,port442,Haldia,India,IND,2,4,56993,3059
2024-02-12,port883,Paradip,India,IND,2,2,79264,61344
2024-02-13,port1367,Visakhapatnam,India,IND,4,5,118344,86031
2024-02-13,port2299,Gopalpur,India,IND,0,0,0,0
2024-02-13,port290,Dhamra Port,India,IND,2,2,79310,1306
2024-02-13,port442,Haldia,India,IND,2,4,58792,58891
2024-02-13,port883,Paradip,India,IND,3,3,40646,103025
2024-02-14,port1367,Visakhapatnam,India,IND,2,4,82864,15736
2024-02-14,port2299,Gopalpur,India,IND,0,0,0,0
2024-02-14,port290,Dhamra Port,India,IND,2,2,41491,19770
2024-02-14,port442,Haldia,India,IND,0,3,0,0
2024-02-14,port883,Paradip,India,IND,2,3,72030,4005
2024-02-15,port1367,Visakhapatnam,India,IND,2,4,32933,78067
2024-02-15,port2299,Gopalpur,India,IND,1,1,0,54373
2024-02-15,port290,Dhamra Port,India,IND,0,0,0,0
2024-02-15,port442,Haldia,India,IND,1,6,0,0
2024-02-15,port883,Paradip,India,IND,1,1,20323,30268
2024-02-16,port1367,Visakhapatnam,India,IND,4,6,169309,42107
2024-02-16,port2299,Gopalpur,India,IND,1,1,42540,0
2024-02-16,port290,Dhamra Port,India,IND,2,2,41491,73560
2024-02-16,port442,Haldia,India,IND,4,5,125700,6118
2024-02-16,port883,Paradip,India,IND,3,4,0,69199
2024-02-17,port1367,Visakhapatnam,India,IND,3,6,173245,89210
2024-02-17,port2299,Gopalpur,India,IND,0,0,0,0
2024-02-17,port290,Dhamra Port,India,IND,1,1,0,53827
2024-02-17,port442,Haldia,India,IND,1,2,0,2724
2024-02-17,port883,Paradip,India,IND,2,2,40390,30268
2024-02-18,port1367,Visakhapatnam,India,IND,1,3,34294,15736
2024-02-18,port2299,Gopalpur,India,IND,1,1,0,58792
2024-02-18,port290,Dhamra Port,India,IND,1,1,0,0
2024-02-18,port442,Haldia,India,IND,0,1,0,0
2024-02-18,port883,Paradip,India,IND,3,4,0,128269
2024-02-19,port1367,Visakhapatnam,India,IND,0,1,0,0
2024-02-19,port2299,Gopalpur,India,IND,0,0,0,0
2024-02-19,port290,Dhamra Port,India,IND,0,0,0,0
2024-02-19,port442,Haldia,India,IND,1,4,23295,3059
2024-02-19,port883,Paradip,India,IND,4,5,93448,143110
2024-02-20,port1367,Visakhapatnam,India,IND,4,5,239495,81531
2024-02-20,port2299,Gopalpur,India,IND,0,0,0,0
2024-02-20,port290,Dhamra Port,India,IND,0,0,0,0
2024-02-20,port442,Haldia,India,IND,0,1,0,0
2024-02-20,port883,Paradip,India,IND,3,3,20323,153244
2024-02-21,port1367,Visakhapatnam,India,IND,4,4,34294,131861
2024-02-21,port2299,Gopalpur,India,IND,0,0,0,0
2024-02-21,port290,Dhamra Port,India,IND,3,3,41491,127697
2024-02-21,port442,Haldia,India,IND,2,5,23295,3059
2024-02-21,port883,Paradip,India,IND,4,4,47282,88030
2024-02-22,port1367,Visakhapatnam,India,IND,3,4,50597,95694
2024-02-22,port2299,Gopalpur,India,IND,0,0,0,0
2024-02-22,port290,Dhamra Port,India,IND,2,2,41491,19184
2024-02-22,port442,Haldia,India,IND,3,5,83189,6118
2024-02-22,port883,Paradip,India,IND,4,4,115992,105780
2024-02-23,port1367,Visakhapatnam,India,IND,4,5,68588,108792
2024-02-23,port2299,Gopalpur,India,IND,1,1,22395,22579
2024-02-23,port290,Dhamra Port,India,IND,2,2,41491,70903
2024-02-23,port442,Haldia,India,IND,0,2,0,0
2024-02-23,port883,Paradip,India,IND,1,1,0,79814
2024-02-24,port1367,Visakhapatnam,India,IND,4,4,247143,0
2024-02-24,port2299,Gopalpur,India,IND,1,1,22395,22579
2024-02-24,port290,Dhamra Port,India,IND,1,1,0,54535
2024-02-24,port442,Haldia,India,IND,1,4,33204,0
2024-02-24,port883,Paradip,India,IND,2,3,40646,60537
2024-02-25,port1367,Visakhapatnam,India,IND,2,5,78938,0
2024-02-25,port2299,Gopalpur,India,IND,0,0,0,0
2024-02-25,port290,Dhamra Port,India,IND,4,4,239347,72905
2024-02-25,port442,Haldia,India,IND,2,7,159458,0
2024-02-25,port883,Paradip,India,IND,5,6,69357,149977
2024-02-26,port1367,Visakhapatnam,India,IND,4,5,208341,31473
2024-02-26,port2299,Gopalpur,India,IND,1,1,51181,0
2024-02-26,port290,Dhamra Port,India,IND,1,1,30978,0
2024-02-26,port442,Haldia,India,IND,1,1,78907,0
2024-02-26,port883,Paradip,India,IND,2,2,0,164926
2024-02-27,port1367,Visakhapatnam,India,IND,4,8,156394,31473
2024-02-27,port2299,Gopalpur,India,IND,0,0,0,0
2024-02-27,port290,Dhamra Port,India,IND,1,1,0,54203
2024-02-27,port442,Haldia,India,IND,1,1,77886,0
2024-02-27,port883,Paradip,India,IND,4,5,40646,132689
2024-02-28,port1367,Visakhapatnam,India,IND,5,7,105673,149120
2024-02-28,port2299,Gopalpur,India,IND,0,1,0,0
2024-02-28,port290,Dhamra Port,India,IND,2,2,41491,73235
2024-02-28,port442,Haldia,India,IND,0,1,0,0
2024-02-28,port883,Paradip,India,IND,2,2,34051,0
2024-02-29,port1367,Visakhapatnam,India,IND,6,9,257133,103424
2024-02-29,port2299,Gopalpur,India,IND,0,0,0,0
2024-02-29,port290,Dhamra Port,India,IND,0,0,0,0
2024-02-29,port442,Haldia,India,IND,3,7,94946,0
2024-02-29,port883,Paradip,India,IND,4,4,167041,60537
2024-03-01,port1367,Visakhapatnam,India,IND,7,9,151282,136461
2024-03-01,port2299,Gopalpur,India,IND,0,0,0,0
2024-03-01,port290,Dhamra Port,India,IND,1,1,41491,19184
2024-03-01,port442,Haldia,India,IND,4,6,122383,11376
2024-03-01,port883,Paradip,India,IND,3,4,20323,156196
2024-03-02,port1367,Visakhapatnam,India,IND,2,2,28191,78907
2024-03-02,port2299,Gopalpur,India,IND,0,0,0,0
2024-03-02,port290,Dhamra Port,India,IND,0,0,0,0
2024-03-02,port442,Haldia,India,IND,0,1,0,0
2024-03-02,port883,Paradip,India,IND,1,1,0,73951
2024-03-03,port1367,Visakhapatnam,India,IND,3,4,34294,109274
2024-03-03,port2299,Gopalpur,India,IND,0,0,0,0
2024-03-03,port290,Dhamra Port,India,IND,1,1,167468,0
2024-03-03,port442,Haldia,India,IND,3,4,100580,26961
2024-03-03,port883,Paradip,India,IND,5,5,94859,169389
2024-03-04,port1367,Visakhapatnam,India,IND,6,8,506111,44981
2024-03-04,port2299,Gopalpur,India,IND,0,0,0,0
2024-03-04,port290,Dhamra Port,India,IND,3,3,160589,7438
2024-03-04,port442,Haldia,India,IND,0,3,0,0
2024-03-04,port883,Paradip,India,IND,0,0,0,0
2024-03-05,port1367,Visakhapatnam,India,IND,2,2,68588,31473
2024-03-05,port2299,Gopalpur,India,IND,1,1,32735,0
2024-03-05,port290,Dhamra Port,India,IND,0,0,0,0
2024-03-05,port442,Haldia,India,IND,1,2,23295,3059
2024-03-05,port883,Paradip,India,IND,7,7,137789,191561
2024-03-06,port1367,Visakhapatnam,India,IND,3,3,73868,16292
2024-03-06,port2299,Gopalpur,India,IND,0,0,0,0
2024-03-06,port290,Dhamra Port,India,IND,0,0,0,0
2024-03-06,port442,Haldia,India,IND,4,6,156165,3059
2024-03-06,port883,Paradip,India,IND,1,1,0,73605
2024-03-07,port1367,Visakhapatnam,India,IND,4,5,111899,146353
2024-03-07,port2299,Gopalpur,India,IND,0,0,0,0
2024-03-07,port290,Dhamra Port,India,IND,1,1,41491,19184
2024-03-07,port442,Haldia,India,IND,2,4,102194,3059
2024-03-07,port883,Paradip,India,IND,2,2,0,124470
2024-03-08,port1367,Visakhapatnam,India,IND,4,5,60660,69915
2024-03-08,port2299,Gopalpur,India,IND,1,1,0,54367
2024-03-08,port290,Dhamra Port,India,IND,2,2,82983,38369
2024-03-08,port442,Haldia,India,IND,3,5,23295,115612
2024-03-08,port883,Paradip,India,IND,3,3,119965,0
2024-03-09,port1367,Visakhapatnam,India,IND,2,2,26802,15861
2024-03-09,port2299,Gopalpur,India,IND,0,0,0,0
2024-03-09,port290,Dhamra Port,India,IND,2,2,82983,38369
2024-03-09,port442,Haldia,India,IND,1,3,23295,3059
2024-03-09,port883,Paradip,India,IND,4,6,34120,127144
2024-03-10,port1367,Visakhapatnam,India,IND,3,3,150045,15736
2024-03-10,port2299,Gopalpur,India,IND,0,0,0,0
2024-03-10,port290,Dhamra Port,India,IND,0,0,0,0
2024-03-10,port442,Haldia,India,IND,2,2,78550,0
2024-03-10,port883,Paradip,India,IND,3,4,80676,69844
2024-03-11,port1367,Visakhapatnam,India,IND,4,5,102883,47210
2024-03-11,port2299,Gopalpur,India,IND,1,1,0,696
2024-03-11,port290,Dhamra Port,India,IND,4,4,77498,109458
2024-03-11,port442,Haldia,India,IND,2,3,80215,0
2024-03-11,port883,Paradip,India,IND,5,5,101754,85891
2024-03-12,port1367,Visakhapatnam,India,IND,4,6,118300,15736
2024-03-12,port2299,Gopalpur,India,IND,0,0,0,0
2024-03-12,port290,Dhamra Port,India,IND,0,0,0,0
2024-03-12,port442,Haldia,India,IND,3,3,117987,6118
2024-03-12,port883,Paradip,India,IND,1,1,0,0
2024-03-13,port1367,Visakhapatnam,India,IND,4,7,137177,62947
2024-03-13,port2299,Gopalpur,India,IND,1,1,0,0
2024-03-13,port290,Dhamra Port,India,IND,0,0,0,0
2024-03-13,port442,Haldia,India,IND,0,0,0,0
2024-03-13,port883,Paradip,India,IND,3,4,20323,107705
2024-03-14,port1367,Visakhapatnam,India,IND,3,5,123889,71359
2024-03-14,port2299,Gopalpur,India,IND,1,1,208,0
2024-03-14,port290,Dhamra Port,India,IND,1,1,0,54211
2024-03-14,port442,Haldia,India,IND,1,4,0,22941
2024-03-14,port883,Paradip,India,IND,2,2,0,56454
2024-03-15,port1367,Visakhapatnam,India,IND,5,7,144681,98033
2024-03-15,port2299,Gopalpur,India,IND,0,0,0,0
2024-03-15,port290,Dhamra Port,India,IND,3,3,90810,73398
2024-03-15,port442,Haldia,India,IND,0,0,0,0
2024-03-15,port883,Paradip,India,IND,7,8,81337,220705
2024-03-16,port1367,Visakhapatnam,India,IND,4,6,98842,55134
2024-03-16,port2299,Gopalpur,India,IND,0,0,0,0
2024-03-16,port290,Dhamra Port,India,IND,1,1,0,47325
2024-03-16,port442,Haldia,India,IND,2,5,23295,81076
2024-03-16,port883,Paradip,India,IND,1,2,2596,0
2024-03-17,port1367,Visakhapatnam,India,IND,3,4,53796,73626
2024-03-17,port2299,Gopalpur,India,IND,0,0,0,0
2024-03-17,port290,Dhamra Port,India,IND,2,2,128760,0
2024-03-17,port442,Haldia,India,IND,2,4,157547,0
2024-03-17,port883,Paradip,India,IND,1,1,20323,30268
2024-03-18,port1367,Visakhapatnam,India,IND,2,5,85184,15736
2024-03-18,port2299,Gopalpur,India,IND,0,0,0,0
2024-03-18,port290,Dhamra Port,India,IND,1,1,0,0
2024-03-18,port442,Haldia,India,IND,1,3,23295,3059
2024-03-18,port883,Paradip,India,IND,3,3,20323,138159
2024-03-19,port1367,Visakhapatnam,India,IND,2,2,84173,0
2024-03-19,port2299,Gopalpur,India,IND,0,0,0,0
2024-03-19,port290,Dhamra Port,India,IND,1,1,74133,0
2024-03-19,port442,Haldia,India,IND,1,2,0,2547
2024-03-19,port883,Paradip,India,IND,1,1,43287,0
2024-03-20,port1367,Visakhapatnam,India,IND,4,7,176298,31473
2024-03-20,port2299,Gopalpur,India,IND,0,0,0,0
2024-03-20,port290,Dhamra Port,India,IND,3,3,0,189608
2024-03-20,port442,Haldia,India,IND,1,4,23295,3059
2024-03-20,port883,Paradip,India,IND,4,4,40646,133383
2024-03-21,port1367,Visakhapatnam,India,IND,3,5,31329,47458
2024-03-21,port2299,Gopalpur,India,IND,0,0,0,0
2024-03-21,port290,Dhamra Port,India,IND,1,1,41491,19184
2024-03-21,port442,Haldia,India,IND,4,6,172435,0
2024-03-21,port883,Paradip,India,IND,2,2,0,125298
2024-03-22,port1367,Visakhapatnam,India,IND,1,3,0,27149
2024-03-22,port2299,Gopalpur,India,IND,0,0,0,0
2024-03-22,port290,Dhamra Port,India,IND,0,0,0,0
2024-03-22,port442,Haldia,India,IND,2,4,43083,0
2024-03-22,port883,Paradip,India,IND,1,1,20323,30268
2024-03-23,port1367,Visakhapatnam,India,IND,3,3,81109,173328
2024-03-23,port2299,Gopalpur,India,IND,1,1,0,4450
2024-03-23,port290,Dhamra Port,India,IND,0,0,0,0
2024-03-23,port442,Haldia,India,IND,2,2,65446,3059
2024-03-23,port883,Paradip,India,IND,4,4,40646,203316
2024-03-24,port1367,Visakhapatnam,India,IND,2,3,0,102219
2024-03-24,port2299,Gopalpur,India,IND,1,1,78509,0
2024-03-24,port290,Dhamra Port,India,IND,2,2,45063,19184
2024-03-24,port442,Haldia,India,IND,1,6,23295,3059
2024-03-24,port883,Paradip,India,IND,2,3,72179,77604
2024-03-25,port1367,Visakhapatnam,India,IND,2,4,38816,15736
2024-03-25,port2299,Gopalpur,India,IND,0,0,0,0
2024-03-25,port290,Dhamra Port,India,IND,1,1,0,31422
2024-03-25,port442,Haldia,India,IND,2,2,117321,0
2024-03-25,port883,Paradip,India,IND,1,1,20323,30268
2024-03-26,port1367,Visakhapatnam,India,IND,6,8,148370,184866
2024-03-26,port2299,Gopalpur,India,IND,0,0,0,0
2024-03-26,port290,Dhamra Port,India,IND,1,1,41491,19184
2024-03-26,port442,Haldia,India,IND,3,4,46591,50592
2024-03-26,port883,Paradip,India,IND,3,3,40646,60537
2024-03-27,port1367,Visakhapatnam,India,IND,1,5,0,55616
2024-03-27,port2299,Gopalpur,India,IND,1,1,22395,22579
2024-03-27,port290,Dhamra Port,India,IND,1,1,0,53222
2024-03-27,port442,Haldia,India,IND,1,4,23295,3059
2024-03-27,port883,Paradip,India,IND,3,3,30600,72713
2024-03-28,port1367,Visakhapatnam,India,IND,2,4,123450,0
2024-03-28,port2299,Gopalpur,India,IND,1,1,0,0
2024-03-28,port290,Dhamra Port,India,IND,2,2,169698,0
2024-03-28,port442,Haldia,India,IND,3,5,182568,0
2024-03-28,port883,Paradip,India,IND,2,2,20323,90837
2024-03-29,port1367,Visakhapatnam,India,IND,3,5,111642,15736
2024-03-29,port2299,Gopalpur,India,IND,0,0,0,0
2024-03-29,port290,Dhamra Port,India,IND,0,0,0,0
2024-03-29,port442,Haldia,India,IND,2,5,78848,79440
2024-03-29,port883,Paradip,India,IND,3,4,77811,88998
2024-03-30,port1367,Visakhapatnam,India,IND,4,5,70908,101742
2024-03-30,port2299,Gopalpur,India,IND,0,0,0,0
2024-03-30,port290,Dhamra Port,India,IND,1,1,160421,0
2024-03-30,port442,Haldia,India,IND,0,1,0,0
2024-03-30,port883,Paradip,India,IND,3,3,0,162801
2024-03-31,port1367,Visakhapatnam,India,IND,1,2,34294,15736
2024-03-31,port2299,Gopalpur,India,IND,0,0,0,0
2024-03-31,port290,Dhamra Port,India,IND,2,2,104257,29130
2024-03-31,port442,Haldia,India,IND,1,1,4714,0
2024-03-31,port883,Paradip,India,IND,2,2,0,69682
2024-04-01,port1367,Visakhapatnam,India,IND,3,6,137304,103507
2024-04-01,port2299,Gopalpur,India,IND,0,0,0,0
2024-04-01,port290,Dhamra Port,India,IND,2,2,41491,44532
2024-04-01,port442,Haldia,India,IND,0,1,0,0
2024-04-01,port883,Paradip,India,IND,4,4,113105,82329
2024-04-02,port1367,Visakhapatnam,India,IND,1,3,19954,0
2024-04-02,port2299,Gopalpur,India,IND,0,0,0,0
2024-04-02,port290,Dhamra Port,India,IND,0,0,0,0
2024-04-02,port442,Haldia,India,IND,0,1,0,0
2024-04-02,port883,Paradip,India,IND,3,4,25548,58354
2024-04-03,port1367,Visakhapatnam,India,IND,2,4,76450,15736
2024-04-03,port2299,Gopalpur,India,IND,0,0,0,0
2024-04-03,port290,Dhamra Port,India,IND,1,1,122223,0
2024-04-03,port442,Haldia,India,IND,0,2,0,0
2024-04-03,port883,Paradip,India,IND,3,4,20323,113444
2024-04-04,port1367,Visakhapatnam,India,IND,4,4,116278,71549
2024-04-04,port2299,Gopalpur,India,IND,0,0,0,0
2024-04-04,port290,Dhamra Port,India,IND,1,1,0,53442
2024-04-04,port442,Haldia,India,IND,0,2,0,0
2024-04-04,port883,Paradip,India,IND,5,5,108642,79943
2024-04-05,port1367,Visakhapatnam,India,IND,3,5,160571,58137
2024-04-05,port2299,Gopalpur,India,IND,0,0,0,0
2024-04-05,port290,Dhamra Port,India,IND,1,1,30655,0
2024-04-05,port442,Haldia,India,IND,1,5,23295,3059
2024-04-05,port883,Paradip,India,IND,4,4,78848,113430
2024-04-06,port1367,Visakhapatnam,India,IND,2,3,95204,15736
2024-04-06,port2299,Gopalpur,India,IND,0,0,0,0
2024-04-06,port290,Dhamra Port,India,IND,3,3,204265,89029
2024-04-06,port442,Haldia,India,IND,3,3,68718,3059
2024-04-06,port883,Paradip,India,IND,3,3,47099,89044
2024-04-07,port1367,Visakhapatnam,India,IND,2,3,23144,73951
2024-04-07,port2299,Gopalpur,India,IND,0,0,0,0
2024-04-07,port290,Dhamra Port,India,IND,1,1,41491,19184
2024-04-07,port442,Haldia,India,IND,1,7,0,0
2024-04-07,port883,Paradip,India,IND,0,0,0,0
2024-04-08,port1367,Visakhapatnam,India,IND,2,3,0,23242
2024-04-08,port2299,Gopalpur,India,IND,0,0,0,0
2024-04-08,port290,Dhamra Port,India,IND,1,2,0,2420
2024-04-08,port442,Haldia,India,IND,1,3,78913,0
2024-04-08,port883,Paradip,India,IND,4,4,42156,134148
2024-04-09,port1367,Visakhapatnam,India,IND,8,13,186919,174783
2024-04-09,port2299,Gopalpur,India,IND,0,0,0,0
2024-04-09,port290,Dhamra Port,India,IND,0,0,0,0
2024-04-09,port442,Haldia,India,IND,3,4,144075,23699
2024-04-09,port883,Paradip,India,IND,3,5,68271,30268
2024-04-10,port1367,Visakhapatnam,India,IND,2,3,34294,42513
2024-04-10,port2299,Gopalpur,India,IND,0,0,0,0
2024-04-10,port290,Dhamra Port,India,IND,2,3,160899,55526
2024-04-10,port442,Haldia,India,IND,1,3,0,0
2024-04-10,port883,Paradip,India,IND,4,5,70699,101320
2024-04-11,port1367,Visakhapatnam,India,IND,2,3,51202,0
2024-04-11,port2299,Gopalpur,India,IND,0,0,0,0
2024-04-11,port290,Dhamra Port,India,IND,0,0,0,0
2024-04-11,port442,Haldia,India,IND,0,2,0,0
2024-04-11,port883,Paradip,India,IND,3,3,40646,60648
2024-04-12,port1367,Visakhapatnam,India,IND,2,4,32297,0
2024-04-12,port2299,Gopalpur,India,IND,0,0,0,0
2024-04-12,port290,Dhamra Port,India,IND,2,2,163591,11960
2024-04-12,port442,Haldia,India,IND,2,5,101057,0
2024-04-12,port883,Paradip,India,IND,1,1,20323,30268
2024-04-13,port1367,Visakhapatnam,India,IND,3,6,68882,31473
2024-04-13,port2299,Gopalpur,India,IND,0,0,0,0
2024-04-13,port290,Dhamra Port,India,IND,1,1,0,0
2024-04-13,port442,Haldia,India,IND,1,3,0,0
2024-04-13,port883,Paradip,India,IND,3,3,104302,51577
2024-04-14,port1367,Visakhapatnam,India,IND,4,5,155821,15736
2024-04-14,port2299,Gopalpur,India,IND,0,0,0,0
2024-04-14,port290,Dhamra Port,India,IND,0,0,0,0
2024-04-14,port442,Haldia,India,IND,1,1,73286,0
2024-04-14,port883,Paradip,India,IND,4,4,199241,56375
2024-04-15,port1367,Visakhapatnam,India,IND,5,8,228247,31473
2024-04-15,port2299,Gopalpur,India,IND,0,0,0,0
2024-04-15,port290,Dhamra Port,India,IND,5,5,198638,207690
2024-04-15,port442,Haldia,India,IND,1,8,23295,3059
2024-04-15,port883,Paradip,India,IND,8,9,66943,294782
2024-04-16,port1367,Visakhapatnam,India,IND,1,2,52697,0
2024-04-16,port2299,Gopalpur,India,IND,0,0,0,0
2024-04-16,port290,Dhamra Port,India,IND,3,3,120340,92810
2024-04-16,port442,Haldia,India,IND,1,4,30190,0
2024-04-16,port883,Paradip,India,IND,3,3,40646,115354
2024-04-17,port1367,Visakhapatnam,India,IND,1,3,0,59519
2024-04-17,port2299,Gopalpur,India,IND,0,0,0,0
2024-04-17,port290,Dhamra Port,India,IND,0,0,0,0
2024-04-17,port442,Haldia,India,IND,3,4,102780,3059
2024-04-17,port883,Paradip,India,IND,1,2,20323,30268
2024-04-18,port1367,Visakhapatnam,India,IND,2,4,34294,38428
2024-04-18,port2299,Gopalpur,India,IND,0,0,0,0
2024-04-18,port290,Dhamra Port,India,IND,2,2,41491,70387
2024-04-18,port442,Haldia,India,IND,2,6,0,0
2024-04-18,port883,Paradip,India,IND,4,5,60969,124417
2024-04-19,port1367,Visakhapatnam,India,IND,4,7,207803,31473
2024-04-19,port2299,Gopalpur,India,IND,1,1,696,0
2024-04-19,port290,Dhamra Port,India,IND,2,2,119916,19184
2024-04-19,port442,Haldia,India,IND,4,8,180659,3059
2024-04-19,port883,Paradip,India,IND,3,3,54956,124176
2024-04-20,port1367,Visakhapatnam,India,IND,2,5,68588,31473
2024-04-20,port2299,Gopalpur,India,IND,0,0,0,0
2024-04-20,port290,Dhamra Port,India,IND,0,0,0,0
2024-04-20,port442,Haldia,India,IND,0,1,0,0
2024-04-20,port883,Paradip,India,IND,5,5,22777,168517
2024-04-21,port1367,Visakhapatnam,India,IND,2,3,34294,16432
2024-04-21,port2299,Gopalpur,India,IND,0,0,0,0
2024-04-21,port290,Dhamra Port,India,IND,1,1,0,60829
2024-04-21,port442,Haldia,India,IND,2,3,35944,0
2024-04-21,port883,Paradip,India,IND,3,4,79533,146129
2024-04-22,port1367,Visakhapatnam,India,IND,2,3,31946,30957
2024-04-22,port2299,Gopalpur,India,IND,1,1,35347,0
2024-04-22,port290,Dhamra Port,India,IND,1,1,935,0
2024-04-22,port442,Haldia,India,IND,3,5,111120,0
2024-04-22,port883,Paradip,India,IND,5,6,186708,108846
2024-04-23,port1367,Visakhapatnam,India,IND,6,7,292286,47210
2024-04-23,port2299,Gopalpur,India,IND,1,1,22395,22579
2024-04-23,port290,Dhamra Port,India,IND,2,2,78666,1367
2024-04-23,port442,Haldia,India,IND,4,8,78743,0
2024-04-23,port883,Paradip,India,IND,0,1,0,0
2024-04-24,port1367,Visakhapatnam,India,IND,3,8,147061,15736
2024-04-24,port2299,Gopalpur,India,IND,0,0,0,0
2024-04-24,port290,Dhamra Port,India,IND,0,0,0,0
2024-04-24,port442,Haldia,India,IND,0,3,0,0
2024-04-24,port883,Paradip,India,IND,2,3,34569,102530
2024-04-25,port1367,Visakhapatnam,India,IND,2,3,40507,0
2024-04-25,port2299,Gopalpur,India,IND,1,1,22395,22579
2024-04-25,port290,Dhamra Port,India,IND,4,4,95646,90095
2024-04-25,port442,Haldia,India,IND,3,7,0,78633
2024-04-25,port883,Paradip,India,IND,4,4,133895,40089
2024-04-26,port1367,Visakhapatnam,India,IND,5,9,241380,15736
2024-04-26,port2299,Gopalpur,India,IND,0,0,0,0
2024-04-26,port290,Dhamra Port,India,IND,2,2,1209,0
2024-04-26,port442,Haldia,India,IND,1,2,0,44432
2024-04-26,port883,Paradip,India,IND,5,6,76738,187403
2024-04-27,port1367,Visakhapatnam,India,IND,3,5,147322,31473
2024-04-27,port2299,Gopalpur,India,IND,0,0,0,0
2024-04-27,port290,Dhamra Port,India,IND,0,0,0,0
2024-04-27,port442,Haldia,India,IND,3,5,78452,0
2024-04-27,port883,Paradip,India,IND,7,7,216110,121074
2024-04-28,port1367,Visakhapatnam,India,IND,4,7,119548,60309
2024-04-28,port2299,Gopalpur,India,IND,0,0,0,0
2024-04-28,port290,Dhamra Port,India,IND,1,1,0,26433
2024-04-28,port442,Haldia,India,IND,2,2,61741,3059
2024-04-28,port883,Paradip,India,IND,2,3,20323,84758
2024-04-29,port1367,Visakhapatnam,India,IND,5,6,148010,116623
2024-04-29,port2299,Gopalpur,India,IND,2,2,22395,34086
2024-04-29,port290,Dhamra Port,India,IND,0,0,0,0
2024-04-29,port442,Haldia,India,IND,4,6,76547,3059
2024-04-29,port883,Paradip,India,IND,3,3,20323,151054
2024-04-30,port1367,Visakhapatnam,India,IND,0,5,0,0
2024-04-30,port2299,Gopalpur,India,IND,0,0,0,0
2024-04-30,port290,Dhamra Port,India,IND,0,0,0,0
2024-04-30,port442,Haldia,India,IND,3,4,132916,0
2024-04-30,port883,Paradip,India,IND,4,5,81470,150966
2024-05-01,port1367,Visakhapatnam,India,IND,5,7,116283,150694
2024-05-01,port2299,Gopalpur,India,IND,0,0,0,0
2024-05-01,port290,Dhamra Port,India,IND,1,1,0,54293
2024-05-01,port442,Haldia,India,IND,3,4,147157,0
2024-05-01,port883,Paradip,India,IND,5,5,46744,221722
2024-05-02,port1367,Visakhapatnam,India,IND,3,4,116696,15736
2024-05-02,port2299,Gopalpur,India,IND,2,2,22395,76946
2024-05-02,port290,Dhamra Port,India,IND,1,1,0,79965
2024-05-02,port442,Haldia,India,IND,4,5,51798,76790
2024-05-02,port883,Paradip,India,IND,2,3,167981,30268
2024-05-03,port1367,Visakhapatnam,India,IND,4,5,177711,17950
2024-05-03,port2299,Gopalpur,India,IND,0,0,0,0
2024-05-03,port290,Dhamra Port,India,IND,1,1,41491,19184
2024-05-03,port442,Haldia,India,IND,2,4,23504,3059
2024-05-03,port883,Paradip,India,IND,1,2,0,58750
2024-05-04,port1367,Visakhapatnam,India,IND,1,2,1392,0
2024-05-04,port2299,Gopalpur,India,IND,0,0,0,0
2024-05-04,port290,Dhamra Port,India,IND,1,1,0,54369
2024-05-04,port442,Haldia,India,IND,1,5,23295,3059
2024-05-04,port883,Paradip,India,IND,7,8,138621,116629
2024-05-05,port1367,Visakhapatnam,India,IND,1,1,0,56415
2024-05-05,port2299,Gopalpur,India,IND,1,1,0,79555
2024-05-05,port290,Dhamra Port,India,IND,1,1,0,0
2024-05-05,port442,Haldia,India,IND,3,8,96315,3059
2024-05-05,port883,Paradip,India,IND,1,2,1392,0
2024-05-06,port1367,Visakhapatnam,India,IND,2,4,34294,15736
2024-05-06,port2299,Gopalpur,India,IND,0,0,0,0
2024-05-06,port290,Dhamra Port,India,IND,3,3,120529,19184
2024-05-06,port442,Haldia,India,IND,2,3,64361,3059
2024-05-06,port883,Paradip,India,IND,5,5,118330,90806
2024-05-07,port1367,Visakhapatnam,India,IND,6,8,162311,63631
2024-05-07,port2299,Gopalpur,India,IND,1,1,22395,22579
2024-05-07,port290,Dhamra Port,India,IND,0,0,0,0
2024-05-07,port442,Haldia,India,IND,4,5,124151,6118
2024-05-07,port883,Paradip,India,IND,3,4,20323,182441
2024-05-08,port1367,Visakhapatnam,India,IND,3,3,94090,31473
2024-05-08,port2299,Gopalpur,India,IND,0,0,0,0
2024-05-08,port290,Dhamra Port,India,IND,2,2,78356,60847
2024-05-08,port442,Haldia,India,IND,3,4,100386,0
2024-05-08,port883,Paradip,India,IND,5,7,96900,60537
2024-05-09,port1367,Visakhapatnam,India,IND,5,7,114635,89258
2024-05-09,port2299,Gopalpur,India,IND,0,0,0,0
2024-05-09,port290,Dhamra Port,India,IND,0,0,0,0
2024-05-09,port442,Haldia,India,IND,1,6,72909,0
2024-05-09,port883,Paradip,India,IND,6,7,263758,137198
2024-05-10,port1367,Visakhapatnam,India,IND,1,4,75650,0
2024-05-10,port2299,Gopalpur,India,IND,1,1,22395,22579
2024-05-10,port290,Dhamra Port,India,IND,0,0,0,0
2024-05-10,port442,Haldia,India,IND,1,2,40042,0
2024-05-10,port883,Paradip,India,IND,3,4,58254,121909
2024-05-11,port1367,Visakhapatnam,India,IND,1,3,34294,15736
2024-05-11,port2299,Gopalpur,India,IND,1,1,22395,22579
2024-05-11,port290,Dhamra Port,India,IND,0,0,0,0
2024-05-11,port442,Haldia,India,IND,1,4,77604,0
2024-05-11,port883,Paradip,India,IND,1,1,20323,30268
2024-05-12,port1367,Visakhapatnam,India,IND,2,5,111899,15736
2024-05-12,port2299,Gopalpur,India,IND,0,0,0,0
2024-05-12,port290,Dhamra Port,India,IND,0,0,0,0
2024-05-12,port442,Haldia,India,IND,1,4,79938,0
2024-05-12,port883,Paradip,India,IND,3,3,20323,30946
2024-05-13,port1367,Visakhapatnam,India,IND,4,6,122928,109897
2024-05-13,port2299,Gopalpur,India,IND,0,1,0,0
2024-05-13,port290,Dhamra Port,India,IND,3,3,144974,73329
2024-05-13,port442,Haldia,India,IND,1,2,28751,0
2024-05-13,port883,Paradip,India,IND,5,6,177079,82148
2024-05-14,port1367,Visakhapatnam,India,IND,4,6,107800,31473
2024-05-14,port2299,Gopalpur,India,IND,1,1,22395,22579
2024-05-14,port290,Dhamra Port,India,IND,1,1,0,3594
2024-05-14,port442,Haldia,India,IND,0,4,0,0
2024-05-14,port883,Paradip,India,IND,2,5,24154,72448
2024-05-15,port1367,Visakhapatnam,India,IND,5,8,147454,84599
2024-05-15,port2299,Gopalpur,India,IND,0,0,0,0
2024-05-15,port290,Dhamra Port,India,IND,1,1,41491,19184
2024-05-15,port442,Haldia,India,IND,3,5,112934,24332
2024-05-15,port883,Paradip,India,IND,6,6,83828,84342
2024-05-16,port1367,Visakhapatnam,India,IND,4,8,297398,0
2024-05-16,port2299,Gopalpur,India,IND,2,2,60605,60211
2024-05-16,port290,Dhamra Port,India,IND,1,1,0,46461
2024-05-16,port442,Haldia,India,IND,3,10,25839,0
2024-05-16,port883,Paradip,India,IND,5,5,20323,156547
2024-05-17,port1367,Visakhapatnam,India,IND,0,1,0,0
2024-05-17,port2299,Gopalpur,India,IND,0,0,0,0
2024-05-17,port290,Dhamra Port,India,IND,0,0,0,0
2024-05-17,port442,Haldia,India,IND,2,5,79116,0
2024-05-17,port883,Paradip,India,IND,2,2,56452,53604
2024-05-18,port1367,Visakhapatnam,India,IND,2,4,88186,15736
2024-05-18,port2299,Gopalpur,India,IND,0,0,0,0
2024-05-18,port290,Dhamra Port,India,IND,3,3,171906,112653
2024-05-18,port442,Haldia,India,IND,3,5,154920,0
2024-05-18,port883,Paradip,India,IND,5,7,40646,209348
2024-05-19,port1367,Visakhapatnam,India,IND,2,5,28628,166902
2024-05-19,port2299,Gopalpur,India,IND,1,1,60211,0
2024-05-19,port290,Dhamra Port,India,IND,4,4,405122,0
2024-05-19,port442,Haldia,India,IND,1,1,25509,0
2024-05-19,port883,Paradip,India,IND,6,6,121927,162686
2024-05-20,port1367,Visakhapatnam,India,IND,4,6,236480,15736
2024-05-20,port2299,Gopalpur,India,IND,0,1,0,0
2024-05-20,port290,Dhamra Port,India,IND,0,0,0,0
2024-05-20,port442,Haldia,India,IND,2,3,92213,0
2024-05-20,port883,Paradip,India,IND,3,4,188620,30268
2024-05-21,port1367,Visakhapatnam,India,IND,3,4,181783,0
2024-05-21,port2299,Gopalpur,India,IND,2,2,0,62812
2024-05-21,port290,Dhamra Port,India,IND,3,3,50199,115543
2024-05-21,port442,Haldia,India,IND,2,5,117739,0
2024-05-21,port883,Paradip,India,IND,5,6,81182,195501
2024-05-22,port1367,Visakhapatnam,India,IND,1,4,0,103483
2024-05-22,port2299,Gopalpur,India,IND,0,0,0,0
2024-05-22,port290,Dhamra Port,India,IND,1,1,0,58532
2024-05-22,port442,Haldia,India,IND,1,3,56944,0
2024-05-22,port883,Paradip,India,IND,2,2,78625,54784
2024-05-23,port1367,Visakhapatnam,India,IND,5,7,175748,119640
2024-05-23,port2299,Gopalpur,India,IND,0,0,0,0
2024-05-23,port290,Dhamra Port,India,IND,1,1,41491,19184
2024-05-23,port442,Haldia,India,IND,2,3,23295,3059
2024-05-23,port883,Paradip,India,IND,4,6,135239,128231
2024-05-24,port1367,Visakhapatnam,India,IND,7,8,307764,48732
2024-05-24,port2299,Gopalpur,India,IND,0,0,0,0
2024-05-24,port290,Dhamra Port,India,IND,1,1,78857,0
2024-05-24,port442,Haldia,India,IND,3,7,110386,0
2024-05-24,port883,Paradip,India,IND,6,7,120082,166340
2024-05-25,port1367,Visakhapatnam,India,IND,3,4,68588,81176
2024-05-25,port2299,Gopalpur,India,IND,1,1,78391,0
2024-05-25,port290,Dhamra Port,India,IND,3,3,72453,108179
2024-05-25,port442,Haldia,India,IND,1,2,23295,3059
2024-05-25,port883,Paradip,India,IND,7,7,77121,142976
2024-05-26,port1367,Visakhapatnam,India,IND,4,7,337933,58836
2024-05-26,port2299,Gopalpur,India,IND,0,0,0,0
2024-05-26,port290,Dhamra Port,India,IND,0,0,0,0
2024-05-26,port442,Haldia,India,IND,1,1,37572,0
2024-05-26,port883,Paradip,India,IND,1,1,20323,30268
2024-05-27,port1367,Visakhapatnam,India,IND,1,2,2780,0
2024-05-27,port2299,Gopalpur,India,IND,0,0,0,0
2024-05-27,port290,Dhamra Port,India,IND,2,2,120192,19184
2024-05-27,port442,Haldia,India,IND,2,3,102194,3059
2024-05-27,port883,Paradip,India,IND,6,7,77488,270303
2024-05-28,port1367,Visakhapatnam,India,IND,7,11,261289,68452
2024-05-28,port2299,Gopalpur,India,IND,0,0,0,0
2024-05-28,port290,Dhamra Port,India,IND,1,1,112681,0
2024-05-28,port442,Haldia,India,IND,1,3,0,0
2024-05-28,port883,Paradip,India,IND,6,6,178611,169461
2024-05-29,port1367,Visakhapatnam,India,IND,3,5,115702,15736
2024-05-29,port2299,Gopalpur,India,IND,0,0,0,0
2024-05-29,port290,Dhamra Port,India,IND,1,1,41491,19184
2024-05-29,port442,Haldia,India,IND,5,5,55177,0
2024-05-29,port883,Paradip,India,IND,6,6,116865,199638
2024-05-30,port1367,Visakhapatnam,India,IND,4,4,160302,134951
2024-05-30,port2299,Gopalpur,India,IND,2,2,0,55567
2024-05-30,port290,Dhamra Port,India,IND,2,2,116062,19184
2024-05-30,port442,Haldia,India,IND,2,3,64493,0
2024-05-30,port883,Paradip,India,IND,4,5,83810,84370
2024-05-31,port1367,Visakhapatnam,India,IND,2,5,68588,31473
2024-05-31,port2299,Gopalpur,India,IND,0,0,0,0
2024-05-31,port290,Dhamra Port,India,IND,1,1,37657,0
2024-05-31,port442,Haldia,India,IND,3,5,87713,3059
2024-05-31,port883,Paradip,India,IND,4,7,61071,148373
2024-06-01,port1367,Visakhapatnam,India,IND,5,7,91723,94128
2024-06-01,port2299,Gopalpur,India,IND,1,1,0,49613
2024-06-01,port290,Dhamra Port,India,IND,2,2,64240,24952
2024-06-01,port442,Haldia,India,IND,2,4,52921,0
2024-06-01,port883,Paradip,India,IND,4,4,119593,119237
2024-06-02,port1367,Visakhapatnam,India,IND,8,10,299183,80079
2024-06-02,port2299,Gopalpur,India,IND,1,1,22395,22579
2024-06-02,port290,Dhamra Port,India,IND,2,2,41491,80106
2024-06-02,port442,Haldia,India,IND,2,3,0,35839
2024-06-02,port883,Paradip,India,IND,2,3,0,76844
2024-06-03,port1367,Visakhapatnam,India,IND,7,9,192376,63225
2024-06-03,port2299,Gopalpur,India,IND,0,0,0,0
2024-06-03,port290,Dhamra Port,India,IND,2,2,6871,51298
2024-06-03,port442,Haldia,India,IND,1,5,0,0
2024-06-03,port883,Paradip,India,IND,6,7,60969,191636
2024-06-04,port1367,Visakhapatnam,India,IND,4,8,60340,15736
2024-06-04,port2299,Gopalpur,India,IND,1,1,42852,0
2024-06-04,port290,Dhamra Port,India,IND,2,2,114997,19184
2024-06-04,port442,Haldia,India,IND,3,7,121263,3059
2024-06-04,port883,Paradip,India,IND,3,3,73170,90837
2024-06-05,port1367,Visakhapatnam,India,IND,7,11,370065,0
2024-06-05,port2299,Gopalpur,India,IND,1,1,0,0
2024-06-05,port290,Dhamra Port,India,IND,4,4,82983,175624
2024-06-05,port442,Haldia,India,IND,0,7,0,0
2024-06-05,port883,Paradip,India,IND,4,6,43898,147769
2024-06-06,port1367,Visakhapatnam,India,IND,4,8,137983,72430
2024-06-06,port2299,Gopalpur,India,IND,1,1,22395,22579
2024-06-06,port290,Dhamra Port,India,IND,1,1,0,54949
2024-06-06,port442,Haldia,India,IND,4,6,157453,0
2024-06-06,port883,Paradip,India,IND,5,5,121337,125426
2024-06-07,port1367,Visakhapatnam,India,IND,4,5,94429,44065
2024-06-07,port2299,Gopalpur,India,IND,1,1,0,0
2024-06-07,port290,Dhamra Port,India,IND,0,0,0,0
2024-06-07,port442,Haldia,India,IND,4,6,144426,0
2024-06-07,port883,Paradip,India,IND,4,4,170634,122288
2024-06-08,port1367,Visakhapatnam,India,IND,2,2,74755,34569
2024-06-08,port2299,Gopalpur,India,IND,2,2,86234,60231
2024-06-08,port290,Dhamra Port,India,IND,0,0,0,0
2024-06-08,port442,Haldia,India,IND,2,6,8475,0
2024-06-08,port883,Paradip,India,IND,5,8,131901,79104
2024-06-09,port1367,Visakhapatnam,India,IND,8,11,215643,62947
2024-06-09,port2299,Gopalpur,India,IND,0,0,0,0
2024-06-09,port290,Dhamra Port,India,IND,2,2,0,100922
2024-06-09,port442,Haldia,India,IND,4,5,112663,3059
2024-06-09,port883,Paradip,India,IND,7,9,23317,316116
2024-06-10,port1367,Visakhapatnam,India,IND,6,8,138525,107083
2024-06-10,port2299,Gopalpur,India,IND,1,1,22395,22579
2024-06-10,port290,Dhamra Port,India,IND,1,1,0,55626
2024-06-10,port442,Haldia,India,IND,3,9,157276,0
2024-06-10,port883,Paradip,India,IND,4,4,40646,141515
2024-06-11,port1367,Visakhapatnam,India,IND,1,4,0,0
2024-06-11,port2299,Gopalpur,India,IND,0,0,0,0
2024-06-11,port290,Dhamra Port,India,IND,2,2,41491,72516
2024-06-11,port442,Haldia,India,IND,3,4,79773,3059
2024-06-11,port883,Paradip,India,IND,4,7,178031,30268
2024-06-12,port1367,Visakhapatnam,India,IND,1,4,0,54576
2024-06-12,port2299,Gopalpur,India,IND,2,2,22395,40048
2024-06-12,port290,Dhamra Port,India,IND,2,2,56402,0
2024-06-12,port442,Haldia,India,IND,3,5,58838,3059
2024-06-12,port883,Paradip,India,IND,3,4,23112,88151
2024-06-13,port1367,Visakhapatnam,India,IND,6,9,129577,122837
2024-06-13,port2299,Gopalpur,India,IND,1,1,0,0
2024-06-13,port290,Dhamra Port,India,IND,5,5,162582,64260
2024-06-13,port442,Haldia,India,IND,4,5,210955,3059
2024-06-13,port883,Paradip,India,IND,5,6,100625,148325
2024-06-14,port1367,Visakhapatnam,India,IND,2,3,68588,31473
2024-06-14,port2299,Gopalpur,India,IND,0,0,0,0
2024-06-14,port290,Dhamra Port,India,IND,0,0,0,0
2024-06-14,port442,Haldia,India,IND,1,2,23295,3059
2024-06-14,port883,Paradip,India,IND,6,6,126873,170573
2024-06-15,port1367,Visakhapatnam,India,IND,5,6,147124,65320
2024-06-15,port2299,Gopalpur,India,IND,1,1,22395,22579
2024-06-15,port290,Dhamra Port,India,IND,4,4,106384,101231
2024-06-15,port442,Haldia,India,IND,1,4,23295,3059
2024-06-15,port883,Paradip,India,IND,2,3,20323,56399
2024-06-16,port1367,Visakhapatnam,India,IND,2,5,34294,15736
2024-06-16,port2299,Gopalpur,India,IND,0,1,0,0
2024-06-16,port290,Dhamra Port,India,IND,1,1,41491,19184
2024-06-16,port442,Haldia,India,IND,1,2,78480,0
2024-06-16,port883,Paradip,India,IND,2,2,99745,30268
2024-06-17,port1367,Visakhapatnam,India,IND,5,7,100277,68671
2024-06-17,port2299,Gopalpur,India,IND,0,0,0,0
2024-06-17,port290,Dhamra Port,India,IND,2,2,41491,96789
2024-06-17,port442,Haldia,India,IND,3,6,122431,0
2024-06-17,port883,Paradip,India,IND,7,7,103341,202311
2024-06-18,port1367,Visakhapatnam,India,IND,8,11,382669,118267
2024-06-18,port2299,Gopalpur,India,IND,0,0,0,0
2024-06-18,port290,Dhamra Port,India,IND,0,0,0,0
2024-06-18,port442,Haldia,India,IND,4,9,83533,84654
2024-06-18,port883,Paradip,India,IND,3,4,170740,32019
2024-06-19,port1367,Visakhapatnam,India,IND,5,8,133345,84659
2024-06-19,port2299,Gopalpur,India,IND,2,2,0,23805
2024-06-19,port290,Dhamra Port,India,IND,0,0,0,0
2024-06-19,port442,Haldia,India,IND,3,6,58813,0
2024-06-19,port883,Paradip,India,IND,6,6,179485,101408
2024-06-20,port1367,Visakhapatnam,India,IND,4,9,77792,94133
2024-06-20,port2299,Gopalpur,India,IND,0,0,0,0
2024-06-20,port290,Dhamra Port,India,IND,0,0,0,0
2024-06-20,port442,Haldia,India,IND,1,5,54767,0
2024-06-20,port883,Paradip,India,IND,5,5,109643,162248
2024-06-21,port1367,Visakhapatnam,India,IND,3,9,110804,69713
2024-06-21,port2299,Gopalpur,India,IND,0,0,0,0
2024-06-21,port290,Dhamra Port,India,IND,1,1,83122,0
2024-06-21,port442,Haldia,India,IND,3,8,213458,0
2024-06-21,port883,Paradip,India,IND,2,4,18808,44776
2024-06-22,port1367,Visakhapatnam,India,IND,5,6,154364,140274
2024-06-22,port2299,Gopalpur,India,IND,0,0,0,0
2024-06-22,port290,Dhamra Port,India,IND,2,2,41491,75221
2024-06-22,port442,Haldia,India,IND,5,5,144106,0
2024-06-22,port883,Paradip,India,IND,5,5,145098,83664
2024-06-23,port1367,Visakhapatnam,India,IND,2,5,88702,0
2024-06-23,port2299,Gopalpur,India,IND,0,0,0,0
2024-06-23,port290,Dhamra Port,India,IND,3,3,84339,73515
2024-06-23,port442,Haldia,India,IND,3,4,153325,0
2024-06-23,port883,Paradip,India,IND,2,4,20323,102508
2024-06-24,port1367,Visakhapatnam,India,IND,3,4,34294,46602
2024-06-24,port2299,Gopalpur,India,IND,2,2,22395,78054
2024-06-24,port290,Dhamra Port,India,IND,2,2,41491,46161
2024-06-24,port442,Haldia,India,IND,4,5,36139,0
2024-06-24,port883,Paradip,India,IND,6,6,60969,253311
2024-06-25,port1367,Visakhapatnam,India,IND,4,5,141262,170568
2024-06-25,port2299,Gopalpur,India,IND,1,1,0,54362
2024-06-25,port290,Dhamra Port,India,IND,1,1,76173,0
2024-06-25,port442,Haldia,India,IND,3,5,115202,0
2024-06-25,port883,Paradip,India,IND,5,5,20323,180399
2024-06-26,port1367,Visakhapatnam,India,IND,3,5,7238,103774
2024-06-26,port2299,Gopalpur,India,IND,0,0,0,0
2024-06-26,port290,Dhamra Port,India,IND,1,1,78637,0
2024-06-26,port442,Haldia,India,IND,1,2,23295,3059
2024-06-26,port883,Paradip,India,IND,6,7,40646,224013
2024-06-27,port1367,Visakhapatnam,India,IND,5,8,249077,18782
2024-06-27,port2299,Gopalpur,India,IND,1,1,51163,0
2024-06-27,port290,Dhamra Port,India,IND,2,2,102169,19184
2024-06-27,port442,Haldia,India,IND,2,4,23295,3059
2024-06-27,port883,Paradip,India,IND,5,6,78703,140525
2024-06-28,port1367,Visakhapatnam,India,IND,3,4,102883,47210
2024-06-28,port2299,Gopalpur,India,IND,1,1,22395,22579
2024-06-28,port290,Dhamra Port,India,IND,2,2,36711,29066
2024-06-28,port442,Haldia,India,IND,4,7,95266,3059
2024-06-28,port883,Paradip,India,IND,3,5,21114,126716
2024-06-29,port1367,Visakhapatnam,India,IND,4,7,199552,31473
2024-06-29,port2299,Gopalpur,India,IND,1,1,22093,0
2024-06-29,port290,Dhamra Port,India,IND,1,1,0,51153
2024-06-29,port442,Haldia,India,IND,2,5,23295,3059
2024-06-29,port883,Paradip,India,IND,1,2,0,73814
2024-06-30,port1367,Visakhapatnam,India,IND,3,7,34294,108602
2024-06-30,port2299,Gopalpur,India,IND,1,1,26508,0
2024-06-30,port290,Dhamra Port,India,IND,3,3,37251,125810
2024-06-30,port442,Haldia,India,IND,0,4,0,0
2024-06-30,port883,Paradip,India,IND,4,5,40646,129677
2024-07-01,port1367,Visakhapatnam,India,IND,5,6,150852,70489
2024-07-01,port2299,Gopalpur,India,IND,1,1,22395,22579
2024-07-01,port290,Dhamra Port,India,IND,2,2,214633,19184
2024-07-01,port442,Haldia,India,IND,3,4,145260,3059
2024-07-01,port883,Paradip,India,IND,5,6,48020,211313
2024-07-02,port1367,Visakhapatnam,India,IND,2,6,54945,156126
2024-07-02,port2299,Gopalpur,India,IND,0,0,0,0
2024-07-02,port290,Dhamra Port,India,IND,1,1,0,55697
2024-07-02,port442,Haldia,India,IND,2,7,23295,3059
2024-07-02,port883,Paradip,India,IND,3,4,71975,68997
2024-07-03,port1367,Visakhapatnam,India,IND,6,8,255492,45622
2024-07-03,port2299,Gopalpur,India,IND,0,0,0,0
2024-07-03,port290,Dhamra Port,India,IND,0,0,0,0
2024-07-03,port442,Haldia,India,IND,2,5,5449,0
2024-07-03,port883,Paradip,India,IND,4,6,60969,115758
2024-07-04,port1367,Visakhapatnam,India,IND,4,5,213821,15736
2024-07-04,port2299,Gopalpur,India,IND,0,0,0,0
2024-07-04,port290,Dhamra Port,India,IND,2,2,87111,19184
2024-07-04,port442,Haldia,India,IND,4,8,181247,3059
2024-07-04,port883,Paradip,India,IND,5,6,177203,96296
2024-07-05,port1367,Visakhapatnam,India,IND,2,4,54339,77145
2024-07-05,port2299,Gopalpur,India,IND,0,0,0,0
2024-07-05,port290,Dhamra Port,India,IND,1,1,0,69844
2024-07-05,port442,Haldia,India,IND,2,3,115784,0
2024-07-05,port883,Paradip,India,IND,3,3,91005,27706
2024-07-06,port1367,Visakhapatnam,India,IND,1,1,78898,0
2024-07-06,port2299,Gopalpur,India,IND,0,0,0,0
2024-07-06,port290,Dhamra Port,India,IND,2,2,241570,0
2024-07-06,port442,Haldia,India,IND,2,6,95804,0
2024-07-06,port883,Paradip,India,IND,7,8,129981,113012
2024-07-07,port1367,Visakhapatnam,India,IND,3,5,131738,0
2024-07-07,port2299,Gopalpur,India,IND,0,0,0,0
2024-07-07,port290,Dhamra Port,India,IND,1,1,0,27347
2024-07-07,port442,Haldia,India,IND,2,4,23295,3059
2024-07-07,port883,Paradip,India,IND,4,4,98414,30268
2024-07-08,port1367,Visakhapatnam,India,IND,1,3,34294,15736
2024-07-08,port2299,Gopalpur,India,IND,0,0,0,0
2024-07-08,port290,Dhamra Port,India,IND,3,3,109000,0
2024-07-08,port442,Haldia,India,IND,4,8,94916,0
2024-07-08,port883,Paradip,India,IND,3,5,20323,188777
2024-07-09,port1367,Visakhapatnam,India,IND,7,10,213707,62678
2024-07-09,port2299,Gopalpur,India,IND,0,1,0,0
2024-07-09,port290,Dhamra Port,India,IND,3,3,41491,52588
2024-07-09,port442,Haldia,India,IND,3,7,66560,0
2024-07-09,port883,Paradip,India,IND,3,5,0,152130
2024-07-10,port1367,Visakhapatnam,India,IND,1,2,34294,15736
2024-07-10,port2299,Gopalpur,India,IND,2,2,76557,3342
2024-07-10,port290,Dhamra Port,India,IND,0,0,0,0
2024-07-10,port442,Haldia,India,IND,1,2,52216,0
2024-07-10,port883,Paradip,India,IND,2,3,56581,30268
2024-07-11,port1367,Visakhapatnam,India,IND,5,8,96741,118611
2024-07-11,port2299,Gopalpur,India,IND,1,1,0,54489
2024-07-11,port290,Dhamra Port,India,IND,3,3,79430,105568
2024-07-11,port442,Haldia,India,IND,3,10,102402,3059
2024-07-11,port883,Paradip,India,IND,4,5,40646,169635
2024-07-12,port1367,Visakhapatnam,India,IND,4,5,114085,16321
2024-07-12,port2299,Gopalpur,India,IND,0,0,0,0
2024-07-12,port290,Dhamra Port,India,IND,0,0,0,0
2024-07-12,port442,Haldia,India,IND,3,6,78186,3059
2024-07-12,port883,Paradip,India,IND,5,5,67351,143958
2024-07-13,port1367,Visakhapatnam,India,IND,6,8,247484,51570
2024-07-13,port2299,Gopalpur,India,IND,0,0,0,0
2024-07-13,port290,Dhamra Port,India,IND,1,1,80451,0
2024-07-13,port442,Haldia,India,IND,1,4,31135,0
2024-07-13,port883,Paradip,India,IND,6,7,90288,127871
2024-07-14,port1367,Visakhapatnam,India,IND,2,2,29880,0
2024-07-14,port2299,Gopalpur,India,IND,1,1,72664,0
2024-07-14,port290,Dhamra Port,India,IND,3,3,41491,81808
2024-07-14,port442,Haldia,India,IND,2,8,78685,0
2024-07-14,port883,Paradip,India,IND,7,7,273076,169230
2024-07-15,port1367,Visakhapatnam,India,IND,3,5,48114,87687
2024-07-15,port2299,Gopalpur,India,IND,0,0,0,0
2024-07-15,port290,Dhamra Port,India,IND,0,0,0,0
2024-07-15,port442,Haldia,India,IND,0,1,0,0
2024-07-15,port883,Paradip,India,IND,3,3,40646,118243
2024-07-16,port1367,Visakhapatnam,India,IND,5,6,330156,33562
2024-07-16,port2299,Gopalpur,India,IND,0,0,0,0
2024-07-16,port290,Dhamra Port,India,IND,2,2,203618,19184
2024-07-16,port442,Haldia,India,IND,5,7,93182,12237
2024-07-16,port883,Paradip,India,IND,7,10,84964,269913
2024-07-17,port1367,Visakhapatnam,India,IND,3,5,110484,102412
2024-07-17,port2299,Gopalpur,India,IND,1,1,59955,0
2024-07-17,port290,Dhamra Port,India,IND,1,1,78920,0
2024-07-17,port442,Haldia,India,IND,2,6,102572,3059
2024-07-17,port883,Paradip,India,IND,5,5,139606,145021
2024-07-18,port1367,Visakhapatnam,India,IND,5,9,106549,94280
2024-07-18,port2299,Gopalpur,India,IND,2,2,0,141136
2024-07-18,port290,Dhamra Port,India,IND,1,1,0,55669
2024-07-18,port442,Haldia,India,IND,3,6,133881,38845
2024-07-18,port883,Paradip,India,IND,2,4,30925,30268
2024-07-19,port1367,Visakhapatnam,India,IND,3,3,30555,0
2024-07-19,port2299,Gopalpur,India,IND,0,0,0,0
2024-07-19,port290,Dhamra Port,India,IND,1,1,41491,19184
2024-07-19,port442,Haldia,India,IND,2,4,64780,0
2024-07-19,port883,Paradip,India,IND,4,5,112438,83520
2024-07-20,port1367,Visakhapatnam,India,IND,1,5,0,33516
2024-07-20,port2299,Gopalpur,India,IND,1,1,0,63264
2024-07-20,port290,Dhamra Port,India,IND,2,2,200179,19184
2024-07-20,port442,Haldia,India,IND,4,6,141405,0
2024-07-20,port883,Paradip,India,IND,4,5,40646,192149
2024-07-21,port1367,Visakhapatnam,India,IND,6,7,190766,132660
2024-07-21,port2299,Gopalpur,India,IND,1,1,26776,0
2024-07-21,port290,Dhamra Port,India,IND,0,0,0,0
2024-07-21,port442,Haldia,India,IND,2,4,82730,0
2024-07-21,port883,Paradip,India,IND,3,3,79289,63377
2024-07-22,port1367,Visakhapatnam,India,IND,4,5,194407,31473
2024-07-22,port2299,Gopalpur,India,IND,0,0,0,0
2024-07-22,port290,Dhamra Port,India,IND,3,3,41491,59266
2024-07-22,port442,Haldia,India,IND,3,6,74867,0
2024-07-22,port883,Paradip,India,IND,7,8,210159,131134
2024-07-23,port1367,Visakhapatnam,India,IND,5,6,122208,101509
2024-07-23,port2299,Gopalpur,India,IND,1,1,22395,22579
2024-07-23,port290,Dhamra Port,India,IND,1,1,0,54494
2024-07-23,port442,Haldia,India,IND,1,2,23295,3059
2024-07-23,port883,Paradip,India,IND,2,3,40646,60537
2024-07-24,port1367,Visakhapatnam,India,IND,2,5,34294,46846
2024-07-24,port2299,Gopalpur,India,IND,0,0,0,0
2024-07-24,port290,Dhamra Port,India,IND,2,2,79680,31313
2024-07-24,port442,Haldia,India,IND,2,5,78694,0
2024-07-24,port883,Paradip,India,IND,7,9,40646,201987
2024-07-25,port1367,Visakhapatnam,India,IND,3,3,72860,107706
2024-07-25,port2299,Gopalpur,India,IND,1,1,0,4520
2024-07-25,port290,Dhamra Port,India,IND,2,2,243212,0
2024-07-25,port442,Haldia,India,IND,3,4,51716,0
2024-07-25,port883,Paradip,India,IND,3,5,103923,73626
2024-07-26,port1367,Visakhapatnam,India,IND,1,3,15271,0
2024-07-26,port2299,Gopalpur,India,IND,0,0,0,0
2024-07-26,port290,Dhamra Port,India,IND,2,2,0,50129
2024-07-26,port442,Haldia,India,IND,4,7,134811,3059
2024-07-26,port883,Paradip,India,IND,3,4,77604,33214
2024-07-27,port1367,Visakhapatnam,India,IND,4,5,86133,16155
2024-07-27,port2299,Gopalpur,India,IND,0,0,0,0
2024-07-27,port290,Dhamra Port,India,IND,0,0,0,0
2024-07-27,port442,Haldia,India,IND,1,3,31634,0
2024-07-27,port883,Paradip,India,IND,5,5,177226,102982
2024-07-28,port1367,Visakhapatnam,India,IND,4,7,98745,62339
2024-07-28,port2299,Gopalpur,India,IND,0,0,0,0
2024-07-28,port290,Dhamra Port,India,IND,0,0,0,0
2024-07-28,port442,Haldia,India,IND,1,2,39161,0
2024-07-28,port883,Paradip,India,IND,7,7,113353,230615
2024-07-29,port1367,Visakhapatnam,India,IND,5,6,183997,0
2024-07-29,port2299,Gopalpur,India,IND,0,0,0,0
2024-07-29,port290,Dhamra Port,India,IND,2,2,40127,4101
2024-07-29,port442,Haldia,India,IND,3,5,157245,0
2024-07-29,port883,Paradip,India,IND,1,3,0,26523
2024-07-30,port1367,Visakhapatnam,India,IND,3,6,68588,101186
2024-07-30,port2299,Gopalpur,India,IND,0,0,0,0
2024-07-30,port290,Dhamra Port,India,IND,2,2,82983,38369
2024-07-30,port442,Haldia,India,IND,1,3,31109,0
2024-07-30,port883,Paradip,India,IND,2,3,20323,108336
2024-07-31,port1367,Visakhapatnam,India,IND,1,2,0,48703
2024-07-31,port2299,Gopalpur,India,IND,0,0,0,0
2024-07-31,port290,Dhamra Port,India,IND,2,2,41491,72687
2024-07-31,port442,Haldia,India,IND,0,5,0,0
2024-07-31,port883,Paradip,India,IND,2,2,20323,84712
2024-08-01,port1367,Visakhapatnam,India,IND,2,4,0,35440
2024-08-01,port2299,Gopalpur,India,IND,1,1,63794,0
2024-08-01,port290,Dhamra Port,India,IND,0,0,0,0
2024-08-01,port442,Haldia,India,IND,2,3,39821,0
2024-08-01,port883,Paradip,India,IND,2,2,35031,73814
2024-08-02,port1367,Visakhapatnam,India,IND,6,7,192445,89040
2024-08-02,port2299,Gopalpur,India,IND,1,1,0,54447
2024-08-02,port290,Dhamra Port,India,IND,2,2,78920,48654
2024-08-02,port442,Haldia,India,IND,1,1,51962,0
2024-08-02,port883,Paradip,India,IND,4,5,146450,194135
2024-08-03,port1367,Visakhapatnam,India,IND,3,7,78219,31473
2024-08-03,port2299,Gopalpur,India,IND,1,1,42493,0
2024-08-03,port290,Dhamra Port,India,IND,0,0,0,0
2024-08-03,port442,Haldia,India,IND,2,4,133260,0
2024-08-03,port883,Paradip,India,IND,5,5,126119,168777
2024-08-04,port1367,Visakhapatnam,India,IND,1,2,0,0
2024-08-04,port2299,Gopalpur,India,IND,0,0,0,0
2024-08-04,port290,Dhamra Port,India,IND,1,1,41491,19184
2024-08-04,port442,Haldia,India,IND,2,4,78415,572
2024-08-04,port883,Paradip,India,IND,4,5,60969,112353
2024-08-05,port1367,Visakhapatnam,India,IND,7,8,221541,23889
2024-08-05,port2299,Gopalpur,India,IND,0,0,0,0
2024-08-05,port290,Dhamra Port,India,IND,1,1,48932,0
2024-08-05,port442,Haldia,India,IND,1,2,0,4125
2024-08-05,port883,Paradip,India,IND,3,3,20323,158810
2024-08-06,port1367,Visakhapatnam,India,IND,2,4,36527,51207
2024-08-06,port2299,Gopalpur,India,IND,0,0,0,0
2024-08-06,port290,Dhamra Port,India,IND,0,0,0,0
2024-08-06,port442,Haldia,India,IND,1,5,23295,3059
2024-08-06,port883,Paradip,India,IND,4,5,43361,160537
2024-08-07,port1367,Visakhapatnam,India,IND,2,4,52387,15736
2024-08-07,port2299,Gopalpur,India,IND,0,0,0,0
2024-08-07,port290,Dhamra Port,India,IND,1,1,41491,19184
2024-08-07,port442,Haldia,India,IND,3,4,161161,0
2024-08-07,port883,Paradip,India,IND,2,3,156648,70814
2024-08-08,port1367,Visakhapatnam,India,IND,5,6,181735,55355
2024-08-08,port2299,Gopalpur,India,IND,1,2,22395,22579
2024-08-08,port290,Dhamra Port,India,IND,1,1,41491,19184
2024-08-08,port442,Haldia,India,IND,2,6,50101,3338
2024-08-08,port883,Paradip,India,IND,6,6,95846,106969
2024-08-09,port1367,Visakhapatnam,India,IND,1,5,69713,0
2024-08-09,port2299,Gopalpur,India,IND,0,0,0,0
2024-08-09,port290,Dhamra Port,India,IND,1,1,41491,19184
2024-08-09,port442,Haldia,India,IND,3,9,36093,81539
2024-08-09,port883,Paradip,India,IND,1,2,0,77215
2024-08-10,port1367,Visakhapatnam,India,IND,3,3,67592,35028
2024-08-10,port2299,Gopalpur,India,IND,0,0,0,0
2024-08-10,port290,Dhamra Port,India,IND,1,1,160591,0
2024-08-10,port442,Haldia,India,IND,3,5,127519,3059
2024-08-10,port883,Paradip,India,IND,6,6,180924,153147
2024-08-11,port1367,Visakhapatnam,India,IND,0,3,0,0
2024-08-11,port2299,Gopalpur,India,IND,0,0,0,0
2024-08-11,port290,Dhamra Port,India,IND,0,0,0,0
2024-08-11,port442,Haldia,India,IND,2,3,69709,3059
2024-08-11,port883,Paradip,India,IND,2,4,0,136138
2024-08-12,port1367,Visakhapatnam,India,IND,2,4,56295,31602
2024-08-12,port2299,Gopalpur,India,IND,0,0,0,0
2024-08-12,port290,Dhamra Port,India,IND,0,0,0,0
2024-08-12,port442,Haldia,India,IND,0,2,0,0
2024-08-12,port883,Paradip,India,IND,2,2,103225,0
2024-08-13,port1367,Visakhapatnam,India,IND,4,4,111209,15736
2024-08-13,port2299,Gopalpur,India,IND,0,0,0,0
2024-08-13,port290,Dhamra Port,India,IND,0,0,0,0
2024-08-13,port442,Haldia,India,IND,2,3,160879,0
2024-08-13,port883,Paradip,India,IND,4,5,54646,153211
2024-08-14,port1367,Visakhapatnam,India,IND,1,2,110167,0
2024-08-14,port2299,Gopalpur,India,IND,0,0,0,0
2024-08-14,port290,Dhamra Port,India,IND,1,1,78804,0
2024-08-14,port442,Haldia,India,IND,1,1,0,0
2024-08-14,port883,Paradip,India,IND,6,7,76377,270312
2024-08-15,port1367,Visakhapatnam,India,IND,2,2,34294,70231
2024-08-15,port2299,Gopalpur,India,IND,0,0,0,0
2024-08-15,port290,Dhamra Port,India,IND,1,1,42079,0
2024-08-15,port442,Haldia,India,IND,0,1,0,0
2024-08-15,port883,Paradip,India,IND,1,1,79282,0
2024-08-16,port1367,Visakhapatnam,India,IND,0,0,0,0
2024-08-16,port2299,Gopalpur,India,IND,0,0,0,0
2024-08-16,port290,Dhamra Port,India,IND,0,0,0,0
2024-08-16,port442,Haldia,India,IND,0,0,0,0
2024-08-16,port883,Paradip,India,IND,1,1,60711,0
2024-08-17,port1367,Visakhapatnam,India,IND,2,4,193605,15736
2024-08-17,port2299,Gopalpur,India,IND,0,0,0,0
2024-08-17,port290,Dhamra Port,India,IND,0,0,0,0
2024-08-17,port442,Haldia,India,IND,0,0,0,0
2024-08-17,port883,Paradip,India,IND,1,1,0,42896
2024-08-18,port1367,Visakhapatnam,India,IND,2,3,104431,0
2024-08-18,port2299,Gopalpur,India,IND,0,0,0,0
2024-08-18,port290,Dhamra Port,India,IND,0,0,0,0
2024-08-18,port442,Haldia,India,IND,1,1,23295,3059
2024-08-18,port883,Paradip,India,IND,3,4,96101,30542
2024-08-19,port1367,Visakhapatnam,India,IND,4,6,134638,18261
2024-08-19,port2299,Gopalpur,India,IND,0,0,0,0
2024-08-19,port290,Dhamra Port,India,IND,2,2,41491,73831
2024-08-19,port442,Haldia,India,IND,0,0,0,0
2024-08-19,port883,Paradip,India,IND,1,1,0,82466
2024-08-20,port1367,Visakhapatnam,India,IND,8,11,234356,151156
2024-08-20,port2299,Gopalpur,India,IND,0,0,0,0
2024-08-20,port290,Dhamra Port,India,IND,0,0,0,0
2024-08-20,port442,Haldia,India,IND,0,2,0,0
2024-08-20,port883,Paradip,India,IND,2,3,20323,30268
2024-08-21,port1367,Visakhapatnam,India,IND,4,10,125572,0
2024-08-21,port2299,Gopalpur,India,IND,0,0,0,0
2024-08-21,port290,Dhamra Port,India,IND,0,0,0,0
2024-08-21,port442,Haldia,India,IND,2,4,34134,1369
2024-08-21,port883,Paradip,India,IND,1,1,20323,30268
2024-08-22,port1367,Visakhapatnam,India,IND,4,4,34294,225687
2024-08-22,port2299,Gopalpur,India,IND,0,0,0,0
2024-08-22,port290,Dhamra Port,India,IND,1,1,0,66615
2024-08-22,port442,Haldia,India,IND,1,2,39669,0
2024-08-22,port883,Paradip,India,IND,2,2,78300,42079
2024-08-23,port1367,Visakhapatnam,India,IND,1,4,0,30453
2024-08-23,port2299,Gopalpur,India,IND,0,0,0,0
2024-08-23,port290,Dhamra Port,India,IND,2,2,121221,19184
2024-08-23,port442,Haldia,India,IND,4,5,78288,3059
2024-08-23,port883,Paradip,India,IND,2,2,20323,100113
2024-08-24,port1367,Visakhapatnam,India,IND,7,11,171472,169197
2024-08-24,port2299,Gopalpur,India,IND,1,1,0,53268
2024-08-24,port290,Dhamra Port,India,IND,2,2,41491,92999
2024-08-24,port442,Haldia,India,IND,1,3,78504,0
2024-08-24,port883,Paradip,India,IND,2,4,40646,60537
2024-08-25,port1367,Visakhapatnam,India,IND,1,1,0,31141
2024-08-25,port2299,Gopalpur,India,IND,0,0,0,0
2024-08-25,port290,Dhamra Port,India,IND,1,1,41491,19184
2024-08-25,port442,Haldia,India,IND,0,3,0,0
2024-08-25,port883,Paradip,India,IND,3,4,56361,112588
2024-08-26,port1367,Visakhapatnam,India,IND,4,5,102004,26976
2024-08-26,port2299,Gopalpur,India,IND,0,0,0,0
2024-08-26,port290,Dhamra Port,India,IND,1,1,29197,0
2024-08-26,port442,Haldia,India,IND,1,2,0,27397
2024-08-26,port883,Paradip,India,IND,3,3,0,129210
2024-08-27,port1367,Visakhapatnam,India,IND,3,5,266188,0
2024-08-27,port2299,Gopalpur,India,IND,0,0,0,0
2024-08-27,port290,Dhamra Port,India,IND,1,1,80347,0
2024-08-27,port442,Haldia,India,IND,2,5,81444,0
2024-08-27,port883,Paradip,India,IND,3,4,12941,34569
2024-08-28,port1367,Visakhapatnam,India,IND,3,7,130507,72908
2024-08-28,port2299,Gopalpur,India,IND,0,0,0,0
2024-08-28,port290,Dhamra Port,India,IND,0,0,0,0
2024-08-28,port442,Haldia,India,IND,1,3,78424,0
2024-08-28,port883,Paradip,India,IND,3,4,74430,30268
2024-08-29,port1367,Visakhapatnam,India,IND,4,7,66080,76140
2024-08-29,port2299,Gopalpur,India,IND,1,1,22395,22579
2024-08-29,port290,Dhamra Port,India,IND,2,2,0,72097
2024-08-29,port442,Haldia,India,IND,1,3,34952,0
2024-08-29,port883,Paradip,India,IND,2,2,40646,60537
2024-08-30,port1367,Visakhapatnam,India,IND,3,5,106042,0
2024-08-30,port2299,Gopalpur,India,IND,0,0,0,0
2024-08-30,port290,Dhamra Port,India,IND,1,1,41491,19184
2024-08-30,port442,Haldia,India,IND,0,4,0,0
2024-08-30,port883,Paradip,India,IND,3,4,40646,121497
2024-08-31,port1367,Visakhapatnam,India,IND,3,5,114208,0
2024-08-31,port2299,Gopalpur,India,IND,1,1,0,61100
2024-08-31,port290,Dhamra Port,India,IND,0,0,0,0
2024-08-31,port442,Haldia,India,IND,0,2,0,0
2024-08-31,port883,Paradip,India,IND,7,7,81292,271461
2024-09-01,port1367,Visakhapatnam,India,IND,3,6,90686,78424
2024-09-01,port2299,Gopalpur,India,IND,0,0,0,0
2024-09-01,port290,Dhamra Port,India,IND,2,2,41491,19184
2024-09-01,port442,Haldia,India,IND,1,4,23295,3059
2024-09-01,port883,Paradip,India,IND,3,3,105947,4018
2024-09-02,port1367,Visakhapatnam,India,IND,6,9,133889,109988
2024-09-02,port2299,Gopalpur,India,IND,0,0,0,0
2024-09-02,port290,Dhamra Port,India,IND,1,1,41491,19184
2024-09-02,port442,Haldia,India,IND,1,6,43056,0
2024-09-02,port883,Paradip,India,IND,4,5,135794,90806
2024-09-03,port1367,Visakhapatnam,India,IND,1,4,0,30380
2024-09-03,port2299,Gopalpur,India,IND,0,0,0,0
2024-09-03,port290,Dhamra Port,India,IND,0,0,0,0
2024-09-03,port442,Haldia,India,IND,0,2,0,0
2024-09-03,port883,Paradip,India,IND,4,4,21715,110635
2024-09-04,port1367,Visakhapatnam,India,IND,3,6,167419,0
2024-09-04,port2299,Gopalpur,India,IND,1,1,78065,0
2024-09-04,port290,Dhamra Port,India,IND,1,1,0,54107
2024-09-04,port442,Haldia,India,IND,1,2,78694,0
2024-09-04,port883,Paradip,India,IND,6,7,81984,146600
2024-09-05,port1367,Visakhapatnam,India,IND,3,6,115971,15736
2024-09-05,port2299,Gopalpur,India,IND,0,0,0,0
2024-09-05,port290,Dhamra Port,India,IND,1,1,0,79730
2024-09-05,port442,Haldia,India,IND,1,4,27135,0
2024-09-05,port883,Paradip,India,IND,1,4,20323,30268
2024-09-06,port1367,Visakhapatnam,India,IND,4,7,75065,44493
2024-09-06,port2299,Gopalpur,India,IND,0,0,0,0
2024-09-06,port290,Dhamra Port,India,IND,1,1,0,73626
2024-09-06,port442,Haldia,India,IND,2,3,23295,31562
2024-09-06,port883,Paradip,India,IND,2,3,108548,70814
2024-09-07,port1367,Visakhapatnam,India,IND,1,3,0,28365
2024-09-07,port2299,Gopalpur,India,IND,1,1,0,0
2024-09-07,port290,Dhamra Port,India,IND,1,1,41491,19184
2024-09-07,port442,Haldia,India,IND,1,2,35136,0
2024-09-07,port883,Paradip,India,IND,4,5,96017,71628
2024-09-08,port1367,Visakhapatnam,India,IND,2,3,77994,78694
2024-09-08,port2299,Gopalpur,India,IND,0,0,0,0
2024-09-08,port290,Dhamra Port,India,IND,1,1,0,39272
2024-09-08,port442,Haldia,India,IND,4,4,120028,6681
2024-09-08,port883,Paradip,India,IND,1,1,0,49683
2024-09-09,port1367,Visakhapatnam,India,IND,3,5,91017,116232
2024-09-09,port2299,Gopalpur,India,IND,0,0,0,0
2024-09-09,port290,Dhamra Port,India,IND,1,1,76457,0
2024-09-09,port442,Haldia,India,IND,2,6,23295,7170
2024-09-09,port883,Paradip,India,IND,0,0,0,0
2024-09-10,port1367,Visakhapatnam,India,IND,2,5,60830,54363
2024-09-10,port2299,Gopalpur,India,IND,0,0,0,0
2024-09-10,port290,Dhamra Port,India,IND,0,0,0,0
2024-09-10,port442,Haldia,India,IND,0,2,0,0
2024-09-10,port883,Paradip,India,IND,8,10,210686,257324
2024-09-11,port1367,Visakhapatnam,India,IND,2,7,48357,0
2024-09-11,port2299,Gopalpur,India,IND,0,0,0,0
2024-09-11,port290,Dhamra Port,India,IND,0,0,0,0
2024-09-11,port442,Haldia,India,IND,1,4,6315,0
2024-09-11,port883,Paradip,India,IND,3,3,0,134058
2024-09-12,port1367,Visakhapatnam,India,IND,4,7,93465,69731
2024-09-12,port2299,Gopalpur,India,IND,0,0,0,0
2024-09-12,port290,Dhamra Port,India,IND,4,4,252022,112321
2024-09-12,port442,Haldia,India,IND,3,4,5992,0
2024-09-12,port883,Paradip,India,IND,2,2,0,74021
2024-09-13,port1367,Visakhapatnam,India,IND,3,7,74571,51897
2024-09-13,port2299,Gopalpur,India,IND,0,0,0,0
2024-09-13,port290,Dhamra Port,India,IND,1,1,0,59391
2024-09-13,port442,Haldia,India,IND,1,2,0,40966
2024-09-13,port883,Paradip,India,IND,2,2,40646,60537
2024-09-14,port1367,Visakhapatnam,India,IND,5,6,225375,89809
2024-09-14,port2299,Gopalpur,India,IND,0,0,0,0
2024-09-14,port290,Dhamra Port,India,IND,2,2,56364,78982
2024-09-14,port442,Haldia,India,IND,2,5,120360,0
2024-09-14,port883,Paradip,India,IND,3,3,132476,30268
2024-09-15,port1367,Visakhapatnam,India,IND,2,4,78457,19611
2024-09-15,port2299,Gopalpur,India,IND,0,0,0,0
2024-09-15,port290,Dhamra Port,India,IND,0,0,0,0
2024-09-15,port442,Haldia,India,IND,1,1,23295,3059
2024-09-15,port883,Paradip,India,IND,1,3,0,82978
2024-09-16,port1367,Visakhapatnam,India,IND,4,9,107161,73665
2024-09-16,port2299,Gopalpur,India,IND,0,0,0,0
2024-09-16,port290,Dhamra Port,India,IND,1,1,42628,0
2024-09-16,port442,Haldia,India,IND,1,2,23295,3059
2024-09-16,port883,Paradip,India,IND,4,6,169702,66592
2024-09-17,port1367,Visakhapatnam,India,IND,2,5,113567,0
2024-09-17,port2299,Gopalpur,India,IND,0,0,0,0
2024-09-17,port290,Dhamra Port,India,IND,0,0,0,0
2024-09-17,port442,Haldia,India,IND,2,5,106780,0
2024-09-17,port883,Paradip,India,IND,4,6,61317,90806
2024-09-18,port1367,Visakhapatnam,India,IND,6,7,100095,114244
2024-09-18,port2299,Gopalpur,India,IND,1,1,22395,22579
2024-09-18,port290,Dhamra Port,India,IND,2,2,12108,76648
2024-09-18,port442,Haldia,India,IND,2,3,22185,0
2024-09-18,port883,Paradip,India,IND,1,2,20323,30268
2024-09-19,port1367,Visakhapatnam,India,IND,4,8,159887,71817
2024-09-19,port2299,Gopalpur,India,IND,0,0,0,0
2024-09-19,port290,Dhamra Port,India,IND,1,1,41491,19184
2024-09-19,port442,Haldia,India,IND,1,6,0,0
2024-09-19,port883,Paradip,India,IND,4,4,20323,177886
2024-09-20,port1367,Visakhapatnam,India,IND,1,2,22093,0
2024-09-20,port2299,Gopalpur,India,IND,0,0,0,0
2024-09-20,port290,Dhamra Port,India,IND,1,1,41491,19184
2024-09-20,port442,Haldia,India,IND,0,1,0,0
2024-09-20,port883,Paradip,India,IND,2,3,20323,59735
2024-09-21,port1367,Visakhapatnam,India,IND,4,6,62922,93056
2024-09-21,port2299,Gopalpur,India,IND,0,0,0,0
2024-09-21,port290,Dhamra Port,India,IND,0,0,0,0
2024-09-21,port442,Haldia,India,IND,2,4,23295,3059
2024-09-21,port883,Paradip,India,IND,3,4,99172,103363
2024-09-22,port1367,Visakhapatnam,India,IND,3,7,113658,0
2024-09-22,port2299,Gopalpur,India,IND,0,0,0,0
2024-09-22,port290,Dhamra Port,India,IND,1,1,0,59583
2024-09-22,port442,Haldia,India,IND,1,1,23295,3059
2024-09-22,port883,Paradip,India,IND,5,5,81292,192602
2024-09-23,port1367,Visakhapatnam,India,IND,2,4,11052,78461
2024-09-23,port2299,Gopalpur,India,IND,0,0,0,0
2024-09-23,port290,Dhamra Port,India,IND,1,1,0,25926
2024-09-23,port442,Haldia,India,IND,3,8,156946,41265
2024-09-23,port883,Paradip,India,IND,2,3,40646,60537
2024-09-24,port1367,Visakhapatnam,India,IND,5,7,147462,25747
2024-09-24,port2299,Gopalpur,India,IND,0,0,0,0
2024-09-24,port290,Dhamra Port,India,IND,0,0,0,0
2024-09-24,port442,Haldia,India,IND,2,3,133595,0
2024-09-24,port883,Paradip,India,IND,0,1,0,0
2024-09-25,port1367,Visakhapatnam,India,IND,3,6,215827,69713
2024-09-25,port2299,Gopalpur,India,IND,0,0,0,0
2024-09-25,port290,Dhamra Port,India,IND,1,1,167386,0
2024-09-25,port442,Haldia,India,IND,2,6,103987,0
2024-09-25,port883,Paradip,India,IND,1,2,63699,0
2024-09-26,port1367,Visakhapatnam,India,IND,4,7,78423,163946
2024-09-26,port2299,Gopalpur,India,IND,0,0,0,0
2024-09-26,port290,Dhamra Port,India,IND,1,1,79302,0
2024-09-26,port442,Haldia,India,IND,1,4,69495,0
2024-09-26,port883,Paradip,India,IND,6,7,161830,120078
2024-09-27,port1367,Visakhapatnam,India,IND,0,2,0,0
2024-09-27,port2299,Gopalpur,India,IND,0,0,0,0
2024-09-27,port290,Dhamra Port,India,IND,1,1,0,55645
2024-09-27,port442,Haldia,India,IND,2,2,24123,3059
2024-09-27,port883,Paradip,India,IND,3,3,254288,0
2024-09-28,port1367,Visakhapatnam,India,IND,3,5,102859,0
2024-09-28,port2299,Gopalpur,India,IND,0,0,0,0
2024-09-28,port290,Dhamra Port,India,IND,1,1,6052,0
2024-09-28,port442,Haldia,India,IND,1,1,5450,0
2024-09-28,port883,Paradip,India,IND,4,6,60969,121556
2024-09-29,port1367,Visakhapatnam,India,IND,3,5,210241,102530
2024-09-29,port2299,Gopalpur,India,IND,0,0,0,0
2024-09-29,port290,Dhamra Port,India,IND,1,1,71690,0
2024-09-29,port442,Haldia,India,IND,1,6,23295,3059
2024-09-29,port883,Paradip,India,IND,3,3,59389,109124
2024-09-30,port1367,Visakhapatnam,India,IND,3,5,100717,7938
2024-09-30,port2299,Gopalpur,India,IND,0,0,0,0
2024-09-30,port290,Dhamra Port,India,IND,2,2,78535,28690
2024-09-30,port442,Haldia,India,IND,4,6,52287,3059
2024-09-30,port883,Paradip,India,IND,2,4,55873,73055
2024-10-01,port1367,Visakhapatnam,India,IND,2,6,18709,78732
2024-10-01,port2299,Gopalpur,India,IND,0,0,0,0
2024-10-01,port290,Dhamra Port,India,IND,1,1,41491,19184
2024-10-01,port442,Haldia,India,IND,0,1,0,0
2024-10-01,port883,Paradip,India,IND,1,2,20323,30268
2024-10-02,port1367,Visakhapatnam,India,IND,2,2,55663,6343
2024-10-02,port2299,Gopalpur,India,IND,0,0,0,0
2024-10-02,port290,Dhamra Port,India,IND,1,1,41491,19184
2024-10-02,port442,Haldia,India,IND,2,4,111294,0
2024-10-02,port883,Paradip,India,IND,6,6,371307,140692
2024-10-03,port1367,Visakhapatnam,India,IND,4,5,190909,47460
2024-10-03,port2299,Gopalpur,India,IND,0,0,0,0
2024-10-03,port290,Dhamra Port,India,IND,1,1,78981,0
2024-10-03,port442,Haldia,India,IND,2,4,48472,3059
2024-10-03,port883,Paradip,India,IND,3,5,20323,161239
2024-10-04,port1367,Visakhapatnam,India,IND,5,7,141036,52028
2024-10-04,port2299,Gopalpur,India,IND,0,0,0,0
2024-10-04,port290,Dhamra Port,India,IND,2,2,105782,0
2024-10-04,port442,Haldia,India,IND,2,2,36342,0
2024-10-04,port883,Paradip,India,IND,4,4,130396,21409
2024-10-05,port1367,Visakhapatnam,India,IND,1,4,0,30690
2024-10-05,port2299,Gopalpur,India,IND,0,1,0,0
2024-10-05,port290,Dhamra Port,India,IND,1,1,0,25891
2024-10-05,port442,Haldia,India,IND,1,3,23295,3059
2024-10-05,port883,Paradip,India,IND,5,5,91502,140695
2024-10-06,port1367,Visakhapatnam,India,IND,5,7,153427,127788
2024-10-06,port2299,Gopalpur,India,IND,1,1,35315,0
2024-10-06,port290,Dhamra Port,India,IND,1,1,167079,0
2024-10-06,port442,Haldia,India,IND,0,0,0,0
2024-10-06,port883,Paradip,India,IND,0,0,0,0
2024-10-07,port1367,Visakhapatnam,India,IND,1,5,57914,0
2024-10-07,port2299,Gopalpur,India,IND,0,0,0,0
2024-10-07,port290,Dhamra Port,India,IND,1,1,41491,19184
2024-10-07,port442,Haldia,India,IND,1,5,20627,0
2024-10-07,port883,Paradip,India,IND,4,4,40646,133735
2024-10-08,port1367,Visakhapatnam,India,IND,0,2,0,0
2024-10-08,port2299,Gopalpur,India,IND,0,0,0,0
2024-10-08,port290,Dhamra Port,India,IND,0,0,0,0
2024-10-08,port442,Haldia,India,IND,4,5,98528,6118
2024-10-08,port883,Paradip,India,IND,1,2,0,20811
2024-10-09,port1367,Visakhapatnam,India,IND,6,10,153945,134758
2024-10-09,port2299,Gopalpur,India,IND,0,0,0,0
2024-10-09,port290,Dhamra Port,India,IND,1,1,0,26163
2024-10-09,port442,Haldia,India,IND,1,8,23295,3059
2024-10-09,port883,Paradip,India,IND,6,7,243273,191450
2024-10-10,port1367,Visakhapatnam,India,IND,6,8,192812,31197
2024-10-10,port2299,Gopalpur,India,IND,0,0,0,0
2024-10-10,port290,Dhamra Port,India,IND,0,0,0,0
2024-10-10,port442,Haldia,India,IND,1,3,79393,0
2024-10-10,port883,Paradip,India,IND,3,4,40646,131351
2024-10-11,port1367,Visakhapatnam,India,IND,8,10,267294,86742
2024-10-11,port2299,Gopalpur,India,IND,1,1,0,574
2024-10-11,port290,Dhamra Port,India,IND,3,3,41491,92604
2024-10-11,port442,Haldia,India,IND,1,2,77256,0
2024-10-11,port883,Paradip,India,IND,4,4,40646,150502
2024-10-12,port1367,Visakhapatnam,India,IND,1,2,34294,15736
2024-10-12,port2299,Gopalpur,India,IND,0,0,0,0
2024-10-12,port290,Dhamra Port,India,IND,1,1,417,0
2024-10-12,port442,Haldia,India,IND,2,4,14831,33760
2024-10-12,port883,Paradip,India,IND,2,4,56766,30268
2024-10-13,port1367,Visakhapatnam,India,IND,3,8,47121,41354
2024-10-13,port2299,Gopalpur,India,IND,0,0,0,0
2024-10-13,port290,Dhamra Port,India,IND,1,1,41491,19184
2024-10-13,port442,Haldia,India,IND,0,1,0,0
2024-10-13,port883,Paradip,India,IND,4,4,173488,30268
2024-10-14,port1367,Visakhapatnam,India,IND,5,7,174553,67848
2024-10-14,port2299,Gopalpur,India,IND,1,1,0,53699
2024-10-14,port290,Dhamra Port,India,IND,3,3,42690,75558
2024-10-14,port442,Haldia,India,IND,4,4,207870,0
2024-10-14,port883,Paradip,India,IND,5,6,88421,206306
2024-10-15,port1367,Visakhapatnam,India,IND,2,5,64189,15736
2024-10-15,port2299,Gopalpur,India,IND,0,0,0,0
2024-10-15,port290,Dhamra Port,India,IND,2,2,41491,73605
2024-10-15,port442,Haldia,India,IND,2,3,72984,670
2024-10-15,port883,Paradip,India,IND,4,5,182643,70549
2024-10-16,port1367,Visakhapatnam,India,IND,4,9,136743,15736
2024-10-16,port2299,Gopalpur,India,IND,1,1,0,36147
2024-10-16,port290,Dhamra Port,India,IND,0,0,0,0
2024-10-16,port442,Haldia,India,IND,2,2,106844,0
2024-10-16,port883,Paradip,India,IND,3,3,98945,107600
2024-10-17,port1367,Visakhapatnam,India,IND,4,8,300860,0
2024-10-17,port2299,Gopalpur,India,IND,1,1,22395,22579
2024-10-17,port290,Dhamra Port,India,IND,3,3,211960,91692
2024-10-17,port442,Haldia,India,IND,1,5,78898,0
2024-10-17,port883,Paradip,India,IND,3,4,132164,30268
2024-10-18,port1367,Visakhapatnam,India,IND,5,7,145825,95333
2024-10-18,port2299,Gopalpur,India,IND,1,1,0,0
2024-10-18,port290,Dhamra Port,India,IND,1,1,41491,19184
2024-10-18,port442,Haldia,India,IND,0,5,0,0
2024-10-18,port883,Paradip,India,IND,7,7,206665,124648
2024-10-19,port1367,Visakhapatnam,India,IND,3,4,76448,94654
2024-10-19,port2299,Gopalpur,India,IND,0,0,0,0
2024-10-19,port290,Dhamra Port,India,IND,1,1,0,72713
2024-10-19,port442,Haldia,India,IND,2,5,63613,3059
2024-10-19,port883,Paradip,India,IND,4,4,98516,164968
2024-10-20,port1367,Visakhapatnam,India,IND,5,7,121735,110520
2024-10-20,port2299,Gopalpur,India,IND,0,0,0,0
2024-10-20,port290,Dhamra Port,India,IND,2,2,41491,28183
2024-10-20,port442,Haldia,India,IND,2,2,50087,0
2024-10-20,port883,Paradip,India,IND,5,5,60969,196651
2024-10-21,port1367,Visakhapatnam,India,IND,4,7,41927,81989
2024-10-21,port2299,Gopalpur,India,IND,0,1,0,0
2024-10-21,port290,Dhamra Port,India,IND,1,1,0,20894
2024-10-21,port442,Haldia,India,IND,3,5,155684,3059
2024-10-21,port883,Paradip,India,IND,2,5,40646,60537
2024-10-22,port1367,Visakhapatnam,India,IND,4,5,34294,177671
2024-10-22,port2299,Gopalpur,India,IND,0,0,0,0
2024-10-22,port290,Dhamra Port,India,IND,1,1,41491,19184
2024-10-22,port442,Haldia,India,IND,1,2,78576,0
2024-10-22,port883,Paradip,India,IND,3,3,60969,90806
2024-10-23,port1367,Visakhapatnam,India,IND,4,7,130676,87264
2024-10-23,port2299,Gopalpur,India,IND,0,0,0,0
2024-10-23,port290,Dhamra Port,India,IND,0,0,0,0
2024-10-23,port442,Haldia,India,IND,0,1,0,0
2024-10-23,port883,Paradip,India,IND,0,0,0,0
2024-10-24,port1367,Visakhapatnam,India,IND,3,4,65036,94298
2024-10-24,port2299,Gopalpur,India,IND,0,0,0,0
2024-10-24,port290,Dhamra Port,India,IND,0,0,0,0
2024-10-24,port442,Haldia,India,IND,0,0,0,0
2024-10-24,port883,Paradip,India,IND,0,0,0,0
2024-10-25,port1367,Visakhapatnam,India,IND,4,4,70222,42214
2024-10-25,port2299,Gopalpur,India,IND,0,0,0,0
2024-10-25,port290,Dhamra Port,India,IND,1,1,0,16070
2024-10-25,port442,Haldia,India,IND,0,2,0,0
2024-10-25,port883,Paradip,India,IND,7,7,146459,91315
2024-10-26,port1367,Visakhapatnam,India,IND,2,3,113193,15736
2024-10-26,port2299,Gopalpur,India,IND,1,1,0,25891
2024-10-26,port290,Dhamra Port,India,IND,4,4,112064,38369
2024-10-26,port442,Haldia,India,IND,2,2,37349,0
2024-10-26,port883,Paradip,India,IND,1,3,20323,30268
2024-10-27,port1367,Visakhapatnam,India,IND,7,13,97001,123408
2024-10-27,port2299,Gopalpur,India,IND,0,0,0,0
2024-10-27,port290,Dhamra Port,India,IND,1,1,41491,19184
2024-10-27,port442,Haldia,India,IND,2,5,38126,0
2024-10-27,port883,Paradip,India,IND,6,6,157312,151343
2024-10-28,port1367,Visakhapatnam,India,IND,3,4,68588,63332
2024-10-28,port2299,Gopalpur,India,IND,0,0,0,0
2024-10-28,port290,Dhamra Port,India,IND,1,1,0,78015
2024-10-28,port442,Haldia,India,IND,0,2,0,0
2024-10-28,port883,Paradip,India,IND,3,5,20323,146671
2024-10-29,port1367,Visakhapatnam,India,IND,3,3,87890,60559
2024-10-29,port2299,Gopalpur,India,IND,0,0,0,0
2024-10-29,port290,Dhamra Port,India,IND,2,2,241180,0
2024-10-29,port442,Haldia,India,IND,3,7,41003,19537
2024-10-29,port883,Paradip,India,IND,2,3,74597,30268
2024-10-30,port1367,Visakhapatnam,India,IND,3,6,34294,149569
2024-10-30,port2299,Gopalpur,India,IND,0,0,0,0
2024-10-30,port290,Dhamra Port,India,IND,1,1,0,4104
2024-10-30,port442,Haldia,India,IND,1,5,76313,0
2024-10-30,port883,Paradip,India,IND,4,5,133305,83600
2024-10-31,port1367,Visakhapatnam,India,IND,5,6,146168,71398
2024-10-31,port2299,Gopalpur,India,IND,0,0,0,0
2024-10-31,port290,Dhamra Port,India,IND,2,2,42741,19184
2024-10-31,port442,Haldia,India,IND,4,7,110742,0
2024-10-31,port883,Paradip,India,IND,4,6,226063,103451
2024-11-01,port1367,Visakhapatnam,India,IND,4,7,102883,49972
2024-11-01,port2299,Gopalpur,India,IND,1,2,22395,22579
2024-11-01,port290,Dhamra Port,India,IND,1,1,0,58612
2024-11-01,port442,Haldia,India,IND,1,4,72887,0
2024-11-01,port883,Paradip,India,IND,3,5,131754,72866
2024-11-02,port1367,Visakhapatnam,India,IND,1,3,34294,15736
2024-11-02,port2299,Gopalpur,India,IND,0,0,0,0
2024-11-02,port290,Dhamra Port,India,IND,2,2,41491,97626
2024-11-02,port442,Haldia,India,IND,2,4,37760,3059
2024-11-02,port883,Paradip,India,IND,3,3,94243,58461
2024-11-03,port1367,Visakhapatnam,India,IND,1,1,79495,0
2024-11-03,port2299,Gopalpur,India,IND,0,0,0,0
2024-11-03,port290,Dhamra Port,India,IND,0,0,0,0
2024-11-03,port442,Haldia,India,IND,1,5,23295,3059
2024-11-03,port883,Paradip,India,IND,4,4,83839,101796
2024-11-04,port1367,Visakhapatnam,India,IND,1,3,0,26971
2024-11-04,port2299,Gopalpur,India,IND,0,0,0,0
2024-11-04,port290,Dhamra Port,India,IND,1,1,0,11255
2024-11-04,port442,Haldia,India,IND,0,2,0,0
2024-11-04,port883,Paradip,India,IND,5,6,228024,30268
2024-11-05,port1367,Visakhapatnam,India,IND,3,4,120714,0
2024-11-05,port2299,Gopalpur,India,IND,0,0,0,0
2024-11-05,port290,Dhamra Port,India,IND,4,4,162510,65023
2024-11-05,port442,Haldia,India,IND,5,5,133223,6118
2024-11-05,port883,Paradip,India,IND,4,4,135916,90806
2024-11-06,port1367,Visakhapatnam,India,IND,4,6,70194,73116
2024-11-06,port2299,Gopalpur,India,IND,0,0,0,0
2024-11-06,port290,Dhamra Port,India,IND,0,0,0,0
2024-11-06,port442,Haldia,India,IND,1,5,77580,0
2024-11-06,port883,Paradip,India,IND,1,3,72865,0
2024-11-07,port1367,Visakhapatnam,India,IND,2,2,37382,78694
2024-11-07,port2299,Gopalpur,India,IND,0,0,0,0
2024-11-07,port290,Dhamra Port,India,IND,2,2,164268,59520
2024-11-07,port442,Haldia,India,IND,1,3,27876,0
2024-11-07,port883,Paradip,India,IND,3,3,191214,0
2024-11-08,port1367,Visakhapatnam,India,IND,0,2,0,0
2024-11-08,port2299,Gopalpur,India,IND,1,1,78732,0
2024-11-08,port290,Dhamra Port,India,IND,2,2,111197,0
2024-11-08,port442,Haldia,India,IND,0,4,0,0
2024-11-08,port883,Paradip,India,IND,1,2,20323,30268
2024-11-09,port1367,Visakhapatnam,India,IND,1,4,0,5990
2024-11-09,port2299,Gopalpur,India,IND,0,0,0,0
2024-11-09,port290,Dhamra Port,India,IND,2,2,41491,74991
2024-11-09,port442,Haldia,India,IND,2,2,95183,3059
2024-11-09,port883,Paradip,India,IND,1,1,20323,30268
2024-11-10,port1367,Visakhapatnam,India,IND,2,3,577,14403
2024-11-10,port2299,Gopalpur,India,IND,0,0,0,0
2024-11-10,port290,Dhamra Port,India,IND,0,0,0,0
2024-11-10,port442,Haldia,India,IND,0,4,0,0
2024-11-10,port883,Paradip,India,IND,2,2,120912,0
2024-11-11,port1367,Visakhapatnam,India,IND,5,7,70230,97702
2024-11-11,port2299,Gopalpur,India,IND,0,0,0,0
2024-11-11,port290,Dhamra Port,India,IND,2,2,120138,19184
2024-11-11,port442,Haldia,India,IND,4,5,141083,3059
2024-11-11,port883,Paradip,India,IND,2,2,51464,30268
2024-11-12,port1367,Visakhapatnam,India,IND,2,4,41831,26998
2024-11-12,port2299,Gopalpur,India,IND,0,0,0,0
2024-11-12,port290,Dhamra Port,India,IND,2,2,82983,38369
2024-11-12,port442,Haldia,India,IND,2,3,86383,0
2024-11-12,port883,Paradip,India,IND,4,6,53996,64766
2024-11-13,port1367,Visakhapatnam,India,IND,6,8,346580,80540
2024-11-13,port2299,Gopalpur,India,IND,0,0,0,0
2024-11-13,port290,Dhamra Port,India,IND,1,1,0,73055
2024-11-13,port442,Haldia,India,IND,2,3,101357,3059
2024-11-13,port883,Paradip,India,IND,4,5,169332,128312
2024-11-14,port1367,Visakhapatnam,India,IND,2,3,0,82028
2024-11-14,port2299,Gopalpur,India,IND,0,0,0,0
2024-11-14,port290,Dhamra Port,India,IND,0,0,0,0
2024-11-14,port442,Haldia,India,IND,1,5,79363,0
2024-11-14,port883,Paradip,India,IND,2,5,60740,51160
2024-11-15,port1367,Visakhapatnam,India,IND,0,0,0,0
2024-11-15,port2299,Gopalpur,India,IND,0,0,0,0
2024-11-15,port290,Dhamra Port,India,IND,0,0,0,0
2024-11-15,port442,Haldia,India,IND,3,4,139673,3059
2024-11-15,port883,Paradip,India,IND,1,3,20323,30268
2024-11-16,port1367,Visakhapatnam,India,IND,2,2,73339,15736
2024-11-16,port2299,Gopalpur,India,IND,0,0,0,0
2024-11-16,port290,Dhamra Port,India,IND,1,1,41491,19184
2024-11-16,port442,Haldia,India,IND,2,5,53944,0
2024-11-16,port883,Paradip,India,IND,3,3,60969,90806
2024-11-17,port1367,Visakhapatnam,India,IND,0,2,0,0
2024-11-17,port2299,Gopalpur,India,IND,0,0,0,0
2024-11-17,port290,Dhamra Port,India,IND,0,0,0,0
2024-11-17,port442,Haldia,India,IND,2,4,100138,3059
2024-11-17,port883,Paradip,India,IND,2,3,0,121703
2024-11-18,port1367,Visakhapatnam,India,IND,2,4,23983,116232
2024-11-18,port2299,Gopalpur,India,IND,0,0,0,0
2024-11-18,port290,Dhamra Port,India,IND,2,2,41491,19184
2024-11-18,port442,Haldia,India,IND,1,3,56904,0
2024-11-18,port883,Paradip,India,IND,3,3,41198,60537
2024-11-19,port1367,Visakhapatnam,India,IND,3,4,59689,10626
2024-11-19,port2299,Gopalpur,India,IND,0,0,0,0
2024-11-19,port290,Dhamra Port,India,IND,0,0,0,0
2024-11-19,port442,Haldia,India,IND,1,3,78870,0
2024-11-19,port883,Paradip,India,IND,0,1,0,0
2024-11-20,port1367,Visakhapatnam,India,IND,3,5,102883,47210
2024-11-20,port2299,Gopalpur,India,IND,0,0,0,0
2024-11-20,port290,Dhamra Port,India,IND,2,2,113867,19184
2024-11-20,port442,Haldia,India,IND,2,3,60655,3059
2024-11-20,port883,Paradip,India,IND,0,1,0,0
2024-11-21,port1367,Visakhapatnam,India,IND,2,4,97267,0
2024-11-21,port2299,Gopalpur,India,IND,0,0,0,0
2024-11-21,port290,Dhamra Port,India,IND,1,1,78389,0
2024-11-21,port442,Haldia,India,IND,0,3,0,0
2024-11-21,port883,Paradip,India,IND,0,0,0,0
2024-11-22,port1367,Visakhapatnam,India,IND,1,1,53899,0
2024-11-22,port2299,Gopalpur,India,IND,0,0,0,0
2024-11-22,port290,Dhamra Port,India,IND,1,1,41491,19184
2024-11-22,port442,Haldia,India,IND,2,3,46591,6118
2024-11-22,port883,Paradip,India,IND,2,3,20323,89216
2024-11-23,port1367,Visakhapatnam,India,IND,1,2,44144,0
2024-11-23,port2299,Gopalpur,India,IND,0,0,0,0
2024-11-23,port290,Dhamra Port,India,IND,1,1,165334,0
2024-11-23,port442,Haldia,India,IND,2,5,23295,3059
2024-11-23,port883,Paradip,India,IND,3,4,40646,113553
2024-11-24,port1367,Visakhapatnam,India,IND,1,4,21469,0
2024-11-24,port2299,Gopalpur,India,IND,0,0,0,0
2024-11-24,port290,Dhamra Port,India,IND,2,2,41491,74958
2024-11-24,port442,Haldia,India,IND,0,2,0,0
2024-11-24,port883,Paradip,India,IND,2,2,20323,84993
2024-11-25,port1367,Visakhapatnam,India,IND,3,5,71824,31473
2024-11-25,port2299,Gopalpur,India,IND,1,1,0,25253
2024-11-25,port290,Dhamra Port,India,IND,1,1,103635,0
2024-11-25,port442,Haldia,India,IND,3,5,8752,0
2024-11-25,port883,Paradip,India,IND,4,5,81292,121074
2024-11-26,port1367,Visakhapatnam,India,IND,1,2,34294,15736
2024-11-26,port2299,Gopalpur,India,IND,0,0,0,0
2024-11-26,port290,Dhamra Port,India,IND,0,0,0,0
2024-11-26,port442,Haldia,India,IND,2,5,98750,3059
2024-11-26,port883,Paradip,India,IND,3,3,79203,0
2024-11-27,port1367,Visakhapatnam,India,IND,2,5,114671,15736
2024-11-27,port2299,Gopalpur,India,IND,0,0,0,0
2024-11-27,port290,Dhamra Port,India,IND,3,3,77838,92035
2024-11-27,port442,Haldia,India,IND,6,7,193183,3059
2024-11-27,port883,Paradip,India,IND,5,6,81859,113741
2024-11-28,port1367,Visakhapatnam,India,IND,4,5,119571,92058
2024-11-28,port2299,Gopalpur,India,IND,0,0,0,0
2024-11-28,port290,Dhamra Port,India,IND,1,1,0,28432
2024-11-28,port442,Haldia,India,IND,2,5,55737,3059
2024-11-28,port883,Paradip,India,IND,2,3,106958,0
2024-11-29,port1367,Visakhapatnam,India,IND,5,7,160365,62947
2024-11-29,port2299,Gopalpur,India,IND,0,0,0,0
2024-11-29,port290,Dhamra Port,India,IND,1,1,41491,19184
2024-11-29,port442,Haldia,India,IND,4,4,139153,3059
2024-11-29,port883,Paradip,India,IND,2,2,20323,54273
2024-11-30,port1367,Visakhapatnam,India,IND,3,4,68588,31473
2024-11-30,port2299,Gopalpur,India,IND,0,0,0,0
2024-11-30,port290,Dhamra Port,India,IND,1,1,0,77332
2024-11-30,port442,Haldia,India,IND,1,3,79060,0
2024-11-30,port883,Paradip,India,IND,3,3,45113,83488
2024-12-01,port1367,Visakhapatnam,India,IND,3,6,69145,31473
2024-12-01,port2299,Gopalpur,India,IND,0,0,0,0
2024-12-01,port290,Dhamra Port,India,IND,2,2,160603,43395
2024-12-01,port442,Haldia,India,IND,3,3,143004,3059
2024-12-01,port883,Paradip,India,IND,3,4,35160,107975
2024-12-02,port1367,Visakhapatnam,India,IND,2,3,35689,15736
2024-12-02,port2299,Gopalpur,India,IND,0,0,0,0
2024-12-02,port290,Dhamra Port,India,IND,0,0,0,0
2024-12-02,port442,Haldia,India,IND,2,7,50111,0
2024-12-02,port883,Paradip,India,IND,4,5,84323,133076
2024-12-03,port1367,Visakhapatnam,India,IND,4,5,102883,79274
2024-12-03,port2299,Gopalpur,India,IND,0,0,0,0
2024-12-03,port290,Dhamra Port,India,IND,2,2,0,53227
2024-12-03,port442,Haldia,India,IND,0,2,0,0
2024-12-03,port883,Paradip,India,IND,1,4,0,18715
2024-12-04,port1367,Visakhapatnam,India,IND,2,3,143917,15736
2024-12-04,port2299,Gopalpur,India,IND,1,1,31855,0
2024-12-04,port290,Dhamra Port,India,IND,2,2,33292,72713
2024-12-04,port442,Haldia,India,IND,2,3,57998,0
2024-12-04,port883,Paradip,India,IND,2,2,27541,30268
2024-12-05,port1367,Visakhapatnam,India,IND,2,3,62664,15736
2024-12-05,port2299,Gopalpur,India,IND,0,0,0,0
2024-12-05,port290,Dhamra Port,India,IND,0,0,0,0
2024-12-05,port442,Haldia,India,IND,1,4,31865,0
2024-12-05,port883,Paradip,India,IND,4,5,40646,142195
2024-12-06,port1367,Visakhapatnam,India,IND,6,7,241791,31473
2024-12-06,port2299,Gopalpur,India,IND,0,0,0,0
2024-12-06,port290,Dhamra Port,India,IND,1,1,41491,19184
2024-12-06,port442,Haldia,India,IND,4,5,133403,0
2024-12-06,port883,Paradip,India,IND,3,4,103088,30268
2024-12-07,port1367,Visakhapatnam,India,IND,6,6,100600,148724
2024-12-07,port2299,Gopalpur,India,IND,0,0,0,0
2024-12-07,port290,Dhamra Port,India,IND,1,1,41491,19184
2024-12-07,port442,Haldia,India,IND,1,5,23120,0
2024-12-07,port883,Paradip,India,IND,3,3,53498,229194
2024-12-08,port1367,Visakhapatnam,India,IND,2,5,32131,28616
2024-12-08,port2299,Gopalpur,India,IND,0,0,0,0
2024-12-08,port290,Dhamra Port,India,IND,0,0,0,0
2024-12-08,port442,Haldia,India,IND,1,4,45759,0
2024-12-08,port883,Paradip,India,IND,2,2,38445,71051
2024-12-09,port1367,Visakhapatnam,India,IND,4,5,66116,99392
2024-12-09,port2299,Gopalpur,India,IND,0,0,0,0
2024-12-09,port290,Dhamra Port,India,IND,0,1,0,0
2024-12-09,port442,Haldia,India,IND,3,6,154763,0
2024-12-09,port883,Paradip,India,IND,2,3,40355,0
2024-12-10,port1367,Visakhapatnam,India,IND,4,6,69145,31473
2024-12-10,port2299,Gopalpur,India,IND,0,0,0,0
2024-12-10,port290,Dhamra Port,India,IND,2,2,41491,48140
2024-12-10,port442,Haldia,India,IND,0,3,0,0
2024-12-10,port883,Paradip,India,IND,2,3,66431,30268
2024-12-11,port1367,Visakhapatnam,India,IND,5,10,83833,83636
2024-12-11,port2299,Gopalpur,India,IND,0,0,0,0
2024-12-11,port290,Dhamra Port,India,IND,0,0,0,0
2024-12-11,port442,Haldia,India,IND,2,4,25002,30206
2024-12-11,port883,Paradip,India,IND,3,3,112276,0
2024-12-12,port1367,Visakhapatnam,India,IND,2,4,52454,15736
2024-12-12,port2299,Gopalpur,India,IND,0,0,0,0
2024-12-12,port290,Dhamra Port,India,IND,2,2,41491,45618
2024-12-12,port442,Haldia,India,IND,1,5,0,684
2024-12-12,port883,Paradip,India,IND,5,6,93613,115301
2024-12-13,port1367,Visakhapatnam,India,IND,2,4,18290,699
2024-12-13,port2299,Gopalpur,India,IND,2,2,77934,0
2024-12-13,port290,Dhamra Port,India,IND,3,3,41491,157950
2024-12-13,port442,Haldia,India,IND,2,6,38371,0
2024-12-13,port883,Paradip,India,IND,0,1,0,0
2024-12-14,port1367,Visakhapatnam,India,IND,1,2,34294,15736
2024-12-14,port2299,Gopalpur,India,IND,1,1,22395,22579
2024-12-14,port290,Dhamra Port,India,IND,0,0,0,0
2024-12-14,port442,Haldia,India,IND,2,4,155941,0
2024-12-14,port883,Paradip,India,IND,1,1,0,38009
2024-12-15,port1367,Visakhapatnam,India,IND,2,3,34294,15736
2024-12-15,port2299,Gopalpur,India,IND,0,0,0,0
2024-12-15,port290,Dhamra Port,India,IND,2,2,0,113289
2024-12-15,port442,Haldia,India,IND,1,3,23295,3059
2024-12-15,port883,Paradip,India,IND,2,4,48299,70882
2024-12-16,port1367,Visakhapatnam,India,IND,1,4,2787,0
2024-12-16,port2299,Gopalpur,India,IND,1,1,4143,0
2024-12-16,port290,Dhamra Port,India,IND,1,1,77675,0
2024-12-16,port442,Haldia,India,IND,1,2,60593,0
2024-12-16,port883,Paradip,India,IND,3,3,256179,30268
2024-12-17,port1367,Visakhapatnam,India,IND,0,1,0,0
2024-12-17,port2299,Gopalpur,India,IND,0,0,0,0
2024-12-17,port290,Dhamra Port,India,IND,2,2,41491,63934
2024-12-17,port442,Haldia,India,IND,3,7,167853,0
2024-12-17,port883,Paradip,India,IND,3,3,0,38556
2024-12-18,port1367,Visakhapatnam,India,IND,3,3,147449,31473
2024-12-18,port2299,Gopalpur,India,IND,0,0,0,0
2024-12-18,port290,Dhamra Port,India,IND,2,2,163736,56302
2024-12-18,port442,Haldia,India,IND,0,2,0,0
2024-12-18,port883,Paradip,India,IND,1,2,40866,0
2024-12-19,port1367,Visakhapatnam,India,IND,4,6,140306,47210
2024-12-19,port2299,Gopalpur,India,IND,1,1,0,15625
2024-12-19,port290,Dhamra Port,India,IND,1,1,0,73171
2024-12-19,port442,Haldia,India,IND,2,2,106554,0
2024-12-19,port883,Paradip,India,IND,4,5,60661,146749
2024-12-20,port1367,Visakhapatnam,India,IND,3,4,96567,0
2024-12-20,port2299,Gopalpur,India,IND,0,0,0,0
2024-12-20,port290,Dhamra Port,India,IND,0,0,0,0
2024-12-20,port442,Haldia,India,IND,0,3,0,0
2024-12-20,port883,Paradip,India,IND,1,1,82928,0
2024-12-21,port1367,Visakhapatnam,India,IND,1,4,34294,15736
2024-12-21,port2299,Gopalpur,India,IND,0,0,0,0
2024-12-21,port290,Dhamra Port,India,IND,1,1,0,1710
2024-12-21,port442,Haldia,India,IND,2,7,61433,3059
2024-12-21,port883,Paradip,India,IND,2,2,40646,60537
2024-12-22,port1367,Visakhapatnam,India,IND,4,5,108925,31473
2024-12-22,port2299,Gopalpur,India,IND,0,0,0,0
2024-12-22,port290,Dhamra Port,India,IND,0,0,0,0
2024-12-22,port442,Haldia,India,IND,3,5,23295,3059
2024-12-22,port883,Paradip,India,IND,6,6,98741,196245
2024-12-23,port1367,Visakhapatnam,India,IND,1,5,32279,0
2024-12-23,port2299,Gopalpur,India,IND,0,0,0,0
2024-12-23,port290,Dhamra Port,India,IND,2,2,120068,19184
2024-12-23,port442,Haldia,India,IND,0,1,0,0
2024-12-23,port883,Paradip,India,IND,0,1,0,0
2024-12-24,port1367,Visakhapatnam,India,IND,1,4,0,71950
2024-12-24,port2299,Gopalpur,India,IND,0,0,0,0
2024-12-24,port290,Dhamra Port,India,IND,0,0,0,0
2024-12-24,port442,Haldia,India,IND,1,3,78864,0
2024-12-24,port883,Paradip,India,IND,4,4,4872,132567
2024-12-25,port1367,Visakhapatnam,India,IND,7,8,180488,146368
2024-12-25,port2299,Gopalpur,India,IND,0,0,0,0
2024-12-25,port290,Dhamra Port,India,IND,0,0,0,0
2024-12-25,port442,Haldia,India,IND,2,2,48100,3059
2024-12-25,port883,Paradip,India,IND,4,4,119588,92895
2024-12-26,port1367,Visakhapatnam,India,IND,3,6,62516,15736
2024-12-26,port2299,Gopalpur,India,IND,1,1,22395,22579
2024-12-26,port290,Dhamra Port,India,IND,2,2,41491,42311
2024-12-26,port442,Haldia,India,IND,1,3,0,0
2024-12-26,port883,Paradip,India,IND,2,2,677,70882
2024-12-27,port1367,Visakhapatnam,India,IND,3,5,131809,0
2024-12-27,port2299,Gopalpur,India,IND,0,0,0,0
2024-12-27,port290,Dhamra Port,India,IND,4,4,277714,119690
2024-12-27,port442,Haldia,India,IND,1,2,79674,0
2024-12-27,port883,Paradip,India,IND,5,6,55354,190317
2024-12-28,port1367,Visakhapatnam,India,IND,3,4,34294,19752
2024-12-28,port2299,Gopalpur,India,IND,1,1,22395,22579
2024-12-28,port290,Dhamra Port,India,IND,1,1,41491,19184
2024-12-28,port442,Haldia,India,IND,1,6,34415,0
2024-12-28,port883,Paradip,India,IND,4,5,168137,73349
2024-12-29,port1367,Visakhapatnam,India,IND,6,9,190234,68212
2024-12-29,port2299,Gopalpur,India,IND,0,0,0,0
2024-12-29,port290,Dhamra Port,India,IND,1,1,0,79010
2024-12-29,port442,Haldia,India,IND,1,1,79645,0
2024-12-29,port883,Paradip,India,IND,2,4,20323,104737
2024-12-30,port1367,Visakhapatnam,India,IND,2,3,68588,31473
2024-12-30,port2299,Gopalpur,India,IND,0,0,0,0
2024-12-30,port290,Dhamra Port,India,IND,0,0,0,0
2024-12-30,port442,Haldia,India,IND,2,2,46591,6118
2024-12-30,port883,Paradip,India,IND,2,2,0,149212
2024-12-31,port1367,Visakhapatnam,India,IND,3,3,68588,87235
2024-12-31,port2299,Gopalpur,India,IND,1,1,0,60487
2024-12-31,port290,Dhamra Port,India,IND,4,5,289391,19184
2024-12-31,port442,Haldia,India,IND,2,4,40118,0
2024-12-31,port883,Paradip,India,IND,3,3,62994,108845
2025-01-01,port1367,Visakhapatnam,India,IND,2,5,68588,31473
2025-01-01,port2299,Gopalpur,India,IND,0,0,0,0
2025-01-01,port290,Dhamra Port,India,IND,1,1,55680,0
2025-01-01,port442,Haldia,India,IND,1,3,5444,0
2025-01-01,port883,Paradip,India,IND,4,7,25343,168084
2025-01-02,port1367,Visakhapatnam,India,IND,3,3,158005,0
2025-01-02,port2299,Gopalpur,India,IND,0,1,0,0
2025-01-02,port290,Dhamra Port,India,IND,0,0,0,0
2025-01-02,port442,Haldia,India,IND,2,7,158473,0
2025-01-02,port883,Paradip,India,IND,6,6,178254,132839
2025-01-03,port1367,Visakhapatnam,India,IND,2,3,68588,31473
2025-01-03,port2299,Gopalpur,India,IND,0,0,0,0
2025-01-03,port290,Dhamra Port,India,IND,1,1,75133,0
2025-01-03,port442,Haldia,India,IND,2,2,159149,0
2025-01-03,port883,Paradip,India,IND,3,3,134599,30268
2025-01-04,port1367,Visakhapatnam,India,IND,3,4,88508,99691
2025-01-04,port2299,Gopalpur,India,IND,1,1,22395,22579
2025-01-04,port290,Dhamra Port,India,IND,1,1,78888,0
2025-01-04,port442,Haldia,India,IND,0,3,0,0
2025-01-04,port883,Paradip,India,IND,2,4,33305,25810
2025-01-05,port1367,Visakhapatnam,India,IND,2,4,38315,15736
2025-01-05,port2299,Gopalpur,India,IND,0,0,0,0
2025-01-05,port290,Dhamra Port,India,IND,1,1,963,0
2025-01-05,port442,Haldia,India,IND,2,3,23295,3059
2025-01-05,port883,Paradip,India,IND,2,2,48154,62623
2025-01-06,port1367,Visakhapatnam,India,IND,4,4,168666,15736
2025-01-06,port2299,Gopalpur,India,IND,0,0,0,0
2025-01-06,port290,Dhamra Port,India,IND,1,1,37353,0
2025-01-06,port442,Haldia,India,IND,1,2,0,14853
2025-01-06,port883,Paradip,India,IND,1,2,76783,0
2025-01-07,port1367,Visakhapatnam,India,IND,4,6,179060,31473
2025-01-07,port2299,Gopalpur,India,IND,0,0,0,0
2025-01-07,port290,Dhamra Port,India,IND,0,0,0,0
2025-01-07,port442,Haldia,India,IND,2,4,32258,3059
2025-01-07,port883,Paradip,India,IND,0,0,0,0
2025-01-08,port1367,Visakhapatnam,India,IND,1,5,2355,0
2025-01-08,port2299,Gopalpur,India,IND,0,0,0,0
2025-01-08,port290,Dhamra Port,India,IND,1,1,167065,0
2025-01-08,port442,Haldia,India,IND,1,1,23901,0
2025-01-08,port883,Paradip,India,IND,5,5,60969,105493
2025-01-09,port1367,Visakhapatnam,India,IND,5,6,167393,31473
2025-01-09,port2299,Gopalpur,India,IND,0,0,0,0
2025-01-09,port290,Dhamra Port,India,IND,1,1,79588,0
2025-01-09,port442,Haldia,India,IND,0,3,0,0
2025-01-09,port883,Paradip,India,IND,3,4,118555,30268
2025-01-10,port1367,Visakhapatnam,India,IND,2,3,34294,70956
2025-01-10,port2299,Gopalpur,India,IND,0,0,0,0
2025-01-10,port290,Dhamra Port,India,IND,1,1,0,69844
2025-01-10,port442,Haldia,India,IND,1,3,0,0
2025-01-10,port883,Paradip,India,IND,4,5,89952,79584
2025-01-11,port1367,Visakhapatnam,India,IND,1,2,0,0
2025-01-11,port2299,Gopalpur,India,IND,0,0,0,0
2025-01-11,port290,Dhamra Port,India,IND,1,1,103482,0
2025-01-11,port442,Haldia,India,IND,2,4,23295,5843
2025-01-11,port883,Paradip,India,IND,3,3,94016,30268
2025-01-12,port1367,Visakhapatnam,India,IND,0,3,0,0
2025-01-12,port2299,Gopalpur,India,IND,0,0,0,0
2025-01-12,port290,Dhamra Port,India,IND,0,0,0,0
2025-01-12,port442,Haldia,India,IND,4,5,116854,0
2025-01-12,port883,Paradip,India,IND,1,3,0,60884
2025-01-13,port1367,Visakhapatnam,India,IND,7,8,333202,113026
2025-01-13,port2299,Gopalpur,India,IND,0,0,0,0
2025-01-13,port290,Dhamra Port,India,IND,0,0,0,0
2025-01-13,port442,Haldia,India,IND,3,8,78982,24585
2025-01-13,port883,Paradip,India,IND,3,4,106211,30268
2025-01-14,port1367,Visakhapatnam,India,IND,5,6,194402,15736
2025-01-14,port2299,Gopalpur,India,IND,0,0,0,0
2025-01-14,port290,Dhamra Port,India,IND,1,1,4839,0
2025-01-14,port442,Haldia,India,IND,2,2,46591,6118
2025-01-14,port883,Paradip,India,IND,4,4,20323,222733
2025-01-15,port1367,Visakhapatnam,India,IND,3,5,160401,15736
2025-01-15,port2299,Gopalpur,India,IND,0,1,0,0
2025-01-15,port290,Dhamra Port,India,IND,0,0,0,0
2025-01-15,port442,Haldia,India,IND,3,3,101507,0
2025-01-15,port883,Paradip,India,IND,1,1,44154,0
2025-01-16,port1367,Visakhapatnam,India,IND,1,1,34294,15736
2025-01-16,port2299,Gopalpur,India,IND,1,1,0,78176
2025-01-16,port290,Dhamra Port,India,IND,1,1,0,72713
2025-01-16,port442,Haldia,India,IND,3,6,108711,0
2025-01-16,port883,Paradip,India,IND,3,4,40646,80122
2025-01-17,port1367,Visakhapatnam,India,IND,2,2,34294,69290
2025-01-17,port2299,Gopalpur,India,IND,0,0,0,0
2025-01-17,port290,Dhamra Port,India,IND,3,3,124475,57554
2025-01-17,port442,Haldia,India,IND,2,5,37293,0
2025-01-17,port883,Paradip,India,IND,3,3,40646,132612
2025-01-18,port1367,Visakhapatnam,India,IND,3,7,126353,54784
2025-01-18,port2299,Gopalpur,India,IND,0,0,0,0
2025-01-18,port290,Dhamra Port,India,IND,2,2,78277,0
2025-01-18,port442,Haldia,India,IND,4,7,180874,3059
2025-01-18,port883,Paradip,India,IND,3,4,20323,111148
2025-01-19,port1367,Visakhapatnam,India,IND,6,7,208465,134956
2025-01-19,port2299,Gopalpur,India,IND,0,0,0,0
2025-01-19,port290,Dhamra Port,India,IND,0,0,0,0
2025-01-19,port442,Haldia,India,IND,1,7,78890,0
2025-01-19,port883,Paradip,India,IND,3,4,20323,148100
2025-01-20,port1367,Visakhapatnam,India,IND,2,4,67692,11963
2025-01-20,port2299,Gopalpur,India,IND,0,0,0,0
2025-01-20,port290,Dhamra Port,India,IND,0,0,0,0
2025-01-20,port442,Haldia,India,IND,1,3,23295,3059
2025-01-20,port883,Paradip,India,IND,3,3,110915,0
2025-01-21,port1367,Visakhapatnam,India,IND,3,4,34294,33462
2025-01-21,port2299,Gopalpur,India,IND,0,0,0,0
2025-01-21,port290,Dhamra Port,India,IND,2,2,111232,0
2025-01-21,port442,Haldia,India,IND,3,3,79570,0
2025-01-21,port883,Paradip,India,IND,1,1,2298,0
2025-01-22,port1367,Visakhapatnam,India,IND,1,2,54313,0
2025-01-22,port2299,Gopalpur,India,IND,0,0,0,0
2025-01-22,port290,Dhamra Port,India,IND,0,0,0,0
2025-01-22,port442,Haldia,India,IND,2,3,91790,0
2025-01-22,port883,Paradip,India,IND,2,2,110035,0
2025-01-23,port1367,Visakhapatnam,India,IND,6,8,213296,111073
2025-01-23,port2299,Gopalpur,India,IND,0,0,0,0
2025-01-23,port290,Dhamra Port,India,IND,2,3,41491,43563
2025-01-23,port442,Haldia,India,IND,0,1,0,0
2025-01-23,port883,Paradip,India,IND,2,3,20323,103434
2025-01-24,port1367,Visakhapatnam,India,IND,5,6,109485,85310
2025-01-24,port2299,Gopalpur,India,IND,0,0,0,0
2025-01-24,port290,Dhamra Port,India,IND,1,1,0,79588
2025-01-24,port442,Haldia,India,IND,1,3,23295,3059
2025-01-24,port883,Paradip,India,IND,4,6,60969,169083
2025-01-25,port1367,Visakhapatnam,India,IND,1,3,78363,0
2025-01-25,port2299,Gopalpur,India,IND,0,0,0,0
2025-01-25,port290,Dhamra Port,India,IND,1,1,78424,0
2025-01-25,port442,Haldia,India,IND,2,4,0,0
2025-01-25,port883,Paradip,India,IND,0,2,0,0
2025-01-26,port1367,Visakhapatnam,India,IND,3,3,68588,88315
2025-01-26,port2299,Gopalpur,India,IND,0,0,0,0
2025-01-26,port290,Dhamra Port,India,IND,2,2,144999,19184
2025-01-26,port442,Haldia,India,IND,1,2,0,0
2025-01-26,port883,Paradip,India,IND,2,2,79447,72713
2025-01-27,port1367,Visakhapatnam,India,IND,3,6,147348,31473
2025-01-27,port2299,Gopalpur,India,IND,0,0,0,0
2025-01-27,port290,Dhamra Port,India,IND,2,3,120684,19184
2025-01-27,port442,Haldia,India,IND,2,5,37888,3059
2025-01-27,port883,Paradip,India,IND,4,4,99017,105366
2025-01-28,port1367,Visakhapatnam,India,IND,5,6,262083,47210
2025-01-28,port2299,Gopalpur,India,IND,0,0,0,0
2025-01-28,port290,Dhamra Port,India,IND,1,1,78644,0
2025-01-28,port442,Haldia,India,IND,5,5,220005,3059
2025-01-28,port883,Paradip,India,IND,3,3,40646,93736
2025-01-29,port1367,Visakhapatnam,India,IND,1,6,34294,15736
2025-01-29,port2299,Gopalpur,India,IND,0,0,0,0
2025-01-29,port290,Dhamra Port,India,IND,2,2,41491,89029
2025-01-29,port442,Haldia,India,IND,0,2,0,0
2025-01-29,port883,Paradip,India,IND,3,3,59241,89344
2025-01-30,port1367,Visakhapatnam,India,IND,5,5,140849,70036
2025-01-30,port2299,Gopalpur,India,IND,1,2,0,2759
2025-01-30,port290,Dhamra Port,India,IND,0,0,0,0
2025-01-30,port442,Haldia,India,IND,2,3,23295,3059
2025-01-30,port883,Paradip,India,IND,3,3,78627,114177
2025-01-31,port1367,Visakhapatnam,India,IND,3,3,37075,42463
2025-01-31,port2299,Gopalpur,India,IND,1,1,73238,0
2025-01-31,port290,Dhamra Port,India,IND,1,1,0,26864
2025-01-31,port442,Haldia,India,IND,2,2,23295,3059
2025-01-31,port883,Paradip,India,IND,2,2,104264,0
2025-02-01,port1367,Visakhapatnam,India,IND,1,3,0,56381
2025-02-01,port2299,Gopalpur,India,IND,1,1,0,76120
2025-02-01,port290,Dhamra Port,India,IND,1,1,41491,19184
2025-02-01,port442,Haldia,India,IND,0,3,0,0
2025-02-01,port883,Paradip,India,IND,3,3,20323,91122
2025-02-02,port1367,Visakhapatnam,India,IND,3,6,187481,15736
2025-02-02,port2299,Gopalpur,India,IND,0,0,0,0
2025-02-02,port290,Dhamra Port,India,IND,0,0,0,0
2025-02-02,port442,Haldia,India,IND,2,5,33993,3059
2025-02-02,port883,Paradip,India,IND,2,2,0,125841
2025-02-03,port1367,Visakhapatnam,India,IND,2,2,54548,103507
2025-02-03,port2299,Gopalpur,India,IND,0,0,0,0
2025-02-03,port290,Dhamra Port,India,IND,1,1,0,53242
2025-02-03,port442,Haldia,India,IND,0,2,0,0
2025-02-03,port883,Paradip,India,IND,3,3,406,158283
2025-02-04,port1367,Visakhapatnam,India,IND,3,4,111348,45331
2025-02-04,port2299,Gopalpur,India,IND,0,0,0,0
2025-02-04,port290,Dhamra Port,India,IND,0,0,0,0
2025-02-04,port442,Haldia,India,IND,0,0,0,0
2025-02-04,port883,Paradip,India,IND,1,2,0,0
2025-02-05,port1367,Visakhapatnam,India,IND,2,2,112871,15736
2025-02-05,port2299,Gopalpur,India,IND,0,0,0,0
2025-02-05,port290,Dhamra Port,India,IND,1,1,78896,0
2025-02-05,port442,Haldia,India,IND,2,4,156845,0
2025-02-05,port883,Paradip,India,IND,4,6,43846,90856
2025-02-06,port1367,Visakhapatnam,India,IND,1,1,211365,0
2025-02-06,port2299,Gopalpur,India,IND,0,0,0,0
2025-02-06,port290,Dhamra Port,India,IND,0,0,0,0
2025-02-06,port442,Haldia,India,IND,1,3,23295,3059
2025-02-06,port883,Paradip,India,IND,2,2,0,150843
2025-02-07,port1367,Visakhapatnam,India,IND,5,9,244707,115075
2025-02-07,port2299,Gopalpur,India,IND,0,0,0,0
2025-02-07,port290,Dhamra Port,India,IND,0,0,0,0
2025-02-07,port442,Haldia,India,IND,0,1,0,0
2025-02-07,port883,Paradip,India,IND,1,1,0,58972
2025-02-08,port1367,Visakhapatnam,India,IND,1,2,78855,0
2025-02-08,port2299,Gopalpur,India,IND,1,1,0,56302
2025-02-08,port290,Dhamra Port,India,IND,1,1,41491,19184
2025-02-08,port442,Haldia,India,IND,2,4,47987,0
2025-02-08,port883,Paradip,India,IND,1,3,0,54531
2025-02-09,port1367,Visakhapatnam,India,IND,1,2,78777,0
2025-02-09,port2299,Gopalpur,India,IND,0,0,0,0
2025-02-09,port290,Dhamra Port,India,IND,0,0,0,0
2025-02-09,port442,Haldia,India,IND,3,5,95838,0
2025-02-09,port883,Paradip,India,IND,2,2,54925,30268
2025-02-10,port1367,Visakhapatnam,India,IND,3,5,34294,125341
2025-02-10,port2299,Gopalpur,India,IND,0,0,0,0
2025-02-10,port290,Dhamra Port,India,IND,1,1,85476,0
2025-02-10,port442,Haldia,India,IND,2,5,78683,0
2025-02-10,port883,Paradip,India,IND,2,2,28511,72713
2025-02-11,port1367,Visakhapatnam,India,IND,3,4,158108,72430
2025-02-11,port2299,Gopalpur,India,IND,0,0,0,0
2025-02-11,port290,Dhamra Port,India,IND,1,1,157281,0
2025-02-11,port442,Haldia,India,IND,1,1,0,0
2025-02-11,port883,Paradip,India,IND,4,4,127389,109165
2025-02-12,port1367,Visakhapatnam,India,IND,1,1,56212,0
2025-02-12,port2299,Gopalpur,India,IND,0,0,0,0
2025-02-12,port290,Dhamra Port,India,IND,1,1,0,14028
2025-02-12,port442,Haldia,India,IND,0,2,0,0
2025-02-12,port883,Paradip,India,IND,8,8,99560,375711
2025-02-13,port1367,Visakhapatnam,India,IND,2,4,78638,54399
2025-02-13,port2299,Gopalpur,India,IND,0,0,0,0
2025-02-13,port290,Dhamra Port,India,IND,0,0,0,0
2025-02-13,port442,Haldia,India,IND,1,3,78762,0
2025-02-13,port883,Paradip,India,IND,3,3,119223,60537
2025-02-14,port1367,Visakhapatnam,India,IND,2,3,109895,15736
2025-02-14,port2299,Gopalpur,India,IND,0,0,0,0
2025-02-14,port290,Dhamra Port,India,IND,0,0,0,0
2025-02-14,port442,Haldia,India,IND,1,3,23295,3059
2025-02-14,port883,Paradip,India,IND,3,3,0,182654
2025-02-15,port1367,Visakhapatnam,India,IND,2,4,58867,53671
2025-02-15,port2299,Gopalpur,India,IND,0,0,0,0
2025-02-15,port290,Dhamra Port,India,IND,1,1,41491,19184
2025-02-15,port442,Haldia,India,IND,2,2,23295,3059
2025-02-15,port883,Paradip,India,IND,0,1,0,0
2025-02-16,port1367,Visakhapatnam,India,IND,1,2,66894,0
2025-02-16,port2299,Gopalpur,India,IND,1,1,22395,22579
2025-02-16,port290,Dhamra Port,India,IND,1,1,41491,19184
2025-02-16,port442,Haldia,India,IND,4,4,122390,6118
2025-02-16,port883,Paradip,India,IND,1,1,0,29651
2025-02-17,port1367,Visakhapatnam,India,IND,1,4,79359,0
2025-02-17,port2299,Gopalpur,India,IND,0,0,0,0
2025-02-17,port290,Dhamra Port,India,IND,1,1,0,79588
2025-02-17,port442,Haldia,India,IND,0,2,0,0
2025-02-17,port883,Paradip,India,IND,2,3,37283,58752
2025-02-18,port1367,Visakhapatnam,India,IND,1,2,53649,0
2025-02-18,port2299,Gopalpur,India,IND,0,0,0,0
2025-02-18,port290,Dhamra Port,India,IND,0,0,0,0
2025-02-18,port442,Haldia,India,IND,1,3,23295,3059
2025-02-18,port883,Paradip,India,IND,4,5,20323,391613
2025-02-19,port1367,Visakhapatnam,India,IND,1,2,0,102530
2025-02-19,port2299,Gopalpur,India,IND,0,0,0,0
2025-02-19,port290,Dhamra Port,India,IND,1,1,169020,0
2025-02-19,port442,Haldia,India,IND,1,2,23295,3059
2025-02-19,port883,Paradip,India,IND,1,1,78639,0
2025-02-20,port1367,Visakhapatnam,India,IND,0,1,0,0
2025-02-20,port2299,Gopalpur,India,IND,1,1,22395,22579
2025-02-20,port290,Dhamra Port,India,IND,1,1,0,77604
2025-02-20,port442,Haldia,India,IND,0,3,0,0
2025-02-20,port883,Paradip,India,IND,3,3,79288,114786
2025-02-21,port1367,Visakhapatnam,India,IND,2,3,58446,15736
2025-02-21,port2299,Gopalpur,India,IND,0,0,0,0
2025-02-21,port290,Dhamra Port,India,IND,0,0,0,0
2025-02-21,port442,Haldia,India,IND,1,1,0,0
2025-02-21,port883,Paradip,India,IND,3,3,20323,182422
2025-02-22,port1367,Visakhapatnam,India,IND,1,2,34294,15736
2025-02-22,port2299,Gopalpur,India,IND,1,1,0,0
2025-02-22,port290,Dhamra Port,India,IND,3,4,223393,19184
2025-02-22,port442,Haldia,India,IND,0,1,0,0
2025-02-22,port883,Paradip,India,IND,3,3,95697,85551
2025-02-23,port1367,Visakhapatnam,India,IND,4,4,92740,32626
2025-02-23,port2299,Gopalpur,India,IND,0,0,0,0
2025-02-23,port290,Dhamra Port,India,IND,0,0,0,0
2025-02-23,port442,Haldia,India,IND,1,2,23761,0
2025-02-23,port883,Paradip,India,IND,5,6,270289,94261
2025-02-24,port1367,Visakhapatnam,India,IND,2,4,0,177459
2025-02-24,port2299,Gopalpur,India,IND,0,0,0,0
2025-02-24,port290,Dhamra Port,India,IND,0,0,0,0
2025-02-24,port442,Haldia,India,IND,1,2,23295,3059
2025-02-24,port883,Paradip,India,IND,4,4,40646,154036
2025-02-25,port1367,Visakhapatnam,India,IND,4,6,69918,38238
2025-02-25,port2299,Gopalpur,India,IND,0,0,0,0
2025-02-25,port290,Dhamra Port,India,IND,4,4,41491,85656
2025-02-25,port442,Haldia,India,IND,2,4,72644,0
2025-02-25,port883,Paradip,India,IND,1,2,690,0
2025-02-26,port1367,Visakhapatnam,India,IND,3,5,2332,77847
2025-02-26,port2299,Gopalpur,India,IND,0,0,0,0
2025-02-26,port290,Dhamra Port,India,IND,0,0,0,0
2025-02-26,port442,Haldia,India,IND,1,3,2088,0
2025-02-26,port883,Paradip,India,IND,2,2,147623,2097
2025-02-27,port1367,Visakhapatnam,India,IND,1,2,19423,0
2025-02-27,port2299,Gopalpur,India,IND,0,0,0,0
2025-02-27,port290,Dhamra Port,India,IND,1,1,41491,19184
2025-02-27,port442,Haldia,India,IND,2,3,57304,0
2025-02-27,port883,Paradip,India,IND,3,4,40646,114957
2025-02-28,port1367,Visakhapatnam,India,IND,4,4,230545,15736
2025-02-28,port2299,Gopalpur,India,IND,0,0,0,0
2025-02-28,port290,Dhamra Port,India,IND,1,1,41491,19184
2025-02-28,port442,Haldia,India,IND,2,5,46591,6118
2025-02-28,port883,Paradip,India,IND,2,3,50980,30268
2025-03-01,port1367,Visakhapatnam,India,IND,3,4,34294,120058
2025-03-01,port2299,Gopalpur,India,IND,0,0,0,0
2025-03-01,port290,Dhamra Port,India,IND,0,0,0,0
2025-03-01,port442,Haldia,India,IND,0,3,0,0
2025-03-01,port883,Paradip,India,IND,1,2,0,22068
2025-03-02,port1367,Visakhapatnam,India,IND,1,3,31220,0
2025-03-02,port2299,Gopalpur,India,IND,1,1,0,22640
2025-03-02,port290,Dhamra Port,India,IND,0,0,0,0
2025-03-02,port442,Haldia,India,IND,1,1,78165,0
2025-03-02,port883,Paradip,India,IND,3,4,40785,60537
2025-03-03,port1367,Visakhapatnam,India,IND,4,6,168586,31217
2025-03-03,port2299,Gopalpur,India,IND,0,0,0,0
2025-03-03,port290,Dhamra Port,India,IND,0,0,0,0
2025-03-03,port442,Haldia,India,IND,2,6,23295,3059
2025-03-03,port883,Paradip,India,IND,4,5,27636,110279
2025-03-04,port1367,Visakhapatnam,India,IND,3,3,102883,47210
2025-03-04,port2299,Gopalpur,India,IND,0,0,0,0
2025-03-04,port290,Dhamra Port,India,IND,0,0,0,0
2025-03-04,port442,Haldia,India,IND,1,3,23295,3059
2025-03-04,port883,Paradip,India,IND,1,2,0,30247
2025-03-05,port1367,Visakhapatnam,India,IND,0,0,0,0
2025-03-05,port2299,Gopalpur,India,IND,0,0,0,0
2025-03-05,port290,Dhamra Port,India,IND,1,1,0,72713
2025-03-05,port442,Haldia,India,IND,1,2,77629,0
2025-03-05,port883,Paradip,India,IND,2,2,21013,30268
2025-03-06,port1367,Visakhapatnam,India,IND,2,3,34294,71417
2025-03-06,port2299,Gopalpur,India,IND,0,0,0,0
2025-03-06,port290,Dhamra Port,India,IND,1,1,0,72591
2025-03-06,port442,Haldia,India,IND,0,1,0,0
2025-03-06,port883,Paradip,India,IND,2,2,40646,60537
2025-03-07,port1367,Visakhapatnam,India,IND,1,3,54821,0
2025-03-07,port2299,Gopalpur,India,IND,0,0,0,0
2025-03-07,port290,Dhamra Port,India,IND,1,1,41491,19184
2025-03-07,port442,Haldia,India,IND,0,1,0,0
2025-03-07,port883,Paradip,India,IND,1,1,0,54207
2025-03-08,port1367,Visakhapatnam,India,IND,4,6,126775,47210
2025-03-08,port2299,Gopalpur,India,IND,0,0,0,0
2025-03-08,port290,Dhamra Port,India,IND,0,0,0,0
2025-03-08,port442,Haldia,India,IND,0,1,0,0
2025-03-08,port883,Paradip,India,IND,2,4,20323,109158
2025-03-09,port1367,Visakhapatnam,India,IND,0,0,0,0
2025-03-09,port2299,Gopalpur,India,IND,0,0,0,0
2025-03-09,port290,Dhamra Port,India,IND,1,1,77402,0
2025-03-09,port442,Haldia,India,IND,1,2,23295,3059
2025-03-09,port883,Paradip,India,IND,1,1,78953,0
2025-03-10,port1367,Visakhapatnam,India,IND,2,4,68588,31473
2025-03-10,port2299,Gopalpur,India,IND,0,0,0,0
2025-03-10,port290,Dhamra Port,India,IND,1,1,0,23679
2025-03-10,port442,Haldia,India,IND,3,4,135960,3059
2025-03-10,port883,Paradip,India,IND,3,3,92453,77604
2025-03-11,port1367,Visakhapatnam,India,IND,2,3,44549,15736
2025-03-11,port2299,Gopalpur,India,IND,0,0,0,0
2025-03-11,port290,Dhamra Port,India,IND,3,3,91763,38369
2025-03-11,port442,Haldia,India,IND,1,1,79253,0
2025-03-11,port883,Paradip,India,IND,1,1,0,15629
2025-03-12,port1367,Visakhapatnam,India,IND,4,6,152609,82220
2025-03-12,port2299,Gopalpur,India,IND,0,0,0,0
2025-03-12,port290,Dhamra Port,India,IND,0,0,0,0
2025-03-12,port442,Haldia,India,IND,4,5,102884,6118
2025-03-12,port883,Paradip,India,IND,3,4,20323,90853
2025-03-13,port1367,Visakhapatnam,India,IND,2,4,0,70667
2025-03-13,port2299,Gopalpur,India,IND,0,0,0,0
2025-03-13,port290,Dhamra Port,India,IND,1,1,41491,19184
2025-03-13,port442,Haldia,India,IND,2,5,103597,3059
2025-03-13,port883,Paradip,India,IND,4,6,21019,126691
2025-03-14,port1367,Visakhapatnam,India,IND,3,3,78084,60589
2025-03-14,port2299,Gopalpur,India,IND,0,1,0,0
2025-03-14,port290,Dhamra Port,India,IND,0,0,0,0
2025-03-14,port442,Haldia,India,IND,3,4,181701,3059
2025-03-14,port883,Paradip,India,IND,3,3,22066,85914
2025-03-15,port1367,Visakhapatnam,India,IND,2,3,34294,26257
2025-03-15,port2299,Gopalpur,India,IND,0,0,0,0
2025-03-15,port290,Dhamra Port,India,IND,0,0,0,0
2025-03-15,port442,Haldia,India,IND,2,5,5317,0
2025-03-15,port883,Paradip,India,IND,1,1,20323,30268
2025-03-16,port1367,Visakhapatnam,India,IND,1,4,34294,15736
2025-03-16,port2299,Gopalpur,India,IND,1,1,22362,0
2025-03-16,port290,Dhamra Port,India,IND,1,1,171893,0
2025-03-16,port442,Haldia,India,IND,0,0,0,0
2025-03-16,port883,Paradip,India,IND,4,5,32447,124452
2025-03-17,port1367,Visakhapatnam,India,IND,3,4,102883,47210
2025-03-17,port2299,Gopalpur,India,IND,0,0,0,0
2025-03-17,port290,Dhamra Port,India,IND,1,1,0,34569
2025-03-17,port442,Haldia,India,IND,3,5,46591,6118
2025-03-17,port883,Paradip,India,IND,2,2,0,56073
2025-03-18,port1367,Visakhapatnam,India,IND,4,4,163575,31473
2025-03-18,port2299,Gopalpur,India,IND,0,0,0,0
2025-03-18,port290,Dhamra Port,India,IND,1,1,41491,19184
2025-03-18,port442,Haldia,India,IND,0,4,0,0
2025-03-18,port883,Paradip,India,IND,4,4,60969,96383
2025-03-19,port1367,Visakhapatnam,India,IND,0,0,0,0
2025-03-19,port2299,Gopalpur,India,IND,0,0,0,0
2025-03-19,port290,Dhamra Port,India,IND,0,0,0,0
2025-03-19,port442,Haldia,India,IND,1,4,0,2895
2025-03-19,port883,Paradip,India,IND,3,3,40646,133709
2025-03-20,port1367,Visakhapatnam,India,IND,3,3,162181,15736
2025-03-20,port2299,Gopalpur,India,IND,0,0,0,0
2025-03-20,port290,Dhamra Port,India,IND,1,1,0,58398
2025-03-20,port442,Haldia,India,IND,1,4,0,1280
2025-03-20,port883,Paradip,India,IND,2,2,99070,30268
2025-03-21,port1367,Visakhapatnam,India,IND,1,1,0,84020
2025-03-21,port2299,Gopalpur,India,IND,0,0,0,0
2025-03-21,port290,Dhamra Port,India,IND,3,3,54479,19184
2025-03-21,port442,Haldia,India,IND,2,3,46591,6118
2025-03-21,port883,Paradip,India,IND,2,2,40646,60537
2025-03-22,port1367,Visakhapatnam,India,IND,2,3,110640,15736
2025-03-22,port2299,Gopalpur,India,IND,0,0,0,0
2025-03-22,port290,Dhamra Port,India,IND,1,1,41491,19184
2025-03-22,port442,Haldia,India,IND,1,3,79527,0
2025-03-22,port883,Paradip,India,IND,5,6,169802,90806
2025-03-23,port1367,Visakhapatnam,India,IND,2,4,58143,15736
2025-03-23,port2299,Gopalpur,India,IND,0,0,0,0
2025-03-23,port290,Dhamra Port,India,IND,0,0,0,0
2025-03-23,port442,Haldia,India,IND,1,2,78480,0
2025-03-23,port883,Paradip,India,IND,2,2,20323,38604
2025-03-24,port1367,Visakhapatnam,India,IND,2,2,26925,35254
2025-03-24,port2299,Gopalpur,India,IND,0,0,0,0
2025-03-24,port290,Dhamra Port,India,IND,1,1,0,55645
2025-03-24,port442,Haldia,India,IND,3,5,104421,0
2025-03-24,port883,Paradip,India,IND,2,2,0,1381
2025-03-25,port1367,Visakhapatnam,India,IND,2,3,112423,15736
2025-03-25,port2299,Gopalpur,India,IND,0,0,0,0
2025-03-25,port290,Dhamra Port,India,IND,2,2,197375,0
2025-03-25,port442,Haldia,India,IND,6,7,171813,6404
2025-03-25,port883,Paradip,India,IND,10,14,469932,238636
2025-03-26,port1367,Visakhapatnam,India,IND,3,7,68588,111062
2025-03-26,port2299,Gopalpur,India,IND,0,0,0,0
2025-03-26,port290,Dhamra Port,India,IND,2,3,261955,0
2025-03-26,port442,Haldia,India,IND,4,8,35557,16603
2025-03-26,port883,Paradip,India,IND,2,3,0,112416
2025-03-27,port1367,Visakhapatnam,India,IND,1,3,34294,15736
2025-03-27,port2299,Gopalpur,India,IND,0,0,0,0
2025-03-27,port290,Dhamra Port,India,IND,2,2,0,112040
2025-03-27,port442,Haldia,India,IND,2,6,29641,0
2025-03-27,port883,Paradip,India,IND,8,11,193166,280812
2025-03-28,port1367,Visakhapatnam,India,IND,6,7,165016,152798
2025-03-28,port2299,Gopalpur,India,IND,2,2,22395,98923
2025-03-28,port290,Dhamra Port,India,IND,2,2,158490,55300
2025-03-28,port442,Haldia,India,IND,2,4,58326,0
2025-03-28,port883,Paradip,India,IND,5,6,20323,242707
2025-03-29,port1367,Visakhapatnam,India,IND,2,4,153978,0
2025-03-29,port2299,Gopalpur,India,IND,0,0,0,0
2025-03-29,port290,Dhamra Port,India,IND,1,1,8123,0
2025-03-29,port442,Haldia,India,IND,2,4,46591,6118
2025-03-29,port883,Paradip,India,IND,6,7,79936,360739
2025-03-30,port1367,Visakhapatnam,India,IND,3,5,179615,0
2025-03-30,port2299,Gopalpur,India,IND,2,2,42729,0
2025-03-30,port290,Dhamra Port,India,IND,1,1,41491,19184
2025-03-30,port442,Haldia,India,IND,0,2,0,0
2025-03-30,port883,Paradip,India,IND,1,1,37419,0
2025-03-31,port1367,Visakhapatnam,India,IND,2,5,68588,31473
2025-03-31,port2299,Gopalpur,India,IND,0,0,0,0
2025-03-31,port290,Dhamra Port,India,IND,0,0,0,0
2025-03-31,port442,Haldia,India,IND,4,5,119138,46526
2025-03-31,port883,Paradip,India,IND,5,5,20323,270904
2025-04-01,port1367,Visakhapatnam,India,IND,1,2,34294,15736
2025-04-01,port2299,Gopalpur,India,IND,1,1,0,0
2025-04-01,port290,Dhamra Port,India,IND,3,4,82983,42320
2025-04-01,port442,Haldia,India,IND,2,2,149807,0
2025-04-01,port883,Paradip,India,IND,2,3,0,112581
2025-04-02,port1367,Visakhapatnam,India,IND,1,3,78978,0
2025-04-02,port2299,Gopalpur,India,IND,0,0,0,0
2025-04-02,port290,Dhamra Port,India,IND,1,1,41491,19184
2025-04-02,port442,Haldia,India,IND,0,1,0,0
2025-04-02,port883,Paradip,India,IND,3,3,59758,70637
2025-04-03,port1367,Visakhapatnam,India,IND,2,4,90675,15736
2025-04-03,port2299,Gopalpur,India,IND,0,0,0,0
2025-04-03,port290,Dhamra Port,India,IND,0,0,0,0
2025-04-03,port442,Haldia,India,IND,2,5,157188,0
2025-04-03,port883,Paradip,India,IND,4,5,113139,24341
2025-04-04,port1367,Visakhapatnam,India,IND,5,6,216306,80563
2025-04-04,port2299,Gopalpur,India,IND,0,0,0,0
2025-04-04,port290,Dhamra Port,India,IND,1,1,103507,0
2025-04-04,port442,Haldia,India,IND,2,3,79461,0
2025-04-04,port883,Paradip,India,IND,1,1,20323,30268
2025-04-05,port1367,Visakhapatnam,India,IND,3,3,68588,51532
2025-04-05,port2299,Gopalpur,India,IND,0,0,0,0
2025-04-05,port290,Dhamra Port,India,IND,1,1,0,53490
2025-04-05,port442,Haldia,India,IND,1,2,23295,3059
2025-04-05,port883,Paradip,India,IND,1,1,0,54452
2025-04-06,port1367,Visakhapatnam,India,IND,2,2,34294,38285
2025-04-06,port2299,Gopalpur,India,IND,1,1,22395,22579
2025-04-06,port290,Dhamra Port,India,IND,1,1,41491,19184
2025-04-06,port442,Haldia,India,IND,0,3,0,0
2025-04-06,port883,Paradip,India,IND,3,3,45584,106495
2025-04-07,port1367,Visakhapatnam,India,IND,3,4,136309,31473
2025-04-07,port2299,Gopalpur,India,IND,0,0,0,0
2025-04-07,port290,Dhamra Port,India,IND,1,1,41491,19184
2025-04-07,port442,Haldia,India,IND,2,4,95940,3059
2025-04-07,port883,Paradip,India,IND,2,3,74449,30268
2025-04-08,port1367,Visakhapatnam,India,IND,3,4,68588,109865
2025-04-08,port2299,Gopalpur,India,IND,1,1,22395,22579
2025-04-08,port290,Dhamra Port,India,IND,2,2,120274,19184
2025-04-08,port442,Haldia,India,IND,2,2,102052,3059
2025-04-08,port883,Paradip,India,IND,5,5,93798,169524
2025-04-09,port1367,Visakhapatnam,India,IND,0,0,0,0
2025-04-09,port2299,Gopalpur,India,IND,0,0,0,0
2025-04-09,port290,Dhamra Port,India,IND,2,2,221482,49609
2025-04-09,port442,Haldia,India,IND,2,3,105422,3059
2025-04-09,port883,Paradip,India,IND,5,5,139678,145046
2025-04-10,port1367,Visakhapatnam,India,IND,0,1,0,0
2025-04-10,port2299,Gopalpur,India,IND,0,0,0,0
2025-04-10,port290,Dhamra Port,India,IND,1,1,0,38725
2025-04-10,port442,Haldia,India,IND,2,4,91704,0
2025-04-10,port883,Paradip,India,IND,3,4,60969,90806
2025-04-11,port1367,Visakhapatnam,India,IND,1,2,0,32438
2025-04-11,port2299,Gopalpur,India,IND,0,0,0,0
2025-04-11,port290,Dhamra Port,India,IND,0,0,0,0
2025-04-11,port442,Haldia,India,IND,2,4,46591,6118
2025-04-11,port883,Paradip,India,IND,2,3,40646,60537
2025-04-12,port1367,Visakhapatnam,India,IND,2,2,56364,103507
2025-04-12,port2299,Gopalpur,India,IND,0,0,0,0
2025-04-12,port290,Dhamra Port,India,IND,4,4,203126,57554
2025-04-12,port442,Haldia,India,IND,1,3,23295,3059
2025-04-12,port883,Paradip,India,IND,2,3,21750,30268
2025-04-13,port1367,Visakhapatnam,India,IND,1,1,0,8883
2025-04-13,port2299,Gopalpur,India,IND,0,0,0,0
2025-04-13,port290,Dhamra Port,India,IND,1,1,0,586
2025-04-13,port442,Haldia,India,IND,0,1,0,0
2025-04-13,port883,Paradip,India,IND,7,7,146982,166082
2025-04-14,port1367,Visakhapatnam,India,IND,3,6,244820,0
2025-04-14,port2299,Gopalpur,India,IND,0,0,0,0
2025-04-14,port290,Dhamra Port,India,IND,3,3,283051,19184
2025-04-14,port442,Haldia,India,IND,3,4,141197,3059
2025-04-14,port883,Paradip,India,IND,4,4,81292,121074
2025-04-15,port1367,Visakhapatnam,India,IND,2,3,0,23268
2025-04-15,port2299,Gopalpur,India,IND,0,0,0,0
2025-04-15,port290,Dhamra Port,India,IND,0,0,0,0
2025-04-15,port442,Haldia,India,IND,1,4,78898,0
2025-04-15,port883,Paradip,India,IND,3,4,88894,34375
2025-04-16,port1367,Visakhapatnam,India,IND,3,3,34294,73552
2025-04-16,port2299,Gopalpur,India,IND,0,0,0,0
2025-04-16,port290,Dhamra Port,India,IND,3,3,82983,38509
2025-04-16,port442,Haldia,India,IND,1,4,0,28109
2025-04-16,port883,Paradip,India,IND,3,5,42653,30268
2025-04-17,port1367,Visakhapatnam,India,IND,0,0,0,0
2025-04-17,port2299,Gopalpur,India,IND,0,0,0,0
2025-04-17,port290,Dhamra Port,India,IND,1,1,37417,0
2025-04-17,port442,Haldia,India,IND,0,1,0,0
2025-04-17,port883,Paradip,India,IND,1,1,2091,0
2025-04-18,port1367,Visakhapatnam,India,IND,4,7,220954,31473
2025-04-18,port2299,Gopalpur,India,IND,0,0,0,0
2025-04-18,port290,Dhamra Port,India,IND,3,3,96545,21235
2025-04-18,port442,Haldia,India,IND,4,7,46591,6118
2025-04-18,port883,Paradip,India,IND,4,5,60969,163971
2025-04-19,port1367,Visakhapatnam,India,IND,1,6,55603,0
2025-04-19,port2299,Gopalpur,India,IND,0,0,0,0
2025-04-19,port290,Dhamra Port,India,IND,1,1,41491,19184
2025-04-19,port442,Haldia,India,IND,2,6,82976,0
2025-04-19,port883,Paradip,India,IND,2,2,20323,85962
2025-04-20,port1367,Visakhapatnam,India,IND,2,4,109703,0
2025-04-20,port2299,Gopalpur,India,IND,0,0,0,0
2025-04-20,port290,Dhamra Port,India,IND,0,0,0,0
2025-04-20,port442,Haldia,India,IND,1,2,23295,3059
2025-04-20,port883,Paradip,India,IND,1,1,20323,30268
2025-04-21,port1367,Visakhapatnam,India,IND,2,5,75186,78855
2025-04-21,port2299,Gopalpur,India,IND,1,1,26125,0
2025-04-21,port290,Dhamra Port,India,IND,2,2,0,127756
2025-04-21,port442,Haldia,India,IND,4,6,184016,26216
2025-04-21,port883,Paradip,India,IND,4,4,40646,110156
2025-04-22,port1367,Visakhapatnam,India,IND,2,3,121381,0
2025-04-22,port2299,Gopalpur,India,IND,0,0,0,0
2025-04-22,port290,Dhamra Port,India,IND,1,1,41491,19184
2025-04-22,port442,Haldia,India,IND,1,2,33902,0
2025-04-22,port883,Paradip,India,IND,4,5,251927,30268
2025-04-23,port1367,Visakhapatnam,India,IND,1,4,0,0
2025-04-23,port2299,Gopalpur,India,IND,0,0,0,0
2025-04-23,port290,Dhamra Port,India,IND,1,1,0,30010
2025-04-23,port442,Haldia,India,IND,2,2,46591,6118
2025-04-23,port883,Paradip,India,IND,1,2,20323,30268
2025-04-24,port1367,Visakhapatnam,India,IND,3,3,82428,51400
2025-04-24,port2299,Gopalpur,India,IND,0,0,0,0
2025-04-24,port290,Dhamra Port,India,IND,0,0,0,0
2025-04-24,port442,Haldia,India,IND,2,3,23295,42985
2025-04-24,port883,Paradip,India,IND,4,4,40646,193814
2025-04-25,port1367,Visakhapatnam,India,IND,2,5,66288,15736
2025-04-25,port2299,Gopalpur,India,IND,0,0,0,0
2025-04-25,port290,Dhamra Port,India,IND,0,0,0,0
2025-04-25,port442,Haldia,India,IND,0,2,0,0
2025-04-25,port883,Paradip,India,IND,2,2,20323,30477
2025-04-26,port1367,Visakhapatnam,India,IND,0,1,0,0
2025-04-26,port2299,Gopalpur,India,IND,0,0,0,0
2025-04-26,port290,Dhamra Port,India,IND,0,0,0,0
2025-04-26,port442,Haldia,India,IND,2,3,227268,3059
2025-04-26,port883,Paradip,India,IND,2,2,20323,101151
2025-04-27,port1367,Visakhapatnam,India,IND,1,3,60698,0
2025-04-27,port2299,Gopalpur,India,IND,1,1,72126,0
2025-04-27,port290,Dhamra Port,India,IND,2,2,106424,0
2025-04-27,port442,Haldia,India,IND,1,4,56039,0
2025-04-27,port883,Paradip,India,IND,1,1,0,77805
2025-04-28,port1367,Visakhapatnam,India,IND,1,3,34294,15736
2025-04-28,port2299,Gopalpur,India,IND,0,0,0,0
2025-04-28,port290,Dhamra Port,India,IND,1,1,21103,0
2025-04-28,port442,Haldia,India,IND,0,1,0,0
2025-04-28,port883,Paradip,India,IND,3,4,37746,0
2025-04-29,port1367,Visakhapatnam,India,IND,2,3,131816,0
2025-04-29,port2299,Gopalpur,India,IND,0,0,0,0
2025-04-29,port290,Dhamra Port,India,IND,0,0,0,0
2025-04-29,port442,Haldia,India,IND,1,1,1374,0
2025-04-29,port883,Paradip,India,IND,1,2,696,0
2025-04-30,port1367,Visakhapatnam,India,IND,1,3,61166,0
2025-04-30,port2299,Gopalpur,India,IND,1,1,22395,22579
2025-04-30,port290,Dhamra Port,India,IND,1,1,33731,0
2025-04-30,port442,Haldia,India,IND,1,2,5009,0
2025-04-30,port883,Paradip,India,IND,2,2,20323,106483
2025-05-01,port1367,Visakhapatnam,India,IND,2,3,156342,0
2025-05-01,port2299,Gopalpur,India,IND,0,0,0,0
2025-05-01,port290,Dhamra Port,India,IND,0,0,0,0
2025-05-01,port442,Haldia,India,IND,2,2,46287,3059
2025-05-01,port883,Paradip,India,IND,4,5,40646,194358
2025-05-02,port1367,Visakhapatnam,India,IND,2,4,76495,7056
2025-05-02,port2299,Gopalpur,India,IND,0,0,0,0
2025-05-02,port290,Dhamra Port,India,IND,0,0,0,0
2025-05-02,port442,Haldia,India,IND,1,2,39089,0
2025-05-02,port883,Paradip,India,IND,2,3,40646,60537
2025-05-03,port1367,Visakhapatnam,India,IND,4,6,85117,131544
2025-05-03,port2299,Gopalpur,India,IND,0,0,0,0
2025-05-03,port290,Dhamra Port,India,IND,0,0,0,0
2025-05-03,port442,Haldia,India,IND,2,2,46591,6118
2025-05-03,port883,Paradip,India,IND,1,2,0,60721
2025-05-04,port1367,Visakhapatnam,India,IND,1,1,31909,0
2025-05-04,port2299,Gopalpur,India,IND,0,0,0,0
2025-05-04,port290,Dhamra Port,India,IND,1,1,41491,19184
2025-05-04,port442,Haldia,India,IND,2,6,102363,3059
2025-05-04,port883,Paradip,India,IND,1,2,0,68997
2025-05-05,port1367,Visakhapatnam,India,IND,2,4,34294,119219
2025-05-05,port2299,Gopalpur,India,IND,0,0,0,0
2025-05-05,port290,Dhamra Port,India,IND,0,0,0,0
2025-05-05,port442,Haldia,India,IND,0,3,0,0
2025-05-05,port883,Paradip,India,IND,4,5,20339,96139
2025-05-06,port1367,Visakhapatnam,India,IND,3,3,129672,60580
2025-05-06,port2299,Gopalpur,India,IND,0,0,0,0
2025-05-06,port290,Dhamra Port,India,IND,1,1,41491,19184
2025-05-06,port442,Haldia,India,IND,0,1,0,0
2025-05-06,port883,Paradip,India,IND,3,3,40980,31549
2025-05-07,port1367,Visakhapatnam,India,IND,2,3,34294,16158
2025-05-07,port2299,Gopalpur,India,IND,0,0,0,0
2025-05-07,port290,Dhamra Port,India,IND,0,0,0,0
2025-05-07,port442,Haldia,India,IND,3,5,104685,0
2025-05-07,port883,Paradip,India,IND,3,3,40646,91625
2025-05-08,port1367,Visakhapatnam,India,IND,2,3,0,104349
2025-05-08,port2299,Gopalpur,India,IND,0,0,0,0
2025-05-08,port290,Dhamra Port,India,IND,0,0,0,0
2025-05-08,port442,Haldia,India,IND,1,2,23295,3059
2025-05-08,port883,Paradip,India,IND,3,4,130771,2091
2025-05-09,port1367,Visakhapatnam,India,IND,3,4,72139,15736
2025-05-09,port2299,Gopalpur,India,IND,0,0,0,0
2025-05-09,port290,Dhamra Port,India,IND,3,3,186461,38369
2025-05-09,port442,Haldia,India,IND,1,4,23295,3059
2025-05-09,port883,Paradip,India,IND,4,4,40391,135419
2025-05-10,port1367,Visakhapatnam,India,IND,1,2,0,80438
2025-05-10,port2299,Gopalpur,India,IND,0,0,0,0
2025-05-10,port290,Dhamra Port,India,IND,1,1,30950,0
2025-05-10,port442,Haldia,India,IND,0,1,0,0
2025-05-10,port883,Paradip,India,IND,2,2,20323,88783
2025-05-11,port1367,Visakhapatnam,India,IND,3,6,165879,72886
2025-05-11,port2299,Gopalpur,India,IND,0,0,0,0
2025-05-11,port290,Dhamra Port,India,IND,3,3,163325,87182
2025-05-11,port442,Haldia,India,IND,2,5,106478,0
2025-05-11,port883,Paradip,India,IND,4,5,44339,137310
2025-05-12,port1367,Visakhapatnam,India,IND,2,5,171470,52937
2025-05-12,port2299,Gopalpur,India,IND,0,0,0,0
2025-05-12,port290,Dhamra Port,India,IND,1,1,78017,0
2025-05-12,port442,Haldia,India,IND,0,2,0,0
2025-05-12,port883,Paradip,India,IND,3,4,51595,102365
2025-05-13,port1367,Visakhapatnam,India,IND,3,7,107570,49007
2025-05-13,port2299,Gopalpur,India,IND,0,0,0,0
2025-05-13,port290,Dhamra Port,India,IND,0,0,0,0
2025-05-13,port442,Haldia,India,IND,3,3,121634,6118
2025-05-13,port883,Paradip,India,IND,2,3,20323,92204
2025-05-14,port1367,Visakhapatnam,India,IND,4,6,78546,142519
2025-05-14,port2299,Gopalpur,India,IND,0,0,0,0
2025-05-14,port290,Dhamra Port,India,IND,1,1,79901,0
2025-05-14,port442,Haldia,India,IND,0,1,0,0
2025-05-14,port883,Paradip,India,IND,2,4,40646,60537
2025-05-15,port1367,Visakhapatnam,India,IND,3,4,102883,47210
2025-05-15,port2299,Gopalpur,India,IND,0,0,0,0
2025-05-15,port290,Dhamra Port,India,IND,2,2,120190,19184
2025-05-15,port442,Haldia,India,IND,2,5,23295,3059
2025-05-15,port883,Paradip,India,IND,2,2,83931,68997
2025-05-16,port1367,Visakhapatnam,India,IND,3,3,112853,119214
2025-05-16,port2299,Gopalpur,India,IND,0,0,0,0
2025-05-16,port290,Dhamra Port,India,IND,0,0,0,0
2025-05-16,port442,Haldia,India,IND,0,1,0,0
2025-05-16,port883,Paradip,India,IND,5,5,150522,119912
2025-05-17,port1367,Visakhapatnam,India,IND,5,6,176294,98027
2025-05-17,port2299,Gopalpur,India,IND,0,0,0,0
2025-05-17,port290,Dhamra Port,India,IND,0,0,0,0
2025-05-17,port442,Haldia,India,IND,2,4,115584,0
2025-05-17,port883,Paradip,India,IND,3,5,93026,29025
2025-05-18,port1367,Visakhapatnam,India,IND,3,4,68588,103686
2025-05-18,port2299,Gopalpur,India,IND,0,0,0,0
2025-05-18,port290,Dhamra Port,India,IND,3,3,199982,34294
2025-05-18,port442,Haldia,India,IND,1,5,0,0
2025-05-18,port883,Paradip,India,IND,1,1,79101,0
2025-05-19,port1367,Visakhapatnam,India,IND,3,4,82138,15736
2025-05-19,port2299,Gopalpur,India,IND,0,0,0,0
2025-05-19,port290,Dhamra Port,India,IND,0,0,0,0
2025-05-19,port442,Haldia,India,IND,0,2,0,0
2025-05-19,port883,Paradip,India,IND,5,5,46655,122228
2025-05-20,port1367,Visakhapatnam,India,IND,2,4,8472,6273
2025-05-20,port2299,Gopalpur,India,IND,0,0,0,0
2025-05-20,port290,Dhamra Port,India,IND,0,0,0,0
2025-05-20,port442,Haldia,India,IND,1,2,58581,0
2025-05-20,port883,Paradip,India,IND,1,1,0,76773
2025-05-21,port1367,Visakhapatnam,India,IND,3,7,100456,31473
2025-05-21,port2299,Gopalpur,India,IND,0,0,0,0
2025-05-21,port290,Dhamra Port,India,IND,1,1,18254,30100
2025-05-21,port442,Haldia,India,IND,1,4,78399,0
2025-05-21,port883,Paradip,India,IND,4,5,111586,161531
2025-05-22,port1367,Visakhapatnam,India,IND,5,10,394192,31473
2025-05-22,port2299,Gopalpur,India,IND,1,1,22395,22579
2025-05-22,port290,Dhamra Port,India,IND,0,0,0,0
2025-05-22,port442,Haldia,India,IND,2,5,100105,3059
2025-05-22,port883,Paradip,India,IND,4,4,111010,84991
2025-05-23,port1367,Visakhapatnam,India,IND,1,2,78874,0
2025-05-23,port2299,Gopalpur,India,IND,0,0,0,0
2025-05-23,port290,Dhamra Port,India,IND,1,1,23188,0
2025-05-23,port442,Haldia,India,IND,0,2,0,0
2025-05-23,port883,Paradip,India,IND,4,5,40008,95050
2025-05-24,port1367,Visakhapatnam,India,IND,4,6,102883,98272
2025-05-24,port2299,Gopalpur,India,IND,0,0,0,0
2025-05-24,port290,Dhamra Port,India,IND,2,2,41491,24030
2025-05-24,port442,Haldia,India,IND,1,4,23295,3059
2025-05-24,port883,Paradip,India,IND,2,2,20323,102982
2025-05-25,port1367,Visakhapatnam,India,IND,3,6,118987,15736
2025-05-25,port2299,Gopalpur,India,IND,1,1,37359,0
2025-05-25,port290,Dhamra Port,India,IND,0,0,0,0
2025-05-25,port442,Haldia,India,IND,1,3,29196,0
2025-05-25,port883,Paradip,India,IND,2,3,20323,99950
2025-05-26,port1367,Visakhapatnam,India,IND,3,6,34706,16323
2025-05-26,port2299,Gopalpur,India,IND,1,1,22395,22579
2025-05-26,port290,Dhamra Port,India,IND,1,1,0,51233
2025-05-26,port442,Haldia,India,IND,0,1,0,0
2025-05-26,port883,Paradip,India,IND,4,6,90939,73952
2025-05-27,port1367,Visakhapatnam,India,IND,4,4,94353,94496
2025-05-27,port2299,Gopalpur,India,IND,0,0,0,0
2025-05-27,port290,Dhamra Port,India,IND,2,3,34014,9689
2025-05-27,port442,Haldia,India,IND,0,3,0,0
2025-05-27,port883,Paradip,India,IND,4,4,54998,60537
2025-05-28,port1367,Visakhapatnam,India,IND,1,3,0,55141
2025-05-28,port2299,Gopalpur,India,IND,0,0,0,0
2025-05-28,port290,Dhamra Port,India,IND,0,0,0,0
2025-05-28,port442,Haldia,India,IND,1,2,54489,0
2025-05-28,port883,Paradip,India,IND,2,2,20323,61968
2025-05-29,port1367,Visakhapatnam,India,IND,3,3,119704,31473
2025-05-29,port2299,Gopalpur,India,IND,0,0,0,0
2025-05-29,port290,Dhamra Port,India,IND,1,1,41491,19184
2025-05-29,port442,Haldia,India,IND,0,2,0,0
2025-05-29,port883,Paradip,India,IND,1,3,20323,30268
2025-05-30,port1367,Visakhapatnam,India,IND,2,3,34412,0
2025-05-30,port2299,Gopalpur,India,IND,0,0,0,0
2025-05-30,port290,Dhamra Port,India,IND,3,3,169196,19184
2025-05-30,port442,Haldia,India,IND,3,6,109977,0
2025-05-30,port883,Paradip,India,IND,2,3,20323,107042
2025-05-31,port1367,Visakhapatnam,India,IND,6,7,189190,35000
2025-05-31,port2299,Gopalpur,India,IND,1,1,22395,22579
2025-05-31,port290,Dhamra Port,India,IND,1,1,41491,19184
2025-05-31,port442,Haldia,India,IND,3,4,124770,6118
2025-05-31,port883,Paradip,India,IND,1,1,31138,0
2025-06-01,port1367,Visakhapatnam,India,IND,3,6,96375,70226
2025-06-01,port2299,Gopalpur,India,IND,0,0,0,0
2025-06-01,port290,Dhamra Port,India,IND,1,1,72600,0
2025-06-01,port442,Haldia,India,IND,1,3,78888,0
2025-06-01,port883,Paradip,India,IND,3,4,23948,31227
2025-06-02,port1367,Visakhapatnam,India,IND,2,4,53735,15736
2025-06-02,port2299,Gopalpur,India,IND,0,0,0,0
2025-06-02,port290,Dhamra Port,India,IND,2,2,0,130960
2025-06-02,port442,Haldia,India,IND,2,3,102160,3059
2025-06-02,port883,Paradip,India,IND,3,3,78457,149270
2025-06-03,port1367,Visakhapatnam,India,IND,3,4,113614,99140
2025-06-03,port2299,Gopalpur,India,IND,0,0,0,0
2025-06-03,port290,Dhamra Port,India,IND,1,1,0,72937
2025-06-03,port442,Haldia,India,IND,0,4,0,0
2025-06-03,port883,Paradip,India,IND,0,1,0,0
2025-06-04,port1367,Visakhapatnam,India,IND,1,5,34294,15736
2025-06-04,port2299,Gopalpur,India,IND,0,0,0,0
2025-06-04,port290,Dhamra Port,India,IND,1,1,41491,19184
2025-06-04,port442,Haldia,India,IND,1,4,79306,0
2025-06-04,port883,Paradip,India,IND,4,4,26165,23959
2025-06-05,port1367,Visakhapatnam,India,IND,2,2,200897,15736
2025-06-05,port2299,Gopalpur,India,IND,0,0,0,0
2025-06-05,port290,Dhamra Port,India,IND,2,3,121768,19184
2025-06-05,port442,Haldia,India,IND,0,0,0,0
2025-06-05,port883,Paradip,India,IND,2,2,20323,106167
2025-06-06,port1367,Visakhapatnam,India,IND,0,2,0,0
2025-06-06,port2299,Gopalpur,India,IND,0,0,0,0
2025-06-06,port290,Dhamra Port,India,IND,1,1,41491,19184
2025-06-06,port442,Haldia,India,IND,0,1,0,0
2025-06-06,port883,Paradip,India,IND,3,5,40646,92905
2025-06-07,port1367,Visakhapatnam,India,IND,2,4,107125,15736
2025-06-07,port2299,Gopalpur,India,IND,0,1,0,0
2025-06-07,port290,Dhamra Port,India,IND,2,2,41491,92350
2025-06-07,port442,Haldia,India,IND,0,2,0,0
2025-06-07,port883,Paradip,India,IND,4,5,112326,90806
2025-06-08,port1367,Visakhapatnam,India,IND,0,2,0,0
2025-06-08,port2299,Gopalpur,India,IND,0,0,0,0
2025-06-08,port290,Dhamra Port,India,IND,1,1,73316,0
2025-06-08,port442,Haldia,India,IND,1,3,4956,0
2025-06-08,port883,Paradip,India,IND,5,5,20323,211063
2025-06-09,port1367,Visakhapatnam,India,IND,6,9,171805,34617
2025-06-09,port2299,Gopalpur,India,IND,2,2,22395,85063
2025-06-09,port290,Dhamra Port,India,IND,0,0,0,0
2025-06-09,port442,Haldia,India,IND,1,5,25561,0
2025-06-09,port883,Paradip,India,IND,2,3,24361,30268
2025-06-10,port1367,Visakhapatnam,India,IND,2,3,132803,0
2025-06-10,port2299,Gopalpur,India,IND,0,0,0,0
2025-06-10,port290,Dhamra Port,India,IND,1,1,41491,19184
2025-06-10,port442,Haldia,India,IND,2,3,26080,3059
2025-06-10,port883,Paradip,India,IND,2,2,36633,0
2025-06-11,port1367,Visakhapatnam,India,IND,2,3,30554,0
2025-06-11,port2299,Gopalpur,India,IND,1,1,0,696
2025-06-11,port290,Dhamra Port,India,IND,1,1,41491,19184
2025-06-11,port442,Haldia,India,IND,1,4,79288,0
2025-06-11,port883,Paradip,India,IND,5,7,61204,55525
2025-06-12,port1367,Visakhapatnam,India,IND,4,10,95204,94837
2025-06-12,port2299,Gopalpur,India,IND,0,0,0,0
2025-06-12,port290,Dhamra Port,India,IND,1,1,0,690
2025-06-12,port442,Haldia,India,IND,2,3,78982,0
2025-06-12,port883,Paradip,India,IND,2,4,40646,60537
2025-06-13,port1367,Visakhapatnam,India,IND,4,7,136869,31473
2025-06-13,port2299,Gopalpur,India,IND,0,0,0,0
2025-06-13,port290,Dhamra Port,India,IND,0,0,0,0
2025-06-13,port442,Haldia,India,IND,3,4,156839,0
2025-06-13,port883,Paradip,India,IND,5,5,141116,160488
2025-06-14,port1367,Visakhapatnam,India,IND,2,2,28707,8441
2025-06-14,port2299,Gopalpur,India,IND,1,1,79867,0
2025-06-14,port290,Dhamra Port,India,IND,2,2,82983,38369
2025-06-14,port442,Haldia,India,IND,1,3,23295,3059
2025-06-14,port883,Paradip,India,IND,4,5,123750,60537
2025-06-15,port1367,Visakhapatnam,India,IND,4,5,137177,62947
2025-06-15,port2299,Gopalpur,India,IND,0,0,0,0
2025-06-15,port290,Dhamra Port,India,IND,0,0,0,0
2025-06-15,port442,Haldia,India,IND,1,2,23295,3059
2025-06-15,port883,Paradip,India,IND,4,6,20991,80323
2025-06-16,port1367,Visakhapatnam,India,IND,4,5,140956,91699
2025-06-16,port2299,Gopalpur,India,IND,0,0,0,0
2025-06-16,port290,Dhamra Port,India,IND,2,2,206057,19184
2025-06-16,port442,Haldia,India,IND,2,2,46591,6118
2025-06-16,port883,Paradip,India,IND,2,2,147301,0
2025-06-17,port1367,Visakhapatnam,India,IND,4,7,82782,31473
2025-06-17,port2299,Gopalpur,India,IND,0,0,0,0
2025-06-17,port290,Dhamra Port,India,IND,2,2,41491,79790
2025-06-17,port442,Haldia,India,IND,1,5,58499,0
2025-06-17,port883,Paradip,India,IND,2,2,80224,52295
2025-06-18,port1367,Visakhapatnam,India,IND,3,5,110761,93525
2025-06-18,port2299,Gopalpur,India,IND,1,1,22395,22579
2025-06-18,port290,Dhamra Port,India,IND,1,1,0,0
2025-06-18,port442,Haldia,India,IND,3,5,121975,3059
2025-06-18,port883,Paradip,India,IND,4,5,68569,131351
2025-06-19,port1367,Visakhapatnam,India,IND,3,8,76185,31473
2025-06-19,port2299,Gopalpur,India,IND,0,0,0,0
2025-06-19,port290,Dhamra Port,India,IND,2,2,82983,38369
2025-06-19,port442,Haldia,India,IND,3,4,69887,9178
2025-06-19,port883,Paradip,India,IND,1,1,0,22199
2025-06-20,port1367,Visakhapatnam,India,IND,3,4,160776,5166
2025-06-20,port2299,Gopalpur,India,IND,0,0,0,0
2025-06-20,port290,Dhamra Port,India,IND,0,0,0,0
2025-06-20,port442,Haldia,India,IND,1,4,78868,0
2025-06-20,port883,Paradip,India,IND,2,2,20323,30616
2025-06-21,port1367,Visakhapatnam,India,IND,3,3,68588,31473
2025-06-21,port2299,Gopalpur,India,IND,0,0,0,0
2025-06-21,port290,Dhamra Port,India,IND,1,1,41491,19184
2025-06-21,port442,Haldia,India,IND,3,5,125206,6118
2025-06-21,port883,Paradip,India,IND,1,1,0,76773
2025-06-22,port1367,Visakhapatnam,India,IND,4,6,102883,47300
2025-06-22,port2299,Gopalpur,India,IND,0,0,0,0
2025-06-22,port290,Dhamra Port,India,IND,1,1,170609,0
2025-06-22,port442,Haldia,India,IND,2,7,99660,3059
2025-06-22,port883,Paradip,India,IND,3,4,118665,60537
2025-06-23,port1367,Visakhapatnam,India,IND,1,1,0,31628
2025-06-23,port2299,Gopalpur,India,IND,0,0,0,0
2025-06-23,port290,Dhamra Port,India,IND,0,0,0,0
2025-06-23,port442,Haldia,India,IND,3,7,235908,0
2025-06-23,port883,Paradip,India,IND,3,3,99183,103440
2025-06-24,port1367,Visakhapatnam,India,IND,3,6,115859,15736
2025-06-24,port2299,Gopalpur,India,IND,0,0,0,0
2025-06-24,port290,Dhamra Port,India,IND,0,0,0,0
2025-06-24,port442,Haldia,India,IND,3,7,125471,6118
2025-06-24,port883,Paradip,India,IND,4,4,150445,99950
2025-06-25,port1367,Visakhapatnam,India,IND,3,3,123715,15736
2025-06-25,port2299,Gopalpur,India,IND,0,0,0,0
2025-06-25,port290,Dhamra Port,India,IND,2,2,47503,19184
2025-06-25,port442,Haldia,India,IND,1,3,0,0
2025-06-25,port883,Paradip,India,IND,6,6,134948,60537
2025-06-26,port1367,Visakhapatnam,India,IND,3,5,102883,47210
2025-06-26,port2299,Gopalpur,India,IND,0,0,0,0
2025-06-26,port290,Dhamra Port,India,IND,2,2,230560,0
2025-06-26,port442,Haldia,India,IND,1,4,52784,0
2025-06-26,port883,Paradip,India,IND,5,6,193837,60537
2025-06-27,port1367,Visakhapatnam,India,IND,3,4,68588,61608
2025-06-27,port2299,Gopalpur,India,IND,0,0,0,0
2025-06-27,port290,Dhamra Port,India,IND,1,1,0,24224
2025-06-27,port442,Haldia,India,IND,2,4,101364,3059
2025-06-27,port883,Paradip,India,IND,4,4,131355,77926
2025-06-28,port1367,Visakhapatnam,India,IND,3,3,89568,31473
2025-06-28,port2299,Gopalpur,India,IND,1,1,0,54050
2025-06-28,port290,Dhamra Port,India,IND,0,0,0,0
2025-06-28,port442,Haldia,India,IND,1,2,0,0
2025-06-28,port883,Paradip,India,IND,0,1,0,0
2025-06-29,port1367,Visakhapatnam,India,IND,1,2,34294,15736
2025-06-29,port2299,Gopalpur,India,IND,0,0,0,0
2025-06-29,port290,Dhamra Port,India,IND,0,0,0,0
2025-06-29,port442,Haldia,India,IND,1,3,23295,3059
2025-06-29,port883,Paradip,India,IND,1,2,74300,0
2025-06-30,port1367,Visakhapatnam,India,IND,0,5,0,0
2025-06-30,port2299,Gopalpur,India,IND,0,0,0,0
2025-06-30,port290,Dhamra Port,India,IND,3,3,222506,1115
2025-06-30,port442,Haldia,India,IND,1,4,79248,0
2025-06-30,port883,Paradip,India,IND,3,4,132461,76773
2025-07-01,port1367,Visakhapatnam,India,IND,2,3,107760,15736
2025-07-01,port2299,Gopalpur,India,IND,0,0,0,0
2025-07-01,port290,Dhamra Port,India,IND,2,2,41491,77843
2025-07-01,port442,Haldia,India,IND,1,4,23295,3059
2025-07-01,port883,Paradip,India,IND,3,5,27507,79191
2025-07-02,port1367,Visakhapatnam,India,IND,1,4,34294,15736
2025-07-02,port2299,Gopalpur,India,IND,0,0,0,0
2025-07-02,port290,Dhamra Port,India,IND,0,0,0,0
2025-07-02,port442,Haldia,India,IND,1,2,0,50161
2025-07-02,port883,Paradip,India,IND,5,5,117081,134991
2025-07-03,port1367,Visakhapatnam,India,IND,4,6,118128,31473
2025-07-03,port2299,Gopalpur,India,IND,0,0,0,0
2025-07-03,port290,Dhamra Port,India,IND,1,1,0,60830
2025-07-03,port442,Haldia,India,IND,1,5,23295,3059
2025-07-03,port883,Paradip,India,IND,3,5,40646,92451
2025-07-04,port1367,Visakhapatnam,India,IND,3,7,129933,31473
2025-07-04,port2299,Gopalpur,India,IND,0,0,0,0
2025-07-04,port290,Dhamra Port,India,IND,1,1,41491,19184
2025-07-04,port442,Haldia,India,IND,1,3,23883,0
2025-07-04,port883,Paradip,India,IND,3,3,114880,85115
2025-07-05,port1367,Visakhapatnam,India,IND,1,2,34294,15736
2025-07-05,port2299,Gopalpur,India,IND,0,0,0,0
2025-07-05,port290,Dhamra Port,India,IND,1,1,41491,19184
2025-07-05,port442,Haldia,India,IND,1,2,11028,0
2025-07-05,port883,Paradip,India,IND,3,3,71640,60537
2025-07-06,port1367,Visakhapatnam,India,IND,3,6,61250,27868
2025-07-06,port2299,Gopalpur,India,IND,0,0,0,0
2025-07-06,port290,Dhamra Port,India,IND,0,0,0,0
2025-07-06,port442,Haldia,India,IND,1,2,42839,0
2025-07-06,port883,Paradip,India,IND,1,2,20068,28607
2025-07-07,port1367,Visakhapatnam,India,IND,4,5,143439,31473
2025-07-07,port2299,Gopalpur,India,IND,0,0,0,0
2025-07-07,port290,Dhamra Port,India,IND,0,0,0,0
2025-07-07,port442,Haldia,India,IND,2,3,113997,0
2025-07-07,port883,Paradip,India,IND,4,6,97999,60537
2025-07-08,port1367,Visakhapatnam,India,IND,2,3,34294,47175
2025-07-08,port2299,Gopalpur,India,IND,0,0,0,0
2025-07-08,port290,Dhamra Port,India,IND,1,1,77876,0
2025-07-08,port442,Haldia,India,IND,1,3,78860,0
2025-07-08,port883,Paradip,India,IND,1,1,20323,30268
2025-07-09,port1367,Visakhapatnam,India,IND,3,6,227959,0
2025-07-09,port2299,Gopalpur,India,IND,1,1,22395,22579
2025-07-09,port290,Dhamra Port,India,IND,0,1,0,0
2025-07-09,port442,Haldia,India,IND,2,4,102339,3059
2025-07-09,port883,Paradip,India,IND,6,6,86517,201318
2025-07-10,port1367,Visakhapatnam,India,IND,5,9,90753,27868
2025-07-10,port2299,Gopalpur,India,IND,0,0,0,0
2025-07-10,port290,Dhamra Port,India,IND,2,2,159416,54094
2025-07-10,port442,Haldia,India,IND,1,3,59071,0
2025-07-10,port883,Paradip,India,IND,1,1,20323,30268
2025-07-11,port1367,Visakhapatnam,India,IND,2,4,13500,0
2025-07-11,port2299,Gopalpur,India,IND,1,1,22395,22579
2025-07-11,port290,Dhamra Port,India,IND,1,1,0,8351
2025-07-11,port442,Haldia,India,IND,2,3,78762,0
2025-07-11,port883,Paradip,India,IND,2,3,8090,75965
2025-07-12,port1367,Visakhapatnam,India,IND,1,3,34294,15736
2025-07-12,port2299,Gopalpur,India,IND,0,0,0,0
2025-07-12,port290,Dhamra Port,India,IND,1,1,0,60992
2025-07-12,port442,Haldia,India,IND,1,2,77831,0
2025-07-12,port883,Paradip,India,IND,6,6,132631,213452
2025-07-13,port1367,Visakhapatnam,India,IND,2,5,68588,31473
2025-07-13,port2299,Gopalpur,India,IND,0,0,0,0
2025-07-13,port290,Dhamra Port,India,IND,0,0,0,0
2025-07-13,port442,Haldia,India,IND,1,3,72581,0
2025-07-13,port883,Paradip,India,IND,2,2,100700,30268
2025-07-14,port1367,Visakhapatnam,India,IND,3,4,82832,66481
2025-07-14,port2299,Gopalpur,India,IND,0,0,0,0
2025-07-14,port290,Dhamra Port,India,IND,3,3,18254,68568
2025-07-14,port442,Haldia,India,IND,1,5,23295,3059
2025-07-14,port883,Paradip,India,IND,2,3,20323,62637
2025-07-15,port1367,Visakhapatnam,India,IND,1,2,34294,15736
2025-07-15,port2299,Gopalpur,India,IND,0,0,0,0
2025-07-15,port290,Dhamra Port,India,IND,1,1,41491,19184
2025-07-15,port442,Haldia,India,IND,2,3,101940,3059
2025-07-15,port883,Paradip,India,IND,3,4,99222,103440
2025-07-16,port1367,Visakhapatnam,India,IND,2,6,65939,32829
2025-07-16,port2299,Gopalpur,India,IND,1,1,94508,0
2025-07-16,port290,Dhamra Port,India,IND,0,0,0,0
2025-07-16,port442,Haldia,India,IND,4,5,130518,4563
2025-07-16,port883,Paradip,India,IND,2,3,99249,30268
2025-07-17,port1367,Visakhapatnam,India,IND,3,4,88087,12971
2025-07-17,port2299,Gopalpur,India,IND,0,0,0,0
2025-07-17,port290,Dhamra Port,India,IND,0,0,0,0
2025-07-17,port442,Haldia,India,IND,1,6,23295,3059
2025-07-17,port883,Paradip,India,IND,1,1,79669,0
2025-07-18,port1367,Visakhapatnam,India,IND,1,1,34294,15736
2025-07-18,port2299,Gopalpur,India,IND,0,0,0,0
2025-07-18,port290,Dhamra Port,India,IND,1,1,41491,19184
2025-07-18,port442,Haldia,India,IND,2,4,102200,3059
2025-07-18,port883,Paradip,India,IND,1,1,79274,0
2025-07-19,port1367,Visakhapatnam,India,IND,1,2,0,2730
2025-07-19,port2299,Gopalpur,India,IND,1,1,22395,22579
2025-07-19,port290,Dhamra Port,India,IND,1,1,41491,19184
2025-07-19,port442,Haldia,India,IND,1,3,23295,3059
2025-07-19,port883,Paradip,India,IND,2,2,20323,41366
2025-07-20,port1367,Visakhapatnam,India,IND,4,5,135941,81353
2025-07-20,port2299,Gopalpur,India,IND,0,0,0,0
2025-07-20,port290,Dhamra Port,India,IND,0,0,0,0
2025-07-20,port442,Haldia,India,IND,0,2,0,0
2025-07-20,port883,Paradip,India,IND,4,4,179510,30268
2025-07-21,port1367,Visakhapatnam,India,IND,2,5,0,31967
2025-07-21,port2299,Gopalpur,India,IND,0,0,0,0
2025-07-21,port290,Dhamra Port,India,IND,2,2,82983,38369
2025-07-21,port442,Haldia,India,IND,0,4,0,0
2025-07-21,port883,Paradip,India,IND,2,3,21692,30268
2025-07-22,port1367,Visakhapatnam,India,IND,2,4,132937,0
2025-07-22,port2299,Gopalpur,India,IND,0,0,0,0
2025-07-22,port290,Dhamra Port,India,IND,0,0,0,0
2025-07-22,port442,Haldia,India,IND,3,6,181699,3059
2025-07-22,port883,Paradip,India,IND,2,3,20323,82875
2025-07-23,port1367,Visakhapatnam,India,IND,3,3,11475,10268
2025-07-23,port2299,Gopalpur,India,IND,1,1,22395,22579
2025-07-23,port290,Dhamra Port,India,IND,0,0,0,0
2025-07-23,port442,Haldia,India,IND,1,2,23295,3059
2025-07-23,port883,Paradip,India,IND,1,4,20323,30268
2025-07-24,port1367,Visakhapatnam,India,IND,1,1,34294,15736
2025-07-24,port2299,Gopalpur,India,IND,0,0,0,0
2025-07-24,port290,Dhamra Port,India,IND,3,3,114663,19184
2025-07-24,port442,Haldia,India,IND,1,2,23295,3059
2025-07-24,port883,Paradip,India,IND,2,3,60322,30268
2025-07-25,port1367,Visakhapatnam,India,IND,3,4,262890,12132
2025-07-25,port2299,Gopalpur,India,IND,0,0,0,0
2025-07-25,port290,Dhamra Port,India,IND,0,0,0,0
2025-07-25,port442,Haldia,India,IND,2,7,78898,0
2025-07-25,port883,Paradip,India,IND,3,3,40646,133593
2025-07-26,port1367,Visakhapatnam,India,IND,3,5,102883,47210
2025-07-26,port2299,Gopalpur,India,IND,1,1,22395,22579
2025-07-26,port290,Dhamra Port,India,IND,1,1,41491,19184
2025-07-26,port442,Haldia,India,IND,0,1,0,0
2025-07-26,port883,Paradip,India,IND,1,1,79247,0
2025-07-27,port1367,Visakhapatnam,India,IND,3,3,68588,37719
2025-07-27,port2299,Gopalpur,India,IND,0,0,0,0
2025-07-27,port290,Dhamra Port,India,IND,1,1,41491,19184
2025-07-27,port442,Haldia,India,IND,1,5,27644,2420
2025-07-27,port883,Paradip,India,IND,5,6,81292,194246
2025-07-28,port1367,Visakhapatnam,India,IND,1,2,0,79588
2025-07-28,port2299,Gopalpur,India,IND,0,0,0,0
2025-07-28,port290,Dhamra Port,India,IND,2,2,74400,73165
2025-07-28,port442,Haldia,India,IND,1,3,23295,3059
2025-07-28,port883,Paradip,India,IND,2,3,99618,30268
2025-07-29,port1367,Visakhapatnam,India,IND,3,4,56963,67497
2025-07-29,port2299,Gopalpur,India,IND,1,1,22395,22579
2025-07-29,port290,Dhamra Port,India,IND,0,0,0,0
2025-07-29,port442,Haldia,India,IND,3,3,154443,3059
2025-07-29,port883,Paradip,India,IND,2,3,0,146454
2025-07-30,port1367,Visakhapatnam,India,IND,3,6,146814,31473
2025-07-30,port2299,Gopalpur,India,IND,0,0,0,0
2025-07-30,port290,Dhamra Port,India,IND,0,0,0,0
2025-07-30,port442,Haldia,India,IND,0,3,0,0
2025-07-30,port883,Paradip,India,IND,1,2,20323,30268
2025-07-31,port1367,Visakhapatnam,India,IND,3,5,101453,31473
2025-07-31,port2299,Gopalpur,India,IND,0,0,0,0
2025-07-31,port290,Dhamra Port,India,IND,1,1,41491,19184
2025-07-31,port442,Haldia,India,IND,3,4,23991,3059
2025-07-31,port883,Paradip,India,IND,0,0,0,0
2025-08-01,port1367,Visakhapatnam,India,IND,6,9,198238,105420
2025-08-01,port2299,Gopalpur,India,IND,0,0,0,0
2025-08-01,port290,Dhamra Port,India,IND,0,0,0,0
2025-08-01,port442,Haldia,India,IND,2,4,99072,3059
2025-08-01,port883,Paradip,India,IND,3,3,40646,60655
2025-08-02,port1367,Visakhapatnam,India,IND,1,3,34294,15736
2025-08-02,port2299,Gopalpur,India,IND,1,1,22395,22579
2025-08-02,port290,Dhamra Port,India,IND,0,0,0,0
2025-08-02,port442,Haldia,India,IND,2,2,157823,0
2025-08-02,port883,Paradip,India,IND,0,2,0,0
2025-08-03,port1367,Visakhapatnam,India,IND,1,2,34294,15736
2025-08-03,port2299,Gopalpur,India,IND,0,0,0,0
2025-08-03,port290,Dhamra Port,India,IND,1,1,41491,19184
2025-08-03,port442,Haldia,India,IND,2,3,96280,3059
2025-08-03,port883,Paradip,India,IND,2,3,5844,23361
2025-08-04,port1367,Visakhapatnam,India,IND,2,4,69761,0
2025-08-04,port2299,Gopalpur,India,IND,0,0,0,0
2025-08-04,port290,Dhamra Port,India,IND,0,0,0,0
2025-08-04,port442,Haldia,India,IND,0,4,0,0
2025-08-04,port883,Paradip,India,IND,1,1,20323,30268
2025-08-05,port1367,Visakhapatnam,India,IND,4,7,67592,73405
2025-08-05,port2299,Gopalpur,India,IND,0,0,0,0
2025-08-05,port290,Dhamra Port,India,IND,3,3,124475,57554
2025-08-05,port442,Haldia,India,IND,1,3,39168,0
2025-08-05,port883,Paradip,India,IND,2,2,40646,60537
2025-08-06,port1367,Visakhapatnam,India,IND,3,5,93034,15736
2025-08-06,port2299,Gopalpur,India,IND,0,0,0,0
2025-08-06,port290,Dhamra Port,India,IND,2,2,200173,19184
2025-08-06,port442,Haldia,India,IND,2,5,78673,3059
2025-08-06,port883,Paradip,India,IND,1,1,20323,30268
2025-08-07,port1367,Visakhapatnam,India,IND,1,4,34294,15736
2025-08-07,port2299,Gopalpur,India,IND,0,0,0,0
2025-08-07,port290,Dhamra Port,India,IND,2,2,82983,38369
2025-08-07,port442,Haldia,India,IND,1,2,77860,0
2025-08-07,port883,Paradip,India,IND,1,2,19395,0
2025-08-08,port1367,Visakhapatnam,India,IND,2,3,85312,0
2025-08-08,port2299,Gopalpur,India,IND,0,0,0,0
2025-08-08,port290,Dhamra Port,India,IND,0,0,0,0
2025-08-08,port442,Haldia,India,IND,3,4,154501,3059
2025-08-08,port883,Paradip,India,IND,3,3,42073,60537
2025-08-09,port1367,Visakhapatnam,India,IND,3,5,34294,95765
2025-08-09,port2299,Gopalpur,India,IND,0,0,0,0
2025-08-09,port290,Dhamra Port,India,IND,0,0,0,0
2025-08-09,port442,Haldia,India,IND,1,2,79294,0
2025-08-09,port883,Paradip,India,IND,1,2,20323,30268
2025-08-10,port1367,Visakhapatnam,India,IND,3,4,34990,25716
2025-08-10,port2299,Gopalpur,India,IND,0,0,0,0
2025-08-10,port290,Dhamra Port,India,IND,1,1,165665,0
2025-08-10,port442,Haldia,India,IND,2,3,80514,3059
2025-08-10,port883,Paradip,India,IND,0,0,0,0
2025-08-11,port1367,Visakhapatnam,India,IND,4,4,112839,62670
2025-08-11,port2299,Gopalpur,India,IND,0,0,0,0
2025-08-11,port290,Dhamra Port,India,IND,0,0,0,0
2025-08-11,port442,Haldia,India,IND,0,3,0,0
2025-08-11,port883,Paradip,India,IND,2,2,40646,60537
2025-08-12,port1367,Visakhapatnam,India,IND,1,4,37442,0
2025-08-12,port2299,Gopalpur,India,IND,0,0,0,0
2025-08-12,port290,Dhamra Port,India,IND,2,2,121930,19184
2025-08-12,port442,Haldia,India,IND,0,0,0,0
2025-08-12,port883,Paradip,India,IND,2,3,40646,60537
2025-08-13,port1367,Visakhapatnam,India,IND,4,4,36563,22132
2025-08-13,port2299,Gopalpur,India,IND,1,1,22395,22579
2025-08-13,port290,Dhamra Port,India,IND,0,0,0,0
2025-08-13,port442,Haldia,India,IND,0,2,0,0
2025-08-13,port883,Paradip,India,IND,0,0,0,0
2025-08-14,port1367,Visakhapatnam,India,IND,4,6,149364,31473
2025-08-14,port2299,Gopalpur,India,IND,0,0,0,0
2025-08-14,port290,Dhamra Port,India,IND,1,1,41491,19184
2025-08-14,port442,Haldia,India,IND,1,3,7321,0
2025-08-14,port883,Paradip,India,IND,1,2,1392,0
2025-08-15,port1367,Visakhapatnam,India,IND,1,3,0,49953
2025-08-15,port2299,Gopalpur,India,IND,0,0,0,0
2025-08-15,port290,Dhamra Port,India,IND,1,1,167895,0
2025-08-15,port442,Haldia,India,IND,1,2,79071,0
2025-08-15,port883,Paradip,India,IND,1,1,0,9992
2025-08-16,port1367,Visakhapatnam,India,IND,4,8,142352,63454
2025-08-16,port2299,Gopalpur,India,IND,0,0,0,0
2025-08-16,port290,Dhamra Port,India,IND,0,0,0,0
2025-08-16,port442,Haldia,India,IND,1,2,37727,0
2025-08-16,port883,Paradip,India,IND,3,3,40646,60537
2025-08-17,port1367,Visakhapatnam,India,IND,2,5,81429,50067
2025-08-17,port2299,Gopalpur,India,IND,0,0,0,0
2025-08-17,port290,Dhamra Port,India,IND,0,1,0,0
2025-08-17,port442,Haldia,India,IND,1,5,55609,0
2025-08-17,port883,Paradip,India,IND,1,2,86617,0
2025-08-18,port1367,Visakhapatnam,India,IND,2,3,68588,31473
2025-08-18,port2299,Gopalpur,India,IND,0,0,0,0
2025-08-18,port290,Dhamra Port,India,IND,0,0,0,0
2025-08-18,port442,Haldia,India,IND,1,3,23295,3059
2025-08-18,port883,Paradip,India,IND,4,4,40646,213297
2025-08-19,port1367,Visakhapatnam,India,IND,3,4,38905,16685
2025-08-19,port2299,Gopalpur,India,IND,0,0,0,0
2025-08-19,port290,Dhamra Port,India,IND,0,0,0,0
2025-08-19,port442,Haldia,India,IND,1,3,78760,0
2025-08-19,port883,Paradip,India,IND,1,2,0,70367
2025-08-20,port1367,Visakhapatnam,India,IND,2,5,31387,972
2025-08-20,port2299,Gopalpur,India,IND,0,0,0,0
2025-08-20,port290,Dhamra Port,India,IND,1,1,109496,0
2025-08-20,port442,Haldia,India,IND,0,2,0,0
2025-08-20,port883,Paradip,India,IND,2,2,20323,109024
2025-08-21,port1367,Visakhapatnam,India,IND,0,3,0,0
2025-08-21,port2299,Gopalpur,India,IND,0,0,0,0
2025-08-21,port290,Dhamra Port,India,IND,0,0,0,0
2025-08-21,port442,Haldia,India,IND,0,2,0,0
2025-08-21,port883,Paradip,India,IND,2,2,4183,52778
2025-08-22,port1367,Visakhapatnam,India,IND,3,5,58219,15736
2025-08-22,port2299,Gopalpur,India,IND,1,1,0,61501
2025-08-22,port290,Dhamra Port,India,IND,0,0,0,0
2025-08-22,port442,Haldia,India,IND,1,3,54430,0
2025-08-22,port883,Paradip,India,IND,1,1,0,75669
2025-08-23,port1367,Visakhapatnam,India,IND,0,0,0,0
2025-08-23,port2299,Gopalpur,India,IND,0,0,0,0
2025-08-23,port290,Dhamra Port,India,IND,0,0,0,0
2025-08-23,port442,Haldia,India,IND,0,1,0,0
2025-08-23,port883,Paradip,India,IND,3,5,115914,60537
2025-08-24,port1367,Visakhapatnam,India,IND,3,4,35424,21502
2025-08-24,port2299,Gopalpur,India,IND,0,0,0,0
2025-08-24,port290,Dhamra Port,India,IND,0,0,0,0
2025-08-24,port442,Haldia,India,IND,0,1,0,0
2025-08-24,port883,Paradip,India,IND,1,2,20323,30268
2025-08-25,port1367,Visakhapatnam,India,IND,0,0,0,0
2025-08-25,port2299,Gopalpur,India,IND,0,0,0,0
2025-08-25,port290,Dhamra Port,India,IND,0,0,0,0
2025-08-25,port442,Haldia,India,IND,0,0,0,0
2025-08-25,port883,Paradip,India,IND,4,4,0,133916
2025-08-26,port1367,Visakhapatnam,India,IND,0,1,0,0
2025-08-26,port2299,Gopalpur,India,IND,0,0,0,0
2025-08-26,port290,Dhamra Port,India,IND,1,1,41491,19184
2025-08-26,port442,Haldia,India,IND,1,3,76242,0
2025-08-26,port883,Paradip,India,IND,0,2,0,0
2025-08-27,port1367,Visakhapatnam,India,IND,0,1,0,0
2025-08-27,port2299,Gopalpur,India,IND,0,0,0,0
2025-08-27,port290,Dhamra Port,India,IND,0,0,0,0
2025-08-27,port442,Haldia,India,IND,1,2,53755,0
2025-08-27,port883,Paradip,India,IND,3,5,144328,73171
2025-08-28,port1367,Visakhapatnam,India,IND,2,3,34294,42604
2025-08-28,port2299,Gopalpur,India,IND,0,0,0,0
2025-08-28,port290,Dhamra Port,India,IND,0,0,0,0
2025-08-28,port442,Haldia,India,IND,0,1,0,0
2025-08-28,port883,Paradip,India,IND,1,2,20323,30268
2025-08-29,port1367,Visakhapatnam,India,IND,2,5,68588,31473
2025-08-29,port2299,Gopalpur,India,IND,0,0,0,0
2025-08-29,port290,Dhamra Port,India,IND,0,0,0,0
2025-08-29,port442,Haldia,India,IND,0,2,0,0
2025-08-29,port883,Paradip,India,IND,3,3,0,126759
2025-08-30,port1367,Visakhapatnam,India,IND,3,3,95544,43605
2025-08-30,port2299,Gopalpur,India,IND,0,0,0,0
2025-08-30,port290,Dhamra Port,India,IND,2,2,41491,23640
2025-08-30,port442,Haldia,India,IND,0,1,0,0
2025-08-30,port883,Paradip,India,IND,1,2,0,36777
2025-08-31,port1367,Visakhapatnam,India,IND,3,5,91542,31473
2025-08-31,port2299,Gopalpur,India,IND,0,0,0,0
2025-08-31,port290,Dhamra Port,India,IND,3,3,117074,38369
2025-08-31,port442,Haldia,India,IND,0,0,0,0
2025-08-31,port883,Paradip,India,IND,2,2,85563,79588
2025-09-01,port1367,Visakhapatnam,India,IND,2,5,34294,50306
2025-09-01,port2299,Gopalpur,India,IND,1,1,581,0
2025-09-01,port290,Dhamra Port,India,IND,0,0,0,0
2025-09-01,port442,Haldia,India,IND,1,3,78706,0
2025-09-01,port883,Paradip,India,IND,2,3,20323,100415
2025-09-02,port1367,Visakhapatnam,India,IND,3,5,71378,31473
2025-09-02,port2299,Gopalpur,India,IND,0,1,0,0
2025-09-02,port290,Dhamra Port,India,IND,0,0,0,0
2025-09-02,port442,Haldia,India,IND,0,1,0,0
2025-09-02,port883,Paradip,India,IND,1,1,58785,0
2025-09-03,port1367,Visakhapatnam,India,IND,2,6,61936,0
2025-09-03,port2299,Gopalpur,India,IND,1,1,77400,0
2025-09-03,port290,Dhamra Port,India,IND,0,0,0,0
2025-09-03,port442,Haldia,India,IND,4,6,195548,3059
2025-09-03,port883,Paradip,India,IND,1,2,20323,30268
2025-09-04,port1367,Visakhapatnam,India,IND,2,4,25043,0
2025-09-04,port2299,Gopalpur,India,IND,0,0,0,0
2025-09-04,port290,Dhamra Port,India,IND,0,0,0,0
2025-09-04,port442,Haldia,India,IND,1,3,60312,0
2025-09-04,port883,Paradip,India,IND,4,4,201235,25551
2025-09-05,port1367,Visakhapatnam,India,IND,3,5,111396,15736
2025-09-05,port2299,Gopalpur,India,IND,0,0,0,0
2025-09-05,port290,Dhamra Port,India,IND,1,1,0,0
2025-09-05,port442,Haldia,India,IND,1,2,23295,3059
2025-09-05,port883,Paradip,India,IND,2,4,40646,60537
2025-09-06,port1367,Visakhapatnam,India,IND,3,4,85103,27868
2025-09-06,port2299,Gopalpur,India,IND,0,0,0,0
2025-09-06,port290,Dhamra Port,India,IND,1,1,41491,19184
2025-09-06,port442,Haldia,India,IND,2,4,71086,0
2025-09-06,port883,Paradip,India,IND,0,1,0,0
2025-09-07,port1367,Visakhapatnam,India,IND,1,1,27197,0
2025-09-07,port2299,Gopalpur,India,IND,0,0,0,0
2025-09-07,port290,Dhamra Port,India,IND,1,1,41491,19184
2025-09-07,port442,Haldia,India,IND,0,1,0,0
2025-09-07,port883,Paradip,India,IND,1,2,14294,0
2025-09-08,port1367,Visakhapatnam,India,IND,2,10,68588,31473
2025-09-08,port2299,Gopalpur,India,IND,0,0,0,0
2025-09-08,port290,Dhamra Port,India,IND,2,2,204817,19184
2025-09-08,port442,Haldia,India,IND,2,3,157843,0
2025-09-08,port883,Paradip,India,IND,4,5,174519,85747
2025-09-09,port1367,Visakhapatnam,India,IND,4,5,68588,136910
2025-09-09,port2299,Gopalpur,India,IND,0,0,0,0
2025-09-09,port290,Dhamra Port,India,IND,2,2,101814,19184
2025-09-09,port442,Haldia,India,IND,0,1,0,0
2025-09-09,port883,Paradip,India,IND,2,2,33177,73171
2025-09-10,port1367,Visakhapatnam,India,IND,2,3,68588,31473
2025-09-10,port2299,Gopalpur,India,IND,0,0,0,0
2025-09-10,port290,Dhamra Port,India,IND,0,0,0,0
2025-09-10,port442,Haldia,India,IND,2,2,79504,0
2025-09-10,port883,Paradip,India,IND,4,4,64483,90806
2025-09-11,port1367,Visakhapatnam,India,IND,2,3,60958,15736
2025-09-11,port2299,Gopalpur,India,IND,0,0,0,0
2025-09-11,port290,Dhamra Port,India,IND,0,0,0,0
2025-09-11,port442,Haldia,India,IND,2,3,79775,0
2025-09-11,port883,Paradip,India,IND,4,4,143666,105445
2025-09-12,port1367,Visakhapatnam,India,IND,2,2,78633,4427
2025-09-12,port2299,Gopalpur,India,IND,0,0,0,0
2025-09-12,port290,Dhamra Port,India,IND,0,0,0,0
2025-09-12,port442,Haldia,India,IND,4,5,211273,3059
2025-09-12,port883,Paradip,India,IND,4,5,60969,91079
2025-09-13,port1367,Visakhapatnam,India,IND,2,3,111557,15736
2025-09-13,port2299,Gopalpur,India,IND,1,1,72210,0
2025-09-13,port290,Dhamra Port,India,IND,1,1,41491,19184
2025-09-13,port442,Haldia,India,IND,2,3,46591,6118
2025-09-13,port883,Paradip,India,IND,0,0,0,0
2025-09-14,port1367,Visakhapatnam,India,IND,1,1,34294,15736
2025-09-14,port2299,Gopalpur,India,IND,0,0,0,0
2025-09-14,port290,Dhamra Port,India,IND,2,2,82983,38369
2025-09-14,port442,Haldia,India,IND,0,3,0,0
2025-09-14,port883,Paradip,India,IND,4,4,40646,169460
2025-09-15,port1367,Visakhapatnam,India,IND,3,4,96770,31473
2025-09-15,port2299,Gopalpur,India,IND,0,0,0,0
2025-09-15,port290,Dhamra Port,India,IND,1,1,41491,19184
2025-09-15,port442,Haldia,India,IND,0,1,0,0
2025-09-15,port883,Paradip,India,IND,0,1,0,0
2025-09-16,port1367,Visakhapatnam,India,IND,3,5,110539,67147
2025-09-16,port2299,Gopalpur,India,IND,0,0,0,0
2025-09-16,port290,Dhamra Port,India,IND,2,2,41491,77985
2025-09-16,port442,Haldia,India,IND,1,2,78321,0
2025-09-16,port883,Paradip,India,IND,3,3,121462,0
2025-09-17,port1367,Visakhapatnam,India,IND,3,4,92702,31473
2025-09-17,port2299,Gopalpur,India,IND,0,0,0,0
2025-09-17,port290,Dhamra Port,India,IND,2,2,72352,2109
2025-09-17,port442,Haldia,India,IND,1,2,78855,0
2025-09-17,port883,Paradip,India,IND,3,4,20323,53879
2025-09-18,port1367,Visakhapatnam,India,IND,4,6,104590,110370
2025-09-18,port2299,Gopalpur,India,IND,0,0,0,0
2025-09-18,port290,Dhamra Port,India,IND,1,1,79383,0
2025-09-18,port442,Haldia,India,IND,3,4,59973,3059
2025-09-18,port883,Paradip,India,IND,4,4,40646,66793
2025-09-19,port1367,Visakhapatnam,India,IND,4,7,174713,15736
2025-09-19,port2299,Gopalpur,India,IND,1,1,22395,22579
2025-09-19,port290,Dhamra Port,India,IND,1,1,41491,19184
2025-09-19,port442,Haldia,India,IND,2,4,73098,0
2025-09-19,port883,Paradip,India,IND,4,5,73527,99631
2025-09-20,port1367,Visakhapatnam,India,IND,2,2,68588,31473
2025-09-20,port2299,Gopalpur,India,IND,0,0,0,0
2025-09-20,port290,Dhamra Port,India,IND,1,1,0,56037
2025-09-20,port442,Haldia,India,IND,3,5,125363,6118
2025-09-20,port883,Paradip,India,IND,2,2,20323,103440
2025-09-21,port1367,Visakhapatnam,India,IND,3,3,58595,6831
2025-09-21,port2299,Gopalpur,India,IND,0,0,0,0
2025-09-21,port290,Dhamra Port,India,IND,0,0,0,0
2025-09-21,port442,Haldia,India,IND,1,3,78754,0
2025-09-21,port883,Paradip,India,IND,2,2,40646,60537
2025-09-22,port1367,Visakhapatnam,India,IND,4,7,126521,36844
2025-09-22,port2299,Gopalpur,India,IND,0,0,0,0
2025-09-22,port290,Dhamra Port,India,IND,2,2,41491,77962
2025-09-22,port442,Haldia,India,IND,1,3,79070,0
2025-09-22,port883,Paradip,India,IND,0,2,0,0
2025-09-23,port1367,Visakhapatnam,India,IND,1,1,47493,0
2025-09-23,port2299,Gopalpur,India,IND,0,0,0,0
2025-09-23,port290,Dhamra Port,India,IND,0,0,0,0
2025-09-23,port442,Haldia,India,IND,1,5,23295,3059
2025-09-23,port883,Paradip,India,IND,4,4,40391,60138
2025-09-24,port1367,Visakhapatnam,India,IND,3,6,105232,31473
2025-09-24,port2299,Gopalpur,India,IND,1,1,31887,0
2025-09-24,port290,Dhamra Port,India,IND,0,0,0,0
2025-09-24,port442,Haldia,India,IND,0,1,0,0
2025-09-24,port883,Paradip,India,IND,5,5,69707,130904
2025-09-25,port1367,Visakhapatnam,India,IND,3,3,102883,47210
2025-09-25,port2299,Gopalpur,India,IND,0,0,0,0
2025-09-25,port290,Dhamra Port,India,IND,0,0,0,0
2025-09-25,port442,Haldia,India,IND,2,3,76973,0
2025-09-25,port883,Paradip,India,IND,1,3,0,60910
2025-09-26,port1367,Visakhapatnam,India,IND,2,5,34294,95325
2025-09-26,port2299,Gopalpur,India,IND,0,0,0,0
2025-09-26,port290,Dhamra Port,India,IND,0,0,0,0
2025-09-26,port442,Haldia,India,IND,2,4,79138,3059
2025-09-26,port883,Paradip,India,IND,1,2,20323,30268
2025-09-27,port1367,Visakhapatnam,India,IND,3,5,34294,65619
2025-09-27,port2299,Gopalpur,India,IND,0,0,0,0
2025-09-27,port290,Dhamra Port,India,IND,3,3,41491,119997
2025-09-27,port442,Haldia,India,IND,2,4,46591,6118
2025-09-27,port883,Paradip,India,IND,2,2,70074,30268
2025-09-28,port1367,Visakhapatnam,India,IND,3,5,62343,965
2025-09-28,port2299,Gopalpur,India,IND,0,0,0,0
2025-09-28,port290,Dhamra Port,India,IND,1,1,41827,0
2025-09-28,port442,Haldia,India,IND,2,3,158833,0
2025-09-28,port883,Paradip,India,IND,1,2,20323,30268
2025-09-29,port1367,Visakhapatnam,India,IND,3,6,115984,43166
2025-09-29,port2299,Gopalpur,India,IND,1,1,0,52763
2025-09-29,port290,Dhamra Port,India,IND,0,0,0,0
2025-09-29,port442,Haldia,India,IND,3,6,113291,3059
2025-09-29,port883,Paradip,India,IND,5,6,40646,172799
2025-09-30,port1367,Visakhapatnam,India,IND,3,6,73089,30948
2025-09-30,port2299,Gopalpur,India,IND,0,0,0,0
2025-09-30,port290,Dhamra Port,India,IND,0,0,0,0
2025-09-30,port442,Haldia,India,IND,2,5,112085,0
2025-09-30,port883,Paradip,India,IND,3,4,118726,60537
2025-10-01,port1367,Visakhapatnam,India,IND,4,5,186673,31473
2025-10-01,port2299,Gopalpur,India,IND,0,0,0,0
2025-10-01,port290,Dhamra Port,India,IND,0,0,0,0
2025-10-01,port442,Haldia,India,IND,1,1,23295,3059
2025-10-01,port883,Paradip,India,IND,4,5,40567,114479
2025-10-02,port1367,Visakhapatnam,India,IND,1,3,26911,0
2025-10-02,port2299,Gopalpur,India,IND,0,0,0,0
2025-10-02,port290,Dhamra Port,India,IND,1,1,41491,19184
2025-10-02,port442,Haldia,India,IND,3,4,113042,3059
2025-10-02,port883,Paradip,India,IND,0,0,0,0
2025-10-03,port1367,Visakhapatnam,India,IND,2,3,68588,31473
2025-10-03,port2299,Gopalpur,India,IND,0,0,0,0
2025-10-03,port290,Dhamra Port,India,IND,0,0,0,0
2025-10-03,port442,Haldia,India,IND,0,2,0,0
2025-10-03,port883,Paradip,India,IND,0,0,0,0
2025-10-04,port1367,Visakhapatnam,India,IND,1,3,2035,0
2025-10-04,port2299,Gopalpur,India,IND,0,0,0,0
2025-10-04,port290,Dhamra Port,India,IND,0,0,0,0
2025-10-04,port442,Haldia,India,IND,0,1,0,0
2025-10-04,port883,Paradip,India,IND,6,7,83590,181065
2025-10-05,port1367,Visakhapatnam,India,IND,2,7,34294,37794
2025-10-05,port2299,Gopalpur,India,IND,0,0,0,0
2025-10-05,port290,Dhamra Port,India,IND,1,1,41491,19184
2025-10-05,port442,Haldia,India,IND,2,3,81882,0
2025-10-05,port883,Paradip,India,IND,4,5,20323,259816
2025-10-06,port1367,Visakhapatnam,India,IND,2,4,63383,15736
2025-10-06,port2299,Gopalpur,India,IND,0,0,0,0
2025-10-06,port290,Dhamra Port,India,IND,0,0,0,0
2025-10-06,port442,Haldia,India,IND,2,2,102643,0
2025-10-06,port883,Paradip,India,IND,0,0,0,0
2025-10-07,port1367,Visakhapatnam,India,IND,4,6,144289,62665
2025-10-07,port2299,Gopalpur,India,IND,0,0,0,0
2025-10-07,port290,Dhamra Port,India,IND,1,1,30189,0
2025-10-07,port442,Haldia,India,IND,1,2,23295,3059
2025-10-07,port883,Paradip,India,IND,3,5,40646,137139
2025-10-08,port1367,Visakhapatnam,India,IND,3,8,144923,31473
2025-10-08,port2299,Gopalpur,India,IND,0,0,0,0
2025-10-08,port290,Dhamra Port,India,IND,0,0,0,0
2025-10-08,port442,Haldia,India,IND,1,2,23295,3059
2025-10-08,port883,Paradip,India,IND,2,2,20323,85914
2025-10-09,port1367,Visakhapatnam,India,IND,1,2,34294,15736
2025-10-09,port2299,Gopalpur,India,IND,0,0,0,0
2025-10-09,port290,Dhamra Port,India,IND,1,1,41491,19184
2025-10-09,port442,Haldia,India,IND,1,2,0,44536
2025-10-09,port883,Paradip,India,IND,4,5,132231,0
2025-10-10,port1367,Visakhapatnam,India,IND,3,5,68588,62158
2025-10-10,port2299,Gopalpur,India,IND,0,0,0,0
2025-10-10,port290,Dhamra Port,India,IND,1,1,1669,0
2025-10-10,port442,Haldia,India,IND,2,3,151340,0
2025-10-10,port883,Paradip,India,IND,1,1,20323,30268
2025-10-11,port1367,Visakhapatnam,India,IND,3,6,196611,15736
2025-10-11,port2299,Gopalpur,India,IND,0,0,0,0
2025-10-11,port290,Dhamra Port,India,IND,1,1,41491,19184
2025-10-11,port442,Haldia,India,IND,0,1,0,0
2025-10-11,port883,Paradip,India,IND,3,3,60969,90806
2025-10-12,port1367,Visakhapatnam,India,IND,1,4,94531,0
2025-10-12,port2299,Gopalpur,India,IND,1,1,80433,0
2025-10-12,port290,Dhamra Port,India,IND,1,1,0,73171
2025-10-12,port442,Haldia,India,IND,0,2,0,0
2025-10-12,port883,Paradip,India,IND,2,4,79781,0
2025-10-13,port1367,Visakhapatnam,India,IND,3,6,86692,54767
2025-10-13,port2299,Gopalpur,India,IND,0,0,0,0
2025-10-13,port290,Dhamra Port,India,IND,1,1,164607,0
2025-10-13,port442,Haldia,India,IND,1,3,77098,0
2025-10-13,port883,Paradip,India,IND,2,3,73488,30268
2025-10-14,port1367,Visakhapatnam,India,IND,3,6,65347,27868
2025-10-14,port2299,Gopalpur,India,IND,0,0,0,0
2025-10-14,port290,Dhamra Port,India,IND,0,0,0,0
2025-10-14,port442,Haldia,India,IND,2,3,151420,0
2025-10-14,port883,Paradip,India,IND,2,2,97579,30268
2025-10-15,port1367,Visakhapatnam,India,IND,0,3,0,0
2025-10-15,port2299,Gopalpur,India,IND,0,0,0,0
2025-10-15,port290,Dhamra Port,India,IND,0,0,0,0
2025-10-15,port442,Haldia,India,IND,0,2,0,0
2025-10-15,port883,Paradip,India,IND,3,4,684,51342
2025-10-16,port1367,Visakhapatnam,India,IND,3,3,102883,47210
2025-10-16,port2299,Gopalpur,India,IND,1,1,28628,0
2025-10-16,port290,Dhamra Port,India,IND,0,0,0,0
2025-10-16,port442,Haldia,India,IND,0,2,0,0
2025-10-16,port883,Paradip,India,IND,3,4,33845,26012
2025-10-17,port1367,Visakhapatnam,India,IND,2,3,34294,95325
2025-10-17,port2299,Gopalpur,India,IND,0,0,0,0
2025-10-17,port290,Dhamra Port,India,IND,0,0,0,0
2025-10-17,port442,Haldia,India,IND,1,4,23295,3059
2025-10-17,port883,Paradip,India,IND,0,0,0,0
2025-10-18,port1367,Visakhapatnam,India,IND,1,3,34294,15736
2025-10-18,port2299,Gopalpur,India,IND,0,0,0,0
2025-10-18,port290,Dhamra Port,India,IND,0,0,0,0
2025-10-18,port442,Haldia,India,IND,1,3,46575,0
2025-10-18,port883,Paradip,India,IND,0,1,0,0
2025-10-19,port1367,Visakhapatnam,India,IND,1,3,47693,0
2025-10-19,port2299,Gopalpur,India,IND,0,0,0,0
2025-10-19,port290,Dhamra Port,India,IND,1,1,0,12409
2025-10-19,port442,Haldia,India,IND,0,1,0,0
2025-10-19,port883,Paradip,India,IND,2,2,20323,62218
2025-10-20,port1367,Visakhapatnam,India,IND,1,3,34294,15736
2025-10-20,port2299,Gopalpur,India,IND,1,1,22395,22579
2025-10-20,port290,Dhamra Port,India,IND,1,1,18254,30100
2025-10-20,port442,Haldia,India,IND,1,4,39079,0
2025-10-20,port883,Paradip,India,IND,3,3,197737,58875
2025-10-21,port1367,Visakhapatnam,India,IND,2,4,34294,24510
2025-10-21,port2299,Gopalpur,India,IND,0,0,0,0
2025-10-21,port290,Dhamra Port,India,IND,1,1,41491,19184
2025-10-21,port442,Haldia,India,IND,0,1,0,0
2025-10-21,port883,Paradip,India,IND,0,0,0,0
2025-10-22,port1367,Visakhapatnam,India,IND,2,5,68588,31473
2025-10-22,port2299,Gopalpur,India,IND,0,0,0,0
2025-10-22,port290,Dhamra Port,India,IND,0,0,0,0
2025-10-22,port442,Haldia,India,IND,2,2,46591,6118
2025-10-22,port883,Paradip,India,IND,3,3,40646,92905
2025-10-23,port1367,Visakhapatnam,India,IND,1,5,1162,0
2025-10-23,port2299,Gopalpur,India,IND,0,0,0,0
2025-10-23,port290,Dhamra Port,India,IND,2,2,41491,19184
2025-10-23,port442,Haldia,India,IND,2,5,27644,2420
2025-10-23,port883,Paradip,India,IND,3,5,97586,30268
2025-10-24,port1367,Visakhapatnam,India,IND,3,5,144205,15736
2025-10-24,port2299,Gopalpur,India,IND,0,0,0,0
2025-10-24,port290,Dhamra Port,India,IND,0,0,0,0
2025-10-24,port442,Haldia,India,IND,0,1,0,0
2025-10-24,port883,Paradip,India,IND,1,1,0,16610
2025-10-25,port1367,Visakhapatnam,India,IND,1,1,34294,15736
2025-10-25,port2299,Gopalpur,India,IND,1,1,22395,22579
2025-10-25,port290,Dhamra Port,India,IND,2,2,41491,24580
2025-10-25,port442,Haldia,India,IND,1,3,78888,0
2025-10-25,port883,Paradip,India,IND,4,6,78297,1255
2025-10-26,port1367,Visakhapatnam,India,IND,3,4,102883,47210
2025-10-26,port2299,Gopalpur,India,IND,0,0,0,0
2025-10-26,port290,Dhamra Port,India,IND,1,1,0,54416
2025-10-26,port442,Haldia,India,IND,1,1,23295,3059
2025-10-26,port883,Paradip,India,IND,3,3,40391,83975
2025-10-27,port1367,Visakhapatnam,India,IND,0,1,0,0
2025-10-27,port2299,Gopalpur,India,IND,0,0,0,0
2025-10-27,port290,Dhamra Port,India,IND,2,2,44274,19184
2025-10-27,port442,Haldia,India,IND,0,2,0,0
2025-10-27,port883,Paradip,India,IND,1,1,20323,30268
2025-10-28,port1367,Visakhapatnam,India,IND,0,0,0,0
2025-10-28,port2299,Gopalpur,India,IND,0,0,0,0
2025-10-28,port290,Dhamra Port,India,IND,1,1,162194,0
2025-10-28,port442,Haldia,India,IND,2,3,54264,3059
2025-10-28,port883,Paradip,India,IND,0,0,0,0
2025-10-29,port1367,Visakhapatnam,India,IND,5,7,266874,15736
2025-10-29,port2299,Gopalpur,India,IND,1,1,557,0
2025-10-29,port290,Dhamra Port,India,IND,1,1,41491,19184
2025-10-29,port442,Haldia,India,IND,0,5,0,0
2025-10-29,port883,Paradip,India,IND,3,3,104211,102005
2025-10-30,port1367,Visakhapatnam,India,IND,2,5,39967,11647
2025-10-30,port2299,Gopalpur,India,IND,0,0,0,0
2025-10-30,port290,Dhamra Port,India,IND,0,0,0,0
2025-10-30,port442,Haldia,India,IND,2,3,155216,0
2025-10-30,port883,Paradip,India,IND,0,1,0,0
2025-10-31,port1367,Visakhapatnam,India,IND,5,7,136208,84541
2025-10-31,port2299,Gopalpur,India,IND,0,0,0,0
2025-10-31,port290,Dhamra Port,India,IND,1,1,52475,0
2025-10-31,port442,Haldia,India,IND,1,1,30292,0
2025-10-31,port883,Paradip,India,IND,2,3,40391,58875
2025-11-01,port1367,Visakhapatnam,India,IND,3,4,45155,15736
2025-11-01,port2299,Gopalpur,India,IND,0,0,0,0
2025-11-01,port290,Dhamra Port,India,IND,0,0,0,0
2025-11-01,port442,Haldia,India,IND,1,3,78154,0
2025-11-01,port883,Paradip,India,IND,3,3,40646,60537
2025-11-02,port1367,Visakhapatnam,India,IND,2,4,80289,12132
2025-11-02,port2299,Gopalpur,India,IND,0,0,0,0
2025-11-02,port290,Dhamra Port,India,IND,1,1,0,51737
2025-11-02,port442,Haldia,India,IND,1,3,9108,0
2025-11-02,port883,Paradip,India,IND,0,2,0,0
2025-11-03,port1367,Visakhapatnam,India,IND,1,1,0,79413
2025-11-03,port2299,Gopalpur,India,IND,0,0,0,0
2025-11-03,port290,Dhamra Port,India,IND,3,3,82983,42466
2025-11-03,port442,Haldia,India,IND,0,3,0,0
2025-11-03,port883,Paradip,India,IND,2,2,40646,60537
2025-11-04,port1367,Visakhapatnam,India,IND,2,8,68588,31473
2025-11-04,port2299,Gopalpur,India,IND,0,0,0,0
2025-11-04,port290,Dhamra Port,India,IND,0,0,0,0
2025-11-04,port442,Haldia,India,IND,3,5,181171,3059
2025-11-04,port883,Paradip,India,IND,0,1,0,0
2025-11-05,port1367,Visakhapatnam,India,IND,4,7,136557,43605
2025-11-05,port2299,Gopalpur,India,IND,0,0,0,0
2025-11-05,port290,Dhamra Port,India,IND,0,0,0,0
2025-11-05,port442,Haldia,India,IND,0,1,0,0
2025-11-05,port883,Paradip,India,IND,1,2,1381,0
2025-11-06,port1367,Visakhapatnam,India,IND,2,2,110193,15736
2025-11-06,port2299,Gopalpur,India,IND,0,0,0,0
2025-11-06,port290,Dhamra Port,India,IND,0,1,0,0
2025-11-06,port442,Haldia,India,IND,1,2,0,0
2025-11-06,port883,Paradip,India,IND,3,6,40646,133709
2025-11-07,port1367,Visakhapatnam,India,IND,2,4,113221,0
2025-11-07,port2299,Gopalpur,India,IND,0,0,0,0
2025-11-07,port290,Dhamra Port,India,IND,1,1,110467,0
2025-11-07,port442,Haldia,India,IND,1,2,78802,0
2025-11-07,port883,Paradip,India,IND,3,3,95898,60528
2025-11-08,port1367,Visakhapatnam,India,IND,1,2,34294,15736
2025-11-08,port2299,Gopalpur,India,IND,0,0,0,0
2025-11-08,port290,Dhamra Port,India,IND,1,1,0,0
2025-11-08,port442,Haldia,India,IND,2,3,38500,0
2025-11-08,port883,Paradip,India,IND,3,3,23317,43121
2025-11-09,port1367,Visakhapatnam,India,IND,2,2,34294,70226
2025-11-09,port2299,Gopalpur,India,IND,1,1,0,61527
2025-11-09,port290,Dhamra Port,India,IND,1,1,18254,30100
2025-11-09,port442,Haldia,India,IND,2,3,105695,2420
2025-11-09,port883,Paradip,India,IND,0,1,0,0
2025-11-10,port1367,Visakhapatnam,India,IND,2,6,71961,15736
2025-11-10,port2299,Gopalpur,India,IND,0,1,0,0
2025-11-10,port290,Dhamra Port,India,IND,1,1,41491,19184
2025-11-10,port442,Haldia,India,IND,2,7,49677,3059
2025-11-10,port883,Paradip,India,IND,3,6,218964,100635
2025-11-11,port1367,Visakhapatnam,India,IND,2,4,0,41205
2025-11-11,port2299,Gopalpur,India,IND,0,0,0,0
2025-11-11,port290,Dhamra Port,India,IND,0,0,0,0
2025-11-11,port442,Haldia,India,IND,1,3,35989,0
2025-11-11,port883,Paradip,India,IND,1,1,18746,0
2025-11-12,port1367,Visakhapatnam,India,IND,5,6,216042,47210
2025-11-12,port2299,Gopalpur,India,IND,0,0,0,0
2025-11-12,port290,Dhamra Port,India,IND,2,2,149826,0
2025-11-12,port442,Haldia,India,IND,1,3,23295,3059
2025-11-12,port883,Paradip,India,IND,3,4,40391,118678
2025-11-13,port1367,Visakhapatnam,India,IND,3,4,49173,9649
2025-11-13,port2299,Gopalpur,India,IND,0,0,0,0
2025-11-13,port290,Dhamra Port,India,IND,0,0,0,0
2025-11-13,port442,Haldia,India,IND,1,2,0,0
2025-11-13,port883,Paradip,India,IND,1,1,20323,30268
2025-11-14,port1367,Visakhapatnam,India,IND,3,7,102883,47210
2025-11-14,port2299,Gopalpur,India,IND,0,0,0,0
2025-11-14,port290,Dhamra Port,India,IND,0,0,0,0
2025-11-14,port442,Haldia,India,IND,1,3,23295,3059
2025-11-14,port883,Paradip,India,IND,2,4,87262,12319
2025-11-15,port1367,Visakhapatnam,India,IND,0,2,0,0
2025-11-15,port2299,Gopalpur,India,IND,0,0,0,0
2025-11-15,port290,Dhamra Port,India,IND,0,0,0,0
2025-11-15,port442,Haldia,India,IND,1,2,40663,0
2025-11-15,port883,Paradip,India,IND,4,4,77326,60537
2025-11-16,port1367,Visakhapatnam,India,IND,1,5,0,103507
2025-11-16,port2299,Gopalpur,India,IND,0,0,0,0
2025-11-16,port290,Dhamra Port,India,IND,0,0,0,0
2025-11-16,port442,Haldia,India,IND,0,2,0,0
2025-11-16,port883,Paradip,India,IND,2,3,20323,91191
2025-11-17,port1367,Visakhapatnam,India,IND,2,5,68582,15736
2025-11-17,port2299,Gopalpur,India,IND,0,0,0,0
2025-11-17,port290,Dhamra Port,India,IND,1,1,41491,19184
2025-11-17,port442,Haldia,India,IND,2,5,46591,6118
2025-11-17,port883,Paradip,India,IND,4,5,60969,99305
2025-11-18,port1367,Visakhapatnam,India,IND,2,4,61250,27868
2025-11-18,port2299,Gopalpur,India,IND,0,0,0,0
2025-11-18,port290,Dhamra Port,India,IND,1,1,0,30998
2025-11-18,port442,Haldia,India,IND,0,3,0,0
2025-11-18,port883,Paradip,India,IND,1,1,76334,0
2025-11-19,port1367,Visakhapatnam,India,IND,4,4,68588,32605
2025-11-19,port2299,Gopalpur,India,IND,0,0,0,0
2025-11-19,port290,Dhamra Port,India,IND,0,0,0,0
2025-11-19,port442,Haldia,India,IND,0,2,0,0
2025-11-19,port883,Paradip,India,IND,2,2,78121,52845
2025-11-20,port1367,Visakhapatnam,India,IND,3,6,74370,17240
2025-11-20,port2299,Gopalpur,India,IND,0,0,0,0
2025-11-20,port290,Dhamra Port,India,IND,1,1,41491,19184
2025-11-20,port442,Haldia,India,IND,0,1,0,0
2025-11-20,port883,Paradip,India,IND,1,2,0,52793
2025-11-21,port1367,Visakhapatnam,India,IND,1,2,34294,15736
2025-11-21,port2299,Gopalpur,India,IND,0,0,0,0
2025-11-21,port290,Dhamra Port,India,IND,1,1,0,59432
2025-11-21,port442,Haldia,India,IND,1,2,78509,0
2025-11-21,port883,Paradip,India,IND,3,4,40646,60537
2025-11-22,port1367,Visakhapatnam,India,IND,1,3,105428,0
2025-11-22,port2299,Gopalpur,India,IND,0,0,0,0
2025-11-22,port290,Dhamra Port,India,IND,2,2,168100,79588
2025-11-22,port442,Haldia,India,IND,2,3,78140,0
2025-11-22,port883,Paradip,India,IND,3,3,83865,64838
2025-11-23,port1367,Visakhapatnam,India,IND,2,4,68588,31473
2025-11-23,port2299,Gopalpur,India,IND,0,0,0,0
2025-11-23,port290,Dhamra Port,India,IND,0,0,0,0
2025-11-23,port442,Haldia,India,IND,1,2,32133,0
2025-11-23,port883,Paradip,India,IND,2,3,80649,30268
2025-11-24,port1367,Visakhapatnam,India,IND,4,5,148435,31473
2025-11-24,port2299,Gopalpur,India,IND,0,0,0,0
2025-11-24,port290,Dhamra Port,India,IND,3,3,76536,19184
2025-11-24,port442,Haldia,India,IND,2,4,78898,21465
2025-11-24,port883,Paradip,India,IND,3,4,1254,113502
2025-11-25,port1367,Visakhapatnam,India,IND,4,6,240253,15736
2025-11-25,port2299,Gopalpur,India,IND,1,1,22395,22579
2025-11-25,port290,Dhamra Port,India,IND,2,2,51369,8184
2025-11-25,port442,Haldia,India,IND,2,3,133832,0
2025-11-25,port883,Paradip,India,IND,0,0,0,0
2025-11-26,port1367,Visakhapatnam,India,IND,1,2,77592,0
2025-11-26,port2299,Gopalpur,India,IND,0,0,0,0
2025-11-26,port290,Dhamra Port,India,IND,0,0,0,0
2025-11-26,port442,Haldia,India,IND,1,2,37575,0
2025-11-26,port883,Paradip,India,IND,3,3,60714,89144
2025-11-27,port1367,Visakhapatnam,India,IND,2,6,34294,29185
2025-11-27,port2299,Gopalpur,India,IND,1,2,30282,0
2025-11-27,port290,Dhamra Port,India,IND,0,0,0,0
2025-11-27,port442,Haldia,India,IND,1,3,55613,0
2025-11-27,port883,Paradip,India,IND,3,4,118337,60537
2025-11-28,port1367,Visakhapatnam,India,IND,5,7,215627,15736
2025-11-28,port2299,Gopalpur,India,IND,0,0,0,0
2025-11-28,port290,Dhamra Port,India,IND,0,0,0,0
2025-11-28,port442,Haldia,India,IND,0,1,0,0
2025-11-28,port883,Paradip,India,IND,1,2,51128,0
2025-11-29,port1367,Visakhapatnam,India,IND,3,4,138021,30676
2025-11-29,port2299,Gopalpur,India,IND,0,0,0,0
2025-11-29,port290,Dhamra Port,India,IND,1,1,41491,19184
2025-11-29,port442,Haldia,India,IND,1,4,0,0
2025-11-29,port883,Paradip,India,IND,3,3,60714,89144
2025-11-30,port1367,Visakhapatnam,India,IND,3,4,78487,15912
2025-11-30,port2299,Gopalpur,India,IND,0,0,0,0
2025-11-30,port290,Dhamra Port,India,IND,1,1,38261,0
2025-11-30,port442,Haldia,India,IND,2,3,76763,3059
2025-11-30,port883,Paradip,India,IND,1,2,0,60859
2025-12-01,port1367,Visakhapatnam,India,IND,5,6,177231,18174
2025-12-01,port2299,Gopalpur,India,IND,0,0,0,0
2025-12-01,port290,Dhamra Port,India,IND,0,0,0,0
2025-12-01,port442,Haldia,India,IND,2,5,72476,0
2025-12-01,port883,Paradip,India,IND,4,5,135349,100344
2025-12-02,port1367,Visakhapatnam,India,IND,0,0,0,0
2025-12-02,port2299,Gopalpur,India,IND,0,0,0,0
2025-12-02,port290,Dhamra Port,India,IND,1,1,41491,19184
2025-12-02,port442,Haldia,India,IND,3,3,144801,2420
2025-12-02,port883,Paradip,India,IND,1,2,13614,0
2025-12-03,port1367,Visakhapatnam,India,IND,4,4,126345,42184
2025-12-03,port2299,Gopalpur,India,IND,0,0,0,0
2025-12-03,port290,Dhamra Port,India,IND,0,0,0,0
2025-12-03,port442,Haldia,India,IND,1,4,90,0
2025-12-03,port883,Paradip,India,IND,4,5,113886,10669
2025-12-04,port1367,Visakhapatnam,India,IND,1,2,42955,0
2025-12-04,port2299,Gopalpur,India,IND,0,0,0,0
2025-12-04,port290,Dhamra Port,India,IND,0,0,0,0
2025-12-04,port442,Haldia,India,IND,0,2,0,0
2025-12-04,port883,Paradip,India,IND,3,4,47672,58875
2025-12-05,port1367,Visakhapatnam,India,IND,2,7,59859,2905
2025-12-05,port2299,Gopalpur,India,IND,0,0,0,0
2025-12-05,port290,Dhamra Port,India,IND,0,0,0,0
2025-12-05,port442,Haldia,India,IND,1,2,0,0
2025-12-05,port883,Paradip,India,IND,1,3,82126,0
2025-12-06,port1367,Visakhapatnam,India,IND,6,8,270375,0
2025-12-06,port2299,Gopalpur,India,IND,0,0,0,0
2025-12-06,port290,Dhamra Port,India,IND,7,7,276992,101943
2025-12-06,port442,Haldia,India,IND,2,3,106445,0
2025-12-06,port883,Paradip,India,IND,3,4,8037,58883
2025-12-07,port1367,Visakhapatnam,India,IND,2,6,78848,19701
2025-12-07,port2299,Gopalpur,India,IND,0,0,0,0
2025-12-07,port290,Dhamra Port,India,IND,1,1,41491,19184
2025-12-07,port442,Haldia,India,IND,0,1,0,0
2025-12-07,port883,Paradip,India,IND,2,2,91201,0
2025-12-08,port1367,Visakhapatnam,India,IND,2,2,45072,0
2025-12-08,port2299,Gopalpur,India,IND,0,0,0,0
2025-12-08,port290,Dhamra Port,India,IND,0,0,0,0
2025-12-08,port442,Haldia,India,IND,2,2,52787,37522
2025-12-08,port883,Paradip,India,IND,1,1,0,73171
2025-12-09,port1367,Visakhapatnam,India,IND,1,1,28081,0
2025-12-09,port2299,Gopalpur,India,IND,0,0,0,0
2025-12-09,port290,Dhamra Port,India,IND,0,0,0,0
2025-12-09,port442,Haldia,India,IND,0,0,0,0
2025-12-09,port883,Paradip,India,IND,0,0,0,0
2025-12-10,port1367,Visakhapatnam,India,IND,1,2,34294,15736
2025-12-10,port2299,Gopalpur,India,IND,0,0,0,0
2025-12-10,port290,Dhamra Port,India,IND,0,0,0,0
2025-12-10,port442,Haldia,India,IND,0,0,0,0
2025-12-10,port883,Paradip,India,IND,0,0,0,0
2025-12-11,port1367,Visakhapatnam,India,IND,2,3,34294,71611
2025-12-11,port2299,Gopalpur,India,IND,0,0,0,0
2025-12-11,port290,Dhamra Port,India,IND,0,0,0,0
2025-12-11,port442,Haldia,India,IND,0,1,0,0
2025-12-11,port883,Paradip,India,IND,0,0,0,0
2025-12-12,port1367,Visakhapatnam,India,IND,0,1,0,0
2025-12-12,port2299,Gopalpur,India,IND,0,0,0,0
2025-12-12,port290,Dhamra Port,India,IND,0,0,0,0
2025-12-12,port442,Haldia,India,IND,0,0,0,0
2025-12-12,port883,Paradip,India,IND,0,0,0,0
2025-12-13,port1367,Visakhapatnam,India,IND,0,0,0,0
2025-12-13,port2299,Gopalpur,India,IND,0,0,0,0
2025-12-13,port290,Dhamra Port,India,IND,0,0,0,0
2025-12-13,port442,Haldia,India,IND,0,2,0,0
2025-12-13,port883,Paradip,India,IND,1,1,1370,0
2025-12-14,port1367,Visakhapatnam,India,IND,0,1,0,0
2025-12-14,port2299,Gopalpur,India,IND,0,0,0,0
2025-12-14,port290,Dhamra Port,India,IND,1,1,86190,0
2025-12-14,port442,Haldia,India,IND,0,0,0,0
2025-12-14,port883,Paradip,India,IND,2,2,0,48438
2025-12-15,port1367,Visakhapatnam,India,IND,2,2,34294,17878
2025-12-15,port2299,Gopalpur,India,IND,0,0,0,0
2025-12-15,port290,Dhamra Port,India,IND,0,0,0,0
2025-12-15,port442,Haldia,India,IND,1,2,23295,3059
2025-12-15,port883,Paradip,India,IND,2,2,20068,101779
2025-12-16,port1367,Visakhapatnam,India,IND,2,2,83238,0
2025-12-16,port2299,Gopalpur,India,IND,0,0,0,0
2025-12-16,port290,Dhamra Port,India,IND,0,0,0,0
2025-12-16,port442,Haldia,India,IND,0,1,0,0
2025-12-16,port883,Paradip,India,IND,2,2,100251,30268
2025-12-17,port1367,Visakhapatnam,India,IND,2,3,51457,15736
2025-12-17,port2299,Gopalpur,India,IND,0,0,0,0
2025-12-17,port290,Dhamra Port,India,IND,0,0,0,0
2025-12-17,port442,Haldia,India,IND,1,1,78982,0
2025-12-17,port883,Paradip,India,IND,0,0,0,0
2025-12-18,port1367,Visakhapatnam,India,IND,0,0,0,0
2025-12-18,port2299,Gopalpur,India,IND,0,0,0,0
2025-12-18,port290,Dhamra Port,India,IND,1,1,41491,19184
2025-12-18,port442,Haldia,India,IND,2,4,40521,3059
2025-12-18,port883,Paradip,India,IND,1,1,0,33440
2025-12-19,port1367,Visakhapatnam,India,IND,1,2,0,0
2025-12-19,port2299,Gopalpur,India,IND,0,0,0,0
2025-12-19,port290,Dhamra Port,India,IND,0,0,0,0
2025-12-19,port442,Haldia,India,IND,0,1,0,0
2025-12-19,port883,Paradip,India,IND,3,3,40646,61651
2025-12-20,port1367,Visakhapatnam,India,IND,1,3,34294,15736
2025-12-20,port2299,Gopalpur,India,IND,0,0,0,0
2025-12-20,port290,Dhamra Port,India,IND,0,0,0,0
2025-12-20,port442,Haldia,India,IND,1,2,63864,0
2025-12-20,port883,Paradip,India,IND,1,3,20323,30268
2025-12-21,port1367,Visakhapatnam,India,IND,3,5,102883,47210
2025-12-21,port2299,Gopalpur,India,IND,0,0,0,0
2025-12-21,port290,Dhamra Port,India,IND,1,1,79109,0
2025-12-21,port442,Haldia,India,IND,1,3,23295,3059
2025-12-21,port883,Paradip,India,IND,2,3,20323,84793
2025-12-22,port1367,Visakhapatnam,India,IND,2,4,119627,15736
2025-12-22,port2299,Gopalpur,India,IND,0,0,0,0
2025-12-22,port290,Dhamra Port,India,IND,2,2,0,98144
2025-12-22,port442,Haldia,India,IND,1,2,33611,0
2025-12-22,port883,Paradip,India,IND,1,1,20323,30268
2025-12-23,port1367,Visakhapatnam,India,IND,1,3,26955,12132
2025-12-23,port2299,Gopalpur,India,IND,0,0,0,0
2025-12-23,port290,Dhamra Port,India,IND,1,1,41491,19184
2025-12-23,port442,Haldia,India,IND,1,3,78664,0
2025-12-23,port883,Paradip,India,IND,4,4,20323,96416
2025-12-24,port1367,Visakhapatnam,India,IND,2,2,34294,43364
2025-12-24,port2299,Gopalpur,India,IND,0,0,0,0
2025-12-24,port290,Dhamra Port,India,IND,0,0,0,0
2025-12-24,port442,Haldia,India,IND,1,3,23295,3059
2025-12-24,port883,Paradip,India,IND,3,3,76719,46886
2025-12-25,port1367,Visakhapatnam,India,IND,4,5,170714,77242
2025-12-25,port2299,Gopalpur,India,IND,0,0,0,0
2025-12-25,port290,Dhamra Port,India,IND,1,1,41491,19184
2025-12-25,port442,Haldia,India,IND,0,2,0,0
2025-12-25,port883,Paradip,India,IND,1,1,0,69682
2025-12-26,port1367,Visakhapatnam,India,IND,4,4,171934,48566
2025-12-26,port2299,Gopalpur,India,IND,0,0,0,0
2025-12-26,port290,Dhamra Port,India,IND,0,0,0,0
2025-12-26,port442,Haldia,India,IND,1,3,23295,3059
2025-12-26,port883,Paradip,India,IND,2,2,0,81284
2025-12-27,port1367,Visakhapatnam,India,IND,2,2,0,36798
2025-12-27,port2299,Gopalpur,India,IND,0,0,0,0
2025-12-27,port290,Dhamra Port,India,IND,0,0,0,0
2025-12-27,port442,Haldia,India,IND,1,5,55609,0
2025-12-27,port883,Paradip,India,IND,1,1,0,35040
2025-12-28,port1367,Visakhapatnam,India,IND,2,3,34294,70244
2025-12-28,port2299,Gopalpur,India,IND,0,0,0,0
2025-12-28,port290,Dhamra Port,India,IND,2,2,0,73643
2025-12-28,port442,Haldia,India,IND,2,2,46591,6118
2025-12-28,port883,Paradip,India,IND,4,4,70717,89144
2025-12-29,port1367,Visakhapatnam,India,IND,2,4,55622,11097
2025-12-29,port2299,Gopalpur,India,IND,0,0,0,0
2025-12-29,port290,Dhamra Port,India,IND,1,1,41491,19184
2025-12-29,port442,Haldia,India,IND,1,3,71841,0
2025-12-29,port883,Paradip,India,IND,2,2,81185,30268
2025-12-30,port1367,Visakhapatnam,India,IND,2,3,109081,12132
2025-12-30,port2299,Gopalpur,India,IND,0,0,0,0
2025-12-30,port290,Dhamra Port,India,IND,0,0,0,0
2025-12-30,port442,Haldia,India,IND,0,2,0,0
2025-12-30,port883,Paradip,India,IND,3,3,20880,91001
2025-12-31,port1367,Visakhapatnam,India,IND,2,3,43208,31942
2025-12-31,port2299,Gopalpur,India,IND,0,0,0,0
2025-12-31,port290,Dhamra Port,India,IND,1,1,41491,19184
2025-12-31,port442,Haldia,India,IND,1,2,23295,3059
2025-12-31,port883,Paradip,India,IND,1,1,20323,30268
2026-01-01,port1367,Visakhapatnam,India,IND,1,3,34294,15736
2026-01-01,port2299,Gopalpur,India,IND,0,1,0,0
2026-01-01,port290,Dhamra Port,India,IND,0,0,0,0
2026-01-01,port442,Haldia,India,IND,1,1,78850,0
2026-01-01,port883,Paradip,India,IND,1,2,35582,0
2026-01-02,port1367,Visakhapatnam,India,IND,3,5,95220,15736
2026-01-02,port2299,Gopalpur,India,IND,0,0,0,0
2026-01-02,port290,Dhamra Port,India,IND,1,1,0,11111
2026-01-02,port442,Haldia,India,IND,2,2,137693,0
2026-01-02,port883,Paradip,India,IND,3,4,195155,60537
2026-01-03,port1367,Visakhapatnam,India,IND,2,2,49067,15383
2026-01-03,port2299,Gopalpur,India,IND,0,0,0,0
2026-01-03,port290,Dhamra Port,India,IND,0,0,0,0
2026-01-03,port442,Haldia,India,IND,3,4,109157,0
2026-01-03,port883,Paradip,India,IND,3,3,113282,60537
2026-01-04,port1367,Visakhapatnam,India,IND,3,5,154587,15736
2026-01-04,port2299,Gopalpur,India,IND,0,0,0,0
2026-01-04,port290,Dhamra Port,India,IND,0,0,0,0
2026-01-04,port442,Haldia,India,IND,2,2,156429,0
2026-01-04,port883,Paradip,India,IND,1,1,20323,30268
2026-01-05,port1367,Visakhapatnam,India,IND,2,3,34294,15736
2026-01-05,port2299,Gopalpur,India,IND,0,0,0,0
2026-01-05,port290,Dhamra Port,India,IND,2,2,127849,19184
2026-01-05,port442,Haldia,India,IND,2,5,101661,3059
2026-01-05,port883,Paradip,India,IND,5,5,51388,103440
2026-01-06,port1367,Visakhapatnam,India,IND,2,4,69672,15736
2026-01-06,port2299,Gopalpur,India,IND,0,0,0,0
2026-01-06,port290,Dhamra Port,India,IND,0,0,0,0
2026-01-06,port442,Haldia,India,IND,2,3,101765,2420
2026-01-06,port883,Paradip,India,IND,1,1,0,27308
2026-01-07,port1367,Visakhapatnam,India,IND,1,3,33884,0
2026-01-07,port2299,Gopalpur,India,IND,0,0,0,0
2026-01-07,port290,Dhamra Port,India,IND,0,0,0,0
2026-01-07,port442,Haldia,India,IND,0,3,0,0
2026-01-07,port883,Paradip,India,IND,1,1,0,54462
2026-01-08,port1367,Visakhapatnam,India,IND,2,2,64495,15736
2026-01-08,port2299,Gopalpur,India,IND,0,0,0,0
2026-01-08,port290,Dhamra Port,India,IND,1,1,0,54419
2026-01-08,port442,Haldia,India,IND,1,4,0,0
2026-01-08,port883,Paradip,India,IND,2,2,40391,58875
2026-01-09,port1367,Visakhapatnam,India,IND,0,0,0,0
2026-01-09,port2299,Gopalpur,India,IND,0,0,0,0
2026-01-09,port290,Dhamra Port,India,IND,0,0,0,0
2026-01-09,port442,Haldia,India,IND,3,4,69887,9178
2026-01-09,port883,Paradip,India,IND,0,2,0,0
2026-01-10,port1367,Visakhapatnam,India,IND,1,2,34294,15736
2026-01-10,port2299,Gopalpur,India,IND,0,0,0,0
2026-01-10,port290,Dhamra Port,India,IND,2,2,145127,19184
2026-01-10,port442,Haldia,India,IND,1,2,27644,2420
2026-01-10,port883,Paradip,India,IND,1,1,28773,0
2026-01-11,port1367,Visakhapatnam,India,IND,3,3,165381,15736
2026-01-11,port2299,Gopalpur,India,IND,0,0,0,0
2026-01-11,port290,Dhamra Port,India,IND,1,1,166890,0
2026-01-11,port442,Haldia,India,IND,1,6,42838,0
2026-01-11,port883,Paradip,India,IND,3,4,22395,30953
2026-01-12,port1367,Visakhapatnam,India,IND,1,2,2456,0
2026-01-12,port2299,Gopalpur,India,IND,0,0,0,0
2026-01-12,port290,Dhamra Port,India,IND,1,1,41491,19184
2026-01-12,port442,Haldia,India,IND,0,3,0,0
2026-01-12,port883,Paradip,India,IND,2,2,40646,60537
2026-01-13,port1367,Visakhapatnam,India,IND,2,3,0,61008
2026-01-13,port2299,Gopalpur,India,IND,0,0,0,0
2026-01-13,port290,Dhamra Port,India,IND,0,0,0,0
2026-01-13,port442,Haldia,India,IND,1,1,78665,0
2026-01-13,port883,Paradip,India,IND,2,2,348,690
2026-01-14,port1367,Visakhapatnam,India,IND,0,2,0,0
2026-01-14,port2299,Gopalpur,India,IND,0,0,0,0
2026-01-14,port290,Dhamra Port,India,IND,2,2,78579,73171
2026-01-14,port442,Haldia,India,IND,1,4,55129,0
2026-01-14,port883,Paradip,India,IND,2,2,104211,30268
2026-01-15,port1367,Visakhapatnam,India,IND,0,2,0,0
2026-01-15,port2299,Gopalpur,India,IND,0,0,0,0
2026-01-15,port290,Dhamra Port,India,IND,0,0,0,0
2026-01-15,port442,Haldia,India,IND,2,4,46591,6118
2026-01-15,port883,Paradip,India,IND,2,3,40646,60537
2026-01-16,port1367,Visakhapatnam,India,IND,4,4,178580,35936
2026-01-16,port2299,Gopalpur,India,IND,0,0,0,0
2026-01-16,port290,Dhamra Port,India,IND,1,1,41491,19184
2026-01-16,port442,Haldia,India,IND,1,5,0,0
2026-01-16,port883,Paradip,India,IND,1,1,64708,0
2026-01-17,port1367,Visakhapatnam,India,IND,3,7,294196,15736
2026-01-17,port2299,Gopalpur,India,IND,0,0,0,0
2026-01-17,port290,Dhamra Port,India,IND,0,0,0,0
2026-01-17,port442,Haldia,India,IND,0,3,0,0
2026-01-17,port883,Paradip,India,IND,3,3,40646,121867
2026-01-18,port1367,Visakhapatnam,India,IND,3,3,55124,41332
2026-01-18,port2299,Gopalpur,India,IND,0,0,0,0
2026-01-18,port290,Dhamra Port,India,IND,0,0,0,0
2026-01-18,port442,Haldia,India,IND,0,2,0,0
2026-01-18,port883,Paradip,India,IND,1,2,0,5074
2026-01-19,port1367,Visakhapatnam,India,IND,3,6,68588,135109
2026-01-19,port2299,Gopalpur,India,IND,0,0,0,0
2026-01-19,port290,Dhamra Port,India,IND,0,0,0,0
2026-01-19,port442,Haldia,India,IND,1,2,0,0
2026-01-19,port883,Paradip,India,IND,4,4,94749,88868
2026-01-20,port1367,Visakhapatnam,India,IND,2,2,34294,91709
2026-01-20,port2299,Gopalpur,India,IND,0,0,0,0
2026-01-20,port290,Dhamra Port,India,IND,0,0,0,0
2026-01-20,port442,Haldia,India,IND,0,2,0,0
2026-01-20,port883,Paradip,India,IND,2,2,20323,30444
2026-01-21,port1367,Visakhapatnam,India,IND,2,5,34294,19396
2026-01-21,port2299,Gopalpur,India,IND,0,0,0,0
2026-01-21,port290,Dhamra Port,India,IND,1,1,0,63277
2026-01-21,port442,Haldia,India,IND,2,3,95943,3059
2026-01-21,port883,Paradip,India,IND,3,4,40646,130904
2026-01-22,port1367,Visakhapatnam,India,IND,2,3,121579,0
2026-01-22,port2299,Gopalpur,India,IND,0,0,0,0
2026-01-22,port290,Dhamra Port,India,IND,0,0,0,0
2026-01-22,port442,Haldia,India,IND,1,5,7567,0
2026-01-22,port883,Paradip,India,IND,2,2,78672,0
2026-01-23,port1367,Visakhapatnam,India,IND,3,4,75823,45411
2026-01-23,port2299,Gopalpur,India,IND,0,0,0,0
2026-01-23,port290,Dhamra Port,India,IND,0,0,0,0
2026-01-23,port442,Haldia,India,IND,2,4,32676,3059
2026-01-23,port883,Paradip,India,IND,4,4,97094,162176
2026-01-24,port1367,Visakhapatnam,India,IND,2,4,173592,73951
2026-01-24,port2299,Gopalpur,India,IND,0,0,0,0
2026-01-24,port290,Dhamra Port,India,IND,1,2,41491,19184
2026-01-24,port442,Haldia,India,IND,1,1,23295,3059
2026-01-24,port883,Paradip,India,IND,2,2,79115,0
2026-01-25,port1367,Visakhapatnam,India,IND,0,2,0,0
2026-01-25,port2299,Gopalpur,India,IND,0,0,0,0
2026-01-25,port290,Dhamra Port,India,IND,1,1,53201,0
2026-01-25,port442,Haldia,India,IND,1,3,0,0
2026-01-25,port883,Paradip,India,IND,2,2,0,121760
2026-01-26,port1367,Visakhapatnam,India,IND,5,6,207192,47210
2026-01-26,port2299,Gopalpur,India,IND,0,0,0,0
2026-01-26,port290,Dhamra Port,India,IND,1,1,0,12758
2026-01-26,port442,Haldia,India,IND,2,5,46591,6118
2026-01-26,port883,Paradip,India,IND,6,6,27021,197562
2026-01-27,port1367,Visakhapatnam,India,IND,1,2,34294,15736
2026-01-27,port2299,Gopalpur,India,IND,0,0,0,0
2026-01-27,port290,Dhamra Port,India,IND,1,1,41491,19184
2026-01-27,port442,Haldia,India,IND,2,3,50939,5479
2026-01-27,port883,Paradip,India,IND,2,2,40646,60537
2026-01-28,port1367,Visakhapatnam,India,IND,1,4,5335,0
2026-01-28,port2299,Gopalpur,India,IND,0,0,0,0
2026-01-28,port290,Dhamra Port,India,IND,0,0,0,0
2026-01-28,port442,Haldia,India,IND,1,1,23295,3059
2026-01-28,port883,Paradip,India,IND,1,2,20323,30268
2026-01-29,port1367,Visakhapatnam,India,IND,1,2,34294,15736
2026-01-29,port2299,Gopalpur,India,IND,0,0,0,0
2026-01-29,port290,Dhamra Port,India,IND,0,0,0,0
2026-01-29,port442,Haldia,India,IND,0,2,0,0
2026-01-29,port883,Paradip,India,IND,2,2,1617,11677
2026-01-30,port1367,Visakhapatnam,India,IND,0,2,0,0
2026-01-30,port2299,Gopalpur,India,IND,0,0,0,0
2026-01-30,port290,Dhamra Port,India,IND,1,1,41491,19184
2026-01-30,port442,Haldia,India,IND,0,1,0,0
2026-01-30,port883,Paradip,India,IND,4,4,152458,37234
2026-01-31,port1367,Visakhapatnam,India,IND,2,4,110998,15736
2026-01-31,port2299,Gopalpur,India,IND,0,0,0,0
2026-01-31,port290,Dhamra Port,India,IND,0,0,0,0
2026-01-31,port442,Haldia,India,IND,1,4,75379,0
2026-01-31,port883,Paradip,India,IND,3,3,20323,117169
2026-02-01,port1367,Visakhapatnam,India,IND,3,4,100435,0
2026-02-01,port2299,Gopalpur,India,IND,0,0,0,0
2026-02-01,port290,Dhamra Port,India,IND,1,1,0,60339
2026-02-01,port442,Haldia,India,IND,3,5,134040,3059
2026-02-01,port883,Paradip,India,IND,1,2,0,73171
2026-02-02,port1367,Visakhapatnam,India,IND,4,4,36321,83320
2026-02-02,port2299,Gopalpur,India,IND,0,0,0,0
2026-02-02,port290,Dhamra Port,India,IND,1,1,103507,0
2026-02-02,port442,Haldia,India,IND,2,5,104375,0
2026-02-02,port883,Paradip,India,IND,2,3,0,81886
2026-02-03,port1367,Visakhapatnam,India,IND,2,2,34294,15736
2026-02-03,port2299,Gopalpur,India,IND,0,0,0,0
2026-02-03,port290,Dhamra Port,India,IND,2,2,41491,29377
2026-02-03,port442,Haldia,India,IND,1,1,0,39387
2026-02-03,port883,Paradip,India,IND,2,3,20323,97539
2026-02-04,port1367,Visakhapatnam,India,IND,1,4,80317,0
2026-02-04,port2299,Gopalpur,India,IND,1,1,2343,0
2026-02-04,port290,Dhamra Port,India,IND,1,1,41491,19184
2026-02-04,port442,Haldia,India,IND,0,4,0,0
2026-02-04,port883,Paradip,India,IND,1,3,20068,28607
2026-02-05,port1367,Visakhapatnam,India,IND,7,7,201709,140939
2026-02-05,port2299,Gopalpur,India,IND,0,0,0,0
2026-02-05,port290,Dhamra Port,India,IND,0,0,0,0
2026-02-05,port442,Haldia,India,IND,0,0,0,0
2026-02-05,port883,Paradip,India,IND,2,3,81182,30268
2026-02-06,port1367,Visakhapatnam,India,IND,4,6,195393,69844
2026-02-06,port2299,Gopalpur,India,IND,0,0,0,0
2026-02-06,port290,Dhamra Port,India,IND,1,1,0,60880
2026-02-06,port442,Haldia,India,IND,1,3,23295,3059
2026-02-06,port883,Paradip,India,IND,2,3,0,18884
2026-02-07,port1367,Visakhapatnam,India,IND,3,6,19803,109420
2026-02-07,port2299,Gopalpur,India,IND,0,0,0,0
2026-02-07,port290,Dhamra Port,India,IND,0,0,0,0
2026-02-07,port442,Haldia,India,IND,0,4,0,0
2026-02-07,port883,Paradip,India,IND,0,0,0,0
2026-02-08,port1367,Visakhapatnam,India,IND,1,4,0,5889
2026-02-08,port2299,Gopalpur,India,IND,0,0,0,0
2026-02-08,port290,Dhamra Port,India,IND,2,2,82983,38369
2026-02-08,port442,Haldia,India,IND,3,5,27339,3059
2026-02-08,port883,Paradip,India,IND,2,3,138246,0
2026-02-09,port1367,Visakhapatnam,India,IND,3,6,71847,46120
2026-02-09,port2299,Gopalpur,India,IND,0,0,0,0
2026-02-09,port290,Dhamra Port,India,IND,2,2,79978,0
2026-02-09,port442,Haldia,India,IND,1,2,27644,2420
2026-02-09,port883,Paradip,India,IND,0,1,0,0
2026-02-10,port1367,Visakhapatnam,India,IND,2,4,106318,15736
2026-02-10,port2299,Gopalpur,India,IND,1,1,79306,0
2026-02-10,port290,Dhamra Port,India,IND,1,1,0,73171
2026-02-10,port442,Haldia,India,IND,2,3,105001,0
2026-02-10,port883,Paradip,India,IND,1,1,81846,0
2026-02-11,port1367,Visakhapatnam,India,IND,4,8,94679,175645
2026-02-11,port2299,Gopalpur,India,IND,0,0,0,0
2026-02-11,port290,Dhamra Port,India,IND,1,1,41491,19184
2026-02-11,port442,Haldia,India,IND,1,3,59071,0
2026-02-11,port883,Paradip,India,IND,2,3,15869,70367
2026-02-12,port1367,Visakhapatnam,India,IND,4,4,53569,26205
2026-02-12,port2299,Gopalpur,India,IND,0,1,0,0
2026-02-12,port290,Dhamra Port,India,IND,1,1,0,56352
2026-02-12,port442,Haldia,India,IND,1,1,23295,3059
2026-02-12,port883,Paradip,India,IND,4,5,40646,159026
2026-02-13,port1367,Visakhapatnam,India,IND,4,6,95544,98330
2026-02-13,port2299,Gopalpur,India,IND,0,0,0,0
2026-02-13,port290,Dhamra Port,India,IND,0,0,0,0
2026-02-13,port442,Haldia,India,IND,0,2,0,0
2026-02-13,port883,Paradip,India,IND,1,1,0,77660
2026-02-14,port1367,Visakhapatnam,India,IND,2,4,56025,0
2026-02-14,port2299,Gopalpur,India,IND,0,0,0,0
2026-02-14,port290,Dhamra Port,India,IND,1,1,41491,19184
2026-02-14,port442,Haldia,India,IND,2,3,94328,0
2026-02-14,port883,Paradip,India,IND,4,4,78989,118703
2026-02-15,port1367,Visakhapatnam,India,IND,3,3,87549,29626
2026-02-15,port2299,Gopalpur,India,IND,0,0,0,0
2026-02-15,port290,Dhamra Port,India,IND,0,1,0,0
2026-02-15,port442,Haldia,India,IND,0,1,0,0
2026-02-15,port883,Paradip,India,IND,1,2,0,12375
2026-02-16,port1367,Visakhapatnam,India,IND,5,5,234557,46411
2026-02-16,port2299,Gopalpur,India,IND,0,0,0,0
2026-02-16,port290,Dhamra Port,India,IND,0,0,0,0
2026-02-16,port442,Haldia,India,IND,1,1,79198,0
2026-02-16,port883,Paradip,India,IND,2,2,45716,30268
2026-02-17,port1367,Visakhapatnam,India,IND,2,4,49891,0
2026-02-17,port2299,Gopalpur,India,IND,0,0,0,0
2026-02-17,port290,Dhamra Port,India,IND,2,2,138803,0
2026-02-17,port442,Haldia,India,IND,0,3,0,0
2026-02-17,port883,Paradip,India,IND,0,2,0,0
2026-02-18,port1367,Visakhapatnam,India,IND,1,2,34294,15736
2026-02-18,port2299,Gopalpur,India,IND,0,0,0,0
2026-02-18,port290,Dhamra Port,India,IND,0,0,0,0
2026-02-18,port442,Haldia,India,IND,0,2,0,0
2026-02-18,port883,Paradip,India,IND,4,4,152093,58875
2026-02-19,port1367,Visakhapatnam,India,IND,8,9,270396,28107
2026-02-19,port2299,Gopalpur,India,IND,0,0,0,0
2026-02-19,port290,Dhamra Port,India,IND,2,2,94750,19184
2026-02-19,port442,Haldia,India,IND,1,1,33176,0
2026-02-19,port883,Paradip,India,IND,2,2,74586,73171
2026-02-20,port1367,Visakhapatnam,India,IND,6,7,367042,47210
2026-02-20,port2299,Gopalpur,India,IND,1,1,22395,22579
2026-02-20,port290,Dhamra Port,India,IND,0,0,0,0
2026-02-20,port442,Haldia,India,IND,1,3,23295,3059
2026-02-20,port883,Paradip,India,IND,2,2,62471,69682
2026-02-21,port1367,Visakhapatnam,India,IND,1,3,34294,15736
2026-02-21,port2299,Gopalpur,India,IND,1,1,0,23003
2026-02-21,port290,Dhamra Port,India,IND,0,0,0,0
2026-02-21,port442,Haldia,India,IND,1,4,0,3342
2026-02-21,port883,Paradip,India,IND,0,0,0,0
2026-02-22,port1367,Visakhapatnam,India,IND,5,5,184727,47210
2026-02-22,port2299,Gopalpur,India,IND,0,0,0,0
2026-02-22,port290,Dhamra Port,India,IND,1,1,103635,0
2026-02-22,port442,Haldia,India,IND,2,4,134147,0
2026-02-22,port883,Paradip,India,IND,4,5,20323,178370
2026-02-23,port1367,Visakhapatnam,India,IND,2,2,106890,0
2026-02-23,port2299,Gopalpur,India,IND,0,0,0,0
2026-02-23,port290,Dhamra Port,India,IND,1,1,84020,0
2026-02-23,port442,Haldia,India,IND,3,4,114427,0
2026-02-23,port883,Paradip,India,IND,0,0,0,0
2026-02-24,port1367,Visakhapatnam,India,IND,3,5,76024,103482
2026-02-24,port2299,Gopalpur,India,IND,0,0,0,0
2026-02-24,port290,Dhamra Port,India,IND,0,0,0,0
2026-02-24,port442,Haldia,India,IND,1,2,25566,0
2026-02-24,port883,Paradip,India,IND,1,2,20323,30268
2026-02-25,port1367,Visakhapatnam,India,IND,2,3,75778,52522
2026-02-25,port2299,Gopalpur,India,IND,0,0,0,0
2026-02-25,port290,Dhamra Port,India,IND,1,1,18254,30100
2026-02-25,port442,Haldia,India,IND,1,2,0,0
2026-02-25,port883,Paradip,India,IND,3,3,78576,59565
2026-02-26,port1367,Visakhapatnam,India,IND,3,6,113387,31707
2026-02-26,port2299,Gopalpur,India,IND,0,0,0,0
2026-02-26,port290,Dhamra Port,India,IND,1,1,41459,0
2026-02-26,port442,Haldia,India,IND,1,2,78492,0
2026-02-26,port883,Paradip,India,IND,1,3,20323,30268
2026-02-27,port1367,Visakhapatnam,India,IND,0,0,0,0
2026-02-27,port2299,Gopalpur,India,IND,0,0,0,0
2026-02-27,port290,Dhamra Port,India,IND,1,1,50160,0
2026-02-27,port442,Haldia,India,IND,2,2,79105,0
2026-02-27,port883,Paradip,India,IND,4,6,42110,131879
2026-02-28,port1367,Visakhapatnam,India,IND,4,5,86155,89688
2026-02-28,port2299,Gopalpur,India,IND,0,0,0,0
2026-02-28,port290,Dhamra Port,India,IND,3,3,27903,23214
2026-02-28,port442,Haldia,India,IND,2,2,50939,5479
2026-02-28,port883,Paradip,India,IND,5,6,175728,169795
2026-03-01,port1367,Visakhapatnam,India,IND,6,8,180645,158265
2026-03-01,port2299,Gopalpur,India,IND,0,0,0,0
2026-03-01,port290,Dhamra Port,India,IND,1,1,0,0
2026-03-01,port442,Haldia,India,IND,0,2,0,0
2026-03-01,port883,Paradip,India,IND,1,4,78558,0
2026-03-02,port1367,Visakhapatnam,India,IND,4,7,108294,70159
2026-03-02,port2299,Gopalpur,India,IND,0,0,0,0
2026-03-02,port290,Dhamra Port,India,IND,0,0,0,0
2026-03-02,port442,Haldia,India,IND,3,5,90869,3059
2026-03-02,port883,Paradip,India,IND,5,5,214825,30268
2026-03-03,port1367,Visakhapatnam,India,IND,7,8,298321,43753
2026-03-03,port2299,Gopalpur,India,IND,1,1,30516,0
2026-03-03,port290,Dhamra Port,India,IND,1,1,79187,0
2026-03-03,port442,Haldia,India,IND,1,2,0,2008
2026-03-03,port883,Paradip,India,IND,2,2,0,149927
2026-03-04,port1367,Visakhapatnam,India,IND,2,6,113826,0
2026-03-04,port2299,Gopalpur,India,IND,0,0,0,0
2026-03-04,port290,Dhamra Port,India,IND,1,1,18254,30100
2026-03-04,port442,Haldia,India,IND,3,4,65136,2420
2026-03-04,port883,Paradip,India,IND,2,2,40391,58875
2026-03-05,port1367,Visakhapatnam,India,IND,4,6,172534,15736
2026-03-05,port2299,Gopalpur,India,IND,0,0,0,0
2026-03-05,port290,Dhamra Port,India,IND,0,0,0,0
2026-03-05,port442,Haldia,India,IND,2,4,33500,0
2026-03-05,port883,Paradip,India,IND,3,4,20323,115297
2026-03-06,port1367,Visakhapatnam,India,IND,7,9,278532,136106
2026-03-06,port2299,Gopalpur,India,IND,0,0,0,0
2026-03-06,port290,Dhamra Port,India,IND,0,0,0,0
2026-03-06,port442,Haldia,India,IND,1,3,23295,3059
2026-03-06,port883,Paradip,India,IND,1,2,0,71766
2026-03-07,port1367,Visakhapatnam,India,IND,2,3,92927,15736
2026-03-07,port2299,Gopalpur,India,IND,0,0,0,0
2026-03-07,port290,Dhamra Port,India,IND,0,0,0,0
2026-03-07,port442,Haldia,India,IND,3,6,69482,2420
2026-03-07,port883,Paradip,India,IND,4,4,222892,103440
2026-03-08,port1367,Visakhapatnam,India,IND,1,4,34294,15736
2026-03-08,port2299,Gopalpur,India,IND,0,0,0,0
2026-03-08,port290,Dhamra Port,India,IND,0,0,0,0
2026-03-08,port442,Haldia,India,IND,2,6,101994,3059
2026-03-08,port883,Paradip,India,IND,2,2,0,146006
2026-03-09,port1367,Visakhapatnam,India,IND,2,2,39324,78423
2026-03-09,port2299,Gopalpur,India,IND,0,0,0,0
2026-03-09,port290,Dhamra Port,India,IND,1,1,76529,0
2026-03-09,port442,Haldia,India,IND,2,4,0,37741
2026-03-09,port883,Paradip,India,IND,1,1,20323,30268
2026-03-10,port1367,Visakhapatnam,India,IND,6,8,170173,145479
2026-03-10,port2299,Gopalpur,India,IND,0,0,0,0
2026-03-10,port290,Dhamra Port,India,IND,1,1,41491,19184
2026-03-10,port442,Haldia,India,IND,1,4,23295,3059
2026-03-10,port883,Paradip,India,IND,3,5,40646,113059
2026-03-11,port1367,Visakhapatnam,India,IND,1,2,34294,15736
2026-03-11,port2299,Gopalpur,India,IND,0,0,0,0
2026-03-11,port290,Dhamra Port,India,IND,1,1,41491,19184
2026-03-11,port442,Haldia,India,IND,1,2,37860,0
2026-03-11,port883,Paradip,India,IND,1,2,0,0
2026-03-12,port1367,Visakhapatnam,India,IND,6,9,324742,135995
2026-03-12,port2299,Gopalpur,India,IND,0,0,0,0
2026-03-12,port290,Dhamra Port,India,IND,1,1,41491,19184
2026-03-12,port442,Haldia,India,IND,1,2,78378,0
2026-03-12,port883,Paradip,India,IND,5,6,98382,206090
2026-03-13,port1367,Visakhapatnam,India,IND,0,3,0,0
2026-03-13,port2299,Gopalpur,India,IND,0,0,0,0
2026-03-13,port290,Dhamra Port,India,IND,0,0,0,0
2026-03-13,port442,Haldia,India,IND,1,3,23295,3059
2026-03-13,port883,Paradip,India,IND,3,3,40391,83679
2026-03-14,port1367,Visakhapatnam,India,IND,3,5,68588,62583
2026-03-14,port2299,Gopalpur,India,IND,0,0,0,0
2026-03-14,port290,Dhamra Port,India,IND,0,0,0,0
2026-03-14,port442,Haldia,India,IND,2,4,46591,6118
2026-03-14,port883,Paradip,India,IND,3,5,21271,93233
2026-03-15,port1367,Visakhapatnam,India,IND,3,3,245134,0
2026-03-15,port2299,Gopalpur,India,IND,0,0,0,0
2026-03-15,port290,Dhamra Port,India,IND,0,0,0,0
2026-03-15,port442,Haldia,India,IND,1,2,78848,0
2026-03-15,port883,Paradip,India,IND,2,3,59575,73171
2026-03-16,port1367,Visakhapatnam,India,IND,3,4,67494,62917
2026-03-16,port2299,Gopalpur,India,IND,0,0,0,0
2026-03-16,port290,Dhamra Port,India,IND,0,0,0,0
2026-03-16,port442,Haldia,India,IND,0,1,0,0
2026-03-16,port883,Paradip,India,IND,0,0,0,0
2026-03-17,port1367,Visakhapatnam,India,IND,1,3,34294,15736
2026-03-17,port2299,Gopalpur,India,IND,0,0,0,0
2026-03-17,port290,Dhamra Port,India,IND,0,0,0,0
2026-03-17,port442,Haldia,India,IND,2,5,49643,3059
2026-03-17,port883,Paradip,India,IND,6,6,63970,177798
2026-03-18,port1367,Visakhapatnam,India,IND,1,3,0,58633
2026-03-18,port2299,Gopalpur,India,IND,0,0,0,0
2026-03-18,port290,Dhamra Port,India,IND,2,2,204188,19184
2026-03-18,port442,Haldia,India,IND,1,2,78605,0
2026-03-18,port883,Paradip,India,IND,3,3,20323,107013
2026-03-19,port1367,Visakhapatnam,India,IND,1,3,34294,15736
2026-03-19,port2299,Gopalpur,India,IND,0,0,0,0
2026-03-19,port290,Dhamra Port,India,IND,2,2,41491,77226
2026-03-19,port442,Haldia,India,IND,2,2,85769,0
2026-03-19,port883,Paradip,India,IND,0,0,0,0
2026-03-20,port1367,Visakhapatnam,India,IND,4,8,89127,70226
2026-03-20,port2299,Gopalpur,India,IND,1,1,0,30865
2026-03-20,port290,Dhamra Port,India,IND,1,1,41491,19184
2026-03-20,port442,Haldia,India,IND,1,4,34029,0
2026-03-20,port883,Paradip,India,IND,1,1,75379,0
2026-03-21,port1367,Visakhapatnam,India,IND,4,5,72862,94313
2026-03-21,port2299,Gopalpur,India,IND,0,0,0,0
2026-03-21,port290,Dhamra Port,India,IND,1,1,41491,19184
2026-03-21,port442,Haldia,India,IND,3,4,24690,3059
2026-03-21,port883,Paradip,India,IND,4,5,124659,79778
2026-03-22,port1367,Visakhapatnam,India,IND,0,2,0,0
2026-03-22,port2299,Gopalpur,India,IND,0,0,0,0
2026-03-22,port290,Dhamra Port,India,IND,0,0,0,0
2026-03-22,port442,Haldia,India,IND,1,2,23295,3059
2026-03-22,port883,Paradip,India,IND,1,2,9876,0
2026-03-23,port1367,Visakhapatnam,India,IND,3,4,225309,15736
2026-03-23,port2299,Gopalpur,India,IND,0,0,0,0
2026-03-23,port290,Dhamra Port,India,IND,2,2,59745,49285
2026-03-23,port442,Haldia,India,IND,1,1,78614,0
2026-03-23,port883,Paradip,India,IND,1,2,157198,0
2026-03-24,port1367,Visakhapatnam,India,IND,2,3,0,34893
2026-03-24,port2299,Gopalpur,India,IND,0,0,0,0
2026-03-24,port290,Dhamra Port,India,IND,2,2,120651,19184
2026-03-24,port442,Haldia,India,IND,1,2,0,47002
2026-03-24,port883,Paradip,India,IND,3,4,52316,60537
2026-03-25,port1367,Visakhapatnam,India,IND,3,6,68588,33263
2026-03-25,port2299,Gopalpur,India,IND,0,0,0,0
2026-03-25,port290,Dhamra Port,India,IND,0,0,0,0
2026-03-25,port442,Haldia,India,IND,1,3,27644,2420
2026-03-25,port883,Paradip,India,IND,3,4,21791,30268
2026-03-26,port1367,Visakhapatnam,India,IND,8,12,441782,89688
2026-03-26,port2299,Gopalpur,India,IND,0,0,0,0
2026-03-26,port290,Dhamra Port,India,IND,1,1,41491,19184
2026-03-26,port442,Haldia,India,IND,0,5,0,0
2026-03-26,port883,Paradip,India,IND,2,4,30187,6669
2026-03-27,port1367,Visakhapatnam,India,IND,1,4,7247,0
2026-03-27,port2299,Gopalpur,India,IND,0,0,0,0
2026-03-27,port290,Dhamra Port,India,IND,1,1,18254,30100
2026-03-27,port442,Haldia,India,IND,1,4,0,348
2026-03-27,port883,Paradip,India,IND,2,2,20323,30268
2026-03-28,port1367,Visakhapatnam,India,IND,2,4,117334,0
2026-03-28,port2299,Gopalpur,India,IND,0,0,0,0
2026-03-28,port290,Dhamra Port,India,IND,3,3,18254,168726
2026-03-28,port442,Haldia,India,IND,1,1,79510,0
2026-03-28,port883,Paradip,India,IND,6,6,9034,283818
2026-03-29,port1367,Visakhapatnam,India,IND,4,5,136282,23642
2026-03-29,port2299,Gopalpur,India,IND,0,0,0,0
2026-03-29,port290,Dhamra Port,India,IND,1,1,0,55651
2026-03-29,port442,Haldia,India,IND,3,3,50939,15779
2026-03-29,port883,Paradip,India,IND,2,2,20068,45552
2026-03-30,port1367,Visakhapatnam,India,IND,1,4,0,27627
2026-03-30,port2299,Gopalpur,India,IND,0,0,0,0
2026-03-30,port290,Dhamra Port,India,IND,3,3,120090,68982
2026-03-30,port442,Haldia,India,IND,0,3,0,0
2026-03-30,port883,Paradip,India,IND,0,2,0,0
2026-03-31,port1367,Visakhapatnam,India,IND,0,4,0,0
2026-03-31,port2299,Gopalpur,India,IND,0,0,0,0
2026-03-31,port290,Dhamra Port,India,IND,2,2,44835,19184
2026-03-31,port442,Haldia,India,IND,1,1,34383,0
2026-03-31,port883,Paradip,India,IND,2,2,20323,90890
2026-04-01,port1367,Visakhapatnam,India,IND,4,7,147448,111062
2026-04-01,port2299,Gopalpur,India,IND,0,0,0,0
2026-04-01,port290,Dhamra Port,India,IND,2,2,1144,73171
2026-04-01,port442,Haldia,India,IND,1,3,30378,0
2026-04-01,port883,Paradip,India,IND,1,1,690,0
2026-04-02,port1367,Visakhapatnam,India,IND,2,5,34294,33676
2026-04-02,port2299,Gopalpur,India,IND,0,0,0,0
2026-04-02,port290,Dhamra Port,India,IND,1,1,31387,0
2026-04-02,port442,Haldia,India,IND,2,6,35656,0
2026-04-02,port883,Paradip,India,IND,1,1,0,69682
2026-04-03,port1367,Visakhapatnam,India,IND,2,5,78789,13326
2026-04-03,port2299,Gopalpur,India,IND,0,0,0,0
2026-04-03,port290,Dhamra Port,India,IND,0,0,0,0
2026-04-03,port442,Haldia,India,IND,2,4,73434,78466
2026-04-03,port883,Paradip,India,IND,3,4,40646,137836
2026-04-04,port1367,Visakhapatnam,India,IND,5,6,125042,100497
2026-04-04,port2299,Gopalpur,India,IND,0,0,0,0
2026-04-04,port290,Dhamra Port,India,IND,4,4,123390,93136
2026-04-04,port442,Haldia,India,IND,0,3,0,0
2026-04-04,port883,Paradip,India,IND,3,3,0,238740
2026-04-05,port1367,Visakhapatnam,India,IND,0,2,0,0
2026-04-05,port2299,Gopalpur,India,IND,0,0,0,0
2026-04-05,port290,Dhamra Port,India,IND,0,0,0,0
2026-04-05,port442,Haldia,India,IND,1,4,0,5746
2026-04-05,port883,Paradip,India,IND,0,2,0,0
2026-04-06,port1367,Visakhapatnam,India,IND,1,2,0,78859
2026-04-06,port2299,Gopalpur,India,IND,0,0,0,0
2026-04-06,port290,Dhamra Port,India,IND,1,1,41491,19184
2026-04-06,port442,Haldia,India,IND,2,3,50099,3059
2026-04-06,port883,Paradip,India,IND,1,1,0,83890
2026-04-07,port1367,Visakhapatnam,India,IND,1,2,34294,15736
2026-04-07,port2299,Gopalpur,India,IND,0,0,0,0
2026-04-07,port290,Dhamra Port,India,IND,0,0,0,0
2026-04-07,port442,Haldia,India,IND,1,3,23295,3059
2026-04-07,port883,Paradip,India,IND,2,5,79295,0
2026-04-08,port1367,Visakhapatnam,India,IND,1,3,0,78032
2026-04-08,port2299,Gopalpur,India,IND,0,0,0,0
2026-04-08,port290,Dhamra Port,India,IND,0,0,0,0
2026-04-08,port442,Haldia,India,IND,4,6,90930,3059
2026-04-08,port883,Paradip,India,IND,3,3,40646,118900
2026-04-09,port1367,Visakhapatnam,India,IND,0,0,0,0
2026-04-09,port2299,Gopalpur,India,IND,0,0,0,0
2026-04-09,port290,Dhamra Port,India,IND,0,0,0,0
2026-04-09,port442,Haldia,India,IND,0,1,0,0
2026-04-09,port883,Paradip,India,IND,3,4,100746,31174
2026-04-10,port1367,Visakhapatnam,India,IND,2,4,52816,15736
2026-04-10,port2299,Gopalpur,India,IND,0,0,0,0
2026-04-10,port290,Dhamra Port,India,IND,1,1,41491,19184
2026-04-10,port442,Haldia,India,IND,2,3,103082,0
2026-04-10,port883,Paradip,India,IND,4,4,78918,132752
2026-04-11,port1367,Visakhapatnam,India,IND,4,8,258451,0
2026-04-11,port2299,Gopalpur,India,IND,0,0,0,0
2026-04-11,port290,Dhamra Port,India,IND,0,0,0,0
2026-04-11,port442,Haldia,India,IND,0,1,0,0
2026-04-11,port883,Paradip,India,IND,4,4,160853,87919
2026-04-12,port1367,Visakhapatnam,India,IND,4,6,34294,204108
2026-04-12,port2299,Gopalpur,India,IND,0,0,0,0
2026-04-12,port290,Dhamra Port,India,IND,1,1,0,51889
2026-04-12,port442,Haldia,India,IND,1,5,0,21547
2026-04-12,port883,Paradip,India,IND,3,3,20323,176580
2026-04-13,port1367,Visakhapatnam,India,IND,8,10,477543,47603
2026-04-13,port2299,Gopalpur,India,IND,0,0,0,0
2026-04-13,port290,Dhamra Port,India,IND,1,1,41491,19184
2026-04-13,port442,Haldia,India,IND,1,3,0,0
2026-04-13,port883,Paradip,India,IND,2,2,60399,30268
2026-04-14,port1367,Visakhapatnam,India,IND,0,0,0,0
2026-04-14,port2299,Gopalpur,India,IND,0,0,0,0
2026-04-14,port290,Dhamra Port,India,IND,1,1,0,73434
2026-04-14,port442,Haldia,India,IND,1,1,27644,2420
2026-04-14,port883,Paradip,India,IND,1,3,0,77947
2026-04-15,port1367,Visakhapatnam,India,IND,1,2,26955,12132
2026-04-15,port2299,Gopalpur,India,IND,0,0,0,0
2026-04-15,port290,Dhamra Port,India,IND,2,2,69656,50921
2026-04-15,port442,Haldia,India,IND,1,1,79461,0
2026-04-15,port883,Paradip,India,IND,0,1,0,0
2026-04-16,port1367,Visakhapatnam,India,IND,3,4,60969,93768
2026-04-16,port2299,Gopalpur,India,IND,0,0,0,0
2026-04-16,port290,Dhamra Port,India,IND,1,1,41491,19184
2026-04-16,port442,Haldia,India,IND,0,1,0,0
2026-04-16,port883,Paradip,India,IND,2,3,0,44223
2026-04-17,port1367,Visakhapatnam,India,IND,4,5,199619,94575
2026-04-17,port2299,Gopalpur,India,IND,0,0,0,0
2026-04-17,port290,Dhamra Port,India,IND,1,2,41491,19184
2026-04-17,port442,Haldia,India,IND,1,1,0,50059
2026-04-17,port883,Paradip,India,IND,2,3,20323,114159
2026-04-18,port1367,Visakhapatnam,India,IND,3,3,89441,69534
2026-04-18,port2299,Gopalpur,India,IND,0,0,0,0
2026-04-18,port290,Dhamra Port,India,IND,0,0,0,0
2026-04-18,port442,Haldia,India,IND,1,4,23295,3059
2026-04-18,port883,Paradip,India,IND,2,3,107225,0
2026-04-19,port1367,Visakhapatnam,India,IND,5,5,92423,142938
2026-04-19,port2299,Gopalpur,India,IND,1,1,71633,0
2026-04-19,port290,Dhamra Port,India,IND,0,0,0,0
2026-04-19,port442,Haldia,India,IND,0,2,0,0
2026-04-19,port883,Paradip,India,IND,4,4,177627,100635
2026-04-20,port1367,Visakhapatnam,India,IND,5,6,227806,27868
2026-04-20,port2299,Gopalpur,India,IND,0,0,0,0
2026-04-20,port290,Dhamra Port,India,IND,2,2,0,109199
2026-04-20,port442,Haldia,India,IND,0,1,0,0
2026-04-20,port883,Paradip,India,IND,0,0,0,0
2026-04-21,port1367,Visakhapatnam,India,IND,1,3,42156,0
2026-04-21,port2299,Gopalpur,India,IND,0,0,0,0
2026-04-21,port290,Dhamra Port,India,IND,1,1,60947,0
2026-04-21,port442,Haldia,India,IND,1,6,25065,0
2026-04-21,port883,Paradip,India,IND,2,2,25398,30268
2026-04-22,port1367,Visakhapatnam,India,IND,2,6,234616,15736
2026-04-22,port2299,Gopalpur,India,IND,0,0,0,0
2026-04-22,port290,Dhamra Port,India,IND,1,1,2420,0
2026-04-22,port442,Haldia,India,IND,2,3,89660,3059
2026-04-22,port883,Paradip,India,IND,5,6,1356,263934
2026-04-23,port1367,Visakhapatnam,India,IND,6,9,235359,88888
2026-04-23,port2299,Gopalpur,India,IND,0,0,0,0
2026-04-23,port290,Dhamra Port,India,IND,2,2,0,77824
2026-04-23,port442,Haldia,India,IND,0,0,0,0
2026-04-23,port883,Paradip,India,IND,3,4,132490,30268
2026-04-24,port1367,Visakhapatnam,India,IND,2,3,46489,9688
2026-04-24,port2299,Gopalpur,India,IND,0,0,0,0
2026-04-24,port290,Dhamra Port,India,IND,0,0,0,0
2026-04-24,port442,Haldia,India,IND,1,2,37132,0
2026-04-24,port883,Paradip,India,IND,5,6,25942,263475
2026-04-25,port1367,Visakhapatnam,India,IND,6,10,287109,0
2026-04-25,port2299,Gopalpur,India,IND,0,0,0,0
2026-04-25,port290,Dhamra Port,India,IND,0,0,0,0
2026-04-25,port442,Haldia,India,IND,0,1,0,0
2026-04-25,port883,Paradip,India,IND,3,4,121323,79573
2026-04-26,port1367,Visakhapatnam,India,IND,3,5,130267,69844
2026-04-26,port2299,Gopalpur,India,IND,0,0,0,0
2026-04-26,port290,Dhamra Port,India,IND,1,1,162201,0
2026-04-26,port442,Haldia,India,IND,1,3,2207,0
2026-04-26,port883,Paradip,India,IND,0,0,0,0
2026-04-27,port1367,Visakhapatnam,India,IND,6,11,172068,33744
2026-04-27,port2299,Gopalpur,India,IND,0,0,0,0
2026-04-27,port290,Dhamra Port,India,IND,4,4,237430,149665
2026-04-27,port442,Haldia,India,IND,3,14,0,0
2026-04-27,port883,Paradip,India,IND,12,16,210146,549664
2026-04-28,port1367,Visakhapatnam,India,IND,4,7,113766,69242
2026-04-28,port2299,Gopalpur,India,IND,0,0,0,0
2026-04-28,port290,Dhamra Port,India,IND,0,0,0,0
2026-04-28,port442,Haldia,India,IND,2,5,26253,0
2026-04-28,port883,Paradip,India,IND,3,3,78802,92270
2026-04-29,port1367,Visakhapatnam,India,IND,3,8,80773,139980
2026-04-29,port2299,Gopalpur,India,IND,0,0,0,0
2026-04-29,port290,Dhamra Port,India,IND,1,1,0,72158
2026-04-29,port442,Haldia,India,IND,1,7,39445,0
2026-04-29,port883,Paradip,India,IND,5,5,97183,102219
2026-04-30,port1367,Visakhapatnam,India,IND,2,2,26425,54304
2026-04-30,port2299,Gopalpur,India,IND,0,0,0,0
2026-04-30,port290,Dhamra Port,India,IND,1,1,0,82277
2026-04-30,port442,Haldia,India,IND,0,2,0,0
2026-04-30,port883,Paradip,India,IND,3,4,157312,124087
2026-05-01,port1367,Visakhapatnam,India,IND,5,8,138111,182118
2026-05-01,port2299,Gopalpur,India,IND,0,0,0,0
2026-05-01,port290,Dhamra Port,India,IND,3,3,82981,99035
2026-05-01,port442,Haldia,India,IND,2,5,0,0
2026-05-01,port883,Paradip,India,IND,4,5,0,239590
2026-05-02,port1367,Visakhapatnam,India,IND,3,6,48950,79401
2026-05-02,port2299,Gopalpur,India,IND,0,0,0,0
2026-05-02,port290,Dhamra Port,India,IND,2,2,82983,38369
2026-05-02,port442,Haldia,India,IND,3,8,67978,0
2026-05-02,port883,Paradip,India,IND,4,5,95214,139517
2026-05-03,port1367,Visakhapatnam,India,IND,6,7,116497,118110
2026-05-03,port2299,Gopalpur,India,IND,0,0,0,0
2026-05-03,port290,Dhamra Port,India,IND,1,1,41491,19184
2026-05-03,port442,Haldia,India,IND,0,7,0,0
2026-05-03,port883,Paradip,India,IND,3,3,79199,146745
2026-05-04,port1367,Visakhapatnam,India,IND,3,10,95250,54784
2026-05-04,port2299,Gopalpur,India,IND,0,0,0,0
2026-05-04,port290,Dhamra Port,India,IND,0,0,0,0
2026-05-04,port442,Haldia,India,IND,0,3,0,0
2026-05-04,port883,Paradip,India,IND,5,8,127930,149019
2026-05-05,port1367,Visakhapatnam,India,IND,3,6,189936,0
2026-05-05,port2299,Gopalpur,India,IND,0,0,0,0
2026-05-05,port290,Dhamra Port,India,IND,2,2,73182,51266
2026-05-05,port442,Haldia,India,IND,2,5,54279,2420
2026-05-05,port883,Paradip,India,IND,6,6,140095,165658
2026-05-06,port1367,Visakhapatnam,India,IND,2,7,72132,77341
2026-05-06,port2299,Gopalpur,India,IND,0,0,0,0
2026-05-06,port290,Dhamra Port,India,IND,0,0,0,0
2026-05-06,port442,Haldia,India,IND,0,3,0,0
2026-05-06,port883,Paradip,India,IND,3,4,0,103416
2026-05-07,port1367,Visakhapatnam,India,IND,1,4,26955,12132
2026-05-07,port2299,Gopalpur,India,IND,0,0,0,0
2026-05-07,port290,Dhamra Port,India,IND,0,0,0,0
2026-05-07,port442,Haldia,India,IND,3,6,37887,0
2026-05-07,port883,Paradip,India,IND,7,8,110887,318415
2026-05-08,port1367,Visakhapatnam,India,IND,5,5,246581,12132
2026-05-08,port2299,Gopalpur,India,IND,0,0,0,0
2026-05-08,port290,Dhamra Port,India,IND,1,1,79443,0
2026-05-08,port442,Haldia,India,IND,1,6,0,0
2026-05-08,port883,Paradip,India,IND,5,6,114607,205801
2026-05-09,port1367,Visakhapatnam,India,IND,6,13,185406,103754
2026-05-09,port2299,Gopalpur,India,IND,0,0,0,0
2026-05-09,port290,Dhamra Port,India,IND,1,1,0,58681
2026-05-09,port442,Haldia,India,IND,0,5,0,0
2026-05-09,port883,Paradip,India,IND,4,5,71660,200254
2026-05-10,port1367,Visakhapatnam,India,IND,3,5,126169,78850
2026-05-10,port2299,Gopalpur,India,IND,0,0,0,0
2026-05-10,port290,Dhamra Port,India,IND,1,1,166705,0
2026-05-10,port442,Haldia,India,IND,1,6,0,0
2026-05-10,port883,Paradip,India,IND,9,12,159109,450025
2026-05-11,port1367,Visakhapatnam,India,IND,5,8,216194,0
2026-05-11,port2299,Gopalpur,India,IND,0,0,0,0
2026-05-11,port290,Dhamra Port,India,IND,1,1,41834,0
2026-05-11,port442,Haldia,India,IND,1,5,0,0
2026-05-11,port883,Paradip,India,IND,1,2,0,69682
2026-05-12,port1367,Visakhapatnam,India,IND,8,8,338938,104861
2026-05-12,port2299,Gopalpur,India,IND,0,0,0,0
2026-05-12,port290,Dhamra Port,India,IND,2,2,2074,73171
2026-05-12,port442,Haldia,India,IND,2,4,0,0
2026-05-12,port883,Paradip,India,IND,4,5,99207,164594
2026-05-13,port1367,Visakhapatnam,India,IND,2,7,42990,15736
2026-05-13,port2299,Gopalpur,India,IND,0,0,0,0
2026-05-13,port290,Dhamra Port,India,IND,3,3,206937,19184
2026-05-13,port442,Haldia,India,IND,4,7,63457,0
2026-05-13,port883,Paradip,India,IND,4,4,78614,145072
2026-05-14,port1367,Visakhapatnam,India,IND,3,7,174739,55243
2026-05-14,port2299,Gopalpur,India,IND,0,0,0,0
2026-05-14,port290,Dhamra Port,India,IND,0,0,0,0
2026-05-14,port442,Haldia,India,IND,3,6,33852,2420
2026-05-14,port883,Paradip,India,IND,3,7,76537,79087
2026-05-15,port1367,Visakhapatnam,India,IND,5,5,146802,92636
2026-05-15,port2299,Gopalpur,India,IND,0,0,0,0
2026-05-15,port290,Dhamra Port,India,IND,3,3,37011,73858
2026-05-15,port442,Haldia,India,IND,0,4,0,0
2026-05-15,port883,Paradip,India,IND,6,6,69084,214446
2026-05-16,port1367,Visakhapatnam,India,IND,4,7,144227,114369
2026-05-16,port2299,Gopalpur,India,IND,0,0,0,0
2026-05-16,port290,Dhamra Port,India,IND,1,1,41678,0
2026-05-16,port442,Haldia,India,IND,2,8,43321,0
2026-05-16,port883,Paradip,India,IND,6,6,129701,159618
2026-05-17,port1367,Visakhapatnam,India,IND,4,7,111430,71035
2026-05-17,port2299,Gopalpur,India,IND,0,0,0,0
2026-05-17,port290,Dhamra Port,India,IND,2,2,47958,57127
2026-05-17,port442,Haldia,India,IND,3,7,60095,3059
2026-05-17,port883,Paradip,India,IND,8,8,188496,199631
2026-05-18,port1367,Visakhapatnam,India,IND,3,7,16072,132943
2026-05-18,port2299,Gopalpur,India,IND,0,0,0,0
2026-05-18,port290,Dhamra Port,India,IND,3,3,0,94678
2026-05-18,port442,Haldia,India,IND,3,8,67210,0
2026-05-18,port883,Paradip,India,IND,6,6,152519,135770
2026-05-19,port1367,Visakhapatnam,India,IND,4,9,120986,3455
2026-05-19,port2299,Gopalpur,India,IND,0,0,0,0
2026-05-19,port290,Dhamra Port,India,IND,0,0,0,0
2026-05-19,port442,Haldia,India,IND,1,4,22615,0
2026-05-19,port883,Paradip,India,IND,3,4,50059,80678
2026-05-20,port1367,Visakhapatnam,India,IND,6,10,358882,90086
2026-05-20,port2299,Gopalpur,India,IND,0,0,0,0
2026-05-20,port290,Dhamra Port,India,IND,1,1,0,60819
2026-05-20,port442,Haldia,India,IND,4,6,60330,3059
2026-05-20,port883,Paradip,India,IND,5,7,153818,215746
2026-05-21,port1367,Visakhapatnam,India,IND,4,6,104035,91664
2026-05-21,port2299,Gopalpur,India,IND,0,0,0,0
2026-05-21,port290,Dhamra Port,India,IND,3,3,156091,95422
2026-05-21,port442,Haldia,India,IND,2,4,6309,0
2026-05-21,port883,Paradip,India,IND,4,4,79187,206425
2026-05-22,port1367,Visakhapatnam,India,IND,2,7,61636,15736
2026-05-22,port2299,Gopalpur,India,IND,0,0,0,0
2026-05-22,port290,Dhamra Port,India,IND,2,2,41491,77078
2026-05-22,port442,Haldia,India,IND,4,7,68907,0
2026-05-22,port883,Paradip,India,IND,1,2,0,79588
2026-05-23,port1367,Visakhapatnam,India,IND,1,4,0,53075
2026-05-23,port2299,Gopalpur,India,IND,0,0,0,0
2026-05-23,port290,Dhamra Port,India,IND,2,2,182404,0
2026-05-23,port442,Haldia,India,IND,2,8,0,0
2026-05-23,port883,Paradip,India,IND,6,7,241691,62500
2026-05-24,port1367,Visakhapatnam,India,IND,5,8,235564,77341
2026-05-24,port2299,Gopalpur,India,IND,1,1,49017,0
2026-05-24,port290,Dhamra Port,India,IND,2,2,0,133760
2026-05-24,port442,Haldia,India,IND,4,6,78499,40085
2026-05-24,port883,Paradip,India,IND,5,6,16401,236664
2026-05-25,port1367,Visakhapatnam,India,IND,4,5,196411,103482
2026-05-25,port2299,Gopalpur,India,IND,0,0,0,0
2026-05-25,port290,Dhamra Port,India,IND,0,0,0,0
2026-05-25,port442,Haldia,India,IND,1,6,3413,0
2026-05-25,port883,Paradip,India,IND,6,9,81230,263636
2026-05-26,port1367,Visakhapatnam,India,IND,3,7,197066,75328
2026-05-26,port2299,Gopalpur,India,IND,0,0,0,0
2026-05-26,port290,Dhamra Port,India,IND,2,2,30160,61344
2026-05-26,port442,Haldia,India,IND,3,5,6178,0
2026-05-26,port883,Paradip,India,IND,5,6,117766,198770
2026-05-27,port1367,Visakhapatnam,India,IND,6,9,198864,92929
2026-05-27,port2299,Gopalpur,India,IND,0,0,0,0
2026-05-27,port290,Dhamra Port,India,IND,0,0,0,0
2026-05-27,port442,Haldia,India,IND,1,7,25551,0
2026-05-27,port883,Paradip,India,IND,2,4,25387,5454
2026-05-28,port1367,Visakhapatnam,India,IND,2,6,0,86906
2026-05-28,port2299,Gopalpur,India,IND,0,0,0,0
2026-05-28,port290,Dhamra Port,India,IND,3,3,49872,28600
2026-05-28,port442,Haldia,India,IND,1,3,1133,0
2026-05-28,port883,Paradip,India,IND,7,7,195933,263642
2026-05-29,port1367,Visakhapatnam,India,IND,2,7,56669,0
2026-05-29,port2299,Gopalpur,India,IND,1,1,0,0
2026-05-29,port290,Dhamra Port,India,IND,1,1,0,72707
2026-05-29,port442,Haldia,India,IND,3,6,0,27283
2026-05-29,port883,Paradip,India,IND,4,5,100557,109190
2026-05-30,port1367,Visakhapatnam,India,IND,7,11,207622,112827
2026-05-30,port2299,Gopalpur,India,IND,0,0,0,0
2026-05-30,port290,Dhamra Port,India,IND,0,0,0,0
2026-05-30,port442,Haldia,India,IND,0,5,0,0
2026-05-30,port883,Paradip,India,IND,5,6,0,311483
2026-05-31,port1367,Visakhapatnam,India,IND,3,7,257429,15736
2026-05-31,port2299,Gopalpur,India,IND,0,0,0,0
2026-05-31,port290,Dhamra Port,India,IND,4,4,134879,80092
2026-05-31,port442,Haldia,India,IND,3,5,58912,0
2026-05-31,port883,Paradip,India,IND,6,6,220402,30268
2026-06-01,port1367,Visakhapatnam,India,IND,3,7,7884,122339
2026-06-01,port2299,Gopalpur,India,IND,1,1,22395,22579
2026-06-01,port290,Dhamra Port,India,IND,1,1,79237,0
2026-06-01,port442,Haldia,India,IND,3,7,67468,0
2026-06-01,port883,Paradip,India,IND,4,5,0,283749
2026-06-02,port1367,Visakhapatnam,India,IND,5,9,192902,37850
2026-06-02,port2299,Gopalpur,India,IND,0,0,0,0
2026-06-02,port290,Dhamra Port,India,IND,1,1,162219,0
2026-06-02,port442,Haldia,India,IND,2,6,38040,0
2026-06-02,port883,Paradip,India,IND,1,2,0,73171
2026-06-03,port1367,Visakhapatnam,India,IND,9,12,290584,158113
2026-06-03,port2299,Gopalpur,India,IND,0,0,0,0
2026-06-03,port290,Dhamra Port,India,IND,0,0,0,0
2026-06-03,port442,Haldia,India,IND,3,6,32177,0
2026-06-03,port883,Paradip,India,IND,4,5,188832,125346
2026-06-04,port1367,Visakhapatnam,India,IND,5,9,86002,77987
2026-06-04,port2299,Gopalpur,India,IND,1,1,78763,0
2026-06-04,port290,Dhamra Port,India,IND,0,0,0,0
2026-06-04,port442,Haldia,India,IND,4,7,60626,1264
2026-06-04,port883,Paradip,India,IND,1,2,0,73951
2026-06-05,port1367,Visakhapatnam,India,IND,5,10,145249,82285
2026-06-05,port2299,Gopalpur,India,IND,0,0,0,0
2026-06-05,port290,Dhamra Port,India,IND,2,2,145714,0
2026-06-05,port442,Haldia,India,IND,1,4,0,0
2026-06-05,port883,Paradip,India,IND,5,5,0,277807
2026-06-06,port1367,Visakhapatnam,India,IND,2,7,107159,15736
2026-06-06,port2299,Gopalpur,India,IND,0,0,0,0
2026-06-06,port290,Dhamra Port,India,IND,2,2,160830,61146
2026-06-06,port442,Haldia,India,IND,1,3,32245,0
2026-06-06,port883,Paradip,India,IND,5,7,45951,110291
2026-06-07,port1367,Visakhapatnam,India,IND,1,5,0,0
2026-06-07,port2299,Gopalpur,India,IND,0,0,0,0
2026-06-07,port290,Dhamra Port,India,IND,1,1,88753,0
2026-06-07,port442,Haldia,India,IND,2,6,19467,0
2026-06-07,port883,Paradip,India,IND,8,10,87063,308079
2026-06-08,port1367,Visakhapatnam,India,IND,6,9,132248,46316
2026-06-08,port2299,Gopalpur,India,IND,0,0,0,0
2026-06-08,port290,Dhamra Port,India,IND,2,2,156527,0
2026-06-08,port442,Haldia,India,IND,3,7,53933,0
2026-06-08,port883,Paradip,India,IND,2,4,0,127272
2026-06-09,port1367,Visakhapatnam,India,IND,6,14,264048,15736
2026-06-09,port2299,Gopalpur,India,IND,0,0,0,0
2026-06-09,port290,Dhamra Port,India,IND,1,1,22883,0
2026-06-09,port442,Haldia,India,IND,2,4,62360,0
2026-06-09,port883,Paradip,India,IND,5,6,0,287548
2026-06-10,port1367,Visakhapatnam,India,IND,3,10,82117,60805
2026-06-10,port2299,Gopalpur,India,IND,0,0,0,0
2026-06-10,port290,Dhamra Port,India,IND,0,0,0,0
2026-06-10,port442,Haldia,India,IND,1,5,39003,0
2026-06-10,port883,Paradip,India,IND,7,9,61454,316020
2026-06-11,port1367,Visakhapatnam,India,IND,4,9,178190,95120
2026-06-11,port2299,Gopalpur,India,IND,0,0,0,0
2026-06-11,port290,Dhamra Port,India,IND,3,3,41491,58118
2026-06-11,port442,Haldia,India,IND,1,3,30702,0
2026-06-11,port883,Paradip,India,IND,2,4,79447,73171
2026-06-12,port1367,Visakhapatnam,India,IND,7,8,278200,105593
2026-06-12,port2299,Gopalpur,India,IND,0,0,0,0
2026-06-12,port290,Dhamra Port,India,IND,1,1,39281,0
2026-06-12,port442,Haldia,India,IND,3,8,66536,0
2026-06-12,port883,Paradip,India,IND,8,10,183664,341089
2026-06-13,port1367,Visakhapatnam,India,IND,4,9,233157,0
2026-06-13,port2299,Gopalpur,India,IND,0,0,0,0
2026-06-13,port290,Dhamra Port,India,IND,0,0,0,0
2026-06-13,port442,Haldia,India,IND,1,6,0,0
2026-06-13,port883,Paradip,India,IND,2,3,98464,32131
2026-06-14,port1367,Visakhapatnam,India,IND,4,9,73201,14956
2026-06-14,port2299,Gopalpur,India,IND,0,0,0,0
2026-06-14,port290,Dhamra Port,India,IND,1,1,54470,0
2026-06-14,port442,Haldia,India,IND,3,7,73361,0
2026-06-14,port883,Paradip,India,IND,2,3,102530,78869
2026-06-15,port1367,Visakhapatnam,India,IND,4,6,176343,33008
2026-06-15,port2299,Gopalpur,India,IND,0,0,0,0
2026-06-15,port290,Dhamra Port,India,IND,2,2,102215,19184
2026-06-15,port442,Haldia,India,IND,2,4,0,0
2026-06-15,port883,Paradip,India,IND,3,3,20323,175925
2026-06-16,port1367,Visakhapatnam,India,IND,5,10,164009,54489
2026-06-16,port2299,Gopalpur,India,IND,0,0,0,0
2026-06-16,port290,Dhamra Port,India,IND,2,2,0,126340
2026-06-16,port442,Haldia,India,IND,1,5,31700,0
2026-06-16,port883,Paradip,India,IND,6,7,259463,207506
2026-06-17,port1367,Visakhapatnam,India,IND,7,12,212777,83098
2026-06-17,port2299,Gopalpur,India,IND,1,1,22395,22579
2026-06-17,port290,Dhamra Port,India,IND,2,2,268584,0
2026-06-17,port442,Haldia,India,IND,0,4,0,0
2026-06-17,port883,Paradip,India,IND,5,6,77717,328282
2026-06-18,port1367,Visakhapatnam,India,IND,3,7,83856,54370
2026-06-18,port2299,Gopalpur,India,IND,0,0,0,0
2026-06-18,port290,Dhamra Port,India,IND,1,1,0,54265
2026-06-18,port442,Haldia,India,IND,0,5,0,0
2026-06-18,port883,Paradip,India,IND,2,2,0,139467
2026-06-19,port1367,Visakhapatnam,India,IND,4,8,191657,0
2026-06-19,port2299,Gopalpur,India,IND,1,1,682,0
2026-06-19,port290,Dhamra Port,India,IND,2,2,80212,73171
2026-06-19,port442,Haldia,India,IND,0,8,0,0
2026-06-19,port883,Paradip,India,IND,7,8,136715,287009
2026-06-20,port1367,Visakhapatnam,India,IND,3,6,61777,132910
2026-06-20,port2299,Gopalpur,India,IND,0,0,0,0
2026-06-20,port290,Dhamra Port,India,IND,0,0,0,0
2026-06-20,port442,Haldia,India,IND,3,5,0,0
2026-06-20,port883,Paradip,India,IND,6,7,4079,291346
2026-06-21,port1367,Visakhapatnam,India,IND,4,9,60761,124175
2026-06-21,port2299,Gopalpur,India,IND,0,0,0,0
2026-06-21,port290,Dhamra Port,India,IND,1,1,0,585
2026-06-21,port442,Haldia,India,IND,0,4,0,0
2026-06-21,port883,Paradip,India,IND,2,3,42033,52693
2026-06-22,port1367,Visakhapatnam,India,IND,8,12,281113,76370
2026-06-22,port2299,Gopalpur,India,IND,0,0,0,0
2026-06-22,port290,Dhamra Port,India,IND,2,2,70688,85176
2026-06-22,port442,Haldia,India,IND,3,8,67254,0
2026-06-22,port883,Paradip,India,IND,5,8,199972,103408
2026-06-23,port1367,Visakhapatnam,India,IND,5,7,24379,111897
2026-06-23,port2299,Gopalpur,India,IND,0,0,0,0
2026-06-23,port290,Dhamra Port,India,IND,1,1,78975,0
2026-06-23,port442,Haldia,India,IND,3,6,36600,0
2026-06-23,port883,Paradip,India,IND,3,3,25908,134536
2026-06-24,port1367,Visakhapatnam,India,IND,3,7,229793,46042
2026-06-24,port2299,Gopalpur,India,IND,1,1,88229,0
2026-06-24,port290,Dhamra Port,India,IND,4,4,89513,119129
2026-06-24,port442,Haldia,India,IND,2,4,34381,0
2026-06-24,port883,Paradip,India,IND,6,8,78427,254675
2026-06-25,port1367,Visakhapatnam,India,IND,2,6,56003,103635
2026-06-25,port2299,Gopalpur,India,IND,0,0,0,0
2026-06-25,port290,Dhamra Port,India,IND,0,0,0,0
2026-06-25,port442,Haldia,India,IND,3,6,69867,0
2026-06-25,port883,Paradip,India,IND,4,5,88378,132140
2026-06-26,port1367,Visakhapatnam,India,IND,6,11,319614,76615
2026-06-26,port2299,Gopalpur,India,IND,1,1,0,75277
2026-06-26,port290,Dhamra Port,India,IND,1,1,38019,0
2026-06-26,port442,Haldia,India,IND,0,3,0,0
2026-06-26,port883,Paradip,India,IND,6,8,158732,138870
2026-06-27,port1367,Visakhapatnam,India,IND,6,10,76737,62874
2026-06-27,port2299,Gopalpur,India,IND,0,0,0,0
2026-06-27,port290,Dhamra Port,India,IND,0,0,0,0
2026-06-27,port442,Haldia,India,IND,2,5,4805,0
2026-06-27,port883,Paradip,India,IND,5,5,153693,179821
2026-06-28,port1367,Visakhapatnam,India,IND,1,6,50634,0
2026-06-28,port2299,Gopalpur,India,IND,0,0,0,0
2026-06-28,port290,Dhamra Port,India,IND,3,3,166598,53037
2026-06-28,port442,Haldia,India,IND,3,8,65854,0
2026-06-28,port883,Paradip,India,IND,7,8,186725,210876
2026-06-29,port1367,Visakhapatnam,India,IND,6,10,285243,12132
2026-06-29,port2299,Gopalpur,India,IND,0,0,0,0
2026-06-29,port290,Dhamra Port,India,IND,1,1,0,60841
2026-06-29,port442,Haldia,India,IND,0,4,0,0
2026-06-29,port883,Paradip,India,IND,3,4,0,251811
2026-06-30,port1367,Visakhapatnam,India,IND,5,9,89425,146458
2026-06-30,port2299,Gopalpur,India,IND,0,0,0,0
2026-06-30,port290,Dhamra Port,India,IND,1,1,0,61734
2026-06-30,port442,Haldia,India,IND,1,8,44572,0
2026-06-30,port883,Paradip,India,IND,5,6,2998,166633
2026-07-01,port1367,Visakhapatnam,India,IND,2,6,34294,22098
2026-07-01,port2299,Gopalpur,India,IND,0,0,0,0
2026-07-01,port290,Dhamra Port,India,IND,0,0,0,0
2026-07-01,port442,Haldia,India,IND,2,4,51870,3059
2026-07-01,port883,Paradip,India,IND,4,6,142724,78134
2026-07-02,port1367,Visakhapatnam,India,IND,4,6,91318,81707
2026-07-02,port2299,Gopalpur,India,IND,0,0,0,0
2026-07-02,port290,Dhamra Port,India,IND,3,3,78437,89654
2026-07-02,port442,Haldia,India,IND,2,6,30429,0
2026-07-02,port883,Paradip,India,IND,4,4,128910,132381
2026-07-03,port1367,Visakhapatnam,India,IND,3,8,61677,87595
2026-07-03,port2299,Gopalpur,India,IND,0,0,0,0
2026-07-03,port290,Dhamra Port,India,IND,2,2,78860,55388
2026-07-03,port442,Haldia,India,IND,2,7,38810,0
2026-07-03,port883,Paradip,India,IND,6,8,81470,278325
2026-07-04,port1367,Visakhapatnam,India,IND,1,4,60729,0
2026-07-04,port2299,Gopalpur,India,IND,0,0,0,0
2026-07-04,port290,Dhamra Port,India,IND,0,0,0,0
2026-07-04,port442,Haldia,India,IND,1,6,0,0
2026-07-04,port883,Paradip,India,IND,4,6,132824,60537
2026-07-05,port1367,Visakhapatnam,India,IND,4,7,279627,15736
2026-07-05,port2299,Gopalpur,India,IND,0,0,0,0
2026-07-05,port290,Dhamra Port,India,IND,0,0,0,0
2026-07-05,port442,Haldia,India,IND,2,6,0,0
2026-07-05,port883,Paradip,India,IND,0,0,0,0
2026-07-06,port1367,Visakhapatnam,India,IND,2,6,38775,72908
2026-07-06,port2299,Gopalpur,India,IND,0,0,0,0
2026-07-06,port290,Dhamra Port,India,IND,2,2,119533,19184
2026-07-06,port442,Haldia,India,IND,1,4,30474,0
2026-07-06,port883,Paradip,India,IND,0,0,0,0
2026-07-07,port1367,Visakhapatnam,India,IND,4,7,129638,111096
2026-07-07,port2299,Gopalpur,India,IND,1,1,52371,0
2026-07-07,port290,Dhamra Port,India,IND,0,0,0,0
2026-07-07,port442,Haldia,India,IND,1,3,0,0
2026-07-07,port883,Paradip,India,IND,10,12,203908,357114
2026-07-08,port1367,Visakhapatnam,India,IND,3,5,76310,89824
2026-07-08,port2299,Gopalpur,India,IND,0,0,0,0
2026-07-08,port290,Dhamra Port,India,IND,0,0,0,0
2026-07-08,port442,Haldia,India,IND,2,4,79294,450
2026-07-08,port883,Paradip,India,IND,7,8,120900,270731
2026-07-09,port1367,Visakhapatnam,India,IND,6,9,434704,0
2026-07-09,port2299,Gopalpur,India,IND,0,0,0,0
2026-07-09,port290,Dhamra Port,India,IND,1,1,0,70810
2026-07-09,port442,Haldia,India,IND,2,4,40597,0
2026-07-09,port883,Paradip,India,IND,3,6,0,181175
2026-07-10,port1367,Visakhapatnam,India,IND,6,7,160966,34038
2026-07-10,port2299,Gopalpur,India,IND,0,0,0,0
2026-07-10,port290,Dhamra Port,India,IND,0,0,0,0
2026-07-10,port442,Haldia,India,IND,1,1,41172,0
2026-07-10,port883,Paradip,India,IND,9,9,189415,267426
2026-07-11,port1367,Visakhapatnam,India,IND,5,7,359468,78601
2026-07-11,port2299,Gopalpur,India,IND,0,0,0,0
2026-07-11,port290,Dhamra Port,India,IND,0,0,0,0
2026-07-11,port442,Haldia,India,IND,1,6,37125,0
2026-07-11,port883,Paradip,India,IND,7,9,178398,367173
2026-07-12,port1367,Visakhapatnam,India,IND,3,3,65138,15736
2026-07-12,port2299,Gopalpur,India,IND,0,0,0,0
2026-07-12,port290,Dhamra Port,India,IND,2,2,117830,0
2026-07-12,port442,Haldia,India,IND,1,4,0,0
2026-07-12,port883,Paradip,India,IND,3,3,0,169307
2026-07-13,port1367,Visakhapatnam,India,IND,2,5,61816,22228
2026-07-13,port2299,Gopalpur,India,IND,0,0,0,0
2026-07-13,port290,Dhamra Port,India,IND,0,0,0,0
2026-07-13,port442,Haldia,India,IND,3,5,30381,0
2026-07-13,port883,Paradip,India,IND,6,7,134679,102655
2026-07-14,port1367,Visakhapatnam,India,IND,6,9,106640,195971
2026-07-14,port2299,Gopalpur,India,IND,1,1,78671,0
2026-07-14,port290,Dhamra Port,India,IND,1,1,42154,0
2026-07-14,port442,Haldia,India,IND,3,4,6896,0
2026-07-14,port883,Paradip,India,IND,1,3,0,60070
2026-07-15,port1367,Visakhapatnam,India,IND,6,7,216946,75951
2026-07-15,port2299,Gopalpur,India,IND,0,0,0,0
2026-07-15,port290,Dhamra Port,India,IND,3,3,87907,91615
2026-07-15,port442,Haldia,India,IND,2,5,45287,0
2026-07-15,port883,Paradip,India,IND,3,3,78898,127202
2026-07-16,port1367,Visakhapatnam,India,IND,3,6,56951,58741
2026-07-16,port2299,Gopalpur,India,IND,0,0,0,0
2026-07-16,port290,Dhamra Port,India,IND,2,2,181599,0
2026-07-16,port442,Haldia,India,IND,3,7,103528,0
2026-07-16,port883,Paradip,India,IND,6,7,179435,163904
2026-07-17,port1367,Visakhapatnam,India,IND,3,6,34294,102250
2026-07-17,port2299,Gopalpur,India,IND,0,0,0,0
2026-07-17,port290,Dhamra Port,India,IND,1,1,0,0
2026-07-17,port442,Haldia,India,IND,3,4,34727,0
2026-07-17,port883,Paradip,India,IND,4,6,75657,149877
2026-07-18,port1367,Visakhapatnam,India,IND,5,8,256337,74402
2026-07-18,port2299,Gopalpur,India,IND,0,0,0,0
2026-07-18,port290,Dhamra Port,India,IND,3,3,27706,132229
2026-07-18,port442,Haldia,India,IND,1,5,23295,3059
2026-07-18,port883,Paradip,India,IND,6,7,141329,232584
2026-07-19,port1367,Visakhapatnam,India,IND,5,8,221637,0
2026-07-19,port2299,Gopalpur,India,IND,0,0,0,0
2026-07-19,port290,Dhamra Port,India,IND,3,3,226396,0
2026-07-19,port442,Haldia,India,IND,3,6,29202,0
2026-07-19,port883,Paradip,India,IND,5,8,85541,224828
2026-07-20,port1367,Visakhapatnam,India,IND,3,8,129204,32714
2026-07-20,port2299,Gopalpur,India,IND,0,0,0,0
2026-07-20,port290,Dhamra Port,India,IND,2,2,42509,73171
2026-07-20,port442,Haldia,India,IND,2,6,43166,0
2026-07-20,port883,Paradip,India,IND,8,8,133006,346806
2026-07-21,port1367,Visakhapatnam,India,IND,5,8,187339,91180
2026-07-21,port2299,Gopalpur,India,IND,0,0,0,0
2026-07-21,port290,Dhamra Port,India,IND,0,0,0,0
2026-07-21,port442,Haldia,India,IND,4,7,62341,0
2026-07-21,port883,Paradip,India,IND,2,3,78817,61912
2026-07-22,port1367,Visakhapatnam,India,IND,5,8,83018,155222
2026-07-22,port2299,Gopalpur,India,IND,0,0,0,0
2026-07-22,port290,Dhamra Port,India,IND,3,3,41491,126324
2026-07-22,port442,Haldia,India,IND,3,7,35037,0
2026-07-22,port883,Paradip,India,IND,6,7,128464,101886
2026-07-23,port1367,Visakhapatnam,India,IND,4,8,271612,20742
2026-07-23,port2299,Gopalpur,India,IND,0,0,0,0
2026-07-23,port290,Dhamra Port,India,IND,0,0,0,0
2026-07-23,port442,Haldia,India,IND,0,6,0,0
2026-07-23,port883,Paradip,India,IND,3,3,0,193514
2026-07-24,port1367,Visakhapatnam,India,IND,6,9,69612,124673
2026-07-24,port2299,Gopalpur,India,IND,1,1,0,76550
2026-07-24,port290,Dhamra Port,India,IND,2,2,156766,0
2026-07-24,port442,Haldia,India,IND,2,3,33560,0
2026-07-24,port883,Paradip,India,IND,3,5,94319,57929
2026-07-25,port1367,Visakhapatnam,India,IND,3,7,118314,15736
2026-07-25,port2299,Gopalpur,India,IND,0,0,0,0
2026-07-25,port290,Dhamra Port,India,IND,2,2,84282,0
2026-07-25,port442,Haldia,India,IND,2,6,25344,0
2026-07-25,port883,Paradip,India,IND,8,8,103444,338222
2026-07-26,port1367,Visakhapatnam,India,IND,1,4,0,58708
2026-07-26,port2299,Gopalpur,India,IND,0,0,0,0
2026-07-26,port290,Dhamra Port,India,IND,0,0,0,0
2026-07-26,port442,Haldia,India,IND,1,4,39725,0
2026-07-26,port883,Paradip,India,IND,4,7,37510,90895
2026-07-27,port1367,Visakhapatnam,India,IND,6,8,247108,65137
2026-07-27,port2299,Gopalpur,India,IND,0,0,0,0
2026-07-27,port290,Dhamra Port,India,IND,3,3,79794,103819
2026-07-27,port442,Haldia,India,IND,2,6,37803,0
2026-07-27,port883,Paradip,India,IND,5,5,0,252210
2026-07-28,port1367,Visakhapatnam,India,IND,2,4,0,152754
2026-07-28,port2299,Gopalpur,India,IND,0,0,0,0
2026-07-28,port290,Dhamra Port,India,IND,1,1,0,54910
2026-07-28,port442,Haldia,India,IND,1,2,37625,0
2026-07-28,port883,Paradip,India,IND,4,4,159410,61165
2026-07-29,port1367,Visakhapatnam,India,IND,4,9,129375,58736
2026-07-29,port2299,Gopalpur,India,IND,0,0,0,0
2026-07-29,port290,Dhamra Port,India,IND,4,4,58848,103851
2026-07-29,port442,Haldia,India,IND,4,10,94851,31588
2026-07-29,port883,Paradip,India,IND,5,5,49771,188689
2026-07-30,port1367,Visakhapatnam,India,IND,1,4,34294,15736
2026-07-30,port2299,Gopalpur,India,IND,1,1,26497,0
2026-07-30,port290,Dhamra Port,India,IND,1,1,41491,19184
2026-07-30,port442,Haldia,India,IND,0,4,0,0
2026-07-30,port883,Paradip,India,IND,4,5,20068,181808
2026-07-31,port1367,Visakhapatnam,India,IND,5,8,188823,115673
2026-07-31,port2299,Gopalpur,India,IND,0,0,0,0
2026-07-31,port290,Dhamra Port,India,IND,2,2,79329,75379
2026-07-31,port442,Haldia,India,IND,1,5,0,0
2026-07-31,port883,Paradip,India,IND,4,5,42642,132305
2026-08-01,port1367,Visakhapatnam,India,IND,2,6,0,70641
2026-08-01,port2299,Gopalpur,India,IND,0,0,0,0
2026-08-01,port290,Dhamra Port,India,IND,4,4,71611,136661
2026-08-01,port442,Haldia,India,IND,1,3,23295,3059
2026-08-01,port883,Paradip,India,IND,4,7,100152,137113
2026-08-02,port1367,Visakhapatnam,India,IND,2,4,96731,12132
2026-08-02,port2299,Gopalpur,India,IND,0,0,0,0
2026-08-02,port290,Dhamra Port,India,IND,0,0,0,0
2026-08-02,port442,Haldia,India,IND,1,5,0,29790
2026-08-02,port883,Paradip,India,IND,5,8,154435,97188
2026-08-03,port1367,Visakhapatnam,India,IND,2,6,52299,55067
2026-08-03,port2299,Gopalpur,India,IND,0,0,0,0
2026-08-03,port290,Dhamra Port,India,IND,4,4,77999,155785
2026-08-03,port442,Haldia,India,IND,4,5,38587,0
2026-08-03,port883,Paradip,India,IND,5,6,58935,230945
2026-08-04,port1367,Visakhapatnam,India,IND,2,2,46569,15736
2026-08-04,port2299,Gopalpur,India,IND,1,1,62671,0
2026-08-04,port290,Dhamra Port,India,IND,1,1,49336,0
2026-08-04,port442,Haldia,India,IND,1,5,23295,3059
2026-08-04,port883,Paradip,India,IND,6,7,226157,132967
2026-08-05,port1367,Visakhapatnam,India,IND,4,7,97932,128757
2026-08-05,port2299,Gopalpur,India,IND,0,0,0,0
2026-08-05,port290,Dhamra Port,India,IND,2,2,43056,61409
2026-08-05,port442,Haldia,India,IND,4,9,108856,5180
2026-08-05,port883,Paradip,India,IND,4,5,146925,112559
2026-08-06,port1367,Visakhapatnam,India,IND,4,8,225710,0
2026-08-06,port2299,Gopalpur,India,IND,0,0,0,0
2026-08-06,port290,Dhamra Port,India,IND,1,1,41491,19184
2026-08-06,port442,Haldia,India,IND,2,6,0,0
2026-08-06,port883,Paradip,India,IND,5,7,91918,149951
2026-08-07,port1367,Visakhapatnam,India,IND,5,9,75016,219402
2026-08-07,port2299,Gopalpur,India,IND,0,0,0,0
2026-08-07,port290,Dhamra Port,India,IND,1,1,77954,0
2026-08-07,port442,Haldia,India,IND,3,5,44978,0
2026-08-07,port883,Paradip,India,IND,6,6,53790,213524
2026-08-08,port1367,Visakhapatnam,India,IND,6,8,364821,126899
2026-08-08,port2299,Gopalpur,India,IND,1,1,60286,0
2026-08-08,port290,Dhamra Port,India,IND,3,3,66237,91892
2026-08-08,port442,Haldia,India,IND,1,3,25910,0
2026-08-08,port883,Paradip,India,IND,3,4,21313,72507
2026-08-09,port1367,Visakhapatnam,India,IND,3,5,138737,27868
2026-08-09,port2299,Gopalpur,India,IND,0,0,0,0
2026-08-09,port290,Dhamra Port,India,IND,1,1,52924,0
2026-08-09,port442,Haldia,India,IND,3,6,35990,33932
2026-08-09,port883,Paradip,India,IND,6,7,82551,228582
2026-08-10,port1367,Visakhapatnam,India,IND,3,9,34294,137646
2026-08-10,port2299,Gopalpur,India,IND,0,0,0,0
2026-08-10,port290,Dhamra Port,India,IND,0,0,0,0
2026-08-10,port442,Haldia,India,IND,1,5,0,0
2026-08-10,port883,Paradip,India,IND,5,6,160054,170421
2026-08-11,port1367,Visakhapatnam,India,IND,4,8,177785,31473
2026-08-11,port2299,Gopalpur,India,IND,0,0,0,0
2026-08-11,port290,Dhamra Port,India,IND,0,0,0,0
2026-08-11,port442,Haldia,India,IND,3,6,14202,0
2026-08-11,port883,Paradip,India,IND,3,4,95707,82256
2026-08-12,port1367,Visakhapatnam,India,IND,6,7,98357,141393
2026-08-12,port2299,Gopalpur,India,IND,0,0,0,0
2026-08-12,port290,Dhamra Port,India,IND,2,2,41491,19184
2026-08-12,port442,Haldia,India,IND,2,5,38798,0
2026-08-12,port883,Paradip,India,IND,3,3,0,124926
2026-08-13,port1367,Visakhapatnam,India,IND,3,4,78660,104654
2026-08-13,port2299,Gopalpur,India,IND,0,0,0,0
2026-08-13,port290,Dhamra Port,India,IND,1,1,0,30130
2026-08-13,port442,Haldia,India,IND,1,2,0,0
2026-08-13,port883,Paradip,India,IND,6,7,132834,246119
2026-08-14,port1367,Visakhapatnam,India,IND,1,4,26955,12132
2026-08-14,port2299,Gopalpur,India,IND,0,0,0,0
2026-08-14,port290,Dhamra Port,India,IND,1,1,41491,19184
2026-08-14,port442,Haldia,India,IND,1,6,0,0
2026-08-14,port883,Paradip,India,IND,4,6,53396,193977
2026-08-15,port1367,Visakhapatnam,India,IND,1,3,79047,0
2026-08-15,port2299,Gopalpur,India,IND,0,0,0,0
2026-08-15,port290,Dhamra Port,India,IND,2,2,102530,78394
2026-08-15,port442,Haldia,India,IND,0,4,0,0
2026-08-15,port883,Paradip,India,IND,2,3,38109,78831
2026-08-16,port1367,Visakhapatnam,India,IND,3,5,128447,31473
2026-08-16,port2299,Gopalpur,India,IND,0,0,0,0
2026-08-16,port290,Dhamra Port,India,IND,0,0,0,0
2026-08-16,port442,Haldia,India,IND,0,5,0,0
2026-08-16,port883,Paradip,India,IND,7,7,87275,345616
2026-08-17,port1367,Visakhapatnam,India,IND,2,6,50276,71523
2026-08-17,port2299,Gopalpur,India,IND,0,0,0,0
2026-08-17,port290,Dhamra Port,India,IND,0,0,0,0
2026-08-17,port442,Haldia,India,IND,0,3,0,0
2026-08-17,port883,Paradip,India,IND,1,3,78847,0
2026-08-18,port1367,Visakhapatnam,India,IND,4,9,41987,197404
2026-08-18,port2299,Gopalpur,India,IND,0,0,0,0
2026-08-18,port290,Dhamra Port,India,IND,3,3,119720,80523
2026-08-18,port442,Haldia,India,IND,3,6,4811,0
2026-08-18,port883,Paradip,India,IND,2,4,77580,60895
2026-08-19,port1367,Visakhapatnam,India,IND,4,8,158971,53762
2026-08-19,port2299,Gopalpur,India,IND,1,1,22395,22579
2026-08-19,port290,Dhamra Port,India,IND,0,0,0,0
2026-08-19,port442,Haldia,India,IND,4,9,20523,0
2026-08-19,port883,Paradip,India,IND,4,5,55659,186676
2026-08-20,port1367,Visakhapatnam,India,IND,4,5,121034,33458
2026-08-20,port2299,Gopalpur,India,IND,0,0,0,0
2026-08-20,port290,Dhamra Port,India,IND,0,0,0,0
2026-08-20,port442,Haldia,India,IND,2,5,41620,0
2026-08-20,port883,Paradip,India,IND,6,7,176164,163096
2026-08-21,port1367,Visakhapatnam,India,IND,3,7,26955,93642
2026-08-21,port2299,Gopalpur,India,IND,0,0,0,0
2026-08-21,port290,Dhamra Port,India,IND,2,2,48345,19184
2026-08-21,port442,Haldia,India,IND,3,6,0,27915
2026-08-21,port883,Paradip,India,IND,2,3,78147,78847
2026-08-22,port1367,Visakhapatnam,India,IND,4,5,68130,133275
2026-08-22,port2299,Gopalpur,India,IND,0,0,0,0
2026-08-22,port290,Dhamra Port,India,IND,2,2,82983,38369
2026-08-22,port442,Haldia,India,IND,1,3,27591,0
2026-08-22,port883,Paradip,India,IND,5,7,118409,152690
2026-08-23,port1367,Visakhapatnam,India,IND,4,7,214136,12132
2026-08-23,port2299,Gopalpur,India,IND,0,0,0,0
2026-08-23,port290,Dhamra Port,India,IND,2,2,41491,91687
2026-08-23,port442,Haldia,India,IND,2,7,0,0
2026-08-23,port883,Paradip,India,IND,2,3,0,121356
2026-08-24,port1367,Visakhapatnam,India,IND,5,9,166291,86900
2026-08-24,port2299,Gopalpur,India,IND,0,0,0,0
2026-08-24,port290,Dhamra Port,India,IND,2,2,82983,38369
2026-08-24,port442,Haldia,India,IND,2,5,64757,2420
2026-08-24,port883,Paradip,India,IND,2,3,0,110123
2026-08-25,port1367,Visakhapatnam,India,IND,5,8,131675,71950
2026-08-25,port2299,Gopalpur,India,IND,0,0,0,0
2026-08-25,port290,Dhamra Port,India,IND,0,0,0,0
2026-08-25,port442,Haldia,India,IND,1,5,0,29848
2026-08-25,port883,Paradip,India,IND,3,5,40646,85162
2026-08-26,port1367,Visakhapatnam,India,IND,6,9,175202,85863
2026-08-26,port2299,Gopalpur,India,IND,0,0,0,0
2026-08-26,port290,Dhamra Port,India,IND,1,1,7260,0
2026-08-26,port442,Haldia,India,IND,2,5,33188,0
2026-08-26,port883,Paradip,India,IND,7,9,23317,337841
2026-08-27,port1367,Visakhapatnam,India,IND,3,5,113365,90047
2026-08-27,port2299,Gopalpur,India,IND,0,0,0,0
2026-08-27,port290,Dhamra Port,India,IND,1,1,41491,19184
2026-08-27,port442,Haldia,India,IND,2,8,39481,0
2026-08-27,port883,Paradip,India,IND,4,4,51474,179215
2026-08-28,port1367,Visakhapatnam,India,IND,5,7,123455,107852
2026-08-28,port2299,Gopalpur,India,IND,0,0,0,0
2026-08-28,port290,Dhamra Port,India,IND,0,0,0,0
2026-08-28,port442,Haldia,India,IND,3,4,61236,5479
2026-08-28,port883,Paradip,India,IND,2,4,40646,60537
