date,period,commodity,market,price,unit,source_series
1960-01-01,1960M01,crude_oil,Brent,1.6,USD/bbl,"Crude oil, Brent"
1960-01-01,1960M01,iron_ore,Global_CFR_China,11.4,USD/dry_mt,"Iron ore, cfr spot"
1960-01-01,1960M01,thermal_coal,Australia,,USD/mt,"Coal, Australian"
1960-01-01,1960M01,thermal_coal,South_Africa,,USD/mt,"Coal, South African **"
1960-02-01,1960M02,crude_oil,Brent,1.6,USD/bbl,"Crude oil, Brent"
1960-02-01,1960M02,iron_ore,Global_CFR_China,11.4,USD/dry_mt,"Iron ore, cfr spot"
1960-02-01,1960M02,thermal_coal,Australia,,USD/mt,"Coal, Australian"
1960-02-01,1960M02,thermal_coal,South_Africa,,USD/mt,"Coal, South African **"
1960-03-01,1960M03,crude_oil,Brent,1.6,USD/bbl,"Crude oil, Brent"
1960-03-01,1960M03,iron_ore,Global_CFR_China,11.4,USD/dry_mt,"Iron ore, cfr spot"
1960-03-01,1960M03,thermal_coal,Australia,,USD/mt,"Coal, Australian"
1960-03-01,1960M03,thermal_coal,South_Africa,,USD/mt,"Coal, South African **"
1960-04-01,1960M04,crude_oil,Brent,1.6,USD/bbl,"Crude oil, Brent"
1960-04-01,1960M04,iron_ore,Global_CFR_China,11.4,USD/dry_mt,"Iron ore, cfr spot"
1960-04-01,1960M04,thermal_coal,Australia,,USD/mt,"Coal, Australian"
1960-04-01,1960M04,thermal_coal,South_Africa,,USD/mt,"Coal, South African **"
1960-05-01,1960M05,crude_oil,Brent,1.6,USD/bbl,"Crude oil, Brent"
1960-05-01,1960M05,iron_ore,Global_CFR_China,11.4,USD/dry_mt,"Iron ore, cfr spot"
1960-05-01,1960M05,thermal_coal,Australia,,USD/mt,"Coal, Australian"
1960-05-01,1960M05,thermal_coal,South_Africa,,USD/mt,"Coal, South African **"
1960-06-01,1960M06,crude_oil,Brent,1.6,USD/bbl,"Crude oil, Brent"
1960-06-01,1960M06,iron_ore,Global_CFR_China,11.4,USD/dry_mt,"Iron ore, cfr spot"
1960-06-01,1960M06,thermal_coal,Australia,,USD/mt,"Coal, Australian"
1960-06-01,1960M06,thermal_coal,South_Africa,,USD/mt,"Coal, South African **"
1960-07-01,1960M07,crude_oil,Brent,1.6,USD/bbl,"Crude oil, Brent"
1960-07-01,1960M07,iron_ore,Global_CFR_China,11.4,USD/dry_mt,"Iron ore, cfr spot"
1960-07-01,1960M07,thermal_coal,Australia,,USD/mt,"Coal, Australian"
1960-07-01,1960M07,thermal_coal,South_Africa,,USD/mt,"Coal, South African **"
1960-08-01,1960M08,crude_oil,Brent,1.6,USD/bbl,"Crude oil, Brent"
1960-08-01,1960M08,iron_ore,Global_CFR_China,11.4,USD/dry_mt,"Iron ore, cfr spot"
1960-08-01,1960M08,thermal_coal,Australia,,USD/mt,"Coal, Australian"
1960-08-01,1960M08,thermal_coal,South_Africa,,USD/mt,"Coal, South African **"
1960-09-01,1960M09,crude_oil,Brent,1.6,USD/bbl,"Crude oil, Brent"
1960-09-01,1960M09,iron_ore,Global_CFR_China,11.4,USD/dry_mt,"Iron ore, cfr spot"
1960-09-01,1960M09,thermal_coal,Australia,,USD/mt,"Coal, Australian"
1960-09-01,1960M09,thermal_coal,South_Africa,,USD/mt,"Coal, South African **"
1960-10-01,1960M10,crude_oil,Brent,1.6,USD/bbl,"Crude oil, Brent"
1960-10-01,1960M10,iron_ore,Global_CFR_China,11.4,USD/dry_mt,"Iron ore, cfr spot"
1960-10-01,1960M10,thermal_coal,Australia,,USD/mt,"Coal, Australian"
1960-10-01,1960M10,thermal_coal,South_Africa,,USD/mt,"Coal, South African **"
1960-11-01,1960M11,crude_oil,Brent,1.6,USD/bbl,"Crude oil, Brent"
1960-11-01,1960M11,iron_ore,Global_CFR_China,11.4,USD/dry_mt,"Iron ore, cfr spot"
1960-11-01,1960M11,thermal_coal,Australia,,USD/mt,"Coal, Australian"
1960-11-01,1960M11,thermal_coal,South_Africa,,USD/mt,"Coal, South African **"
1960-12-01,1960M12,crude_oil,Brent,1.6,USD/bbl,"Crude oil, Brent"
1960-12-01,1960M12,iron_ore,Global_CFR_China,11.4,USD/dry_mt,"Iron ore, cfr spot"
1960-12-01,1960M12,thermal_coal,Australia,,USD/mt,"Coal, Australian"
1960-12-01,1960M12,thermal_coal,South_Africa,,USD/mt,"Coal, South African **"
1961-01-01,1961M01,crude_oil,Brent,1.6,USD/bbl,"Crude oil, Brent"
1961-01-01,1961M01,iron_ore,Global_CFR_China,11.0,USD/dry_mt,"Iron ore, cfr spot"
1961-01-01,1961M01,thermal_coal,Australia,,USD/mt,"Coal, Australian"
1961-01-01,1961M01,thermal_coal,South_Africa,,USD/mt,"Coal, South African **"
1961-02-01,1961M02,crude_oil,Brent,1.6,USD/bbl,"Crude oil, Brent"
1961-02-01,1961M02,iron_ore,Global_CFR_China,11.0,USD/dry_mt,"Iron ore, cfr spot"
1961-02-01,1961M02,thermal_coal,Australia,,USD/mt,"Coal, Australian"
1961-02-01,1961M02,thermal_coal,South_Africa,,USD/mt,"Coal, South African **"
1961-03-01,1961M03,crude_oil,Brent,1.6,USD/bbl,"Crude oil, Brent"
1961-03-01,1961M03,iron_ore,Global_CFR_China,11.0,USD/dry_mt,"Iron ore, cfr spot"
1961-03-01,1961M03,thermal_coal,Australia,,USD/mt,"Coal, Australian"
1961-03-01,1961M03,thermal_coal,South_Africa,,USD/mt,"Coal, South African **"
1961-04-01,1961M04,crude_oil,Brent,1.6,USD/bbl,"Crude oil, Brent"
1961-04-01,1961M04,iron_ore,Global_CFR_China,11.0,USD/dry_mt,"Iron ore, cfr spot"
1961-04-01,1961M04,thermal_coal,Australia,,USD/mt,"Coal, Australian"
1961-04-01,1961M04,thermal_coal,South_Africa,,USD/mt,"Coal, South African **"
1961-05-01,1961M05,crude_oil,Brent,1.6,USD/bbl,"Crude oil, Brent"
1961-05-01,1961M05,iron_ore,Global_CFR_China,11.0,USD/dry_mt,"Iron ore, cfr spot"
1961-05-01,1961M05,thermal_coal,Australia,,USD/mt,"Coal, Australian"
1961-05-01,1961M05,thermal_coal,South_Africa,,USD/mt,"Coal, South African **"
1961-06-01,1961M06,crude_oil,Brent,1.6,USD/bbl,"Crude oil, Brent"
1961-06-01,1961M06,iron_ore,Global_CFR_China,11.0,USD/dry_mt,"Iron ore, cfr spot"
1961-06-01,1961M06,thermal_coal,Australia,,USD/mt,"Coal, Australian"
1961-06-01,1961M06,thermal_coal,South_Africa,,USD/mt,"Coal, South African **"
1961-07-01,1961M07,crude_oil,Brent,1.6,USD/bbl,"Crude oil, Brent"
1961-07-01,1961M07,iron_ore,Global_CFR_China,11.0,USD/dry_mt,"Iron ore, cfr spot"
1961-07-01,1961M07,thermal_coal,Australia,,USD/mt,"Coal, Australian"
1961-07-01,1961M07,thermal_coal,South_Africa,,USD/mt,"Coal, South African **"
1961-08-01,1961M08,crude_oil,Brent,1.6,USD/bbl,"Crude oil, Brent"
1961-08-01,1961M08,iron_ore,Global_CFR_China,11.0,USD/dry_mt,"Iron ore, cfr spot"
1961-08-01,1961M08,thermal_coal,Australia,,USD/mt,"Coal, Australian"
1961-08-01,1961M08,thermal_coal,South_Africa,,USD/mt,"Coal, South African **"
1961-09-01,1961M09,crude_oil,Brent,1.6,USD/bbl,"Crude oil, Brent"
1961-09-01,1961M09,iron_ore,Global_CFR_China,11.0,USD/dry_mt,"Iron ore, cfr spot"
1961-09-01,1961M09,thermal_coal,Australia,,USD/mt,"Coal, Australian"
1961-09-01,1961M09,thermal_coal,South_Africa,,USD/mt,"Coal, South African **"
1961-10-01,1961M10,crude_oil,Brent,1.6,USD/bbl,"Crude oil, Brent"
1961-10-01,1961M10,iron_ore,Global_CFR_China,11.0,USD/dry_mt,"Iron ore, cfr spot"
1961-10-01,1961M10,thermal_coal,Australia,,USD/mt,"Coal, Australian"
1961-10-01,1961M10,thermal_coal,South_Africa,,USD/mt,"Coal, South African **"
1961-11-01,1961M11,crude_oil,Brent,1.6,USD/bbl,"Crude oil, Brent"
1961-11-01,1961M11,iron_ore,Global_CFR_China,11.0,USD/dry_mt,"Iron ore, cfr spot"
1961-11-01,1961M11,thermal_coal,Australia,,USD/mt,"Coal, Australian"
1961-11-01,1961M11,thermal_coal,South_Africa,,USD/mt,"Coal, South African **"
1961-12-01,1961M12,crude_oil,Brent,1.6,USD/bbl,"Crude oil, Brent"
1961-12-01,1961M12,iron_ore,Global_CFR_China,11.0,USD/dry_mt,"Iron ore, cfr spot"
1961-12-01,1961M12,thermal_coal,Australia,,USD/mt,"Coal, Australian"
1961-12-01,1961M12,thermal_coal,South_Africa,,USD/mt,"Coal, South African **"
1962-01-01,1962M01,crude_oil,Brent,1.5,USD/bbl,"Crude oil, Brent"
1962-01-01,1962M01,iron_ore,Global_CFR_China,11.0,USD/dry_mt,"Iron ore, cfr spot"
1962-01-01,1962M01,thermal_coal,Australia,,USD/mt,"Coal, Australian"
1962-01-01,1962M01,thermal_coal,South_Africa,,USD/mt,"Coal, South African **"
1962-02-01,1962M02,crude_oil,Brent,1.5,USD/bbl,"Crude oil, Brent"
1962-02-01,1962M02,iron_ore,Global_CFR_China,11.0,USD/dry_mt,"Iron ore, cfr spot"
1962-02-01,1962M02,thermal_coal,Australia,,USD/mt,"Coal, Australian"
1962-02-01,1962M02,thermal_coal,South_Africa,,USD/mt,"Coal, South African **"
1962-03-01,1962M03,crude_oil,Brent,1.5,USD/bbl,"Crude oil, Brent"
1962-03-01,1962M03,iron_ore,Global_CFR_China,11.0,USD/dry_mt,"Iron ore, cfr spot"
1962-03-01,1962M03,thermal_coal,Australia,,USD/mt,"Coal, Australian"
1962-03-01,1962M03,thermal_coal,South_Africa,,USD/mt,"Coal, South African **"
1962-04-01,1962M04,crude_oil,Brent,1.5,USD/bbl,"Crude oil, Brent"
1962-04-01,1962M04,iron_ore,Global_CFR_China,11.0,USD/dry_mt,"Iron ore, cfr spot"
1962-04-01,1962M04,thermal_coal,Australia,,USD/mt,"Coal, Australian"
1962-04-01,1962M04,thermal_coal,South_Africa,,USD/mt,"Coal, South African **"
1962-05-01,1962M05,crude_oil,Brent,1.5,USD/bbl,"Crude oil, Brent"
1962-05-01,1962M05,iron_ore,Global_CFR_China,11.0,USD/dry_mt,"Iron ore, cfr spot"
1962-05-01,1962M05,thermal_coal,Australia,,USD/mt,"Coal, Australian"
1962-05-01,1962M05,thermal_coal,South_Africa,,USD/mt,"Coal, South African **"
1962-06-01,1962M06,crude_oil,Brent,1.5,USD/bbl,"Crude oil, Brent"
1962-06-01,1962M06,iron_ore,Global_CFR_China,11.0,USD/dry_mt,"Iron ore, cfr spot"
1962-06-01,1962M06,thermal_coal,Australia,,USD/mt,"Coal, Australian"
1962-06-01,1962M06,thermal_coal,South_Africa,,USD/mt,"Coal, South African **"
1962-07-01,1962M07,crude_oil,Brent,1.5,USD/bbl,"Crude oil, Brent"
1962-07-01,1962M07,iron_ore,Global_CFR_China,11.0,USD/dry_mt,"Iron ore, cfr spot"
1962-07-01,1962M07,thermal_coal,Australia,,USD/mt,"Coal, Australian"
1962-07-01,1962M07,thermal_coal,South_Africa,,USD/mt,"Coal, South African **"
1962-08-01,1962M08,crude_oil,Brent,1.5,USD/bbl,"Crude oil, Brent"
1962-08-01,1962M08,iron_ore,Global_CFR_China,11.0,USD/dry_mt,"Iron ore, cfr spot"
1962-08-01,1962M08,thermal_coal,Australia,,USD/mt,"Coal, Australian"
1962-08-01,1962M08,thermal_coal,South_Africa,,USD/mt,"Coal, South African **"
1962-09-01,1962M09,crude_oil,Brent,1.5,USD/bbl,"Crude oil, Brent"
1962-09-01,1962M09,iron_ore,Global_CFR_China,11.0,USD/dry_mt,"Iron ore, cfr spot"
1962-09-01,1962M09,thermal_coal,Australia,,USD/mt,"Coal, Australian"
1962-09-01,1962M09,thermal_coal,South_Africa,,USD/mt,"Coal, South African **"
1962-10-01,1962M10,crude_oil,Brent,1.5,USD/bbl,"Crude oil, Brent"
1962-10-01,1962M10,iron_ore,Global_CFR_China,11.0,USD/dry_mt,"Iron ore, cfr spot"
1962-10-01,1962M10,thermal_coal,Australia,,USD/mt,"Coal, Australian"
1962-10-01,1962M10,thermal_coal,South_Africa,,USD/mt,"Coal, South African **"
1962-11-01,1962M11,crude_oil,Brent,1.5,USD/bbl,"Crude oil, Brent"
1962-11-01,1962M11,iron_ore,Global_CFR_China,11.0,USD/dry_mt,"Iron ore, cfr spot"
1962-11-01,1962M11,thermal_coal,Australia,,USD/mt,"Coal, Australian"
1962-11-01,1962M11,thermal_coal,South_Africa,,USD/mt,"Coal, South African **"
1962-12-01,1962M12,crude_oil,Brent,1.5,USD/bbl,"Crude oil, Brent"
1962-12-01,1962M12,iron_ore,Global_CFR_China,11.0,USD/dry_mt,"Iron ore, cfr spot"
1962-12-01,1962M12,thermal_coal,Australia,,USD/mt,"Coal, Australian"
1962-12-01,1962M12,thermal_coal,South_Africa,,USD/mt,"Coal, South African **"
1963-01-01,1963M01,crude_oil,Brent,1.5,USD/bbl,"Crude oil, Brent"
1963-01-01,1963M01,iron_ore,Global_CFR_China,11.0,USD/dry_mt,"Iron ore, cfr spot"
1963-01-01,1963M01,thermal_coal,Australia,,USD/mt,"Coal, Australian"
1963-01-01,1963M01,thermal_coal,South_Africa,,USD/mt,"Coal, South African **"
1963-02-01,1963M02,crude_oil,Brent,1.5,USD/bbl,"Crude oil, Brent"
1963-02-01,1963M02,iron_ore,Global_CFR_China,11.0,USD/dry_mt,"Iron ore, cfr spot"
1963-02-01,1963M02,thermal_coal,Australia,,USD/mt,"Coal, Australian"
1963-02-01,1963M02,thermal_coal,South_Africa,,USD/mt,"Coal, South African **"
1963-03-01,1963M03,crude_oil,Brent,1.5,USD/bbl,"Crude oil, Brent"
1963-03-01,1963M03,iron_ore,Global_CFR_China,11.0,USD/dry_mt,"Iron ore, cfr spot"
1963-03-01,1963M03,thermal_coal,Australia,,USD/mt,"Coal, Australian"
1963-03-01,1963M03,thermal_coal,South_Africa,,USD/mt,"Coal, South African **"
1963-04-01,1963M04,crude_oil,Brent,1.5,USD/bbl,"Crude oil, Brent"
1963-04-01,1963M04,iron_ore,Global_CFR_China,11.0,USD/dry_mt,"Iron ore, cfr spot"
1963-04-01,1963M04,thermal_coal,Australia,,USD/mt,"Coal, Australian"
1963-04-01,1963M04,thermal_coal,South_Africa,,USD/mt,"Coal, South African **"
1963-05-01,1963M05,crude_oil,Brent,1.5,USD/bbl,"Crude oil, Brent"
1963-05-01,1963M05,iron_ore,Global_CFR_China,11.0,USD/dry_mt,"Iron ore, cfr spot"
1963-05-01,1963M05,thermal_coal,Australia,,USD/mt,"Coal, Australian"
1963-05-01,1963M05,thermal_coal,South_Africa,,USD/mt,"Coal, South African **"
1963-06-01,1963M06,crude_oil,Brent,1.5,USD/bbl,"Crude oil, Brent"
1963-06-01,1963M06,iron_ore,Global_CFR_China,11.0,USD/dry_mt,"Iron ore, cfr spot"
1963-06-01,1963M06,thermal_coal,Australia,,USD/mt,"Coal, Australian"
1963-06-01,1963M06,thermal_coal,South_Africa,,USD/mt,"Coal, South African **"
1963-07-01,1963M07,crude_oil,Brent,1.5,USD/bbl,"Crude oil, Brent"
1963-07-01,1963M07,iron_ore,Global_CFR_China,11.0,USD/dry_mt,"Iron ore, cfr spot"
1963-07-01,1963M07,thermal_coal,Australia,,USD/mt,"Coal, Australian"
1963-07-01,1963M07,thermal_coal,South_Africa,,USD/mt,"Coal, South African **"
1963-08-01,1963M08,crude_oil,Brent,1.5,USD/bbl,"Crude oil, Brent"
1963-08-01,1963M08,iron_ore,Global_CFR_China,11.0,USD/dry_mt,"Iron ore, cfr spot"
1963-08-01,1963M08,thermal_coal,Australia,,USD/mt,"Coal, Australian"
1963-08-01,1963M08,thermal_coal,South_Africa,,USD/mt,"Coal, South African **"
1963-09-01,1963M09,crude_oil,Brent,1.5,USD/bbl,"Crude oil, Brent"
1963-09-01,1963M09,iron_ore,Global_CFR_China,11.0,USD/dry_mt,"Iron ore, cfr spot"
1963-09-01,1963M09,thermal_coal,Australia,,USD/mt,"Coal, Australian"
1963-09-01,1963M09,thermal_coal,South_Africa,,USD/mt,"Coal, South African **"
1963-10-01,1963M10,crude_oil,Brent,1.5,USD/bbl,"Crude oil, Brent"
1963-10-01,1963M10,iron_ore,Global_CFR_China,11.0,USD/dry_mt,"Iron ore, cfr spot"
1963-10-01,1963M10,thermal_coal,Australia,,USD/mt,"Coal, Australian"
1963-10-01,1963M10,thermal_coal,South_Africa,,USD/mt,"Coal, South African **"
1963-11-01,1963M11,crude_oil,Brent,1.5,USD/bbl,"Crude oil, Brent"
1963-11-01,1963M11,iron_ore,Global_CFR_China,11.0,USD/dry_mt,"Iron ore, cfr spot"
1963-11-01,1963M11,thermal_coal,Australia,,USD/mt,"Coal, Australian"
1963-11-01,1963M11,thermal_coal,South_Africa,,USD/mt,"Coal, South African **"
1963-12-01,1963M12,crude_oil,Brent,1.5,USD/bbl,"Crude oil, Brent"
1963-12-01,1963M12,iron_ore,Global_CFR_China,11.0,USD/dry_mt,"Iron ore, cfr spot"
1963-12-01,1963M12,thermal_coal,Australia,,USD/mt,"Coal, Australian"
1963-12-01,1963M12,thermal_coal,South_Africa,,USD/mt,"Coal, South African **"
1964-01-01,1964M01,crude_oil,Brent,1.5,USD/bbl,"Crude oil, Brent"
1964-01-01,1964M01,iron_ore,Global_CFR_China,10.2,USD/dry_mt,"Iron ore, cfr spot"
1964-01-01,1964M01,thermal_coal,Australia,,USD/mt,"Coal, Australian"
1964-01-01,1964M01,thermal_coal,South_Africa,,USD/mt,"Coal, South African **"
1964-02-01,1964M02,crude_oil,Brent,1.5,USD/bbl,"Crude oil, Brent"
1964-02-01,1964M02,iron_ore,Global_CFR_China,10.2,USD/dry_mt,"Iron ore, cfr spot"
1964-02-01,1964M02,thermal_coal,Australia,,USD/mt,"Coal, Australian"
1964-02-01,1964M02,thermal_coal,South_Africa,,USD/mt,"Coal, South African **"
1964-03-01,1964M03,crude_oil,Brent,1.5,USD/bbl,"Crude oil, Brent"
1964-03-01,1964M03,iron_ore,Global_CFR_China,10.2,USD/dry_mt,"Iron ore, cfr spot"
1964-03-01,1964M03,thermal_coal,Australia,,USD/mt,"Coal, Australian"
1964-03-01,1964M03,thermal_coal,South_Africa,,USD/mt,"Coal, South African **"
1964-04-01,1964M04,crude_oil,Brent,1.5,USD/bbl,"Crude oil, Brent"
1964-04-01,1964M04,iron_ore,Global_CFR_China,10.2,USD/dry_mt,"Iron ore, cfr spot"
1964-04-01,1964M04,thermal_coal,Australia,,USD/mt,"Coal, Australian"
1964-04-01,1964M04,thermal_coal,South_Africa,,USD/mt,"Coal, South African **"
1964-05-01,1964M05,crude_oil,Brent,1.5,USD/bbl,"Crude oil, Brent"
1964-05-01,1964M05,iron_ore,Global_CFR_China,10.2,USD/dry_mt,"Iron ore, cfr spot"
1964-05-01,1964M05,thermal_coal,Australia,,USD/mt,"Coal, Australian"
1964-05-01,1964M05,thermal_coal,South_Africa,,USD/mt,"Coal, South African **"
1964-06-01,1964M06,crude_oil,Brent,1.5,USD/bbl,"Crude oil, Brent"
1964-06-01,1964M06,iron_ore,Global_CFR_China,10.2,USD/dry_mt,"Iron ore, cfr spot"
1964-06-01,1964M06,thermal_coal,Australia,,USD/mt,"Coal, Australian"
1964-06-01,1964M06,thermal_coal,South_Africa,,USD/mt,"Coal, South African **"
1964-07-01,1964M07,crude_oil,Brent,1.5,USD/bbl,"Crude oil, Brent"
1964-07-01,1964M07,iron_ore,Global_CFR_China,10.2,USD/dry_mt,"Iron ore, cfr spot"
1964-07-01,1964M07,thermal_coal,Australia,,USD/mt,"Coal, Australian"
1964-07-01,1964M07,thermal_coal,South_Africa,,USD/mt,"Coal, South African **"
1964-08-01,1964M08,crude_oil,Brent,1.5,USD/bbl,"Crude oil, Brent"
1964-08-01,1964M08,iron_ore,Global_CFR_China,10.2,USD/dry_mt,"Iron ore, cfr spot"
1964-08-01,1964M08,thermal_coal,Australia,,USD/mt,"Coal, Australian"
1964-08-01,1964M08,thermal_coal,South_Africa,,USD/mt,"Coal, South African **"
1964-09-01,1964M09,crude_oil,Brent,1.5,USD/bbl,"Crude oil, Brent"
1964-09-01,1964M09,iron_ore,Global_CFR_China,10.2,USD/dry_mt,"Iron ore, cfr spot"
1964-09-01,1964M09,thermal_coal,Australia,,USD/mt,"Coal, Australian"
1964-09-01,1964M09,thermal_coal,South_Africa,,USD/mt,"Coal, South African **"
1964-10-01,1964M10,crude_oil,Brent,1.5,USD/bbl,"Crude oil, Brent"
1964-10-01,1964M10,iron_ore,Global_CFR_China,10.2,USD/dry_mt,"Iron ore, cfr spot"
1964-10-01,1964M10,thermal_coal,Australia,,USD/mt,"Coal, Australian"
1964-10-01,1964M10,thermal_coal,South_Africa,,USD/mt,"Coal, South African **"
1964-11-01,1964M11,crude_oil,Brent,1.5,USD/bbl,"Crude oil, Brent"
1964-11-01,1964M11,iron_ore,Global_CFR_China,10.2,USD/dry_mt,"Iron ore, cfr spot"
1964-11-01,1964M11,thermal_coal,Australia,,USD/mt,"Coal, Australian"
1964-11-01,1964M11,thermal_coal,South_Africa,,USD/mt,"Coal, South African **"
1964-12-01,1964M12,crude_oil,Brent,1.5,USD/bbl,"Crude oil, Brent"
1964-12-01,1964M12,iron_ore,Global_CFR_China,10.2,USD/dry_mt,"Iron ore, cfr spot"
1964-12-01,1964M12,thermal_coal,Australia,,USD/mt,"Coal, Australian"
1964-12-01,1964M12,thermal_coal,South_Africa,,USD/mt,"Coal, South African **"
1965-01-01,1965M01,crude_oil,Brent,1.4,USD/bbl,"Crude oil, Brent"
1965-01-01,1965M01,iron_ore,Global_CFR_China,10.2,USD/dry_mt,"Iron ore, cfr spot"
1965-01-01,1965M01,thermal_coal,Australia,,USD/mt,"Coal, Australian"
1965-01-01,1965M01,thermal_coal,South_Africa,,USD/mt,"Coal, South African **"
1965-02-01,1965M02,crude_oil,Brent,1.4,USD/bbl,"Crude oil, Brent"
1965-02-01,1965M02,iron_ore,Global_CFR_China,10.2,USD/dry_mt,"Iron ore, cfr spot"
1965-02-01,1965M02,thermal_coal,Australia,,USD/mt,"Coal, Australian"
1965-02-01,1965M02,thermal_coal,South_Africa,,USD/mt,"Coal, South African **"
1965-03-01,1965M03,crude_oil,Brent,1.4,USD/bbl,"Crude oil, Brent"
1965-03-01,1965M03,iron_ore,Global_CFR_China,10.2,USD/dry_mt,"Iron ore, cfr spot"
1965-03-01,1965M03,thermal_coal,Australia,,USD/mt,"Coal, Australian"
1965-03-01,1965M03,thermal_coal,South_Africa,,USD/mt,"Coal, South African **"
1965-04-01,1965M04,crude_oil,Brent,1.4,USD/bbl,"Crude oil, Brent"
1965-04-01,1965M04,iron_ore,Global_CFR_China,10.2,USD/dry_mt,"Iron ore, cfr spot"
1965-04-01,1965M04,thermal_coal,Australia,,USD/mt,"Coal, Australian"
1965-04-01,1965M04,thermal_coal,South_Africa,,USD/mt,"Coal, South African **"
1965-05-01,1965M05,crude_oil,Brent,1.4,USD/bbl,"Crude oil, Brent"
1965-05-01,1965M05,iron_ore,Global_CFR_China,15.3,USD/dry_mt,"Iron ore, cfr spot"
1965-05-01,1965M05,thermal_coal,Australia,,USD/mt,"Coal, Australian"
1965-05-01,1965M05,thermal_coal,South_Africa,,USD/mt,"Coal, South African **"
1965-06-01,1965M06,crude_oil,Brent,1.4,USD/bbl,"Crude oil, Brent"
1965-06-01,1965M06,iron_ore,Global_CFR_China,10.2,USD/dry_mt,"Iron ore, cfr spot"
1965-06-01,1965M06,thermal_coal,Australia,,USD/mt,"Coal, Australian"
1965-06-01,1965M06,thermal_coal,South_Africa,,USD/mt,"Coal, South African **"
1965-07-01,1965M07,crude_oil,Brent,1.4,USD/bbl,"Crude oil, Brent"
1965-07-01,1965M07,iron_ore,Global_CFR_China,10.2,USD/dry_mt,"Iron ore, cfr spot"
1965-07-01,1965M07,thermal_coal,Australia,,USD/mt,"Coal, Australian"
1965-07-01,1965M07,thermal_coal,South_Africa,,USD/mt,"Coal, South African **"
1965-08-01,1965M08,crude_oil,Brent,1.4,USD/bbl,"Crude oil, Brent"
1965-08-01,1965M08,iron_ore,Global_CFR_China,10.2,USD/dry_mt,"Iron ore, cfr spot"
1965-08-01,1965M08,thermal_coal,Australia,,USD/mt,"Coal, Australian"
1965-08-01,1965M08,thermal_coal,South_Africa,,USD/mt,"Coal, South African **"
1965-09-01,1965M09,crude_oil,Brent,1.4,USD/bbl,"Crude oil, Brent"
1965-09-01,1965M09,iron_ore,Global_CFR_China,10.2,USD/dry_mt,"Iron ore, cfr spot"
1965-09-01,1965M09,thermal_coal,Australia,,USD/mt,"Coal, Australian"
1965-09-01,1965M09,thermal_coal,South_Africa,,USD/mt,"Coal, South African **"
1965-10-01,1965M10,crude_oil,Brent,1.4,USD/bbl,"Crude oil, Brent"
1965-10-01,1965M10,iron_ore,Global_CFR_China,10.2,USD/dry_mt,"Iron ore, cfr spot"
1965-10-01,1965M10,thermal_coal,Australia,,USD/mt,"Coal, Australian"
1965-10-01,1965M10,thermal_coal,South_Africa,,USD/mt,"Coal, South African **"
1965-11-01,1965M11,crude_oil,Brent,1.4,USD/bbl,"Crude oil, Brent"
1965-11-01,1965M11,iron_ore,Global_CFR_China,10.2,USD/dry_mt,"Iron ore, cfr spot"
1965-11-01,1965M11,thermal_coal,Australia,,USD/mt,"Coal, Australian"
1965-11-01,1965M11,thermal_coal,South_Africa,,USD/mt,"Coal, South African **"
1965-12-01,1965M12,crude_oil,Brent,1.4,USD/bbl,"Crude oil, Brent"
1965-12-01,1965M12,iron_ore,Global_CFR_China,10.2,USD/dry_mt,"Iron ore, cfr spot"
1965-12-01,1965M12,thermal_coal,Australia,,USD/mt,"Coal, Australian"
1965-12-01,1965M12,thermal_coal,South_Africa,,USD/mt,"Coal, South African **"
1966-01-01,1966M01,crude_oil,Brent,1.4,USD/bbl,"Crude oil, Brent"
1966-01-01,1966M01,iron_ore,Global_CFR_China,9.5,USD/dry_mt,"Iron ore, cfr spot"
1966-01-01,1966M01,thermal_coal,Australia,,USD/mt,"Coal, Australian"
1966-01-01,1966M01,thermal_coal,South_Africa,,USD/mt,"Coal, South African **"
1966-02-01,1966M02,crude_oil,Brent,1.4,USD/bbl,"Crude oil, Brent"
1966-02-01,1966M02,iron_ore,Global_CFR_China,9.5,USD/dry_mt,"Iron ore, cfr spot"
1966-02-01,1966M02,thermal_coal,Australia,,USD/mt,"Coal, Australian"
1966-02-01,1966M02,thermal_coal,South_Africa,,USD/mt,"Coal, South African **"
1966-03-01,1966M03,crude_oil,Brent,1.4,USD/bbl,"Crude oil, Brent"
1966-03-01,1966M03,iron_ore,Global_CFR_China,9.5,USD/dry_mt,"Iron ore, cfr spot"
1966-03-01,1966M03,thermal_coal,Australia,,USD/mt,"Coal, Australian"
1966-03-01,1966M03,thermal_coal,South_Africa,,USD/mt,"Coal, South African **"
1966-04-01,1966M04,crude_oil,Brent,1.4,USD/bbl,"Crude oil, Brent"
1966-04-01,1966M04,iron_ore,Global_CFR_China,9.5,USD/dry_mt,"Iron ore, cfr spot"
1966-04-01,1966M04,thermal_coal,Australia,,USD/mt,"Coal, Australian"
1966-04-01,1966M04,thermal_coal,South_Africa,,USD/mt,"Coal, South African **"
1966-05-01,1966M05,crude_oil,Brent,1.4,USD/bbl,"Crude oil, Brent"
1966-05-01,1966M05,iron_ore,Global_CFR_China,9.5,USD/dry_mt,"Iron ore, cfr spot"
1966-05-01,1966M05,thermal_coal,Australia,,USD/mt,"Coal, Australian"
1966-05-01,1966M05,thermal_coal,South_Africa,,USD/mt,"Coal, South African **"
1966-06-01,1966M06,crude_oil,Brent,1.4,USD/bbl,"Crude oil, Brent"
1966-06-01,1966M06,iron_ore,Global_CFR_China,9.5,USD/dry_mt,"Iron ore, cfr spot"
1966-06-01,1966M06,thermal_coal,Australia,,USD/mt,"Coal, Australian"
1966-06-01,1966M06,thermal_coal,South_Africa,,USD/mt,"Coal, South African **"
1966-07-01,1966M07,crude_oil,Brent,1.4,USD/bbl,"Crude oil, Brent"
1966-07-01,1966M07,iron_ore,Global_CFR_China,9.5,USD/dry_mt,"Iron ore, cfr spot"
1966-07-01,1966M07,thermal_coal,Australia,,USD/mt,"Coal, Australian"
1966-07-01,1966M07,thermal_coal,South_Africa,,USD/mt,"Coal, South African **"
1966-08-01,1966M08,crude_oil,Brent,1.4,USD/bbl,"Crude oil, Brent"
1966-08-01,1966M08,iron_ore,Global_CFR_China,9.5,USD/dry_mt,"Iron ore, cfr spot"
1966-08-01,1966M08,thermal_coal,Australia,,USD/mt,"Coal, Australian"
1966-08-01,1966M08,thermal_coal,South_Africa,,USD/mt,"Coal, South African **"
1966-09-01,1966M09,crude_oil,Brent,1.4,USD/bbl,"Crude oil, Brent"
1966-09-01,1966M09,iron_ore,Global_CFR_China,9.5,USD/dry_mt,"Iron ore, cfr spot"
1966-09-01,1966M09,thermal_coal,Australia,,USD/mt,"Coal, Australian"
1966-09-01,1966M09,thermal_coal,South_Africa,,USD/mt,"Coal, South African **"
1966-10-01,1966M10,crude_oil,Brent,1.4,USD/bbl,"Crude oil, Brent"
1966-10-01,1966M10,iron_ore,Global_CFR_China,9.5,USD/dry_mt,"Iron ore, cfr spot"
1966-10-01,1966M10,thermal_coal,Australia,,USD/mt,"Coal, Australian"
1966-10-01,1966M10,thermal_coal,South_Africa,,USD/mt,"Coal, South African **"
1966-11-01,1966M11,crude_oil,Brent,1.4,USD/bbl,"Crude oil, Brent"
1966-11-01,1966M11,iron_ore,Global_CFR_China,9.5,USD/dry_mt,"Iron ore, cfr spot"
1966-11-01,1966M11,thermal_coal,Australia,,USD/mt,"Coal, Australian"
1966-11-01,1966M11,thermal_coal,South_Africa,,USD/mt,"Coal, South African **"
1966-12-01,1966M12,crude_oil,Brent,1.4,USD/bbl,"Crude oil, Brent"
1966-12-01,1966M12,iron_ore,Global_CFR_China,9.5,USD/dry_mt,"Iron ore, cfr spot"
1966-12-01,1966M12,thermal_coal,Australia,,USD/mt,"Coal, Australian"
1966-12-01,1966M12,thermal_coal,South_Africa,,USD/mt,"Coal, South African **"
1967-01-01,1967M01,crude_oil,Brent,1.3,USD/bbl,"Crude oil, Brent"
1967-01-01,1967M01,iron_ore,Global_CFR_China,8.9,USD/dry_mt,"Iron ore, cfr spot"
1967-01-01,1967M01,thermal_coal,Australia,,USD/mt,"Coal, Australian"
1967-01-01,1967M01,thermal_coal,South_Africa,,USD/mt,"Coal, South African **"
1967-02-01,1967M02,crude_oil,Brent,1.3,USD/bbl,"Crude oil, Brent"
1967-02-01,1967M02,iron_ore,Global_CFR_China,8.9,USD/dry_mt,"Iron ore, cfr spot"
1967-02-01,1967M02,thermal_coal,Australia,,USD/mt,"Coal, Australian"
1967-02-01,1967M02,thermal_coal,South_Africa,,USD/mt,"Coal, South African **"
1967-03-01,1967M03,crude_oil,Brent,1.3,USD/bbl,"Crude oil, Brent"
1967-03-01,1967M03,iron_ore,Global_CFR_China,8.9,USD/dry_mt,"Iron ore, cfr spot"
1967-03-01,1967M03,thermal_coal,Australia,,USD/mt,"Coal, Australian"
1967-03-01,1967M03,thermal_coal,South_Africa,,USD/mt,"Coal, South African **"
1967-04-01,1967M04,crude_oil,Brent,1.3,USD/bbl,"Crude oil, Brent"
1967-04-01,1967M04,iron_ore,Global_CFR_China,8.9,USD/dry_mt,"Iron ore, cfr spot"
1967-04-01,1967M04,thermal_coal,Australia,,USD/mt,"Coal, Australian"
1967-04-01,1967M04,thermal_coal,South_Africa,,USD/mt,"Coal, South African **"
1967-05-01,1967M05,crude_oil,Brent,1.3,USD/bbl,"Crude oil, Brent"
1967-05-01,1967M05,iron_ore,Global_CFR_China,8.9,USD/dry_mt,"Iron ore, cfr spot"
1967-05-01,1967M05,thermal_coal,Australia,,USD/mt,"Coal, Australian"
1967-05-01,1967M05,thermal_coal,South_Africa,,USD/mt,"Coal, South African **"
1967-06-01,1967M06,crude_oil,Brent,1.3,USD/bbl,"Crude oil, Brent"
1967-06-01,1967M06,iron_ore,Global_CFR_China,8.9,USD/dry_mt,"Iron ore, cfr spot"
1967-06-01,1967M06,thermal_coal,Australia,,USD/mt,"Coal, Australian"
1967-06-01,1967M06,thermal_coal,South_Africa,,USD/mt,"Coal, South African **"
1967-07-01,1967M07,crude_oil,Brent,1.3,USD/bbl,"Crude oil, Brent"
1967-07-01,1967M07,iron_ore,Global_CFR_China,8.9,USD/dry_mt,"Iron ore, cfr spot"
1967-07-01,1967M07,thermal_coal,Australia,,USD/mt,"Coal, Australian"
1967-07-01,1967M07,thermal_coal,South_Africa,,USD/mt,"Coal, South African **"
1967-08-01,1967M08,crude_oil,Brent,1.3,USD/bbl,"Crude oil, Brent"
1967-08-01,1967M08,iron_ore,Global_CFR_China,8.9,USD/dry_mt,"Iron ore, cfr spot"
1967-08-01,1967M08,thermal_coal,Australia,,USD/mt,"Coal, Australian"
1967-08-01,1967M08,thermal_coal,South_Africa,,USD/mt,"Coal, South African **"
1967-09-01,1967M09,crude_oil,Brent,1.3,USD/bbl,"Crude oil, Brent"
1967-09-01,1967M09,iron_ore,Global_CFR_China,8.9,USD/dry_mt,"Iron ore, cfr spot"
1967-09-01,1967M09,thermal_coal,Australia,,USD/mt,"Coal, Australian"
1967-09-01,1967M09,thermal_coal,South_Africa,,USD/mt,"Coal, South African **"
1967-10-01,1967M10,crude_oil,Brent,1.3,USD/bbl,"Crude oil, Brent"
1967-10-01,1967M10,iron_ore,Global_CFR_China,8.9,USD/dry_mt,"Iron ore, cfr spot"
1967-10-01,1967M10,thermal_coal,Australia,,USD/mt,"Coal, Australian"
1967-10-01,1967M10,thermal_coal,South_Africa,,USD/mt,"Coal, South African **"
1967-11-01,1967M11,crude_oil,Brent,1.3,USD/bbl,"Crude oil, Brent"
1967-11-01,1967M11,iron_ore,Global_CFR_China,8.9,USD/dry_mt,"Iron ore, cfr spot"
1967-11-01,1967M11,thermal_coal,Australia,,USD/mt,"Coal, Australian"
1967-11-01,1967M11,thermal_coal,South_Africa,,USD/mt,"Coal, South African **"
1967-12-01,1967M12,crude_oil,Brent,1.3,USD/bbl,"Crude oil, Brent"
1967-12-01,1967M12,iron_ore,Global_CFR_China,8.9,USD/dry_mt,"Iron ore, cfr spot"
1967-12-01,1967M12,thermal_coal,Australia,,USD/mt,"Coal, Australian"
1967-12-01,1967M12,thermal_coal,South_Africa,,USD/mt,"Coal, South African **"
1968-01-01,1968M01,crude_oil,Brent,1.3,USD/bbl,"Crude oil, Brent"
1968-01-01,1968M01,iron_ore,Global_CFR_China,8.8,USD/dry_mt,"Iron ore, cfr spot"
1968-01-01,1968M01,thermal_coal,Australia,,USD/mt,"Coal, Australian"
1968-01-01,1968M01,thermal_coal,South_Africa,,USD/mt,"Coal, South African **"
1968-02-01,1968M02,crude_oil,Brent,1.3,USD/bbl,"Crude oil, Brent"
1968-02-01,1968M02,iron_ore,Global_CFR_China,8.8,USD/dry_mt,"Iron ore, cfr spot"
1968-02-01,1968M02,thermal_coal,Australia,,USD/mt,"Coal, Australian"
1968-02-01,1968M02,thermal_coal,South_Africa,,USD/mt,"Coal, South African **"
1968-03-01,1968M03,crude_oil,Brent,1.3,USD/bbl,"Crude oil, Brent"
1968-03-01,1968M03,iron_ore,Global_CFR_China,8.8,USD/dry_mt,"Iron ore, cfr spot"
1968-03-01,1968M03,thermal_coal,Australia,,USD/mt,"Coal, Australian"
1968-03-01,1968M03,thermal_coal,South_Africa,,USD/mt,"Coal, South African **"
1968-04-01,1968M04,crude_oil,Brent,1.3,USD/bbl,"Crude oil, Brent"
1968-04-01,1968M04,iron_ore,Global_CFR_China,8.8,USD/dry_mt,"Iron ore, cfr spot"
1968-04-01,1968M04,thermal_coal,Australia,,USD/mt,"Coal, Australian"
1968-04-01,1968M04,thermal_coal,South_Africa,,USD/mt,"Coal, South African **"
1968-05-01,1968M05,crude_oil,Brent,1.3,USD/bbl,"Crude oil, Brent"
1968-05-01,1968M05,iron_ore,Global_CFR_China,8.8,USD/dry_mt,"Iron ore, cfr spot"
1968-05-01,1968M05,thermal_coal,Australia,,USD/mt,"Coal, Australian"
1968-05-01,1968M05,thermal_coal,South_Africa,,USD/mt,"Coal, South African **"
1968-06-01,1968M06,crude_oil,Brent,1.3,USD/bbl,"Crude oil, Brent"
1968-06-01,1968M06,iron_ore,Global_CFR_China,8.8,USD/dry_mt,"Iron ore, cfr spot"
1968-06-01,1968M06,thermal_coal,Australia,,USD/mt,"Coal, Australian"
1968-06-01,1968M06,thermal_coal,South_Africa,,USD/mt,"Coal, South African **"
1968-07-01,1968M07,crude_oil,Brent,1.3,USD/bbl,"Crude oil, Brent"
1968-07-01,1968M07,iron_ore,Global_CFR_China,8.8,USD/dry_mt,"Iron ore, cfr spot"
1968-07-01,1968M07,thermal_coal,Australia,,USD/mt,"Coal, Australian"
1968-07-01,1968M07,thermal_coal,South_Africa,,USD/mt,"Coal, South African **"
1968-08-01,1968M08,crude_oil,Brent,1.3,USD/bbl,"Crude oil, Brent"
1968-08-01,1968M08,iron_ore,Global_CFR_China,8.8,USD/dry_mt,"Iron ore, cfr spot"
1968-08-01,1968M08,thermal_coal,Australia,,USD/mt,"Coal, Australian"
1968-08-01,1968M08,thermal_coal,South_Africa,,USD/mt,"Coal, South African **"
1968-09-01,1968M09,crude_oil,Brent,1.3,USD/bbl,"Crude oil, Brent"
1968-09-01,1968M09,iron_ore,Global_CFR_China,8.8,USD/dry_mt,"Iron ore, cfr spot"
1968-09-01,1968M09,thermal_coal,Australia,,USD/mt,"Coal, Australian"
1968-09-01,1968M09,thermal_coal,South_Africa,,USD/mt,"Coal, South African **"
1968-10-01,1968M10,crude_oil,Brent,1.3,USD/bbl,"Crude oil, Brent"
1968-10-01,1968M10,iron_ore,Global_CFR_China,8.8,USD/dry_mt,"Iron ore, cfr spot"
1968-10-01,1968M10,thermal_coal,Australia,,USD/mt,"Coal, Australian"
1968-10-01,1968M10,thermal_coal,South_Africa,,USD/mt,"Coal, South African **"
1968-11-01,1968M11,crude_oil,Brent,1.3,USD/bbl,"Crude oil, Brent"
1968-11-01,1968M11,iron_ore,Global_CFR_China,8.8,USD/dry_mt,"Iron ore, cfr spot"
1968-11-01,1968M11,thermal_coal,Australia,,USD/mt,"Coal, Australian"
1968-11-01,1968M11,thermal_coal,South_Africa,,USD/mt,"Coal, South African **"
1968-12-01,1968M12,crude_oil,Brent,1.3,USD/bbl,"Crude oil, Brent"
1968-12-01,1968M12,iron_ore,Global_CFR_China,8.8,USD/dry_mt,"Iron ore, cfr spot"
1968-12-01,1968M12,thermal_coal,Australia,,USD/mt,"Coal, Australian"
1968-12-01,1968M12,thermal_coal,South_Africa,,USD/mt,"Coal, South African **"
1969-01-01,1969M01,crude_oil,Brent,1.3,USD/bbl,"Crude oil, Brent"
1969-01-01,1969M01,iron_ore,Global_CFR_China,9.8,USD/dry_mt,"Iron ore, cfr spot"
1969-01-01,1969M01,thermal_coal,Australia,,USD/mt,"Coal, Australian"
1969-01-01,1969M01,thermal_coal,South_Africa,,USD/mt,"Coal, South African **"
1969-02-01,1969M02,crude_oil,Brent,1.3,USD/bbl,"Crude oil, Brent"
1969-02-01,1969M02,iron_ore,Global_CFR_China,9.8,USD/dry_mt,"Iron ore, cfr spot"
1969-02-01,1969M02,thermal_coal,Australia,,USD/mt,"Coal, Australian"
1969-02-01,1969M02,thermal_coal,South_Africa,,USD/mt,"Coal, South African **"
1969-03-01,1969M03,crude_oil,Brent,1.3,USD/bbl,"Crude oil, Brent"
1969-03-01,1969M03,iron_ore,Global_CFR_China,9.8,USD/dry_mt,"Iron ore, cfr spot"
1969-03-01,1969M03,thermal_coal,Australia,,USD/mt,"Coal, Australian"
1969-03-01,1969M03,thermal_coal,South_Africa,,USD/mt,"Coal, South African **"
1969-04-01,1969M04,crude_oil,Brent,1.3,USD/bbl,"Crude oil, Brent"
1969-04-01,1969M04,iron_ore,Global_CFR_China,9.8,USD/dry_mt,"Iron ore, cfr spot"
1969-04-01,1969M04,thermal_coal,Australia,,USD/mt,"Coal, Australian"
1969-04-01,1969M04,thermal_coal,South_Africa,,USD/mt,"Coal, South African **"
1969-05-01,1969M05,crude_oil,Brent,1.3,USD/bbl,"Crude oil, Brent"
1969-05-01,1969M05,iron_ore,Global_CFR_China,9.8,USD/dry_mt,"Iron ore, cfr spot"
1969-05-01,1969M05,thermal_coal,Australia,,USD/mt,"Coal, Australian"
1969-05-01,1969M05,thermal_coal,South_Africa,,USD/mt,"Coal, South African **"
1969-06-01,1969M06,crude_oil,Brent,1.3,USD/bbl,"Crude oil, Brent"
1969-06-01,1969M06,iron_ore,Global_CFR_China,9.8,USD/dry_mt,"Iron ore, cfr spot"
1969-06-01,1969M06,thermal_coal,Australia,,USD/mt,"Coal, Australian"
1969-06-01,1969M06,thermal_coal,South_Africa,,USD/mt,"Coal, South African **"
1969-07-01,1969M07,crude_oil,Brent,1.3,USD/bbl,"Crude oil, Brent"
1969-07-01,1969M07,iron_ore,Global_CFR_China,9.8,USD/dry_mt,"Iron ore, cfr spot"
1969-07-01,1969M07,thermal_coal,Australia,,USD/mt,"Coal, Australian"
1969-07-01,1969M07,thermal_coal,South_Africa,,USD/mt,"Coal, South African **"
1969-08-01,1969M08,crude_oil,Brent,1.3,USD/bbl,"Crude oil, Brent"
1969-08-01,1969M08,iron_ore,Global_CFR_China,9.8,USD/dry_mt,"Iron ore, cfr spot"
1969-08-01,1969M08,thermal_coal,Australia,,USD/mt,"Coal, Australian"
1969-08-01,1969M08,thermal_coal,South_Africa,,USD/mt,"Coal, South African **"
1969-09-01,1969M09,crude_oil,Brent,1.3,USD/bbl,"Crude oil, Brent"
1969-09-01,1969M09,iron_ore,Global_CFR_China,9.8,USD/dry_mt,"Iron ore, cfr spot"
1969-09-01,1969M09,thermal_coal,Australia,,USD/mt,"Coal, Australian"
1969-09-01,1969M09,thermal_coal,South_Africa,,USD/mt,"Coal, South African **"
1969-10-01,1969M10,crude_oil,Brent,1.3,USD/bbl,"Crude oil, Brent"
1969-10-01,1969M10,iron_ore,Global_CFR_China,9.8,USD/dry_mt,"Iron ore, cfr spot"
1969-10-01,1969M10,thermal_coal,Australia,,USD/mt,"Coal, Australian"
1969-10-01,1969M10,thermal_coal,South_Africa,,USD/mt,"Coal, South African **"
1969-11-01,1969M11,crude_oil,Brent,1.3,USD/bbl,"Crude oil, Brent"
1969-11-01,1969M11,iron_ore,Global_CFR_China,9.8,USD/dry_mt,"Iron ore, cfr spot"
1969-11-01,1969M11,thermal_coal,Australia,,USD/mt,"Coal, Australian"
1969-11-01,1969M11,thermal_coal,South_Africa,,USD/mt,"Coal, South African **"
1969-12-01,1969M12,crude_oil,Brent,1.3,USD/bbl,"Crude oil, Brent"
1969-12-01,1969M12,iron_ore,Global_CFR_China,9.8,USD/dry_mt,"Iron ore, cfr spot"
1969-12-01,1969M12,thermal_coal,Australia,,USD/mt,"Coal, Australian"
1969-12-01,1969M12,thermal_coal,South_Africa,,USD/mt,"Coal, South African **"
1970-01-01,1970M01,crude_oil,Brent,1.2,USD/bbl,"Crude oil, Brent"
1970-01-01,1970M01,iron_ore,Global_CFR_China,9.8,USD/dry_mt,"Iron ore, cfr spot"
1970-01-01,1970M01,thermal_coal,Australia,7.8,USD/mt,"Coal, Australian"
1970-01-01,1970M01,thermal_coal,South_Africa,,USD/mt,"Coal, South African **"
1970-02-01,1970M02,crude_oil,Brent,1.2,USD/bbl,"Crude oil, Brent"
1970-02-01,1970M02,iron_ore,Global_CFR_China,9.8,USD/dry_mt,"Iron ore, cfr spot"
1970-02-01,1970M02,thermal_coal,Australia,7.8,USD/mt,"Coal, Australian"
1970-02-01,1970M02,thermal_coal,South_Africa,,USD/mt,"Coal, South African **"
1970-03-01,1970M03,crude_oil,Brent,1.2,USD/bbl,"Crude oil, Brent"
1970-03-01,1970M03,iron_ore,Global_CFR_China,9.8,USD/dry_mt,"Iron ore, cfr spot"
1970-03-01,1970M03,thermal_coal,Australia,7.8,USD/mt,"Coal, Australian"
1970-03-01,1970M03,thermal_coal,South_Africa,,USD/mt,"Coal, South African **"
1970-04-01,1970M04,crude_oil,Brent,1.2,USD/bbl,"Crude oil, Brent"
1970-04-01,1970M04,iron_ore,Global_CFR_China,9.8,USD/dry_mt,"Iron ore, cfr spot"
1970-04-01,1970M04,thermal_coal,Australia,7.8,USD/mt,"Coal, Australian"
1970-04-01,1970M04,thermal_coal,South_Africa,,USD/mt,"Coal, South African **"
1970-05-01,1970M05,crude_oil,Brent,1.2,USD/bbl,"Crude oil, Brent"
1970-05-01,1970M05,iron_ore,Global_CFR_China,9.8,USD/dry_mt,"Iron ore, cfr spot"
1970-05-01,1970M05,thermal_coal,Australia,7.8,USD/mt,"Coal, Australian"
1970-05-01,1970M05,thermal_coal,South_Africa,,USD/mt,"Coal, South African **"
1970-06-01,1970M06,crude_oil,Brent,1.2,USD/bbl,"Crude oil, Brent"
1970-06-01,1970M06,iron_ore,Global_CFR_China,9.8,USD/dry_mt,"Iron ore, cfr spot"
1970-06-01,1970M06,thermal_coal,Australia,7.8,USD/mt,"Coal, Australian"
1970-06-01,1970M06,thermal_coal,South_Africa,,USD/mt,"Coal, South African **"
1970-07-01,1970M07,crude_oil,Brent,1.2,USD/bbl,"Crude oil, Brent"
1970-07-01,1970M07,iron_ore,Global_CFR_China,9.8,USD/dry_mt,"Iron ore, cfr spot"
1970-07-01,1970M07,thermal_coal,Australia,7.8,USD/mt,"Coal, Australian"
1970-07-01,1970M07,thermal_coal,South_Africa,,USD/mt,"Coal, South African **"
1970-08-01,1970M08,crude_oil,Brent,1.2,USD/bbl,"Crude oil, Brent"
1970-08-01,1970M08,iron_ore,Global_CFR_China,9.8,USD/dry_mt,"Iron ore, cfr spot"
1970-08-01,1970M08,thermal_coal,Australia,7.8,USD/mt,"Coal, Australian"
1970-08-01,1970M08,thermal_coal,South_Africa,,USD/mt,"Coal, South African **"
1970-09-01,1970M09,crude_oil,Brent,1.2,USD/bbl,"Crude oil, Brent"
1970-09-01,1970M09,iron_ore,Global_CFR_China,9.8,USD/dry_mt,"Iron ore, cfr spot"
1970-09-01,1970M09,thermal_coal,Australia,7.8,USD/mt,"Coal, Australian"
1970-09-01,1970M09,thermal_coal,South_Africa,,USD/mt,"Coal, South African **"
1970-10-01,1970M10,crude_oil,Brent,1.2,USD/bbl,"Crude oil, Brent"
1970-10-01,1970M10,iron_ore,Global_CFR_China,9.8,USD/dry_mt,"Iron ore, cfr spot"
1970-10-01,1970M10,thermal_coal,Australia,7.8,USD/mt,"Coal, Australian"
1970-10-01,1970M10,thermal_coal,South_Africa,,USD/mt,"Coal, South African **"
1970-11-01,1970M11,crude_oil,Brent,1.2,USD/bbl,"Crude oil, Brent"
1970-11-01,1970M11,iron_ore,Global_CFR_China,9.8,USD/dry_mt,"Iron ore, cfr spot"
1970-11-01,1970M11,thermal_coal,Australia,7.8,USD/mt,"Coal, Australian"
1970-11-01,1970M11,thermal_coal,South_Africa,,USD/mt,"Coal, South African **"
1970-12-01,1970M12,crude_oil,Brent,1.2,USD/bbl,"Crude oil, Brent"
1970-12-01,1970M12,iron_ore,Global_CFR_China,9.8,USD/dry_mt,"Iron ore, cfr spot"
1970-12-01,1970M12,thermal_coal,Australia,7.8,USD/mt,"Coal, Australian"
1970-12-01,1970M12,thermal_coal,South_Africa,,USD/mt,"Coal, South African **"
1971-01-01,1971M01,crude_oil,Brent,1.6,USD/bbl,"Crude oil, Brent"
1971-01-01,1971M01,iron_ore,Global_CFR_China,10.3,USD/dry_mt,"Iron ore, cfr spot"
1971-01-01,1971M01,thermal_coal,Australia,8.7,USD/mt,"Coal, Australian"
1971-01-01,1971M01,thermal_coal,South_Africa,,USD/mt,"Coal, South African **"
1971-02-01,1971M02,crude_oil,Brent,1.6,USD/bbl,"Crude oil, Brent"
1971-02-01,1971M02,iron_ore,Global_CFR_China,10.3,USD/dry_mt,"Iron ore, cfr spot"
1971-02-01,1971M02,thermal_coal,Australia,8.7,USD/mt,"Coal, Australian"
1971-02-01,1971M02,thermal_coal,South_Africa,,USD/mt,"Coal, South African **"
1971-03-01,1971M03,crude_oil,Brent,1.6,USD/bbl,"Crude oil, Brent"
1971-03-01,1971M03,iron_ore,Global_CFR_China,10.3,USD/dry_mt,"Iron ore, cfr spot"
1971-03-01,1971M03,thermal_coal,Australia,8.7,USD/mt,"Coal, Australian"
1971-03-01,1971M03,thermal_coal,South_Africa,,USD/mt,"Coal, South African **"
1971-04-01,1971M04,crude_oil,Brent,1.6,USD/bbl,"Crude oil, Brent"
1971-04-01,1971M04,iron_ore,Global_CFR_China,10.3,USD/dry_mt,"Iron ore, cfr spot"
1971-04-01,1971M04,thermal_coal,Australia,8.7,USD/mt,"Coal, Australian"
1971-04-01,1971M04,thermal_coal,South_Africa,,USD/mt,"Coal, South African **"
1971-05-01,1971M05,crude_oil,Brent,1.6,USD/bbl,"Crude oil, Brent"
1971-05-01,1971M05,iron_ore,Global_CFR_China,10.3,USD/dry_mt,"Iron ore, cfr spot"
1971-05-01,1971M05,thermal_coal,Australia,8.7,USD/mt,"Coal, Australian"
1971-05-01,1971M05,thermal_coal,South_Africa,,USD/mt,"Coal, South African **"
1971-06-01,1971M06,crude_oil,Brent,1.6,USD/bbl,"Crude oil, Brent"
1971-06-01,1971M06,iron_ore,Global_CFR_China,10.3,USD/dry_mt,"Iron ore, cfr spot"
1971-06-01,1971M06,thermal_coal,Australia,8.7,USD/mt,"Coal, Australian"
1971-06-01,1971M06,thermal_coal,South_Africa,,USD/mt,"Coal, South African **"
1971-07-01,1971M07,crude_oil,Brent,1.7,USD/bbl,"Crude oil, Brent"
1971-07-01,1971M07,iron_ore,Global_CFR_China,10.3,USD/dry_mt,"Iron ore, cfr spot"
1971-07-01,1971M07,thermal_coal,Australia,8.7,USD/mt,"Coal, Australian"
1971-07-01,1971M07,thermal_coal,South_Africa,,USD/mt,"Coal, South African **"
1971-08-01,1971M08,crude_oil,Brent,1.7,USD/bbl,"Crude oil, Brent"
1971-08-01,1971M08,iron_ore,Global_CFR_China,10.3,USD/dry_mt,"Iron ore, cfr spot"
1971-08-01,1971M08,thermal_coal,Australia,8.7,USD/mt,"Coal, Australian"
1971-08-01,1971M08,thermal_coal,South_Africa,,USD/mt,"Coal, South African **"
1971-09-01,1971M09,crude_oil,Brent,1.7,USD/bbl,"Crude oil, Brent"
1971-09-01,1971M09,iron_ore,Global_CFR_China,10.3,USD/dry_mt,"Iron ore, cfr spot"
1971-09-01,1971M09,thermal_coal,Australia,8.7,USD/mt,"Coal, Australian"
1971-09-01,1971M09,thermal_coal,South_Africa,,USD/mt,"Coal, South African **"
1971-10-01,1971M10,crude_oil,Brent,1.7,USD/bbl,"Crude oil, Brent"
1971-10-01,1971M10,iron_ore,Global_CFR_China,10.3,USD/dry_mt,"Iron ore, cfr spot"
1971-10-01,1971M10,thermal_coal,Australia,8.7,USD/mt,"Coal, Australian"
1971-10-01,1971M10,thermal_coal,South_Africa,,USD/mt,"Coal, South African **"
1971-11-01,1971M11,crude_oil,Brent,1.7,USD/bbl,"Crude oil, Brent"
1971-11-01,1971M11,iron_ore,Global_CFR_China,10.3,USD/dry_mt,"Iron ore, cfr spot"
1971-11-01,1971M11,thermal_coal,Australia,8.7,USD/mt,"Coal, Australian"
1971-11-01,1971M11,thermal_coal,South_Africa,,USD/mt,"Coal, South African **"
1971-12-01,1971M12,crude_oil,Brent,1.7,USD/bbl,"Crude oil, Brent"
1971-12-01,1971M12,iron_ore,Global_CFR_China,10.3,USD/dry_mt,"Iron ore, cfr spot"
1971-12-01,1971M12,thermal_coal,Australia,8.7,USD/mt,"Coal, Australian"
1971-12-01,1971M12,thermal_coal,South_Africa,,USD/mt,"Coal, South African **"
1972-01-01,1972M01,crude_oil,Brent,1.8,USD/bbl,"Crude oil, Brent"
1972-01-01,1972M01,iron_ore,Global_CFR_China,10.3,USD/dry_mt,"Iron ore, cfr spot"
1972-01-01,1972M01,thermal_coal,Australia,9.6,USD/mt,"Coal, Australian"
1972-01-01,1972M01,thermal_coal,South_Africa,,USD/mt,"Coal, South African **"
1972-02-01,1972M02,crude_oil,Brent,1.8,USD/bbl,"Crude oil, Brent"
1972-02-01,1972M02,iron_ore,Global_CFR_China,10.3,USD/dry_mt,"Iron ore, cfr spot"
1972-02-01,1972M02,thermal_coal,Australia,9.6,USD/mt,"Coal, Australian"
1972-02-01,1972M02,thermal_coal,South_Africa,,USD/mt,"Coal, South African **"
1972-03-01,1972M03,crude_oil,Brent,1.8,USD/bbl,"Crude oil, Brent"
1972-03-01,1972M03,iron_ore,Global_CFR_China,10.3,USD/dry_mt,"Iron ore, cfr spot"
1972-03-01,1972M03,thermal_coal,Australia,9.6,USD/mt,"Coal, Australian"
1972-03-01,1972M03,thermal_coal,South_Africa,,USD/mt,"Coal, South African **"
1972-04-01,1972M04,crude_oil,Brent,1.8,USD/bbl,"Crude oil, Brent"
1972-04-01,1972M04,iron_ore,Global_CFR_China,10.3,USD/dry_mt,"Iron ore, cfr spot"
1972-04-01,1972M04,thermal_coal,Australia,9.6,USD/mt,"Coal, Australian"
1972-04-01,1972M04,thermal_coal,South_Africa,,USD/mt,"Coal, South African **"
1972-05-01,1972M05,crude_oil,Brent,1.8,USD/bbl,"Crude oil, Brent"
1972-05-01,1972M05,iron_ore,Global_CFR_China,10.3,USD/dry_mt,"Iron ore, cfr spot"
1972-05-01,1972M05,thermal_coal,Australia,9.6,USD/mt,"Coal, Australian"
1972-05-01,1972M05,thermal_coal,South_Africa,,USD/mt,"Coal, South African **"
1972-06-01,1972M06,crude_oil,Brent,1.8,USD/bbl,"Crude oil, Brent"
1972-06-01,1972M06,iron_ore,Global_CFR_China,10.3,USD/dry_mt,"Iron ore, cfr spot"
1972-06-01,1972M06,thermal_coal,Australia,9.6,USD/mt,"Coal, Australian"
1972-06-01,1972M06,thermal_coal,South_Africa,,USD/mt,"Coal, South African **"
1972-07-01,1972M07,crude_oil,Brent,1.9,USD/bbl,"Crude oil, Brent"
1972-07-01,1972M07,iron_ore,Global_CFR_China,10.3,USD/dry_mt,"Iron ore, cfr spot"
1972-07-01,1972M07,thermal_coal,Australia,9.6,USD/mt,"Coal, Australian"
1972-07-01,1972M07,thermal_coal,South_Africa,,USD/mt,"Coal, South African **"
1972-08-01,1972M08,crude_oil,Brent,1.9,USD/bbl,"Crude oil, Brent"
1972-08-01,1972M08,iron_ore,Global_CFR_China,10.3,USD/dry_mt,"Iron ore, cfr spot"
1972-08-01,1972M08,thermal_coal,Australia,9.6,USD/mt,"Coal, Australian"
1972-08-01,1972M08,thermal_coal,South_Africa,,USD/mt,"Coal, South African **"
1972-09-01,1972M09,crude_oil,Brent,1.9,USD/bbl,"Crude oil, Brent"
1972-09-01,1972M09,iron_ore,Global_CFR_China,10.3,USD/dry_mt,"Iron ore, cfr spot"
1972-09-01,1972M09,thermal_coal,Australia,9.6,USD/mt,"Coal, Australian"
1972-09-01,1972M09,thermal_coal,South_Africa,,USD/mt,"Coal, South African **"
1972-10-01,1972M10,crude_oil,Brent,1.9,USD/bbl,"Crude oil, Brent"
1972-10-01,1972M10,iron_ore,Global_CFR_China,10.3,USD/dry_mt,"Iron ore, cfr spot"
1972-10-01,1972M10,thermal_coal,Australia,9.6,USD/mt,"Coal, Australian"
1972-10-01,1972M10,thermal_coal,South_Africa,,USD/mt,"Coal, South African **"
1972-11-01,1972M11,crude_oil,Brent,1.9,USD/bbl,"Crude oil, Brent"
1972-11-01,1972M11,iron_ore,Global_CFR_China,10.3,USD/dry_mt,"Iron ore, cfr spot"
1972-11-01,1972M11,thermal_coal,Australia,9.6,USD/mt,"Coal, Australian"
1972-11-01,1972M11,thermal_coal,South_Africa,,USD/mt,"Coal, South African **"
1972-12-01,1972M12,crude_oil,Brent,1.9,USD/bbl,"Crude oil, Brent"
1972-12-01,1972M12,iron_ore,Global_CFR_China,10.3,USD/dry_mt,"Iron ore, cfr spot"
1972-12-01,1972M12,thermal_coal,Australia,9.6,USD/mt,"Coal, Australian"
1972-12-01,1972M12,thermal_coal,South_Africa,,USD/mt,"Coal, South African **"
1973-01-01,1973M01,crude_oil,Brent,2.1,USD/bbl,"Crude oil, Brent"
1973-01-01,1973M01,iron_ore,Global_CFR_China,10.3,USD/dry_mt,"Iron ore, cfr spot"
1973-01-01,1973M01,thermal_coal,Australia,11.5,USD/mt,"Coal, Australian"
1973-01-01,1973M01,thermal_coal,South_Africa,,USD/mt,"Coal, South African **"
1973-02-01,1973M02,crude_oil,Brent,2.1,USD/bbl,"Crude oil, Brent"
1973-02-01,1973M02,iron_ore,Global_CFR_China,10.3,USD/dry_mt,"Iron ore, cfr spot"
1973-02-01,1973M02,thermal_coal,Australia,11.5,USD/mt,"Coal, Australian"
1973-02-01,1973M02,thermal_coal,South_Africa,,USD/mt,"Coal, South African **"
1973-03-01,1973M03,crude_oil,Brent,2.1,USD/bbl,"Crude oil, Brent"
1973-03-01,1973M03,iron_ore,Global_CFR_China,10.3,USD/dry_mt,"Iron ore, cfr spot"
1973-03-01,1973M03,thermal_coal,Australia,11.5,USD/mt,"Coal, Australian"
1973-03-01,1973M03,thermal_coal,South_Africa,,USD/mt,"Coal, South African **"
1973-04-01,1973M04,crude_oil,Brent,2.4,USD/bbl,"Crude oil, Brent"
1973-04-01,1973M04,iron_ore,Global_CFR_China,10.3,USD/dry_mt,"Iron ore, cfr spot"
1973-04-01,1973M04,thermal_coal,Australia,11.5,USD/mt,"Coal, Australian"
1973-04-01,1973M04,thermal_coal,South_Africa,,USD/mt,"Coal, South African **"
1973-05-01,1973M05,crude_oil,Brent,2.4,USD/bbl,"Crude oil, Brent"
1973-05-01,1973M05,iron_ore,Global_CFR_China,10.3,USD/dry_mt,"Iron ore, cfr spot"
1973-05-01,1973M05,thermal_coal,Australia,11.5,USD/mt,"Coal, Australian"
1973-05-01,1973M05,thermal_coal,South_Africa,,USD/mt,"Coal, South African **"
1973-06-01,1973M06,crude_oil,Brent,2.4,USD/bbl,"Crude oil, Brent"
1973-06-01,1973M06,iron_ore,Global_CFR_China,10.3,USD/dry_mt,"Iron ore, cfr spot"
1973-06-01,1973M06,thermal_coal,Australia,11.5,USD/mt,"Coal, Australian"
1973-06-01,1973M06,thermal_coal,South_Africa,,USD/mt,"Coal, South African **"
1973-07-01,1973M07,crude_oil,Brent,2.7,USD/bbl,"Crude oil, Brent"
1973-07-01,1973M07,iron_ore,Global_CFR_China,10.3,USD/dry_mt,"Iron ore, cfr spot"
1973-07-01,1973M07,thermal_coal,Australia,11.5,USD/mt,"Coal, Australian"
1973-07-01,1973M07,thermal_coal,South_Africa,,USD/mt,"Coal, South African **"
1973-08-01,1973M08,crude_oil,Brent,2.7,USD/bbl,"Crude oil, Brent"
1973-08-01,1973M08,iron_ore,Global_CFR_China,10.3,USD/dry_mt,"Iron ore, cfr spot"
1973-08-01,1973M08,thermal_coal,Australia,11.5,USD/mt,"Coal, Australian"
1973-08-01,1973M08,thermal_coal,South_Africa,,USD/mt,"Coal, South African **"
1973-09-01,1973M09,crude_oil,Brent,2.7,USD/bbl,"Crude oil, Brent"
1973-09-01,1973M09,iron_ore,Global_CFR_China,10.3,USD/dry_mt,"Iron ore, cfr spot"
1973-09-01,1973M09,thermal_coal,Australia,11.5,USD/mt,"Coal, Australian"
1973-09-01,1973M09,thermal_coal,South_Africa,,USD/mt,"Coal, South African **"
1973-10-01,1973M10,crude_oil,Brent,4.1,USD/bbl,"Crude oil, Brent"
1973-10-01,1973M10,iron_ore,Global_CFR_China,10.3,USD/dry_mt,"Iron ore, cfr spot"
1973-10-01,1973M10,thermal_coal,Australia,11.5,USD/mt,"Coal, Australian"
1973-10-01,1973M10,thermal_coal,South_Africa,,USD/mt,"Coal, South African **"
1973-11-01,1973M11,crude_oil,Brent,4.1,USD/bbl,"Crude oil, Brent"
1973-11-01,1973M11,iron_ore,Global_CFR_China,10.3,USD/dry_mt,"Iron ore, cfr spot"
1973-11-01,1973M11,thermal_coal,Australia,11.5,USD/mt,"Coal, Australian"
1973-11-01,1973M11,thermal_coal,South_Africa,,USD/mt,"Coal, South African **"
1973-12-01,1973M12,crude_oil,Brent,4.1,USD/bbl,"Crude oil, Brent"
1973-12-01,1973M12,iron_ore,Global_CFR_China,10.3,USD/dry_mt,"Iron ore, cfr spot"
1973-12-01,1973M12,thermal_coal,Australia,11.5,USD/mt,"Coal, Australian"
1973-12-01,1973M12,thermal_coal,South_Africa,,USD/mt,"Coal, South African **"
1974-01-01,1974M01,crude_oil,Brent,13.0,USD/bbl,"Crude oil, Brent"
1974-01-01,1974M01,iron_ore,Global_CFR_China,13.4,USD/dry_mt,"Iron ore, cfr spot"
1974-01-01,1974M01,thermal_coal,Australia,16.9,USD/mt,"Coal, Australian"
1974-01-01,1974M01,thermal_coal,South_Africa,,USD/mt,"Coal, South African **"
1974-02-01,1974M02,crude_oil,Brent,13.0,USD/bbl,"Crude oil, Brent"
1974-02-01,1974M02,iron_ore,Global_CFR_China,13.4,USD/dry_mt,"Iron ore, cfr spot"
1974-02-01,1974M02,thermal_coal,Australia,16.9,USD/mt,"Coal, Australian"
1974-02-01,1974M02,thermal_coal,South_Africa,,USD/mt,"Coal, South African **"
1974-03-01,1974M03,crude_oil,Brent,13.0,USD/bbl,"Crude oil, Brent"
1974-03-01,1974M03,iron_ore,Global_CFR_China,13.4,USD/dry_mt,"Iron ore, cfr spot"
1974-03-01,1974M03,thermal_coal,Australia,16.9,USD/mt,"Coal, Australian"
1974-03-01,1974M03,thermal_coal,South_Africa,,USD/mt,"Coal, South African **"
1974-04-01,1974M04,crude_oil,Brent,10.6,USD/bbl,"Crude oil, Brent"
1974-04-01,1974M04,iron_ore,Global_CFR_China,13.4,USD/dry_mt,"Iron ore, cfr spot"
1974-04-01,1974M04,thermal_coal,Australia,16.9,USD/mt,"Coal, Australian"
1974-04-01,1974M04,thermal_coal,South_Africa,,USD/mt,"Coal, South African **"
1974-05-01,1974M05,crude_oil,Brent,10.6,USD/bbl,"Crude oil, Brent"
1974-05-01,1974M05,iron_ore,Global_CFR_China,13.4,USD/dry_mt,"Iron ore, cfr spot"
1974-05-01,1974M05,thermal_coal,Australia,16.9,USD/mt,"Coal, Australian"
1974-05-01,1974M05,thermal_coal,South_Africa,,USD/mt,"Coal, South African **"
1974-06-01,1974M06,crude_oil,Brent,10.6,USD/bbl,"Crude oil, Brent"
1974-06-01,1974M06,iron_ore,Global_CFR_China,13.4,USD/dry_mt,"Iron ore, cfr spot"
1974-06-01,1974M06,thermal_coal,Australia,16.9,USD/mt,"Coal, Australian"
1974-06-01,1974M06,thermal_coal,South_Africa,,USD/mt,"Coal, South African **"
1974-07-01,1974M07,crude_oil,Brent,10.0,USD/bbl,"Crude oil, Brent"
1974-07-01,1974M07,iron_ore,Global_CFR_China,13.4,USD/dry_mt,"Iron ore, cfr spot"
1974-07-01,1974M07,thermal_coal,Australia,16.9,USD/mt,"Coal, Australian"
1974-07-01,1974M07,thermal_coal,South_Africa,,USD/mt,"Coal, South African **"
1974-08-01,1974M08,crude_oil,Brent,10.0,USD/bbl,"Crude oil, Brent"
1974-08-01,1974M08,iron_ore,Global_CFR_China,13.4,USD/dry_mt,"Iron ore, cfr spot"
1974-08-01,1974M08,thermal_coal,Australia,16.9,USD/mt,"Coal, Australian"
1974-08-01,1974M08,thermal_coal,South_Africa,,USD/mt,"Coal, South African **"
1974-09-01,1974M09,crude_oil,Brent,10.0,USD/bbl,"Crude oil, Brent"
1974-09-01,1974M09,iron_ore,Global_CFR_China,13.4,USD/dry_mt,"Iron ore, cfr spot"
1974-09-01,1974M09,thermal_coal,Australia,16.9,USD/mt,"Coal, Australian"
1974-09-01,1974M09,thermal_coal,South_Africa,,USD/mt,"Coal, South African **"
1974-10-01,1974M10,crude_oil,Brent,10.3,USD/bbl,"Crude oil, Brent"
1974-10-01,1974M10,iron_ore,Global_CFR_China,13.4,USD/dry_mt,"Iron ore, cfr spot"
1974-10-01,1974M10,thermal_coal,Australia,16.9,USD/mt,"Coal, Australian"
1974-10-01,1974M10,thermal_coal,South_Africa,,USD/mt,"Coal, South African **"
1974-11-01,1974M11,crude_oil,Brent,10.3,USD/bbl,"Crude oil, Brent"
1974-11-01,1974M11,iron_ore,Global_CFR_China,13.4,USD/dry_mt,"Iron ore, cfr spot"
1974-11-01,1974M11,thermal_coal,Australia,16.9,USD/mt,"Coal, Australian"
1974-11-01,1974M11,thermal_coal,South_Africa,,USD/mt,"Coal, South African **"
1974-12-01,1974M12,crude_oil,Brent,10.3,USD/bbl,"Crude oil, Brent"
1974-12-01,1974M12,iron_ore,Global_CFR_China,13.4,USD/dry_mt,"Iron ore, cfr spot"
1974-12-01,1974M12,thermal_coal,Australia,16.9,USD/mt,"Coal, Australian"
1974-12-01,1974M12,thermal_coal,South_Africa,,USD/mt,"Coal, South African **"
1975-01-01,1975M01,crude_oil,Brent,10.4,USD/bbl,"Crude oil, Brent"
1975-01-01,1975M01,iron_ore,Global_CFR_China,17.3,USD/dry_mt,"Iron ore, cfr spot"
1975-01-01,1975M01,thermal_coal,Australia,26.8,USD/mt,"Coal, Australian"
1975-01-01,1975M01,thermal_coal,South_Africa,,USD/mt,"Coal, South African **"
1975-02-01,1975M02,crude_oil,Brent,10.4,USD/bbl,"Crude oil, Brent"
1975-02-01,1975M02,iron_ore,Global_CFR_China,17.3,USD/dry_mt,"Iron ore, cfr spot"
1975-02-01,1975M02,thermal_coal,Australia,26.8,USD/mt,"Coal, Australian"
1975-02-01,1975M02,thermal_coal,South_Africa,,USD/mt,"Coal, South African **"
1975-03-01,1975M03,crude_oil,Brent,10.4,USD/bbl,"Crude oil, Brent"
1975-03-01,1975M03,iron_ore,Global_CFR_China,17.3,USD/dry_mt,"Iron ore, cfr spot"
1975-03-01,1975M03,thermal_coal,Australia,26.8,USD/mt,"Coal, Australian"
1975-03-01,1975M03,thermal_coal,South_Africa,,USD/mt,"Coal, South African **"
1975-04-01,1975M04,crude_oil,Brent,10.4,USD/bbl,"Crude oil, Brent"
1975-04-01,1975M04,iron_ore,Global_CFR_China,17.3,USD/dry_mt,"Iron ore, cfr spot"
1975-04-01,1975M04,thermal_coal,Australia,26.8,USD/mt,"Coal, Australian"
1975-04-01,1975M04,thermal_coal,South_Africa,,USD/mt,"Coal, South African **"
1975-05-01,1975M05,crude_oil,Brent,10.4,USD/bbl,"Crude oil, Brent"
1975-05-01,1975M05,iron_ore,Global_CFR_China,17.3,USD/dry_mt,"Iron ore, cfr spot"
1975-05-01,1975M05,thermal_coal,Australia,26.8,USD/mt,"Coal, Australian"
1975-05-01,1975M05,thermal_coal,South_Africa,,USD/mt,"Coal, South African **"
1975-06-01,1975M06,crude_oil,Brent,10.4,USD/bbl,"Crude oil, Brent"
1975-06-01,1975M06,iron_ore,Global_CFR_China,17.3,USD/dry_mt,"Iron ore, cfr spot"
1975-06-01,1975M06,thermal_coal,Australia,26.8,USD/mt,"Coal, Australian"
1975-06-01,1975M06,thermal_coal,South_Africa,,USD/mt,"Coal, South African **"
1975-07-01,1975M07,crude_oil,Brent,10.4,USD/bbl,"Crude oil, Brent"
1975-07-01,1975M07,iron_ore,Global_CFR_China,17.3,USD/dry_mt,"Iron ore, cfr spot"
1975-07-01,1975M07,thermal_coal,Australia,26.8,USD/mt,"Coal, Australian"
1975-07-01,1975M07,thermal_coal,South_Africa,,USD/mt,"Coal, South African **"
1975-08-01,1975M08,crude_oil,Brent,10.4,USD/bbl,"Crude oil, Brent"
1975-08-01,1975M08,iron_ore,Global_CFR_China,17.3,USD/dry_mt,"Iron ore, cfr spot"
1975-08-01,1975M08,thermal_coal,Australia,26.8,USD/mt,"Coal, Australian"
1975-08-01,1975M08,thermal_coal,South_Africa,,USD/mt,"Coal, South African **"
1975-09-01,1975M09,crude_oil,Brent,10.4,USD/bbl,"Crude oil, Brent"
1975-09-01,1975M09,iron_ore,Global_CFR_China,17.3,USD/dry_mt,"Iron ore, cfr spot"
1975-09-01,1975M09,thermal_coal,Australia,26.8,USD/mt,"Coal, Australian"
1975-09-01,1975M09,thermal_coal,South_Africa,,USD/mt,"Coal, South African **"
1975-10-01,1975M10,crude_oil,Brent,10.5,USD/bbl,"Crude oil, Brent"
1975-10-01,1975M10,iron_ore,Global_CFR_China,17.3,USD/dry_mt,"Iron ore, cfr spot"
1975-10-01,1975M10,thermal_coal,Australia,26.8,USD/mt,"Coal, Australian"
1975-10-01,1975M10,thermal_coal,South_Africa,,USD/mt,"Coal, South African **"
1975-11-01,1975M11,crude_oil,Brent,10.5,USD/bbl,"Crude oil, Brent"
1975-11-01,1975M11,iron_ore,Global_CFR_China,17.3,USD/dry_mt,"Iron ore, cfr spot"
1975-11-01,1975M11,thermal_coal,Australia,26.8,USD/mt,"Coal, Australian"
1975-11-01,1975M11,thermal_coal,South_Africa,,USD/mt,"Coal, South African **"
1975-12-01,1975M12,crude_oil,Brent,10.5,USD/bbl,"Crude oil, Brent"
1975-12-01,1975M12,iron_ore,Global_CFR_China,17.3,USD/dry_mt,"Iron ore, cfr spot"
1975-12-01,1975M12,thermal_coal,Australia,26.8,USD/mt,"Coal, Australian"
1975-12-01,1975M12,thermal_coal,South_Africa,,USD/mt,"Coal, South African **"
1976-01-01,1976M01,crude_oil,Brent,11.5,USD/bbl,"Crude oil, Brent"
1976-01-01,1976M01,iron_ore,Global_CFR_China,22.7,USD/dry_mt,"Iron ore, cfr spot"
1976-01-01,1976M01,thermal_coal,Australia,27.2,USD/mt,"Coal, Australian"
1976-01-01,1976M01,thermal_coal,South_Africa,,USD/mt,"Coal, South African **"
1976-02-01,1976M02,crude_oil,Brent,11.5,USD/bbl,"Crude oil, Brent"
1976-02-01,1976M02,iron_ore,Global_CFR_China,22.7,USD/dry_mt,"Iron ore, cfr spot"
1976-02-01,1976M02,thermal_coal,Australia,27.2,USD/mt,"Coal, Australian"
1976-02-01,1976M02,thermal_coal,South_Africa,,USD/mt,"Coal, South African **"
1976-03-01,1976M03,crude_oil,Brent,11.5,USD/bbl,"Crude oil, Brent"
1976-03-01,1976M03,iron_ore,Global_CFR_China,22.7,USD/dry_mt,"Iron ore, cfr spot"
1976-03-01,1976M03,thermal_coal,Australia,27.2,USD/mt,"Coal, Australian"
1976-03-01,1976M03,thermal_coal,South_Africa,,USD/mt,"Coal, South African **"
1976-04-01,1976M04,crude_oil,Brent,11.5,USD/bbl,"Crude oil, Brent"
1976-04-01,1976M04,iron_ore,Global_CFR_China,22.7,USD/dry_mt,"Iron ore, cfr spot"
1976-04-01,1976M04,thermal_coal,Australia,27.2,USD/mt,"Coal, Australian"
1976-04-01,1976M04,thermal_coal,South_Africa,,USD/mt,"Coal, South African **"
1976-05-01,1976M05,crude_oil,Brent,11.5,USD/bbl,"Crude oil, Brent"
1976-05-01,1976M05,iron_ore,Global_CFR_China,22.7,USD/dry_mt,"Iron ore, cfr spot"
1976-05-01,1976M05,thermal_coal,Australia,27.2,USD/mt,"Coal, Australian"
1976-05-01,1976M05,thermal_coal,South_Africa,,USD/mt,"Coal, South African **"
1976-06-01,1976M06,crude_oil,Brent,11.5,USD/bbl,"Crude oil, Brent"
1976-06-01,1976M06,iron_ore,Global_CFR_China,22.7,USD/dry_mt,"Iron ore, cfr spot"
1976-06-01,1976M06,thermal_coal,Australia,27.2,USD/mt,"Coal, Australian"
1976-06-01,1976M06,thermal_coal,South_Africa,,USD/mt,"Coal, South African **"
1976-07-01,1976M07,crude_oil,Brent,11.6,USD/bbl,"Crude oil, Brent"
1976-07-01,1976M07,iron_ore,Global_CFR_China,22.7,USD/dry_mt,"Iron ore, cfr spot"
1976-07-01,1976M07,thermal_coal,Australia,27.2,USD/mt,"Coal, Australian"
1976-07-01,1976M07,thermal_coal,South_Africa,,USD/mt,"Coal, South African **"
1976-08-01,1976M08,crude_oil,Brent,11.6,USD/bbl,"Crude oil, Brent"
1976-08-01,1976M08,iron_ore,Global_CFR_China,22.7,USD/dry_mt,"Iron ore, cfr spot"
1976-08-01,1976M08,thermal_coal,Australia,27.2,USD/mt,"Coal, Australian"
1976-08-01,1976M08,thermal_coal,South_Africa,,USD/mt,"Coal, South African **"
1976-09-01,1976M09,crude_oil,Brent,11.6,USD/bbl,"Crude oil, Brent"
1976-09-01,1976M09,iron_ore,Global_CFR_China,22.7,USD/dry_mt,"Iron ore, cfr spot"
1976-09-01,1976M09,thermal_coal,Australia,27.2,USD/mt,"Coal, Australian"
1976-09-01,1976M09,thermal_coal,South_Africa,,USD/mt,"Coal, South African **"
1976-10-01,1976M10,crude_oil,Brent,11.9,USD/bbl,"Crude oil, Brent"
1976-10-01,1976M10,iron_ore,Global_CFR_China,22.7,USD/dry_mt,"Iron ore, cfr spot"
1976-10-01,1976M10,thermal_coal,Australia,27.2,USD/mt,"Coal, Australian"
1976-10-01,1976M10,thermal_coal,South_Africa,,USD/mt,"Coal, South African **"
1976-11-01,1976M11,crude_oil,Brent,11.9,USD/bbl,"Crude oil, Brent"
1976-11-01,1976M11,iron_ore,Global_CFR_China,22.7,USD/dry_mt,"Iron ore, cfr spot"
1976-11-01,1976M11,thermal_coal,Australia,27.2,USD/mt,"Coal, Australian"
1976-11-01,1976M11,thermal_coal,South_Africa,,USD/mt,"Coal, South African **"
1976-12-01,1976M12,crude_oil,Brent,11.9,USD/bbl,"Crude oil, Brent"
1976-12-01,1976M12,iron_ore,Global_CFR_China,22.7,USD/dry_mt,"Iron ore, cfr spot"
1976-12-01,1976M12,thermal_coal,Australia,27.2,USD/mt,"Coal, Australian"
1976-12-01,1976M12,thermal_coal,South_Africa,,USD/mt,"Coal, South African **"
1977-01-01,1977M01,crude_oil,Brent,12.5,USD/bbl,"Crude oil, Brent"
1977-01-01,1977M01,iron_ore,Global_CFR_China,23.1,USD/dry_mt,"Iron ore, cfr spot"
1977-01-01,1977M01,thermal_coal,Australia,28.7,USD/mt,"Coal, Australian"
1977-01-01,1977M01,thermal_coal,South_Africa,,USD/mt,"Coal, South African **"
1977-02-01,1977M02,crude_oil,Brent,12.5,USD/bbl,"Crude oil, Brent"
1977-02-01,1977M02,iron_ore,Global_CFR_China,23.1,USD/dry_mt,"Iron ore, cfr spot"
1977-02-01,1977M02,thermal_coal,Australia,28.7,USD/mt,"Coal, Australian"
1977-02-01,1977M02,thermal_coal,South_Africa,,USD/mt,"Coal, South African **"
1977-03-01,1977M03,crude_oil,Brent,12.5,USD/bbl,"Crude oil, Brent"
1977-03-01,1977M03,iron_ore,Global_CFR_China,23.1,USD/dry_mt,"Iron ore, cfr spot"
1977-03-01,1977M03,thermal_coal,Australia,28.7,USD/mt,"Coal, Australian"
1977-03-01,1977M03,thermal_coal,South_Africa,,USD/mt,"Coal, South African **"
1977-04-01,1977M04,crude_oil,Brent,12.4,USD/bbl,"Crude oil, Brent"
1977-04-01,1977M04,iron_ore,Global_CFR_China,23.1,USD/dry_mt,"Iron ore, cfr spot"
1977-04-01,1977M04,thermal_coal,Australia,28.7,USD/mt,"Coal, Australian"
1977-04-01,1977M04,thermal_coal,South_Africa,,USD/mt,"Coal, South African **"
1977-05-01,1977M05,crude_oil,Brent,12.4,USD/bbl,"Crude oil, Brent"
1977-05-01,1977M05,iron_ore,Global_CFR_China,23.1,USD/dry_mt,"Iron ore, cfr spot"
1977-05-01,1977M05,thermal_coal,Australia,28.7,USD/mt,"Coal, Australian"
1977-05-01,1977M05,thermal_coal,South_Africa,,USD/mt,"Coal, South African **"
1977-06-01,1977M06,crude_oil,Brent,12.4,USD/bbl,"Crude oil, Brent"
1977-06-01,1977M06,iron_ore,Global_CFR_China,23.1,USD/dry_mt,"Iron ore, cfr spot"
1977-06-01,1977M06,thermal_coal,Australia,28.7,USD/mt,"Coal, Australian"
1977-06-01,1977M06,thermal_coal,South_Africa,,USD/mt,"Coal, South African **"
1977-07-01,1977M07,crude_oil,Brent,12.6,USD/bbl,"Crude oil, Brent"
1977-07-01,1977M07,iron_ore,Global_CFR_China,23.1,USD/dry_mt,"Iron ore, cfr spot"
1977-07-01,1977M07,thermal_coal,Australia,28.7,USD/mt,"Coal, Australian"
1977-07-01,1977M07,thermal_coal,South_Africa,,USD/mt,"Coal, South African **"
1977-08-01,1977M08,crude_oil,Brent,12.6,USD/bbl,"Crude oil, Brent"
1977-08-01,1977M08,iron_ore,Global_CFR_China,23.1,USD/dry_mt,"Iron ore, cfr spot"
1977-08-01,1977M08,thermal_coal,Australia,28.7,USD/mt,"Coal, Australian"
1977-08-01,1977M08,thermal_coal,South_Africa,,USD/mt,"Coal, South African **"
1977-09-01,1977M09,crude_oil,Brent,12.6,USD/bbl,"Crude oil, Brent"
1977-09-01,1977M09,iron_ore,Global_CFR_China,23.1,USD/dry_mt,"Iron ore, cfr spot"
1977-09-01,1977M09,thermal_coal,Australia,28.7,USD/mt,"Coal, Australian"
1977-09-01,1977M09,thermal_coal,South_Africa,,USD/mt,"Coal, South African **"
1977-10-01,1977M10,crude_oil,Brent,12.7,USD/bbl,"Crude oil, Brent"
1977-10-01,1977M10,iron_ore,Global_CFR_China,23.1,USD/dry_mt,"Iron ore, cfr spot"
1977-10-01,1977M10,thermal_coal,Australia,28.7,USD/mt,"Coal, Australian"
1977-10-01,1977M10,thermal_coal,South_Africa,,USD/mt,"Coal, South African **"
1977-11-01,1977M11,crude_oil,Brent,12.7,USD/bbl,"Crude oil, Brent"
1977-11-01,1977M11,iron_ore,Global_CFR_China,23.1,USD/dry_mt,"Iron ore, cfr spot"
1977-11-01,1977M11,thermal_coal,Australia,28.7,USD/mt,"Coal, Australian"
1977-11-01,1977M11,thermal_coal,South_Africa,,USD/mt,"Coal, South African **"
1977-12-01,1977M12,crude_oil,Brent,12.7,USD/bbl,"Crude oil, Brent"
1977-12-01,1977M12,iron_ore,Global_CFR_China,23.1,USD/dry_mt,"Iron ore, cfr spot"
1977-12-01,1977M12,thermal_coal,Australia,28.7,USD/mt,"Coal, Australian"
1977-12-01,1977M12,thermal_coal,South_Africa,,USD/mt,"Coal, South African **"
1978-01-01,1978M01,crude_oil,Brent,12.7,USD/bbl,"Crude oil, Brent"
1978-01-01,1978M01,iron_ore,Global_CFR_China,21.5,USD/dry_mt,"Iron ore, cfr spot"
1978-01-01,1978M01,thermal_coal,Australia,27.9,USD/mt,"Coal, Australian"
1978-01-01,1978M01,thermal_coal,South_Africa,,USD/mt,"Coal, South African **"
1978-02-01,1978M02,crude_oil,Brent,12.7,USD/bbl,"Crude oil, Brent"
1978-02-01,1978M02,iron_ore,Global_CFR_China,21.5,USD/dry_mt,"Iron ore, cfr spot"
1978-02-01,1978M02,thermal_coal,Australia,27.1,USD/mt,"Coal, Australian"
1978-02-01,1978M02,thermal_coal,South_Africa,,USD/mt,"Coal, South African **"
1978-03-01,1978M03,crude_oil,Brent,12.7,USD/bbl,"Crude oil, Brent"
1978-03-01,1978M03,iron_ore,Global_CFR_China,21.5,USD/dry_mt,"Iron ore, cfr spot"
1978-03-01,1978M03,thermal_coal,Australia,27.1,USD/mt,"Coal, Australian"
1978-03-01,1978M03,thermal_coal,South_Africa,,USD/mt,"Coal, South African **"
1978-04-01,1978M04,crude_oil,Brent,12.7,USD/bbl,"Crude oil, Brent"
1978-04-01,1978M04,iron_ore,Global_CFR_China,21.5,USD/dry_mt,"Iron ore, cfr spot"
1978-04-01,1978M04,thermal_coal,Australia,27.1,USD/mt,"Coal, Australian"
1978-04-01,1978M04,thermal_coal,South_Africa,,USD/mt,"Coal, South African **"
1978-05-01,1978M05,crude_oil,Brent,12.7,USD/bbl,"Crude oil, Brent"
1978-05-01,1978M05,iron_ore,Global_CFR_China,21.5,USD/dry_mt,"Iron ore, cfr spot"
1978-05-01,1978M05,thermal_coal,Australia,28.6,USD/mt,"Coal, Australian"
1978-05-01,1978M05,thermal_coal,South_Africa,,USD/mt,"Coal, South African **"
1978-06-01,1978M06,crude_oil,Brent,12.7,USD/bbl,"Crude oil, Brent"
1978-06-01,1978M06,iron_ore,Global_CFR_China,21.5,USD/dry_mt,"Iron ore, cfr spot"
1978-06-01,1978M06,thermal_coal,Australia,30.2,USD/mt,"Coal, Australian"
1978-06-01,1978M06,thermal_coal,South_Africa,,USD/mt,"Coal, South African **"
1978-07-01,1978M07,crude_oil,Brent,12.8,USD/bbl,"Crude oil, Brent"
1978-07-01,1978M07,iron_ore,Global_CFR_China,21.5,USD/dry_mt,"Iron ore, cfr spot"
1978-07-01,1978M07,thermal_coal,Australia,30.2,USD/mt,"Coal, Australian"
1978-07-01,1978M07,thermal_coal,South_Africa,,USD/mt,"Coal, South African **"
1978-08-01,1978M08,crude_oil,Brent,12.8,USD/bbl,"Crude oil, Brent"
1978-08-01,1978M08,iron_ore,Global_CFR_China,21.5,USD/dry_mt,"Iron ore, cfr spot"
1978-08-01,1978M08,thermal_coal,Australia,30.2,USD/mt,"Coal, Australian"
1978-08-01,1978M08,thermal_coal,South_Africa,,USD/mt,"Coal, South African **"
1978-09-01,1978M09,crude_oil,Brent,12.8,USD/bbl,"Crude oil, Brent"
1978-09-01,1978M09,iron_ore,Global_CFR_China,21.5,USD/dry_mt,"Iron ore, cfr spot"
1978-09-01,1978M09,thermal_coal,Australia,30.2,USD/mt,"Coal, Australian"
1978-09-01,1978M09,thermal_coal,South_Africa,,USD/mt,"Coal, South African **"
1978-10-01,1978M10,crude_oil,Brent,12.9,USD/bbl,"Crude oil, Brent"
1978-10-01,1978M10,iron_ore,Global_CFR_China,21.5,USD/dry_mt,"Iron ore, cfr spot"
1978-10-01,1978M10,thermal_coal,Australia,30.2,USD/mt,"Coal, Australian"
1978-10-01,1978M10,thermal_coal,South_Africa,,USD/mt,"Coal, South African **"
1978-11-01,1978M11,crude_oil,Brent,13.2,USD/bbl,"Crude oil, Brent"
1978-11-01,1978M11,iron_ore,Global_CFR_China,21.5,USD/dry_mt,"Iron ore, cfr spot"
1978-11-01,1978M11,thermal_coal,Australia,30.2,USD/mt,"Coal, Australian"
1978-11-01,1978M11,thermal_coal,South_Africa,,USD/mt,"Coal, South African **"
1978-12-01,1978M12,crude_oil,Brent,14.5,USD/bbl,"Crude oil, Brent"
1978-12-01,1978M12,iron_ore,Global_CFR_China,21.5,USD/dry_mt,"Iron ore, cfr spot"
1978-12-01,1978M12,thermal_coal,Australia,30.2,USD/mt,"Coal, Australian"
1978-12-01,1978M12,thermal_coal,South_Africa,,USD/mt,"Coal, South African **"
1979-01-01,1979M01,crude_oil,Brent,19.0,USD/bbl,"Crude oil, Brent"
1979-01-01,1979M01,iron_ore,Global_CFR_China,23.5,USD/dry_mt,"Iron ore, cfr spot"
1979-01-01,1979M01,thermal_coal,Australia,30.2,USD/mt,"Coal, Australian"
1979-01-01,1979M01,thermal_coal,South_Africa,,USD/mt,"Coal, South African **"
1979-02-01,1979M02,crude_oil,Brent,22.0,USD/bbl,"Crude oil, Brent"
1979-02-01,1979M02,iron_ore,Global_CFR_China,23.5,USD/dry_mt,"Iron ore, cfr spot"
1979-02-01,1979M02,thermal_coal,Australia,30.2,USD/mt,"Coal, Australian"
1979-02-01,1979M02,thermal_coal,South_Africa,,USD/mt,"Coal, South African **"
1979-03-01,1979M03,crude_oil,Brent,23.3,USD/bbl,"Crude oil, Brent"
1979-03-01,1979M03,iron_ore,Global_CFR_China,23.5,USD/dry_mt,"Iron ore, cfr spot"
1979-03-01,1979M03,thermal_coal,Australia,30.2,USD/mt,"Coal, Australian"
1979-03-01,1979M03,thermal_coal,South_Africa,,USD/mt,"Coal, South African **"
1979-04-01,1979M04,crude_oil,Brent,23.6,USD/bbl,"Crude oil, Brent"
1979-04-01,1979M04,iron_ore,Global_CFR_China,23.5,USD/dry_mt,"Iron ore, cfr spot"
1979-04-01,1979M04,thermal_coal,Australia,30.2,USD/mt,"Coal, Australian"
1979-04-01,1979M04,thermal_coal,South_Africa,,USD/mt,"Coal, South African **"
1979-05-01,1979M05,crude_oil,Brent,32.8,USD/bbl,"Crude oil, Brent"
1979-05-01,1979M05,iron_ore,Global_CFR_China,23.5,USD/dry_mt,"Iron ore, cfr spot"
1979-05-01,1979M05,thermal_coal,Australia,30.2,USD/mt,"Coal, Australian"
1979-05-01,1979M05,thermal_coal,South_Africa,,USD/mt,"Coal, South African **"
1979-06-01,1979M06,crude_oil,Brent,36.5,USD/bbl,"Crude oil, Brent"
1979-06-01,1979M06,iron_ore,Global_CFR_China,23.5,USD/dry_mt,"Iron ore, cfr spot"
1979-06-01,1979M06,thermal_coal,Australia,30.2,USD/mt,"Coal, Australian"
1979-06-01,1979M06,thermal_coal,South_Africa,,USD/mt,"Coal, South African **"
1979-07-01,1979M07,crude_oil,Brent,35.0,USD/bbl,"Crude oil, Brent"
1979-07-01,1979M07,iron_ore,Global_CFR_China,23.5,USD/dry_mt,"Iron ore, cfr spot"
1979-07-01,1979M07,thermal_coal,Australia,30.2,USD/mt,"Coal, Australian"
1979-07-01,1979M07,thermal_coal,South_Africa,,USD/mt,"Coal, South African **"
1979-08-01,1979M08,crude_oil,Brent,35.8,USD/bbl,"Crude oil, Brent"
1979-08-01,1979M08,iron_ore,Global_CFR_China,23.5,USD/dry_mt,"Iron ore, cfr spot"
1979-08-01,1979M08,thermal_coal,Australia,31.3,USD/mt,"Coal, Australian"
1979-08-01,1979M08,thermal_coal,South_Africa,,USD/mt,"Coal, South African **"
1979-09-01,1979M09,crude_oil,Brent,36.5,USD/bbl,"Crude oil, Brent"
1979-09-01,1979M09,iron_ore,Global_CFR_China,23.5,USD/dry_mt,"Iron ore, cfr spot"
1979-09-01,1979M09,thermal_coal,Australia,31.3,USD/mt,"Coal, Australian"
1979-09-01,1979M09,thermal_coal,South_Africa,,USD/mt,"Coal, South African **"
1979-10-01,1979M10,crude_oil,Brent,38.5,USD/bbl,"Crude oil, Brent"
1979-10-01,1979M10,iron_ore,Global_CFR_China,23.5,USD/dry_mt,"Iron ore, cfr spot"
1979-10-01,1979M10,thermal_coal,Australia,32.4,USD/mt,"Coal, Australian"
1979-10-01,1979M10,thermal_coal,South_Africa,,USD/mt,"Coal, South African **"
1979-11-01,1979M11,crude_oil,Brent,42.0,USD/bbl,"Crude oil, Brent"
1979-11-01,1979M11,iron_ore,Global_CFR_China,23.5,USD/dry_mt,"Iron ore, cfr spot"
1979-11-01,1979M11,thermal_coal,Australia,32.4,USD/mt,"Coal, Australian"
1979-11-01,1979M11,thermal_coal,South_Africa,,USD/mt,"Coal, South African **"
1979-12-01,1979M12,crude_oil,Brent,40.5,USD/bbl,"Crude oil, Brent"
1979-12-01,1979M12,iron_ore,Global_CFR_China,23.5,USD/dry_mt,"Iron ore, cfr spot"
1979-12-01,1979M12,thermal_coal,Australia,32.4,USD/mt,"Coal, Australian"
1979-12-01,1979M12,thermal_coal,South_Africa,,USD/mt,"Coal, South African **"
1980-01-01,1980M01,crude_oil,Brent,40.0,USD/bbl,"Crude oil, Brent"
1980-01-01,1980M01,iron_ore,Global_CFR_China,28.1,USD/dry_mt,"Iron ore, cfr spot"
1980-01-01,1980M01,thermal_coal,Australia,32.4,USD/mt,"Coal, Australian"
1980-01-01,1980M01,thermal_coal,South_Africa,,USD/mt,"Coal, South African **"
1980-02-01,1980M02,crude_oil,Brent,38.5,USD/bbl,"Crude oil, Brent"
1980-02-01,1980M02,iron_ore,Global_CFR_China,28.1,USD/dry_mt,"Iron ore, cfr spot"
1980-02-01,1980M02,thermal_coal,Australia,32.4,USD/mt,"Coal, Australian"
1980-02-01,1980M02,thermal_coal,South_Africa,,USD/mt,"Coal, South African **"
1980-03-01,1980M03,crude_oil,Brent,38.3,USD/bbl,"Crude oil, Brent"
1980-03-01,1980M03,iron_ore,Global_CFR_China,28.1,USD/dry_mt,"Iron ore, cfr spot"
1980-03-01,1980M03,thermal_coal,Australia,32.4,USD/mt,"Coal, Australian"
1980-03-01,1980M03,thermal_coal,South_Africa,,USD/mt,"Coal, South African **"
1980-04-01,1980M04,crude_oil,Brent,38.2,USD/bbl,"Crude oil, Brent"
1980-04-01,1980M04,iron_ore,Global_CFR_China,28.1,USD/dry_mt,"Iron ore, cfr spot"
1980-04-01,1980M04,thermal_coal,Australia,39.5,USD/mt,"Coal, Australian"
1980-04-01,1980M04,thermal_coal,South_Africa,,USD/mt,"Coal, South African **"
1980-05-01,1980M05,crude_oil,Brent,38.5,USD/bbl,"Crude oil, Brent"
1980-05-01,1980M05,iron_ore,Global_CFR_China,28.1,USD/dry_mt,"Iron ore, cfr spot"
1980-05-01,1980M05,thermal_coal,Australia,40.1,USD/mt,"Coal, Australian"
1980-05-01,1980M05,thermal_coal,South_Africa,,USD/mt,"Coal, South African **"
1980-06-01,1980M06,crude_oil,Brent,38.0,USD/bbl,"Crude oil, Brent"
1980-06-01,1980M06,iron_ore,Global_CFR_China,28.1,USD/dry_mt,"Iron ore, cfr spot"
1980-06-01,1980M06,thermal_coal,Australia,40.7,USD/mt,"Coal, Australian"
1980-06-01,1980M06,thermal_coal,South_Africa,,USD/mt,"Coal, South African **"
1980-07-01,1980M07,crude_oil,Brent,37.4,USD/bbl,"Crude oil, Brent"
1980-07-01,1980M07,iron_ore,Global_CFR_China,28.1,USD/dry_mt,"Iron ore, cfr spot"
1980-07-01,1980M07,thermal_coal,Australia,40.7,USD/mt,"Coal, Australian"
1980-07-01,1980M07,thermal_coal,South_Africa,,USD/mt,"Coal, South African **"
1980-08-01,1980M08,crude_oil,Brent,33.6,USD/bbl,"Crude oil, Brent"
1980-08-01,1980M08,iron_ore,Global_CFR_China,28.1,USD/dry_mt,"Iron ore, cfr spot"
1980-08-01,1980M08,thermal_coal,Australia,44.2,USD/mt,"Coal, Australian"
1980-08-01,1980M08,thermal_coal,South_Africa,,USD/mt,"Coal, South African **"
1980-09-01,1980M09,crude_oil,Brent,33.4,USD/bbl,"Crude oil, Brent"
1980-09-01,1980M09,iron_ore,Global_CFR_China,28.1,USD/dry_mt,"Iron ore, cfr spot"
1980-09-01,1980M09,thermal_coal,Australia,44.6,USD/mt,"Coal, Australian"
1980-09-01,1980M09,thermal_coal,South_Africa,,USD/mt,"Coal, South African **"
1980-10-01,1980M10,crude_oil,Brent,37.9,USD/bbl,"Crude oil, Brent"
1980-10-01,1980M10,iron_ore,Global_CFR_China,28.1,USD/dry_mt,"Iron ore, cfr spot"
1980-10-01,1980M10,thermal_coal,Australia,44.6,USD/mt,"Coal, Australian"
1980-10-01,1980M10,thermal_coal,South_Africa,,USD/mt,"Coal, South African **"
1980-11-01,1980M11,crude_oil,Brent,40.8,USD/bbl,"Crude oil, Brent"
1980-11-01,1980M11,iron_ore,Global_CFR_China,28.1,USD/dry_mt,"Iron ore, cfr spot"
1980-11-01,1980M11,thermal_coal,Australia,45.0,USD/mt,"Coal, Australian"
1980-11-01,1980M11,thermal_coal,South_Africa,,USD/mt,"Coal, South African **"
1980-12-01,1980M12,crude_oil,Brent,40.2,USD/bbl,"Crude oil, Brent"
1980-12-01,1980M12,iron_ore,Global_CFR_China,28.1,USD/dry_mt,"Iron ore, cfr spot"
1980-12-01,1980M12,thermal_coal,Australia,45.0,USD/mt,"Coal, Australian"
1980-12-01,1980M12,thermal_coal,South_Africa,,USD/mt,"Coal, South African **"
1981-01-01,1981M01,crude_oil,Brent,40.3,USD/bbl,"Crude oil, Brent"
1981-01-01,1981M01,iron_ore,Global_CFR_China,28.1,USD/dry_mt,"Iron ore, cfr spot"
1981-01-01,1981M01,thermal_coal,Australia,45.0,USD/mt,"Coal, Australian"
1981-01-01,1981M01,thermal_coal,South_Africa,,USD/mt,"Coal, South African **"
1981-02-01,1981M02,crude_oil,Brent,38.7,USD/bbl,"Crude oil, Brent"
1981-02-01,1981M02,iron_ore,Global_CFR_China,28.1,USD/dry_mt,"Iron ore, cfr spot"
1981-02-01,1981M02,thermal_coal,Australia,45.0,USD/mt,"Coal, Australian"
1981-02-01,1981M02,thermal_coal,South_Africa,,USD/mt,"Coal, South African **"
1981-03-01,1981M03,crude_oil,Brent,38.3,USD/bbl,"Crude oil, Brent"
1981-03-01,1981M03,iron_ore,Global_CFR_China,28.1,USD/dry_mt,"Iron ore, cfr spot"
1981-03-01,1981M03,thermal_coal,Australia,45.0,USD/mt,"Coal, Australian"
1981-03-01,1981M03,thermal_coal,South_Africa,,USD/mt,"Coal, South African **"
1981-04-01,1981M04,crude_oil,Brent,37.2,USD/bbl,"Crude oil, Brent"
1981-04-01,1981M04,iron_ore,Global_CFR_China,28.1,USD/dry_mt,"Iron ore, cfr spot"
1981-04-01,1981M04,thermal_coal,Australia,56.5,USD/mt,"Coal, Australian"
1981-04-01,1981M04,thermal_coal,South_Africa,,USD/mt,"Coal, South African **"
1981-05-01,1981M05,crude_oil,Brent,35.2,USD/bbl,"Crude oil, Brent"
1981-05-01,1981M05,iron_ore,Global_CFR_China,28.1,USD/dry_mt,"Iron ore, cfr spot"
1981-05-01,1981M05,thermal_coal,Australia,56.5,USD/mt,"Coal, Australian"
1981-05-01,1981M05,thermal_coal,South_Africa,,USD/mt,"Coal, South African **"
1981-06-01,1981M06,crude_oil,Brent,33.3,USD/bbl,"Crude oil, Brent"
1981-06-01,1981M06,iron_ore,Global_CFR_China,28.1,USD/dry_mt,"Iron ore, cfr spot"
1981-06-01,1981M06,thermal_coal,Australia,56.5,USD/mt,"Coal, Australian"
1981-06-01,1981M06,thermal_coal,South_Africa,,USD/mt,"Coal, South African **"
1981-07-01,1981M07,crude_oil,Brent,35.1,USD/bbl,"Crude oil, Brent"
1981-07-01,1981M07,iron_ore,Global_CFR_China,28.1,USD/dry_mt,"Iron ore, cfr spot"
1981-07-01,1981M07,thermal_coal,Australia,56.5,USD/mt,"Coal, Australian"
1981-07-01,1981M07,thermal_coal,South_Africa,,USD/mt,"Coal, South African **"
1981-08-01,1981M08,crude_oil,Brent,35.8,USD/bbl,"Crude oil, Brent"
1981-08-01,1981M08,iron_ore,Global_CFR_China,28.1,USD/dry_mt,"Iron ore, cfr spot"
1981-08-01,1981M08,thermal_coal,Australia,56.5,USD/mt,"Coal, Australian"
1981-08-01,1981M08,thermal_coal,South_Africa,,USD/mt,"Coal, South African **"
1981-09-01,1981M09,crude_oil,Brent,35.9,USD/bbl,"Crude oil, Brent"
1981-09-01,1981M09,iron_ore,Global_CFR_China,28.1,USD/dry_mt,"Iron ore, cfr spot"
1981-09-01,1981M09,thermal_coal,Australia,56.5,USD/mt,"Coal, Australian"
1981-09-01,1981M09,thermal_coal,South_Africa,,USD/mt,"Coal, South African **"
1981-10-01,1981M10,crude_oil,Brent,36.5,USD/bbl,"Crude oil, Brent"
1981-10-01,1981M10,iron_ore,Global_CFR_China,28.1,USD/dry_mt,"Iron ore, cfr spot"
1981-10-01,1981M10,thermal_coal,Australia,56.5,USD/mt,"Coal, Australian"
1981-10-01,1981M10,thermal_coal,South_Africa,,USD/mt,"Coal, South African **"
1981-11-01,1981M11,crude_oil,Brent,37.1,USD/bbl,"Crude oil, Brent"
1981-11-01,1981M11,iron_ore,Global_CFR_China,28.1,USD/dry_mt,"Iron ore, cfr spot"
1981-11-01,1981M11,thermal_coal,Australia,56.5,USD/mt,"Coal, Australian"
1981-11-01,1981M11,thermal_coal,South_Africa,,USD/mt,"Coal, South African **"
1981-12-01,1981M12,crude_oil,Brent,36.7,USD/bbl,"Crude oil, Brent"
1981-12-01,1981M12,iron_ore,Global_CFR_China,28.1,USD/dry_mt,"Iron ore, cfr spot"
1981-12-01,1981M12,thermal_coal,Australia,56.5,USD/mt,"Coal, Australian"
1981-12-01,1981M12,thermal_coal,South_Africa,,USD/mt,"Coal, South African **"
1982-01-01,1982M01,crude_oil,Brent,35.8,USD/bbl,"Crude oil, Brent"
1982-01-01,1982M01,iron_ore,Global_CFR_China,32.5,USD/dry_mt,"Iron ore, cfr spot"
1982-01-01,1982M01,thermal_coal,Australia,55.6,USD/mt,"Coal, Australian"
1982-01-01,1982M01,thermal_coal,South_Africa,,USD/mt,"Coal, South African **"
1982-02-01,1982M02,crude_oil,Brent,31.6,USD/bbl,"Crude oil, Brent"
1982-02-01,1982M02,iron_ore,Global_CFR_China,32.5,USD/dry_mt,"Iron ore, cfr spot"
1982-02-01,1982M02,thermal_coal,Australia,55.6,USD/mt,"Coal, Australian"
1982-02-01,1982M02,thermal_coal,South_Africa,,USD/mt,"Coal, South African **"
1982-03-01,1982M03,crude_oil,Brent,29.3,USD/bbl,"Crude oil, Brent"
1982-03-01,1982M03,iron_ore,Global_CFR_China,32.5,USD/dry_mt,"Iron ore, cfr spot"
1982-03-01,1982M03,thermal_coal,Australia,55.6,USD/mt,"Coal, Australian"
1982-03-01,1982M03,thermal_coal,South_Africa,,USD/mt,"Coal, South African **"
1982-04-01,1982M04,crude_oil,Brent,33.1,USD/bbl,"Crude oil, Brent"
1982-04-01,1982M04,iron_ore,Global_CFR_China,32.5,USD/dry_mt,"Iron ore, cfr spot"
1982-04-01,1982M04,thermal_coal,Australia,55.6,USD/mt,"Coal, Australian"
1982-04-01,1982M04,thermal_coal,South_Africa,,USD/mt,"Coal, South African **"
1982-05-01,1982M05,crude_oil,Brent,35.2,USD/bbl,"Crude oil, Brent"
1982-05-01,1982M05,iron_ore,Global_CFR_China,32.5,USD/dry_mt,"Iron ore, cfr spot"
1982-05-01,1982M05,thermal_coal,Australia,55.6,USD/mt,"Coal, Australian"
1982-05-01,1982M05,thermal_coal,South_Africa,,USD/mt,"Coal, South African **"
1982-06-01,1982M06,crude_oil,Brent,34.6,USD/bbl,"Crude oil, Brent"
1982-06-01,1982M06,iron_ore,Global_CFR_China,32.5,USD/dry_mt,"Iron ore, cfr spot"
1982-06-01,1982M06,thermal_coal,Australia,55.6,USD/mt,"Coal, Australian"
1982-06-01,1982M06,thermal_coal,South_Africa,,USD/mt,"Coal, South African **"
1982-07-01,1982M07,crude_oil,Brent,33.7,USD/bbl,"Crude oil, Brent"
1982-07-01,1982M07,iron_ore,Global_CFR_China,32.5,USD/dry_mt,"Iron ore, cfr spot"
1982-07-01,1982M07,thermal_coal,Australia,55.6,USD/mt,"Coal, Australian"
1982-07-01,1982M07,thermal_coal,South_Africa,,USD/mt,"Coal, South African **"
1982-08-01,1982M08,crude_oil,Brent,32.8,USD/bbl,"Crude oil, Brent"
1982-08-01,1982M08,iron_ore,Global_CFR_China,32.5,USD/dry_mt,"Iron ore, cfr spot"
1982-08-01,1982M08,thermal_coal,Australia,55.6,USD/mt,"Coal, Australian"
1982-08-01,1982M08,thermal_coal,South_Africa,,USD/mt,"Coal, South African **"
1982-09-01,1982M09,crude_oil,Brent,34.3,USD/bbl,"Crude oil, Brent"
1982-09-01,1982M09,iron_ore,Global_CFR_China,32.5,USD/dry_mt,"Iron ore, cfr spot"
1982-09-01,1982M09,thermal_coal,Australia,55.6,USD/mt,"Coal, Australian"
1982-09-01,1982M09,thermal_coal,South_Africa,,USD/mt,"Coal, South African **"
1982-10-01,1982M10,crude_oil,Brent,35.0,USD/bbl,"Crude oil, Brent"
1982-10-01,1982M10,iron_ore,Global_CFR_China,32.5,USD/dry_mt,"Iron ore, cfr spot"
1982-10-01,1982M10,thermal_coal,Australia,55.6,USD/mt,"Coal, Australian"
1982-10-01,1982M10,thermal_coal,South_Africa,,USD/mt,"Coal, South African **"
1982-11-01,1982M11,crude_oil,Brent,33.8,USD/bbl,"Crude oil, Brent"
1982-11-01,1982M11,iron_ore,Global_CFR_China,32.5,USD/dry_mt,"Iron ore, cfr spot"
1982-11-01,1982M11,thermal_coal,Australia,55.6,USD/mt,"Coal, Australian"
1982-11-01,1982M11,thermal_coal,South_Africa,,USD/mt,"Coal, South African **"
1982-12-01,1982M12,crude_oil,Brent,31.8,USD/bbl,"Crude oil, Brent"
1982-12-01,1982M12,iron_ore,Global_CFR_China,32.5,USD/dry_mt,"Iron ore, cfr spot"
1982-12-01,1982M12,thermal_coal,Australia,45.5,USD/mt,"Coal, Australian"
1982-12-01,1982M12,thermal_coal,South_Africa,,USD/mt,"Coal, South African **"
1983-01-01,1983M01,crude_oil,Brent,30.9,USD/bbl,"Crude oil, Brent"
1983-01-01,1983M01,iron_ore,Global_CFR_China,29.0,USD/dry_mt,"Iron ore, cfr spot"
1983-01-01,1983M01,thermal_coal,Australia,43.0,USD/mt,"Coal, Australian"
1983-01-01,1983M01,thermal_coal,South_Africa,,USD/mt,"Coal, South African **"
1983-02-01,1983M02,crude_oil,Brent,29.1,USD/bbl,"Crude oil, Brent"
1983-02-01,1983M02,iron_ore,Global_CFR_China,29.0,USD/dry_mt,"Iron ore, cfr spot"
1983-02-01,1983M02,thermal_coal,Australia,43.0,USD/mt,"Coal, Australian"
1983-02-01,1983M02,thermal_coal,South_Africa,,USD/mt,"Coal, South African **"
1983-03-01,1983M03,crude_oil,Brent,28.2,USD/bbl,"Crude oil, Brent"
1983-03-01,1983M03,iron_ore,Global_CFR_China,29.0,USD/dry_mt,"Iron ore, cfr spot"
1983-03-01,1983M03,thermal_coal,Australia,43.0,USD/mt,"Coal, Australian"
1983-03-01,1983M03,thermal_coal,South_Africa,,USD/mt,"Coal, South African **"
1983-04-01,1983M04,crude_oil,Brent,29.8,USD/bbl,"Crude oil, Brent"
1983-04-01,1983M04,iron_ore,Global_CFR_China,29.0,USD/dry_mt,"Iron ore, cfr spot"
1983-04-01,1983M04,thermal_coal,Australia,43.0,USD/mt,"Coal, Australian"
1983-04-01,1983M04,thermal_coal,South_Africa,,USD/mt,"Coal, South African **"
1983-05-01,1983M05,crude_oil,Brent,29.6,USD/bbl,"Crude oil, Brent"
1983-05-01,1983M05,iron_ore,Global_CFR_China,29.0,USD/dry_mt,"Iron ore, cfr spot"
1983-05-01,1983M05,thermal_coal,Australia,43.0,USD/mt,"Coal, Australian"
1983-05-01,1983M05,thermal_coal,South_Africa,,USD/mt,"Coal, South African **"
1983-06-01,1983M06,crude_oil,Brent,30.2,USD/bbl,"Crude oil, Brent"
1983-06-01,1983M06,iron_ore,Global_CFR_China,29.0,USD/dry_mt,"Iron ore, cfr spot"
1983-06-01,1983M06,thermal_coal,Australia,43.0,USD/mt,"Coal, Australian"
1983-06-01,1983M06,thermal_coal,South_Africa,,USD/mt,"Coal, South African **"
1983-07-01,1983M07,crude_oil,Brent,30.8,USD/bbl,"Crude oil, Brent"
1983-07-01,1983M07,iron_ore,Global_CFR_China,29.0,USD/dry_mt,"Iron ore, cfr spot"
1983-07-01,1983M07,thermal_coal,Australia,34.8,USD/mt,"Coal, Australian"
1983-07-01,1983M07,thermal_coal,South_Africa,,USD/mt,"Coal, South African **"
1983-08-01,1983M08,crude_oil,Brent,31.1,USD/bbl,"Crude oil, Brent"
1983-08-01,1983M08,iron_ore,Global_CFR_China,29.0,USD/dry_mt,"Iron ore, cfr spot"
1983-08-01,1983M08,thermal_coal,Australia,34.8,USD/mt,"Coal, Australian"
1983-08-01,1983M08,thermal_coal,South_Africa,,USD/mt,"Coal, South African **"
1983-09-01,1983M09,crude_oil,Brent,30.4,USD/bbl,"Crude oil, Brent"
1983-09-01,1983M09,iron_ore,Global_CFR_China,29.0,USD/dry_mt,"Iron ore, cfr spot"
1983-09-01,1983M09,thermal_coal,Australia,34.8,USD/mt,"Coal, Australian"
1983-09-01,1983M09,thermal_coal,South_Africa,,USD/mt,"Coal, South African **"
1983-10-01,1983M10,crude_oil,Brent,29.9,USD/bbl,"Crude oil, Brent"
1983-10-01,1983M10,iron_ore,Global_CFR_China,29.0,USD/dry_mt,"Iron ore, cfr spot"
1983-10-01,1983M10,thermal_coal,Australia,34.8,USD/mt,"Coal, Australian"
1983-10-01,1983M10,thermal_coal,South_Africa,,USD/mt,"Coal, South African **"
1983-11-01,1983M11,crude_oil,Brent,29.2,USD/bbl,"Crude oil, Brent"
1983-11-01,1983M11,iron_ore,Global_CFR_China,29.0,USD/dry_mt,"Iron ore, cfr spot"
1983-11-01,1983M11,thermal_coal,Australia,32.0,USD/mt,"Coal, Australian"
1983-11-01,1983M11,thermal_coal,South_Africa,,USD/mt,"Coal, South African **"
1983-12-01,1983M12,crude_oil,Brent,29.0,USD/bbl,"Crude oil, Brent"
1983-12-01,1983M12,iron_ore,Global_CFR_China,29.0,USD/dry_mt,"Iron ore, cfr spot"
1983-12-01,1983M12,thermal_coal,Australia,29.3,USD/mt,"Coal, Australian"
1983-12-01,1983M12,thermal_coal,South_Africa,,USD/mt,"Coal, South African **"
1984-01-01,1984M01,crude_oil,Brent,29.6,USD/bbl,"Crude oil, Brent"
1984-01-01,1984M01,iron_ore,Global_CFR_China,26.2,USD/dry_mt,"Iron ore, cfr spot"
1984-01-01,1984M01,thermal_coal,Australia,29.3,USD/mt,"Coal, Australian"
1984-01-01,1984M01,thermal_coal,South_Africa,29.3,USD/mt,"Coal, South African **"
1984-02-01,1984M02,crude_oil,Brent,29.9,USD/bbl,"Crude oil, Brent"
1984-02-01,1984M02,iron_ore,Global_CFR_China,26.2,USD/dry_mt,"Iron ore, cfr spot"
1984-02-01,1984M02,thermal_coal,Australia,29.3,USD/mt,"Coal, Australian"
1984-02-01,1984M02,thermal_coal,South_Africa,29.3,USD/mt,"Coal, South African **"
1984-03-01,1984M03,crude_oil,Brent,30.1,USD/bbl,"Crude oil, Brent"
1984-03-01,1984M03,iron_ore,Global_CFR_China,26.2,USD/dry_mt,"Iron ore, cfr spot"
1984-03-01,1984M03,thermal_coal,Australia,29.3,USD/mt,"Coal, Australian"
1984-03-01,1984M03,thermal_coal,South_Africa,29.3,USD/mt,"Coal, South African **"
1984-04-01,1984M04,crude_oil,Brent,30.1,USD/bbl,"Crude oil, Brent"
1984-04-01,1984M04,iron_ore,Global_CFR_China,26.2,USD/dry_mt,"Iron ore, cfr spot"
1984-04-01,1984M04,thermal_coal,Australia,29.3,USD/mt,"Coal, Australian"
1984-04-01,1984M04,thermal_coal,South_Africa,29.3,USD/mt,"Coal, South African **"
1984-05-01,1984M05,crude_oil,Brent,29.9,USD/bbl,"Crude oil, Brent"
1984-05-01,1984M05,iron_ore,Global_CFR_China,26.2,USD/dry_mt,"Iron ore, cfr spot"
1984-05-01,1984M05,thermal_coal,Australia,29.3,USD/mt,"Coal, Australian"
1984-05-01,1984M05,thermal_coal,South_Africa,29.3,USD/mt,"Coal, South African **"
1984-06-01,1984M06,crude_oil,Brent,29.2,USD/bbl,"Crude oil, Brent"
1984-06-01,1984M06,iron_ore,Global_CFR_China,26.2,USD/dry_mt,"Iron ore, cfr spot"
1984-06-01,1984M06,thermal_coal,Australia,31.8,USD/mt,"Coal, Australian"
1984-06-01,1984M06,thermal_coal,South_Africa,34.3,USD/mt,"Coal, South African **"
1984-07-01,1984M07,crude_oil,Brent,27.9,USD/bbl,"Crude oil, Brent"
1984-07-01,1984M07,iron_ore,Global_CFR_China,26.2,USD/dry_mt,"Iron ore, cfr spot"
1984-07-01,1984M07,thermal_coal,Australia,31.8,USD/mt,"Coal, Australian"
1984-07-01,1984M07,thermal_coal,South_Africa,35.8,USD/mt,"Coal, South African **"
1984-08-01,1984M08,crude_oil,Brent,28.1,USD/bbl,"Crude oil, Brent"
1984-08-01,1984M08,iron_ore,Global_CFR_China,26.2,USD/dry_mt,"Iron ore, cfr spot"
1984-08-01,1984M08,thermal_coal,Australia,31.8,USD/mt,"Coal, Australian"
1984-08-01,1984M08,thermal_coal,South_Africa,35.8,USD/mt,"Coal, South African **"
1984-09-01,1984M09,crude_oil,Brent,28.4,USD/bbl,"Crude oil, Brent"
1984-09-01,1984M09,iron_ore,Global_CFR_China,26.2,USD/dry_mt,"Iron ore, cfr spot"
1984-09-01,1984M09,thermal_coal,Australia,31.8,USD/mt,"Coal, Australian"
1984-09-01,1984M09,thermal_coal,South_Africa,35.8,USD/mt,"Coal, South African **"
1984-10-01,1984M10,crude_oil,Brent,27.8,USD/bbl,"Crude oil, Brent"
1984-10-01,1984M10,iron_ore,Global_CFR_China,26.2,USD/dry_mt,"Iron ore, cfr spot"
1984-10-01,1984M10,thermal_coal,Australia,31.8,USD/mt,"Coal, Australian"
1984-10-01,1984M10,thermal_coal,South_Africa,35.8,USD/mt,"Coal, South African **"
1984-11-01,1984M11,crude_oil,Brent,27.7,USD/bbl,"Crude oil, Brent"
1984-11-01,1984M11,iron_ore,Global_CFR_China,26.2,USD/dry_mt,"Iron ore, cfr spot"
1984-11-01,1984M11,thermal_coal,Australia,32.8,USD/mt,"Coal, Australian"
1984-11-01,1984M11,thermal_coal,South_Africa,35.3,USD/mt,"Coal, South African **"
1984-12-01,1984M12,crude_oil,Brent,27.0,USD/bbl,"Crude oil, Brent"
1984-12-01,1984M12,iron_ore,Global_CFR_China,26.2,USD/dry_mt,"Iron ore, cfr spot"
1984-12-01,1984M12,thermal_coal,Australia,33.8,USD/mt,"Coal, Australian"
1984-12-01,1984M12,thermal_coal,South_Africa,34.9,USD/mt,"Coal, South African **"
1985-01-01,1985M01,crude_oil,Brent,27.0,USD/bbl,"Crude oil, Brent"
1985-01-01,1985M01,iron_ore,Global_CFR_China,26.6,USD/dry_mt,"Iron ore, cfr spot"
1985-01-01,1985M01,thermal_coal,Australia,33.8,USD/mt,"Coal, Australian"
1985-01-01,1985M01,thermal_coal,South_Africa,35.1,USD/mt,"Coal, South African **"
1985-02-01,1985M02,crude_oil,Brent,28.2,USD/bbl,"Crude oil, Brent"
1985-02-01,1985M02,iron_ore,Global_CFR_China,26.6,USD/dry_mt,"Iron ore, cfr spot"
1985-02-01,1985M02,thermal_coal,Australia,33.8,USD/mt,"Coal, Australian"
1985-02-01,1985M02,thermal_coal,South_Africa,35.1,USD/mt,"Coal, South African **"
1985-03-01,1985M03,crude_oil,Brent,28.1,USD/bbl,"Crude oil, Brent"
1985-03-01,1985M03,iron_ore,Global_CFR_China,26.6,USD/dry_mt,"Iron ore, cfr spot"
1985-03-01,1985M03,thermal_coal,Australia,33.8,USD/mt,"Coal, Australian"
1985-03-01,1985M03,thermal_coal,South_Africa,35.1,USD/mt,"Coal, South African **"
1985-04-01,1985M04,crude_oil,Brent,27.9,USD/bbl,"Crude oil, Brent"
1985-04-01,1985M04,iron_ore,Global_CFR_China,26.6,USD/dry_mt,"Iron ore, cfr spot"
1985-04-01,1985M04,thermal_coal,Australia,33.8,USD/mt,"Coal, Australian"
1985-04-01,1985M04,thermal_coal,South_Africa,35.1,USD/mt,"Coal, South African **"
1985-05-01,1985M05,crude_oil,Brent,26.7,USD/bbl,"Crude oil, Brent"
1985-05-01,1985M05,iron_ore,Global_CFR_China,26.6,USD/dry_mt,"Iron ore, cfr spot"
1985-05-01,1985M05,thermal_coal,Australia,33.8,USD/mt,"Coal, Australian"
1985-05-01,1985M05,thermal_coal,South_Africa,35.1,USD/mt,"Coal, South African **"
1985-06-01,1985M06,crude_oil,Brent,26.5,USD/bbl,"Crude oil, Brent"
1985-06-01,1985M06,iron_ore,Global_CFR_China,26.6,USD/dry_mt,"Iron ore, cfr spot"
1985-06-01,1985M06,thermal_coal,Australia,33.8,USD/mt,"Coal, Australian"
1985-06-01,1985M06,thermal_coal,South_Africa,35.1,USD/mt,"Coal, South African **"
1985-07-01,1985M07,crude_oil,Brent,26.6,USD/bbl,"Crude oil, Brent"
1985-07-01,1985M07,iron_ore,Global_CFR_China,26.6,USD/dry_mt,"Iron ore, cfr spot"
1985-07-01,1985M07,thermal_coal,Australia,33.8,USD/mt,"Coal, Australian"
1985-07-01,1985M07,thermal_coal,South_Africa,35.1,USD/mt,"Coal, South African **"
1985-08-01,1985M08,crude_oil,Brent,27.2,USD/bbl,"Crude oil, Brent"
1985-08-01,1985M08,iron_ore,Global_CFR_China,26.6,USD/dry_mt,"Iron ore, cfr spot"
1985-08-01,1985M08,thermal_coal,Australia,33.8,USD/mt,"Coal, Australian"
1985-08-01,1985M08,thermal_coal,South_Africa,35.1,USD/mt,"Coal, South African **"
1985-09-01,1985M09,crude_oil,Brent,27.2,USD/bbl,"Crude oil, Brent"
1985-09-01,1985M09,iron_ore,Global_CFR_China,26.6,USD/dry_mt,"Iron ore, cfr spot"
1985-09-01,1985M09,thermal_coal,Australia,33.8,USD/mt,"Coal, Australian"
1985-09-01,1985M09,thermal_coal,South_Africa,35.1,USD/mt,"Coal, South African **"
1985-10-01,1985M10,crude_oil,Brent,27.9,USD/bbl,"Crude oil, Brent"
1985-10-01,1985M10,iron_ore,Global_CFR_China,26.6,USD/dry_mt,"Iron ore, cfr spot"
1985-10-01,1985M10,thermal_coal,Australia,33.8,USD/mt,"Coal, Australian"
1985-10-01,1985M10,thermal_coal,South_Africa,34.5,USD/mt,"Coal, South African **"
1985-11-01,1985M11,crude_oil,Brent,29.1,USD/bbl,"Crude oil, Brent"
1985-11-01,1985M11,iron_ore,Global_CFR_China,26.6,USD/dry_mt,"Iron ore, cfr spot"
1985-11-01,1985M11,thermal_coal,Australia,33.8,USD/mt,"Coal, Australian"
1985-11-01,1985M11,thermal_coal,South_Africa,34.5,USD/mt,"Coal, South African **"
1985-12-01,1985M12,crude_oil,Brent,25.9,USD/bbl,"Crude oil, Brent"
1985-12-01,1985M12,iron_ore,Global_CFR_China,26.6,USD/dry_mt,"Iron ore, cfr spot"
1985-12-01,1985M12,thermal_coal,Australia,33.8,USD/mt,"Coal, Australian"
1985-12-01,1985M12,thermal_coal,South_Africa,34.5,USD/mt,"Coal, South African **"
1986-01-01,1986M01,crude_oil,Brent,25.8,USD/bbl,"Crude oil, Brent"
1986-01-01,1986M01,iron_ore,Global_CFR_China,26.3,USD/dry_mt,"Iron ore, cfr spot"
1986-01-01,1986M01,thermal_coal,Australia,33.8,USD/mt,"Coal, Australian"
1986-01-01,1986M01,thermal_coal,South_Africa,33.8,USD/mt,"Coal, South African **"
1986-02-01,1986M02,crude_oil,Brent,17.6,USD/bbl,"Crude oil, Brent"
1986-02-01,1986M02,iron_ore,Global_CFR_China,26.3,USD/dry_mt,"Iron ore, cfr spot"
1986-02-01,1986M02,thermal_coal,Australia,33.8,USD/mt,"Coal, Australian"
1986-02-01,1986M02,thermal_coal,South_Africa,33.8,USD/mt,"Coal, South African **"
1986-03-01,1986M03,crude_oil,Brent,13.9,USD/bbl,"Crude oil, Brent"
1986-03-01,1986M03,iron_ore,Global_CFR_China,26.3,USD/dry_mt,"Iron ore, cfr spot"
1986-03-01,1986M03,thermal_coal,Australia,30.8,USD/mt,"Coal, Australian"
1986-03-01,1986M03,thermal_coal,South_Africa,31.6,USD/mt,"Coal, South African **"
1986-04-01,1986M04,crude_oil,Brent,12.5,USD/bbl,"Crude oil, Brent"
1986-04-01,1986M04,iron_ore,Global_CFR_China,26.3,USD/dry_mt,"Iron ore, cfr spot"
1986-04-01,1986M04,thermal_coal,Australia,30.8,USD/mt,"Coal, Australian"
1986-04-01,1986M04,thermal_coal,South_Africa,31.6,USD/mt,"Coal, South African **"
1986-05-01,1986M05,crude_oil,Brent,14.2,USD/bbl,"Crude oil, Brent"
1986-05-01,1986M05,iron_ore,Global_CFR_China,26.3,USD/dry_mt,"Iron ore, cfr spot"
1986-05-01,1986M05,thermal_coal,Australia,30.8,USD/mt,"Coal, Australian"
1986-05-01,1986M05,thermal_coal,South_Africa,29.5,USD/mt,"Coal, South African **"
1986-06-01,1986M06,crude_oil,Brent,11.9,USD/bbl,"Crude oil, Brent"
1986-06-01,1986M06,iron_ore,Global_CFR_China,26.3,USD/dry_mt,"Iron ore, cfr spot"
1986-06-01,1986M06,thermal_coal,Australia,30.8,USD/mt,"Coal, Australian"
1986-06-01,1986M06,thermal_coal,South_Africa,29.5,USD/mt,"Coal, South African **"
1986-07-01,1986M07,crude_oil,Brent,9.5,USD/bbl,"Crude oil, Brent"
1986-07-01,1986M07,iron_ore,Global_CFR_China,26.3,USD/dry_mt,"Iron ore, cfr spot"
1986-07-01,1986M07,thermal_coal,Australia,30.8,USD/mt,"Coal, Australian"
1986-07-01,1986M07,thermal_coal,South_Africa,29.5,USD/mt,"Coal, South African **"
1986-08-01,1986M08,crude_oil,Brent,13.7,USD/bbl,"Crude oil, Brent"
1986-08-01,1986M08,iron_ore,Global_CFR_China,26.3,USD/dry_mt,"Iron ore, cfr spot"
1986-08-01,1986M08,thermal_coal,Australia,30.8,USD/mt,"Coal, Australian"
1986-08-01,1986M08,thermal_coal,South_Africa,29.5,USD/mt,"Coal, South African **"
1986-09-01,1986M09,crude_oil,Brent,14.2,USD/bbl,"Crude oil, Brent"
1986-09-01,1986M09,iron_ore,Global_CFR_China,26.3,USD/dry_mt,"Iron ore, cfr spot"
1986-09-01,1986M09,thermal_coal,Australia,30.8,USD/mt,"Coal, Australian"
1986-09-01,1986M09,thermal_coal,South_Africa,29.5,USD/mt,"Coal, South African **"
1986-10-01,1986M10,crude_oil,Brent,13.8,USD/bbl,"Crude oil, Brent"
1986-10-01,1986M10,iron_ore,Global_CFR_China,26.3,USD/dry_mt,"Iron ore, cfr spot"
1986-10-01,1986M10,thermal_coal,Australia,30.8,USD/mt,"Coal, Australian"
1986-10-01,1986M10,thermal_coal,South_Africa,29.5,USD/mt,"Coal, South African **"
1986-11-01,1986M11,crude_oil,Brent,14.6,USD/bbl,"Crude oil, Brent"
1986-11-01,1986M11,iron_ore,Global_CFR_China,26.3,USD/dry_mt,"Iron ore, cfr spot"
1986-11-01,1986M11,thermal_coal,Australia,30.8,USD/mt,"Coal, Australian"
1986-11-01,1986M11,thermal_coal,South_Africa,29.5,USD/mt,"Coal, South African **"
1986-12-01,1986M12,crude_oil,Brent,15.9,USD/bbl,"Crude oil, Brent"
1986-12-01,1986M12,iron_ore,Global_CFR_China,26.3,USD/dry_mt,"Iron ore, cfr spot"
1986-12-01,1986M12,thermal_coal,Australia,29.3,USD/mt,"Coal, Australian"
1986-12-01,1986M12,thermal_coal,South_Africa,27.3,USD/mt,"Coal, South African **"
1987-01-01,1987M01,crude_oil,Brent,18.4,USD/bbl,"Crude oil, Brent"
1987-01-01,1987M01,iron_ore,Global_CFR_China,25.3,USD/dry_mt,"Iron ore, cfr spot"
1987-01-01,1987M01,thermal_coal,Australia,29.3,USD/mt,"Coal, Australian"
1987-01-01,1987M01,thermal_coal,South_Africa,27.3,USD/mt,"Coal, South African **"
1987-02-01,1987M02,crude_oil,Brent,17.3,USD/bbl,"Crude oil, Brent"
1987-02-01,1987M02,iron_ore,Global_CFR_China,25.3,USD/dry_mt,"Iron ore, cfr spot"
1987-02-01,1987M02,thermal_coal,Australia,29.3,USD/mt,"Coal, Australian"
1987-02-01,1987M02,thermal_coal,South_Africa,27.3,USD/mt,"Coal, South African **"
1987-03-01,1987M03,crude_oil,Brent,17.9,USD/bbl,"Crude oil, Brent"
1987-03-01,1987M03,iron_ore,Global_CFR_China,25.3,USD/dry_mt,"Iron ore, cfr spot"
1987-03-01,1987M03,thermal_coal,Australia,29.3,USD/mt,"Coal, Australian"
1987-03-01,1987M03,thermal_coal,South_Africa,27.3,USD/mt,"Coal, South African **"
1987-04-01,1987M04,crude_oil,Brent,18.1,USD/bbl,"Crude oil, Brent"
1987-04-01,1987M04,iron_ore,Global_CFR_China,25.3,USD/dry_mt,"Iron ore, cfr spot"
1987-04-01,1987M04,thermal_coal,Australia,24.8,USD/mt,"Coal, Australian"
1987-04-01,1987M04,thermal_coal,South_Africa,26.2,USD/mt,"Coal, South African **"
1987-05-01,1987M05,crude_oil,Brent,18.8,USD/bbl,"Crude oil, Brent"
1987-05-01,1987M05,iron_ore,Global_CFR_China,25.3,USD/dry_mt,"Iron ore, cfr spot"
1987-05-01,1987M05,thermal_coal,Australia,24.8,USD/mt,"Coal, Australian"
1987-05-01,1987M05,thermal_coal,South_Africa,26.2,USD/mt,"Coal, South African **"
1987-06-01,1987M06,crude_oil,Brent,18.9,USD/bbl,"Crude oil, Brent"
1987-06-01,1987M06,iron_ore,Global_CFR_China,25.3,USD/dry_mt,"Iron ore, cfr spot"
1987-06-01,1987M06,thermal_coal,Australia,24.8,USD/mt,"Coal, Australian"
1987-06-01,1987M06,thermal_coal,South_Africa,26.2,USD/mt,"Coal, South African **"
1987-07-01,1987M07,crude_oil,Brent,19.8,USD/bbl,"Crude oil, Brent"
1987-07-01,1987M07,iron_ore,Global_CFR_China,25.3,USD/dry_mt,"Iron ore, cfr spot"
1987-07-01,1987M07,thermal_coal,Australia,27.0,USD/mt,"Coal, Australian"
1987-07-01,1987M07,thermal_coal,South_Africa,26.2,USD/mt,"Coal, South African **"
1987-08-01,1987M08,crude_oil,Brent,19.0,USD/bbl,"Crude oil, Brent"
1987-08-01,1987M08,iron_ore,Global_CFR_China,25.3,USD/dry_mt,"Iron ore, cfr spot"
1987-08-01,1987M08,thermal_coal,Australia,27.0,USD/mt,"Coal, Australian"
1987-08-01,1987M08,thermal_coal,South_Africa,26.2,USD/mt,"Coal, South African **"
1987-09-01,1987M09,crude_oil,Brent,18.4,USD/bbl,"Crude oil, Brent"
1987-09-01,1987M09,iron_ore,Global_CFR_China,25.3,USD/dry_mt,"Iron ore, cfr spot"
1987-09-01,1987M09,thermal_coal,Australia,27.0,USD/mt,"Coal, Australian"
1987-09-01,1987M09,thermal_coal,South_Africa,26.2,USD/mt,"Coal, South African **"
1987-10-01,1987M10,crude_oil,Brent,18.8,USD/bbl,"Crude oil, Brent"
1987-10-01,1987M10,iron_ore,Global_CFR_China,25.3,USD/dry_mt,"Iron ore, cfr spot"
1987-10-01,1987M10,thermal_coal,Australia,27.0,USD/mt,"Coal, Australian"
1987-10-01,1987M10,thermal_coal,South_Africa,26.2,USD/mt,"Coal, South African **"
1987-11-01,1987M11,crude_oil,Brent,17.8,USD/bbl,"Crude oil, Brent"
1987-11-01,1987M11,iron_ore,Global_CFR_China,25.3,USD/dry_mt,"Iron ore, cfr spot"
1987-11-01,1987M11,thermal_coal,Australia,29.0,USD/mt,"Coal, Australian"
1987-11-01,1987M11,thermal_coal,South_Africa,26.3,USD/mt,"Coal, South African **"
1987-12-01,1987M12,crude_oil,Brent,17.1,USD/bbl,"Crude oil, Brent"
1987-12-01,1987M12,iron_ore,Global_CFR_China,25.3,USD/dry_mt,"Iron ore, cfr spot"
1987-12-01,1987M12,thermal_coal,Australia,31.0,USD/mt,"Coal, Australian"
1987-12-01,1987M12,thermal_coal,South_Africa,26.5,USD/mt,"Coal, South African **"
1988-01-01,1988M01,crude_oil,Brent,16.9,USD/bbl,"Crude oil, Brent"
1988-01-01,1988M01,iron_ore,Global_CFR_China,24.3,USD/dry_mt,"Iron ore, cfr spot"
1988-01-01,1988M01,thermal_coal,Australia,31.0,USD/mt,"Coal, Australian"
1988-01-01,1988M01,thermal_coal,South_Africa,26.5,USD/mt,"Coal, South African **"
1988-02-01,1988M02,crude_oil,Brent,15.8,USD/bbl,"Crude oil, Brent"
1988-02-01,1988M02,iron_ore,Global_CFR_China,24.3,USD/dry_mt,"Iron ore, cfr spot"
1988-02-01,1988M02,thermal_coal,Australia,31.0,USD/mt,"Coal, Australian"
1988-02-01,1988M02,thermal_coal,South_Africa,26.0,USD/mt,"Coal, South African **"
1988-03-01,1988M03,crude_oil,Brent,14.8,USD/bbl,"Crude oil, Brent"
1988-03-01,1988M03,iron_ore,Global_CFR_China,24.3,USD/dry_mt,"Iron ore, cfr spot"
1988-03-01,1988M03,thermal_coal,Australia,33.0,USD/mt,"Coal, Australian"
1988-03-01,1988M03,thermal_coal,South_Africa,26.5,USD/mt,"Coal, South African **"
1988-04-01,1988M04,crude_oil,Brent,16.6,USD/bbl,"Crude oil, Brent"
1988-04-01,1988M04,iron_ore,Global_CFR_China,24.3,USD/dry_mt,"Iron ore, cfr spot"
1988-04-01,1988M04,thermal_coal,Australia,33.0,USD/mt,"Coal, Australian"
1988-04-01,1988M04,thermal_coal,South_Africa,27.0,USD/mt,"Coal, South African **"
1988-05-01,1988M05,crude_oil,Brent,16.4,USD/bbl,"Crude oil, Brent"
1988-05-01,1988M05,iron_ore,Global_CFR_China,24.3,USD/dry_mt,"Iron ore, cfr spot"
1988-05-01,1988M05,thermal_coal,Australia,33.0,USD/mt,"Coal, Australian"
1988-05-01,1988M05,thermal_coal,South_Africa,27.5,USD/mt,"Coal, South African **"
1988-06-01,1988M06,crude_oil,Brent,15.6,USD/bbl,"Crude oil, Brent"
1988-06-01,1988M06,iron_ore,Global_CFR_China,24.3,USD/dry_mt,"Iron ore, cfr spot"
1988-06-01,1988M06,thermal_coal,Australia,36.0,USD/mt,"Coal, Australian"
1988-06-01,1988M06,thermal_coal,South_Africa,27.5,USD/mt,"Coal, South African **"
1988-07-01,1988M07,crude_oil,Brent,14.9,USD/bbl,"Crude oil, Brent"
1988-07-01,1988M07,iron_ore,Global_CFR_China,24.3,USD/dry_mt,"Iron ore, cfr spot"
1988-07-01,1988M07,thermal_coal,Australia,36.0,USD/mt,"Coal, Australian"
1988-07-01,1988M07,thermal_coal,South_Africa,27.5,USD/mt,"Coal, South African **"
1988-08-01,1988M08,crude_oil,Brent,15.0,USD/bbl,"Crude oil, Brent"
1988-08-01,1988M08,iron_ore,Global_CFR_China,24.3,USD/dry_mt,"Iron ore, cfr spot"
1988-08-01,1988M08,thermal_coal,Australia,36.0,USD/mt,"Coal, Australian"
1988-08-01,1988M08,thermal_coal,South_Africa,28.5,USD/mt,"Coal, South African **"
1988-09-01,1988M09,crude_oil,Brent,13.3,USD/bbl,"Crude oil, Brent"
1988-09-01,1988M09,iron_ore,Global_CFR_China,24.3,USD/dry_mt,"Iron ore, cfr spot"
1988-09-01,1988M09,thermal_coal,Australia,37.0,USD/mt,"Coal, Australian"
1988-09-01,1988M09,thermal_coal,South_Africa,29.3,USD/mt,"Coal, South African **"
1988-10-01,1988M10,crude_oil,Brent,12.5,USD/bbl,"Crude oil, Brent"
1988-10-01,1988M10,iron_ore,Global_CFR_China,24.3,USD/dry_mt,"Iron ore, cfr spot"
1988-10-01,1988M10,thermal_coal,Australia,37.0,USD/mt,"Coal, Australian"
1988-10-01,1988M10,thermal_coal,South_Africa,30.0,USD/mt,"Coal, South African **"
1988-11-01,1988M11,crude_oil,Brent,13.0,USD/bbl,"Crude oil, Brent"
1988-11-01,1988M11,iron_ore,Global_CFR_China,24.3,USD/dry_mt,"Iron ore, cfr spot"
1988-11-01,1988M11,thermal_coal,Australia,37.5,USD/mt,"Coal, Australian"
1988-11-01,1988M11,thermal_coal,South_Africa,30.0,USD/mt,"Coal, South African **"
1988-12-01,1988M12,crude_oil,Brent,15.2,USD/bbl,"Crude oil, Brent"
1988-12-01,1988M12,iron_ore,Global_CFR_China,24.3,USD/dry_mt,"Iron ore, cfr spot"
1988-12-01,1988M12,thermal_coal,Australia,38.0,USD/mt,"Coal, Australian"
1988-12-01,1988M12,thermal_coal,South_Africa,31.0,USD/mt,"Coal, South African **"
1989-01-01,1989M01,crude_oil,Brent,17.0,USD/bbl,"Crude oil, Brent"
1989-01-01,1989M01,iron_ore,Global_CFR_China,27.8,USD/dry_mt,"Iron ore, cfr spot"
1989-01-01,1989M01,thermal_coal,Australia,38.0,USD/mt,"Coal, Australian"
1989-01-01,1989M01,thermal_coal,South_Africa,31.0,USD/mt,"Coal, South African **"
1989-02-01,1989M02,crude_oil,Brent,16.7,USD/bbl,"Crude oil, Brent"
1989-02-01,1989M02,iron_ore,Global_CFR_China,27.8,USD/dry_mt,"Iron ore, cfr spot"
1989-02-01,1989M02,thermal_coal,Australia,38.0,USD/mt,"Coal, Australian"
1989-02-01,1989M02,thermal_coal,South_Africa,31.0,USD/mt,"Coal, South African **"
1989-03-01,1989M03,crude_oil,Brent,18.7,USD/bbl,"Crude oil, Brent"
1989-03-01,1989M03,iron_ore,Global_CFR_China,27.8,USD/dry_mt,"Iron ore, cfr spot"
1989-03-01,1989M03,thermal_coal,Australia,38.0,USD/mt,"Coal, Australian"
1989-03-01,1989M03,thermal_coal,South_Africa,31.0,USD/mt,"Coal, South African **"
1989-04-01,1989M04,crude_oil,Brent,19.8,USD/bbl,"Crude oil, Brent"
1989-04-01,1989M04,iron_ore,Global_CFR_China,27.8,USD/dry_mt,"Iron ore, cfr spot"
1989-04-01,1989M04,thermal_coal,Australia,38.0,USD/mt,"Coal, Australian"
1989-04-01,1989M04,thermal_coal,South_Africa,31.0,USD/mt,"Coal, South African **"
1989-05-01,1989M05,crude_oil,Brent,18.4,USD/bbl,"Crude oil, Brent"
1989-05-01,1989M05,iron_ore,Global_CFR_China,27.8,USD/dry_mt,"Iron ore, cfr spot"
1989-05-01,1989M05,thermal_coal,Australia,38.0,USD/mt,"Coal, Australian"
1989-05-01,1989M05,thermal_coal,South_Africa,31.0,USD/mt,"Coal, South African **"
1989-06-01,1989M06,crude_oil,Brent,17.5,USD/bbl,"Crude oil, Brent"
1989-06-01,1989M06,iron_ore,Global_CFR_China,27.8,USD/dry_mt,"Iron ore, cfr spot"
1989-06-01,1989M06,thermal_coal,Australia,38.0,USD/mt,"Coal, Australian"
1989-06-01,1989M06,thermal_coal,South_Africa,31.0,USD/mt,"Coal, South African **"
1989-07-01,1989M07,crude_oil,Brent,17.8,USD/bbl,"Crude oil, Brent"
1989-07-01,1989M07,iron_ore,Global_CFR_China,27.8,USD/dry_mt,"Iron ore, cfr spot"
1989-07-01,1989M07,thermal_coal,Australia,38.0,USD/mt,"Coal, Australian"
1989-07-01,1989M07,thermal_coal,South_Africa,31.0,USD/mt,"Coal, South African **"
1989-08-01,1989M08,crude_oil,Brent,17.1,USD/bbl,"Crude oil, Brent"
1989-08-01,1989M08,iron_ore,Global_CFR_China,27.8,USD/dry_mt,"Iron ore, cfr spot"
1989-08-01,1989M08,thermal_coal,Australia,38.0,USD/mt,"Coal, Australian"
1989-08-01,1989M08,thermal_coal,South_Africa,31.0,USD/mt,"Coal, South African **"
1989-09-01,1989M09,crude_oil,Brent,17.8,USD/bbl,"Crude oil, Brent"
1989-09-01,1989M09,iron_ore,Global_CFR_China,27.8,USD/dry_mt,"Iron ore, cfr spot"
1989-09-01,1989M09,thermal_coal,Australia,38.0,USD/mt,"Coal, Australian"
1989-09-01,1989M09,thermal_coal,South_Africa,31.0,USD/mt,"Coal, South African **"
1989-10-01,1989M10,crude_oil,Brent,19.0,USD/bbl,"Crude oil, Brent"
1989-10-01,1989M10,iron_ore,Global_CFR_China,27.8,USD/dry_mt,"Iron ore, cfr spot"
1989-10-01,1989M10,thermal_coal,Australia,38.0,USD/mt,"Coal, Australian"
1989-10-01,1989M10,thermal_coal,South_Africa,31.0,USD/mt,"Coal, South African **"
1989-11-01,1989M11,crude_oil,Brent,19.2,USD/bbl,"Crude oil, Brent"
1989-11-01,1989M11,iron_ore,Global_CFR_China,27.8,USD/dry_mt,"Iron ore, cfr spot"
1989-11-01,1989M11,thermal_coal,Australia,38.0,USD/mt,"Coal, Australian"
1989-11-01,1989M11,thermal_coal,South_Africa,31.0,USD/mt,"Coal, South African **"
1989-12-01,1989M12,crude_oil,Brent,19.9,USD/bbl,"Crude oil, Brent"
1989-12-01,1989M12,iron_ore,Global_CFR_China,27.8,USD/dry_mt,"Iron ore, cfr spot"
1989-12-01,1989M12,thermal_coal,Australia,38.0,USD/mt,"Coal, Australian"
1989-12-01,1989M12,thermal_coal,South_Africa,31.0,USD/mt,"Coal, South African **"
1990-01-01,1990M01,crude_oil,Brent,21.0,USD/bbl,"Crude oil, Brent"
1990-01-01,1990M01,iron_ore,Global_CFR_China,32.5,USD/dry_mt,"Iron ore, cfr spot"
1990-01-01,1990M01,thermal_coal,Australia,38.0,USD/mt,"Coal, Australian"
1990-01-01,1990M01,thermal_coal,South_Africa,31.0,USD/mt,"Coal, South African **"
1990-02-01,1990M02,crude_oil,Brent,19.9,USD/bbl,"Crude oil, Brent"
1990-02-01,1990M02,iron_ore,Global_CFR_China,32.5,USD/dry_mt,"Iron ore, cfr spot"
1990-02-01,1990M02,thermal_coal,Australia,38.0,USD/mt,"Coal, Australian"
1990-02-01,1990M02,thermal_coal,South_Africa,31.0,USD/mt,"Coal, South African **"
1990-03-01,1990M03,crude_oil,Brent,18.5,USD/bbl,"Crude oil, Brent"
1990-03-01,1990M03,iron_ore,Global_CFR_China,32.5,USD/dry_mt,"Iron ore, cfr spot"
1990-03-01,1990M03,thermal_coal,Australia,38.0,USD/mt,"Coal, Australian"
1990-03-01,1990M03,thermal_coal,South_Africa,31.0,USD/mt,"Coal, South African **"
1990-04-01,1990M04,crude_oil,Brent,16.8,USD/bbl,"Crude oil, Brent"
1990-04-01,1990M04,iron_ore,Global_CFR_China,32.5,USD/dry_mt,"Iron ore, cfr spot"
1990-04-01,1990M04,thermal_coal,Australia,38.0,USD/mt,"Coal, Australian"
1990-04-01,1990M04,thermal_coal,South_Africa,31.0,USD/mt,"Coal, South African **"
1990-05-01,1990M05,crude_oil,Brent,16.7,USD/bbl,"Crude oil, Brent"
1990-05-01,1990M05,iron_ore,Global_CFR_China,32.5,USD/dry_mt,"Iron ore, cfr spot"
1990-05-01,1990M05,thermal_coal,Australia,40.5,USD/mt,"Coal, Australian"
1990-05-01,1990M05,thermal_coal,South_Africa,32.5,USD/mt,"Coal, South African **"
1990-06-01,1990M06,crude_oil,Brent,15.7,USD/bbl,"Crude oil, Brent"
1990-06-01,1990M06,iron_ore,Global_CFR_China,32.5,USD/dry_mt,"Iron ore, cfr spot"
1990-06-01,1990M06,thermal_coal,Australia,40.5,USD/mt,"Coal, Australian"
1990-06-01,1990M06,thermal_coal,South_Africa,34.0,USD/mt,"Coal, South African **"
1990-07-01,1990M07,crude_oil,Brent,17.6,USD/bbl,"Crude oil, Brent"
1990-07-01,1990M07,iron_ore,Global_CFR_China,32.5,USD/dry_mt,"Iron ore, cfr spot"
1990-07-01,1990M07,thermal_coal,Australia,40.5,USD/mt,"Coal, Australian"
1990-07-01,1990M07,thermal_coal,South_Africa,34.0,USD/mt,"Coal, South African **"
1990-08-01,1990M08,crude_oil,Brent,27.1,USD/bbl,"Crude oil, Brent"
1990-08-01,1990M08,iron_ore,Global_CFR_China,32.5,USD/dry_mt,"Iron ore, cfr spot"
1990-08-01,1990M08,thermal_coal,Australia,40.5,USD/mt,"Coal, Australian"
1990-08-01,1990M08,thermal_coal,South_Africa,34.0,USD/mt,"Coal, South African **"
1990-09-01,1990M09,crude_oil,Brent,34.1,USD/bbl,"Crude oil, Brent"
1990-09-01,1990M09,iron_ore,Global_CFR_China,32.5,USD/dry_mt,"Iron ore, cfr spot"
1990-09-01,1990M09,thermal_coal,Australia,40.5,USD/mt,"Coal, Australian"
1990-09-01,1990M09,thermal_coal,South_Africa,34.0,USD/mt,"Coal, South African **"
1990-10-01,1990M10,crude_oil,Brent,36.1,USD/bbl,"Crude oil, Brent"
1990-10-01,1990M10,iron_ore,Global_CFR_China,32.5,USD/dry_mt,"Iron ore, cfr spot"
1990-10-01,1990M10,thermal_coal,Australia,40.5,USD/mt,"Coal, Australian"
1990-10-01,1990M10,thermal_coal,South_Africa,34.0,USD/mt,"Coal, South African **"
1990-11-01,1990M11,crude_oil,Brent,33.0,USD/bbl,"Crude oil, Brent"
1990-11-01,1990M11,iron_ore,Global_CFR_China,32.5,USD/dry_mt,"Iron ore, cfr spot"
1990-11-01,1990M11,thermal_coal,Australia,40.5,USD/mt,"Coal, Australian"
1990-11-01,1990M11,thermal_coal,South_Africa,34.0,USD/mt,"Coal, South African **"
1990-12-01,1990M12,crude_oil,Brent,28.0,USD/bbl,"Crude oil, Brent"
1990-12-01,1990M12,iron_ore,Global_CFR_China,32.5,USD/dry_mt,"Iron ore, cfr spot"
1990-12-01,1990M12,thermal_coal,Australia,40.5,USD/mt,"Coal, Australian"
1990-12-01,1990M12,thermal_coal,South_Africa,34.0,USD/mt,"Coal, South African **"
1991-01-01,1991M01,crude_oil,Brent,23.7,USD/bbl,"Crude oil, Brent"
1991-01-01,1991M01,iron_ore,Global_CFR_China,34.8,USD/dry_mt,"Iron ore, cfr spot"
1991-01-01,1991M01,thermal_coal,Australia,40.5,USD/mt,"Coal, Australian"
1991-01-01,1991M01,thermal_coal,South_Africa,34.0,USD/mt,"Coal, South African **"
1991-02-01,1991M02,crude_oil,Brent,19.4,USD/bbl,"Crude oil, Brent"
1991-02-01,1991M02,iron_ore,Global_CFR_China,34.8,USD/dry_mt,"Iron ore, cfr spot"
1991-02-01,1991M02,thermal_coal,Australia,40.5,USD/mt,"Coal, Australian"
1991-02-01,1991M02,thermal_coal,South_Africa,34.0,USD/mt,"Coal, South African **"
1991-03-01,1991M03,crude_oil,Brent,19.5,USD/bbl,"Crude oil, Brent"
1991-03-01,1991M03,iron_ore,Global_CFR_China,34.8,USD/dry_mt,"Iron ore, cfr spot"
1991-03-01,1991M03,thermal_coal,Australia,39.5,USD/mt,"Coal, Australian"
1991-03-01,1991M03,thermal_coal,South_Africa,31.0,USD/mt,"Coal, South African **"
1991-04-01,1991M04,crude_oil,Brent,19.3,USD/bbl,"Crude oil, Brent"
1991-04-01,1991M04,iron_ore,Global_CFR_China,34.8,USD/dry_mt,"Iron ore, cfr spot"
1991-04-01,1991M04,thermal_coal,Australia,39.5,USD/mt,"Coal, Australian"
1991-04-01,1991M04,thermal_coal,South_Africa,31.0,USD/mt,"Coal, South African **"
1991-05-01,1991M05,crude_oil,Brent,19.3,USD/bbl,"Crude oil, Brent"
1991-05-01,1991M05,iron_ore,Global_CFR_China,34.8,USD/dry_mt,"Iron ore, cfr spot"
1991-05-01,1991M05,thermal_coal,Australia,39.5,USD/mt,"Coal, Australian"
1991-05-01,1991M05,thermal_coal,South_Africa,31.0,USD/mt,"Coal, South African **"
1991-06-01,1991M06,crude_oil,Brent,18.2,USD/bbl,"Crude oil, Brent"
1991-06-01,1991M06,iron_ore,Global_CFR_China,34.8,USD/dry_mt,"Iron ore, cfr spot"
1991-06-01,1991M06,thermal_coal,Australia,39.5,USD/mt,"Coal, Australian"
1991-06-01,1991M06,thermal_coal,South_Africa,31.0,USD/mt,"Coal, South African **"
1991-07-01,1991M07,crude_oil,Brent,19.5,USD/bbl,"Crude oil, Brent"
1991-07-01,1991M07,iron_ore,Global_CFR_China,34.8,USD/dry_mt,"Iron ore, cfr spot"
1991-07-01,1991M07,thermal_coal,Australia,39.5,USD/mt,"Coal, Australian"
1991-07-01,1991M07,thermal_coal,South_Africa,31.0,USD/mt,"Coal, South African **"
1991-08-01,1991M08,crude_oil,Brent,19.8,USD/bbl,"Crude oil, Brent"
1991-08-01,1991M08,iron_ore,Global_CFR_China,34.8,USD/dry_mt,"Iron ore, cfr spot"
1991-08-01,1991M08,thermal_coal,Australia,39.5,USD/mt,"Coal, Australian"
1991-08-01,1991M08,thermal_coal,South_Africa,31.0,USD/mt,"Coal, South African **"
1991-09-01,1991M09,crude_oil,Brent,20.5,USD/bbl,"Crude oil, Brent"
1991-09-01,1991M09,iron_ore,Global_CFR_China,34.8,USD/dry_mt,"Iron ore, cfr spot"
1991-09-01,1991M09,thermal_coal,Australia,39.5,USD/mt,"Coal, Australian"
1991-09-01,1991M09,thermal_coal,South_Africa,31.0,USD/mt,"Coal, South African **"
1991-10-01,1991M10,crude_oil,Brent,22.2,USD/bbl,"Crude oil, Brent"
1991-10-01,1991M10,iron_ore,Global_CFR_China,34.8,USD/dry_mt,"Iron ore, cfr spot"
1991-10-01,1991M10,thermal_coal,Australia,39.5,USD/mt,"Coal, Australian"
1991-10-01,1991M10,thermal_coal,South_Africa,31.0,USD/mt,"Coal, South African **"
1991-11-01,1991M11,crude_oil,Brent,21.3,USD/bbl,"Crude oil, Brent"
1991-11-01,1991M11,iron_ore,Global_CFR_China,34.8,USD/dry_mt,"Iron ore, cfr spot"
1991-11-01,1991M11,thermal_coal,Australia,39.5,USD/mt,"Coal, Australian"
1991-11-01,1991M11,thermal_coal,South_Africa,31.0,USD/mt,"Coal, South African **"
1991-12-01,1991M12,crude_oil,Brent,18.4,USD/bbl,"Crude oil, Brent"
1991-12-01,1991M12,iron_ore,Global_CFR_China,34.8,USD/dry_mt,"Iron ore, cfr spot"
1991-12-01,1991M12,thermal_coal,Australia,39.5,USD/mt,"Coal, Australian"
1991-12-01,1991M12,thermal_coal,South_Africa,31.0,USD/mt,"Coal, South African **"
1992-01-01,1992M01,crude_oil,Brent,18.2,USD/bbl,"Crude oil, Brent"
1992-01-01,1992M01,iron_ore,Global_CFR_China,33.1,USD/dry_mt,"Iron ore, cfr spot"
1992-01-01,1992M01,thermal_coal,Australia,39.5,USD/mt,"Coal, Australian"
1992-01-01,1992M01,thermal_coal,South_Africa,31.0,USD/mt,"Coal, South African **"
1992-02-01,1992M02,crude_oil,Brent,18.1,USD/bbl,"Crude oil, Brent"
1992-02-01,1992M02,iron_ore,Global_CFR_China,33.1,USD/dry_mt,"Iron ore, cfr spot"
1992-02-01,1992M02,thermal_coal,Australia,39.5,USD/mt,"Coal, Australian"
1992-02-01,1992M02,thermal_coal,South_Africa,31.0,USD/mt,"Coal, South African **"
1992-03-01,1992M03,crude_oil,Brent,17.6,USD/bbl,"Crude oil, Brent"
1992-03-01,1992M03,iron_ore,Global_CFR_China,33.1,USD/dry_mt,"Iron ore, cfr spot"
1992-03-01,1992M03,thermal_coal,Australia,39.5,USD/mt,"Coal, Australian"
1992-03-01,1992M03,thermal_coal,South_Africa,31.0,USD/mt,"Coal, South African **"
1992-04-01,1992M04,crude_oil,Brent,19.0,USD/bbl,"Crude oil, Brent"
1992-04-01,1992M04,iron_ore,Global_CFR_China,33.1,USD/dry_mt,"Iron ore, cfr spot"
1992-04-01,1992M04,thermal_coal,Australia,39.5,USD/mt,"Coal, Australian"
1992-04-01,1992M04,thermal_coal,South_Africa,31.0,USD/mt,"Coal, South African **"
1992-05-01,1992M05,crude_oil,Brent,19.9,USD/bbl,"Crude oil, Brent"
1992-05-01,1992M05,iron_ore,Global_CFR_China,33.1,USD/dry_mt,"Iron ore, cfr spot"
1992-05-01,1992M05,thermal_coal,Australia,39.5,USD/mt,"Coal, Australian"
1992-05-01,1992M05,thermal_coal,South_Africa,31.0,USD/mt,"Coal, South African **"
1992-06-01,1992M06,crude_oil,Brent,21.2,USD/bbl,"Crude oil, Brent"
1992-06-01,1992M06,iron_ore,Global_CFR_China,33.1,USD/dry_mt,"Iron ore, cfr spot"
1992-06-01,1992M06,thermal_coal,Australia,39.5,USD/mt,"Coal, Australian"
1992-06-01,1992M06,thermal_coal,South_Africa,29.0,USD/mt,"Coal, South African **"
1992-07-01,1992M07,crude_oil,Brent,20.3,USD/bbl,"Crude oil, Brent"
1992-07-01,1992M07,iron_ore,Global_CFR_China,33.1,USD/dry_mt,"Iron ore, cfr spot"
1992-07-01,1992M07,thermal_coal,Australia,39.5,USD/mt,"Coal, Australian"
1992-07-01,1992M07,thermal_coal,South_Africa,27.0,USD/mt,"Coal, South African **"
1992-08-01,1992M08,crude_oil,Brent,19.8,USD/bbl,"Crude oil, Brent"
1992-08-01,1992M08,iron_ore,Global_CFR_China,33.1,USD/dry_mt,"Iron ore, cfr spot"
1992-08-01,1992M08,thermal_coal,Australia,39.5,USD/mt,"Coal, Australian"
1992-08-01,1992M08,thermal_coal,South_Africa,27.0,USD/mt,"Coal, South African **"
1992-09-01,1992M09,crude_oil,Brent,20.3,USD/bbl,"Crude oil, Brent"
1992-09-01,1992M09,iron_ore,Global_CFR_China,33.1,USD/dry_mt,"Iron ore, cfr spot"
1992-09-01,1992M09,thermal_coal,Australia,39.5,USD/mt,"Coal, Australian"
1992-09-01,1992M09,thermal_coal,South_Africa,27.0,USD/mt,"Coal, South African **"
1992-10-01,1992M10,crude_oil,Brent,20.3,USD/bbl,"Crude oil, Brent"
1992-10-01,1992M10,iron_ore,Global_CFR_China,33.1,USD/dry_mt,"Iron ore, cfr spot"
1992-10-01,1992M10,thermal_coal,Australia,37.3,USD/mt,"Coal, Australian"
1992-10-01,1992M10,thermal_coal,South_Africa,27.0,USD/mt,"Coal, South African **"
1992-11-01,1992M11,crude_oil,Brent,19.2,USD/bbl,"Crude oil, Brent"
1992-11-01,1992M11,iron_ore,Global_CFR_China,33.1,USD/dry_mt,"Iron ore, cfr spot"
1992-11-01,1992M11,thermal_coal,Australia,35.0,USD/mt,"Coal, Australian"
1992-11-01,1992M11,thermal_coal,South_Africa,27.0,USD/mt,"Coal, South African **"
1992-12-01,1992M12,crude_oil,Brent,18.2,USD/bbl,"Crude oil, Brent"
1992-12-01,1992M12,iron_ore,Global_CFR_China,33.1,USD/dry_mt,"Iron ore, cfr spot"
1992-12-01,1992M12,thermal_coal,Australia,35.0,USD/mt,"Coal, Australian"
1992-12-01,1992M12,thermal_coal,South_Africa,27.0,USD/mt,"Coal, South African **"
1993-01-01,1993M01,crude_oil,Brent,17.4,USD/bbl,"Crude oil, Brent"
1993-01-01,1993M01,iron_ore,Global_CFR_China,29.1,USD/dry_mt,"Iron ore, cfr spot"
1993-01-01,1993M01,thermal_coal,Australia,35.0,USD/mt,"Coal, Australian"
1993-01-01,1993M01,thermal_coal,South_Africa,27.0,USD/mt,"Coal, South African **"
1993-02-01,1993M02,crude_oil,Brent,18.5,USD/bbl,"Crude oil, Brent"
1993-02-01,1993M02,iron_ore,Global_CFR_China,29.1,USD/dry_mt,"Iron ore, cfr spot"
1993-02-01,1993M02,thermal_coal,Australia,31.0,USD/mt,"Coal, Australian"
1993-02-01,1993M02,thermal_coal,South_Africa,27.0,USD/mt,"Coal, South African **"
1993-03-01,1993M03,crude_oil,Brent,18.8,USD/bbl,"Crude oil, Brent"
1993-03-01,1993M03,iron_ore,Global_CFR_China,29.1,USD/dry_mt,"Iron ore, cfr spot"
1993-03-01,1993M03,thermal_coal,Australia,31.0,USD/mt,"Coal, Australian"
1993-03-01,1993M03,thermal_coal,South_Africa,27.0,USD/mt,"Coal, South African **"
1993-04-01,1993M04,crude_oil,Brent,18.7,USD/bbl,"Crude oil, Brent"
1993-04-01,1993M04,iron_ore,Global_CFR_China,29.1,USD/dry_mt,"Iron ore, cfr spot"
1993-04-01,1993M04,thermal_coal,Australia,31.0,USD/mt,"Coal, Australian"
1993-04-01,1993M04,thermal_coal,South_Africa,27.0,USD/mt,"Coal, South African **"
1993-05-01,1993M05,crude_oil,Brent,18.5,USD/bbl,"Crude oil, Brent"
1993-05-01,1993M05,iron_ore,Global_CFR_China,29.1,USD/dry_mt,"Iron ore, cfr spot"
1993-05-01,1993M05,thermal_coal,Australia,31.0,USD/mt,"Coal, Australian"
1993-05-01,1993M05,thermal_coal,South_Africa,27.0,USD/mt,"Coal, South African **"
1993-06-01,1993M06,crude_oil,Brent,17.7,USD/bbl,"Crude oil, Brent"
1993-06-01,1993M06,iron_ore,Global_CFR_China,29.1,USD/dry_mt,"Iron ore, cfr spot"
1993-06-01,1993M06,thermal_coal,Australia,31.0,USD/mt,"Coal, Australian"
1993-06-01,1993M06,thermal_coal,South_Africa,27.0,USD/mt,"Coal, South African **"
1993-07-01,1993M07,crude_oil,Brent,16.8,USD/bbl,"Crude oil, Brent"
1993-07-01,1993M07,iron_ore,Global_CFR_China,29.1,USD/dry_mt,"Iron ore, cfr spot"
1993-07-01,1993M07,thermal_coal,Australia,31.0,USD/mt,"Coal, Australian"
1993-07-01,1993M07,thermal_coal,South_Africa,27.0,USD/mt,"Coal, South African **"
1993-08-01,1993M08,crude_oil,Brent,16.7,USD/bbl,"Crude oil, Brent"
1993-08-01,1993M08,iron_ore,Global_CFR_China,29.1,USD/dry_mt,"Iron ore, cfr spot"
1993-08-01,1993M08,thermal_coal,Australia,31.0,USD/mt,"Coal, Australian"
1993-08-01,1993M08,thermal_coal,South_Africa,27.0,USD/mt,"Coal, South African **"
1993-09-01,1993M09,crude_oil,Brent,16.0,USD/bbl,"Crude oil, Brent"
1993-09-01,1993M09,iron_ore,Global_CFR_China,29.1,USD/dry_mt,"Iron ore, cfr spot"
1993-09-01,1993M09,thermal_coal,Australia,31.0,USD/mt,"Coal, Australian"
1993-09-01,1993M09,thermal_coal,South_Africa,27.0,USD/mt,"Coal, South African **"
1993-10-01,1993M10,crude_oil,Brent,16.6,USD/bbl,"Crude oil, Brent"
1993-10-01,1993M10,iron_ore,Global_CFR_China,29.1,USD/dry_mt,"Iron ore, cfr spot"
1993-10-01,1993M10,thermal_coal,Australia,31.0,USD/mt,"Coal, Australian"
1993-10-01,1993M10,thermal_coal,South_Africa,27.0,USD/mt,"Coal, South African **"
1993-11-01,1993M11,crude_oil,Brent,15.2,USD/bbl,"Crude oil, Brent"
1993-11-01,1993M11,iron_ore,Global_CFR_China,29.1,USD/dry_mt,"Iron ore, cfr spot"
1993-11-01,1993M11,thermal_coal,Australia,31.0,USD/mt,"Coal, Australian"
1993-11-01,1993M11,thermal_coal,South_Africa,27.0,USD/mt,"Coal, South African **"
1993-12-01,1993M12,crude_oil,Brent,13.6,USD/bbl,"Crude oil, Brent"
1993-12-01,1993M12,iron_ore,Global_CFR_China,29.1,USD/dry_mt,"Iron ore, cfr spot"
1993-12-01,1993M12,thermal_coal,Australia,31.0,USD/mt,"Coal, Australian"
1993-12-01,1993M12,thermal_coal,South_Africa,26.5,USD/mt,"Coal, South African **"
1994-01-01,1994M01,crude_oil,Brent,14.3,USD/bbl,"Crude oil, Brent"
1994-01-01,1994M01,iron_ore,Global_CFR_China,26.5,USD/dry_mt,"Iron ore, cfr spot"
1994-01-01,1994M01,thermal_coal,Australia,31.0,USD/mt,"Coal, Australian"
1994-01-01,1994M01,thermal_coal,South_Africa,27.0,USD/mt,"Coal, South African **"
1994-02-01,1994M02,crude_oil,Brent,13.8,USD/bbl,"Crude oil, Brent"
1994-02-01,1994M02,iron_ore,Global_CFR_China,26.5,USD/dry_mt,"Iron ore, cfr spot"
1994-02-01,1994M02,thermal_coal,Australia,31.0,USD/mt,"Coal, Australian"
1994-02-01,1994M02,thermal_coal,South_Africa,27.0,USD/mt,"Coal, South African **"
1994-03-01,1994M03,crude_oil,Brent,14.0,USD/bbl,"Crude oil, Brent"
1994-03-01,1994M03,iron_ore,Global_CFR_China,26.5,USD/dry_mt,"Iron ore, cfr spot"
1994-03-01,1994M03,thermal_coal,Australia,29.5,USD/mt,"Coal, Australian"
1994-03-01,1994M03,thermal_coal,South_Africa,27.0,USD/mt,"Coal, South African **"
1994-04-01,1994M04,crude_oil,Brent,15.2,USD/bbl,"Crude oil, Brent"
1994-04-01,1994M04,iron_ore,Global_CFR_China,26.5,USD/dry_mt,"Iron ore, cfr spot"
1994-04-01,1994M04,thermal_coal,Australia,29.5,USD/mt,"Coal, Australian"
1994-04-01,1994M04,thermal_coal,South_Africa,27.0,USD/mt,"Coal, South African **"
1994-05-01,1994M05,crude_oil,Brent,16.2,USD/bbl,"Crude oil, Brent"
1994-05-01,1994M05,iron_ore,Global_CFR_China,26.5,USD/dry_mt,"Iron ore, cfr spot"
1994-05-01,1994M05,thermal_coal,Australia,31.4,USD/mt,"Coal, Australian"
1994-05-01,1994M05,thermal_coal,South_Africa,27.0,USD/mt,"Coal, South African **"
1994-06-01,1994M06,crude_oil,Brent,16.8,USD/bbl,"Crude oil, Brent"
1994-06-01,1994M06,iron_ore,Global_CFR_China,26.5,USD/dry_mt,"Iron ore, cfr spot"
1994-06-01,1994M06,thermal_coal,Australia,33.6,USD/mt,"Coal, Australian"
1994-06-01,1994M06,thermal_coal,South_Africa,28.5,USD/mt,"Coal, South African **"
1994-07-01,1994M07,crude_oil,Brent,17.6,USD/bbl,"Crude oil, Brent"
1994-07-01,1994M07,iron_ore,Global_CFR_China,26.5,USD/dry_mt,"Iron ore, cfr spot"
1994-07-01,1994M07,thermal_coal,Australia,33.1,USD/mt,"Coal, Australian"
1994-07-01,1994M07,thermal_coal,South_Africa,28.5,USD/mt,"Coal, South African **"
1994-08-01,1994M08,crude_oil,Brent,16.8,USD/bbl,"Crude oil, Brent"
1994-08-01,1994M08,iron_ore,Global_CFR_China,26.5,USD/dry_mt,"Iron ore, cfr spot"
1994-08-01,1994M08,thermal_coal,Australia,33.1,USD/mt,"Coal, Australian"
1994-08-01,1994M08,thermal_coal,South_Africa,28.5,USD/mt,"Coal, South African **"
1994-09-01,1994M09,crude_oil,Brent,15.9,USD/bbl,"Crude oil, Brent"
1994-09-01,1994M09,iron_ore,Global_CFR_China,26.5,USD/dry_mt,"Iron ore, cfr spot"
1994-09-01,1994M09,thermal_coal,Australia,33.1,USD/mt,"Coal, Australian"
1994-09-01,1994M09,thermal_coal,South_Africa,29.0,USD/mt,"Coal, South African **"
1994-10-01,1994M10,crude_oil,Brent,16.4,USD/bbl,"Crude oil, Brent"
1994-10-01,1994M10,iron_ore,Global_CFR_China,26.5,USD/dry_mt,"Iron ore, cfr spot"
1994-10-01,1994M10,thermal_coal,Australia,33.1,USD/mt,"Coal, Australian"
1994-10-01,1994M10,thermal_coal,South_Africa,30.8,USD/mt,"Coal, South African **"
1994-11-01,1994M11,crude_oil,Brent,17.2,USD/bbl,"Crude oil, Brent"
1994-11-01,1994M11,iron_ore,Global_CFR_China,26.5,USD/dry_mt,"Iron ore, cfr spot"
1994-11-01,1994M11,thermal_coal,Australia,33.1,USD/mt,"Coal, Australian"
1994-11-01,1994M11,thermal_coal,South_Africa,30.5,USD/mt,"Coal, South African **"
1994-12-01,1994M12,crude_oil,Brent,16.0,USD/bbl,"Crude oil, Brent"
1994-12-01,1994M12,iron_ore,Global_CFR_China,26.5,USD/dry_mt,"Iron ore, cfr spot"
1994-12-01,1994M12,thermal_coal,Australia,36.1,USD/mt,"Coal, Australian"
1994-12-01,1994M12,thermal_coal,South_Africa,32.0,USD/mt,"Coal, South African **"
1995-01-01,1995M01,crude_oil,Brent,16.6,USD/bbl,"Crude oil, Brent"
1995-01-01,1995M01,iron_ore,Global_CFR_China,28.4,USD/dry_mt,"Iron ore, cfr spot"
1995-01-01,1995M01,thermal_coal,Australia,37.1,USD/mt,"Coal, Australian"
1995-01-01,1995M01,thermal_coal,South_Africa,34.0,USD/mt,"Coal, South African **"
1995-02-01,1995M02,crude_oil,Brent,17.1,USD/bbl,"Crude oil, Brent"
1995-02-01,1995M02,iron_ore,Global_CFR_China,28.4,USD/dry_mt,"Iron ore, cfr spot"
1995-02-01,1995M02,thermal_coal,Australia,37.6,USD/mt,"Coal, Australian"
1995-02-01,1995M02,thermal_coal,South_Africa,34.5,USD/mt,"Coal, South African **"
1995-03-01,1995M03,crude_oil,Brent,17.0,USD/bbl,"Crude oil, Brent"
1995-03-01,1995M03,iron_ore,Global_CFR_China,28.4,USD/dry_mt,"Iron ore, cfr spot"
1995-03-01,1995M03,thermal_coal,Australia,38.4,USD/mt,"Coal, Australian"
1995-03-01,1995M03,thermal_coal,South_Africa,34.8,USD/mt,"Coal, South African **"
1995-04-01,1995M04,crude_oil,Brent,18.7,USD/bbl,"Crude oil, Brent"
1995-04-01,1995M04,iron_ore,Global_CFR_China,28.4,USD/dry_mt,"Iron ore, cfr spot"
1995-04-01,1995M04,thermal_coal,Australia,37.1,USD/mt,"Coal, Australian"
1995-04-01,1995M04,thermal_coal,South_Africa,35.0,USD/mt,"Coal, South African **"
1995-05-01,1995M05,crude_oil,Brent,18.4,USD/bbl,"Crude oil, Brent"
1995-05-01,1995M05,iron_ore,Global_CFR_China,28.4,USD/dry_mt,"Iron ore, cfr spot"
1995-05-01,1995M05,thermal_coal,Australia,38.8,USD/mt,"Coal, Australian"
1995-05-01,1995M05,thermal_coal,South_Africa,35.0,USD/mt,"Coal, South African **"
1995-06-01,1995M06,crude_oil,Brent,17.4,USD/bbl,"Crude oil, Brent"
1995-06-01,1995M06,iron_ore,Global_CFR_China,28.4,USD/dry_mt,"Iron ore, cfr spot"
1995-06-01,1995M06,thermal_coal,Australia,40.8,USD/mt,"Coal, Australian"
1995-06-01,1995M06,thermal_coal,South_Africa,34.9,USD/mt,"Coal, South African **"
1995-07-01,1995M07,crude_oil,Brent,15.9,USD/bbl,"Crude oil, Brent"
1995-07-01,1995M07,iron_ore,Global_CFR_China,28.4,USD/dry_mt,"Iron ore, cfr spot"
1995-07-01,1995M07,thermal_coal,Australia,41.1,USD/mt,"Coal, Australian"
1995-07-01,1995M07,thermal_coal,South_Africa,36.2,USD/mt,"Coal, South African **"
1995-08-01,1995M08,crude_oil,Brent,16.1,USD/bbl,"Crude oil, Brent"
1995-08-01,1995M08,iron_ore,Global_CFR_China,28.4,USD/dry_mt,"Iron ore, cfr spot"
1995-08-01,1995M08,thermal_coal,Australia,40.9,USD/mt,"Coal, Australian"
1995-08-01,1995M08,thermal_coal,South_Africa,35.7,USD/mt,"Coal, South African **"
1995-09-01,1995M09,crude_oil,Brent,16.8,USD/bbl,"Crude oil, Brent"
1995-09-01,1995M09,iron_ore,Global_CFR_China,28.4,USD/dry_mt,"Iron ore, cfr spot"
1995-09-01,1995M09,thermal_coal,Australia,40.9,USD/mt,"Coal, Australian"
1995-09-01,1995M09,thermal_coal,South_Africa,35.9,USD/mt,"Coal, South African **"
1995-10-01,1995M10,crude_oil,Brent,16.1,USD/bbl,"Crude oil, Brent"
1995-10-01,1995M10,iron_ore,Global_CFR_China,28.4,USD/dry_mt,"Iron ore, cfr spot"
1995-10-01,1995M10,thermal_coal,Australia,41.0,USD/mt,"Coal, Australian"
1995-10-01,1995M10,thermal_coal,South_Africa,35.8,USD/mt,"Coal, South African **"
1995-11-01,1995M11,crude_oil,Brent,16.9,USD/bbl,"Crude oil, Brent"
1995-11-01,1995M11,iron_ore,Global_CFR_China,28.4,USD/dry_mt,"Iron ore, cfr spot"
1995-11-01,1995M11,thermal_coal,Australia,39.6,USD/mt,"Coal, Australian"
1995-11-01,1995M11,thermal_coal,South_Africa,36.1,USD/mt,"Coal, South African **"
1995-12-01,1995M12,crude_oil,Brent,18.0,USD/bbl,"Crude oil, Brent"
1995-12-01,1995M12,iron_ore,Global_CFR_China,28.4,USD/dry_mt,"Iron ore, cfr spot"
1995-12-01,1995M12,thermal_coal,Australia,39.4,USD/mt,"Coal, Australian"
1995-12-01,1995M12,thermal_coal,South_Africa,35.0,USD/mt,"Coal, South African **"
1996-01-01,1996M01,crude_oil,Brent,17.9,USD/bbl,"Crude oil, Brent"
1996-01-01,1996M01,iron_ore,Global_CFR_China,30.0,USD/dry_mt,"Iron ore, cfr spot"
1996-01-01,1996M01,thermal_coal,Australia,39.4,USD/mt,"Coal, Australian"
1996-01-01,1996M01,thermal_coal,South_Africa,34.8,USD/mt,"Coal, South African **"
1996-02-01,1996M02,crude_oil,Brent,18.0,USD/bbl,"Crude oil, Brent"
1996-02-01,1996M02,iron_ore,Global_CFR_China,30.0,USD/dry_mt,"Iron ore, cfr spot"
1996-02-01,1996M02,thermal_coal,Australia,39.3,USD/mt,"Coal, Australian"
1996-02-01,1996M02,thermal_coal,South_Africa,34.3,USD/mt,"Coal, South African **"
1996-03-01,1996M03,crude_oil,Brent,20.0,USD/bbl,"Crude oil, Brent"
1996-03-01,1996M03,iron_ore,Global_CFR_China,30.0,USD/dry_mt,"Iron ore, cfr spot"
1996-03-01,1996M03,thermal_coal,Australia,39.0,USD/mt,"Coal, Australian"
1996-03-01,1996M03,thermal_coal,South_Africa,32.9,USD/mt,"Coal, South African **"
1996-04-01,1996M04,crude_oil,Brent,21.0,USD/bbl,"Crude oil, Brent"
1996-04-01,1996M04,iron_ore,Global_CFR_China,30.0,USD/dry_mt,"Iron ore, cfr spot"
1996-04-01,1996M04,thermal_coal,Australia,39.3,USD/mt,"Coal, Australian"
1996-04-01,1996M04,thermal_coal,South_Africa,33.7,USD/mt,"Coal, South African **"
1996-05-01,1996M05,crude_oil,Brent,19.1,USD/bbl,"Crude oil, Brent"
1996-05-01,1996M05,iron_ore,Global_CFR_China,30.0,USD/dry_mt,"Iron ore, cfr spot"
1996-05-01,1996M05,thermal_coal,Australia,38.2,USD/mt,"Coal, Australian"
1996-05-01,1996M05,thermal_coal,South_Africa,33.3,USD/mt,"Coal, South African **"
1996-06-01,1996M06,crude_oil,Brent,18.3,USD/bbl,"Crude oil, Brent"
1996-06-01,1996M06,iron_ore,Global_CFR_China,30.0,USD/dry_mt,"Iron ore, cfr spot"
1996-06-01,1996M06,thermal_coal,Australia,38.2,USD/mt,"Coal, Australian"
1996-06-01,1996M06,thermal_coal,South_Africa,32.4,USD/mt,"Coal, South African **"
1996-07-01,1996M07,crude_oil,Brent,19.6,USD/bbl,"Crude oil, Brent"
1996-07-01,1996M07,iron_ore,Global_CFR_China,30.0,USD/dry_mt,"Iron ore, cfr spot"
1996-07-01,1996M07,thermal_coal,Australia,38.4,USD/mt,"Coal, Australian"
1996-07-01,1996M07,thermal_coal,South_Africa,32.1,USD/mt,"Coal, South African **"
1996-08-01,1996M08,crude_oil,Brent,20.6,USD/bbl,"Crude oil, Brent"
1996-08-01,1996M08,iron_ore,Global_CFR_China,30.0,USD/dry_mt,"Iron ore, cfr spot"
1996-08-01,1996M08,thermal_coal,Australia,38.4,USD/mt,"Coal, Australian"
1996-08-01,1996M08,thermal_coal,South_Africa,32.0,USD/mt,"Coal, South African **"
1996-09-01,1996M09,crude_oil,Brent,22.6,USD/bbl,"Crude oil, Brent"
1996-09-01,1996M09,iron_ore,Global_CFR_China,30.0,USD/dry_mt,"Iron ore, cfr spot"
1996-09-01,1996M09,thermal_coal,Australia,38.1,USD/mt,"Coal, Australian"
1996-09-01,1996M09,thermal_coal,South_Africa,33.4,USD/mt,"Coal, South African **"
1996-10-01,1996M10,crude_oil,Brent,24.2,USD/bbl,"Crude oil, Brent"
1996-10-01,1996M10,iron_ore,Global_CFR_China,30.0,USD/dry_mt,"Iron ore, cfr spot"
1996-10-01,1996M10,thermal_coal,Australia,37.6,USD/mt,"Coal, Australian"
1996-10-01,1996M10,thermal_coal,South_Africa,34.3,USD/mt,"Coal, South African **"
1996-11-01,1996M11,crude_oil,Brent,22.6,USD/bbl,"Crude oil, Brent"
1996-11-01,1996M11,iron_ore,Global_CFR_China,30.0,USD/dry_mt,"Iron ore, cfr spot"
1996-11-01,1996M11,thermal_coal,Australia,35.7,USD/mt,"Coal, Australian"
1996-11-01,1996M11,thermal_coal,South_Africa,34.1,USD/mt,"Coal, South African **"
1996-12-01,1996M12,crude_oil,Brent,23.9,USD/bbl,"Crude oil, Brent"
1996-12-01,1996M12,iron_ore,Global_CFR_China,30.0,USD/dry_mt,"Iron ore, cfr spot"
1996-12-01,1996M12,thermal_coal,Australia,35.4,USD/mt,"Coal, Australian"
1996-12-01,1996M12,thermal_coal,South_Africa,35.0,USD/mt,"Coal, South African **"
1997-01-01,1997M01,crude_oil,Brent,23.5,USD/bbl,"Crude oil, Brent"
1997-01-01,1997M01,iron_ore,Global_CFR_China,30.2,USD/dry_mt,"Iron ore, cfr spot"
1997-01-01,1997M01,thermal_coal,Australia,35.2,USD/mt,"Coal, Australian"
1997-01-01,1997M01,thermal_coal,South_Africa,34.6,USD/mt,"Coal, South African **"
1997-02-01,1997M02,crude_oil,Brent,20.8,USD/bbl,"Crude oil, Brent"
1997-02-01,1997M02,iron_ore,Global_CFR_China,30.2,USD/dry_mt,"Iron ore, cfr spot"
1997-02-01,1997M02,thermal_coal,Australia,34.6,USD/mt,"Coal, Australian"
1997-02-01,1997M02,thermal_coal,South_Africa,33.8,USD/mt,"Coal, South African **"
1997-03-01,1997M03,crude_oil,Brent,19.2,USD/bbl,"Crude oil, Brent"
1997-03-01,1997M03,iron_ore,Global_CFR_China,30.2,USD/dry_mt,"Iron ore, cfr spot"
1997-03-01,1997M03,thermal_coal,Australia,34.5,USD/mt,"Coal, Australian"
1997-03-01,1997M03,thermal_coal,South_Africa,33.4,USD/mt,"Coal, South African **"
1997-04-01,1997M04,crude_oil,Brent,17.5,USD/bbl,"Crude oil, Brent"
1997-04-01,1997M04,iron_ore,Global_CFR_China,30.2,USD/dry_mt,"Iron ore, cfr spot"
1997-04-01,1997M04,thermal_coal,Australia,35.4,USD/mt,"Coal, Australian"
1997-04-01,1997M04,thermal_coal,South_Africa,33.0,USD/mt,"Coal, South African **"
1997-05-01,1997M05,crude_oil,Brent,19.1,USD/bbl,"Crude oil, Brent"
1997-05-01,1997M05,iron_ore,Global_CFR_China,30.2,USD/dry_mt,"Iron ore, cfr spot"
1997-05-01,1997M05,thermal_coal,Australia,35.7,USD/mt,"Coal, Australian"
1997-05-01,1997M05,thermal_coal,South_Africa,32.5,USD/mt,"Coal, South African **"
1997-06-01,1997M06,crude_oil,Brent,17.6,USD/bbl,"Crude oil, Brent"
1997-06-01,1997M06,iron_ore,Global_CFR_China,30.2,USD/dry_mt,"Iron ore, cfr spot"
1997-06-01,1997M06,thermal_coal,Australia,34.5,USD/mt,"Coal, Australian"
1997-06-01,1997M06,thermal_coal,South_Africa,32.3,USD/mt,"Coal, South African **"
1997-07-01,1997M07,crude_oil,Brent,18.4,USD/bbl,"Crude oil, Brent"
1997-07-01,1997M07,iron_ore,Global_CFR_China,30.2,USD/dry_mt,"Iron ore, cfr spot"
1997-07-01,1997M07,thermal_coal,Australia,35.0,USD/mt,"Coal, Australian"
1997-07-01,1997M07,thermal_coal,South_Africa,31.3,USD/mt,"Coal, South African **"
1997-08-01,1997M08,crude_oil,Brent,18.7,USD/bbl,"Crude oil, Brent"
1997-08-01,1997M08,iron_ore,Global_CFR_China,30.2,USD/dry_mt,"Iron ore, cfr spot"
1997-08-01,1997M08,thermal_coal,Australia,36.9,USD/mt,"Coal, Australian"
1997-08-01,1997M08,thermal_coal,South_Africa,31.0,USD/mt,"Coal, South African **"
1997-09-01,1997M09,crude_oil,Brent,18.5,USD/bbl,"Crude oil, Brent"
1997-09-01,1997M09,iron_ore,Global_CFR_China,30.2,USD/dry_mt,"Iron ore, cfr spot"
1997-09-01,1997M09,thermal_coal,Australia,37.2,USD/mt,"Coal, Australian"
1997-09-01,1997M09,thermal_coal,South_Africa,29.9,USD/mt,"Coal, South African **"
1997-10-01,1997M10,crude_oil,Brent,19.9,USD/bbl,"Crude oil, Brent"
1997-10-01,1997M10,iron_ore,Global_CFR_China,30.2,USD/dry_mt,"Iron ore, cfr spot"
1997-10-01,1997M10,thermal_coal,Australia,37.2,USD/mt,"Coal, Australian"
1997-10-01,1997M10,thermal_coal,South_Africa,29.0,USD/mt,"Coal, South African **"
1997-11-01,1997M11,crude_oil,Brent,19.0,USD/bbl,"Crude oil, Brent"
1997-11-01,1997M11,iron_ore,Global_CFR_China,30.2,USD/dry_mt,"Iron ore, cfr spot"
1997-11-01,1997M11,thermal_coal,Australia,33.6,USD/mt,"Coal, Australian"
1997-11-01,1997M11,thermal_coal,South_Africa,27.7,USD/mt,"Coal, South African **"
1997-12-01,1997M12,crude_oil,Brent,17.0,USD/bbl,"Crude oil, Brent"
1997-12-01,1997M12,iron_ore,Global_CFR_China,30.2,USD/dry_mt,"Iron ore, cfr spot"
1997-12-01,1997M12,thermal_coal,Australia,31.4,USD/mt,"Coal, Australian"
1997-12-01,1997M12,thermal_coal,South_Africa,27.8,USD/mt,"Coal, South African **"
1998-01-01,1998M01,crude_oil,Brent,15.1,USD/bbl,"Crude oil, Brent"
1998-01-01,1998M01,iron_ore,Global_CFR_China,31.0,USD/dry_mt,"Iron ore, cfr spot"
1998-01-01,1998M01,thermal_coal,Australia,31.4,USD/mt,"Coal, Australian"
1998-01-01,1998M01,thermal_coal,South_Africa,27.5,USD/mt,"Coal, South African **"
1998-02-01,1998M02,crude_oil,Brent,14.1,USD/bbl,"Crude oil, Brent"
1998-02-01,1998M02,iron_ore,Global_CFR_China,31.0,USD/dry_mt,"Iron ore, cfr spot"
1998-02-01,1998M02,thermal_coal,Australia,33.4,USD/mt,"Coal, Australian"
1998-02-01,1998M02,thermal_coal,South_Africa,26.8,USD/mt,"Coal, South African **"
1998-03-01,1998M03,crude_oil,Brent,13.1,USD/bbl,"Crude oil, Brent"
1998-03-01,1998M03,iron_ore,Global_CFR_China,31.0,USD/dry_mt,"Iron ore, cfr spot"
1998-03-01,1998M03,thermal_coal,Australia,31.9,USD/mt,"Coal, Australian"
1998-03-01,1998M03,thermal_coal,South_Africa,26.7,USD/mt,"Coal, South African **"
1998-04-01,1998M04,crude_oil,Brent,13.4,USD/bbl,"Crude oil, Brent"
1998-04-01,1998M04,iron_ore,Global_CFR_China,31.0,USD/dry_mt,"Iron ore, cfr spot"
1998-04-01,1998M04,thermal_coal,Australia,31.2,USD/mt,"Coal, Australian"
1998-04-01,1998M04,thermal_coal,South_Africa,27.4,USD/mt,"Coal, South African **"
1998-05-01,1998M05,crude_oil,Brent,14.4,USD/bbl,"Crude oil, Brent"
1998-05-01,1998M05,iron_ore,Global_CFR_China,31.0,USD/dry_mt,"Iron ore, cfr spot"
1998-05-01,1998M05,thermal_coal,Australia,30.3,USD/mt,"Coal, Australian"
1998-05-01,1998M05,thermal_coal,South_Africa,27.6,USD/mt,"Coal, South African **"
1998-06-01,1998M06,crude_oil,Brent,12.1,USD/bbl,"Crude oil, Brent"
1998-06-01,1998M06,iron_ore,Global_CFR_China,31.0,USD/dry_mt,"Iron ore, cfr spot"
1998-06-01,1998M06,thermal_coal,Australia,30.0,USD/mt,"Coal, Australian"
1998-06-01,1998M06,thermal_coal,South_Africa,27.3,USD/mt,"Coal, South African **"
1998-07-01,1998M07,crude_oil,Brent,12.0,USD/bbl,"Crude oil, Brent"
1998-07-01,1998M07,iron_ore,Global_CFR_China,31.0,USD/dry_mt,"Iron ore, cfr spot"
1998-07-01,1998M07,thermal_coal,Australia,30.0,USD/mt,"Coal, Australian"
1998-07-01,1998M07,thermal_coal,South_Africa,26.6,USD/mt,"Coal, South African **"
1998-08-01,1998M08,crude_oil,Brent,11.9,USD/bbl,"Crude oil, Brent"
1998-08-01,1998M08,iron_ore,Global_CFR_China,31.0,USD/dry_mt,"Iron ore, cfr spot"
1998-08-01,1998M08,thermal_coal,Australia,26.2,USD/mt,"Coal, Australian"
1998-08-01,1998M08,thermal_coal,South_Africa,26.3,USD/mt,"Coal, South African **"
1998-09-01,1998M09,crude_oil,Brent,13.4,USD/bbl,"Crude oil, Brent"
1998-09-01,1998M09,iron_ore,Global_CFR_China,31.0,USD/dry_mt,"Iron ore, cfr spot"
1998-09-01,1998M09,thermal_coal,Australia,27.1,USD/mt,"Coal, Australian"
1998-09-01,1998M09,thermal_coal,South_Africa,26.4,USD/mt,"Coal, South African **"
1998-10-01,1998M10,crude_oil,Brent,12.6,USD/bbl,"Crude oil, Brent"
1998-10-01,1998M10,iron_ore,Global_CFR_China,31.0,USD/dry_mt,"Iron ore, cfr spot"
1998-10-01,1998M10,thermal_coal,Australia,27.1,USD/mt,"Coal, Australian"
1998-10-01,1998M10,thermal_coal,South_Africa,26.1,USD/mt,"Coal, South African **"
1998-11-01,1998M11,crude_oil,Brent,10.9,USD/bbl,"Crude oil, Brent"
1998-11-01,1998M11,iron_ore,Global_CFR_China,31.0,USD/dry_mt,"Iron ore, cfr spot"
1998-11-01,1998M11,thermal_coal,Australia,26.1,USD/mt,"Coal, Australian"
1998-11-01,1998M11,thermal_coal,South_Africa,26.7,USD/mt,"Coal, South African **"
1998-12-01,1998M12,crude_oil,Brent,9.8,USD/bbl,"Crude oil, Brent"
1998-12-01,1998M12,iron_ore,Global_CFR_China,31.0,USD/dry_mt,"Iron ore, cfr spot"
1998-12-01,1998M12,thermal_coal,Australia,26.1,USD/mt,"Coal, Australian"
1998-12-01,1998M12,thermal_coal,South_Africa,26.7,USD/mt,"Coal, South African **"
1999-01-01,1999M01,crude_oil,Brent,11.1,USD/bbl,"Crude oil, Brent"
1999-01-01,1999M01,iron_ore,Global_CFR_China,27.6,USD/dry_mt,"Iron ore, cfr spot"
1999-01-01,1999M01,thermal_coal,Australia,26.1,USD/mt,"Coal, Australian"
1999-01-01,1999M01,thermal_coal,South_Africa,26.5,USD/mt,"Coal, South African **"
1999-02-01,1999M02,crude_oil,Brent,10.2,USD/bbl,"Crude oil, Brent"
1999-02-01,1999M02,iron_ore,Global_CFR_China,27.6,USD/dry_mt,"Iron ore, cfr spot"
1999-02-01,1999M02,thermal_coal,Australia,26.1,USD/mt,"Coal, Australian"
1999-02-01,1999M02,thermal_coal,South_Africa,26.4,USD/mt,"Coal, South African **"
1999-03-01,1999M03,crude_oil,Brent,12.5,USD/bbl,"Crude oil, Brent"
1999-03-01,1999M03,iron_ore,Global_CFR_China,27.6,USD/dry_mt,"Iron ore, cfr spot"
1999-03-01,1999M03,thermal_coal,Australia,26.1,USD/mt,"Coal, Australian"
1999-03-01,1999M03,thermal_coal,South_Africa,25.1,USD/mt,"Coal, South African **"
1999-04-01,1999M04,crude_oil,Brent,15.3,USD/bbl,"Crude oil, Brent"
1999-04-01,1999M04,iron_ore,Global_CFR_China,27.6,USD/dry_mt,"Iron ore, cfr spot"
1999-04-01,1999M04,thermal_coal,Australia,26.1,USD/mt,"Coal, Australian"
1999-04-01,1999M04,thermal_coal,South_Africa,25.1,USD/mt,"Coal, South African **"
1999-05-01,1999M05,crude_oil,Brent,15.1,USD/bbl,"Crude oil, Brent"
1999-05-01,1999M05,iron_ore,Global_CFR_China,27.6,USD/dry_mt,"Iron ore, cfr spot"
1999-05-01,1999M05,thermal_coal,Australia,26.1,USD/mt,"Coal, Australian"
1999-05-01,1999M05,thermal_coal,South_Africa,25.1,USD/mt,"Coal, South African **"
1999-06-01,1999M06,crude_oil,Brent,15.8,USD/bbl,"Crude oil, Brent"
1999-06-01,1999M06,iron_ore,Global_CFR_China,27.6,USD/dry_mt,"Iron ore, cfr spot"
1999-06-01,1999M06,thermal_coal,Australia,26.1,USD/mt,"Coal, Australian"
1999-06-01,1999M06,thermal_coal,South_Africa,25.3,USD/mt,"Coal, South African **"
1999-07-01,1999M07,crude_oil,Brent,19.0,USD/bbl,"Crude oil, Brent"
1999-07-01,1999M07,iron_ore,Global_CFR_China,27.6,USD/dry_mt,"Iron ore, cfr spot"
1999-07-01,1999M07,thermal_coal,Australia,26.1,USD/mt,"Coal, Australian"
1999-07-01,1999M07,thermal_coal,South_Africa,23.8,USD/mt,"Coal, South African **"
1999-08-01,1999M08,crude_oil,Brent,20.2,USD/bbl,"Crude oil, Brent"
1999-08-01,1999M08,iron_ore,Global_CFR_China,27.6,USD/dry_mt,"Iron ore, cfr spot"
1999-08-01,1999M08,thermal_coal,Australia,26.1,USD/mt,"Coal, Australian"
1999-08-01,1999M08,thermal_coal,South_Africa,23.1,USD/mt,"Coal, South African **"
1999-09-01,1999M09,crude_oil,Brent,22.4,USD/bbl,"Crude oil, Brent"
1999-09-01,1999M09,iron_ore,Global_CFR_China,27.6,USD/dry_mt,"Iron ore, cfr spot"
1999-09-01,1999M09,thermal_coal,Australia,26.1,USD/mt,"Coal, Australian"
1999-09-01,1999M09,thermal_coal,South_Africa,22.5,USD/mt,"Coal, South African **"
1999-10-01,1999M10,crude_oil,Brent,22.0,USD/bbl,"Crude oil, Brent"
1999-10-01,1999M10,iron_ore,Global_CFR_China,27.6,USD/dry_mt,"Iron ore, cfr spot"
1999-10-01,1999M10,thermal_coal,Australia,25.6,USD/mt,"Coal, Australian"
1999-10-01,1999M10,thermal_coal,South_Africa,22.5,USD/mt,"Coal, South African **"
1999-11-01,1999M11,crude_oil,Brent,24.6,USD/bbl,"Crude oil, Brent"
1999-11-01,1999M11,iron_ore,Global_CFR_China,27.6,USD/dry_mt,"Iron ore, cfr spot"
1999-11-01,1999M11,thermal_coal,Australia,25.1,USD/mt,"Coal, Australian"
1999-11-01,1999M11,thermal_coal,South_Africa,23.5,USD/mt,"Coal, South African **"
1999-12-01,1999M12,crude_oil,Brent,25.6,USD/bbl,"Crude oil, Brent"
1999-12-01,1999M12,iron_ore,Global_CFR_China,27.6,USD/dry_mt,"Iron ore, cfr spot"
1999-12-01,1999M12,thermal_coal,Australia,25.1,USD/mt,"Coal, Australian"
1999-12-01,1999M12,thermal_coal,South_Africa,22.6,USD/mt,"Coal, South African **"
2000-01-01,2000M01,crude_oil,Brent,25.4,USD/bbl,"Crude oil, Brent"
2000-01-01,2000M01,iron_ore,Global_CFR_China,28.8,USD/dry_mt,"Iron ore, cfr spot"
2000-01-01,2000M01,thermal_coal,Australia,25.1,USD/mt,"Coal, Australian"
2000-01-01,2000M01,thermal_coal,South_Africa,22.8,USD/mt,"Coal, South African **"
2000-02-01,2000M02,crude_oil,Brent,27.7,USD/bbl,"Crude oil, Brent"
2000-02-01,2000M02,iron_ore,Global_CFR_China,28.8,USD/dry_mt,"Iron ore, cfr spot"
2000-02-01,2000M02,thermal_coal,Australia,25.1,USD/mt,"Coal, Australian"
2000-02-01,2000M02,thermal_coal,South_Africa,23.6,USD/mt,"Coal, South African **"
2000-03-01,2000M03,crude_oil,Brent,27.5,USD/bbl,"Crude oil, Brent"
2000-03-01,2000M03,iron_ore,Global_CFR_China,28.8,USD/dry_mt,"Iron ore, cfr spot"
2000-03-01,2000M03,thermal_coal,Australia,25.1,USD/mt,"Coal, Australian"
2000-03-01,2000M03,thermal_coal,South_Africa,24.4,USD/mt,"Coal, South African **"
2000-04-01,2000M04,crude_oil,Brent,22.5,USD/bbl,"Crude oil, Brent"
2000-04-01,2000M04,iron_ore,Global_CFR_China,28.8,USD/dry_mt,"Iron ore, cfr spot"
2000-04-01,2000M04,thermal_coal,Australia,25.1,USD/mt,"Coal, Australian"
2000-04-01,2000M04,thermal_coal,South_Africa,24.9,USD/mt,"Coal, South African **"
2000-05-01,2000M05,crude_oil,Brent,27.3,USD/bbl,"Crude oil, Brent"
2000-05-01,2000M05,iron_ore,Global_CFR_China,28.8,USD/dry_mt,"Iron ore, cfr spot"
2000-05-01,2000M05,thermal_coal,Australia,25.6,USD/mt,"Coal, Australian"
2000-05-01,2000M05,thermal_coal,South_Africa,26.1,USD/mt,"Coal, South African **"
2000-06-01,2000M06,crude_oil,Brent,29.7,USD/bbl,"Crude oil, Brent"
2000-06-01,2000M06,iron_ore,Global_CFR_China,28.8,USD/dry_mt,"Iron ore, cfr spot"
2000-06-01,2000M06,thermal_coal,Australia,25.6,USD/mt,"Coal, Australian"
2000-06-01,2000M06,thermal_coal,South_Africa,27.0,USD/mt,"Coal, South African **"
2000-07-01,2000M07,crude_oil,Brent,28.5,USD/bbl,"Crude oil, Brent"
2000-07-01,2000M07,iron_ore,Global_CFR_China,28.8,USD/dry_mt,"Iron ore, cfr spot"
2000-07-01,2000M07,thermal_coal,Australia,25.6,USD/mt,"Coal, Australian"
2000-07-01,2000M07,thermal_coal,South_Africa,27.0,USD/mt,"Coal, South African **"
2000-08-01,2000M08,crude_oil,Brent,29.4,USD/bbl,"Crude oil, Brent"
2000-08-01,2000M08,iron_ore,Global_CFR_China,28.8,USD/dry_mt,"Iron ore, cfr spot"
2000-08-01,2000M08,thermal_coal,Australia,25.6,USD/mt,"Coal, Australian"
2000-08-01,2000M08,thermal_coal,South_Africa,27.0,USD/mt,"Coal, South African **"
2000-09-01,2000M09,crude_oil,Brent,32.6,USD/bbl,"Crude oil, Brent"
2000-09-01,2000M09,iron_ore,Global_CFR_China,28.8,USD/dry_mt,"Iron ore, cfr spot"
2000-09-01,2000M09,thermal_coal,Australia,27.2,USD/mt,"Coal, Australian"
2000-09-01,2000M09,thermal_coal,South_Africa,27.0,USD/mt,"Coal, South African **"
2000-10-01,2000M10,crude_oil,Brent,30.9,USD/bbl,"Crude oil, Brent"
2000-10-01,2000M10,iron_ore,Global_CFR_China,28.8,USD/dry_mt,"Iron ore, cfr spot"
2000-10-01,2000M10,thermal_coal,Australia,27.2,USD/mt,"Coal, Australian"
2000-10-01,2000M10,thermal_coal,South_Africa,28.2,USD/mt,"Coal, South African **"
2000-11-01,2000M11,crude_oil,Brent,32.5,USD/bbl,"Crude oil, Brent"
2000-11-01,2000M11,iron_ore,Global_CFR_China,28.8,USD/dry_mt,"Iron ore, cfr spot"
2000-11-01,2000M11,thermal_coal,Australia,27.2,USD/mt,"Coal, Australian"
2000-11-01,2000M11,thermal_coal,South_Africa,26.2,USD/mt,"Coal, South African **"
2000-12-01,2000M12,crude_oil,Brent,25.1,USD/bbl,"Crude oil, Brent"
2000-12-01,2000M12,iron_ore,Global_CFR_China,28.8,USD/dry_mt,"Iron ore, cfr spot"
2000-12-01,2000M12,thermal_coal,Australia,30.8,USD/mt,"Coal, Australian"
2000-12-01,2000M12,thermal_coal,South_Africa,34.7,USD/mt,"Coal, South African **"
2001-01-01,2001M01,crude_oil,Brent,25.6,USD/bbl,"Crude oil, Brent"
2001-01-01,2001M01,iron_ore,Global_CFR_China,30.0,USD/dry_mt,"Iron ore, cfr spot"
2001-01-01,2001M01,thermal_coal,Australia,32.1,USD/mt,"Coal, Australian"
2001-01-01,2001M01,thermal_coal,South_Africa,35.0,USD/mt,"Coal, South African **"
2001-02-01,2001M02,crude_oil,Brent,27.4,USD/bbl,"Crude oil, Brent"
2001-02-01,2001M02,iron_ore,Global_CFR_China,30.0,USD/dry_mt,"Iron ore, cfr spot"
2001-02-01,2001M02,thermal_coal,Australia,32.1,USD/mt,"Coal, Australian"
2001-02-01,2001M02,thermal_coal,South_Africa,34.4,USD/mt,"Coal, South African **"
2001-03-01,2001M03,crude_oil,Brent,24.4,USD/bbl,"Crude oil, Brent"
2001-03-01,2001M03,iron_ore,Global_CFR_China,30.0,USD/dry_mt,"Iron ore, cfr spot"
2001-03-01,2001M03,thermal_coal,Australia,32.6,USD/mt,"Coal, Australian"
2001-03-01,2001M03,thermal_coal,South_Africa,35.5,USD/mt,"Coal, South African **"
2001-04-01,2001M04,crude_oil,Brent,25.6,USD/bbl,"Crude oil, Brent"
2001-04-01,2001M04,iron_ore,Global_CFR_China,30.0,USD/dry_mt,"Iron ore, cfr spot"
2001-04-01,2001M04,thermal_coal,Australia,33.5,USD/mt,"Coal, Australian"
2001-04-01,2001M04,thermal_coal,South_Africa,35.5,USD/mt,"Coal, South African **"
2001-05-01,2001M05,crude_oil,Brent,28.5,USD/bbl,"Crude oil, Brent"
2001-05-01,2001M05,iron_ore,Global_CFR_China,30.0,USD/dry_mt,"Iron ore, cfr spot"
2001-05-01,2001M05,thermal_coal,Australia,33.8,USD/mt,"Coal, Australian"
2001-05-01,2001M05,thermal_coal,South_Africa,34.8,USD/mt,"Coal, South African **"
2001-06-01,2001M06,crude_oil,Brent,27.7,USD/bbl,"Crude oil, Brent"
2001-06-01,2001M06,iron_ore,Global_CFR_China,30.0,USD/dry_mt,"Iron ore, cfr spot"
2001-06-01,2001M06,thermal_coal,Australia,33.9,USD/mt,"Coal, Australian"
2001-06-01,2001M06,thermal_coal,South_Africa,34.8,USD/mt,"Coal, South African **"
2001-07-01,2001M07,crude_oil,Brent,24.5,USD/bbl,"Crude oil, Brent"
2001-07-01,2001M07,iron_ore,Global_CFR_China,30.0,USD/dry_mt,"Iron ore, cfr spot"
2001-07-01,2001M07,thermal_coal,Australia,34.0,USD/mt,"Coal, Australian"
2001-07-01,2001M07,thermal_coal,South_Africa,34.4,USD/mt,"Coal, South African **"
2001-08-01,2001M08,crude_oil,Brent,25.7,USD/bbl,"Crude oil, Brent"
2001-08-01,2001M08,iron_ore,Global_CFR_China,30.0,USD/dry_mt,"Iron ore, cfr spot"
2001-08-01,2001M08,thermal_coal,Australia,33.8,USD/mt,"Coal, Australian"
2001-08-01,2001M08,thermal_coal,South_Africa,34.2,USD/mt,"Coal, South African **"
2001-09-01,2001M09,crude_oil,Brent,25.5,USD/bbl,"Crude oil, Brent"
2001-09-01,2001M09,iron_ore,Global_CFR_China,30.0,USD/dry_mt,"Iron ore, cfr spot"
2001-09-01,2001M09,thermal_coal,Australia,32.8,USD/mt,"Coal, Australian"
2001-09-01,2001M09,thermal_coal,South_Africa,33.1,USD/mt,"Coal, South African **"
2001-10-01,2001M10,crude_oil,Brent,20.5,USD/bbl,"Crude oil, Brent"
2001-10-01,2001M10,iron_ore,Global_CFR_China,30.0,USD/dry_mt,"Iron ore, cfr spot"
2001-10-01,2001M10,thermal_coal,Australia,32.4,USD/mt,"Coal, Australian"
2001-10-01,2001M10,thermal_coal,South_Africa,33.0,USD/mt,"Coal, South African **"
2001-11-01,2001M11,crude_oil,Brent,18.9,USD/bbl,"Crude oil, Brent"
2001-11-01,2001M11,iron_ore,Global_CFR_China,30.0,USD/dry_mt,"Iron ore, cfr spot"
2001-11-01,2001M11,thermal_coal,Australia,29.4,USD/mt,"Coal, Australian"
2001-11-01,2001M11,thermal_coal,South_Africa,31.5,USD/mt,"Coal, South African **"
2001-12-01,2001M12,crude_oil,Brent,18.6,USD/bbl,"Crude oil, Brent"
2001-12-01,2001M12,iron_ore,Global_CFR_China,30.0,USD/dry_mt,"Iron ore, cfr spot"
2001-12-01,2001M12,thermal_coal,Australia,27.4,USD/mt,"Coal, Australian"
2001-12-01,2001M12,thermal_coal,South_Africa,30.5,USD/mt,"Coal, South African **"
2002-01-01,2002M01,crude_oil,Brent,19.5,USD/bbl,"Crude oil, Brent"
2002-01-01,2002M01,iron_ore,Global_CFR_China,29.3,USD/dry_mt,"Iron ore, cfr spot"
2002-01-01,2002M01,thermal_coal,Australia,27.4,USD/mt,"Coal, Australian"
2002-01-01,2002M01,thermal_coal,South_Africa,29.7,USD/mt,"Coal, South African **"
2002-02-01,2002M02,crude_oil,Brent,20.3,USD/bbl,"Crude oil, Brent"
2002-02-01,2002M02,iron_ore,Global_CFR_China,29.3,USD/dry_mt,"Iron ore, cfr spot"
2002-02-01,2002M02,thermal_coal,Australia,28.1,USD/mt,"Coal, Australian"
2002-02-01,2002M02,thermal_coal,South_Africa,29.0,USD/mt,"Coal, South African **"
2002-03-01,2002M03,crude_oil,Brent,23.7,USD/bbl,"Crude oil, Brent"
2002-03-01,2002M03,iron_ore,Global_CFR_China,29.3,USD/dry_mt,"Iron ore, cfr spot"
2002-03-01,2002M03,thermal_coal,Australia,27.8,USD/mt,"Coal, Australian"
2002-03-01,2002M03,thermal_coal,South_Africa,28.4,USD/mt,"Coal, South African **"
2002-04-01,2002M04,crude_oil,Brent,25.7,USD/bbl,"Crude oil, Brent"
2002-04-01,2002M04,iron_ore,Global_CFR_China,29.3,USD/dry_mt,"Iron ore, cfr spot"
2002-04-01,2002M04,thermal_coal,Australia,27.1,USD/mt,"Coal, Australian"
2002-04-01,2002M04,thermal_coal,South_Africa,26.8,USD/mt,"Coal, South African **"
2002-05-01,2002M05,crude_oil,Brent,25.4,USD/bbl,"Crude oil, Brent"
2002-05-01,2002M05,iron_ore,Global_CFR_China,29.3,USD/dry_mt,"Iron ore, cfr spot"
2002-05-01,2002M05,thermal_coal,Australia,26.9,USD/mt,"Coal, Australian"
2002-05-01,2002M05,thermal_coal,South_Africa,25.8,USD/mt,"Coal, South African **"
2002-06-01,2002M06,crude_oil,Brent,24.1,USD/bbl,"Crude oil, Brent"
2002-06-01,2002M06,iron_ore,Global_CFR_China,29.3,USD/dry_mt,"Iron ore, cfr spot"
2002-06-01,2002M06,thermal_coal,Australia,24.9,USD/mt,"Coal, Australian"
2002-06-01,2002M06,thermal_coal,South_Africa,24.4,USD/mt,"Coal, South African **"
2002-07-01,2002M07,crude_oil,Brent,25.8,USD/bbl,"Crude oil, Brent"
2002-07-01,2002M07,iron_ore,Global_CFR_China,29.3,USD/dry_mt,"Iron ore, cfr spot"
2002-07-01,2002M07,thermal_coal,Australia,23.2,USD/mt,"Coal, Australian"
2002-07-01,2002M07,thermal_coal,South_Africa,22.7,USD/mt,"Coal, South African **"
2002-08-01,2002M08,crude_oil,Brent,26.6,USD/bbl,"Crude oil, Brent"
2002-08-01,2002M08,iron_ore,Global_CFR_China,29.3,USD/dry_mt,"Iron ore, cfr spot"
2002-08-01,2002M08,thermal_coal,Australia,22.3,USD/mt,"Coal, Australian"
2002-08-01,2002M08,thermal_coal,South_Africa,21.3,USD/mt,"Coal, South African **"
2002-09-01,2002M09,crude_oil,Brent,28.3,USD/bbl,"Crude oil, Brent"
2002-09-01,2002M09,iron_ore,Global_CFR_China,29.3,USD/dry_mt,"Iron ore, cfr spot"
2002-09-01,2002M09,thermal_coal,Australia,22.7,USD/mt,"Coal, Australian"
2002-09-01,2002M09,thermal_coal,South_Africa,23.1,USD/mt,"Coal, South African **"
2002-10-01,2002M10,crude_oil,Brent,27.5,USD/bbl,"Crude oil, Brent"
2002-10-01,2002M10,iron_ore,Global_CFR_China,29.3,USD/dry_mt,"Iron ore, cfr spot"
2002-10-01,2002M10,thermal_coal,Australia,24.5,USD/mt,"Coal, Australian"
2002-10-01,2002M10,thermal_coal,South_Africa,27.4,USD/mt,"Coal, South African **"
2002-11-01,2002M11,crude_oil,Brent,24.2,USD/bbl,"Crude oil, Brent"
2002-11-01,2002M11,iron_ore,Global_CFR_China,29.3,USD/dry_mt,"Iron ore, cfr spot"
2002-11-01,2002M11,thermal_coal,Australia,24.5,USD/mt,"Coal, Australian"
2002-11-01,2002M11,thermal_coal,South_Africa,27.0,USD/mt,"Coal, South African **"
2002-12-01,2002M12,crude_oil,Brent,28.5,USD/bbl,"Crude oil, Brent"
2002-12-01,2002M12,iron_ore,Global_CFR_China,29.3,USD/dry_mt,"Iron ore, cfr spot"
2002-12-01,2002M12,thermal_coal,Australia,24.5,USD/mt,"Coal, Australian"
2002-12-01,2002M12,thermal_coal,South_Africa,26.9,USD/mt,"Coal, South African **"
2003-01-01,2003M01,crude_oil,Brent,31.2,USD/bbl,"Crude oil, Brent"
2003-01-01,2003M01,iron_ore,Global_CFR_China,32.0,USD/dry_mt,"Iron ore, cfr spot"
2003-01-01,2003M01,thermal_coal,Australia,24.9,USD/mt,"Coal, Australian"
2003-01-01,2003M01,thermal_coal,South_Africa,27.5,USD/mt,"Coal, South African **"
2003-02-01,2003M02,crude_oil,Brent,32.6,USD/bbl,"Crude oil, Brent"
2003-02-01,2003M02,iron_ore,Global_CFR_China,32.0,USD/dry_mt,"Iron ore, cfr spot"
2003-02-01,2003M02,thermal_coal,Australia,25.2,USD/mt,"Coal, Australian"
2003-02-01,2003M02,thermal_coal,South_Africa,27.0,USD/mt,"Coal, South African **"
2003-03-01,2003M03,crude_oil,Brent,30.3,USD/bbl,"Crude oil, Brent"
2003-03-01,2003M03,iron_ore,Global_CFR_China,32.0,USD/dry_mt,"Iron ore, cfr spot"
2003-03-01,2003M03,thermal_coal,Australia,24.4,USD/mt,"Coal, Australian"
2003-03-01,2003M03,thermal_coal,South_Africa,25.8,USD/mt,"Coal, South African **"
2003-04-01,2003M04,crude_oil,Brent,25.0,USD/bbl,"Crude oil, Brent"
2003-04-01,2003M04,iron_ore,Global_CFR_China,32.0,USD/dry_mt,"Iron ore, cfr spot"
2003-04-01,2003M04,thermal_coal,Australia,23.5,USD/mt,"Coal, Australian"
2003-04-01,2003M04,thermal_coal,South_Africa,23.8,USD/mt,"Coal, South African **"
2003-05-01,2003M05,crude_oil,Brent,25.8,USD/bbl,"Crude oil, Brent"
2003-05-01,2003M05,iron_ore,Global_CFR_China,32.0,USD/dry_mt,"Iron ore, cfr spot"
2003-05-01,2003M05,thermal_coal,Australia,23.3,USD/mt,"Coal, Australian"
2003-05-01,2003M05,thermal_coal,South_Africa,23.7,USD/mt,"Coal, South African **"
2003-06-01,2003M06,crude_oil,Brent,27.5,USD/bbl,"Crude oil, Brent"
2003-06-01,2003M06,iron_ore,Global_CFR_China,32.0,USD/dry_mt,"Iron ore, cfr spot"
2003-06-01,2003M06,thermal_coal,Australia,24.1,USD/mt,"Coal, Australian"
2003-06-01,2003M06,thermal_coal,South_Africa,26.8,USD/mt,"Coal, South African **"
2003-07-01,2003M07,crude_oil,Brent,28.4,USD/bbl,"Crude oil, Brent"
2003-07-01,2003M07,iron_ore,Global_CFR_China,32.0,USD/dry_mt,"Iron ore, cfr spot"
2003-07-01,2003M07,thermal_coal,Australia,24.4,USD/mt,"Coal, Australian"
2003-07-01,2003M07,thermal_coal,South_Africa,29.5,USD/mt,"Coal, South African **"
2003-08-01,2003M08,crude_oil,Brent,29.8,USD/bbl,"Crude oil, Brent"
2003-08-01,2003M08,iron_ore,Global_CFR_China,32.0,USD/dry_mt,"Iron ore, cfr spot"
2003-08-01,2003M08,thermal_coal,Australia,25.3,USD/mt,"Coal, Australian"
2003-08-01,2003M08,thermal_coal,South_Africa,30.2,USD/mt,"Coal, South African **"
2003-09-01,2003M09,crude_oil,Brent,27.1,USD/bbl,"Crude oil, Brent"
2003-09-01,2003M09,iron_ore,Global_CFR_China,32.0,USD/dry_mt,"Iron ore, cfr spot"
2003-09-01,2003M09,thermal_coal,Australia,26.7,USD/mt,"Coal, Australian"
2003-09-01,2003M09,thermal_coal,South_Africa,34.1,USD/mt,"Coal, South African **"
2003-10-01,2003M10,crude_oil,Brent,29.6,USD/bbl,"Crude oil, Brent"
2003-10-01,2003M10,iron_ore,Global_CFR_China,32.0,USD/dry_mt,"Iron ore, cfr spot"
2003-10-01,2003M10,thermal_coal,Australia,27.5,USD/mt,"Coal, Australian"
2003-10-01,2003M10,thermal_coal,South_Africa,36.7,USD/mt,"Coal, South African **"
2003-11-01,2003M11,crude_oil,Brent,28.8,USD/bbl,"Crude oil, Brent"
2003-11-01,2003M11,iron_ore,Global_CFR_China,32.0,USD/dry_mt,"Iron ore, cfr spot"
2003-11-01,2003M11,thermal_coal,Australia,29.9,USD/mt,"Coal, Australian"
2003-11-01,2003M11,thermal_coal,South_Africa,39.2,USD/mt,"Coal, South African **"
2003-12-01,2003M12,crude_oil,Brent,29.9,USD/bbl,"Crude oil, Brent"
2003-12-01,2003M12,iron_ore,Global_CFR_China,32.0,USD/dry_mt,"Iron ore, cfr spot"
2003-12-01,2003M12,thermal_coal,Australia,34.0,USD/mt,"Coal, Australian"
2003-12-01,2003M12,thermal_coal,South_Africa,38.7,USD/mt,"Coal, South African **"
2004-01-01,2004M01,crude_oil,Brent,31.2,USD/bbl,"Crude oil, Brent"
2004-01-01,2004M01,iron_ore,Global_CFR_China,37.9,USD/dry_mt,"Iron ore, cfr spot"
2004-01-01,2004M01,thermal_coal,Australia,37.8,USD/mt,"Coal, Australian"
2004-01-01,2004M01,thermal_coal,South_Africa,41.3,USD/mt,"Coal, South African **"
2004-02-01,2004M02,crude_oil,Brent,30.9,USD/bbl,"Crude oil, Brent"
2004-02-01,2004M02,iron_ore,Global_CFR_China,37.9,USD/dry_mt,"Iron ore, cfr spot"
2004-02-01,2004M02,thermal_coal,Australia,41.8,USD/mt,"Coal, Australian"
2004-02-01,2004M02,thermal_coal,South_Africa,42.3,USD/mt,"Coal, South African **"
2004-03-01,2004M03,crude_oil,Brent,33.8,USD/bbl,"Crude oil, Brent"
2004-03-01,2004M03,iron_ore,Global_CFR_China,37.9,USD/dry_mt,"Iron ore, cfr spot"
2004-03-01,2004M03,thermal_coal,Australia,48.9,USD/mt,"Coal, Australian"
2004-03-01,2004M03,thermal_coal,South_Africa,42.5,USD/mt,"Coal, South African **"
2004-04-01,2004M04,crude_oil,Brent,33.4,USD/bbl,"Crude oil, Brent"
2004-04-01,2004M04,iron_ore,Global_CFR_China,37.9,USD/dry_mt,"Iron ore, cfr spot"
2004-04-01,2004M04,thermal_coal,Australia,53.3,USD/mt,"Coal, Australian"
2004-04-01,2004M04,thermal_coal,South_Africa,47.3,USD/mt,"Coal, South African **"
2004-05-01,2004M05,crude_oil,Brent,37.9,USD/bbl,"Crude oil, Brent"
2004-05-01,2004M05,iron_ore,Global_CFR_China,37.9,USD/dry_mt,"Iron ore, cfr spot"
2004-05-01,2004M05,thermal_coal,Australia,56.4,USD/mt,"Coal, Australian"
2004-05-01,2004M05,thermal_coal,South_Africa,52.6,USD/mt,"Coal, South African **"
2004-06-01,2004M06,crude_oil,Brent,35.2,USD/bbl,"Crude oil, Brent"
2004-06-01,2004M06,iron_ore,Global_CFR_China,37.9,USD/dry_mt,"Iron ore, cfr spot"
2004-06-01,2004M06,thermal_coal,Australia,59.6,USD/mt,"Coal, Australian"
2004-06-01,2004M06,thermal_coal,South_Africa,62.6,USD/mt,"Coal, South African **"
2004-07-01,2004M07,crude_oil,Brent,38.4,USD/bbl,"Crude oil, Brent"
2004-07-01,2004M07,iron_ore,Global_CFR_China,37.9,USD/dry_mt,"Iron ore, cfr spot"
2004-07-01,2004M07,thermal_coal,Australia,61.4,USD/mt,"Coal, Australian"
2004-07-01,2004M07,thermal_coal,South_Africa,68.5,USD/mt,"Coal, South African **"
2004-08-01,2004M08,crude_oil,Brent,43.0,USD/bbl,"Crude oil, Brent"
2004-08-01,2004M08,iron_ore,Global_CFR_China,37.9,USD/dry_mt,"Iron ore, cfr spot"
2004-08-01,2004M08,thermal_coal,Australia,59.3,USD/mt,"Coal, Australian"
2004-08-01,2004M08,thermal_coal,South_Africa,63.6,USD/mt,"Coal, South African **"
2004-09-01,2004M09,crude_oil,Brent,43.4,USD/bbl,"Crude oil, Brent"
2004-09-01,2004M09,iron_ore,Global_CFR_China,37.9,USD/dry_mt,"Iron ore, cfr spot"
2004-09-01,2004M09,thermal_coal,Australia,55.4,USD/mt,"Coal, Australian"
2004-09-01,2004M09,thermal_coal,South_Africa,61.0,USD/mt,"Coal, South African **"
2004-10-01,2004M10,crude_oil,Brent,49.8,USD/bbl,"Crude oil, Brent"
2004-10-01,2004M10,iron_ore,Global_CFR_China,37.9,USD/dry_mt,"Iron ore, cfr spot"
2004-10-01,2004M10,thermal_coal,Australia,56.6,USD/mt,"Coal, Australian"
2004-10-01,2004M10,thermal_coal,South_Africa,59.7,USD/mt,"Coal, South African **"
2004-11-01,2004M11,crude_oil,Brent,43.1,USD/bbl,"Crude oil, Brent"
2004-11-01,2004M11,iron_ore,Global_CFR_China,37.9,USD/dry_mt,"Iron ore, cfr spot"
2004-11-01,2004M11,thermal_coal,Australia,52.8,USD/mt,"Coal, Australian"
2004-11-01,2004M11,thermal_coal,South_Africa,60.8,USD/mt,"Coal, South African **"
2004-12-01,2004M12,crude_oil,Brent,39.6,USD/bbl,"Crude oil, Brent"
2004-12-01,2004M12,iron_ore,Global_CFR_China,37.9,USD/dry_mt,"Iron ore, cfr spot"
2004-12-01,2004M12,thermal_coal,Australia,52.3,USD/mt,"Coal, Australian"
2004-12-01,2004M12,thermal_coal,South_Africa,54.3,USD/mt,"Coal, South African **"
2005-01-01,2005M01,crude_oil,Brent,44.3,USD/bbl,"Crude oil, Brent"
2005-01-01,2005M01,iron_ore,Global_CFR_China,65.0,USD/dry_mt,"Iron ore, cfr spot"
2005-01-01,2005M01,thermal_coal,Australia,53.0,USD/mt,"Coal, Australian"
2005-01-01,2005M01,thermal_coal,South_Africa,51.4,USD/mt,"Coal, South African **"
2005-02-01,2005M02,crude_oil,Brent,45.6,USD/bbl,"Crude oil, Brent"
2005-02-01,2005M02,iron_ore,Global_CFR_China,65.0,USD/dry_mt,"Iron ore, cfr spot"
2005-02-01,2005M02,thermal_coal,Australia,49.9,USD/mt,"Coal, Australian"
2005-02-01,2005M02,thermal_coal,South_Africa,46.6,USD/mt,"Coal, South African **"
2005-03-01,2005M03,crude_oil,Brent,53.1,USD/bbl,"Crude oil, Brent"
2005-03-01,2005M03,iron_ore,Global_CFR_China,65.0,USD/dry_mt,"Iron ore, cfr spot"
2005-03-01,2005M03,thermal_coal,Australia,50.9,USD/mt,"Coal, Australian"
2005-03-01,2005M03,thermal_coal,South_Africa,45.3,USD/mt,"Coal, South African **"
2005-04-01,2005M04,crude_oil,Brent,51.9,USD/bbl,"Crude oil, Brent"
2005-04-01,2005M04,iron_ore,Global_CFR_China,65.0,USD/dry_mt,"Iron ore, cfr spot"
2005-04-01,2005M04,thermal_coal,Australia,51.3,USD/mt,"Coal, Australian"
2005-04-01,2005M04,thermal_coal,South_Africa,46.3,USD/mt,"Coal, South African **"
2005-05-01,2005M05,crude_oil,Brent,48.7,USD/bbl,"Crude oil, Brent"
2005-05-01,2005M05,iron_ore,Global_CFR_China,65.0,USD/dry_mt,"Iron ore, cfr spot"
2005-05-01,2005M05,thermal_coal,Australia,51.3,USD/mt,"Coal, Australian"
2005-05-01,2005M05,thermal_coal,South_Africa,45.9,USD/mt,"Coal, South African **"
2005-06-01,2005M06,crude_oil,Brent,54.3,USD/bbl,"Crude oil, Brent"
2005-06-01,2005M06,iron_ore,Global_CFR_China,65.0,USD/dry_mt,"Iron ore, cfr spot"
2005-06-01,2005M06,thermal_coal,Australia,51.0,USD/mt,"Coal, Australian"
2005-06-01,2005M06,thermal_coal,South_Africa,49.1,USD/mt,"Coal, South African **"
2005-07-01,2005M07,crude_oil,Brent,57.6,USD/bbl,"Crude oil, Brent"
2005-07-01,2005M07,iron_ore,Global_CFR_China,65.0,USD/dry_mt,"Iron ore, cfr spot"
2005-07-01,2005M07,thermal_coal,Australia,50.9,USD/mt,"Coal, Australian"
2005-07-01,2005M07,thermal_coal,South_Africa,51.3,USD/mt,"Coal, South African **"
2005-08-01,2005M08,crude_oil,Brent,64.1,USD/bbl,"Crude oil, Brent"
2005-08-01,2005M08,iron_ore,Global_CFR_China,65.0,USD/dry_mt,"Iron ore, cfr spot"
2005-08-01,2005M08,thermal_coal,Australia,49.1,USD/mt,"Coal, Australian"
2005-08-01,2005M08,thermal_coal,South_Africa,49.5,USD/mt,"Coal, South African **"
2005-09-01,2005M09,crude_oil,Brent,63.0,USD/bbl,"Crude oil, Brent"
2005-09-01,2005M09,iron_ore,Global_CFR_China,65.0,USD/dry_mt,"Iron ore, cfr spot"
2005-09-01,2005M09,thermal_coal,Australia,45.3,USD/mt,"Coal, Australian"
2005-09-01,2005M09,thermal_coal,South_Africa,46.6,USD/mt,"Coal, South African **"
2005-10-01,2005M10,crude_oil,Brent,58.5,USD/bbl,"Crude oil, Brent"
2005-10-01,2005M10,iron_ore,Global_CFR_China,65.0,USD/dry_mt,"Iron ore, cfr spot"
2005-10-01,2005M10,thermal_coal,Australia,42.5,USD/mt,"Coal, Australian"
2005-10-01,2005M10,thermal_coal,South_Africa,43.3,USD/mt,"Coal, South African **"
2005-11-01,2005M11,crude_oil,Brent,55.5,USD/bbl,"Crude oil, Brent"
2005-11-01,2005M11,iron_ore,Global_CFR_China,65.0,USD/dry_mt,"Iron ore, cfr spot"
2005-11-01,2005M11,thermal_coal,Australia,38.1,USD/mt,"Coal, Australian"
2005-11-01,2005M11,thermal_coal,South_Africa,38.1,USD/mt,"Coal, South African **"
2005-12-01,2005M12,crude_oil,Brent,56.7,USD/bbl,"Crude oil, Brent"
2005-12-01,2005M12,iron_ore,Global_CFR_China,65.0,USD/dry_mt,"Iron ore, cfr spot"
2005-12-01,2005M12,thermal_coal,Australia,38.2,USD/mt,"Coal, Australian"
2005-12-01,2005M12,thermal_coal,South_Africa,41.0,USD/mt,"Coal, South African **"
2006-01-01,2006M01,crude_oil,Brent,63.6,USD/bbl,"Crude oil, Brent"
2006-01-01,2006M01,iron_ore,Global_CFR_China,67.2,USD/dry_mt,"Iron ore, cfr spot"
2006-01-01,2006M01,thermal_coal,Australia,43.2,USD/mt,"Coal, Australian"
2006-01-01,2006M01,thermal_coal,South_Africa,44.7,USD/mt,"Coal, South African **"
2006-02-01,2006M02,crude_oil,Brent,59.9,USD/bbl,"Crude oil, Brent"
2006-02-01,2006M02,iron_ore,Global_CFR_China,65.2,USD/dry_mt,"Iron ore, cfr spot"
2006-02-01,2006M02,thermal_coal,Australia,47.7,USD/mt,"Coal, Australian"
2006-02-01,2006M02,thermal_coal,South_Africa,49.4,USD/mt,"Coal, South African **"
2006-03-01,2006M03,crude_oil,Brent,62.3,USD/bbl,"Crude oil, Brent"
2006-03-01,2006M03,iron_ore,Global_CFR_China,66.7,USD/dry_mt,"Iron ore, cfr spot"
2006-03-01,2006M03,thermal_coal,Australia,49.8,USD/mt,"Coal, Australian"
2006-03-01,2006M03,thermal_coal,South_Africa,54.5,USD/mt,"Coal, South African **"
2006-04-01,2006M04,crude_oil,Brent,70.4,USD/bbl,"Crude oil, Brent"
2006-04-01,2006M04,iron_ore,Global_CFR_China,67.3,USD/dry_mt,"Iron ore, cfr spot"
2006-04-01,2006M04,thermal_coal,Australia,52.9,USD/mt,"Coal, Australian"
2006-04-01,2006M04,thermal_coal,South_Africa,54.9,USD/mt,"Coal, South African **"
2006-05-01,2006M05,crude_oil,Brent,70.2,USD/bbl,"Crude oil, Brent"
2006-05-01,2006M05,iron_ore,Global_CFR_China,67.3,USD/dry_mt,"Iron ore, cfr spot"
2006-05-01,2006M05,thermal_coal,Australia,52.6,USD/mt,"Coal, Australian"
2006-05-01,2006M05,thermal_coal,South_Africa,50.4,USD/mt,"Coal, South African **"
2006-06-01,2006M06,crude_oil,Brent,68.9,USD/bbl,"Crude oil, Brent"
2006-06-01,2006M06,iron_ore,Global_CFR_China,69.3,USD/dry_mt,"Iron ore, cfr spot"
2006-06-01,2006M06,thermal_coal,Australia,52.4,USD/mt,"Coal, Australian"
2006-06-01,2006M06,thermal_coal,South_Africa,52.4,USD/mt,"Coal, South African **"
2006-07-01,2006M07,crude_oil,Brent,73.9,USD/bbl,"Crude oil, Brent"
2006-07-01,2006M07,iron_ore,Global_CFR_China,70.5,USD/dry_mt,"Iron ore, cfr spot"
2006-07-01,2006M07,thermal_coal,Australia,52.8,USD/mt,"Coal, Australian"
2006-07-01,2006M07,thermal_coal,South_Africa,51.7,USD/mt,"Coal, South African **"
2006-08-01,2006M08,crude_oil,Brent,73.6,USD/bbl,"Crude oil, Brent"
2006-08-01,2006M08,iron_ore,Global_CFR_China,69.8,USD/dry_mt,"Iron ore, cfr spot"
2006-08-01,2006M08,thermal_coal,Australia,50.9,USD/mt,"Coal, Australian"
2006-08-01,2006M08,thermal_coal,South_Africa,53.6,USD/mt,"Coal, South African **"
2006-09-01,2006M09,crude_oil,Brent,62.8,USD/bbl,"Crude oil, Brent"
2006-09-01,2006M09,iron_ore,Global_CFR_China,70.0,USD/dry_mt,"Iron ore, cfr spot"
2006-09-01,2006M09,thermal_coal,Australia,47.1,USD/mt,"Coal, Australian"
2006-09-01,2006M09,thermal_coal,South_Africa,48.8,USD/mt,"Coal, South African **"
2006-10-01,2006M10,crude_oil,Brent,58.4,USD/bbl,"Crude oil, Brent"
2006-10-01,2006M10,iron_ore,Global_CFR_China,71.7,USD/dry_mt,"Iron ore, cfr spot"
2006-10-01,2006M10,thermal_coal,Australia,44.1,USD/mt,"Coal, Australian"
2006-10-01,2006M10,thermal_coal,South_Africa,49.2,USD/mt,"Coal, South African **"
2006-11-01,2006M11,crude_oil,Brent,58.5,USD/bbl,"Crude oil, Brent"
2006-11-01,2006M11,iron_ore,Global_CFR_China,73.5,USD/dry_mt,"Iron ore, cfr spot"
2006-11-01,2006M11,thermal_coal,Australia,46.0,USD/mt,"Coal, Australian"
2006-11-01,2006M11,thermal_coal,South_Africa,48.2,USD/mt,"Coal, South African **"
2006-12-01,2006M12,crude_oil,Brent,62.3,USD/bbl,"Crude oil, Brent"
2006-12-01,2006M12,iron_ore,Global_CFR_China,73.5,USD/dry_mt,"Iron ore, cfr spot"
2006-12-01,2006M12,thermal_coal,Australia,49.8,USD/mt,"Coal, Australian"
2006-12-01,2006M12,thermal_coal,South_Africa,50.7,USD/mt,"Coal, South African **"
2007-01-01,2007M01,crude_oil,Brent,54.3,USD/bbl,"Crude oil, Brent"
2007-01-01,2007M01,iron_ore,Global_CFR_China,78.2,USD/dry_mt,"Iron ore, cfr spot"
2007-01-01,2007M01,thermal_coal,Australia,51.3,USD/mt,"Coal, Australian"
2007-01-01,2007M01,thermal_coal,South_Africa,50.1,USD/mt,"Coal, South African **"
2007-02-01,2007M02,crude_oil,Brent,57.8,USD/bbl,"Crude oil, Brent"
2007-02-01,2007M02,iron_ore,Global_CFR_China,82.7,USD/dry_mt,"Iron ore, cfr spot"
2007-02-01,2007M02,thermal_coal,Australia,52.9,USD/mt,"Coal, Australian"
2007-02-01,2007M02,thermal_coal,South_Africa,51.6,USD/mt,"Coal, South African **"
2007-03-01,2007M03,crude_oil,Brent,62.1,USD/bbl,"Crude oil, Brent"
2007-03-01,2007M03,iron_ore,Global_CFR_China,88.6,USD/dry_mt,"Iron ore, cfr spot"
2007-03-01,2007M03,thermal_coal,Australia,55.4,USD/mt,"Coal, Australian"
2007-03-01,2007M03,thermal_coal,South_Africa,53.5,USD/mt,"Coal, South African **"
2007-04-01,2007M04,crude_oil,Brent,67.4,USD/bbl,"Crude oil, Brent"
2007-04-01,2007M04,iron_ore,Global_CFR_China,91.3,USD/dry_mt,"Iron ore, cfr spot"
2007-04-01,2007M04,thermal_coal,Australia,56.1,USD/mt,"Coal, Australian"
2007-04-01,2007M04,thermal_coal,South_Africa,51.4,USD/mt,"Coal, South African **"
2007-05-01,2007M05,crude_oil,Brent,67.5,USD/bbl,"Crude oil, Brent"
2007-05-01,2007M05,iron_ore,Global_CFR_China,102.0,USD/dry_mt,"Iron ore, cfr spot"
2007-05-01,2007M05,thermal_coal,Australia,56.0,USD/mt,"Coal, Australian"
2007-05-01,2007M05,thermal_coal,South_Africa,50.3,USD/mt,"Coal, South African **"
2007-06-01,2007M06,crude_oil,Brent,71.3,USD/bbl,"Crude oil, Brent"
2007-06-01,2007M06,iron_ore,Global_CFR_China,103.2,USD/dry_mt,"Iron ore, cfr spot"
2007-06-01,2007M06,thermal_coal,Australia,61.6,USD/mt,"Coal, Australian"
2007-06-01,2007M06,thermal_coal,South_Africa,56.8,USD/mt,"Coal, South African **"
2007-07-01,2007M07,crude_oil,Brent,77.2,USD/bbl,"Crude oil, Brent"
2007-07-01,2007M07,iron_ore,Global_CFR_China,106.1,USD/dry_mt,"Iron ore, cfr spot"
2007-07-01,2007M07,thermal_coal,Australia,67.3,USD/mt,"Coal, Australian"
2007-07-01,2007M07,thermal_coal,South_Africa,58.1,USD/mt,"Coal, South African **"
2007-08-01,2007M08,crude_oil,Brent,70.8,USD/bbl,"Crude oil, Brent"
2007-08-01,2007M08,iron_ore,Global_CFR_China,121.9,USD/dry_mt,"Iron ore, cfr spot"
2007-08-01,2007M08,thermal_coal,Australia,69.4,USD/mt,"Coal, Australian"
2007-08-01,2007M08,thermal_coal,South_Africa,60.2,USD/mt,"Coal, South African **"
2007-09-01,2007M09,crude_oil,Brent,77.1,USD/bbl,"Crude oil, Brent"
2007-09-01,2007M09,iron_ore,Global_CFR_China,148.7,USD/dry_mt,"Iron ore, cfr spot"
2007-09-01,2007M09,thermal_coal,Australia,68.4,USD/mt,"Coal, Australian"
2007-09-01,2007M09,thermal_coal,South_Africa,62.8,USD/mt,"Coal, South African **"
2007-10-01,2007M10,crude_oil,Brent,82.9,USD/bbl,"Crude oil, Brent"
2007-10-01,2007M10,iron_ore,Global_CFR_China,168.1,USD/dry_mt,"Iron ore, cfr spot"
2007-10-01,2007M10,thermal_coal,Australia,74.8,USD/mt,"Coal, Australian"
2007-10-01,2007M10,thermal_coal,South_Africa,73.1,USD/mt,"Coal, South African **"
2007-11-01,2007M11,crude_oil,Brent,92.5,USD/bbl,"Crude oil, Brent"
2007-11-01,2007M11,iron_ore,Global_CFR_China,195.1,USD/dry_mt,"Iron ore, cfr spot"
2007-11-01,2007M11,thermal_coal,Australia,84.6,USD/mt,"Coal, Australian"
2007-11-01,2007M11,thermal_coal,South_Africa,89.8,USD/mt,"Coal, South African **"
2007-12-01,2007M12,crude_oil,Brent,91.5,USD/bbl,"Crude oil, Brent"
2007-12-01,2007M12,iron_ore,Global_CFR_China,190.1,USD/dry_mt,"Iron ore, cfr spot"
2007-12-01,2007M12,thermal_coal,Australia,91.0,USD/mt,"Coal, Australian"
2007-12-01,2007M12,thermal_coal,South_Africa,94.3,USD/mt,"Coal, South African **"
2008-01-01,2008M01,crude_oil,Brent,91.9,USD/bbl,"Crude oil, Brent"
2008-01-01,2008M01,iron_ore,Global_CFR_China,193.4,USD/dry_mt,"Iron ore, cfr spot"
2008-01-01,2008M01,thermal_coal,Australia,91.8,USD/mt,"Coal, Australian"
2008-01-01,2008M01,thermal_coal,South_Africa,100.6,USD/mt,"Coal, South African **"
2008-02-01,2008M02,crude_oil,Brent,94.8,USD/bbl,"Crude oil, Brent"
2008-02-01,2008M02,iron_ore,Global_CFR_China,186.1,USD/dry_mt,"Iron ore, cfr spot"
2008-02-01,2008M02,thermal_coal,Australia,132.0,USD/mt,"Coal, Australian"
2008-02-01,2008M02,thermal_coal,South_Africa,115.0,USD/mt,"Coal, South African **"
2008-03-01,2008M03,crude_oil,Brent,103.3,USD/bbl,"Crude oil, Brent"
2008-03-01,2008M03,iron_ore,Global_CFR_China,197.1,USD/dry_mt,"Iron ore, cfr spot"
2008-03-01,2008M03,thermal_coal,Australia,118.3,USD/mt,"Coal, Australian"
2008-03-01,2008M03,thermal_coal,South_Africa,111.0,USD/mt,"Coal, South African **"
2008-04-01,2008M04,crude_oil,Brent,110.2,USD/bbl,"Crude oil, Brent"
2008-04-01,2008M04,iron_ore,Global_CFR_China,196.0,USD/dry_mt,"Iron ore, cfr spot"
2008-04-01,2008M04,thermal_coal,Australia,123.0,USD/mt,"Coal, Australian"
2008-04-01,2008M04,thermal_coal,South_Africa,108.8,USD/mt,"Coal, South African **"
2008-05-01,2008M05,crude_oil,Brent,123.9,USD/bbl,"Crude oil, Brent"
2008-05-01,2008M05,iron_ore,Global_CFR_China,193.0,USD/dry_mt,"Iron ore, cfr spot"
2008-05-01,2008M05,thermal_coal,Australia,133.2,USD/mt,"Coal, Australian"
2008-05-01,2008M05,thermal_coal,South_Africa,120.7,USD/mt,"Coal, South African **"
2008-06-01,2008M06,crude_oil,Brent,133.0,USD/bbl,"Crude oil, Brent"
2008-06-01,2008M06,iron_ore,Global_CFR_China,183.9,USD/dry_mt,"Iron ore, cfr spot"
2008-06-01,2008M06,thermal_coal,Australia,159.8,USD/mt,"Coal, Australian"
2008-06-01,2008M06,thermal_coal,South_Africa,142.4,USD/mt,"Coal, South African **"
2008-07-01,2008M07,crude_oil,Brent,133.9,USD/bbl,"Crude oil, Brent"
2008-07-01,2008M07,iron_ore,Global_CFR_China,180.5,USD/dry_mt,"Iron ore, cfr spot"
2008-07-01,2008M07,thermal_coal,Australia,180.0,USD/mt,"Coal, Australian"
2008-07-01,2008M07,thermal_coal,South_Africa,167.8,USD/mt,"Coal, South African **"
2008-08-01,2008M08,crude_oil,Brent,113.8,USD/bbl,"Crude oil, Brent"
2008-08-01,2008M08,iron_ore,Global_CFR_China,178.7,USD/dry_mt,"Iron ore, cfr spot"
2008-08-01,2008M08,thermal_coal,Australia,158.4,USD/mt,"Coal, Australian"
2008-08-01,2008M08,thermal_coal,South_Africa,156.9,USD/mt,"Coal, South African **"
2008-09-01,2008M09,crude_oil,Brent,99.1,USD/bbl,"Crude oil, Brent"
2008-09-01,2008M09,iron_ore,Global_CFR_China,139.6,USD/dry_mt,"Iron ore, cfr spot"
2008-09-01,2008M09,thermal_coal,Australia,150.0,USD/mt,"Coal, Australian"
2008-09-01,2008M09,thermal_coal,South_Africa,147.8,USD/mt,"Coal, South African **"
2008-10-01,2008M10,crude_oil,Brent,72.8,USD/bbl,"Crude oil, Brent"
2008-10-01,2008M10,iron_ore,Global_CFR_China,88.7,USD/dry_mt,"Iron ore, cfr spot"
2008-10-01,2008M10,thermal_coal,Australia,108.0,USD/mt,"Coal, Australian"
2008-10-01,2008M10,thermal_coal,South_Africa,109.7,USD/mt,"Coal, South African **"
2008-11-01,2008M11,crude_oil,Brent,53.2,USD/bbl,"Crude oil, Brent"
2008-11-01,2008M11,iron_ore,Global_CFR_China,65.0,USD/dry_mt,"Iron ore, cfr spot"
2008-11-01,2008M11,thermal_coal,Australia,92.3,USD/mt,"Coal, Australian"
2008-11-01,2008M11,thermal_coal,South_Africa,89.4,USD/mt,"Coal, South African **"
2008-12-01,2008M12,crude_oil,Brent,41.6,USD/bbl,"Crude oil, Brent"
2008-12-01,2008M12,iron_ore,Global_CFR_China,70.0,USD/dry_mt,"Iron ore, cfr spot"
2008-12-01,2008M12,thermal_coal,Australia,78.7,USD/mt,"Coal, Australian"
2008-12-01,2008M12,thermal_coal,South_Africa,77.3,USD/mt,"Coal, South African **"
2009-01-01,2009M01,crude_oil,Brent,44.9,USD/bbl,"Crude oil, Brent"
2009-01-01,2009M01,iron_ore,Global_CFR_China,72.5,USD/dry_mt,"Iron ore, cfr spot"
2009-01-01,2009M01,thermal_coal,Australia,79.4,USD/mt,"Coal, Australian"
2009-01-01,2009M01,thermal_coal,South_Africa,76.4,USD/mt,"Coal, South African **"
2009-02-01,2009M02,crude_oil,Brent,43.2,USD/bbl,"Crude oil, Brent"
2009-02-01,2009M02,iron_ore,Global_CFR_China,75.6,USD/dry_mt,"Iron ore, cfr spot"
2009-02-01,2009M02,thermal_coal,Australia,75.4,USD/mt,"Coal, Australian"
2009-02-01,2009M02,thermal_coal,South_Africa,69.1,USD/mt,"Coal, South African **"
2009-03-01,2009M03,crude_oil,Brent,46.8,USD/bbl,"Crude oil, Brent"
2009-03-01,2009M03,iron_ore,Global_CFR_China,64.1,USD/dry_mt,"Iron ore, cfr spot"
2009-03-01,2009M03,thermal_coal,Australia,61.0,USD/mt,"Coal, Australian"
2009-03-01,2009M03,thermal_coal,South_Africa,58.6,USD/mt,"Coal, South African **"
2009-04-01,2009M04,crude_oil,Brent,50.8,USD/bbl,"Crude oil, Brent"
2009-04-01,2009M04,iron_ore,Global_CFR_China,59.8,USD/dry_mt,"Iron ore, cfr spot"
2009-04-01,2009M04,thermal_coal,Australia,63.6,USD/mt,"Coal, Australian"
2009-04-01,2009M04,thermal_coal,South_Africa,62.9,USD/mt,"Coal, South African **"
2009-05-01,2009M05,crude_oil,Brent,57.9,USD/bbl,"Crude oil, Brent"
2009-05-01,2009M05,iron_ore,Global_CFR_China,62.7,USD/dry_mt,"Iron ore, cfr spot"
2009-05-01,2009M05,thermal_coal,Australia,64.5,USD/mt,"Coal, Australian"
2009-05-01,2009M05,thermal_coal,South_Africa,58.0,USD/mt,"Coal, South African **"
2009-06-01,2009M06,crude_oil,Brent,68.6,USD/bbl,"Crude oil, Brent"
2009-06-01,2009M06,iron_ore,Global_CFR_China,71.7,USD/dry_mt,"Iron ore, cfr spot"
2009-06-01,2009M06,thermal_coal,Australia,71.4,USD/mt,"Coal, Australian"
2009-06-01,2009M06,thermal_coal,South_Africa,60.2,USD/mt,"Coal, South African **"
2009-07-01,2009M07,crude_oil,Brent,64.9,USD/bbl,"Crude oil, Brent"
2009-07-01,2009M07,iron_ore,Global_CFR_China,84.0,USD/dry_mt,"Iron ore, cfr spot"
2009-07-01,2009M07,thermal_coal,Australia,73.8,USD/mt,"Coal, Australian"
2009-07-01,2009M07,thermal_coal,South_Africa,61.1,USD/mt,"Coal, South African **"
2009-08-01,2009M08,crude_oil,Brent,72.5,USD/bbl,"Crude oil, Brent"
2009-08-01,2009M08,iron_ore,Global_CFR_China,97.7,USD/dry_mt,"Iron ore, cfr spot"
2009-08-01,2009M08,thermal_coal,Australia,72.5,USD/mt,"Coal, Australian"
2009-08-01,2009M08,thermal_coal,South_Africa,64.3,USD/mt,"Coal, South African **"
2009-09-01,2009M09,crude_oil,Brent,67.7,USD/bbl,"Crude oil, Brent"
2009-09-01,2009M09,iron_ore,Global_CFR_China,80.7,USD/dry_mt,"Iron ore, cfr spot"
2009-09-01,2009M09,thermal_coal,Australia,67.6,USD/mt,"Coal, Australian"
2009-09-01,2009M09,thermal_coal,South_Africa,61.1,USD/mt,"Coal, South African **"
2009-10-01,2009M10,crude_oil,Brent,73.2,USD/bbl,"Crude oil, Brent"
2009-10-01,2009M10,iron_ore,Global_CFR_China,86.8,USD/dry_mt,"Iron ore, cfr spot"
2009-10-01,2009M10,thermal_coal,Australia,71.1,USD/mt,"Coal, Australian"
2009-10-01,2009M10,thermal_coal,South_Africa,64.4,USD/mt,"Coal, South African **"
2009-11-01,2009M11,crude_oil,Brent,77.0,USD/bbl,"Crude oil, Brent"
2009-11-01,2009M11,iron_ore,Global_CFR_China,99.3,USD/dry_mt,"Iron ore, cfr spot"
2009-11-01,2009M11,thermal_coal,Australia,78.8,USD/mt,"Coal, Australian"
2009-11-01,2009M11,thermal_coal,South_Africa,66.4,USD/mt,"Coal, South African **"
2009-12-01,2009M12,crude_oil,Brent,74.7,USD/bbl,"Crude oil, Brent"
2009-12-01,2009M12,iron_ore,Global_CFR_China,105.1,USD/dry_mt,"Iron ore, cfr spot"
2009-12-01,2009M12,thermal_coal,Australia,83.1,USD/mt,"Coal, Australian"
2009-12-01,2009M12,thermal_coal,South_Africa,73.8,USD/mt,"Coal, South African **"
2010-01-01,2010M01,crude_oil,Brent,76.4,USD/bbl,"Crude oil, Brent"
2010-01-01,2010M01,iron_ore,Global_CFR_China,125.7,USD/dry_mt,"Iron ore, cfr spot"
2010-01-01,2010M01,thermal_coal,Australia,97.0,USD/mt,"Coal, Australian"
2010-01-01,2010M01,thermal_coal,South_Africa,86.9,USD/mt,"Coal, South African **"
2010-02-01,2010M02,crude_oil,Brent,74.3,USD/bbl,"Crude oil, Brent"
2010-02-01,2010M02,iron_ore,Global_CFR_China,127.5,USD/dry_mt,"Iron ore, cfr spot"
2010-02-01,2010M02,thermal_coal,Australia,94.2,USD/mt,"Coal, Australian"
2010-02-01,2010M02,thermal_coal,South_Africa,83.4,USD/mt,"Coal, South African **"
2010-03-01,2010M03,crude_oil,Brent,79.3,USD/bbl,"Crude oil, Brent"
2010-03-01,2010M03,iron_ore,Global_CFR_China,139.7,USD/dry_mt,"Iron ore, cfr spot"
2010-03-01,2010M03,thermal_coal,Australia,94.4,USD/mt,"Coal, Australian"
2010-03-01,2010M03,thermal_coal,South_Africa,83.0,USD/mt,"Coal, South African **"
2010-04-01,2010M04,crude_oil,Brent,85.0,USD/bbl,"Crude oil, Brent"
2010-04-01,2010M04,iron_ore,Global_CFR_China,172.5,USD/dry_mt,"Iron ore, cfr spot"
2010-04-01,2010M04,thermal_coal,Australia,100.2,USD/mt,"Coal, Australian"
2010-04-01,2010M04,thermal_coal,South_Africa,88.7,USD/mt,"Coal, South African **"
2010-05-01,2010M05,crude_oil,Brent,76.3,USD/bbl,"Crude oil, Brent"
2010-05-01,2010M05,iron_ore,Global_CFR_China,161.4,USD/dry_mt,"Iron ore, cfr spot"
2010-05-01,2010M05,thermal_coal,Australia,100.1,USD/mt,"Coal, Australian"
2010-05-01,2010M05,thermal_coal,South_Africa,90.9,USD/mt,"Coal, South African **"
2010-06-01,2010M06,crude_oil,Brent,74.8,USD/bbl,"Crude oil, Brent"
2010-06-01,2010M06,iron_ore,Global_CFR_China,143.6,USD/dry_mt,"Iron ore, cfr spot"
2010-06-01,2010M06,thermal_coal,Australia,98.2,USD/mt,"Coal, Australian"
2010-06-01,2010M06,thermal_coal,South_Africa,92.8,USD/mt,"Coal, South African **"
2010-07-01,2010M07,crude_oil,Brent,74.7,USD/bbl,"Crude oil, Brent"
2010-07-01,2010M07,iron_ore,Global_CFR_China,126.4,USD/dry_mt,"Iron ore, cfr spot"
2010-07-01,2010M07,thermal_coal,Australia,96.0,USD/mt,"Coal, Australian"
2010-07-01,2010M07,thermal_coal,South_Africa,90.6,USD/mt,"Coal, South African **"
2010-08-01,2010M08,crude_oil,Brent,76.7,USD/bbl,"Crude oil, Brent"
2010-08-01,2010M08,iron_ore,Global_CFR_China,145.3,USD/dry_mt,"Iron ore, cfr spot"
2010-08-01,2010M08,thermal_coal,Australia,89.8,USD/mt,"Coal, Australian"
2010-08-01,2010M08,thermal_coal,South_Africa,87.9,USD/mt,"Coal, South African **"
2010-09-01,2010M09,crude_oil,Brent,77.8,USD/bbl,"Crude oil, Brent"
2010-09-01,2010M09,iron_ore,Global_CFR_China,140.6,USD/dry_mt,"Iron ore, cfr spot"
2010-09-01,2010M09,thermal_coal,Australia,94.9,USD/mt,"Coal, Australian"
2010-09-01,2010M09,thermal_coal,South_Africa,85.8,USD/mt,"Coal, South African **"
2010-10-01,2010M10,crude_oil,Brent,82.9,USD/bbl,"Crude oil, Brent"
2010-10-01,2010M10,iron_ore,Global_CFR_China,148.5,USD/dry_mt,"Iron ore, cfr spot"
2010-10-01,2010M10,thermal_coal,Australia,97.5,USD/mt,"Coal, Australian"
2010-10-01,2010M10,thermal_coal,South_Africa,91.0,USD/mt,"Coal, South African **"
2010-11-01,2010M11,crude_oil,Brent,85.7,USD/bbl,"Crude oil, Brent"
2010-11-01,2010M11,iron_ore,Global_CFR_China,156.1,USD/dry_mt,"Iron ore, cfr spot"
2010-11-01,2010M11,thermal_coal,Australia,107.2,USD/mt,"Coal, Australian"
2010-11-01,2010M11,thermal_coal,South_Africa,103.2,USD/mt,"Coal, South African **"
2010-12-01,2010M12,crude_oil,Brent,91.8,USD/bbl,"Crude oil, Brent"
2010-12-01,2010M12,iron_ore,Global_CFR_China,163.1,USD/dry_mt,"Iron ore, cfr spot"
2010-12-01,2010M12,thermal_coal,Australia,118.3,USD/mt,"Coal, Australian"
2010-12-01,2010M12,thermal_coal,South_Africa,115.2,USD/mt,"Coal, South African **"
2011-01-01,2011M01,crude_oil,Brent,96.3,USD/bbl,"Crude oil, Brent"
2011-01-01,2011M01,iron_ore,Global_CFR_China,179.2,USD/dry_mt,"Iron ore, cfr spot"
2011-01-01,2011M01,thermal_coal,Australia,132.5,USD/mt,"Coal, Australian"
2011-01-01,2011M01,thermal_coal,South_Africa,122.6,USD/mt,"Coal, South African **"
2011-02-01,2011M02,crude_oil,Brent,104.0,USD/bbl,"Crude oil, Brent"
2011-02-01,2011M02,iron_ore,Global_CFR_China,187.2,USD/dry_mt,"Iron ore, cfr spot"
2011-02-01,2011M02,thermal_coal,Australia,128.4,USD/mt,"Coal, Australian"
2011-02-01,2011M02,thermal_coal,South_Africa,117.7,USD/mt,"Coal, South African **"
2011-03-01,2011M03,crude_oil,Brent,114.4,USD/bbl,"Crude oil, Brent"
2011-03-01,2011M03,iron_ore,Global_CFR_China,169.4,USD/dry_mt,"Iron ore, cfr spot"
2011-03-01,2011M03,thermal_coal,Australia,126.1,USD/mt,"Coal, Australian"
2011-03-01,2011M03,thermal_coal,South_Africa,121.0,USD/mt,"Coal, South African **"
2011-04-01,2011M04,crude_oil,Brent,123.1,USD/bbl,"Crude oil, Brent"
2011-04-01,2011M04,iron_ore,Global_CFR_China,179.3,USD/dry_mt,"Iron ore, cfr spot"
2011-04-01,2011M04,thermal_coal,Australia,122.5,USD/mt,"Coal, Australian"
2011-04-01,2011M04,thermal_coal,South_Africa,124.0,USD/mt,"Coal, South African **"
2011-05-01,2011M05,crude_oil,Brent,114.5,USD/bbl,"Crude oil, Brent"
2011-05-01,2011M05,iron_ore,Global_CFR_China,177.1,USD/dry_mt,"Iron ore, cfr spot"
2011-05-01,2011M05,thermal_coal,Australia,119.1,USD/mt,"Coal, Australian"
2011-05-01,2011M05,thermal_coal,South_Africa,120.5,USD/mt,"Coal, South African **"
2011-06-01,2011M06,crude_oil,Brent,113.8,USD/bbl,"Crude oil, Brent"
2011-06-01,2011M06,iron_ore,Global_CFR_China,170.9,USD/dry_mt,"Iron ore, cfr spot"
2011-06-01,2011M06,thermal_coal,Australia,120.1,USD/mt,"Coal, Australian"
2011-06-01,2011M06,thermal_coal,South_Africa,119.0,USD/mt,"Coal, South African **"
2011-07-01,2011M07,crude_oil,Brent,116.5,USD/bbl,"Crude oil, Brent"
2011-07-01,2011M07,iron_ore,Global_CFR_China,173.0,USD/dry_mt,"Iron ore, cfr spot"
2011-07-01,2011M07,thermal_coal,Australia,120.8,USD/mt,"Coal, Australian"
2011-07-01,2011M07,thermal_coal,South_Africa,116.3,USD/mt,"Coal, South African **"
2011-08-01,2011M08,crude_oil,Brent,110.1,USD/bbl,"Crude oil, Brent"
2011-08-01,2011M08,iron_ore,Global_CFR_China,177.5,USD/dry_mt,"Iron ore, cfr spot"
2011-08-01,2011M08,thermal_coal,Australia,120.1,USD/mt,"Coal, Australian"
2011-08-01,2011M08,thermal_coal,South_Africa,118.3,USD/mt,"Coal, South African **"
2011-09-01,2011M09,crude_oil,Brent,110.9,USD/bbl,"Crude oil, Brent"
2011-09-01,2011M09,iron_ore,Global_CFR_China,177.2,USD/dry_mt,"Iron ore, cfr spot"
2011-09-01,2011M09,thermal_coal,Australia,123.1,USD/mt,"Coal, Australian"
2011-09-01,2011M09,thermal_coal,South_Africa,115.6,USD/mt,"Coal, South African **"
2011-10-01,2011M10,crude_oil,Brent,109.5,USD/bbl,"Crude oil, Brent"
2011-10-01,2011M10,iron_ore,Global_CFR_China,150.4,USD/dry_mt,"Iron ore, cfr spot"
2011-10-01,2011M10,thermal_coal,Australia,119.4,USD/mt,"Coal, Australian"
2011-10-01,2011M10,thermal_coal,South_Africa,110.9,USD/mt,"Coal, South African **"
2011-11-01,2011M11,crude_oil,Brent,110.5,USD/bbl,"Crude oil, Brent"
2011-11-01,2011M11,iron_ore,Global_CFR_China,135.5,USD/dry_mt,"Iron ore, cfr spot"
2011-11-01,2011M11,thermal_coal,Australia,113.8,USD/mt,"Coal, Australian"
2011-11-01,2011M11,thermal_coal,South_Africa,105.5,USD/mt,"Coal, South African **"
2011-12-01,2011M12,crude_oil,Brent,107.9,USD/bbl,"Crude oil, Brent"
2011-12-01,2011M12,iron_ore,Global_CFR_China,136.4,USD/dry_mt,"Iron ore, cfr spot"
2011-12-01,2011M12,thermal_coal,Australia,111.6,USD/mt,"Coal, Australian"
2011-12-01,2011M12,thermal_coal,South_Africa,104.2,USD/mt,"Coal, South African **"
2012-01-01,2012M01,crude_oil,Brent,111.2,USD/bbl,"Crude oil, Brent"
2012-01-01,2012M01,iron_ore,Global_CFR_China,140.3,USD/dry_mt,"Iron ore, cfr spot"
2012-01-01,2012M01,thermal_coal,Australia,116.5,USD/mt,"Coal, Australian"
2012-01-01,2012M01,thermal_coal,South_Africa,106.3,USD/mt,"Coal, South African **"
2012-02-01,2012M02,crude_oil,Brent,119.7,USD/bbl,"Crude oil, Brent"
2012-02-01,2012M02,iron_ore,Global_CFR_China,140.4,USD/dry_mt,"Iron ore, cfr spot"
2012-02-01,2012M02,thermal_coal,Australia,117.0,USD/mt,"Coal, Australian"
2012-02-01,2012M02,thermal_coal,South_Africa,105.3,USD/mt,"Coal, South African **"
2012-03-01,2012M03,crude_oil,Brent,124.9,USD/bbl,"Crude oil, Brent"
2012-03-01,2012M03,iron_ore,Global_CFR_China,144.7,USD/dry_mt,"Iron ore, cfr spot"
2012-03-01,2012M03,thermal_coal,Australia,107.5,USD/mt,"Coal, Australian"
2012-03-01,2012M03,thermal_coal,South_Africa,103.4,USD/mt,"Coal, South African **"
2012-04-01,2012M04,crude_oil,Brent,120.5,USD/bbl,"Crude oil, Brent"
2012-04-01,2012M04,iron_ore,Global_CFR_China,147.6,USD/dry_mt,"Iron ore, cfr spot"
2012-04-01,2012M04,thermal_coal,Australia,103.6,USD/mt,"Coal, Australian"
2012-04-01,2012M04,thermal_coal,South_Africa,101.3,USD/mt,"Coal, South African **"
2012-05-01,2012M05,crude_oil,Brent,110.5,USD/bbl,"Crude oil, Brent"
2012-05-01,2012M05,iron_ore,Global_CFR_China,136.6,USD/dry_mt,"Iron ore, cfr spot"
2012-05-01,2012M05,thermal_coal,Australia,95.8,USD/mt,"Coal, Australian"
2012-05-01,2012M05,thermal_coal,South_Africa,93.8,USD/mt,"Coal, South African **"
2012-06-01,2012M06,crude_oil,Brent,95.6,USD/bbl,"Crude oil, Brent"
2012-06-01,2012M06,iron_ore,Global_CFR_China,134.7,USD/dry_mt,"Iron ore, cfr spot"
2012-06-01,2012M06,thermal_coal,Australia,87.2,USD/mt,"Coal, Australian"
2012-06-01,2012M06,thermal_coal,South_Africa,85.3,USD/mt,"Coal, South African **"
2012-07-01,2012M07,crude_oil,Brent,103.1,USD/bbl,"Crude oil, Brent"
2012-07-01,2012M07,iron_ore,Global_CFR_China,127.9,USD/dry_mt,"Iron ore, cfr spot"
2012-07-01,2012M07,thermal_coal,Australia,88.2,USD/mt,"Coal, Australian"
2012-07-01,2012M07,thermal_coal,South_Africa,87.3,USD/mt,"Coal, South African **"
2012-08-01,2012M08,crude_oil,Brent,113.3,USD/bbl,"Crude oil, Brent"
2012-08-01,2012M08,iron_ore,Global_CFR_China,107.5,USD/dry_mt,"Iron ore, cfr spot"
2012-08-01,2012M08,thermal_coal,Australia,91.0,USD/mt,"Coal, Australian"
2012-08-01,2012M08,thermal_coal,South_Africa,89.1,USD/mt,"Coal, South African **"
2012-09-01,2012M09,crude_oil,Brent,113.4,USD/bbl,"Crude oil, Brent"
2012-09-01,2012M09,iron_ore,Global_CFR_China,99.5,USD/dry_mt,"Iron ore, cfr spot"
2012-09-01,2012M09,thermal_coal,Australia,89.0,USD/mt,"Coal, Australian"
2012-09-01,2012M09,thermal_coal,South_Africa,85.8,USD/mt,"Coal, South African **"
2012-10-01,2012M10,crude_oil,Brent,112.0,USD/bbl,"Crude oil, Brent"
2012-10-01,2012M10,iron_ore,Global_CFR_China,114.0,USD/dry_mt,"Iron ore, cfr spot"
2012-10-01,2012M10,thermal_coal,Australia,81.9,USD/mt,"Coal, Australian"
2012-10-01,2012M10,thermal_coal,South_Africa,82.8,USD/mt,"Coal, South African **"
2012-11-01,2012M11,crude_oil,Brent,109.7,USD/bbl,"Crude oil, Brent"
2012-11-01,2012M11,iron_ore,Global_CFR_China,120.4,USD/dry_mt,"Iron ore, cfr spot"
2012-11-01,2012M11,thermal_coal,Australia,85.9,USD/mt,"Coal, Australian"
2012-11-01,2012M11,thermal_coal,South_Africa,85.7,USD/mt,"Coal, South African **"
2012-12-01,2012M12,crude_oil,Brent,109.7,USD/bbl,"Crude oil, Brent"
2012-12-01,2012M12,iron_ore,Global_CFR_China,128.5,USD/dry_mt,"Iron ore, cfr spot"
2012-12-01,2012M12,thermal_coal,Australia,92.9,USD/mt,"Coal, Australian"
2012-12-01,2012M12,thermal_coal,South_Africa,88.8,USD/mt,"Coal, South African **"
2013-01-01,2013M01,crude_oil,Brent,113.0,USD/bbl,"Crude oil, Brent"
2013-01-01,2013M01,iron_ore,Global_CFR_China,150.5,USD/dry_mt,"Iron ore, cfr spot"
2013-01-01,2013M01,thermal_coal,Australia,92.8,USD/mt,"Coal, Australian"
2013-01-01,2013M01,thermal_coal,South_Africa,86.1,USD/mt,"Coal, South African **"
2013-02-01,2013M02,crude_oil,Brent,116.5,USD/bbl,"Crude oil, Brent"
2013-02-01,2013M02,iron_ore,Global_CFR_China,154.6,USD/dry_mt,"Iron ore, cfr spot"
2013-02-01,2013M02,thermal_coal,Australia,94.9,USD/mt,"Coal, Australian"
2013-02-01,2013M02,thermal_coal,South_Africa,85.1,USD/mt,"Coal, South African **"
2013-03-01,2013M03,crude_oil,Brent,109.2,USD/bbl,"Crude oil, Brent"
2013-03-01,2013M03,iron_ore,Global_CFR_China,139.9,USD/dry_mt,"Iron ore, cfr spot"
2013-03-01,2013M03,thermal_coal,Australia,91.0,USD/mt,"Coal, Australian"
2013-03-01,2013M03,thermal_coal,South_Africa,82.8,USD/mt,"Coal, South African **"
2013-04-01,2013M04,crude_oil,Brent,102.9,USD/bbl,"Crude oil, Brent"
2013-04-01,2013M04,iron_ore,Global_CFR_China,137.4,USD/dry_mt,"Iron ore, cfr spot"
2013-04-01,2013M04,thermal_coal,Australia,87.8,USD/mt,"Coal, Australian"
2013-04-01,2013M04,thermal_coal,South_Africa,82.0,USD/mt,"Coal, South African **"
2013-05-01,2013M05,crude_oil,Brent,103.0,USD/bbl,"Crude oil, Brent"
2013-05-01,2013M05,iron_ore,Global_CFR_China,124.0,USD/dry_mt,"Iron ore, cfr spot"
2013-05-01,2013M05,thermal_coal,Australia,87.7,USD/mt,"Coal, Australian"
2013-05-01,2013M05,thermal_coal,South_Africa,81.8,USD/mt,"Coal, South African **"
2013-06-01,2013M06,crude_oil,Brent,103.1,USD/bbl,"Crude oil, Brent"
2013-06-01,2013M06,iron_ore,Global_CFR_China,114.8,USD/dry_mt,"Iron ore, cfr spot"
2013-06-01,2013M06,thermal_coal,Australia,82.8,USD/mt,"Coal, Australian"
2013-06-01,2013M06,thermal_coal,South_Africa,77.3,USD/mt,"Coal, South African **"
2013-07-01,2013M07,crude_oil,Brent,107.7,USD/bbl,"Crude oil, Brent"
2013-07-01,2013M07,iron_ore,Global_CFR_China,127.2,USD/dry_mt,"Iron ore, cfr spot"
2013-07-01,2013M07,thermal_coal,Australia,77.3,USD/mt,"Coal, Australian"
2013-07-01,2013M07,thermal_coal,South_Africa,72.6,USD/mt,"Coal, South African **"
2013-08-01,2013M08,crude_oil,Brent,111.0,USD/bbl,"Crude oil, Brent"
2013-08-01,2013M08,iron_ore,Global_CFR_China,137.1,USD/dry_mt,"Iron ore, cfr spot"
2013-08-01,2013M08,thermal_coal,Australia,77.0,USD/mt,"Coal, Australian"
2013-08-01,2013M08,thermal_coal,South_Africa,72.9,USD/mt,"Coal, South African **"
2013-09-01,2013M09,crude_oil,Brent,111.6,USD/bbl,"Crude oil, Brent"
2013-09-01,2013M09,iron_ore,Global_CFR_China,134.2,USD/dry_mt,"Iron ore, cfr spot"
2013-09-01,2013M09,thermal_coal,Australia,77.6,USD/mt,"Coal, Australian"
2013-09-01,2013M09,thermal_coal,South_Africa,73.1,USD/mt,"Coal, South African **"
2013-10-01,2013M10,crude_oil,Brent,109.5,USD/bbl,"Crude oil, Brent"
2013-10-01,2013M10,iron_ore,Global_CFR_China,132.6,USD/dry_mt,"Iron ore, cfr spot"
2013-10-01,2013M10,thermal_coal,Australia,79.4,USD/mt,"Coal, Australian"
2013-10-01,2013M10,thermal_coal,South_Africa,80.6,USD/mt,"Coal, South African **"
2013-11-01,2013M11,crude_oil,Brent,108.1,USD/bbl,"Crude oil, Brent"
2013-11-01,2013M11,iron_ore,Global_CFR_China,136.3,USD/dry_mt,"Iron ore, cfr spot"
2013-11-01,2013M11,thermal_coal,Australia,82.3,USD/mt,"Coal, Australian"
2013-11-01,2013M11,thermal_coal,South_Africa,83.8,USD/mt,"Coal, South African **"
2013-12-01,2013M12,crude_oil,Brent,110.7,USD/bbl,"Crude oil, Brent"
2013-12-01,2013M12,iron_ore,Global_CFR_China,135.8,USD/dry_mt,"Iron ore, cfr spot"
2013-12-01,2013M12,thermal_coal,Australia,84.3,USD/mt,"Coal, Australian"
2013-12-01,2013M12,thermal_coal,South_Africa,84.6,USD/mt,"Coal, South African **"
2014-01-01,2014M01,crude_oil,Brent,107.4,USD/bbl,"Crude oil, Brent"
2014-01-01,2014M01,iron_ore,Global_CFR_China,128.1,USD/dry_mt,"Iron ore, cfr spot"
2014-01-01,2014M01,thermal_coal,Australia,81.6,USD/mt,"Coal, Australian"
2014-01-01,2014M01,thermal_coal,South_Africa,82.9,USD/mt,"Coal, South African **"
2014-02-01,2014M02,crude_oil,Brent,108.8,USD/bbl,"Crude oil, Brent"
2014-02-01,2014M02,iron_ore,Global_CFR_China,121.4,USD/dry_mt,"Iron ore, cfr spot"
2014-02-01,2014M02,thermal_coal,Australia,76.3,USD/mt,"Coal, Australian"
2014-02-01,2014M02,thermal_coal,South_Africa,77.6,USD/mt,"Coal, South African **"
2014-03-01,2014M03,crude_oil,Brent,107.4,USD/bbl,"Crude oil, Brent"
2014-03-01,2014M03,iron_ore,Global_CFR_China,111.8,USD/dry_mt,"Iron ore, cfr spot"
2014-03-01,2014M03,thermal_coal,Australia,73.3,USD/mt,"Coal, Australian"
2014-03-01,2014M03,thermal_coal,South_Africa,74.6,USD/mt,"Coal, South African **"
2014-04-01,2014M04,crude_oil,Brent,107.8,USD/bbl,"Crude oil, Brent"
2014-04-01,2014M04,iron_ore,Global_CFR_China,114.6,USD/dry_mt,"Iron ore, cfr spot"
2014-04-01,2014M04,thermal_coal,Australia,72.8,USD/mt,"Coal, Australian"
2014-04-01,2014M04,thermal_coal,South_Africa,75.1,USD/mt,"Coal, South African **"
2014-05-01,2014M05,crude_oil,Brent,109.7,USD/bbl,"Crude oil, Brent"
2014-05-01,2014M05,iron_ore,Global_CFR_China,100.6,USD/dry_mt,"Iron ore, cfr spot"
2014-05-01,2014M05,thermal_coal,Australia,73.7,USD/mt,"Coal, Australian"
2014-05-01,2014M05,thermal_coal,South_Africa,75.8,USD/mt,"Coal, South African **"
2014-06-01,2014M06,crude_oil,Brent,111.9,USD/bbl,"Crude oil, Brent"
2014-06-01,2014M06,iron_ore,Global_CFR_China,92.7,USD/dry_mt,"Iron ore, cfr spot"
2014-06-01,2014M06,thermal_coal,Australia,71.5,USD/mt,"Coal, Australian"
2014-06-01,2014M06,thermal_coal,South_Africa,74.1,USD/mt,"Coal, South African **"
2014-07-01,2014M07,crude_oil,Brent,107.0,USD/bbl,"Crude oil, Brent"
2014-07-01,2014M07,iron_ore,Global_CFR_China,96.1,USD/dry_mt,"Iron ore, cfr spot"
2014-07-01,2014M07,thermal_coal,Australia,68.8,USD/mt,"Coal, Australian"
2014-07-01,2014M07,thermal_coal,South_Africa,71.4,USD/mt,"Coal, South African **"
2014-08-01,2014M08,crude_oil,Brent,101.9,USD/bbl,"Crude oil, Brent"
2014-08-01,2014M08,iron_ore,Global_CFR_China,92.6,USD/dry_mt,"Iron ore, cfr spot"
2014-08-01,2014M08,thermal_coal,Australia,68.9,USD/mt,"Coal, Australian"
2014-08-01,2014M08,thermal_coal,South_Africa,71.2,USD/mt,"Coal, South African **"
2014-09-01,2014M09,crude_oil,Brent,97.3,USD/bbl,"Crude oil, Brent"
2014-09-01,2014M09,iron_ore,Global_CFR_China,82.4,USD/dry_mt,"Iron ore, cfr spot"
2014-09-01,2014M09,thermal_coal,Australia,65.9,USD/mt,"Coal, Australian"
2014-09-01,2014M09,thermal_coal,South_Africa,67.9,USD/mt,"Coal, South African **"
2014-10-01,2014M10,crude_oil,Brent,87.3,USD/bbl,"Crude oil, Brent"
2014-10-01,2014M10,iron_ore,Global_CFR_China,81.1,USD/dry_mt,"Iron ore, cfr spot"
2014-10-01,2014M10,thermal_coal,Australia,63.7,USD/mt,"Coal, Australian"
2014-10-01,2014M10,thermal_coal,South_Africa,65.7,USD/mt,"Coal, South African **"
2014-11-01,2014M11,crude_oil,Brent,78.4,USD/bbl,"Crude oil, Brent"
2014-11-01,2014M11,iron_ore,Global_CFR_China,73.7,USD/dry_mt,"Iron ore, cfr spot"
2014-11-01,2014M11,thermal_coal,Australia,62.6,USD/mt,"Coal, Australian"
2014-11-01,2014M11,thermal_coal,South_Africa,65.7,USD/mt,"Coal, South African **"
2014-12-01,2014M12,crude_oil,Brent,62.3,USD/bbl,"Crude oil, Brent"
2014-12-01,2014M12,iron_ore,Global_CFR_China,68.4,USD/dry_mt,"Iron ore, cfr spot"
2014-12-01,2014M12,thermal_coal,Australia,62.4,USD/mt,"Coal, Australian"
2014-12-01,2014M12,thermal_coal,South_Africa,66.1,USD/mt,"Coal, South African **"
2015-01-01,2015M01,crude_oil,Brent,48.1,USD/bbl,"Crude oil, Brent"
2015-01-01,2015M01,iron_ore,Global_CFR_China,68.2,USD/dry_mt,"Iron ore, cfr spot"
2015-01-01,2015M01,thermal_coal,Australia,61.4,USD/mt,"Coal, Australian"
2015-01-01,2015M01,thermal_coal,South_Africa,59.3,USD/mt,"Coal, South African **"
2015-02-01,2015M02,crude_oil,Brent,57.9,USD/bbl,"Crude oil, Brent"
2015-02-01,2015M02,iron_ore,Global_CFR_China,62.8,USD/dry_mt,"Iron ore, cfr spot"
2015-02-01,2015M02,thermal_coal,Australia,69.1,USD/mt,"Coal, Australian"
2015-02-01,2015M02,thermal_coal,South_Africa,63.5,USD/mt,"Coal, South African **"
2015-03-01,2015M03,crude_oil,Brent,55.8,USD/bbl,"Crude oil, Brent"
2015-03-01,2015M03,iron_ore,Global_CFR_China,58.1,USD/dry_mt,"Iron ore, cfr spot"
2015-03-01,2015M03,thermal_coal,Australia,64.8,USD/mt,"Coal, Australian"
2015-03-01,2015M03,thermal_coal,South_Africa,59.9,USD/mt,"Coal, South African **"
2015-04-01,2015M04,crude_oil,Brent,59.4,USD/bbl,"Crude oil, Brent"
2015-04-01,2015M04,iron_ore,Global_CFR_China,52.3,USD/dry_mt,"Iron ore, cfr spot"
2015-04-01,2015M04,thermal_coal,Australia,56.2,USD/mt,"Coal, Australian"
2015-04-01,2015M04,thermal_coal,South_Africa,59.0,USD/mt,"Coal, South African **"
2015-05-01,2015M05,crude_oil,Brent,64.6,USD/bbl,"Crude oil, Brent"
2015-05-01,2015M05,iron_ore,Global_CFR_China,60.3,USD/dry_mt,"Iron ore, cfr spot"
2015-05-01,2015M05,thermal_coal,Australia,61.2,USD/mt,"Coal, Australian"
2015-05-01,2015M05,thermal_coal,South_Africa,61.6,USD/mt,"Coal, South African **"
2015-06-01,2015M06,crude_oil,Brent,62.3,USD/bbl,"Crude oil, Brent"
2015-06-01,2015M06,iron_ore,Global_CFR_China,62.6,USD/dry_mt,"Iron ore, cfr spot"
2015-06-01,2015M06,thermal_coal,Australia,59.0,USD/mt,"Coal, Australian"
2015-06-01,2015M06,thermal_coal,South_Africa,60.7,USD/mt,"Coal, South African **"
2015-07-01,2015M07,crude_oil,Brent,55.9,USD/bbl,"Crude oil, Brent"
2015-07-01,2015M07,iron_ore,Global_CFR_China,52.4,USD/dry_mt,"Iron ore, cfr spot"
2015-07-01,2015M07,thermal_coal,Australia,59.9,USD/mt,"Coal, Australian"
2015-07-01,2015M07,thermal_coal,South_Africa,57.9,USD/mt,"Coal, South African **"
2015-08-01,2015M08,crude_oil,Brent,47.0,USD/bbl,"Crude oil, Brent"
2015-08-01,2015M08,iron_ore,Global_CFR_China,56.2,USD/dry_mt,"Iron ore, cfr spot"
2015-08-01,2015M08,thermal_coal,Australia,59.1,USD/mt,"Coal, Australian"
2015-08-01,2015M08,thermal_coal,South_Africa,55.0,USD/mt,"Coal, South African **"
2015-09-01,2015M09,crude_oil,Brent,47.2,USD/bbl,"Crude oil, Brent"
2015-09-01,2015M09,iron_ore,Global_CFR_China,57.0,USD/dry_mt,"Iron ore, cfr spot"
2015-09-01,2015M09,thermal_coal,Australia,57.7,USD/mt,"Coal, Australian"
2015-09-01,2015M09,thermal_coal,South_Africa,51.4,USD/mt,"Coal, South African **"
2015-10-01,2015M10,crude_oil,Brent,48.1,USD/bbl,"Crude oil, Brent"
2015-10-01,2015M10,iron_ore,Global_CFR_China,53.1,USD/dry_mt,"Iron ore, cfr spot"
2015-10-01,2015M10,thermal_coal,Australia,54.3,USD/mt,"Coal, Australian"
2015-10-01,2015M10,thermal_coal,South_Africa,50.1,USD/mt,"Coal, South African **"
2015-11-01,2015M11,crude_oil,Brent,44.4,USD/bbl,"Crude oil, Brent"
2015-11-01,2015M11,iron_ore,Global_CFR_China,46.9,USD/dry_mt,"Iron ore, cfr spot"
2015-11-01,2015M11,thermal_coal,Australia,52.5,USD/mt,"Coal, Australian"
2015-11-01,2015M11,thermal_coal,South_Africa,53.3,USD/mt,"Coal, South African **"
2015-12-01,2015M12,crude_oil,Brent,37.7,USD/bbl,"Crude oil, Brent"
2015-12-01,2015M12,iron_ore,Global_CFR_China,40.5,USD/dry_mt,"Iron ore, cfr spot"
2015-12-01,2015M12,thermal_coal,Australia,52.2,USD/mt,"Coal, Australian"
2015-12-01,2015M12,thermal_coal,South_Africa,48.8,USD/mt,"Coal, South African **"
2016-01-01,2016M01,crude_oil,Brent,30.8,USD/bbl,"Crude oil, Brent"
2016-01-01,2016M01,iron_ore,Global_CFR_China,41.9,USD/dry_mt,"Iron ore, cfr spot"
2016-01-01,2016M01,thermal_coal,Australia,49.0,USD/mt,"Coal, Australian"
2016-01-01,2016M01,thermal_coal,South_Africa,49.1,USD/mt,"Coal, South African **"
2016-02-01,2016M02,crude_oil,Brent,33.2,USD/bbl,"Crude oil, Brent"
2016-02-01,2016M02,iron_ore,Global_CFR_China,46.8,USD/dry_mt,"Iron ore, cfr spot"
2016-02-01,2016M02,thermal_coal,Australia,50.3,USD/mt,"Coal, Australian"
2016-02-01,2016M02,thermal_coal,South_Africa,50.3,USD/mt,"Coal, South African **"
2016-03-01,2016M03,crude_oil,Brent,39.1,USD/bbl,"Crude oil, Brent"
2016-03-01,2016M03,iron_ore,Global_CFR_China,56.2,USD/dry_mt,"Iron ore, cfr spot"
2016-03-01,2016M03,thermal_coal,Australia,52.2,USD/mt,"Coal, Australian"
2016-03-01,2016M03,thermal_coal,South_Africa,52.6,USD/mt,"Coal, South African **"
2016-04-01,2016M04,crude_oil,Brent,42.3,USD/bbl,"Crude oil, Brent"
2016-04-01,2016M04,iron_ore,Global_CFR_China,60.9,USD/dry_mt,"Iron ore, cfr spot"
2016-04-01,2016M04,thermal_coal,Australia,50.7,USD/mt,"Coal, Australian"
2016-04-01,2016M04,thermal_coal,South_Africa,52.4,USD/mt,"Coal, South African **"
2016-05-01,2016M05,crude_oil,Brent,47.1,USD/bbl,"Crude oil, Brent"
2016-05-01,2016M05,iron_ore,Global_CFR_China,55.1,USD/dry_mt,"Iron ore, cfr spot"
2016-05-01,2016M05,thermal_coal,Australia,51.3,USD/mt,"Coal, Australian"
2016-05-01,2016M05,thermal_coal,South_Africa,54.2,USD/mt,"Coal, South African **"
2016-06-01,2016M06,crude_oil,Brent,48.5,USD/bbl,"Crude oil, Brent"
2016-06-01,2016M06,iron_ore,Global_CFR_China,52.0,USD/dry_mt,"Iron ore, cfr spot"
2016-06-01,2016M06,thermal_coal,Australia,52.9,USD/mt,"Coal, Australian"
2016-06-01,2016M06,thermal_coal,South_Africa,58.6,USD/mt,"Coal, South African **"
2016-07-01,2016M07,crude_oil,Brent,45.1,USD/bbl,"Crude oil, Brent"
2016-07-01,2016M07,iron_ore,Global_CFR_China,57.3,USD/dry_mt,"Iron ore, cfr spot"
2016-07-01,2016M07,thermal_coal,Australia,61.2,USD/mt,"Coal, Australian"
2016-07-01,2016M07,thermal_coal,South_Africa,62.4,USD/mt,"Coal, South African **"
2016-08-01,2016M08,crude_oil,Brent,46.1,USD/bbl,"Crude oil, Brent"
2016-08-01,2016M08,iron_ore,Global_CFR_China,60.9,USD/dry_mt,"Iron ore, cfr spot"
2016-08-01,2016M08,thermal_coal,Australia,67.4,USD/mt,"Coal, Australian"
2016-08-01,2016M08,thermal_coal,South_Africa,66.3,USD/mt,"Coal, South African **"
2016-09-01,2016M09,crude_oil,Brent,46.2,USD/bbl,"Crude oil, Brent"
2016-09-01,2016M09,iron_ore,Global_CFR_China,57.8,USD/dry_mt,"Iron ore, cfr spot"
2016-09-01,2016M09,thermal_coal,Australia,72.7,USD/mt,"Coal, Australian"
2016-09-01,2016M09,thermal_coal,South_Africa,68.3,USD/mt,"Coal, South African **"
2016-10-01,2016M10,crude_oil,Brent,49.7,USD/bbl,"Crude oil, Brent"
2016-10-01,2016M10,iron_ore,Global_CFR_China,59.1,USD/dry_mt,"Iron ore, cfr spot"
2016-10-01,2016M10,thermal_coal,Australia,94.2,USD/mt,"Coal, Australian"
2016-10-01,2016M10,thermal_coal,South_Africa,83.8,USD/mt,"Coal, South African **"
2016-11-01,2016M11,crude_oil,Brent,46.4,USD/bbl,"Crude oil, Brent"
2016-11-01,2016M11,iron_ore,Global_CFR_China,73.1,USD/dry_mt,"Iron ore, cfr spot"
2016-11-01,2016M11,thermal_coal,Australia,103.4,USD/mt,"Coal, Australian"
2016-11-01,2016M11,thermal_coal,South_Africa,89.2,USD/mt,"Coal, South African **"
2016-12-01,2016M12,crude_oil,Brent,54.1,USD/bbl,"Crude oil, Brent"
2016-12-01,2016M12,iron_ore,Global_CFR_China,80.0,USD/dry_mt,"Iron ore, cfr spot"
2016-12-01,2016M12,thermal_coal,Australia,88.2,USD/mt,"Coal, Australian"
2016-12-01,2016M12,thermal_coal,South_Africa,80.2,USD/mt,"Coal, South African **"
2017-01-01,2017M01,crude_oil,Brent,54.9,USD/bbl,"Crude oil, Brent"
2017-01-01,2017M01,iron_ore,Global_CFR_China,80.4,USD/dry_mt,"Iron ore, cfr spot"
2017-01-01,2017M01,thermal_coal,Australia,83.7,USD/mt,"Coal, Australian"
2017-01-01,2017M01,thermal_coal,South_Africa,86.5,USD/mt,"Coal, South African **"
2017-02-01,2017M02,crude_oil,Brent,55.5,USD/bbl,"Crude oil, Brent"
2017-02-01,2017M02,iron_ore,Global_CFR_China,89.4,USD/dry_mt,"Iron ore, cfr spot"
2017-02-01,2017M02,thermal_coal,Australia,80.0,USD/mt,"Coal, Australian"
2017-02-01,2017M02,thermal_coal,South_Africa,83.6,USD/mt,"Coal, South African **"
2017-03-01,2017M03,crude_oil,Brent,52.0,USD/bbl,"Crude oil, Brent"
2017-03-01,2017M03,iron_ore,Global_CFR_China,87.7,USD/dry_mt,"Iron ore, cfr spot"
2017-03-01,2017M03,thermal_coal,Australia,80.9,USD/mt,"Coal, Australian"
2017-03-01,2017M03,thermal_coal,South_Africa,79.1,USD/mt,"Coal, South African **"
2017-04-01,2017M04,crude_oil,Brent,53.0,USD/bbl,"Crude oil, Brent"
2017-04-01,2017M04,iron_ore,Global_CFR_China,70.2,USD/dry_mt,"Iron ore, cfr spot"
2017-04-01,2017M04,thermal_coal,Australia,83.7,USD/mt,"Coal, Australian"
2017-04-01,2017M04,thermal_coal,South_Africa,78.9,USD/mt,"Coal, South African **"
2017-05-01,2017M05,crude_oil,Brent,50.9,USD/bbl,"Crude oil, Brent"
2017-05-01,2017M05,iron_ore,Global_CFR_China,62.4,USD/dry_mt,"Iron ore, cfr spot"
2017-05-01,2017M05,thermal_coal,Australia,74.4,USD/mt,"Coal, Australian"
2017-05-01,2017M05,thermal_coal,South_Africa,74.4,USD/mt,"Coal, South African **"
2017-06-01,2017M06,crude_oil,Brent,46.9,USD/bbl,"Crude oil, Brent"
2017-06-01,2017M06,iron_ore,Global_CFR_China,57.5,USD/dry_mt,"Iron ore, cfr spot"
2017-06-01,2017M06,thermal_coal,Australia,81.1,USD/mt,"Coal, Australian"
2017-06-01,2017M06,thermal_coal,South_Africa,79.2,USD/mt,"Coal, South African **"
2017-07-01,2017M07,crude_oil,Brent,48.7,USD/bbl,"Crude oil, Brent"
2017-07-01,2017M07,iron_ore,Global_CFR_China,67.7,USD/dry_mt,"Iron ore, cfr spot"
2017-07-01,2017M07,thermal_coal,Australia,87.5,USD/mt,"Coal, Australian"
2017-07-01,2017M07,thermal_coal,South_Africa,81.7,USD/mt,"Coal, South African **"
2017-08-01,2017M08,crude_oil,Brent,51.4,USD/bbl,"Crude oil, Brent"
2017-08-01,2017M08,iron_ore,Global_CFR_China,76.1,USD/dry_mt,"Iron ore, cfr spot"
2017-08-01,2017M08,thermal_coal,Australia,98.6,USD/mt,"Coal, Australian"
2017-08-01,2017M08,thermal_coal,South_Africa,87.8,USD/mt,"Coal, South African **"
2017-09-01,2017M09,crude_oil,Brent,55.2,USD/bbl,"Crude oil, Brent"
2017-09-01,2017M09,iron_ore,Global_CFR_China,71.5,USD/dry_mt,"Iron ore, cfr spot"
2017-09-01,2017M09,thermal_coal,Australia,97.8,USD/mt,"Coal, Australian"
2017-09-01,2017M09,thermal_coal,South_Africa,92.3,USD/mt,"Coal, South African **"
2017-10-01,2017M10,crude_oil,Brent,57.6,USD/bbl,"Crude oil, Brent"
2017-10-01,2017M10,iron_ore,Global_CFR_China,61.7,USD/dry_mt,"Iron ore, cfr spot"
2017-10-01,2017M10,thermal_coal,Australia,97.1,USD/mt,"Coal, Australian"
2017-10-01,2017M10,thermal_coal,South_Africa,91.4,USD/mt,"Coal, South African **"
2017-11-01,2017M11,crude_oil,Brent,62.6,USD/bbl,"Crude oil, Brent"
2017-11-01,2017M11,iron_ore,Global_CFR_China,64.2,USD/dry_mt,"Iron ore, cfr spot"
2017-11-01,2017M11,thermal_coal,Australia,96.6,USD/mt,"Coal, Australian"
2017-11-01,2017M11,thermal_coal,South_Africa,91.4,USD/mt,"Coal, South African **"
2017-12-01,2017M12,crude_oil,Brent,64.2,USD/bbl,"Crude oil, Brent"
2017-12-01,2017M12,iron_ore,Global_CFR_China,72.3,USD/dry_mt,"Iron ore, cfr spot"
2017-12-01,2017M12,thermal_coal,Australia,100.8,USD/mt,"Coal, Australian"
2017-12-01,2017M12,thermal_coal,South_Africa,95.5,USD/mt,"Coal, South African **"
2018-01-01,2018M01,crude_oil,Brent,69.0,USD/bbl,"Crude oil, Brent"
2018-01-01,2018M01,iron_ore,Global_CFR_China,76.3,USD/dry_mt,"Iron ore, cfr spot"
2018-01-01,2018M01,thermal_coal,Australia,106.5,USD/mt,"Coal, Australian"
2018-01-01,2018M01,thermal_coal,South_Africa,97.5,USD/mt,"Coal, South African **"
2018-02-01,2018M02,crude_oil,Brent,65.4,USD/bbl,"Crude oil, Brent"
2018-02-01,2018M02,iron_ore,Global_CFR_China,77.5,USD/dry_mt,"Iron ore, cfr spot"
2018-02-01,2018M02,thermal_coal,Australia,106.0,USD/mt,"Coal, Australian"
2018-02-01,2018M02,thermal_coal,South_Africa,92.7,USD/mt,"Coal, South African **"
2018-03-01,2018M03,crude_oil,Brent,66.5,USD/bbl,"Crude oil, Brent"
2018-03-01,2018M03,iron_ore,Global_CFR_China,70.4,USD/dry_mt,"Iron ore, cfr spot"
2018-03-01,2018M03,thermal_coal,Australia,96.7,USD/mt,"Coal, Australian"
2018-03-01,2018M03,thermal_coal,South_Africa,89.5,USD/mt,"Coal, South African **"
2018-04-01,2018M04,crude_oil,Brent,71.6,USD/bbl,"Crude oil, Brent"
2018-04-01,2018M04,iron_ore,Global_CFR_China,65.8,USD/dry_mt,"Iron ore, cfr spot"
2018-04-01,2018M04,thermal_coal,Australia,93.7,USD/mt,"Coal, Australian"
2018-04-01,2018M04,thermal_coal,South_Africa,92.3,USD/mt,"Coal, South African **"
2018-05-01,2018M05,crude_oil,Brent,76.7,USD/bbl,"Crude oil, Brent"
2018-05-01,2018M05,iron_ore,Global_CFR_China,66.1,USD/dry_mt,"Iron ore, cfr spot"
2018-05-01,2018M05,thermal_coal,Australia,105.3,USD/mt,"Coal, Australian"
2018-05-01,2018M05,thermal_coal,South_Africa,101.9,USD/mt,"Coal, South African **"
2018-06-01,2018M06,crude_oil,Brent,75.2,USD/bbl,"Crude oil, Brent"
2018-06-01,2018M06,iron_ore,Global_CFR_China,65.0,USD/dry_mt,"Iron ore, cfr spot"
2018-06-01,2018M06,thermal_coal,Australia,114.3,USD/mt,"Coal, Australian"
2018-06-01,2018M06,thermal_coal,South_Africa,103.9,USD/mt,"Coal, South African **"
2018-07-01,2018M07,crude_oil,Brent,74.4,USD/bbl,"Crude oil, Brent"
2018-07-01,2018M07,iron_ore,Global_CFR_China,64.6,USD/dry_mt,"Iron ore, cfr spot"
2018-07-01,2018M07,thermal_coal,Australia,119.6,USD/mt,"Coal, Australian"
2018-07-01,2018M07,thermal_coal,South_Africa,106.0,USD/mt,"Coal, South African **"
2018-08-01,2018M08,crude_oil,Brent,73.1,USD/bbl,"Crude oil, Brent"
2018-08-01,2018M08,iron_ore,Global_CFR_China,67.2,USD/dry_mt,"Iron ore, cfr spot"
2018-08-01,2018M08,thermal_coal,Australia,117.3,USD/mt,"Coal, Australian"
2018-08-01,2018M08,thermal_coal,South_Africa,98.5,USD/mt,"Coal, South African **"
2018-09-01,2018M09,crude_oil,Brent,78.9,USD/bbl,"Crude oil, Brent"
2018-09-01,2018M09,iron_ore,Global_CFR_China,68.4,USD/dry_mt,"Iron ore, cfr spot"
2018-09-01,2018M09,thermal_coal,Australia,114.2,USD/mt,"Coal, Australian"
2018-09-01,2018M09,thermal_coal,South_Africa,102.1,USD/mt,"Coal, South African **"
2018-10-01,2018M10,crude_oil,Brent,80.5,USD/bbl,"Crude oil, Brent"
2018-10-01,2018M10,iron_ore,Global_CFR_China,73.4,USD/dry_mt,"Iron ore, cfr spot"
2018-10-01,2018M10,thermal_coal,Australia,108.7,USD/mt,"Coal, Australian"
2018-10-01,2018M10,thermal_coal,South_Africa,100.3,USD/mt,"Coal, South African **"
2018-11-01,2018M11,crude_oil,Brent,65.2,USD/bbl,"Crude oil, Brent"
2018-11-01,2018M11,iron_ore,Global_CFR_China,73.3,USD/dry_mt,"Iron ore, cfr spot"
2018-11-01,2018M11,thermal_coal,Australia,100.7,USD/mt,"Coal, Australian"
2018-11-01,2018M11,thermal_coal,South_Africa,91.6,USD/mt,"Coal, South African **"
2018-12-01,2018M12,crude_oil,Brent,56.5,USD/bbl,"Crude oil, Brent"
2018-12-01,2018M12,iron_ore,Global_CFR_China,69.2,USD/dry_mt,"Iron ore, cfr spot"
2018-12-01,2018M12,thermal_coal,Australia,101.4,USD/mt,"Coal, Australian"
2018-12-01,2018M12,thermal_coal,South_Africa,95.4,USD/mt,"Coal, South African **"
2019-01-01,2019M01,crude_oil,Brent,59.3,USD/bbl,"Crude oil, Brent"
2019-01-01,2019M01,iron_ore,Global_CFR_China,76.2,USD/dry_mt,"Iron ore, cfr spot"
2019-01-01,2019M01,thermal_coal,Australia,98.6,USD/mt,"Coal, Australian"
2019-01-01,2019M01,thermal_coal,South_Africa,91.3,USD/mt,"Coal, South African **"
2019-02-01,2019M02,crude_oil,Brent,64.1,USD/bbl,"Crude oil, Brent"
2019-02-01,2019M02,iron_ore,Global_CFR_China,88.2,USD/dry_mt,"Iron ore, cfr spot"
2019-02-01,2019M02,thermal_coal,Australia,95.4,USD/mt,"Coal, Australian"
2019-02-01,2019M02,thermal_coal,South_Africa,84.2,USD/mt,"Coal, South African **"
2019-03-01,2019M03,crude_oil,Brent,66.4,USD/bbl,"Crude oil, Brent"
2019-03-01,2019M03,iron_ore,Global_CFR_China,86.5,USD/dry_mt,"Iron ore, cfr spot"
2019-03-01,2019M03,thermal_coal,Australia,93.1,USD/mt,"Coal, Australian"
2019-03-01,2019M03,thermal_coal,South_Africa,78.8,USD/mt,"Coal, South African **"
2019-04-01,2019M04,crude_oil,Brent,71.2,USD/bbl,"Crude oil, Brent"
2019-04-01,2019M04,iron_ore,Global_CFR_China,93.7,USD/dry_mt,"Iron ore, cfr spot"
2019-04-01,2019M04,thermal_coal,Australia,86.8,USD/mt,"Coal, Australian"
2019-04-01,2019M04,thermal_coal,South_Africa,72.5,USD/mt,"Coal, South African **"
2019-05-01,2019M05,crude_oil,Brent,70.5,USD/bbl,"Crude oil, Brent"
2019-05-01,2019M05,iron_ore,Global_CFR_China,100.2,USD/dry_mt,"Iron ore, cfr spot"
2019-05-01,2019M05,thermal_coal,Australia,82.3,USD/mt,"Coal, Australian"
2019-05-01,2019M05,thermal_coal,South_Africa,68.9,USD/mt,"Coal, South African **"
2019-06-01,2019M06,crude_oil,Brent,63.3,USD/bbl,"Crude oil, Brent"
2019-06-01,2019M06,iron_ore,Global_CFR_China,108.9,USD/dry_mt,"Iron ore, cfr spot"
2019-06-01,2019M06,thermal_coal,Australia,72.5,USD/mt,"Coal, Australian"
2019-06-01,2019M06,thermal_coal,South_Africa,62.9,USD/mt,"Coal, South African **"
2019-07-01,2019M07,crude_oil,Brent,64.0,USD/bbl,"Crude oil, Brent"
2019-07-01,2019M07,iron_ore,Global_CFR_China,120.2,USD/dry_mt,"Iron ore, cfr spot"
2019-07-01,2019M07,thermal_coal,Australia,72.1,USD/mt,"Coal, Australian"
2019-07-01,2019M07,thermal_coal,South_Africa,65.8,USD/mt,"Coal, South African **"
2019-08-01,2019M08,crude_oil,Brent,59.3,USD/bbl,"Crude oil, Brent"
2019-08-01,2019M08,iron_ore,Global_CFR_China,93.1,USD/dry_mt,"Iron ore, cfr spot"
2019-08-01,2019M08,thermal_coal,Australia,65.6,USD/mt,"Coal, Australian"
2019-08-01,2019M08,thermal_coal,South_Africa,60.4,USD/mt,"Coal, South African **"
2019-09-01,2019M09,crude_oil,Brent,62.3,USD/bbl,"Crude oil, Brent"
2019-09-01,2019M09,iron_ore,Global_CFR_China,93.1,USD/dry_mt,"Iron ore, cfr spot"
2019-09-01,2019M09,thermal_coal,Australia,66.0,USD/mt,"Coal, Australian"
2019-09-01,2019M09,thermal_coal,South_Africa,61.4,USD/mt,"Coal, South African **"
2019-10-01,2019M10,crude_oil,Brent,59.4,USD/bbl,"Crude oil, Brent"
2019-10-01,2019M10,iron_ore,Global_CFR_China,88.5,USD/dry_mt,"Iron ore, cfr spot"
2019-10-01,2019M10,thermal_coal,Australia,69.2,USD/mt,"Coal, Australian"
2019-10-01,2019M10,thermal_coal,South_Africa,67.4,USD/mt,"Coal, South African **"
2019-11-01,2019M11,crude_oil,Brent,62.7,USD/bbl,"Crude oil, Brent"
2019-11-01,2019M11,iron_ore,Global_CFR_China,85.0,USD/dry_mt,"Iron ore, cfr spot"
2019-11-01,2019M11,thermal_coal,Australia,67.0,USD/mt,"Coal, Australian"
2019-11-01,2019M11,thermal_coal,South_Africa,73.6,USD/mt,"Coal, South African **"
2019-12-01,2019M12,crude_oil,Brent,65.9,USD/bbl,"Crude oil, Brent"
2019-12-01,2019M12,iron_ore,Global_CFR_China,92.7,USD/dry_mt,"Iron ore, cfr spot"
2019-12-01,2019M12,thermal_coal,Australia,66.2,USD/mt,"Coal, Australian"
2019-12-01,2019M12,thermal_coal,South_Africa,76.0,USD/mt,"Coal, South African **"
2020-01-01,2020M01,crude_oil,Brent,63.6,USD/bbl,"Crude oil, Brent"
2020-01-01,2020M01,iron_ore,Global_CFR_China,95.8,USD/dry_mt,"Iron ore, cfr spot"
2020-01-01,2020M01,thermal_coal,Australia,69.7,USD/mt,"Coal, Australian"
2020-01-01,2020M01,thermal_coal,South_Africa,82.1,USD/mt,"Coal, South African **"
2020-02-01,2020M02,crude_oil,Brent,55.0,USD/bbl,"Crude oil, Brent"
2020-02-01,2020M02,iron_ore,Global_CFR_China,87.7,USD/dry_mt,"Iron ore, cfr spot"
2020-02-01,2020M02,thermal_coal,Australia,67.6,USD/mt,"Coal, Australian"
2020-02-01,2020M02,thermal_coal,South_Africa,80.0,USD/mt,"Coal, South African **"
2020-03-01,2020M03,crude_oil,Brent,33.0,USD/bbl,"Crude oil, Brent"
2020-03-01,2020M03,iron_ore,Global_CFR_China,89.0,USD/dry_mt,"Iron ore, cfr spot"
2020-03-01,2020M03,thermal_coal,Australia,66.7,USD/mt,"Coal, Australian"
2020-03-01,2020M03,thermal_coal,South_Africa,67.9,USD/mt,"Coal, South African **"
2020-04-01,2020M04,crude_oil,Brent,23.3,USD/bbl,"Crude oil, Brent"
2020-04-01,2020M04,iron_ore,Global_CFR_China,84.7,USD/dry_mt,"Iron ore, cfr spot"
2020-04-01,2020M04,thermal_coal,Australia,58.6,USD/mt,"Coal, Australian"
2020-04-01,2020M04,thermal_coal,South_Africa,56.6,USD/mt,"Coal, South African **"
2020-05-01,2020M05,crude_oil,Brent,31.0,USD/bbl,"Crude oil, Brent"
2020-05-01,2020M05,iron_ore,Global_CFR_China,93.7,USD/dry_mt,"Iron ore, cfr spot"
2020-05-01,2020M05,thermal_coal,Australia,52.5,USD/mt,"Coal, Australian"
2020-05-01,2020M05,thermal_coal,South_Africa,57.4,USD/mt,"Coal, South African **"
2020-06-01,2020M06,crude_oil,Brent,39.9,USD/bbl,"Crude oil, Brent"
2020-06-01,2020M06,iron_ore,Global_CFR_China,103.3,USD/dry_mt,"Iron ore, cfr spot"
2020-06-01,2020M06,thermal_coal,Australia,52.2,USD/mt,"Coal, Australian"
2020-06-01,2020M06,thermal_coal,South_Africa,56.8,USD/mt,"Coal, South African **"
2020-07-01,2020M07,crude_oil,Brent,42.8,USD/bbl,"Crude oil, Brent"
2020-07-01,2020M07,iron_ore,Global_CFR_China,108.5,USD/dry_mt,"Iron ore, cfr spot"
2020-07-01,2020M07,thermal_coal,Australia,51.6,USD/mt,"Coal, Australian"
2020-07-01,2020M07,thermal_coal,South_Africa,56.6,USD/mt,"Coal, South African **"
2020-08-01,2020M08,crude_oil,Brent,44.3,USD/bbl,"Crude oil, Brent"
2020-08-01,2020M08,iron_ore,Global_CFR_China,121.1,USD/dry_mt,"Iron ore, cfr spot"
2020-08-01,2020M08,thermal_coal,Australia,50.1,USD/mt,"Coal, Australian"
2020-08-01,2020M08,thermal_coal,South_Africa,57.4,USD/mt,"Coal, South African **"
2020-09-01,2020M09,crude_oil,Brent,41.1,USD/bbl,"Crude oil, Brent"
2020-09-01,2020M09,iron_ore,Global_CFR_China,123.8,USD/dry_mt,"Iron ore, cfr spot"
2020-09-01,2020M09,thermal_coal,Australia,54.6,USD/mt,"Coal, Australian"
2020-09-01,2020M09,thermal_coal,South_Africa,57.5,USD/mt,"Coal, South African **"
2020-10-01,2020M10,crude_oil,Brent,40.5,USD/bbl,"Crude oil, Brent"
2020-10-01,2020M10,iron_ore,Global_CFR_China,119.8,USD/dry_mt,"Iron ore, cfr spot"
2020-10-01,2020M10,thermal_coal,Australia,58.4,USD/mt,"Coal, Australian"
2020-10-01,2020M10,thermal_coal,South_Africa,61.0,USD/mt,"Coal, South African **"
2020-11-01,2020M11,crude_oil,Brent,43.2,USD/bbl,"Crude oil, Brent"
2020-11-01,2020M11,iron_ore,Global_CFR_China,124.4,USD/dry_mt,"Iron ore, cfr spot"
2020-11-01,2020M11,thermal_coal,Australia,64.4,USD/mt,"Coal, Australian"
2020-11-01,2020M11,thermal_coal,South_Africa,69.4,USD/mt,"Coal, South African **"
2020-12-01,2020M12,crude_oil,Brent,49.9,USD/bbl,"Crude oil, Brent"
2020-12-01,2020M12,iron_ore,Global_CFR_China,155.4,USD/dry_mt,"Iron ore, cfr spot"
2020-12-01,2020M12,thermal_coal,Australia,83.0,USD/mt,"Coal, Australian"
2020-12-01,2020M12,thermal_coal,South_Africa,85.2,USD/mt,"Coal, South African **"
2021-01-01,2021M01,crude_oil,Brent,54.6,USD/bbl,"Crude oil, Brent"
2021-01-01,2021M01,iron_ore,Global_CFR_China,169.6,USD/dry_mt,"Iron ore, cfr spot"
2021-01-01,2021M01,thermal_coal,Australia,86.8,USD/mt,"Coal, Australian"
2021-01-01,2021M01,thermal_coal,South_Africa,86.9,USD/mt,"Coal, South African **"
2021-02-01,2021M02,crude_oil,Brent,62.0,USD/bbl,"Crude oil, Brent"
2021-02-01,2021M02,iron_ore,Global_CFR_China,163.8,USD/dry_mt,"Iron ore, cfr spot"
2021-02-01,2021M02,thermal_coal,Australia,86.7,USD/mt,"Coal, Australian"
2021-02-01,2021M02,thermal_coal,South_Africa,82.8,USD/mt,"Coal, South African **"
2021-03-01,2021M03,crude_oil,Brent,65.2,USD/bbl,"Crude oil, Brent"
2021-03-01,2021M03,iron_ore,Global_CFR_China,168.2,USD/dry_mt,"Iron ore, cfr spot"
2021-03-01,2021M03,thermal_coal,Australia,94.9,USD/mt,"Coal, Australian"
2021-03-01,2021M03,thermal_coal,South_Africa,90.7,USD/mt,"Coal, South African **"
2021-04-01,2021M04,crude_oil,Brent,64.8,USD/bbl,"Crude oil, Brent"
2021-04-01,2021M04,iron_ore,Global_CFR_China,179.8,USD/dry_mt,"Iron ore, cfr spot"
2021-04-01,2021M04,thermal_coal,Australia,92.2,USD/mt,"Coal, Australian"
2021-04-01,2021M04,thermal_coal,South_Africa,89.1,USD/mt,"Coal, South African **"
2021-05-01,2021M05,crude_oil,Brent,68.0,USD/bbl,"Crude oil, Brent"
2021-05-01,2021M05,iron_ore,Global_CFR_China,207.7,USD/dry_mt,"Iron ore, cfr spot"
2021-05-01,2021M05,thermal_coal,Australia,107.0,USD/mt,"Coal, Australian"
2021-05-01,2021M05,thermal_coal,South_Africa,99.3,USD/mt,"Coal, South African **"
2021-06-01,2021M06,crude_oil,Brent,73.1,USD/bbl,"Crude oil, Brent"
2021-06-01,2021M06,iron_ore,Global_CFR_China,214.4,USD/dry_mt,"Iron ore, cfr spot"
2021-06-01,2021M06,thermal_coal,Australia,130.0,USD/mt,"Coal, Australian"
2021-06-01,2021M06,thermal_coal,South_Africa,112.9,USD/mt,"Coal, South African **"
2021-07-01,2021M07,crude_oil,Brent,74.4,USD/bbl,"Crude oil, Brent"
2021-07-01,2021M07,iron_ore,Global_CFR_China,214.1,USD/dry_mt,"Iron ore, cfr spot"
2021-07-01,2021M07,thermal_coal,Australia,152.0,USD/mt,"Coal, Australian"
2021-07-01,2021M07,thermal_coal,South_Africa,122.3,USD/mt,"Coal, South African **"
2021-08-01,2021M08,crude_oil,Brent,70.0,USD/bbl,"Crude oil, Brent"
2021-08-01,2021M08,iron_ore,Global_CFR_China,162.2,USD/dry_mt,"Iron ore, cfr spot"
2021-08-01,2021M08,thermal_coal,Australia,169.6,USD/mt,"Coal, Australian"
2021-08-01,2021M08,thermal_coal,South_Africa,137.9,USD/mt,"Coal, South African **"
2021-09-01,2021M09,crude_oil,Brent,74.6,USD/bbl,"Crude oil, Brent"
2021-09-01,2021M09,iron_ore,Global_CFR_China,124.5,USD/dry_mt,"Iron ore, cfr spot"
2021-09-01,2021M09,thermal_coal,Australia,185.7,USD/mt,"Coal, Australian"
2021-09-01,2021M09,thermal_coal,South_Africa,146.1,USD/mt,"Coal, South African **"
2021-10-01,2021M10,crude_oil,Brent,83.7,USD/bbl,"Crude oil, Brent"
2021-10-01,2021M10,iron_ore,Global_CFR_China,122.9,USD/dry_mt,"Iron ore, cfr spot"
2021-10-01,2021M10,thermal_coal,Australia,224.5,USD/mt,"Coal, Australian"
2021-10-01,2021M10,thermal_coal,South_Africa,199.7,USD/mt,"Coal, South African **"
2021-11-01,2021M11,crude_oil,Brent,80.8,USD/bbl,"Crude oil, Brent"
2021-11-01,2021M11,iron_ore,Global_CFR_China,96.2,USD/dry_mt,"Iron ore, cfr spot"
2021-11-01,2021M11,thermal_coal,Australia,157.5,USD/mt,"Coal, Australian"
2021-11-01,2021M11,thermal_coal,South_Africa,128.0,USD/mt,"Coal, South African **"
2021-12-01,2021M12,crude_oil,Brent,74.3,USD/bbl,"Crude oil, Brent"
2021-12-01,2021M12,iron_ore,Global_CFR_China,117.0,USD/dry_mt,"Iron ore, cfr spot"
2021-12-01,2021M12,thermal_coal,Australia,169.7,USD/mt,"Coal, Australian"
2021-12-01,2021M12,thermal_coal,South_Africa,142.5,USD/mt,"Coal, South African **"
2022-01-01,2022M01,crude_oil,Brent,85.5,USD/bbl,"Crude oil, Brent"
2022-01-01,2022M01,iron_ore,Global_CFR_China,132.5,USD/dry_mt,"Iron ore, cfr spot"
2022-01-01,2022M01,thermal_coal,Australia,197.0,USD/mt,"Coal, Australian"
2022-01-01,2022M01,thermal_coal,South_Africa,168.5,USD/mt,"Coal, South African **"
2022-02-01,2022M02,crude_oil,Brent,95.8,USD/bbl,"Crude oil, Brent"
2022-02-01,2022M02,iron_ore,Global_CFR_China,142.8,USD/dry_mt,"Iron ore, cfr spot"
2022-02-01,2022M02,thermal_coal,Australia,219.8,USD/mt,"Coal, Australian"
2022-02-01,2022M02,thermal_coal,South_Africa,196.4,USD/mt,"Coal, South African **"
2022-03-01,2022M03,crude_oil,Brent,115.6,USD/bbl,"Crude oil, Brent"
2022-03-01,2022M03,iron_ore,Global_CFR_China,152.1,USD/dry_mt,"Iron ore, cfr spot"
2022-03-01,2022M03,thermal_coal,Australia,314.0,USD/mt,"Coal, Australian"
2022-03-01,2022M03,thermal_coal,South_Africa,294.4,USD/mt,"Coal, South African **"
2022-04-01,2022M04,crude_oil,Brent,105.8,USD/bbl,"Crude oil, Brent"
2022-04-01,2022M04,iron_ore,Global_CFR_China,151.3,USD/dry_mt,"Iron ore, cfr spot"
2022-04-01,2022M04,thermal_coal,Australia,310.9,USD/mt,"Coal, Australian"
2022-04-01,2022M04,thermal_coal,South_Africa,302.0,USD/mt,"Coal, South African **"
2022-05-01,2022M05,crude_oil,Brent,112.4,USD/bbl,"Crude oil, Brent"
2022-05-01,2022M05,iron_ore,Global_CFR_China,131.2,USD/dry_mt,"Iron ore, cfr spot"
2022-05-01,2022M05,thermal_coal,Australia,371.9,USD/mt,"Coal, Australian"
2022-05-01,2022M05,thermal_coal,South_Africa,280.0,USD/mt,"Coal, South African **"
2022-06-01,2022M06,crude_oil,Brent,120.1,USD/bbl,"Crude oil, Brent"
2022-06-01,2022M06,iron_ore,Global_CFR_China,130.7,USD/dry_mt,"Iron ore, cfr spot"
2022-06-01,2022M06,thermal_coal,Australia,374.1,USD/mt,"Coal, Australian"
2022-06-01,2022M06,thermal_coal,South_Africa,291.4,USD/mt,"Coal, South African **"
2022-07-01,2022M07,crude_oil,Brent,108.9,USD/bbl,"Crude oil, Brent"
2022-07-01,2022M07,iron_ore,Global_CFR_China,108.6,USD/dry_mt,"Iron ore, cfr spot"
2022-07-01,2022M07,thermal_coal,Australia,402.2,USD/mt,"Coal, Australian"
2022-07-01,2022M07,thermal_coal,South_Africa,269.1,USD/mt,"Coal, South African **"
2022-08-01,2022M08,crude_oil,Brent,98.6,USD/bbl,"Crude oil, Brent"
2022-08-01,2022M08,iron_ore,Global_CFR_China,108.9,USD/dry_mt,"Iron ore, cfr spot"
2022-08-01,2022M08,thermal_coal,Australia,407.0,USD/mt,"Coal, Australian"
2022-08-01,2022M08,thermal_coal,South_Africa,274.6,USD/mt,"Coal, South African **"
2022-09-01,2022M09,crude_oil,Brent,90.2,USD/bbl,"Crude oil, Brent"
2022-09-01,2022M09,iron_ore,Global_CFR_China,99.8,USD/dry_mt,"Iron ore, cfr spot"
2022-09-01,2022M09,thermal_coal,Australia,430.8,USD/mt,"Coal, Australian"
2022-09-01,2022M09,thermal_coal,South_Africa,235.0,USD/mt,"Coal, South African **"
2022-10-01,2022M10,crude_oil,Brent,93.1,USD/bbl,"Crude oil, Brent"
2022-10-01,2022M10,iron_ore,Global_CFR_China,92.6,USD/dry_mt,"Iron ore, cfr spot"
2022-10-01,2022M10,thermal_coal,Australia,389.8,USD/mt,"Coal, Australian"
2022-10-01,2022M10,thermal_coal,South_Africa,191.2,USD/mt,"Coal, South African **"
2022-11-01,2022M11,crude_oil,Brent,91.1,USD/bbl,"Crude oil, Brent"
2022-11-01,2022M11,iron_ore,Global_CFR_China,93.3,USD/dry_mt,"Iron ore, cfr spot"
2022-11-01,2022M11,thermal_coal,Australia,342.2,USD/mt,"Coal, Australian"
2022-11-01,2022M11,thermal_coal,South_Africa,169.1,USD/mt,"Coal, South African **"
2022-12-01,2022M12,crude_oil,Brent,80.9,USD/bbl,"Crude oil, Brent"
2022-12-01,2022M12,iron_ore,Global_CFR_China,111.8,USD/dry_mt,"Iron ore, cfr spot"
2022-12-01,2022M12,thermal_coal,Australia,379.2,USD/mt,"Coal, Australian"
2022-12-01,2022M12,thermal_coal,South_Africa,215.0,USD/mt,"Coal, South African **"
2023-01-01,2023M01,crude_oil,Brent,83.1,USD/bbl,"Crude oil, Brent"
2023-01-01,2023M01,iron_ore,Global_CFR_China,122.2,USD/dry_mt,"Iron ore, cfr spot"
2023-01-01,2023M01,thermal_coal,Australia,318.0,USD/mt,"Coal, Australian"
2023-01-01,2023M01,thermal_coal,South_Africa,172.0,USD/mt,"Coal, South African **"
2023-02-01,2023M02,crude_oil,Brent,82.7,USD/bbl,"Crude oil, Brent"
2023-02-01,2023M02,iron_ore,Global_CFR_China,127.6,USD/dry_mt,"Iron ore, cfr spot"
2023-02-01,2023M02,thermal_coal,Australia,207.5,USD/mt,"Coal, Australian"
2023-02-01,2023M02,thermal_coal,South_Africa,144.7,USD/mt,"Coal, South African **"
2023-03-01,2023M03,crude_oil,Brent,78.5,USD/bbl,"Crude oil, Brent"
2023-03-01,2023M03,iron_ore,Global_CFR_China,128.4,USD/dry_mt,"Iron ore, cfr spot"
2023-03-01,2023M03,thermal_coal,Australia,187.2,USD/mt,"Coal, Australian"
2023-03-01,2023M03,thermal_coal,South_Africa,136.8,USD/mt,"Coal, South African **"
2023-04-01,2023M04,crude_oil,Brent,84.1,USD/bbl,"Crude oil, Brent"
2023-04-01,2023M04,iron_ore,Global_CFR_China,117.4,USD/dry_mt,"Iron ore, cfr spot"
2023-04-01,2023M04,thermal_coal,Australia,194.3,USD/mt,"Coal, Australian"
2023-04-01,2023M04,thermal_coal,South_Africa,133.7,USD/mt,"Coal, South African **"
2023-05-01,2023M05,crude_oil,Brent,75.7,USD/bbl,"Crude oil, Brent"
2023-05-01,2023M05,iron_ore,Global_CFR_China,105.2,USD/dry_mt,"Iron ore, cfr spot"
2023-05-01,2023M05,thermal_coal,Australia,160.5,USD/mt,"Coal, Australian"
2023-05-01,2023M05,thermal_coal,South_Africa,103.0,USD/mt,"Coal, South African **"
2023-06-01,2023M06,crude_oil,Brent,74.9,USD/bbl,"Crude oil, Brent"
2023-06-01,2023M06,iron_ore,Global_CFR_China,113.5,USD/dry_mt,"Iron ore, cfr spot"
2023-06-01,2023M06,thermal_coal,Australia,139.4,USD/mt,"Coal, Australian"
2023-06-01,2023M06,thermal_coal,South_Africa,98.6,USD/mt,"Coal, South African **"
2023-07-01,2023M07,crude_oil,Brent,80.1,USD/bbl,"Crude oil, Brent"
2023-07-01,2023M07,iron_ore,Global_CFR_China,114.4,USD/dry_mt,"Iron ore, cfr spot"
2023-07-01,2023M07,thermal_coal,Australia,140.6,USD/mt,"Coal, Australian"
2023-07-01,2023M07,thermal_coal,South_Africa,96.8,USD/mt,"Coal, South African **"
2023-08-01,2023M08,crude_oil,Brent,86.2,USD/bbl,"Crude oil, Brent"
2023-08-01,2023M08,iron_ore,Global_CFR_China,110.2,USD/dry_mt,"Iron ore, cfr spot"
2023-08-01,2023M08,thermal_coal,Australia,152.6,USD/mt,"Coal, Australian"
2023-08-01,2023M08,thermal_coal,South_Africa,97.6,USD/mt,"Coal, South African **"
2023-09-01,2023M09,crude_oil,Brent,94.0,USD/bbl,"Crude oil, Brent"
2023-09-01,2023M09,iron_ore,Global_CFR_China,121.0,USD/dry_mt,"Iron ore, cfr spot"
2023-09-01,2023M09,thermal_coal,Australia,162.5,USD/mt,"Coal, Australian"
2023-09-01,2023M09,thermal_coal,South_Africa,99.9,USD/mt,"Coal, South African **"
2023-10-01,2023M10,crude_oil,Brent,91.1,USD/bbl,"Crude oil, Brent"
2023-10-01,2023M10,iron_ore,Global_CFR_China,119.0,USD/dry_mt,"Iron ore, cfr spot"
2023-10-01,2023M10,thermal_coal,Australia,142.1,USD/mt,"Coal, Australian"
2023-10-01,2023M10,thermal_coal,South_Africa,128.4,USD/mt,"Coal, South African **"
2023-11-01,2023M11,crude_oil,Brent,83.2,USD/bbl,"Crude oil, Brent"
2023-11-01,2023M11,iron_ore,Global_CFR_China,131.1,USD/dry_mt,"Iron ore, cfr spot"
2023-11-01,2023M11,thermal_coal,Australia,126.8,USD/mt,"Coal, Australian"
2023-11-01,2023M11,thermal_coal,South_Africa,109.0,USD/mt,"Coal, South African **"
2023-12-01,2023M12,crude_oil,Brent,77.9,USD/bbl,"Crude oil, Brent"
2023-12-01,2023M12,iron_ore,Global_CFR_China,137.1,USD/dry_mt,"Iron ore, cfr spot"
2023-12-01,2023M12,thermal_coal,Australia,141.8,USD/mt,"Coal, Australian"
2023-12-01,2023M12,thermal_coal,South_Africa,108.8,USD/mt,"Coal, South African **"
2024-01-01,2024M01,crude_oil,Brent,80.2,USD/bbl,"Crude oil, Brent"
2024-01-01,2024M01,iron_ore,Global_CFR_China,135.8,USD/dry_mt,"Iron ore, cfr spot"
2024-01-01,2024M01,thermal_coal,Australia,124.9,USD/mt,"Coal, Australian"
2024-01-01,2024M01,thermal_coal,South_Africa,106.8,USD/mt,"Coal, South African **"
2024-02-01,2024M02,crude_oil,Brent,83.8,USD/bbl,"Crude oil, Brent"
2024-02-01,2024M02,iron_ore,Global_CFR_China,124.4,USD/dry_mt,"Iron ore, cfr spot"
2024-02-01,2024M02,thermal_coal,Australia,124.2,USD/mt,"Coal, Australian"
2024-02-01,2024M02,thermal_coal,South_Africa,105.2,USD/mt,"Coal, South African **"
2024-03-01,2024M03,crude_oil,Brent,85.4,USD/bbl,"Crude oil, Brent"
2024-03-01,2024M03,iron_ore,Global_CFR_China,109.8,USD/dry_mt,"Iron ore, cfr spot"
2024-03-01,2024M03,thermal_coal,Australia,131.5,USD/mt,"Coal, Australian"
2024-03-01,2024M03,thermal_coal,South_Africa,104.8,USD/mt,"Coal, South African **"
2024-04-01,2024M04,crude_oil,Brent,90.1,USD/bbl,"Crude oil, Brent"
2024-04-01,2024M04,iron_ore,Global_CFR_China,112.8,USD/dry_mt,"Iron ore, cfr spot"
2024-04-01,2024M04,thermal_coal,Australia,135.0,USD/mt,"Coal, Australian"
2024-04-01,2024M04,thermal_coal,South_Africa,104.9,USD/mt,"Coal, South African **"
2024-05-01,2024M05,crude_oil,Brent,82.0,USD/bbl,"Crude oil, Brent"
2024-05-01,2024M05,iron_ore,Global_CFR_China,118.9,USD/dry_mt,"Iron ore, cfr spot"
2024-05-01,2024M05,thermal_coal,Australia,142.0,USD/mt,"Coal, Australian"
2024-05-01,2024M05,thermal_coal,South_Africa,105.6,USD/mt,"Coal, South African **"
2024-06-01,2024M06,crude_oil,Brent,82.6,USD/bbl,"Crude oil, Brent"
2024-06-01,2024M06,iron_ore,Global_CFR_China,107.5,USD/dry_mt,"Iron ore, cfr spot"
2024-06-01,2024M06,thermal_coal,Australia,135.1,USD/mt,"Coal, Australian"
2024-06-01,2024M06,thermal_coal,South_Africa,105.3,USD/mt,"Coal, South African **"
2024-07-01,2024M07,crude_oil,Brent,85.3,USD/bbl,"Crude oil, Brent"
2024-07-01,2024M07,iron_ore,Global_CFR_China,106.9,USD/dry_mt,"Iron ore, cfr spot"
2024-07-01,2024M07,thermal_coal,Australia,137.6,USD/mt,"Coal, Australian"
2024-07-01,2024M07,thermal_coal,South_Africa,105.3,USD/mt,"Coal, South African **"
2024-08-01,2024M08,crude_oil,Brent,80.9,USD/bbl,"Crude oil, Brent"
2024-08-01,2024M08,iron_ore,Global_CFR_China,99.9,USD/dry_mt,"Iron ore, cfr spot"
2024-08-01,2024M08,thermal_coal,Australia,145.8,USD/mt,"Coal, Australian"
2024-08-01,2024M08,thermal_coal,South_Africa,106.2,USD/mt,"Coal, South African **"
2024-09-01,2024M09,crude_oil,Brent,74.3,USD/bbl,"Crude oil, Brent"
2024-09-01,2024M09,iron_ore,Global_CFR_China,92.8,USD/dry_mt,"Iron ore, cfr spot"
2024-09-01,2024M09,thermal_coal,Australia,139.2,USD/mt,"Coal, Australian"
2024-09-01,2024M09,thermal_coal,South_Africa,106.1,USD/mt,"Coal, South African **"
2024-10-01,2024M10,crude_oil,Brent,75.7,USD/bbl,"Crude oil, Brent"
2024-10-01,2024M10,iron_ore,Global_CFR_China,101.4,USD/dry_mt,"Iron ore, cfr spot"
2024-10-01,2024M10,thermal_coal,Australia,146.6,USD/mt,"Coal, Australian"
2024-10-01,2024M10,thermal_coal,South_Africa,106.8,USD/mt,"Coal, South African **"
2024-11-01,2024M11,crude_oil,Brent,74.4,USD/bbl,"Crude oil, Brent"
2024-11-01,2024M11,iron_ore,Global_CFR_China,100.5,USD/dry_mt,"Iron ore, cfr spot"
2024-11-01,2024M11,thermal_coal,Australia,142.1,USD/mt,"Coal, Australian"
2024-11-01,2024M11,thermal_coal,South_Africa,106.8,USD/mt,"Coal, South African **"
2024-12-01,2024M12,crude_oil,Brent,73.8,USD/bbl,"Crude oil, Brent"
2024-12-01,2024M12,iron_ore,Global_CFR_China,102.2,USD/dry_mt,"Iron ore, cfr spot"
2024-12-01,2024M12,thermal_coal,Australia,129.8,USD/mt,"Coal, Australian"
2024-12-01,2024M12,thermal_coal,South_Africa,105.5,USD/mt,"Coal, South African **"
2025-01-01,2025M01,crude_oil,Brent,79.2,USD/bbl,"Crude oil, Brent"
2025-01-01,2025M01,iron_ore,Global_CFR_China,99.6,USD/dry_mt,"Iron ore, cfr spot"
2025-01-01,2025M01,thermal_coal,Australia,118.6,USD/mt,"Coal, Australian"
2025-01-01,2025M01,thermal_coal,South_Africa,103.3,USD/mt,"Coal, South African **"
2025-02-01,2025M02,crude_oil,Brent,75.2,USD/bbl,"Crude oil, Brent"
2025-02-01,2025M02,iron_ore,Global_CFR_China,105.1,USD/dry_mt,"Iron ore, cfr spot"
2025-02-01,2025M02,thermal_coal,Australia,106.9,USD/mt,"Coal, Australian"
2025-02-01,2025M02,thermal_coal,South_Africa,100.4,USD/mt,"Coal, South African **"
2025-03-01,2025M03,crude_oil,Brent,72.6,USD/bbl,"Crude oil, Brent"
2025-03-01,2025M03,iron_ore,Global_CFR_China,100.1,USD/dry_mt,"Iron ore, cfr spot"
2025-03-01,2025M03,thermal_coal,Australia,104.0,USD/mt,"Coal, Australian"
2025-03-01,2025M03,thermal_coal,South_Africa,98.0,USD/mt,"Coal, South African **"
2025-04-01,2025M04,crude_oil,Brent,67.7,USD/bbl,"Crude oil, Brent"
2025-04-01,2025M04,iron_ore,Global_CFR_China,97.2,USD/dry_mt,"Iron ore, cfr spot"
2025-04-01,2025M04,thermal_coal,Australia,98.6,USD/mt,"Coal, Australian"
2025-04-01,2025M04,thermal_coal,South_Africa,95.6,USD/mt,"Coal, South African **"
2025-05-01,2025M05,crude_oil,Brent,64.2,USD/bbl,"Crude oil, Brent"
2025-05-01,2025M05,iron_ore,Global_CFR_China,97.0,USD/dry_mt,"Iron ore, cfr spot"
2025-05-01,2025M05,thermal_coal,Australia,104.4,USD/mt,"Coal, Australian"
2025-05-01,2025M05,thermal_coal,South_Africa,94.3,USD/mt,"Coal, South African **"
2025-06-01,2025M06,crude_oil,Brent,71.5,USD/bbl,"Crude oil, Brent"
2025-06-01,2025M06,iron_ore,Global_CFR_China,92.3,USD/dry_mt,"Iron ore, cfr spot"
2025-06-01,2025M06,thermal_coal,Australia,109.0,USD/mt,"Coal, Australian"
2025-06-01,2025M06,thermal_coal,South_Africa,93.8,USD/mt,"Coal, South African **"
2025-07-01,2025M07,crude_oil,Brent,71.0,USD/bbl,"Crude oil, Brent"
2025-07-01,2025M07,iron_ore,Global_CFR_China,97.3,USD/dry_mt,"Iron ore, cfr spot"
2025-07-01,2025M07,thermal_coal,Australia,112.9,USD/mt,"Coal, Australian"
2025-07-01,2025M07,thermal_coal,South_Africa,93.6,USD/mt,"Coal, South African **"
2025-08-01,2025M08,crude_oil,Brent,68.2,USD/bbl,"Crude oil, Brent"
2025-08-01,2025M08,iron_ore,Global_CFR_China,99.7,USD/dry_mt,"Iron ore, cfr spot"
2025-08-01,2025M08,thermal_coal,Australia,112.2,USD/mt,"Coal, Australian"
2025-08-01,2025M08,thermal_coal,South_Africa,93.3,USD/mt,"Coal, South African **"
2025-09-01,2025M09,crude_oil,Brent,68.0,USD/bbl,"Crude oil, Brent"
2025-09-01,2025M09,iron_ore,Global_CFR_China,103.3,USD/dry_mt,"Iron ore, cfr spot"
2025-09-01,2025M09,thermal_coal,Australia,106.3,USD/mt,"Coal, Australian"
2025-09-01,2025M09,thermal_coal,South_Africa,92.3,USD/mt,"Coal, South African **"
2025-10-01,2025M10,crude_oil,Brent,64.7,USD/bbl,"Crude oil, Brent"
2025-10-01,2025M10,iron_ore,Global_CFR_China,103.5,USD/dry_mt,"Iron ore, cfr spot"
2025-10-01,2025M10,thermal_coal,Australia,107.5,USD/mt,"Coal, Australian"
2025-10-01,2025M10,thermal_coal,South_Africa,91.6,USD/mt,"Coal, South African **"
2025-11-01,2025M11,crude_oil,Brent,63.6,USD/bbl,"Crude oil, Brent"
2025-11-01,2025M11,iron_ore,Global_CFR_China,102.5,USD/dry_mt,"Iron ore, cfr spot"
2025-11-01,2025M11,thermal_coal,Australia,112.6,USD/mt,"Coal, Australian"
2025-11-01,2025M11,thermal_coal,South_Africa,91.6,USD/mt,"Coal, South African **"
2025-12-01,2025M12,crude_oil,Brent,62.7,USD/bbl,"Crude oil, Brent"
2025-12-01,2025M12,iron_ore,Global_CFR_China,104.6,USD/dry_mt,"Iron ore, cfr spot"
2025-12-01,2025M12,thermal_coal,Australia,107.7,USD/mt,"Coal, Australian"
2025-12-01,2025M12,thermal_coal,South_Africa,90.9,USD/mt,"Coal, South African **"
2026-01-01,2026M01,crude_oil,Brent,66.8,USD/bbl,"Crude oil, Brent"
2026-01-01,2026M01,iron_ore,Global_CFR_China,105.5,USD/dry_mt,"Iron ore, cfr spot"
2026-01-01,2026M01,thermal_coal,Australia,109.8,USD/mt,"Coal, Australian"
2026-01-01,2026M01,thermal_coal,South_Africa,90.6,USD/mt,"Coal, South African **"
2026-02-01,2026M02,crude_oil,Brent,71.1,USD/bbl,"Crude oil, Brent"
2026-02-01,2026M02,iron_ore,Global_CFR_China,98.8,USD/dry_mt,"Iron ore, cfr spot"
2026-02-01,2026M02,thermal_coal,Australia,118.4,USD/mt,"Coal, Australian"
2026-02-01,2026M02,thermal_coal,South_Africa,91.2,USD/mt,"Coal, South African **"
2026-03-01,2026M03,crude_oil,Brent,103.7,USD/bbl,"Crude oil, Brent"
2026-03-01,2026M03,iron_ore,Global_CFR_China,104.5,USD/dry_mt,"Iron ore, cfr spot"
2026-03-01,2026M03,thermal_coal,Australia,138.6,USD/mt,"Coal, Australian"
2026-03-01,2026M03,thermal_coal,South_Africa,93.8,USD/mt,"Coal, South African **"
2026-04-01,2026M04,crude_oil,Brent,120.4,USD/bbl,"Crude oil, Brent"
2026-04-01,2026M04,iron_ore,Global_CFR_China,106.1,USD/dry_mt,"Iron ore, cfr spot"
2026-04-01,2026M04,thermal_coal,Australia,130.9,USD/mt,"Coal, Australian"
2026-04-01,2026M04,thermal_coal,South_Africa,94.8,USD/mt,"Coal, South African **"
2026-05-01,2026M05,crude_oil,Brent,107.5,USD/bbl,"Crude oil, Brent"
2026-05-01,2026M05,iron_ore,Global_CFR_China,108.6,USD/dry_mt,"Iron ore, cfr spot"
2026-05-01,2026M05,thermal_coal,Australia,136.9,USD/mt,"Coal, Australian"
2026-05-01,2026M05,thermal_coal,South_Africa,95.6,USD/mt,"Coal, South African **"
2026-06-01,2026M06,crude_oil,Brent,85.4,USD/bbl,"Crude oil, Brent"
2026-06-01,2026M06,iron_ore,Global_CFR_China,100.8,USD/dry_mt,"Iron ore, cfr spot"
2026-06-01,2026M06,thermal_coal,Australia,138.5,USD/mt,"Coal, Australian"
2026-06-01,2026M06,thermal_coal,South_Africa,96.3,USD/mt,"Coal, South African **"
2026-07-01,2026M07,crude_oil,Brent,83.4,USD/bbl,"Crude oil, Brent"
2026-07-01,2026M07,iron_ore,Global_CFR_China,98.2,USD/dry_mt,"Iron ore, cfr spot"
2026-07-01,2026M07,thermal_coal,Australia,131.9,USD/mt,"Coal, Australian"
2026-07-01,2026M07,thermal_coal,South_Africa,96.3,USD/mt,"Coal, South African **"
2026-08-01,2026M08,crude_oil,Brent,90.9,USD/bbl,"Crude oil, Brent"
2026-08-01,2026M08,iron_ore,Global_CFR_China,96.3,USD/dry_mt,"Iron ore, cfr spot"
2026-08-01,2026M08,thermal_coal,Australia,135.2,USD/mt,"Coal, Australian"
2026-08-01,2026M08,thermal_coal,South_Africa,96.8,USD/mt,"Coal, South African **"
